{"type":"FeatureCollection","features":[{"type":"Feature","geometry":{"type":"MultiPolygon","coordinates":[[[[9.0097,37.507],[9.0113,37.5756],[8.9912,37.5976],[8.9476,37.6066],[8.8633,37.5595],[8.8262,37.5241],[8.8148,37.4895],[8.8376,37.4586],[8.8812,37.4495],[8.9778,37.4762],[9.0097,37.507]]],[[[10.1802,37.3446],[10.1741,37.3801],[10.1381,37.4018],[10.0935,37.3969],[10.0662,37.3684],[10.0724,37.3329],[10.1083,37.3112],[10.153,37.3161],[10.1802,37.3446]]],[[[11.1003,35.7873],[11.0785,35.8395],[11.0151,35.8529],[10.9704,35.8253],[10.9492,35.7515],[10.9791,35.7241],[11.0241,35.7219],[11.1003,35.7873]]],[[[11.3528,34.7064],[11.3969,34.7184],[11.4166,34.7517],[11.3886,34.801],[11.3888,34.8375],[11.3417,34.8748],[11.2509,34.8814],[11.2061,34.868],[11.0741,34.725],[10.9497,34.705],[10.9131,34.6587],[10.9363,34.6172],[10.9983,34.5856],[11.063,34.5756],[11.3528,34.7064]]],[[[11.1067,35.4531],[11.1337,35.5042],[11.1244,35.5328],[11.088,35.5615],[11.1003,35.6186],[11.0859,35.653],[11.0103,35.7163],[10.8892,35.7299],[10.8971,35.7961],[10.8569,35.8313],[10.8073,35.8384],[10.7444,35.8173],[10.7047,35.8353],[10.6637,35.917],[10.5971,35.9674],[10.5634,36.0454],[10.5227,36.0802],[10.516,36.1219],[10.5377,36.2403],[10.5938,36.3555],[10.6595,36.3604],[10.8428,36.4217],[11.0677,36.7672],[11.1531,36.8048],[11.1835,36.8491],[11.1889,36.8899],[11.1429,36.9912],[11.119,37.0127],[11.1292,37.0705],[11.0711,37.133],[11.0131,37.1341],[10.9376,37.1062],[10.9073,37.1485],[10.837,37.1796],[10.7712,37.1784],[10.7343,37.141],[10.7336,37.1067],[10.7724,37.0743],[10.8567,37.0656],[10.8332,37.0122],[10.6816,36.9303],[10.5837,36.917],[10.5227,36.8662],[10.4929,36.795],[10.3862,36.7737],[10.3535,36.7822],[10.3959,36.8392],[10.4027,36.8989],[10.349,36.9567],[10.2675,36.995],[10.2414,37.0479],[10.2733,37.1273],[10.3741,37.1544],[10.3855,37.1891],[10.3712,37.2139],[10.1267,37.2821],[10.0812,37.3156],[9.9875,37.2947],[9.9421,37.3018],[9.9091,37.3652],[9.88,37.3794],[9.7279,37.3947],[9.6522,37.3849],[9.586,37.3478],[9.5412,37.3543],[9.4615,37.3183],[9.3713,37.3134],[9.3176,37.2819],[9.271,37.2742],[9.2286,37.2919],[9.1837,37.2812],[9.0813,37.2066],[8.9889,37.1757],[8.8125,37.0229],[8.7835,37.009],[8.7151,37.0228],[8.6294,36.9908],[8.6364,36.8955],[8.6733,36.8309],[8.4131,36.7839],[8.4067,36.768],[8.4618,36.7328],[8.4304,36.6626],[8.1699,36.5258],[8.1679,36.492],[8.3338,36.4564],[8.3577,36.4304],[8.3554,36.3561],[8.3071,36.2436],[8.3171,36.1459],[8.2756,36.0368],[8.2414,35.8277],[8.2577,35.7503],[8.3236,35.6522],[8.337,35.5379],[8.29,35.4026],[8.2944,35.3251],[8.3174,35.2895],[8.4313,35.2417],[8.3137,35.1031],[8.3005,35.0677],[8.2489,34.902],[8.2666,34.7503],[8.2106,34.6812],[8.2365,34.6477],[8.2288,34.6364],[8.0941,34.5301],[7.8315,34.4144],[7.7653,34.2447],[7.6315,34.1991],[7.5175,34.095],[7.4798,33.8939],[7.4849,33.855],[7.553,33.6587],[7.6932,33.4541],[7.725,33.2314],[7.7507,33.2077],[7.872,33.1841],[8.0022,33.1084],[8.0868,33.0943],[8.2829,32.8364],[8.3313,32.5276],[9.0199,32.1049],[9.045,32.0718],[9.4914,30.339],[9.5564,30.228],[9.7796,30.321],[9.8705,30.3368],[9.9439,30.3834],[10.0072,30.4698],[10.0644,30.5063],[10.219,30.7042],[10.272,30.8007],[10.3055,30.895],[10.2753,31.0338],[10.2923,31.0895],[10.2662,31.122],[10.2627,31.1869],[10.2036,31.2838],[10.1339,31.4788],[10.2121,31.5662],[10.2764,31.6726],[10.3887,31.7393],[10.527,31.7409],[10.6349,31.8791],[10.6137,31.9177],[10.6399,31.9448],[10.6334,31.957],[10.6508,31.9749],[10.7214,31.9679],[10.7952,31.9982],[10.8833,32.1235],[11.071,32.227],[11.3561,32.3208],[11.4375,32.3752],[11.4626,32.3689],[11.5466,32.4078],[11.595,32.4543],[11.5934,32.5277],[11.5514,32.581],[11.5066,32.6074],[11.4832,32.6562],[11.5032,32.8445],[11.4954,32.9185],[11.5278,32.9862],[11.526,33.077],[11.582,33.2071],[11.5025,33.2266],[11.3726,33.3071],[11.2291,33.3633],[11.1563,33.4367],[11.1797,33.4949],[11.1725,33.55],[11.0929,33.6632],[11.0454,33.6872],[11.0489,33.722],[11.1088,33.7615],[11.1207,33.7882],[11.097,33.8607],[11.0352,33.8839],[10.954,33.9498],[10.8983,33.9741],[10.8536,33.969],[10.8303,33.9482],[10.7343,33.9411],[10.693,33.9078],[10.6901,33.8197],[10.6394,33.7364],[10.4852,33.7028],[10.4072,33.7307],[10.2044,33.8738],[10.1246,33.9692],[10.0821,34.0723],[10.0996,34.1907],[10.1523,34.2755],[10.2091,34.2952],[10.2666,34.271],[10.3092,34.2832],[10.4826,34.4631],[10.6285,34.507],[10.6972,34.5998],[10.7638,34.6274],[10.7977,34.6873],[10.9246,34.7814],[10.9296,34.8107],[10.9782,34.8744],[10.9842,34.9483],[11.0654,35.0095],[11.0838,35.0582],[11.0808,35.1033],[11.138,35.1215],[11.1577,35.1546],[11.2139,35.1773],[11.2257,35.2035],[11.2041,35.2674],[11.0984,35.3465],[11.1067,35.4531]]]]},"properties":{"id":"Q2017684","names":{"ar":"الحماية الفرنسية في تونس","ast":"Protectoráu francés de Tunicia","be":"Французскі пратэктарат у Тунісе","bn":"তিউনিসিয়ার ফরাসি আশ্রিত অঞ্চল","ca":"Protectorat francès de Tunísia","cs":"Francouzský protektorát Tunisko","da":"Franske protektorat Tunesien","de":"Französisches Protektorat Tunesien","en":"French protectorate of Tunisia","eo":"Franca protektorato de Tunizio","es":"Protectorado francés de Túnez","eu":"Tunisiako Protektoratu Frantsesa","fa":"تونس فرانسه","fi":"Ranskan Tunisia","fr":"Protectorat français de Tunisie","he":"תוניסיה הצרפתית","hy":"Թունիսի ֆրանսիական պրոտեկտորատ","id":"Protektorat Tunisia Prancis","it":"Protettorato francese in Tunisia","ja":"フランス保護領チュニジア","ko":"프랑스 보호령 튀니지","mk":"Француски Протекторат Тунис","mr":"ट्युनिसियाचे फ्रेंच-संरक्षित राज्य","nl":"Frans protectoraat van Tunesië","pl":"Tunezja Francuska","pt":"Protetorado Francês da Tunísia","ro":"Protectoratul francez al Tunisiei","ru":"Французский протекторат Тунис","sh":"Francuski protektorat u Tunisu","sl":"Francoski protektorat v Tuniziji","sr":"Francuski protektorat u Tunisu","sv":"Franska protektoratet Tunisien","te":"ఫ్రెంచి ట్యునీషియా","tr":"Fransız Tunusu","uk":"Французький протекторат у Тунісі","ur":"فرانسیسی محمیہ تونس","vi":"Pháp bảo hộ Tunisia","zh":"法属突尼斯"},"from":1881.3629032258063,"to":1956.217741935484,"wikidata":"Q2017684","adminLevel":2,"source":"OpenHistoricalMap","sourceUrl":"https://www.openhistoricalmap.org"}},{"type":"Feature","geometry":{"type":"Polygon","coordinates":[[[8.642,36.941],[8.6294,36.9908],[8.4384,36.9499],[8.2998,36.9697],[8.2166,37.0004],[7.9656,36.9021],[7.8759,36.8921],[7.8379,36.8999],[7.8436,36.9766],[7.811,37.0125],[7.6481,37.019],[7.6074,37.032],[7.5418,37.0838],[7.4488,37.0944],[7.4067,37.1269],[7.3284,37.1224],[7.225,37.1404],[7.1368,37.1242],[7.1095,37.0956],[7.1293,37.0443],[7.1949,37.0074],[7.1299,36.9641],[7.0878,36.9702],[6.9303,36.9406],[6.8525,36.9987],[6.665,37.0062],[6.5388,37.1217],[6.4765,37.1393],[6.346,37.1231],[6.2217,37.0624],[6.1826,36.9997],[6.1768,36.9543],[5.9557,36.8846],[5.8225,36.8599],[5.772,36.8811],[5.6827,36.8731],[5.5317,36.8028],[5.4748,36.7222],[5.3445,36.6887],[5.2701,36.6941],[5.1504,36.7336],[5.167,36.7772],[5.1374,36.8188],[5.0692,36.8363],[5.028,36.8742],[4.983,36.8764],[4.7791,36.9442],[4.598,36.9362],[4.4516,36.9618],[4.2091,36.9467],[4.151,36.9559],[4.1076,36.9429],[3.966,36.951],[3.8853,36.9735],[3.7182,36.9351],[3.6146,36.8753],[3.4664,36.8219],[3.2172,36.8642],[3.1782,36.846],[3.1573,36.8008],[3.1305,36.8003],[3.0926,36.8397],[3.0334,36.8615],[2.891,36.8577],[2.7882,36.7927],[2.7652,36.7406],[2.5632,36.647],[2.4653,36.6458],[2.4277,36.6817],[2.328,36.6943],[2.0111,36.6179],[1.9098,36.6293],[1.5875,36.5897],[1.4349,36.5875],[1.3323,36.6029],[1.2628,36.558],[1.1799,36.5659],[0.986,36.5152],[0.8996,36.4805],[0.8556,36.4236],[0.7314,36.3863],[0.6461,36.3788],[0.4278,36.2632],[0.307,36.2316],[0.2572,36.1766],[0.1556,36.1328],[0.0753,36.0496],[-0.0137,35.8996],[-0.1142,35.8468],[-0.2393,35.8686],[-0.2478,35.8976],[-0.3057,35.9449],[-0.3754,35.9574],[-0.5129,35.9203],[-0.5391,35.8955],[-0.5542,35.8331],[-0.6049,35.8146],[-0.6439,35.7747],[-0.793,35.8276],[-0.8523,35.819],[-0.8962,35.7775],[-0.9787,35.7711],[-1.0192,35.7353],[-1.0712,35.7193],[-1.0939,35.7643],[-1.1593,35.7674],[-1.1825,35.7471],[-1.1852,35.7105],[-1.1553,35.6831],[-1.1113,35.6807],[-1.2458,35.5969],[-1.2984,35.4382],[-1.4055,35.3578],[-1.4769,35.3765],[-1.5101,35.3701],[-1.5392,35.3315],[-1.6939,35.2364],[-1.7571,35.2143],[-1.7875,35.1836],[-1.8375,35.1778],[-1.9427,35.1312],[-2.0852,35.1309],[-2.1388,35.1568],[-2.2023,35.1458],[-2.2211,35.05],[-2.1938,35.0036],[-2.0612,34.9297],[-2.0163,34.9262],[-1.9797,34.8653],[-1.7695,34.7413],[-1.8711,34.5966],[-1.7507,34.4942],[-1.703,34.4797],[-1.8096,34.3725],[-1.7461,34.2903],[-1.6696,34.0792],[-1.7187,33.8981],[-1.7032,33.7618],[-1.7468,33.7024],[-1.6624,33.6447],[-1.6173,33.5544],[-1.6127,33.5215],[-1.6832,33.3692],[-1.6742,33.238],[-1.6236,33.1966],[-1.5714,33.112],[-1.4995,33.0602],[-1.503,32.9746],[-1.5588,32.9336],[-1.4233,32.7424],[-1.327,32.6989],[-1.032,32.4944],[-1.1232,32.4179],[-1.218,32.3926],[-1.2441,32.3569],[-1.2766,32.2009],[-1.3057,32.1737],[-1.3052,32.1512],[-1.2118,32.1583],[-1.1906,32.1252],[-1.2103,32.0897],[-1.4358,32.0867],[-2.5161,32.1322],[-2.6956,32.0897],[-2.8812,32.0763],[-2.9387,32.0486],[-2.8278,31.7946],[-3.0026,31.7736],[-3.2192,31.7177],[-3.5116,31.6727],[-3.5914,31.6783],[-3.6595,31.6478],[-3.6735,31.3892],[-3.7475,31.3852],[-3.8152,31.3372],[-3.815,31.2205],[-3.8428,31.1702],[-3.8393,31.1528],[-3.8108,31.1429],[-3.7489,31.1802],[-3.7314,31.1763],[-3.6897,31.1256],[-3.6241,31.0865],[-3.6087,31.0309],[-3.5547,30.9559],[-3.6595,30.8371],[-3.6455,30.7113],[-3.8342,30.6275],[-4.002,30.5925],[-4.1557,30.5855],[-4.2745,30.5576],[-4.3724,30.5086],[-4.4842,30.3828],[-4.624,30.285],[-4.8756,30.1802],[-5.1761,29.9775],[-5.2739,29.8866],[-5.4347,29.642],[-5.5395,29.5232],[-5.6373,29.4953],[-5.7212,29.5232],[-5.7562,29.6141],[-6.0008,29.5791],[-6.4131,29.5651],[-6.6996,29.5162],[-6.7835,29.4463],[-6.9582,29.5092],[-7.1469,29.5092],[-7.2588,29.4673],[-7.3496,29.3834],[-7.6195,29.3894],[-7.6536,29.3762],[-8.0363,29.0999],[-8.2505,28.9948],[-8.3835,28.9058],[-8.4304,28.841],[-8.6488,28.7259],[-8.6788,28.6928],[-8.6683,27.3156],[-4.516,24.804],[1.1465,21.1017],[1.1801,20.9953],[1.1453,20.7959],[1.1546,20.7388],[1.2967,20.7335],[1.364,20.6577],[1.5597,20.5975],[1.644,20.5227],[1.6592,20.3975],[1.7781,20.3043],[1.855,20.2948],[1.8914,20.2318],[1.9553,20.2549],[2.0712,20.2133],[2.1613,20.2749],[2.2008,20.2739],[2.3165,20.1802],[2.4004,20.0566],[2.5148,20.0159],[2.946,19.9417],[3.1988,19.8205],[3.2168,19.7941],[3.1994,19.5538],[3.2323,19.4955],[3.2262,19.4692],[3.2608,19.3883],[3.251,19.3655],[3.1929,19.3258],[3.1744,19.2516],[3.1393,19.2219],[3.1041,19.1355],[3.1388,19.096],[3.226,19.0511],[3.3084,18.9817],[3.3587,18.9769],[5.7943,19.4498],[7.4827,20.8726],[11.9009,23.4772],[11.9985,23.515],[11.8924,23.6601],[11.5414,24.2975],[10.7207,24.5523],[10.6774,24.5539],[10.4105,24.4733],[10.2603,24.5766],[10.2422,24.5951],[10.1934,24.7499],[10.0445,24.8296],[10.032,24.8563],[10.0214,25.268],[10.0079,25.3314],[9.4012,26.1134],[9.3778,26.1689],[9.4348,26.272],[9.4776,26.3156],[9.4826,26.3526],[9.8358,26.5042],[9.8546,26.5244],[9.8963,26.6528],[9.8826,26.7018],[9.9106,26.8431],[9.8255,26.9206],[9.7213,27.2919],[9.7563,27.423],[9.8216,27.5057],[9.7939,27.5697],[9.8634,27.6192],[9.9359,27.8669],[9.777,28.2676],[9.8513,28.786],[9.8483,28.9757],[9.8261,29.1285],[9.6677,29.6083],[9.5497,29.8023],[9.2865,30.1171],[9.5564,30.228],[9.4914,30.339],[9.045,32.0718],[9.0199,32.1049],[8.3326,32.5264],[8.2829,32.8364],[8.0868,33.0943],[8.0022,33.1084],[7.872,33.1841],[7.7507,33.2077],[7.725,33.2314],[7.6932,33.4541],[7.553,33.6587],[7.5342,33.7362],[7.4985,33.8],[7.4798,33.8939],[7.5175,34.095],[7.6315,34.1991],[7.7653,34.2447],[7.8315,34.4144],[8.0941,34.5301],[8.2365,34.6477],[8.2106,34.6812],[8.2666,34.7503],[8.2489,34.902],[8.3005,35.0677],[8.3137,35.1031],[8.4313,35.2417],[8.3174,35.2895],[8.2944,35.3251],[8.29,35.4026],[8.337,35.5379],[8.3236,35.6522],[8.2577,35.7503],[8.2414,35.8277],[8.2756,36.0368],[8.3171,36.1459],[8.3071,36.2436],[8.3544,36.3509],[8.3577,36.4304],[8.3492,36.4488],[8.2956,36.4687],[8.1679,36.4914],[8.1699,36.5258],[8.4304,36.6626],[8.4618,36.7328],[8.4067,36.768],[8.4131,36.7839],[8.6733,36.8309],[8.6364,36.8955],[8.642,36.941]]]},"properties":{"id":"Q218272","names":{"ar":"الجزائر (المستعمرة الفرنسية)","be":"Французскі Алжыр","bg":"Френски Алжир","ca":"Algèria francesa","cy":"Algeria Ffrengig","da":"Fransk Algeriet","de":"Französisch-Algerien","el":"Γαλλική Αλγερία","en":"French Algeria","eo":"Franca Alĝerio","es":"Argelia francesa","eu":"Aljeria Frantsesa","fa":"الجزایر فرانسه","fi":"Ranskan Algeria","fr":"Algérie française","ga":"Ailgéir Fhrancach","gpe":"French Algeria","ha":"Aljeriya ta Faransa","he":"אלג'יריה הצרפתית","id":"Aljazair Prancis","it":"Algeria francese","ja":"フランス領アルジェリア","kk":"Француздық Алжир","ko":"프랑스령 알제리","lt":"Prancūzijos Alžyras","lv":"Franču Alžīrija","mk":"Француски Алжир","ms":"Algeria Perancis","nb":"Fransk Algerie","nl":"Frans-Algerije","no":"Fransk Algerie","pl":"Algieria Francuska","ps":"فرانسوي الجزاير","pt":"Argélia francesa","ro":"Algeria franceză","ru":"Французский Алжир","sh":"Francuski Alžir","sr":"Француски Алжир","sv":"Franska Algeriet","te":"ఫ్రెంచి అల్జీరియా","th":"แอลจีเรียของฝรั่งเศส","tr":"Fransız Cezayiri","uk":"Французький Алжир","ur":"فرانسیسی الجزائر","vi":"Algérie thuộc Pháp","zh":"法属阿尔及利亚"},"from":1890,"to":1962.510752688172,"wikidata":"Q218272","adminLevel":2,"source":"OpenHistoricalMap","sourceUrl":"https://www.openhistoricalmap.org"}},{"type":"Feature","geometry":{"type":"MultiPolygon","coordinates":[[[[29.76,45.1861],[29.6913,45.192],[29.6592,45.2499],[29.6785,45.2684],[29.6562,45.3332],[29.5058,45.4528],[29.3656,45.4361],[29.3294,45.4479],[29.2862,45.4261],[29.246,45.434],[29.1478,45.387],[29.0819,45.3863],[28.9794,45.3489],[28.9444,45.2801],[28.7964,45.3335],[28.7817,45.3279],[28.8026,45.3139],[28.7998,45.2987],[28.7545,45.2876],[28.7614,45.2644],[28.794,45.2429],[28.7184,45.2236],[28.5602,45.2495],[28.3391,45.3261],[28.2858,45.3941],[28.2749,45.4481],[28.1903,45.4728],[28.1569,45.5088],[28.1665,45.5286],[28.1553,45.5664],[28.1202,45.5728],[28.0903,45.6011],[28.112,45.6237],[28.1443,45.6214],[28.1714,45.6404],[28.1661,45.7358],[28.1442,45.7603],[28.1551,45.7783],[28.1158,45.7908],[28.1056,45.8442],[28.1295,45.8841],[28.1149,45.8935],[28.1257,45.9225],[28.088,46.0223],[28.1026,46.0506],[28.0903,46.0683],[28.1326,46.1282],[28.1254,46.1467],[28.1427,46.1765],[28.1203,46.2124],[28.1155,46.2027],[28.1098,46.242],[28.1466,46.2518],[28.1279,46.2603],[28.1433,46.2864],[28.1777,46.2866],[28.2061,46.3158],[28.183,46.3528],[28.2047,46.3569],[28.2166,46.3913],[28.2373,46.3912],[28.2303,46.4144],[28.2528,46.4217],[28.2586,46.4427],[28.2108,46.5082],[28.2274,46.5221],[28.2153,46.5362],[28.2334,46.5615],[28.2236,46.5803],[28.2503,46.604],[28.2401,46.6692],[28.2125,46.6835],[28.1662,46.7889],[28.116,46.8206],[28.1096,46.8413],[28.1263,46.8521],[28.0989,46.8697],[28.111,46.8955],[28.0832,46.9036],[28.1109,46.9192],[28.0826,46.9354],[28.0983,46.9488],[28.0795,46.9608],[28.0944,46.9752],[28.0464,47.003],[28.0401,47.025],[27.9446,47.0499],[27.9536,47.0545],[27.8678,47.1082],[27.828,47.1199],[27.8464,47.1332],[27.7824,47.1415],[27.8068,47.1594],[27.8037,47.1883],[27.7791,47.2038],[27.7747,47.231],[27.7489,47.2392],[27.7568,47.2559],[27.7296,47.2941],[27.6873,47.2846],[27.6805,47.3053],[27.6383,47.3021],[27.6261,47.3216],[27.5902,47.3278],[27.6098,47.3354],[27.6011,47.3664],[27.5731,47.3727],[27.57,47.3937],[27.5855,47.4064],[27.5534,47.4302],[27.5742,47.4575],[27.5415,47.4832],[27.5154,47.474],[27.5151,47.4853],[27.4719,47.4904],[27.4576,47.5037],[27.4629,47.5234],[27.4449,47.5298],[27.4561,47.5337],[27.4219,47.5632],[27.4269,47.5789],[27.3715,47.5984],[27.2779,47.6849],[27.256,47.7259],[27.2856,47.723],[27.2939,47.7457],[27.215,47.82],[27.238,47.8376],[27.195,47.8482],[27.2172,47.8528],[27.1973,47.8774],[27.2054,47.8988],[27.1438,47.9148],[27.1807,47.9478],[27.1492,47.9598],[27.1662,47.9952],[27.1225,47.9954],[27.1198,48.0156],[27.0984,48.0068],[27.1085,48.0289],[27.0316,48.0857],[27.0294,48.1348],[27.0023,48.1219],[26.9572,48.1346],[26.9593,48.1518],[26.9908,48.1482],[26.9379,48.1625],[26.9394,48.1978],[26.9,48.1827],[26.8944,48.201],[26.8474,48.2331],[26.829,48.2294],[26.8123,48.2515],[26.7385,48.2445],[26.7413,48.2547],[26.7197,48.2469],[26.6948,48.2621],[26.667,48.2463],[26.6357,48.2621],[26.6197,48.2401],[26.5798,48.243],[26.5481,48.2152],[26.4718,48.2194],[26.4384,48.1944],[26.3803,48.197],[26.3448,48.182],[26.2983,48.1872],[26.2794,48.211],[26.2181,48.2068],[26.1838,48.2258],[26.1851,48.2472],[26.1636,48.2518],[26.0452,48.1748],[26.0535,48.1369],[26.0816,48.1213],[26.0721,48.0928],[26.1001,48.0774],[26.1394,47.9654],[26.2216,47.9012],[26.1937,47.888],[26.1818,47.9223],[26.1019,47.9566],[26.0825,47.9194],[26.1669,47.8282],[26.2322,47.8014],[26.2648,47.7154],[26.2485,47.6809],[26.2691,47.6566],[26.3171,47.6392],[26.3476,47.6036],[26.4533,47.5977],[26.4837,47.564],[26.4072,47.5579],[26.3798,47.5358],[26.3582,47.5385],[26.3495,47.5576],[26.3364,47.5331],[26.2965,47.5503],[26.2731,47.4995],[26.2194,47.5572],[26.179,47.5673],[26.1113,47.5133],[26.1492,47.4688],[26.111,47.4613],[26.056,47.4853],[26.0124,47.4605],[25.8659,47.4588],[25.8409,47.44],[25.8624,47.3768],[25.8265,47.3531],[25.8312,47.3343],[25.8158,47.3193],[25.7339,47.3075],[25.6837,47.3296],[25.663,47.3814],[25.622,47.387],[25.6234,47.4324],[25.5738,47.4534],[25.545,47.435],[25.5516,47.4086],[25.4839,47.3923],[25.432,47.3461],[25.4006,47.3418],[25.3536,47.2888],[25.2637,47.2728],[25.2006,47.2111],[25.2977,47.1601],[25.4224,47.1825],[25.4466,47.1532],[25.474,47.1539],[25.5593,47.1106],[25.5882,47.1085],[25.6009,47.1323],[25.6596,47.0923],[25.7362,47.0739],[25.8017,46.9674],[25.8307,46.9695],[25.8623,46.924],[25.9425,46.8669],[25.9636,46.8736],[25.9979,46.7917],[26.0656,46.7239],[26.108,46.7094],[26.1595,46.6415],[26.1639,46.6009],[26.1293,46.5612],[26.0575,46.5291],[26.0812,46.5112],[26.0747,46.4854],[26.1118,46.4691],[26.1048,46.4458],[26.1291,46.4355],[26.2232,46.4476],[26.2056,46.4247],[26.2134,46.4128],[26.237,46.392],[26.2692,46.3977],[26.2675,46.3772],[26.2934,46.3706],[26.2884,46.3236],[26.2532,46.2778],[26.2615,46.2476],[26.3236,46.2381],[26.3408,46.2009],[26.421,46.1925],[26.4016,46.1553],[26.4461,46.1603],[26.4981,46.1228],[26.4919,46.0223],[26.4567,45.9857],[26.4654,45.9404],[26.4427,45.8874],[26.3809,45.8375],[26.4507,45.7973],[26.4067,45.737],[26.4189,45.6993],[26.467,45.6658],[26.4534,45.653],[26.3529,45.6416],[26.3355,45.5916],[26.3096,45.6028],[26.281,45.5853],[26.2426,45.626],[26.1875,45.6085],[26.172,45.562],[26.1447,45.5829],[26.0648,45.4852],[26.0412,45.4784],[25.9955,45.5146],[25.9242,45.5227],[25.89,45.485],[25.8895,45.4477],[25.868,45.424],[25.8232,45.4312],[25.7863,45.4772],[25.7241,45.4628],[25.6735,45.5227],[25.6405,45.5322],[25.6234,45.4961],[25.5947,45.5119],[25.5091,45.499],[25.5065,45.4751],[25.4107,45.4291],[25.4052,45.3882],[25.3216,45.381],[25.314,45.4308],[25.2728,45.434],[25.2416,45.4737],[25.2376,45.5149],[25.1985,45.5227],[25.1113,45.5824],[24.9613,45.5945],[24.9431,45.5826],[24.845,45.5936],[24.8172,45.6103],[24.6365,45.6041],[24.5742,45.58],[24.3825,45.5837],[24.2377,45.5474],[24.1734,45.5158],[23.9826,45.5339],[23.9895,45.4939],[23.9403,45.4977],[23.9284,45.4584],[23.8177,45.4765],[23.7471,45.4329],[23.7042,45.4258],[23.6933,45.465],[23.7074,45.5086],[23.6592,45.5118],[23.6459,45.5272],[23.5804,45.5144],[23.6006,45.4779],[23.5799,45.4301],[23.5973,45.4182],[23.6036,45.3802],[23.588,45.3558],[23.4952,45.3169],[23.4239,45.3096],[23.406,45.3339],[23.353,45.339],[23.3188,45.3033],[23.2418,45.3077],[23.1379,45.2818],[23.0954,45.2921],[22.8746,45.265],[22.8279,45.2823],[22.7785,45.2612],[22.7032,45.2571],[22.6039,45.2151],[22.5589,45.1549],[22.6523,45.1227],[22.6553,45.1028],[22.506,44.9836],[22.4856,44.8859],[22.4248,44.7909],[22.4296,44.7592],[22.5638,44.6455],[22.6212,44.6141],[22.6938,44.6118],[22.7637,44.5474],[22.6948,44.5185],[22.6351,44.5496],[22.5884,44.5518],[22.5633,44.5338],[22.5391,44.4799],[22.4574,44.4766],[22.5293,44.3373],[22.5679,44.3046],[22.6731,44.2837],[22.6847,44.2584],[22.6716,44.2224],[22.6877,44.2076],[22.7578,44.1934],[22.9242,44.1005],[22.993,44.0983],[23.043,44.0746],[23.0062,44.0115],[22.8798,43.9832],[22.8406,43.8939],[22.85,43.8529],[22.8694,43.8373],[22.9676,43.81],[23.0649,43.7962],[23.2678,43.846],[23.4139,43.8532],[23.6073,43.7916],[23.778,43.8003],[23.8439,43.7611],[23.9786,43.7426],[24.1653,43.6828],[24.3414,43.6957],[24.5125,43.7618],[24.6114,43.7447],[24.7409,43.6836],[24.8147,43.7118],[24.9658,43.722],[25.1058,43.6837],[25.1898,43.6973],[25.3944,43.6184],[25.78,43.7088],[25.8064,43.7427],[25.8692,43.77],[25.9535,43.8595],[26.0643,43.9102],[26.1072,43.9698],[26.1442,43.9833],[26.1971,43.9846],[26.3183,44.0292],[26.6874,44.0576],[26.9169,44.1385],[27.0664,44.1489],[27.2103,44.1169],[27.2702,44.1284],[27.2907,44.077],[27.3537,44.0593],[27.3994,44.0122],[27.4689,44.0225],[27.612,44.0122],[27.6436,44.048],[27.6736,44.0298],[27.7101,43.9593],[27.7323,43.9539],[27.8408,43.9662],[27.9197,44.0059],[27.9444,43.9848],[27.9943,43.8429],[28.2283,43.761],[28.4463,43.7337],[28.6288,43.7389],[28.6535,43.7912],[28.6444,43.8217],[28.6625,43.8793],[28.7207,43.9847],[28.7012,44.0511],[28.7389,44.0698],[28.7606,44.1018],[28.6758,44.255],[28.6771,44.2843],[28.7388,44.2994],[28.7534,44.3517],[28.9,44.489],[29.0129,44.6348],[29.1186,44.7196],[29.2577,44.76],[29.4113,44.7754],[29.4477,44.7419],[29.5179,44.7354],[29.612,44.7829],[29.6682,44.8538],[29.7052,45.0872],[29.7631,45.1517],[29.76,45.1861]]],[[[30.1773,45.2914],[30.1493,45.2649],[30.1636,45.2293],[30.2149,45.2172],[30.2568,45.2412],[30.2598,45.2695],[30.2396,45.2893],[30.1773,45.2914]]]]},"properties":{"id":"Q218","names":{"als":"Königreich Rumänien","ar":"مملكة رومانيا","ast":"Reinu de Rumanía","az":"Rumıniya krallığı","ba":"Румыния короллеге","be":"Каралеўства Румынія","bg":"Кралство Румъния","ca":"Regne de Romania","cs":"Rumunské království","da":"Kongeriget Rumænien","de":"Königreich Rumänien","el":"Βασίλειο της Ρουμανίας","en":"Romania","eo":"Reĝlando Rumanio","es":"Reino de Rumania","et":"Rumeenia Kuningriik","eu":"Errumaniako Erresuma","fa":"پادشاهی رومانی","fi":"Romanian kuningaskunta","fr":"Royaume de Roumanie","ga":"Ríocht na Rómáine","gd":"Rìoghachd Romàinia","gl":"Reino de Romanía","he":"ממלכת רומניה","hr":"Kraljevina Rumunjska","hu":"Román Királyság","hy":"Ռումինիայի թագավորություն","id":"Kerajaan Rumania","io":"Rejio Rumania","it":"Regno di Romania","ja":"ルーマニア王国","ka":"რუმინეთის სამეფო","kcg":"A̱byintyok Romaniya","ko":"루마니아 왕국","ku":"Keyaniya Romanyayê","lij":"Regno de Romania","lt":"Rumunijos karalystė","lv":"Rumānijas Karaliste","mk":"Кралство Романија","ms":"Kerajaan Beraja Romania","nb":"Kongedømmet Romania","nl":"Koninkrijk Roemenië","nn":"Kongedømet Romania","no":"Kongedømmet Romania","pl":"Królestwo Rumunii","ps":"د رومانیا پاچاهي","pt":"Reino da Romênia","ro":"Regatul României","ru":"Королевство Румыния","sc":"Regnu de Romania","sh":"Kraljevina Rumunija","sk":"Rumunské kráľovstvo","sq":"Mbretëria e Rumanisë","sr":"Краљевина Румунија","sv":"Kungariket Rumänien","te":"రొమేనియా రాజ్యం","th":"ราชอาณาจักรโรมาเนีย","tr":"Romanya Krallığı","uk":"Румунське королівство","ur":"مملکت رومانیہ","vi":"Vương quốc România","zh":"羅馬尼亞王國"},"from":1881.2016129032259,"to":1913.6586021505377,"wikidata":"Q218","adminLevel":2,"source":"OpenHistoricalMap","sourceUrl":"https://www.openhistoricalmap.org"}},{"type":"Feature","geometry":{"type":"MultiPolygon","coordinates":[[[[7.9561,54.1337],[8.0059,54.1819],[8.0007,54.2086],[7.9705,54.2316],[7.842,54.2397],[7.7998,54.2244],[7.7794,54.198],[7.7914,54.1651],[7.8411,54.1274],[7.9047,54.1187],[7.9561,54.1337]]],[[[8.6694,47.6849],[8.7149,47.6895],[8.6985,47.715],[8.6703,47.7112],[8.6694,47.6849]]],[[[8.6437,47.7584],[8.6522,47.7575],[8.653,47.7649],[8.6437,47.7584]]],[[[8.4977,54.3698],[8.4939,54.2909],[8.5245,54.2393],[8.535,54.1691],[8.5067,54.1025],[8.5167,54.0122],[8.3634,54.0286],[8.2991,54.0131],[8.2594,53.9642],[8.2811,53.9127],[8.2288,53.8829],[8.2108,53.8287],[8.0784,53.8173],[7.8659,53.8462],[7.6831,53.8352],[7.3272,53.7801],[7.1811,53.7756],[7.059,53.7414],[6.8143,53.7156],[6.724,53.6687],[6.5982,53.6473],[6.556,53.6129],[6.5512,53.5827],[6.6155,53.5374],[6.7262,53.4869],[6.8804,53.4484],[6.8924,53.4392],[6.8968,53.3646],[6.9245,53.3396],[7.0479,53.3071],[7.1918,53.315],[7.2192,53.2059],[7.208,53.1885],[7.2276,53.1803],[7.1909,53.1619],[7.1806,53.1293],[7.2027,53.1129],[7.213,53.0109],[7.1815,52.9416],[7.0873,52.85],[7.0548,52.6445],[7.0421,52.6329],[6.792,52.6538],[6.7101,52.6279],[6.7271,52.6152],[6.7256,52.5851],[6.7667,52.5635],[6.6895,52.5521],[6.7053,52.521],[6.6975,52.4863],[6.7746,52.4596],[6.9417,52.4354],[6.9848,52.4686],[7.0722,52.3736],[7.026,52.2835],[7.0658,52.2412],[7.0556,52.2329],[6.985,52.225],[6.9529,52.1824],[6.8805,52.156],[6.8629,52.1251],[6.7631,52.1188],[6.7509,52.085],[6.6962,52.0702],[6.6879,52.0399],[6.8266,51.9935],[6.8285,51.9641],[6.7988,51.9587],[6.77,51.9162],[6.722,51.8961],[6.6688,51.9139],[6.4654,51.8549],[6.394,51.8727],[6.387,51.8653],[6.4077,51.8544],[6.4017,51.8273],[6.3126,51.8502],[6.2764,51.8746],[6.208,51.8686],[6.1599,51.9048],[6.1092,51.896],[6.1633,51.8626],[6.1666,51.8407],[6.0624,51.8635],[6.0327,51.8424],[5.9419,51.8342],[5.9238,51.8188],[5.9896,51.7823],[5.9921,51.7703],[5.9523,51.7427],[6.0295,51.7255],[6.0303,51.6798],[6.1169,51.6565],[6.0944,51.6152],[6.2074,51.5193],[6.2236,51.475],[6.2053,51.3995],[6.2267,51.4003],[6.2244,51.365],[6.1686,51.333],[6.1245,51.2747],[6.0727,51.2426],[6.0833,51.2275],[6.0681,51.221],[6.0877,51.1709],[6.1611,51.1929],[6.1808,51.1864],[6.1473,51.1759],[6.1714,51.1601],[6.0045,51.087],[5.9678,51.0444],[5.9465,51.0367],[5.9068,51.0626],[5.867,51.0456],[5.9055,51.0022],[5.8938,50.9811],[5.9046,50.9745],[6.0174,50.9834],[6.0182,50.9347],[6.0937,50.9212],[6.0768,50.8965],[6.0866,50.8696],[6.0742,50.8467],[6.028,50.8477],[6.021,50.8121],[5.9769,50.8035],[6.0278,50.7736],[5.9964,50.708],[5.956,50.6843],[5.9978,50.6495],[6.0045,50.6226],[6.0586,50.5977],[6.0998,50.5972],[6.1386,50.5476],[6.1012,50.521],[6.0045,50.496],[6.0181,50.4481],[5.9723,50.4437],[5.9873,50.3857],[6.031,50.3694],[5.9802,50.3298],[6.0174,50.3001],[6.0124,50.206],[6.0331,50.2014],[6.026,50.1834],[6.042,50.1589],[6.1195,50.1635],[6.1329,50.0943],[6.1127,50.0613],[6.1521,49.9918],[6.1712,49.9853],[6.1679,49.966],[6.2214,49.9501],[6.2179,49.9239],[6.2401,49.8962],[6.3128,49.8682],[6.3284,49.8359],[6.3628,49.8508],[6.4325,49.8107],[6.4701,49.8222],[6.5276,49.8029],[6.5102,49.793],[6.5173,49.7687],[6.502,49.7463],[6.517,49.724],[6.4968,49.7267],[6.4962,49.7103],[6.4265,49.6659],[6.4371,49.6504],[6.422,49.6234],[6.3614,49.5769],[6.381,49.5535],[6.3573,49.5332],[6.3681,49.4625],[6.296,49.4805],[6.2783,49.5034],[6.2396,49.514],[6.1573,49.504],[6.0923,49.4531],[6.0537,49.4642],[6.0388,49.4485],[5.9869,49.4527],[5.9708,49.4914],[5.8995,49.4973],[5.8973,49.4804],[5.9374,49.4681],[5.9398,49.4355],[5.9185,49.4152],[5.9348,49.379],[5.9251,49.3734],[5.9797,49.3445],[5.9419,49.341],[6.0051,49.3043],[6.016,49.2557],[6.037,49.251],[5.9797,49.2044],[5.9855,49.1845],[6.0263,49.1678],[5.9827,49.1443],[6.0057,49.1135],[5.9315,49.1095],[5.9278,49.0903],[5.9592,49.0467],[6.0457,49.0142],[6.0457,48.9883],[6.0292,48.9904],[6.0396,48.9824],[6.0737,48.9811],[6.0813,48.963],[6.1171,48.9678],[6.1321,48.9346],[6.1723,48.9444],[6.3116,48.9207],[6.3252,48.9044],[6.2977,48.8817],[6.3122,48.8657],[6.2866,48.8466],[6.3377,48.8338],[6.305,48.827],[6.3575,48.8107],[6.3469,48.8069],[6.3551,48.7816],[6.3952,48.7746],[6.4291,48.7873],[6.4512,48.7681],[6.5559,48.7528],[6.5993,48.7153],[6.6657,48.7037],[6.6711,48.673],[6.7608,48.6698],[6.7834,48.642],[6.8265,48.6458],[6.8536,48.6216],[6.9059,48.6201],[6.93,48.6352],[6.9612,48.6083],[7.0102,48.6116],[6.9961,48.5967],[7.0839,48.5453],[7.0604,48.5399],[7.0749,48.5375],[7.0773,48.5163],[7.1272,48.5098],[7.1324,48.5013],[7.091,48.4981],[7.119,48.4738],[7.0855,48.3981],[7.1093,48.3787],[7.083,48.3563],[7.1236,48.3332],[7.1764,48.3401],[7.1955,48.3048],[7.1387,48.2538],[7.0628,48.1487],[7.0815,48.1298],[7.077,48.1088],[7.0357,48.0774],[7.0004,48.0213],[6.9463,48.0008],[6.9234,47.9528],[6.9263,47.9069],[6.9002,47.8911],[6.9197,47.8495],[6.8429,47.8124],[6.8654,47.7841],[6.9403,47.7721],[7.0309,47.7275],[7.0275,47.707],[7.0491,47.683],[7.0385,47.6501],[7.012,47.6394],[7.0055,47.6018],[7.0803,47.596],[7.1408,47.5267],[7.1302,47.5029],[7.1953,47.4935],[7.1724,47.4463],[7.2455,47.4247],[7.3937,47.435],[7.455,47.4706],[7.429,47.4911],[7.4809,47.4811],[7.5111,47.497],[7.5009,47.5148],[7.5297,47.5252],[7.4992,47.5401],[7.5665,47.5777],[7.6164,47.5778],[7.6444,47.5958],[7.6883,47.5986],[7.6721,47.5852],[7.687,47.5683],[7.634,47.5612],[7.695,47.5325],[7.7956,47.5576],[7.8225,47.588],[7.8949,47.5856],[7.9253,47.5468],[8.087,47.5574],[8.1067,47.5808],[8.2078,47.6212],[8.2233,47.6081],[8.2876,47.6106],[8.3201,47.5754],[8.381,47.566],[8.4919,47.5805],[8.4581,47.597],[8.5157,47.6336],[8.5744,47.6123],[8.5736,47.5967],[8.6025,47.6101],[8.603,47.6486],[8.6251,47.6431],[8.6037,47.6725],[8.4679,47.6409],[8.4078,47.6716],[8.4077,47.6956],[8.489,47.7732],[8.5773,47.7817],[8.562,47.7926],[8.5731,47.8061],[8.6202,47.7957],[8.6268,47.7608],[8.6529,47.7734],[8.6542,47.8001],[8.6796,47.7868],[8.689,47.7582],[8.7283,47.7613],[8.7364,47.7541],[8.713,47.7344],[8.7355,47.7172],[8.7272,47.6989],[8.7924,47.675],[8.7981,47.7013],[8.7712,47.7145],[8.8023,47.7365],[8.8729,47.6991],[8.8531,47.6872],[8.8959,47.6481],[9.0252,47.6864],[9.1779,47.6548],[9.2562,47.659],[9.4451,47.5948],[9.5147,47.5369],[9.7355,47.5342],[9.7636,47.5865],[9.8031,47.5954],[9.8256,47.574],[9.8163,47.5525],[9.8728,47.5302],[9.8836,47.5473],[9.9242,47.5303],[9.9647,47.5443],[9.995,47.4863],[10.0375,47.4892],[10.0544,47.4661],[10.0954,47.4519],[10.1038,47.4288],[10.0743,47.4153],[10.0998,47.3548],[10.1192,47.3756],[10.1657,47.3688],[10.1692,47.3858],[10.2363,47.3818],[10.1995,47.3265],[10.2163,47.3122],[10.1721,47.2791],[10.2319,47.2707],[10.3391,47.3104],[10.3892,47.3704],[10.4308,47.3838],[10.471,47.4319],[10.4667,47.4743],[10.4315,47.5028],[10.4544,47.5558],[10.5681,47.5337],[10.5972,47.5695],[10.6912,47.5588],[10.6948,47.5447],[10.7577,47.5345],[10.7752,47.5158],[10.8865,47.5368],[10.9182,47.5178],[10.8711,47.4992],[10.8696,47.4837],[10.9383,47.4801],[10.9278,47.4719],[10.9834,47.4306],[10.9693,47.4004],[11.111,47.3958],[11.2067,47.4337],[11.249,47.4325],[11.2234,47.3994],[11.2728,47.3979],[11.3381,47.4511],[11.4206,47.4452],[11.3849,47.4741],[11.4359,47.5153],[11.5739,47.5142],[11.6062,47.5819],[11.6326,47.5806],[11.6337,47.5927],[11.8474,47.5824],[11.855,47.6023],[12.0093,47.6242],[12.0192,47.6122],[12.2066,47.6087],[12.1634,47.6961],[12.2271,47.718],[12.2501,47.7413],[12.2649,47.7332],[12.2437,47.7061],[12.2549,47.6802],[12.3375,47.6971],[12.3639,47.6841],[12.4396,47.6952],[12.4391,47.6765],[12.4994,47.6251],[12.5751,47.6325],[12.6058,47.6739],[12.7843,47.672],[12.7592,47.6537],[12.8248,47.6116],[12.7807,47.581],[12.7975,47.5539],[12.847,47.5463],[12.9208,47.4934],[12.9948,47.478],[13.0032,47.4641],[13.0475,47.4922],[13.0325,47.5309],[13.0578,47.561],[13.0415,47.5763],[13.07,47.5861],[13.0629,47.6],[13.0981,47.6423],[13.0737,47.6917],[13.018,47.723],[12.9668,47.7076],[12.9104,47.7209],[12.9449,47.7644],[12.9386,47.7836],[13.0014,47.8543],[12.9391,47.9423],[12.8757,47.963],[12.8573,48.0092],[12.7699,48.0668],[12.7487,48.1067],[12.7652,48.1286],[12.782,48.1237],[12.802,48.1485],[12.8273,48.1522],[12.8725,48.2018],[12.9569,48.2096],[13.0167,48.2555],[13.0808,48.2777],[13.2554,48.2937],[13.4092,48.3735],[13.4572,48.5115],[13.4365,48.5526],[13.45,48.5639],[13.4754,48.5562],[13.5109,48.5911],[13.7271,48.513],[13.7549,48.5643],[13.8021,48.5744],[13.8244,48.6184],[13.8135,48.6834],[13.8334,48.6919],[13.8012,48.7099],[13.8396,48.7716],[13.8085,48.7785],[13.8152,48.7971],[13.7646,48.8344],[13.7315,48.8867],[13.6714,48.8801],[13.5869,48.9661],[13.5115,48.969],[13.5008,48.9418],[13.4074,48.9847],[13.3977,49.0497],[13.2924,49.1166],[13.2293,49.1158],[13.1802,49.1367],[13.1725,49.172],[13.0284,49.2733],[13.0291,49.3043],[12.95,49.3429],[12.8888,49.3509],[12.8769,49.3325],[12.7879,49.3449],[12.7476,49.4009],[12.6574,49.4343],[12.6356,49.4797],[12.6419,49.5257],[12.5917,49.5366],[12.5592,49.6119],[12.5224,49.6313],[12.5228,49.6809],[12.4473,49.7021],[12.4006,49.7549],[12.4671,49.7857],[12.475,49.8353],[12.5491,49.9004],[12.5477,49.9205],[12.4735,49.9406],[12.492,49.9789],[12.4641,49.9941],[12.4339,49.9851],[12.4291,50.0022],[12.3288,50.0322],[12.3109,50.0555],[12.2616,50.0581],[12.2731,50.0744],[12.1995,50.1109],[12.1952,50.1432],[12.216,50.1682],[12.1524,50.2291],[12.0906,50.2524],[12.1359,50.2744],[12.1262,50.3062],[12.1068,50.3144],[12.1851,50.3191],[12.2009,50.3091],[12.2018,50.276],[12.2526,50.2706],[12.2654,50.2516],[12.24,50.2482],[12.2908,50.2409],[12.2573,50.2365],[12.2868,50.2253],[12.2794,50.1994],[12.293,50.1755],[12.3335,50.1718],[12.3326,50.2397],[12.3528,50.2374],[12.3613,50.2756],[12.3989,50.2929],[12.4013,50.3228],[12.4909,50.3525],[12.4882,50.3724],[12.5203,50.3969],[12.6719,50.4166],[12.7047,50.3986],[12.7413,50.434],[12.7907,50.4481],[12.807,50.4346],[12.8187,50.4595],[12.9473,50.4041],[13.0204,50.4488],[13.0307,50.508],[13.0796,50.5002],[13.1316,50.5185],[13.1957,50.5035],[13.2389,50.5837],[13.2551,50.5952],[13.3209,50.5807],[13.3273,50.6083],[13.3767,50.627],[13.3726,50.6474],[13.4312,50.6104],[13.4699,50.6074],[13.5233,50.6387],[13.5189,50.6596],[13.5427,50.6765],[13.5265,50.7001],[13.545,50.7112],[13.6062,50.7115],[13.6617,50.7313],[13.7007,50.7181],[13.7759,50.7361],[13.8555,50.7272],[13.8993,50.7462],[13.8976,50.7918],[13.9385,50.7899],[13.9894,50.8188],[14.028,50.8048],[14.0785,50.8125],[14.227,50.8632],[14.2349,50.8857],[14.2647,50.8938],[14.3071,50.885],[14.388,50.8992],[14.4005,50.9336],[14.3121,50.9537],[14.3291,50.9816],[14.3196,50.9854],[14.2603,50.9872],[14.2605,51.0074],[14.3042,51.055],[14.4126,51.0188],[14.4594,51.0351],[14.4869,51.0235],[14.5008,51.0467],[14.5071,51.0204],[14.5646,51.0101],[14.6006,50.9795],[14.5634,50.9204],[14.6523,50.9259],[14.6248,50.8569],[14.7058,50.8406],[14.7253,50.8224],[14.7946,50.8203],[14.8287,50.872],[15.0001,50.8685],[15.0056,50.9061],[14.9894,50.9216],[15.0202,50.9663],[15.0078,50.9853],[14.9714,50.989],[14.9841,51.0082],[15.0159,51.0262],[15.0464,51.0117],[15.0626,51.0224],[15.1022,51.0123],[15.1012,50.9938],[15.1323,50.9909],[15.1635,51.0173],[15.1796,50.9834],[15.2358,50.9986],[15.2768,50.9723],[15.2905,50.9504],[15.2714,50.9365],[15.277,50.8946],[15.3092,50.8618],[15.3636,50.8402],[15.3721,50.7833],[15.3941,50.7607],[15.4351,50.8139],[15.4805,50.7908],[15.6754,50.7557],[15.6986,50.7349],[15.8104,50.755],[15.8645,50.6741],[15.9876,50.685],[16.0163,50.6334],[15.9887,50.6165],[16.0167,50.6031],[16.0585,50.6131],[16.064,50.6339],[16.1101,50.6614],[16.1705,50.6453],[16.1814,50.6283],[16.212,50.6322],[16.2337,50.6709],[16.3432,50.6606],[16.4492,50.5731],[16.4066,50.569],[16.4111,50.5488],[16.3563,50.5005],[16.2982,50.5032],[16.2979,50.4835],[16.2318,50.4662],[16.2301,50.4427],[16.2016,50.4446],[16.2153,50.4045],[16.2371,50.4141],[16.2786,50.368],[16.3051,50.3825],[16.3591,50.3798],[16.3621,50.3498],[16.3832,50.3288],[16.4371,50.3205],[16.5458,50.2299],[16.5804,50.1435],[16.6923,50.0984],[16.7801,50.144],[16.81,50.1894],[16.8473,50.2074],[16.8764,50.1984],[16.9048,50.223],[16.9498,50.2213],[16.97,50.2422],[16.9968,50.2168],[17.025,50.2278],[17.0033,50.2531],[17.0181,50.2713],[17.0116,50.2917],[16.9449,50.3183],[16.9091,50.3904],[16.8605,50.4099],[16.9004,50.4489],[16.9712,50.4214],[17.0235,50.4213],[17.0374,50.4057],[17.102,50.4062],[17.1408,50.3822],[17.2038,50.3861],[17.1898,50.3732],[17.2524,50.3302],[17.2936,50.3183],[17.3437,50.3278],[17.3226,50.3153],[17.3453,50.3123],[17.3378,50.2835],[17.3644,50.2573],[17.3631,50.2792],[17.4168,50.291],[17.403,50.2795],[17.4337,50.2533],[17.4905,50.2741],[17.5896,50.2785],[17.6168,50.2668],[17.687,50.3004],[17.6879,50.3221],[17.713,50.3226],[17.7449,50.3004],[17.7258,50.264],[17.7651,50.2364],[17.7585,50.2066],[17.6042,50.1704],[17.607,50.1463],[17.6777,50.1027],[17.6787,50.1174],[17.7458,50.1028],[17.7261,50.0945],[17.757,50.068],[17.7756,50.0224],[17.8649,49.976],[17.9422,49.9678],[17.9299,49.9325],[18.1687,49.8897],[18.2175,49.8321],[18.2364,49.8579],[18.3206,49.8895],[18.3447,49.9447],[18.417,49.9336],[18.4304,49.9443],[18.4311,49.9232],[18.4916,49.9033],[18.5329,49.9002],[18.5397,49.9252],[18.5715,49.9214],[18.6648,49.8833],[18.7279,49.9067],[18.7134,49.938],[18.7762,49.9224],[18.8177,49.9364],[18.9574,49.9206],[19.0315,49.9507],[19.1186,49.9604],[19.1172,50.0025],[19.1498,50.052],[19.226,50.0669],[19.2164,50.0837],[19.2544,50.1335],[19.235,50.1691],[19.1782,50.2057],[19.135,50.2616],[19.0458,50.3009],[19.0562,50.3491],[18.9581,50.3773],[18.9734,50.3839],[18.9685,50.4109],[19.0015,50.4815],[19.0956,50.5134],[19.0846,50.5523],[19.1082,50.5774],[19.0734,50.6155],[19.1093,50.6204],[19.0957,50.6435],[19.0613,50.6347],[19.063,50.6615],[18.9832,50.663],[18.9865,50.6819],[18.8714,50.7612],[18.7655,50.7735],[18.6294,50.8308],[18.6179,50.8585],[18.6544,50.9159],[18.6128,50.9547],[18.616,50.974],[18.4291,51.0236],[18.4465,51.0593],[18.405,51.1223],[18.163,51.1678],[18.1741,51.228],[18.1666,51.2727],[18.146,51.2903],[18.2078,51.4305],[18.1329,51.4801],[18.1363,51.5221],[18.1879,51.5486],[18.1828,51.5769],[18.0986,51.6027],[18.0794,51.6504],[18.117,51.6895],[17.9976,51.7175],[18.0181,51.7331],[17.9884,51.7506],[17.9905,51.7782],[17.9494,51.7859],[18.0156,51.7998],[18.0148,51.8375],[17.8636,51.9735],[17.7862,52.0239],[17.7022,52.0504],[17.6591,52.1143],[17.6653,52.1356],[17.6459,52.1514],[17.6482,52.1719],[17.6907,52.2056],[17.7697,52.2303],[17.7892,52.256],[17.8204,52.2579],[17.8444,52.2854],[17.8409,52.3064],[17.8854,52.3177],[17.8889,52.3657],[17.9345,52.3749],[17.9366,52.4116],[18.1388,52.5057],[18.1991,52.5046],[18.2048,52.4831],[18.2587,52.4814],[18.3437,52.5213],[18.3474,52.5409],[18.4685,52.5362],[18.4845,52.5639],[18.4806,52.6181],[18.4577,52.6421],[18.4698,52.689],[18.5039,52.7064],[18.5002,52.7481],[18.5971,52.7531],[18.6258,52.7828],[18.6113,52.8322],[18.5928,52.8445],[18.6059,52.8723],[18.6345,52.8929],[18.7247,52.8959],[18.7606,52.9178],[18.7671,52.9812],[18.7549,52.99],[18.7859,53.0164],[18.7516,53.0218],[18.8085,53.0673],[18.982,53.0706],[19.0253,53.104],[19.1897,53.1535],[19.3003,53.2153],[19.3278,53.2164],[19.3572,53.1862],[19.4542,53.192],[19.4859,53.1647],[19.5418,53.1752],[19.5527,53.2209],[19.6061,53.2089],[19.5969,53.1887],[19.6502,53.1761],[19.6896,53.1256],[19.7778,53.1551],[19.8409,53.1406],[19.8255,53.1734],[19.9174,53.228],[19.9817,53.1967],[20.027,53.2146],[20.1201,53.1857],[20.1574,53.1573],[20.2679,53.1402],[20.4001,53.1973],[20.4636,53.2509],[20.513,53.3342],[20.5389,53.3486],[20.6628,53.3177],[20.721,53.3258],[20.8249,53.3043],[20.8895,53.2752],[21.2506,53.4199],[21.4311,53.4624],[21.6947,53.4922],[21.8661,53.4594],[21.892,53.467],[21.9311,53.5104],[21.9865,53.5206],[22.0241,53.4958],[22.0508,53.5255],[22.1745,53.5576],[22.2791,53.6208],[22.4673,53.699],[22.515,53.6983],[22.5841,53.7346],[22.6066,53.7168],[22.636,53.7567],[22.7029,53.7672],[22.7244,53.8257],[22.7791,53.8658],[22.7828,53.9155],[22.6935,53.9786],[22.6707,54.0289],[22.6052,54.0512],[22.6037,54.0819],[22.6369,54.1026],[22.5933,54.1447],[22.5706,54.2037],[22.527,54.233],[22.5422,54.2689],[22.6107,54.2599],[22.6426,54.2863],[22.6942,54.2752],[22.7458,54.2913],[22.8056,54.3492],[22.7664,54.3852],[22.736,54.4429],[22.7014,54.4537],[22.6811,54.5248],[22.7123,54.5637],[22.6854,54.59],[22.7508,54.6367],[22.7294,54.6789],[22.7448,54.7302],[22.8595,54.7777],[22.8483,54.7848],[22.8724,54.7885],[22.88,54.8255],[22.8406,54.8689],[22.8473,54.8967],[22.7906,54.9054],[22.7775,54.9252],[22.7561,54.9178],[22.7661,54.9325],[22.678,54.9877],[22.6627,54.9643],[22.6486,54.9666],[22.5975,55.0235],[22.5891,55.0705],[22.6099,55.0914],[22.5383,55.1356],[22.192,55.1528],[22.1871,55.1729],[22.1568,55.175],[22.1961,55.1824],[22.1849,55.194],[22.2129,55.2058],[22.1908,55.2192],[22.0563,55.2287],[21.8624,55.2821],[21.873,55.2911],[21.8623,55.3163],[21.8335,55.3245],[21.7592,55.3129],[21.7575,55.2877],[21.7143,55.2928],[21.6686,55.3555],[21.6067,55.3728],[21.5881,55.4021],[21.6025,55.4271],[21.5593,55.4472],[21.5719,55.4594],[21.5207,55.4975],[21.4967,55.5803],[21.458,55.6091],[21.4089,55.6892],[21.348,55.7398],[21.3704,55.7589],[21.3645,55.7824],[21.2904,55.852],[21.0956,55.8929],[20.9657,55.8972],[20.9693,55.8214],[21.0162,55.6324],[21.0129,55.5778],[20.9692,55.4329],[20.8377,55.2737],[20.5471,55.0535],[20.4313,55.0102],[20.3509,54.9946],[20.2721,55.0132],[20.1348,54.999],[19.9857,55.0181],[19.9098,55.0013],[19.8438,54.9143],[19.8419,54.8584],[19.8746,54.7971],[19.8641,54.7553],[19.7569,54.623],[19.523,54.4714],[19.299,54.4177],[19.0405,54.4015],[18.9318,54.4143],[18.8849,54.4021],[18.7821,54.4231],[18.6594,54.4672],[18.6492,54.5617],[18.6037,54.6568],[18.6448,54.6433],[18.7449,54.5553],[18.8436,54.5429],[18.9061,54.5763],[18.9191,54.6149],[18.8985,54.6557],[18.8157,54.7096],[18.3472,54.8879],[17.9228,54.8825],[17.2432,54.7864],[17.0044,54.7178],[16.8567,54.6452],[16.4762,54.5893],[16.3659,54.5296],[16.2058,54.3927],[16.0583,54.3208],[15.8112,54.2927],[15.4762,54.2219],[15.2408,54.197],[14.6793,54.0706],[14.3455,53.9667],[14.2611,53.9801],[14.0614,54.1001],[13.9714,54.1208],[13.9109,54.1676],[13.9979,54.2083],[14.0135,54.2276],[14.011,54.2607],[13.9887,54.2885],[13.9428,54.3047],[13.8452,54.2948],[13.8636,54.3353],[13.8509,54.365],[13.7419,54.4395],[13.6821,54.4595],[13.7403,54.4829],[13.7701,54.5148],[13.7686,54.5734],[13.7478,54.6001],[13.6573,54.6351],[13.5053,54.6326],[13.5268,54.6739],[13.5057,54.7147],[13.4628,54.7332],[13.3799,54.7368],[13.2317,54.7175],[13.1405,54.6613],[13.0343,54.6314],[13.0075,54.6046],[13.0064,54.5654],[12.9736,54.5106],[12.6678,54.4969],[12.5599,54.5418],[12.4611,54.5285],[12.423,54.5037],[12.378,54.4348],[12.3236,54.401],[12.2723,54.3337],[12.1499,54.2888],[12.0694,54.2384],[11.838,54.1983],[11.6446,54.1975],[11.4908,54.1345],[11.4295,54.0789],[11.3133,54.0352],[11.1665,54.0693],[11.0696,54.0661],[10.9279,54.0314],[10.9133,54.0342],[11.1752,54.1781],[11.1841,54.2401],[11.1664,54.3248],[11.2091,54.3536],[11.3342,54.3497],[11.3969,54.3835],[11.3991,54.436],[11.3132,54.5342],[11.1923,54.5741],[11.0336,54.5879],[10.9341,54.5206],[10.9133,54.4776],[10.916,54.4319],[10.7409,54.3633],[10.639,54.4138],[10.3753,54.4861],[10.2666,54.4911],[10.1894,54.5306],[10.114,54.5404],[10.1294,54.6965],[10.0372,54.8054],[10.1427,54.8435],[10.163,54.8962],[10.1162,54.9763],[9.8198,55.1561],[9.8307,55.2635],[9.6536,55.3631],[9.4625,55.3858],[9.3903,55.3892],[9.3627,55.3718],[9.2883,55.3815],[9.2356,55.398],[9.2233,55.4332],[9.1781,55.4505],[9.074,55.4335],[8.9787,55.4382],[8.8904,55.4085],[8.8979,55.365],[8.8738,55.3663],[8.8992,55.3417],[8.892,55.3231],[8.9261,55.3005],[8.9078,55.2791],[8.6602,55.2763],[8.4742,55.2075],[8.3696,55.2125],[8.388,55.1938],[8.3732,55.119],[8.3063,55.0696],[8.2153,54.9407],[8.1877,54.7826],[8.2152,54.7138],[8.1705,54.6901],[8.1567,54.6599],[8.1965,54.6165],[8.3621,54.5607],[8.3524,54.4568],[8.3662,54.4237],[8.4325,54.3823],[8.4977,54.3698]],[[10.4724,47.5869],[10.4554,47.556],[10.4349,47.5695],[10.4329,47.5816],[10.4724,47.5869]]]]},"properties":{"id":"Q43287","names":{"af":"Duitse Keiserryk","an":"Imperio Alemán","ar":"الرايخ الألماني","az":"Almaniya imperiyası","ba":"Германия империяһы","be":"Германскі рэйх","bg":"Германска империя","bn":"জার্মান সাম্রাজ্য","br":"Impalaeriezh alaman","bs":"Njemačko Carstvo","ca":"Imperi Alemany","ce":"Лоьмсойн шуре","cs":"Německá říše","cy":"Ymerodraeth yr Almaen","da":"Tyske Rige","de":"Deutsches Reich","el":"Γερμανικό Ράιχ","en":"German Reich","eo":"Germana Regno","es":"Reich alemán","et":"Saksa Riik","eu":"Alemaniar Inperioa","fa":"رایش آلمان","fi":"Saksan valtakunta","fr":"Reich allemand","frr":"Sjiisk Keiserrik","fy":"Dútske Ryk","ga":"Impireacht na Gearmáine","gd":"Impireachd na Gearmailte","gl":"Imperio Alemán","he":"הרייך הגרמני","hi":"जर्मन राइख","hr":"Njemačko Carstvo","ht":"Anpi Alman","hu":"Német Birodalom","hy":"Գերմանական կայսրություն","id":"Reich Jerman","io":"Germanian Imperio","is":"Þýska keisaradæmið","it":"Reich tedesco","ja":"ドイツ国","ka":"გერმანიის იმპერია","kk":"Герман рейхі","km":"ចក្រភពអាល្លឺម៉ង់","ko":"독일국","ku":"Împeratoriya Almanî","la":"Imperium Germanicum","lb":"Däitscht Räich","li":"Dütsj Kezerriek","lo":"ຈັກກະວັດເຢຍລະມັນ","lt":"Vokietijos reichas","lv":"Deutsches Reich","mg":"Empira Alemàna","mk":"Германско Царство","mn":"Германы эзэнт гүрэн","mr":"जर्मन साम्राज्य","ms":"Reich Jerman","my":"ဂျာမန် အင်ပါယာ","nb":"Deutsches Reich","nds":"Düütsch Kaiserriek","ne":"जर्मनेली साम्राज्य","nl":"Duitse Rijk","nn":"Det tyske keisardømet","oc":"Empèri Alemand","pdt":"Dietschlendsch Rikj","pl":"Cesarstwo Niemieckie","ps":"جرمن سترواکي","pt":"Reich Alemão","ro":"Reichul German","ru":"Германский рейх","sc":"Impèriu tedescu","si":"ජර්මන් අධිරාජ්‍යය","sk":"Nemecká ríša","sl":"Nemško cesarstvo","sq":"Rajhu Gjerman","sr":"Њемачки рајх","sv":"Tyska riket","sw":"Dola la Ujerumani","ta":"ஜெர்மன் ரெய்க்","te":"జర్మనీ సామ్రాజ్యం","tg":"Имперотурии Олмон","th":"ไรช์เยอรมัน","tk":"German imperiýasy","tl":"Imperyong Aleman","tr":"Alman Reich","tt":"Алман империясе","uk":"Німецька імперія","ur":"جرمن سلطنت","uz":"Germaniya imperiyasi","vi":"Đế quốc Đức","yo":"Ilẹ̀ Ọbalúayé Jẹ́mánì","zh":"德意志国"},"from":1890.5,"to":1918.8602150537633,"wikidata":"Q43287","adminLevel":2,"source":"OpenHistoricalMap","sourceUrl":"https://www.openhistoricalmap.org"}},{"type":"Feature","geometry":{"type":"MultiPolygon","coordinates":[[[[12.3312,67.5732],[12.1891,67.6078],[11.9211,67.5897],[11.7307,67.4981],[11.6687,67.4234],[11.6683,67.3976],[11.6999,67.3644],[11.7768,67.3399],[12.0205,67.3449],[12.0941,67.3752],[12.1263,67.414],[12.3123,67.4377],[12.3862,67.4647],[12.4088,67.4963],[12.4027,67.5354],[12.3312,67.5732]]],[[[19.4204,58.3239],[19.4484,58.3541],[19.4411,58.3909],[19.3384,58.4426],[19.152,58.4663],[19.0836,58.4447],[19.0508,58.4111],[19.052,58.3855],[19.1068,58.3076],[19.1858,58.2718],[19.3468,58.2793],[19.4204,58.3239]]],[[[19.0412,57.6641],[19.1005,57.6783],[19.194,57.7333],[19.2182,57.7774],[19.2774,57.8165],[19.2836,57.866],[19.3499,57.8772],[19.4529,57.928],[19.4701,57.9659],[19.4401,58.0156],[19.3782,58.0451],[19.1833,58.0639],[19.0411,58.0353],[18.9701,57.9934],[18.6749,57.9925],[18.3421,57.8439],[18.2216,57.7035],[18.0464,57.6066],[17.9929,57.5592],[17.988,57.4795],[17.9558,57.4308],[17.9664,57.4051],[18.0051,57.3791],[17.8824,57.3413],[17.8398,57.3034],[17.8361,57.2779],[17.8677,57.2363],[18.0285,57.2022],[18.0225,57.1596],[18.0631,57.1102],[18.0479,57.0629],[18.074,57.029],[18.0596,56.9955],[18.0036,56.9424],[18.0019,56.8926],[18.0796,56.8473],[18.2515,56.8425],[18.3741,56.8779],[18.5044,56.9571],[18.5305,57.0058],[18.4856,57.0509],[18.595,57.0805],[18.6439,57.1226],[18.6525,57.1499],[18.7204,57.1512],[18.79,57.177],[18.8737,57.2556],[18.8768,57.3097],[19.0907,57.3971],[19.1134,57.4491],[19.0777,57.4953],[19.0142,57.5135],[18.9075,57.5143],[18.9358,57.5585],[18.9255,57.6201],[18.9942,57.6314],[19.0412,57.6641]]],[[[12.8153,56.5305],[12.7152,56.5422],[12.4592,56.5071],[12.412,56.4537],[12.438,56.3941],[12.4654,56.3733],[12.3729,56.3608],[12.3336,56.3344],[12.325,56.311],[12.3376,56.2733],[12.3988,56.2298],[12.4255,56.175],[12.6508,56.0463],[12.6604,56.013],[12.6075,55.9407],[12.6068,55.9034],[12.8973,55.6532],[12.8842,55.6094],[12.8063,55.578],[12.7846,55.5541],[12.7778,55.5088],[12.7304,55.4665],[12.6936,55.3952],[12.6893,55.3661],[12.7085,55.3234],[12.7918,55.2923],[12.9583,55.3219],[13.3721,55.272],[13.7324,55.3576],[13.9019,55.3635],[14.0243,55.3152],[14.2231,55.3152],[14.2923,55.345],[14.465,55.4994],[14.4697,55.5738],[14.3956,55.6504],[14.3808,55.7046],[14.3135,55.7416],[14.3494,55.8351],[14.4359,55.8912],[14.5224,55.9051],[14.5853,55.9337],[14.6814,55.924],[14.8987,55.9401],[14.9685,55.982],[14.9765,56.0121],[14.9608,56.0428],[15.1389,56.0712],[15.6284,56.0118],[15.5856,55.9675],[15.5934,55.9161],[15.6613,55.8832],[15.751,55.8863],[15.8081,55.9177],[15.827,55.952],[15.896,55.9825],[16.0324,56.1205],[16.1521,56.2052],[16.181,56.2492],[16.1947,56.3213],[16.2487,56.3733],[16.2544,56.3999],[16.2791,56.3534],[16.2648,56.306],[16.2702,56.1798],[16.3051,56.1429],[16.3698,56.1233],[16.4313,56.1245],[16.5732,56.1868],[16.6888,56.3451],[16.7694,56.5215],[16.831,56.5839],[16.8427,56.6408],[16.8975,56.7496],[16.9492,56.7766],[16.9902,56.8239],[16.9926,56.8674],[17.0187,56.8976],[17.0268,56.9417],[17.1929,57.1497],[17.2058,57.2464],[17.2767,57.2945],[17.2776,57.3212],[17.235,57.3916],[17.1771,57.4237],[17.1062,57.4382],[17.0256,57.4325],[16.9548,57.4072],[16.8434,57.3217],[16.7466,57.3193],[16.821,57.3937],[16.903,57.4426],[16.9163,57.6052],[16.9749,57.6528],[16.9691,57.692],[16.9085,57.728],[16.9385,57.7508],[16.9752,57.8287],[16.957,57.9048],[16.9715,57.9875],[17.0156,58.0242],[17.0274,58.0808],[17.138,58.1267],[17.1891,58.1975],[17.2136,58.3023],[17.1977,58.3359],[17.2266,58.384],[17.1616,58.4594],[17.2391,58.4698],[17.3108,58.5128],[17.4487,58.549],[17.5171,58.6037],[17.6691,58.6179],[17.7359,58.6725],[17.8863,58.6707],[17.9776,58.7058],[18.1072,58.7095],[18.1669,58.7418],[18.1803,58.792],[18.2871,58.8117],[18.3331,58.8499],[18.4457,58.8515],[18.5164,58.8869],[18.6009,58.8886],[18.6925,58.9184],[18.7993,59.0158],[18.959,59.0974],[19.0209,59.1777],[19.277,59.261],[19.3422,59.3372],[19.5165,59.351],[19.589,59.3822],[19.6462,59.4364],[19.6475,59.4738],[19.6898,59.5182],[19.7144,59.582],[19.6641,59.6673],[19.5664,59.6922],[19.5872,59.731],[19.5833,59.7558],[19.4708,59.8333],[19.4094,59.855],[19.2868,59.8663],[19.1925,59.9328],[19.0533,59.9801],[18.987,60.0697],[18.9685,60.1426],[19.0468,60.192],[19.0605,60.2894],[19.0395,60.3148],[18.9678,60.3477],[18.9651,60.4407],[18.9266,60.4767],[18.8388,60.4975],[18.7429,60.4855],[18.6692,60.529],[18.4199,60.6024],[18.3113,60.593],[18.2275,60.547],[18.2207,60.5898],[18.1322,60.6381],[18.1218,60.6678],[18.0684,60.6997],[17.9312,60.7112],[17.8098,60.677],[17.7072,60.7119],[17.6976,60.7507],[17.6717,60.7746],[17.5671,60.8027],[17.4719,60.8548],[17.4595,60.9146],[17.3877,60.9556],[17.4288,60.9935],[17.4368,61.0796],[17.4823,61.1609],[17.4755,61.1905],[17.4403,61.2191],[17.4565,61.2927],[17.4902,61.3455],[17.4489,61.3937],[17.3629,61.4198],[17.358,61.4457],[17.5286,61.4755],[17.6004,61.5143],[17.6131,61.545],[17.6023,61.5709],[17.7003,61.7318],[17.6538,61.7815],[17.5798,61.8005],[17.5873,61.8532],[17.5714,61.8782],[17.6447,61.9038],[17.6805,61.9443],[17.7573,61.9754],[17.7834,62.0113],[17.778,62.0372],[17.7383,62.068],[17.6175,62.0875],[17.6572,62.1155],[17.8011,62.1378],[17.8902,62.2126],[17.8847,62.2383],[17.8495,62.266],[17.6879,62.3053],[17.7117,62.3224],[17.7952,62.3263],[17.86,62.3512],[17.8809,62.375],[17.885,62.4169],[18.1779,62.5657],[18.2958,62.7043],[18.3853,62.7597],[18.5953,62.8259],[18.633,62.8785],[18.7292,62.902],[18.9342,63.0895],[19.1676,63.1508],[19.3098,63.2129],[19.3401,63.2418],[19.3457,63.2794],[19.3863,63.3068],[19.3994,63.3466],[19.636,63.3468],[19.8922,63.41],[19.9838,63.3729],[20.0927,63.3733],[20.1575,63.3974],[20.1839,63.429],[20.1679,63.4652],[20.0924,63.4951],[20.1444,63.5237],[20.1815,63.5831],[20.3468,63.5695],[20.4803,63.5775],[20.5451,63.6014],[20.5863,63.6554],[20.664,63.6733],[20.6817,63.6554],[20.611,63.6259],[20.5958,63.6022],[20.6024,63.5769],[20.6853,63.5344],[20.7939,63.5274],[20.901,63.5498],[21.0495,63.6469],[21.1086,63.7586],[21.1545,63.7939],[21.1552,63.8246],[21.1063,63.861],[20.9879,63.8819],[21.0068,63.9131],[20.9985,63.934],[21.036,63.9577],[21.1129,64.0784],[21.2534,64.1286],[21.2743,64.151],[21.2735,64.1765],[21.3474,64.2277],[21.6293,64.2955],[21.6595,64.3232],[21.652,64.3582],[21.7439,64.4078],[21.7621,64.4372],[21.6877,64.5503],[21.6451,64.5806],[21.636,64.6216],[21.5755,64.6522],[21.4913,64.6624],[21.4909,64.6852],[21.4442,64.7311],[21.4402,64.7669],[21.3814,64.8213],[21.5311,64.9261],[21.5416,64.9506],[21.6853,65.0003],[21.7194,65.0489],[21.8333,65.0733],[21.9422,65.0736],[22.007,65.0963],[22.0306,65.1298],[22.098,65.17],[22.1092,65.2084],[22.0861,65.2411],[22.1095,65.2802],[22.201,65.3061],[22.3198,65.2513],[22.4628,65.2565],[22.6353,65.3436],[22.6777,65.3942],[22.8059,65.4114],[22.8794,65.4394],[22.9546,65.5152],[22.9535,65.5663],[23.1252,65.5661],[23.1808,65.5831],[23.2263,65.6176],[23.3172,65.5995],[23.4388,65.617],[23.486,65.6051],[23.503,65.5874],[23.4084,65.556],[23.3958,65.5121],[23.4469,65.4777],[23.5334,65.4626],[23.6281,65.4687],[23.7048,65.504],[23.8256,65.5045],[23.9043,65.5314],[24.1404,65.5434],[24.1778,65.6607],[24.1648,65.695],[24.1727,65.7251],[24.128,65.7843],[24.1555,65.8159],[24.1222,65.8583],[24.1497,65.8637],[24.0548,65.9479],[24.0553,65.9852],[24.0196,66.0489],[23.9746,66.0728],[23.8893,66.1611],[23.7242,66.2066],[23.6628,66.3165],[23.677,66.3636],[23.6423,66.4363],[23.6524,66.4588],[23.8819,66.5635],[23.8932,66.596],[23.8819,66.6318],[23.9032,66.6863],[23.8917,66.7436],[23.9392,66.7911],[24.004,66.8052],[23.9334,66.8888],[23.8167,66.9755],[23.7203,67.0169],[23.6767,67.0585],[23.6666,67.0979],[23.5813,67.1531],[23.574,67.173],[23.6149,67.214],[23.5967,67.218],[23.6027,67.2603],[23.7354,67.2897],[23.7857,67.3375],[23.7514,67.3462],[23.7652,67.4201],[23.5946,67.4536],[23.4772,67.4438],[23.4313,67.4855],[23.4847,67.543],[23.4734,67.555],[23.5535,67.587],[23.4846,67.7372],[23.4813,67.8646],[23.5325,67.8932],[23.6361,67.9135],[23.6622,67.9504],[23.383,68.0512],[23.3065,68.1456],[23.1656,68.122],[23.1494,68.1394],[23.1552,68.2174],[23.0669,68.2903],[22.9037,68.3366],[22.8083,68.3949],[22.7486,68.3855],[22.6622,68.4274],[22.378,68.4541],[22.3746,68.4662],[22.3031,68.4761],[22.0722,68.477],[21.9192,68.5682],[21.7371,68.5879],[21.7168,68.6192],[21.4636,68.6869],[21.4064,68.7489],[21.3147,68.754],[21.2166,68.8172],[21.0721,68.8694],[20.9057,68.8946],[20.8845,68.9067],[20.8876,68.9271],[20.9343,68.949],[20.9346,68.967],[20.9112,68.9807],[20.7954,69.0112],[20.6755,69.0182],[20.5486,69.06],[20.7173,69.1198],[21.0575,69.0363],[21.1087,69.1039],[21.0556,69.1221],[20.9876,69.1919],[21.0263,69.2319],[21.2788,69.3119],[21.6271,69.2766],[22.1758,68.9563],[22.1919,68.9188],[22.3408,68.8272],[22.3745,68.7167],[22.5354,68.7445],[22.8008,68.6875],[23.046,68.6893],[23.1676,68.6285],[23.4406,68.6922],[23.6735,68.7055],[23.7311,68.7508],[23.7754,68.8189],[23.8715,68.8365],[23.9833,68.8271],[24.0756,68.78],[24.1586,68.7897],[24.153,68.7536],[24.251,68.7271],[24.6084,68.6819],[24.7834,68.6362],[24.8572,68.5622],[24.9032,68.5546],[24.9168,68.605],[25.1164,68.6396],[25.1084,68.678],[25.1249,68.7539],[25.162,68.8012],[25.4035,68.8916],[25.4759,68.9045],[25.545,68.8863],[25.6275,68.893],[25.7239,68.9902],[25.7773,69.0179],[25.751,69.0321],[25.748,69.0603],[25.7244,69.0806],[25.7426,69.1428],[25.694,69.1954],[25.7139,69.2255],[25.7017,69.2492],[25.7406,69.275],[25.741,69.3184],[25.7593,69.3398],[25.8168,69.3597],[25.8206,69.3799],[25.8468,69.3942],[25.8002,69.4193],[25.8349,69.4682],[25.8636,69.4798],[25.8474,69.4919],[25.8769,69.5219],[25.8442,69.5523],[25.9312,69.5709],[25.971,69.6041],[25.954,69.6473],[25.9009,69.658],[25.8986,69.6705],[26.0039,69.7206],[26.1114,69.7308],[26.1818,69.7596],[26.2485,69.8001],[26.2459,69.8174],[26.3804,69.8528],[26.4119,69.8787],[26.4162,69.9038],[26.4845,69.9436],[26.6761,69.9646],[26.7155,69.9453],[26.8487,69.9602],[26.8736,69.9348],[26.9644,69.939],[27.0461,69.9115],[27.2933,69.9526],[27.3033,69.9557],[27.2769,69.9743],[27.2851,69.9826],[27.4347,70.02],[27.526,70.0235],[27.5595,70.0605],[27.6125,70.0746],[27.7438,70.0642],[27.9556,70.0923],[27.9843,70.014],[28.1607,69.921],[28.3451,69.8809],[28.3305,69.8492],[28.4042,69.8184],[29.1339,69.6953],[29.1705,69.639],[29.3365,69.4783],[29.2193,69.3976],[28.8315,69.2244],[28.8303,69.1719],[28.8054,69.1112],[28.8546,69.0766],[29.0414,69.0108],[29.2421,69.113],[29.2487,69.1609],[29.2794,69.1677],[29.3142,69.2344],[29.2772,69.2504],[29.2923,69.2979],[29.3971,69.3237],[29.573,69.3185],[29.6903,69.3616],[29.7238,69.3895],[29.8563,69.4237],[29.9659,69.4058],[30.1163,69.4688],[30.1231,69.5175],[30.1777,69.5388],[30.1879,69.5651],[30.1382,69.6421],[30.0913,69.6428],[30.0859,69.6565],[30.0989,69.661],[30.1517,69.6694],[30.2289,69.6516],[30.4212,69.5883],[30.516,69.5404],[30.8151,69.529],[30.9329,69.5602],[30.9538,69.6305],[30.9238,69.6685],[30.9438,69.6839],[30.8807,69.7113],[30.8887,69.7381],[30.822,69.7878],[30.915,69.8577],[30.5309,69.8922],[30.3335,69.951],[30.1429,69.9508],[30.0224,69.9797],[29.8839,69.9825],[29.8794,69.9941],[30.3485,70.0225],[30.4204,70.0458],[30.5703,70.1479],[30.6538,70.1783],[30.9651,70.1849],[31.1915,70.2345],[31.255,70.2681],[31.2593,70.3136],[31.3587,70.3664],[31.351,70.4165],[31.3002,70.444],[31.1442,70.4701],[31.0631,70.5043],[30.8307,70.5298],[30.8298,70.5696],[30.7644,70.6013],[30.5343,70.6168],[30.3521,70.721],[30.1938,70.7607],[29.9354,70.7728],[29.7714,70.8015],[29.5892,70.7906],[29.5544,70.8244],[29.4535,70.8497],[29.3632,70.9042],[29.1744,70.9359],[28.9583,70.953],[28.7333,70.9329],[28.742,70.9895],[28.6954,71.023],[28.4699,71.0638],[28.454,71.0971],[28.4165,71.1191],[28.2365,71.1585],[27.9067,71.1544],[27.7215,71.1955],[27.5646,71.1942],[27.3129,71.1089],[27.1976,71.1057],[27.0963,71.082],[26.9665,71.0116],[26.9158,70.956],[26.8716,71.0006],[26.8217,71.0199],[26.6081,71.033],[26.3725,70.9817],[26.1096,70.867],[26.0866,70.9138],[26.2459,70.942],[26.3658,70.9826],[26.4149,71.016],[26.4304,71.0768],[26.3599,71.1137],[26.2404,71.1293],[26.1929,71.1653],[26.1025,71.1966],[25.6696,71.2499],[25.1835,71.1982],[25.1195,71.1738],[25.0664,71.1141],[24.9258,71.1646],[24.6357,71.1758],[24.4112,71.1022],[24.3662,71.0446],[24.3475,71.0468],[24.3708,71.1128],[24.2719,71.1566],[24.0844,71.1701],[23.8835,71.1567],[23.8076,71.1374],[23.7472,71.0998],[23.7282,71.0641],[23.6519,71.0173],[23.6468,70.9884],[23.524,70.9641],[23.4739,70.9158],[23.3481,70.936],[23.1666,70.9169],[22.9051,70.941],[22.7172,70.9196],[22.6058,70.8765],[22.6007,70.8511],[22.6404,70.8195],[22.5296,70.7885],[22.3196,70.7864],[22.1836,70.7448],[22.0799,70.7332],[21.8984,70.7358],[21.7799,70.7014],[21.7207,70.6525],[21.729,70.6121],[21.7548,70.587],[21.9139,70.5255],[21.88,70.4977],[21.8749,70.4718],[21.9236,70.4359],[22.0861,70.4074],[22.3063,70.4182],[22.1652,70.3743],[21.946,70.3966],[21.8523,70.4402],[21.7532,70.4591],[21.5462,70.4445],[21.4008,70.4566],[21.2441,70.4231],[21.1469,70.3301],[21.0408,70.3021],[20.9798,70.246],[20.8802,70.2847],[20.7744,70.3013],[20.4767,70.2897],[20.324,70.3611],[20.1441,70.389],[20.017,70.3723],[19.9452,70.3341],[19.7521,70.3652],[19.5308,70.3531],[19.4117,70.3232],[19.3011,70.3615],[19.1657,70.3673],[18.8673,70.2863],[18.6786,70.2926],[18.4895,70.2579],[18.4272,70.224],[18.4205,70.1992],[18.4405,70.1718],[18.3096,70.1428],[18.2614,70.1134],[18.2563,70.087],[18.2859,70.0592],[18.1658,70.0238],[18.1556,69.9893],[18.1963,69.961],[18.0006,69.9782],[17.8716,69.9421],[17.7675,69.8357],[17.7963,69.8022],[17.8678,69.7758],[17.8802,69.7204],[17.7692,69.7018],[17.7098,69.6701],[17.3702,69.6487],[17.3025,69.6036],[17.1848,69.5845],[16.9309,69.4737],[16.8071,69.4459],[16.707,69.4011],[16.6971,69.36],[16.5969,69.3274],[16.5786,69.3097],[16.5799,69.2834],[16.3463,69.2277],[16.3208,69.1828],[16.3704,69.1449],[16.2039,69.0995],[16.1639,69.0716],[16.1559,69.0472],[16.0453,68.999],[16.0316,69.0004],[16.0659,69.0384],[16.2715,69.149],[16.2852,69.2107],[16.3423,69.2425],[16.3567,69.2756],[16.314,69.3496],[16.1878,69.3898],[15.9792,69.3846],[15.8605,69.3385],[15.7281,69.312],[15.6058,69.2181],[15.4197,69.1494],[15.3547,69.0918],[15.2127,69.1334],[15.0448,69.1143],[14.9734,69.0719],[14.9003,69.0565],[14.7675,68.9944],[14.5573,68.9372],[14.4776,68.8898],[14.2944,68.8233],[14.2567,68.795],[14.254,68.7468],[14.1587,68.7257],[14.062,68.6643],[14.0618,68.6395],[14.1077,68.6073],[14.0995,68.5812],[14.1189,68.5573],[14.2213,68.5259],[14.3442,68.5282],[14.3537,68.4913],[14.4037,68.4661],[14.3899,68.4598],[14.2941,68.4412],[14.2272,68.41],[13.987,68.4408],[13.7925,68.4001],[13.5948,68.3828],[13.2891,68.2709],[13.2482,68.2308],[13.1438,68.1896],[13.004,68.1728],[12.9199,68.1423],[12.8981,68.111],[12.8024,68.0523],[12.6564,67.894],[12.6125,67.8674],[12.5991,67.8423],[12.6106,67.8186],[12.4983,67.7714],[12.4765,67.7395],[12.487,67.7169],[12.4011,67.6769],[12.3876,67.6515],[12.4081,67.6135],[12.4646,67.5823],[12.5553,67.5661],[12.801,67.5827],[12.894,67.6298],[12.9454,67.6887],[12.954,67.7384],[12.9991,67.7838],[13.0556,67.8156],[13.1732,67.8433],[13.3257,67.9307],[13.4333,67.9663],[13.9341,68.0437],[14.0146,68.087],[14.1634,68.0651],[14.5001,68.0968],[14.6802,68.0735],[14.861,68.1215],[14.8952,68.1443],[14.9023,68.1711],[15.0419,68.1518],[15.1826,68.1861],[15.2637,68.1842],[15.1333,68.1027],[14.6532,67.9746],[14.2716,67.8267],[14.2248,67.7812],[14.235,67.7425],[14.1796,67.7195],[14.1578,67.6875],[14.1967,67.6454],[14.2916,67.6224],[14.3321,67.5973],[14.2557,67.5507],[14.2677,67.51],[14.065,67.5319],[13.8211,67.5059],[13.6646,67.4381],[13.6312,67.3865],[13.5775,67.3697],[13.4157,67.3653],[13.3368,67.3409],[13.3059,67.3038],[13.3338,67.2597],[13.4115,67.2345],[13.5447,67.2275],[13.5069,67.1971],[13.5177,67.1275],[13.4256,67.0858],[13.4034,67.0492],[13.3686,67.0371],[13.3176,67.0739],[13.2273,67.0935],[13.0373,67.0752],[12.9432,67.0324],[12.927,67.0027],[12.9423,66.9745],[12.8934,66.9391],[12.8934,66.8971],[12.7034,66.9057],[12.3462,66.8328],[12.2802,66.8014],[12.258,66.7298],[12.0578,66.6923],[11.8728,66.6256],[11.8545,66.6057],[11.8509,66.5669],[11.7614,66.4911],[11.7896,66.4121],[11.8981,66.3626],[12.0565,66.3635],[12.0663,66.3234],[11.9824,66.3011],[11.9392,66.2583],[11.8876,66.2432],[11.7257,66.2594],[11.5439,66.2429],[11.456,66.2114],[11.4342,66.1774],[11.4472,66.1504],[11.5834,66.0886],[11.5074,66.0418],[11.493,65.9938],[11.5402,65.9573],[11.6448,65.9363],[11.4141,65.8126],[11.374,65.752],[11.3751,65.7229],[11.23,65.7196],[11.1317,65.6894],[11.094,65.6572],[11.0817,65.5908],[11.1011,65.5638],[11.1923,65.5279],[11.2881,65.5169],[11.2897,65.4723],[11.3718,65.4295],[11.3574,65.393],[11.3925,65.3538],[11.2447,65.3392],[11.1926,65.3102],[11.1791,65.2823],[11.2021,65.2196],[11.2547,65.1589],[11.3574,65.1129],[11.2662,65.1059],[11.2058,65.0803],[11.133,65.1062],[11.1138,65.1572],[11.1495,65.1867],[11.1499,65.2108],[11.1166,65.243],[11.0307,65.2741],[10.9151,65.2789],[10.806,65.2421],[10.79,65.2069],[10.8265,65.1669],[10.785,65.128],[10.7797,65.1039],[10.8084,65.0729],[10.7457,65.0618],[10.6353,65.071],[10.5486,65.0491],[10.4916,64.9823],[10.3889,64.9448],[10.3729,64.9092],[10.4024,64.8504],[10.3354,64.8307],[10.2931,64.7887],[10.3109,64.7523],[10.3825,64.724],[10.3828,64.6858],[10.4311,64.6556],[10.5247,64.6414],[10.7138,64.6534],[10.5775,64.6076],[10.4958,64.5514],[10.3859,64.5265],[10.3431,64.4944],[10.2274,64.5284],[10.0958,64.5053],[10.0629,64.4581],[10.1174,64.4146],[10.0902,64.3785],[10.1072,64.3423],[10.0133,64.301],[9.9976,64.2637],[9.9036,64.2377],[9.7805,64.1711],[9.7049,64.101],[9.69,64.0393],[9.5413,64.0402],[9.4108,63.9899],[9.3888,63.9548],[9.4288,63.9092],[9.2628,63.8537],[9.2095,63.8035],[9.217,63.7465],[9.0733,63.7541],[9.0961,63.8334],[9.0565,63.8749],[9.2828,63.9443],[9.3342,63.9743],[9.3837,64.0323],[9.5433,64.0782],[9.5654,64.1014],[9.5608,64.1393],[9.5903,64.1717],[9.5712,64.2115],[9.5101,64.2385],[9.3987,64.2461],[9.3247,64.2757],[9.1956,64.273],[9.1344,64.246],[9.1182,64.222],[9.1241,64.1973],[8.9803,64.131],[8.9448,64.072],[8.9483,64.0494],[8.9113,64.0362],[8.7753,64.0391],[8.6738,64.012],[8.6278,63.9826],[8.4838,63.9798],[8.291,63.911],[8.2116,63.862],[8.1473,63.7762],[8.1669,63.7284],[8.1047,63.6713],[8.1226,63.6334],[8.1677,63.6096],[8.1323,63.5637],[8.014,63.5911],[7.8415,63.5959],[7.7609,63.581],[7.7083,63.5384],[7.6186,63.5021],[7.6025,63.4774],[7.6089,63.4511],[7.5759,63.4197],[7.528,63.3225],[7.5348,63.2955],[7.4237,63.2651],[7.3826,63.2036],[7.1464,63.1666],[7.0877,63.1254],[7.0946,63.0749],[7.0295,63.0489],[6.9128,63.0429],[6.7652,62.9894],[6.65,62.9944],[6.5427,62.9517],[6.4007,62.9369],[6.3298,62.8794],[6.1472,62.8227],[6.1198,62.7683],[6.0165,62.6993],[5.9086,62.7142],[5.8091,62.6923],[5.7664,62.6503],[5.7925,62.6049],[5.7629,62.5699],[5.7657,62.5018],[5.5443,62.4983],[5.487,62.4785],[5.4448,62.4315],[5.3547,62.388],[5.2481,62.4006],[5.1568,62.3805],[5.1141,62.3381],[5.1436,62.2863],[4.9713,62.2256],[4.9369,62.1738],[4.9664,62.1143],[4.8535,62.069],[4.8373,62.0432],[4.8402,61.983],[4.73,61.9422],[4.6762,61.8712],[4.6749,61.8344],[4.6447,61.8017],[4.6246,61.6742],[4.5407,61.6293],[4.5179,61.5594],[4.5745,61.5069],[4.7134,61.4765],[4.6294,61.472],[4.5679,61.4502],[4.5107,61.3686],[4.4263,61.3179],[4.421,61.2904],[4.4466,61.2557],[4.5212,61.2199],[4.4964,61.1829],[4.5058,61.1443],[4.3873,61.1107],[4.3468,61.0391],[4.3721,60.9866],[4.5091,60.8782],[4.4864,60.8128],[4.5538,60.7316],[4.5445,60.6961],[4.572,60.6544],[4.5746,60.615],[4.6737,60.5009],[4.7133,60.4134],[4.7508,60.3832],[4.733,60.3422],[4.7387,60.3157],[4.7718,60.2803],[4.7772,60.231],[4.8255,60.1959],[4.8485,60.1343],[4.903,60.0971],[4.8757,60.0095],[4.941,59.9323],[4.9107,59.8767],[4.9261,59.7832],[4.9705,59.7322],[4.9605,59.6485],[4.9858,59.577],[4.9429,59.5433],[4.9576,59.4933],[4.9404,59.4291],[4.8839,59.3837],[4.811,59.3738],[4.7573,59.3484],[4.7232,59.2995],[4.7239,59.2611],[4.7547,59.2279],[4.8046,59.2107],[4.9302,59.2227],[4.9604,59.1912],[5.047,59.1613],[5.0854,59.0994],[5.1644,59.074],[5.2569,59.0664],[5.2406,59.0009],[5.302,58.9517],[5.3079,58.859],[5.39,58.7979],[5.3625,58.7623],[5.3649,58.7365],[5.4324,58.639],[5.605,58.4876],[5.7366,58.4293],[5.7657,58.3932],[5.8109,58.3702],[6.3813,58.2037],[6.4581,58.1604],[6.4299,58.114],[6.4542,58.0767],[6.5948,58.0023],[6.7766,57.9836],[7.0281,57.913],[7.1359,57.9253],[7.2195,57.9104],[7.3016,57.9246],[7.3966,57.9197],[7.4892,57.8931],[7.6051,57.8933],[7.7452,57.9379],[8.0583,57.9949],[8.3394,58.0673],[8.5047,58.1778],[8.5919,58.1895],[8.7145,58.2708],[8.8381,58.3155],[8.9244,58.3884],[9.0987,58.4826],[9.1244,58.5163],[9.3536,58.6688],[9.545,58.7654],[9.6578,58.7967],[9.8063,58.8937],[9.9532,58.8742],[10.0186,58.8896],[10.0557,58.9189],[10.1763,58.9005],[10.3123,58.9273],[10.3601,58.9614],[10.5666,58.9634],[10.6393,58.9965],[10.6595,59.0667],[10.6948,59.0453],[10.6562,59.0127],[10.6702,58.9637],[10.8379,58.8932],[10.8687,58.8091],[10.8519,58.7738],[10.8803,58.7255],[10.9334,58.7004],[11.0181,58.6899],[11.0019,58.6584],[10.9327,58.6331],[10.9034,58.6049],[10.9024,58.5195],[10.9815,58.4704],[11.0889,58.4702],[11.0568,58.4297],[11.0586,58.3581],[11.0942,58.3027],[11.2036,58.2484],[11.1839,58.1978],[11.2273,58.1573],[11.2052,58.0742],[11.2352,58.0399],[11.3051,58.0146],[11.324,57.9689],[11.3556,57.947],[11.3239,57.8841],[11.3548,57.8496],[11.417,57.8298],[11.3998,57.7583],[11.4758,57.6989],[11.4686,57.64],[11.4819,57.6034],[11.539,57.5717],[11.6306,57.5596],[11.603,57.5235],[11.6055,57.4968],[11.6401,57.4643],[11.7053,57.4438],[11.7054,57.4018],[11.7357,57.3507],[11.7768,57.3203],[11.7869,57.2727],[11.8458,57.2408],[11.9383,57.233],[11.9894,57.1769],[11.9811,57.1497],[11.9931,57.1235],[12.1174,57.0602],[12.1414,57.0256],[12.2217,56.976],[12.2272,56.9249],[12.2474,56.8943],[12.3898,56.8343],[12.4277,56.7842],[12.4899,56.7637],[12.5038,56.7255],[12.6203,56.5976],[12.7013,56.5735],[12.7972,56.5704],[12.8153,56.5305]]]]},"properties":{"id":"Q34","names":{"ab":"Швециа","ace":"Swèdia","ady":"Шуецие","af":"Swede","als":"Schweden","am":"ስዊድን","ami":"Sweden","an":"Suecia","ang":"Swēoland","ann":"Siwiden","ar":"السويد","as":"ছুইডেন","ast":"Suecia","atj":"Sweden","av":"Швеция","avk":"Sveriga","ay":"Swisya","az":"İsveç","ba":"Швеция","ban":"Swédia","bar":"Schwedn","bat-smg":"Švedėjė","bcl":"Suesya","be":"Швецыя","be-x-old":"Швэцыя","bew":"Swèden","bg":"Швеция","bh":"स्वीडन","bi":"Swiden","bm":"Swedi","bn":"সুইডেন","bo":"སི་ཝེ་དེན།","br":"Sveden","bs":"Švedska","bxr":"Швеци","ca":"Suècia","cbk-zam":"Suecia","cdo":"Sôi-diēng","ce":"Швеци","ceb":"Suwesya","ch":"Swesia","chy":"Sweden","co":"Svezia","crh":"İsveçiya","cs":"Švédsko","csb":"Szwedzkô","cu":"Свєньско","cv":"Сĕвер","cy":"Sweden","da":"Sverige","dag":"Sweden","de":"Schweden","diq":"İswec","dsb":"Šwedska","dv":"ސުވިޑަން","dz":"སུའི་ཌན་","ee":"Sweden","el":"Σουηδία","eml":"Śvèsia","en":"Sweden","eo":"Svedio","es":"Suecia","et":"Rootsi","eu":"Suedia","ext":"Suecia","fa":"سوئد","ff":"Suwed","fi":"Ruotsi","fiu-vro":"Roodsi","fj":"Suwiteni","fo":"Svøríki","fr":"Suède","frp":"Suèda","frr":"Sweeden","fur":"Svezie","fy":"Sweden","ga":"An tSualainn","gag":"Şvețiya","gcr":"Swèd","gd":"An t-Suain","gl":"Suecia","gn":"Suésia","got":"𐍃𐍅𐌰𐌹𐌷𐌰𐌻𐌰𐌽𐌳","gu":"સ્વિડન","gv":"Yn Toolynn","ha":"Sweden","hak":"Sui-tiên","haw":"Kuekene","he":"שוודיה","hi":"स्वीडन","hif":"Sweden","hr":"Švedska","hsb":"Šwedska","ht":"Syèd","hu":"Svédország","hy":"Շվեդիա","ia":"Svedia","iba":"Sweden","id":"Swedia","ie":"Svedia","ig":"Sweden","ilo":"Suesia","io":"Suedia","is":"Svíþjóð","it":"Svezia","iu":"ᔅᕗᕆᑭ","ja":"スウェーデン","jam":"Swiidn","jbo":"sueriges","jv":"Swèdhen","ka":"შვედეთი","kaa":"Shveciya","kab":"Sswid","kbd":"Шуецэ","kbp":"Sʊyɛdɩ","kg":"Suedi","kge":"Swedia","ki":"Cuindeni","kk":"Швеция","km":"ស៊ុយអែត","kn":"ಸ್ವೀಡನ್","knc":"Sweden","ko":"스웨덴","koi":"Шведму","krc":"Швеция","ks":"سویٖڈن","ku":"Swêd","kv":"Швеция","kw":"Swedherwyk","ky":"Швеция","la":"Suecia","lad":"Suesia","lb":"Schweden","lez":"Швеция","lfn":"Sveria","lg":"Swiiden","li":"Zwede","lij":"Svéçia","lld":"Svezia","lmo":"Svezia","ln":"Swédi","lo":"ປະເທດຊູແອດ","lt":"Švedija","ltg":"Švedeja","lv":"Zviedrija","mad":"Swedia","map-bms":"Swedia","mdf":"Шведмастор","mg":"Soeda","mhr":"Швеций","mi":"Huitene","min":"Swedia","mk":"Шведска","ml":"സ്വീഡൻ","mn":"Швед","mr":"स्वीडन","ms":"Sweden","mt":"Żvezja","mwl":"Suécia","my":"ဆွီဒင်နိုင်ငံ","myv":"Швеция Мастор","nap":"Sguezia","nds":"Sweden","nds-nl":"Sveden","ne":"स्विडेन","nl":"Zweden","nn":"Sverige","no":"Sverige","nov":"Suedia","nrm":"Suède","nv":"Chʼah Bideeʼí Dineʼé Bikéyah","oc":"Suècia","olo":"Ruočči","om":"Iswiidin","or":"ସ୍ୱିଡେନ","os":"Швеци","pa":"ਸਵੀਡਨ","pag":"Suesia","pam":"Suesia","pap":"Suesia","pcd":"Suède","pdc":"Schweden","pl":"Szwecja","pms":"Svessia","pnt":"Σουηδία","ps":"سویډن","pt":"Suécia","qu":"Suwikusuyu","rm":"Svezia","ro":"Suedia","roa-rup":"Suidii","roa-tara":"Svezzie","ru":"Швеция","rue":"Швеція","rw":"Suwede","sa":"स्वीडन","sah":"Сибиэссийэ","sc":"Isvètzia","scn":"Svezzia","sco":"Swaden","sd":"سويڊن","se":"Ruoŧŧa","sh":"Švedska","shi":"Sswid","si":"ස්වීඩනය","sk":"Švédsko","sl":"Švedska","sm":"Suetena","smn":"Ruotâ","sn":"Swidheni","so":"Iswiidhan","sq":"Suedia","sr":"Шведска","srn":"Swerigekondre","ss":"ISwideni","st":"Sweden","stq":"Sweeden","su":"Swédia","sv":"Sverige","sw":"Uswidi","szl":"Szwecyjŏ","szy":"Sweden","ta":"சுவீடன்","tay":"Sweden","te":"స్వీడన్","tet":"Suésia","tg":"Суэд","th":"ประเทศสวีเดน","ti":"ሽወደን","tk":"Iswiç","tl":"Sweden","tly":"Isvec","to":"Suēteni","tok":"ma Sensa","tpi":"Suwidan","tr":"İsveç","trv":"Sweden","ts":"Sweden","tt":"Швеция","tum":"Sweden","tw":"Sweden","ty":"Tuete","tyv":"Швеция","udm":"Швеция","ug":"شۋېتسىيە","uk":"Швеція","ur":"سویڈن","uz":"Shvetsiya","vec":"Svèsia","vep":"Ročinma","vi":"Thụy Điển","vls":"Zweedn","vo":"Svedän","wa":"Suwede","war":"Suwesya","wo":"Suweed","yi":"שוועדן","yo":"Swídìn","za":"Nyeiqdenj","zea":"Zweden","zh":"瑞典","zu":"ISwidi"},"from":1814.034946236559,"to":1905,"wikidata":"Q34","adminLevel":2,"source":"OpenHistoricalMap","sourceUrl":"https://www.openhistoricalmap.org"}},{"type":"Feature","geometry":{"type":"MultiPolygon","coordinates":[[[[19.3969,39.9079],[19.3499,39.9015],[19.3205,39.8575],[19.3341,39.8182],[19.3769,39.7963],[19.4372,39.8041],[19.4845,39.8553],[19.465,39.897],[19.3969,39.9079]]],[[[19.6212,39.9271],[19.5695,39.9396],[19.5377,39.9287],[19.5179,39.8864],[19.5327,39.8519],[19.5793,39.8348],[19.6299,39.8478],[19.6488,39.8949],[19.6212,39.9271]]],[[[24.5296,38.7304],[24.5852,38.7093],[24.6435,38.7085],[24.7198,38.7438],[24.737,38.8019],[24.7043,38.8525],[24.6286,38.9008],[24.62,38.9526],[24.5555,38.9889],[24.4972,39.0553],[24.4519,39.0612],[24.4171,39.0374],[24.4013,38.918],[24.3786,38.8862],[24.339,38.8899],[24.3106,38.8748],[24.2894,38.8305],[24.3232,38.7928],[24.4377,38.7801],[24.5296,38.7304]]],[[[21.0312,37.2975],[20.9829,37.3024],[20.9541,37.286],[20.9507,37.2326],[20.9746,37.2078],[21.0249,37.1996],[21.0702,37.2262],[21.0711,37.2622],[21.0312,37.2975]]],[[[24.2046,36.7375],[24.2479,36.7257],[24.2786,36.7365],[24.2657,36.6169],[24.3232,36.5883],[24.3773,36.6116],[24.555,36.6374],[24.5897,36.6677],[24.6007,36.7053],[24.6738,36.7058],[24.719,36.7514],[24.7044,36.8002],[24.6583,36.8254],[24.6399,36.8597],[24.5505,36.8886],[24.4792,36.8496],[24.4673,36.8039],[24.3851,36.8269],[24.3119,36.7781],[24.2914,36.8325],[24.245,36.8481],[24.2078,36.8425],[24.1672,36.8012],[24.1717,36.7688],[24.2046,36.7375]]],[[[24.6412,36.9016],[24.6802,36.8624],[24.7382,36.8573],[24.7767,36.8793],[24.8143,36.9338],[24.8126,36.9729],[24.7218,37.0645],[24.6524,37.0825],[24.6076,37.0769],[24.5856,37.0533],[24.5835,37.0185],[24.6412,36.9016]]],[[[24.4093,37.0795],[24.5033,37.0665],[24.5973,37.1082],[24.6181,37.1411],[24.5846,37.2031],[24.6356,37.2134],[24.6654,37.2453],[24.6526,37.2817],[24.5841,37.3014],[24.5609,37.3383],[24.4996,37.3443],[24.5361,37.387],[24.5321,37.4249],[24.489,37.4662],[24.4755,37.5125],[24.4317,37.5254],[24.3607,37.4911],[24.3116,37.4239],[24.3317,37.3712],[24.309,37.3157],[24.3274,37.2697],[24.3891,37.2585],[24.4643,37.3016],[24.4989,37.2625],[24.5293,37.2569],[24.5312,37.2457],[24.44,37.2407],[24.3875,37.1993],[24.36,37.1137],[24.4093,37.0795]]],[[[24.2948,37.7149],[24.2505,37.6822],[24.2117,37.5833],[24.2273,37.5053],[24.2756,37.4802],[24.3227,37.489],[24.3958,37.5456],[24.4632,37.6473],[24.4522,37.68],[24.4166,37.7112],[24.3452,37.7292],[24.2948,37.7149]]],[[[23.4968,36.8713],[23.5217,36.9118],[23.4957,36.9604],[23.4518,36.9753],[23.4064,36.9555],[23.3964,36.9295],[23.4172,36.8844],[23.454,36.8651],[23.4968,36.8713]]],[[[23.9503,36.8403],[23.9186,36.8815],[23.8761,36.8895],[23.8423,36.8788],[23.8217,36.8449],[23.8316,36.8198],[23.8824,36.7949],[23.9266,36.8036],[23.9503,36.8403]]],[[[24.1949,36.5295],[24.1955,36.5718],[24.1543,36.5962],[24.1079,36.5836],[24.0914,36.5534],[24.0984,36.5292],[24.1343,36.5078],[24.1949,36.5295]]],[[[23.9871,37.4862],[23.9526,37.52],[23.9088,37.533],[23.8605,37.5209],[23.8437,37.4909],[23.8844,37.4371],[23.9297,37.4189],[23.9887,37.44],[23.9871,37.4862]]],[[[24.0784,39.1403],[24.0497,39.1205],[24.04,39.0765],[24.0086,39.0472],[24.0093,39.0208],[24.0431,38.993],[24.0743,38.992],[24.155,39.0283],[24.1792,39.0585],[24.1549,39.1331],[24.0784,39.1403]]],[[[24.3849,39.3737],[24.3551,39.4064],[24.3118,39.4083],[24.2793,39.3924],[24.2593,39.3323],[24.2854,39.2992],[24.3432,39.2926],[24.3765,39.32],[24.3849,39.3737]]],[[[24.9543,36.6732],[24.8482,36.7092],[24.8039,36.6925],[24.784,36.6553],[24.8217,36.6025],[24.8876,36.5606],[24.9457,36.5498],[25.1498,36.6188],[25.2267,36.6819],[25.338,36.6024],[25.4029,36.6114],[25.434,36.6342],[25.456,36.7168],[25.3977,36.7848],[25.3397,36.8265],[25.3,36.8351],[25.2374,36.819],[25.2048,36.7541],[25.1127,36.7524],[25.0506,36.7174],[25.0277,36.6813],[24.9727,36.6611],[24.9543,36.6732]]],[[[25.7133,36.5833],[25.7463,36.6177],[25.7249,36.6595],[25.6696,36.6738],[25.6255,36.6504],[25.6187,36.6272],[25.6417,36.592],[25.6754,36.5765],[25.7133,36.5833]]],[[[25.1585,36.2823],[25.1434,36.2375],[25.1777,36.1994],[25.2325,36.1917],[25.2654,36.218],[25.2678,36.2459],[25.2368,36.2931],[25.1867,36.2999],[25.1585,36.2823]]],[[[25.2977,36.4861],[25.2715,36.4163],[25.3029,36.3446],[25.3333,36.3163],[25.4465,36.289],[25.5362,36.3455],[25.5355,36.4236],[25.4493,36.5101],[25.3829,36.5243],[25.2977,36.4861]]],[[[25.806,36.2272],[25.9069,36.2274],[25.9397,36.2491],[25.9468,36.2895],[25.8893,36.3175],[25.9092,36.3406],[25.8991,36.3843],[25.7942,36.442],[25.7469,36.4448],[25.6867,36.3958],[25.6759,36.3558],[25.7011,36.3224],[25.7456,36.3056],[25.806,36.2272]]],[[[25.6874,36.7949],[25.7276,36.7389],[25.8227,36.7279],[25.9019,36.7558],[26.0367,36.8545],[26.1934,36.8681],[26.2203,36.8954],[26.2196,36.9232],[26.1841,36.9524],[26.1464,36.9518],[26.1178,36.9321],[25.9941,36.9802],[25.8572,36.9242],[25.7961,36.8687],[25.7431,36.8575],[25.7394,36.8967],[25.68,36.9441],[25.6886,37.0055],[25.6329,37.0302],[25.6351,37.041],[25.6438,37.055],[25.7075,37.0232],[25.7479,37.0363],[25.7627,37.0593],[25.8555,37.0511],[25.8949,37.1066],[25.8854,37.1445],[25.8556,37.174],[25.8254,37.1788],[25.756,37.1632],[25.725,37.1318],[25.6566,37.1273],[25.614,37.1965],[25.5423,37.2455],[25.474,37.228],[25.4226,37.1799],[25.3515,37.1494],[25.338,37.1822],[25.3064,37.1961],[25.1936,37.1895],[25.0448,37.0924],[24.9023,36.9588],[24.9059,36.9252],[24.9413,36.9022],[25.0289,36.9132],[25.0767,36.8966],[25.1565,36.9362],[25.2729,36.9546],[25.3045,37.0096],[25.4056,36.885],[25.3629,36.8414],[25.3672,36.8116],[25.393,36.7879],[25.4646,36.7775],[25.5476,36.7945],[25.5955,36.8375],[25.6506,36.7946],[25.6874,36.7949]]],[[[24.8681,37.3211],[25.0091,37.351],[25.0481,37.3842],[24.9861,37.5129],[24.9564,37.5384],[24.896,37.5551],[24.8343,37.5358],[24.8248,37.5057],[24.8371,37.4668],[24.8104,37.4394],[24.802,37.3984],[24.8333,37.3383],[24.8681,37.3211]]],[[[24.6774,37.5576],[24.7451,37.5402],[24.7967,37.5563],[24.8077,37.5907],[24.7895,37.6541],[24.7274,37.6761],[24.6094,37.6334],[24.6039,37.5846],[24.6774,37.5576]]],[[[25.0332,37.7201],[25.0525,37.7782],[25.0086,37.8553],[25.0037,37.9166],[24.9808,37.937],[24.885,37.9495],[24.8755,37.9835],[24.8045,38.0398],[24.7356,38.0337],[24.6431,37.9824],[24.6273,37.9185],[24.6701,37.843],[24.849,37.7288],[24.8689,37.6918],[24.9527,37.6139],[25.0758,37.5204],[25.147,37.4891],[25.1934,37.4824],[25.2574,37.4989],[25.2553,37.4799],[25.2078,37.4815],[25.1499,37.4473],[25.1491,37.4083],[25.183,37.3364],[25.2853,37.333],[25.3331,37.3655],[25.4168,37.3734],[25.461,37.4023],[25.5066,37.4032],[25.5202,37.3806],[25.5592,37.3666],[25.6035,37.3759],[25.6236,37.3986],[25.6263,37.4262],[25.6084,37.4497],[25.5485,37.4546],[25.5368,37.4838],[25.4894,37.5105],[25.4057,37.5383],[25.2844,37.5271],[25.3072,37.6056],[25.273,37.6524],[25.0332,37.7201]]],[[[23.3084,35.9364],[23.3006,35.9935],[23.2698,36.0176],[23.2213,36.0162],[23.1921,35.9906],[23.195,35.9536],[23.2228,35.9323],[23.2177,35.8896],[23.2452,35.8292],[23.2978,35.7858],[23.3414,35.781],[23.3798,35.816],[23.3772,35.8677],[23.3517,35.9154],[23.3084,35.9364]]],[[[20.147,39.1447],[20.1904,39.1111],[20.2479,39.0962],[20.2877,39.1097],[20.305,39.1368],[20.2299,39.2368],[20.171,39.273],[20.1172,39.2812],[20.0745,39.2481],[20.0749,39.2132],[20.0962,39.1779],[20.147,39.1447]]],[[[20.8105,37.6075],[20.8742,37.6118],[20.9219,37.6656],[20.9868,37.6552],[21.0245,37.6669],[21.0434,37.6889],[21.0452,37.7358],[20.9562,37.8006],[20.9305,37.8411],[20.7871,37.8882],[20.7386,37.9634],[20.6754,37.9709],[20.589,37.9085],[20.5664,37.871],[20.5644,37.8152],[20.6779,37.693],[20.8105,37.6075]]],[[[19.9892,39.6404],[19.9335,39.6832],[19.9776,39.7909],[19.9584,39.825],[19.893,39.8541],[19.8424,39.8632],[19.7874,39.839],[19.6665,39.839],[19.6199,39.8101],[19.565,39.8069],[19.509,39.8266],[19.4571,39.7976],[19.4556,39.7696],[19.4826,39.7316],[19.5126,39.7172],[19.58,39.7236],[19.6353,39.6518],[19.7833,39.5519],[19.8297,39.4285],[20.0613,39.3292],[20.1379,39.3249],[20.1816,39.389],[20.1493,39.4636],[20.0463,39.5925],[19.9892,39.6404]]],[[[24.115,38.131],[24.1033,38.0718],[24.1325,38.0458],[24.1889,38.0404],[24.1767,37.9748],[24.2322,37.9347],[24.3081,37.9439],[24.3904,37.9182],[24.4287,37.9349],[24.5347,37.8907],[24.575,37.9153],[24.6367,38.0298],[24.645,38.1557],[24.627,38.1875],[24.5811,38.2003],[24.5401,38.1859],[24.4419,38.1889],[24.3137,38.2342],[24.3081,38.2918],[24.2689,38.351],[24.2443,38.4575],[24.2818,38.5156],[24.2795,38.5417],[24.1828,38.6069],[24.2048,38.6315],[24.2526,38.6169],[24.2958,38.6332],[24.3116,38.6686],[24.2908,38.7023],[24.2334,38.7132],[24.1899,38.682],[24.1547,38.7075],[24.0579,38.7277],[23.9306,38.7102],[23.7999,38.7398],[23.7311,38.8052],[23.6553,38.7979],[23.5069,38.8687],[23.4748,38.9762],[23.4409,38.9952],[23.3767,39.0794],[23.3336,39.0916],[23.2425,39.0678],[23.3481,39.1139],[23.5113,39.0745],[23.5486,39.0924],[23.5711,39.1305],[23.617,39.0555],[23.7053,39.0315],[23.7598,39.0379],[23.8329,39.0937],[23.8749,39.0948],[23.9221,39.1241],[23.9433,39.0723],[24.0118,39.0712],[24.0443,39.1236],[24.0405,39.1952],[24.0601,39.2303],[24.0485,39.2527],[24.0954,39.2574],[24.1772,39.3064],[24.2317,39.3733],[24.2381,39.4049],[24.2146,39.4595],[24.2378,39.4951],[24.2302,39.5269],[24.1843,39.5475],[24.1372,39.5289],[24.1222,39.489],[24.1356,39.4668],[24.1021,39.4069],[24.0278,39.3957],[23.9853,39.3259],[23.9428,39.3334],[23.9113,39.3194],[23.8123,39.2211],[23.801,39.1886],[23.7692,39.1711],[23.6136,39.2515],[23.5436,39.2238],[23.4535,39.2517],[23.3929,39.2142],[23.323,39.3324],[23.1426,39.519],[22.9719,39.6085],[22.902,39.814],[22.8124,39.88],[22.3407,39.7241],[22.0935,39.7621],[21.7914,39.6818],[21.5222,39.8212],[21.3904,39.7579],[21.0937,39.5125],[21.0828,39.2748],[21.0443,38.9551],[20.8678,38.9685],[20.8191,38.9439],[20.7614,38.9631],[20.7484,38.9397],[20.7019,38.9293],[20.7056,38.8956],[20.6075,38.8568],[20.558,38.801],[20.5095,38.6943],[20.4942,38.5501],[20.5402,38.5203],[20.4888,38.4801],[20.4764,38.3844],[20.434,38.3966],[20.3652,38.3851],[20.2873,38.1996],[20.2965,38.1591],[20.3534,38.117],[20.4031,38.0963],[20.4475,38.0981],[20.4942,38.0646],[20.5741,38.0507],[20.6198,38.0699],[20.6861,38.032],[20.8077,38.0219],[20.8404,38.0484],[20.8651,38.1097],[20.7479,38.2669],[20.8053,38.2929],[20.8179,38.3151],[20.8011,38.383],[20.7577,38.4416],[20.8427,38.4431],[20.8683,38.465],[20.8726,38.5058],[20.9334,38.5073],[20.9562,38.5479],[20.9657,38.5148],[20.9499,38.4731],[20.9721,38.4131],[20.9461,38.3924],[20.9427,38.3533],[20.9757,38.3267],[21.0407,38.309],[21.0611,38.2562],[21.0965,38.2433],[21.1492,38.2611],[21.3457,38.2602],[21.3202,38.2294],[21.3154,38.141],[21.2641,38.0562],[21.1751,37.9749],[21.1232,37.9839],[21.0812,37.9611],[21.0528,37.8417],[21.085,37.8058],[21.2461,37.7494],[21.2581,37.7132],[21.2523,37.6346],[21.2669,37.6092],[21.3168,37.5902],[21.3738,37.6105],[21.5135,37.5236],[21.6112,37.4033],[21.6414,37.3136],[21.5351,37.2194],[21.5128,37.159],[21.5223,37.0983],[21.4862,37.0618],[21.5145,37.0017],[21.5768,36.9887],[21.6023,36.9665],[21.6483,36.8142],[21.642,36.7238],[21.7491,36.6625],[21.7943,36.658],[21.8252,36.6778],[21.8671,36.6484],[21.915,36.6536],[21.9381,36.6739],[21.9419,36.7082],[22.0194,36.7849],[21.9799,36.8582],[21.9874,36.9629],[22.0866,36.9837],[22.0763,36.8999],[22.1316,36.8577],[22.195,36.8467],[22.2465,36.7898],[22.2526,36.7522],[22.3082,36.6706],[22.3199,36.5698],[22.2934,36.5242],[22.3186,36.4611],[22.4151,36.4139],[22.4454,36.3555],[22.494,36.3434],[22.5515,36.3873],[22.5551,36.4995],[22.531,36.5365],[22.5351,36.5573],[22.6007,36.6347],[22.5941,36.6927],[22.6269,36.7206],[22.6289,36.7568],[22.7412,36.7627],[22.7584,36.6543],[22.8826,36.5607],[22.8987,36.5301],[22.8755,36.5004],[22.8727,36.4665],[22.8854,36.4389],[22.9195,36.42],[22.88,36.4037],[22.8435,36.3411],[22.8405,36.3061],[22.8609,36.2835],[22.8476,36.2302],[22.8557,36.193],[22.9043,36.1278],[22.9439,36.109],[22.9579,36.0622],[22.9932,36.048],[23.0331,36.0582],[23.0944,36.1102],[23.1106,36.1454],[23.102,36.1704],[23.1499,36.1882],[23.1718,36.2303],[23.1148,36.3081],[23.033,36.3464],[22.9933,36.4118],[23.0316,36.4303],[23.0639,36.4024],[23.122,36.3853],[23.212,36.3936],[23.2477,36.4191],[23.254,36.4568],[23.1981,36.5147],[23.1939,36.563],[23.1201,36.6067],[23.0821,36.6494],[23.1353,36.7134],[23.1627,36.7818],[23.0911,36.8951],[23.0352,37.0943],[22.9995,37.1426],[22.9545,37.1612],[22.9636,37.1992],[22.8241,37.4018],[22.8235,37.4335],[22.7924,37.4892],[22.9163,37.4469],[22.9167,37.4164],[22.9444,37.3921],[23.0099,37.3937],[23.0126,37.3452],[23.0508,37.3109],[23.0379,37.2792],[23.0476,37.2526],[23.0914,37.2055],[23.1528,37.1749],[23.1996,37.1756],[23.2241,37.1919],[23.2238,37.2438],[23.2713,37.2176],[23.3431,37.2435],[23.3907,37.2434],[23.4286,37.2108],[23.4771,37.2156],[23.4996,37.2365],[23.5,37.2729],[23.6024,37.323],[23.6336,37.3669],[23.6211,37.3935],[23.587,37.4092],[23.6003,37.4423],[23.571,37.4809],[23.588,37.5124],[23.5792,37.5362],[23.5121,37.5963],[23.4714,37.6017],[23.4654,37.6271],[23.5663,37.6658],[23.618,37.7589],[23.6022,37.7991],[23.5298,37.8151],[23.5044,37.8481],[23.5803,37.8922],[23.6555,37.8866],[23.7053,37.801],[23.7089,37.7446],[23.7655,37.7214],[23.8296,37.7665],[23.8504,37.737],[23.8489,37.6863],[23.8862,37.6653],[23.8868,37.6342],[23.9053,37.6142],[23.9594,37.6015],[24.135,37.6097],[24.1987,37.7016],[24.2071,37.7396],[24.182,37.7854],[24.1378,37.7982],[24.1132,37.8321],[24.0958,37.9267],[24.0696,37.9547],[24.0838,37.9986],[24.0483,38.0823],[24.0898,38.0905],[24.115,38.131]]],[[[23.5688,36.7264],[23.6042,36.7195],[23.6474,36.7362],[23.6633,36.7725],[23.6508,36.7999],[23.6095,36.8194],[23.554,36.8031],[23.5381,36.7669],[23.5688,36.7264]]],[[[25.3366,38.1293],[25.3629,38.1721],[25.3322,38.2118],[25.2731,38.2138],[25.23,38.1777],[25.2327,38.14],[25.2573,38.119],[25.3048,38.1137],[25.3366,38.1293]]],[[[25.8959,37.1953],[25.9313,37.1884],[25.9745,37.205],[25.9903,37.2411],[25.9778,37.2683],[25.9365,37.2877],[25.881,37.2715],[25.8652,37.2355],[25.8959,37.1953]]],[[[25.0286,37.1515],[25.0639,37.1446],[25.1072,37.1612],[25.123,37.1973],[25.1105,37.2245],[25.0692,37.2439],[25.0137,37.2278],[24.9978,37.1917],[25.0286,37.1515]]],[[[26.4175,37.0523],[26.3357,37.0298],[26.2483,37.0271],[26.2186,36.9995],[26.2173,36.9651],[26.2417,36.938],[26.2904,36.9271],[26.3711,36.9504],[26.5172,36.9584],[26.5426,36.976],[26.5506,37.0017],[26.5257,37.0404],[26.4667,37.0659],[26.4175,37.0523]]]]},"properties":{"id":"Q209065","names":{"ar":"مملكة اليونان","ast":"Reinu de Grecia","az":"Yunanıstan krallığı","be":"Каралеўства Грэцыя","be-x-old":"Каралеўства Грэцыя","bg":"Кралство Гърция","ca":"Regne de Grècia","cs":"Řecké království","da":"Kongeriget Grækenland","de":"Königreich Griechenland","el":"Βασίλειον τῆς Ἑλλάδος","en":"Kingdom of Greece","eo":"Reĝlando Grekio","es":"Reino de Grecia","et":"Hellenite kuningriik","eu":"Greziako Erresuma","fa":"پادشاهی یونان","fi":"Kreikan kuningaskunta","fr":"Royaume de Grèce","gl":"Reino de Grecia","he":"ממלכת יוון","hr":"Kraljevina Grčka","hy":"Հունաստանի թագավորություն","ia":"Regno de Grecia","id":"Kerajaan Yunani","it":"Regno di Grecia","ja":"ギリシャ王国","ka":"საბერძნეთის სამეფო","ko":"그리스 왕국","ku":"Keyaniya Yewnanistanê","lv":"Grieķijas Karaliste","mk":"Кралство Грција","ms":"Kerajaan beraja Greece","nb":"Kongeriket Hellas","nl":"Koninkrijk Griekenland","nn":"Kongedømet Hellas","no":"Kongeriket Hellas","pdt":"Griechenrikj","pl":"Królestwo Grecji","pt":"Reino da Grécia","ro":"Regatul Greciei","ru":"Королевство Греция","rue":"Кралёвство Ґреція","sc":"Regnu de Grètzia","sh":"Kraljevina Grčka","sk":"Grécke kráľovstvo","sl":"Kraljevina Grčija","sq":"Mbretëria e Greqisë","sr":"Краљевина Грчка","sv":"Kungariket Grekland","ta":"கிரேக்க இராச்சியம்","th":"ราชอาณาจักรกรีซ","tr":"Yunanistan Krallığı","uk":"Грецьке королівство","ur":"مملکت یونان","vi":"Vương quốc Hy Lạp","yo":"Ilẹ̀ Ọba Gríìsì","zh":"希臘王國"},"from":1881,"to":1912,"wikidata":"Q209065","adminLevel":2,"source":"OpenHistoricalMap","sourceUrl":"https://www.openhistoricalmap.org"}},{"type":"Feature","geometry":{"type":"MultiPolygon","coordinates":[[[[28.6321,43.7388],[28.4463,43.7337],[28.2315,43.76],[27.9973,43.8421],[27.9444,43.9848],[27.9197,44.0059],[27.8434,43.9663],[27.7353,43.9537],[27.7101,43.9593],[27.6736,44.0298],[27.6436,44.048],[27.612,44.0122],[27.4689,44.0225],[27.3994,44.0122],[27.3575,44.057],[27.2968,44.0736],[27.2728,44.1266],[27.2103,44.1169],[27.0664,44.1489],[26.9103,44.1367],[26.6874,44.0576],[26.3183,44.0292],[26.1971,43.9846],[26.1442,43.9833],[26.1072,43.9698],[26.0526,43.9013],[25.9535,43.8595],[25.8692,43.77],[25.8064,43.7427],[25.78,43.7088],[25.3944,43.6184],[25.1898,43.6973],[25.1122,43.6837],[24.9741,43.7218],[24.8147,43.7118],[24.7285,43.6845],[24.6114,43.7447],[24.5125,43.7618],[24.3414,43.6957],[24.1749,43.6813],[23.9786,43.7426],[23.8516,43.7586],[23.778,43.8003],[23.6073,43.7916],[23.4139,43.8532],[23.2678,43.846],[23.0649,43.7962],[22.9001,43.8259],[22.8694,43.8373],[22.8364,43.8764],[22.8798,43.9832],[23.0062,44.0115],[23.0442,44.0706],[22.993,44.0983],[22.9242,44.1005],[22.7355,44.2023],[22.6465,44.2089],[22.6139,44.1658],[22.6258,44.151],[22.6067,44.1409],[22.6119,44.1233],[22.5793,44.1158],[22.5645,44.0772],[22.476,44.0966],[22.4518,44.0688],[22.3785,44.0403],[22.3292,43.9918],[22.3714,43.9858],[22.3417,43.9525],[22.3926,43.9174],[22.3611,43.8043],[22.3999,43.7592],[22.4099,43.6946],[22.4913,43.64],[22.4903,43.5557],[22.5356,43.4701],[22.5742,43.4635],[22.6015,43.4352],[22.6604,43.4259],[22.6825,43.3941],[22.76,43.3791],[22.8252,43.3309],[22.8478,43.2775],[22.8965,43.2267],[22.9898,43.1982],[22.8346,43.1493],[22.7265,43.0395],[22.6707,43.0079],[22.6384,43.0234],[22.5563,43.0062],[22.5114,43.0135],[22.5387,42.9617],[22.4858,42.9296],[22.492,42.8832],[22.5161,42.8577],[22.3606,42.798],[22.3654,42.7238],[22.3892,42.7129],[22.3853,42.7006],[22.3421,42.6365],[22.3122,42.6113],[22.2729,42.6076],[22.2322,42.559],[22.227,42.5304],[22.2114,42.5269],[22.2044,42.4578],[22.1508,42.4418],[22.0419,42.4753],[22.0125,42.4123],[21.956,42.4001],[21.8982,42.4138],[21.7603,42.5309],[21.7776,42.5617],[21.8418,42.5894],[21.8533,42.6148],[21.8262,42.6441],[21.7899,42.6512],[21.7534,42.6997],[21.6818,42.6889],[21.6618,42.6672],[21.6383,42.6982],[21.5886,42.7039],[21.5828,42.7275],[21.3907,42.7489],[21.4247,42.8106],[21.4346,42.8701],[21.3664,42.8712],[21.327,42.9026],[21.2791,42.8947],[21.2356,42.9509],[21.2355,43.0091],[21.1982,43.0232],[21.169,43.0045],[21.1385,43.1121],[21.0844,43.1331],[21.0561,43.1088],[21.0121,43.1344],[20.9571,43.126],[20.8491,43.1745],[20.7346,43.1736],[20.6893,43.2267],[20.609,43.2122],[20.4421,43.2722],[20.3261,43.2462],[20.256,43.3172],[20.1709,43.3132],[20.0185,43.4539],[19.7205,43.5376],[19.6806,43.5963],[19.647,43.5764],[19.6037,43.6097],[19.5157,43.6278],[19.5311,43.6692],[19.5148,43.7153],[19.4243,43.7916],[19.3943,43.7986],[19.2536,43.9511],[19.2349,44.0089],[19.3131,43.9946],[19.3835,43.9616],[19.5217,43.9557],[19.5634,43.9969],[19.6221,44.0184],[19.6235,44.0489],[19.5945,44.0717],[19.5712,44.0484],[19.4767,44.1168],[19.476,44.1495],[19.4379,44.1344],[19.4097,44.1683],[19.3579,44.1862],[19.3448,44.2396],[19.318,44.2733],[19.237,44.2619],[19.2164,44.2879],[19.1621,44.2869],[19.1035,44.3765],[19.1473,44.4226],[19.1298,44.5205],[19.1708,44.5241],[19.1913,44.5471],[19.1832,44.5729],[19.2219,44.5929],[19.2775,44.689],[19.2991,44.6903],[19.3122,44.7413],[19.3276,44.7427],[19.3243,44.7637],[19.3068,44.7642],[19.3244,44.7845],[19.2993,44.7823],[19.3199,44.8227],[19.3532,44.8265],[19.3478,44.8557],[19.3653,44.855],[19.3711,44.8773],[19.3376,44.8943],[19.2526,44.9123],[19.217,44.896],[19.1711,44.9206],[19.0645,44.862],[18.8591,44.8529],[18.7648,44.9046],[18.7509,44.9395],[18.8013,44.9369],[18.7846,44.9711],[18.7962,44.9885],[18.7276,44.9986],[18.738,45.0165],[18.6684,45.0607],[18.685,45.0733],[18.6786,45.0924],[18.6594,45.0881],[18.6588,45.0577],[18.6079,45.0638],[18.6313,45.0815],[18.6265,45.0961],[18.6136,45.0807],[18.5759,45.0948],[18.5759,45.067],[18.5413,45.0941],[18.5373,45.0505],[18.4778,45.0621],[18.4235,45.1082],[18.3239,45.1014],[18.2519,45.1392],[18.2124,45.1249],[18.2214,45.0998],[18.1981,45.0791],[18.1171,45.081],[18.0718,45.1067],[18.0832,45.1238],[18.0701,45.1411],[18.0389,45.1259],[18.0082,45.1516],[17.9628,45.1129],[17.9327,45.1076],[17.9317,45.079],[17.8524,45.044],[17.6686,45.1338],[17.6018,45.1066],[17.5546,45.1096],[17.5526,45.129],[17.5336,45.1103],[17.4818,45.1106],[17.4888,45.1374],[17.4493,45.128],[17.4517,45.1584],[17.4101,45.1344],[17.3546,45.1394],[17.2746,45.1892],[17.2465,45.1464],[17.1743,45.1481],[17.0724,45.19],[17.0385,45.2246],[17.0099,45.2145],[17.0118,45.2381],[16.9881,45.2236],[16.9654,45.2492],[16.9771,45.233],[16.939,45.2272],[16.9501,45.2512],[16.9327,45.2765],[16.9043,45.2505],[16.8841,45.256],[16.8837,45.2272],[16.8675,45.2323],[16.8755,45.2245],[16.8582,45.2092],[16.8354,45.2186],[16.8427,45.1977],[16.8181,45.1848],[16.7351,45.2065],[16.6917,45.1968],[16.6011,45.2309],[16.5184,45.2229],[16.491,45.2075],[16.4649,45.1448],[16.3947,45.1129],[16.3835,45.0535],[16.3444,45.0016],[16.2936,44.999],[16.1928,45.0319],[16.1564,45.0821],[16.0845,45.1106],[16.0487,45.1783],[16.0185,45.1802],[16.0298,45.1983],[15.9787,45.2302],[15.9285,45.2111],[15.9209,45.2296],[15.8911,45.2274],[15.8941,45.2176],[15.8421,45.2249],[15.7866,45.1927],[15.7663,45.1606],[15.7905,45.1162],[15.7479,45.0554],[15.7829,44.997],[15.7826,44.9766],[15.7551,44.9703],[15.7396,44.9334],[15.7601,44.8739],[15.8126,44.8098],[15.9275,44.7154],[15.9993,44.6248],[16.0225,44.56],[16.1209,44.5144],[16.1407,44.4801],[16.1416,44.4207],[16.1182,44.4024],[16.1302,44.3848],[16.2062,44.3601],[16.2183,44.3431],[16.1876,44.3031],[16.2194,44.2233],[16.1724,44.2092],[16.2119,44.2151],[16.2383,44.2006],[16.3695,44.0821],[16.4277,44.0832],[16.4419,44.0673],[16.4367,44.0313],[16.5068,44.0175],[16.5642,43.9492],[16.7053,43.8583],[16.7461,43.776],[16.8116,43.7555],[17.0145,43.5715],[17.1496,43.4956],[17.2255,43.4977],[17.2825,43.4678],[17.2843,43.4356],[17.2521,43.4047],[17.3318,43.2736],[17.4219,43.2296],[17.4306,43.1802],[17.6365,43.0919],[17.7121,42.973],[17.5551,42.9307],[17.6438,42.8925],[17.6887,42.9227],[17.7872,42.8916],[17.8091,42.9171],[17.8394,42.9045],[17.8702,42.8466],[17.9002,42.8325],[17.8913,42.8098],[17.9502,42.799],[18.0032,42.7579],[18.0984,42.7172],[18.1028,42.6867],[18.1376,42.6799],[18.1573,42.6539],[18.1766,42.6612],[18.2441,42.6027],[18.2866,42.617],[18.3707,42.612],[18.4376,42.5565],[18.4414,42.4815],[18.5252,42.4205],[18.4725,42.4981],[18.5274,42.5144],[18.5588,42.5482],[18.5441,42.5657],[18.5517,42.588],[18.5212,42.6175],[18.5709,42.6519],[18.5481,42.6859],[18.5698,42.7197],[18.4779,42.7525],[18.4481,42.8154],[18.474,42.8282],[18.4658,42.847],[18.5058,42.8857],[18.4842,42.9325],[18.4939,42.986],[18.5436,43.0324],[18.6548,43.0377],[18.6509,43.1528],[18.6676,43.2039],[18.7151,43.2313],[18.6919,43.2519],[18.848,43.323],[18.8488,43.3493],[18.9083,43.3601],[18.9588,43.3297],[18.9532,43.293],[19.06,43.2136],[19.1678,43.2228],[19.3097,43.1293],[19.3594,43.1148],[19.4123,43.0157],[19.6733,42.9388],[19.6833,42.9052],[19.673,42.8855],[19.714,42.8362],[19.7988,42.7951],[19.9768,42.7498],[19.9819,42.7063],[20.0153,42.7011],[20.0054,42.6615],[19.9325,42.6442],[19.9236,42.6498],[19.9567,42.6891],[19.9386,42.702],[19.9164,42.6918],[19.9002,42.6416],[19.8786,42.6319],[19.844,42.6566],[19.7984,42.6608],[19.7547,42.6405],[19.7177,42.6573],[19.6542,42.6346],[19.607,42.5652],[19.6175,42.5458],[19.5651,42.5091],[19.5038,42.4303],[19.4537,42.4384],[19.4108,42.4207],[19.3627,42.4346],[19.318,42.4208],[19.2677,42.3227],[19.2835,42.3089],[19.2472,42.2641],[19.3342,42.1096],[19.2762,42.0558],[19.2307,42.0499],[19.2168,42.032],[19.2757,41.9824],[19.3489,41.9729],[19.3514,41.9398],[19.3703,41.9275],[19.3426,41.911],[19.3771,41.8873],[19.3704,41.8456],[19.3426,41.8147],[19.4427,41.8212],[19.5357,41.7874],[19.5224,41.7529],[19.5294,41.6106],[19.4515,41.6223],[19.4062,41.6026],[19.416,41.5408],[19.4621,41.4998],[19.4071,41.4493],[19.3656,41.4457],[19.342,41.419],[19.376,41.3104],[19.4096,41.2789],[19.4698,41.2559],[19.426,41.1835],[19.3901,41.1591],[19.4079,41.0894],[19.3915,41.0066],[19.4104,40.9667],[19.3696,40.933],[19.3496,40.8697],[19.3145,40.8338],[19.3157,40.7242],[19.2657,40.6688],[19.2648,40.6386],[19.3164,40.5727],[19.3303,40.5227],[19.2605,40.5516],[19.2209,40.529],[19.2145,40.4984],[19.2446,40.4483],[19.2443,40.4036],[19.2993,40.3574],[19.3293,40.2881],[19.4133,40.2054],[19.6989,40.0731],[19.7715,40.0137],[19.8265,40.0109],[19.8741,39.9426],[19.8585,39.911],[19.866,39.8879],[19.9507,39.8418],[19.9776,39.7909],[19.9321,39.6924],[20.0463,39.5925],[20.1493,39.4636],[20.2003,39.3628],[20.2317,39.3481],[20.2503,39.3017],[20.3254,39.2469],[20.4148,39.2379],[20.4406,39.1895],[20.6523,39.0387],[20.6523,38.9851],[20.695,38.9197],[20.7484,38.9397],[20.7614,38.9631],[20.8191,38.9439],[20.8678,38.9685],[21.0443,38.9551],[21.0828,39.2748],[21.0937,39.5125],[21.3904,39.7579],[21.5222,39.8212],[21.7914,39.6818],[22.0935,39.7621],[22.3407,39.7241],[22.8076,39.8835],[22.7773,39.8994],[22.7525,39.9759],[22.6489,40.0293],[22.603,40.1424],[22.6395,40.1933],[22.6552,40.2679],[22.7154,40.3592],[22.7096,40.3839],[22.6645,40.4195],[22.7233,40.4605],[22.7545,40.4698],[22.8103,40.4363],[22.8543,40.3421],[22.9239,40.3406],[22.9979,40.2871],[23.2662,40.1948],[23.255,40.0837],[23.3196,40.0016],[23.3023,39.9491],[23.3268,39.9193],[23.4517,39.929],[23.584,39.8809],[23.7136,39.8674],[23.7743,39.8805],[23.8026,39.9141],[23.7843,39.9618],[23.7403,39.975],[23.7099,40.0074],[23.5122,40.0776],[23.4617,40.1487],[23.4018,40.1799],[23.3901,40.2071],[23.4122,40.2337],[23.5174,40.1977],[23.6211,40.1868],[23.7077,40.1067],[23.6637,40.0634],[23.6825,40.0283],[23.744,40.0187],[23.789,39.9747],[23.846,39.961],[23.8962,39.9056],[23.9672,39.9002],[24.0323,39.9242],[24.0715,39.9957],[24.0417,40.1299],[23.9358,40.1943],[23.862,40.2145],[23.8234,40.2569],[23.749,40.2965],[23.8305,40.3156],[23.9067,40.2728],[24.1229,40.2456],[24.1831,40.1683],[24.2372,40.1326],[24.2476,40.102],[24.2917,40.0738],[24.4274,40.1046],[24.4514,40.1286],[24.4502,40.1622],[24.4198,40.2137],[24.332,40.2709],[24.2796,40.3419],[24.1877,40.3919],[24.0938,40.4111],[24.0345,40.4866],[23.9729,40.4825],[23.9449,40.4602],[23.9435,40.4234],[23.9146,40.4328],[23.8759,40.478],[23.9561,40.493],[23.9811,40.5147],[23.9828,40.5404],[23.9232,40.5893],[23.8352,40.6212],[23.7547,40.6959],[23.7653,40.7121],[23.8393,40.7409],[24.0454,40.6777],[24.11,40.6851],[24.3714,40.7928],[24.392,40.8161],[24.404,40.8723],[24.5076,40.9141],[24.5917,40.8287],[24.5161,40.7822],[24.4618,40.6779],[24.4591,40.6335],[24.4907,40.592],[24.5475,40.5821],[24.5884,40.5268],[24.6433,40.5196],[24.8056,40.5739],[24.8355,40.618],[24.8341,40.7519],[24.765,40.8068],[24.8279,40.811],[24.9188,40.8804],[25.0113,40.8944],[25.0719,40.9524],[25.0944,40.9258],[25.1564,40.902],[25.2633,40.8819],[25.3218,40.9025],[25.3469,40.8778],[25.531,40.8215],[25.9026,40.794],[25.9321,40.8029],[25.976,40.7543],[25.9744,40.7251],[26.011,40.6712],[26.0079,40.6331],[26.0279,40.5991],[26.1032,40.5567],[26.3122,40.5506],[26.4633,40.5711],[26.5423,40.5514],[26.6259,40.5947],[26.7829,40.6018],[26.7259,40.5958],[26.669,40.5529],[26.5835,40.5394],[26.429,40.4762],[26.2316,40.379],[26.1645,40.3279],[26.1811,40.272],[26.218,40.2446],[26.2147,40.2005],[26.1184,40.0714],[26.1133,40.0459],[26.1357,40.015],[26.1151,39.9723],[26.0375,39.9774],[26.0049,39.9445],[26.0231,39.9034],[26.0997,39.8969],[26.0935,39.8775],[25.9527,39.8798],[25.9236,39.8667],[25.9092,39.8392],[25.9344,39.7945],[26.0263,39.7508],[26.0898,39.7403],[26.1094,39.6705],[26.0977,39.6354],[26.0595,39.6055],[26.0094,39.4788],[26.053,39.4323],[26.1542,39.4137],[26.1132,39.3691],[26.0534,39.3383],[25.8701,39.3278],[25.8072,39.2722],[25.7826,39.2303],[25.7785,39.1841],[25.8416,39.1183],[25.93,39.0687],[26,39.0631],[26.0799,39.0309],[26.1536,38.9652],[26.2195,38.9759],[26.3002,38.941],[26.4077,38.921],[26.5355,38.9321],[26.5885,38.9668],[26.6476,38.9818],[26.6688,39.0227],[26.6611,39.0615],[26.6197,39.1066],[26.5861,39.189],[26.5405,39.2117],[26.4809,39.2724],[26.5016,39.3064],[26.4854,39.3434],[26.3543,39.4297],[26.2543,39.4216],[26.2874,39.442],[26.3776,39.44],[26.47,39.4804],[26.645,39.5123],[26.8851,39.5273],[26.8228,39.5074],[26.7535,39.4556],[26.7447,39.4059],[26.7229,39.3952],[26.6982,39.4247],[26.6349,39.4357],[26.5797,39.4377],[26.5376,39.4187],[26.5229,39.3859],[26.544,39.3255],[26.5248,39.2725],[26.5614,39.2377],[26.6831,39.2251],[26.6893,39.1858],[26.7269,39.1399],[26.7807,39.1222],[26.8167,39.09],[26.7629,39.0635],[26.7459,39.0332],[26.7438,38.9563],[26.7714,38.8857],[26.816,38.8691],[26.9489,38.8888],[26.8565,38.8552],[26.8403,38.8093],[26.7074,38.7742],[26.6645,38.7253],[26.6569,38.6818],[26.7234,38.5835],[26.6807,38.5863],[26.6408,38.5671],[26.5591,38.681],[26.5001,38.7111],[26.412,38.722],[26.3131,38.678],[26.3003,38.6433],[26.3085,38.5567],[26.2522,38.5621],[26.0874,38.6314],[25.9966,38.6459],[25.8259,38.6141],[25.7815,38.5619],[25.7793,38.53],[25.8206,38.4668],[25.8964,38.4307],[25.9331,38.367],[25.8287,38.2937],[25.8157,38.2267],[25.8536,38.1822],[25.9827,38.1112],[26.0338,38.1089],[26.0773,38.1608],[26.1391,38.1823],[26.1652,38.2168],[26.1684,38.2625],[26.2089,38.2276],[26.2588,38.2229],[26.3127,38.1878],[26.3693,38.1828],[26.4639,38.1449],[26.488,38.1019],[26.5708,38.064],[26.6392,38.0704],[26.6667,38.1004],[26.6855,38.157],[26.7184,38.1658],[26.7409,38.1292],[26.7865,38.1096],[26.7956,38.0566],[26.8326,37.995],[26.8779,37.988],[26.964,38.033],[27.1224,37.9451],[27.2128,37.9452],[27.2104,37.8905],[27.1825,37.838],[27.213,37.7908],[27.1985,37.7566],[27.161,37.7421],[27.1207,37.7318],[27.1197,37.7891],[27.0863,37.8185],[26.9963,37.8382],[26.9074,37.8211],[26.8578,37.8475],[26.7319,37.8544],[26.5696,37.7979],[26.5147,37.7413],[26.5257,37.7016],[26.4714,37.6849],[26.4451,37.6496],[26.3894,37.6375],[26.4108,37.6606],[26.4163,37.7032],[26.3619,37.7335],[26.272,37.7174],[26.1955,37.6737],[26.0624,37.6746],[25.9652,37.6],[25.9213,37.5295],[25.925,37.5021],[25.9553,37.474],[26.0616,37.4728],[26.1413,37.5173],[26.2428,37.532],[26.3456,37.5916],[26.368,37.5068],[26.495,37.4612],[26.5866,37.4871],[26.6003,37.5271],[26.5765,37.5542],[26.6187,37.5844],[26.622,37.638],[26.677,37.6647],[26.7122,37.6632],[26.7512,37.5959],[26.7748,37.5852],[26.9009,37.6027],[26.948,37.6461],[26.986,37.6116],[27.0878,37.5918],[27.1321,37.5062],[27.1321,37.4592],[27.1673,37.434],[27.1385,37.3567],[27.1466,37.332],[27.2256,37.2968],[27.3379,37.3006],[27.398,37.2637],[27.4206,37.22],[27.4734,37.1962],[27.4445,37.1688],[27.4118,37.2004],[27.3631,37.2174],[27.2349,37.1702],[27.1722,37.062],[27.2031,36.9922],[27.1064,36.9989],[27.1002,37.0141],[27.1358,37.0218],[27.1602,37.0532],[27.1537,37.0794],[27.1195,37.1019],[27.0691,37.1077],[27.021,37.0781],[26.9621,37.106],[26.9532,37.1425],[26.9058,37.2043],[26.8436,37.2534],[26.8542,37.2843],[26.8201,37.3405],[26.8211,37.37],[26.7444,37.4493],[26.6832,37.4446],[26.6458,37.3767],[26.6114,37.4093],[26.5488,37.4204],[26.5095,37.4522],[26.4616,37.4474],[26.4346,37.4141],[26.4414,37.3872],[26.4793,37.366],[26.4754,37.2796],[26.5186,37.2372],[26.5973,37.2344],[26.6578,37.2936],[26.6666,37.2866],[26.6642,37.2482],[26.7079,37.2109],[26.7185,37.1524],[26.8424,37.0425],[26.8283,36.9991],[26.8557,36.9682],[26.8736,36.92],[26.8674,36.8765],[26.8872,36.8512],[26.9371,36.8434],[26.9755,36.8795],[27.0355,36.9039],[27.0761,36.8947],[27.0405,36.8822],[26.9737,36.8204],[26.8893,36.7959],[26.8652,36.7559],[26.8768,36.6858],[26.9249,36.6416],[26.9625,36.6299],[27.0143,36.645],[27.0373,36.7189],[27.0978,36.7139],[27.0559,36.6825],[27.0527,36.6437],[27.0082,36.6339],[26.9794,36.606],[26.9858,36.5658],[27.0398,36.5276],[27.1896,36.5143],[27.2301,36.527],[27.2558,36.5549],[27.2671,36.5816],[27.2286,36.6478],[27.2316,36.6968],[27.1917,36.7245],[27.1459,36.7238],[27.2084,36.7728],[27.3481,36.8073],[27.3988,36.8363],[27.4048,36.8784],[27.3784,36.9205],[27.3495,36.9332],[27.3583,36.9522],[27.3869,36.957],[27.4816,36.9175],[27.5315,36.9373],[27.6677,36.9401],[27.6899,36.9553],[27.8182,36.9551],[27.8832,36.9806],[28.0596,36.9815],[27.9816,36.9537],[27.9612,36.9053],[27.9714,36.881],[27.9417,36.8405],[27.8113,36.8549],[27.7247,36.8274],[27.6313,36.8493],[27.5209,36.796],[27.4502,36.8032],[27.3212,36.736],[27.3105,36.6774],[27.3747,36.6274],[27.4706,36.6048],[27.5908,36.6374],[27.6881,36.6157],[27.7269,36.639],[27.7494,36.7111],[27.7979,36.7124],[27.8222,36.7037],[27.7201,36.6277],[27.6988,36.5601],[27.7327,36.5307],[27.779,36.5259],[27.8327,36.4785],[27.878,36.4717],[27.9098,36.4855],[27.9256,36.5331],[27.9759,36.5109],[28.1189,36.5466],[28.2062,36.6409],[28.3455,36.7039],[28.3485,36.7551],[28.403,36.7423],[28.4533,36.767],[28.4854,36.7502],[28.5575,36.7474],[28.5667,36.6931],[28.5877,36.6684],[28.6686,36.6489],[28.7329,36.6598],[28.7918,36.5749],[28.8413,36.5458],[28.9017,36.5692],[28.9914,36.6635],[29.005,36.6603],[28.9552,36.5421],[28.9822,36.5068],[29.0547,36.4971],[29.0474,36.4726],[29.062,36.4424],[29.0466,36.3878],[29.0619,36.3585],[29.323,36.194],[29.4421,36.1774],[29.4353,36.1398],[29.4572,36.1157],[29.6386,36.0641],[29.6845,36.0875],[29.7512,36.0801],[29.8487,36.1241],[29.9035,36.1302],[29.9621,36.1746],[30.0055,36.179],[30.065,36.2105],[30.1434,36.2104],[30.2204,36.2714],[30.2764,36.2703],[30.3391,36.2355],[30.3728,36.1742],[30.4371,36.1749],[30.5242,36.2479],[30.5413,36.2902],[30.5825,36.331],[30.5397,36.4024],[30.6432,36.5794],[30.6397,36.6152],[30.6114,36.6378],[30.6398,36.7981],[30.6845,36.8353],[30.7523,36.8045],[30.999,36.8153],[31.3157,36.7677],[31.3622,36.7261],[31.5286,36.6771],[31.7536,36.5651],[31.935,36.5156],[31.9802,36.4874],[32.0138,36.489],[32.1237,36.3902],[32.1671,36.3177],[32.2225,36.2732],[32.2512,36.2109],[32.3151,36.1758],[32.3632,36.1256],[32.4609,36.0722],[32.6505,36.0032],[32.8073,35.9725],[32.8986,36.0336],[32.965,36.0555],[33.0997,36.0293],[33.1607,36.0915],[33.3545,36.0956],[33.3959,36.0818],[33.4649,36.1112],[33.5632,36.0825],[33.5918,36.0903],[33.624,36.126],[33.6581,36.0955],[33.7026,36.0931],[33.7522,36.136],[33.8183,36.1568],[33.8865,36.2598],[33.9244,36.1979],[33.9924,36.1963],[34.0347,36.2526],[34.1128,36.2892],[34.1312,36.323],[34.1306,36.3851],[34.2039,36.435],[34.3028,36.5448],[34.46,36.6287],[34.5974,36.7349],[34.6773,36.7635],[34.8086,36.7525],[34.8711,36.6908],[34.9761,36.6732],[35.3437,36.4959],[35.4497,36.5463],[35.5541,36.5265],[35.6433,36.5559],[35.6757,36.5827],[35.7048,36.6457],[35.7629,36.6852],[35.7711,36.7182],[35.8866,36.7683],[36.0143,36.8793],[36.1124,36.81],[36.1359,36.7741],[36.1386,36.6387],[36.0225,36.5859],[35.9354,36.511],[35.8914,36.4949],[35.8232,36.4409],[35.7275,36.3265],[35.7452,36.2542],[35.8606,36.1121],[35.9071,36.0251],[35.8618,35.9778],[35.8334,35.9096],[35.752,35.8733],[35.7512,35.8233],[35.7815,35.7546],[35.7238,35.7],[35.7137,35.6404],[35.6582,35.5895],[35.7102,35.4823],[35.7388,35.4604],[35.8047,35.4481],[35.8546,35.3843],[35.8645,35.2528],[35.8845,35.2209],[35.8338,35.1306],[35.8324,35.0283],[35.7983,34.8642],[35.8331,34.7594],[35.8745,34.7408],[35.9284,34.5699],[35.8634,34.5128],[35.7856,34.5416],[35.7333,34.525],[35.721,34.4798],[35.75,34.4414],[35.6879,34.4095],[35.6064,34.3154],[35.5707,34.1542],[35.5838,34.095],[35.5379,33.9763],[35.4176,33.926],[35.4238,33.855],[35.3263,33.5987],[35.1959,33.4097],[35.1457,33.2944],[35.1492,33.2171],[35.0503,33.1157],[35.016,33.0122],[35.0092,32.8868],[34.9625,32.8885],[34.9013,32.8433],[34.7724,32.2793],[34.6135,31.8931],[34.4447,31.6217],[34.1741,31.3628],[34.2449,31.2826],[34.4034,30.8591],[34.4953,30.6825],[34.5186,30.5325],[34.5577,30.4947],[34.5435,30.4129],[34.6115,30.3711],[34.8486,29.7588],[34.8566,29.688],[34.8786,29.6437],[34.8786,29.5434],[34.9212,29.4536],[34.8304,29.2696],[34.8157,29.1935],[34.7678,29.0827],[34.7616,28.9526],[34.7334,28.9056],[34.7364,28.8415],[34.6878,28.6722],[34.677,28.5789],[34.5453,28.2782],[34.5139,28.1238],[34.4651,28.0229],[34.4593,27.9185],[34.5589,27.8604],[34.7335,27.8643],[34.7761,27.8817],[34.7929,27.9077],[34.7943,27.946],[34.7582,27.9952],[34.767,28.0024],[34.9662,28.0435],[35.0129,28.0056],[35.1001,28.0008],[35.1646,27.8971],[35.2414,27.8828],[35.2853,27.8353],[35.308,27.7746],[35.3789,27.741],[35.4614,27.5899],[35.4822,27.5033],[35.5402,27.4113],[35.5993,27.3454],[35.6852,27.2922],[35.7449,27.2149],[35.6907,27.1489],[35.7105,27.0731],[35.7477,27.0381],[35.8043,27.0321],[35.9062,26.946],[35.9794,26.8558],[36.0093,26.7914],[35.9846,26.7566],[35.992,26.7174],[36.0283,26.6943],[36.0723,26.7009],[36.1156,26.6566],[36.0555,26.6209],[36.0663,26.5638],[36.1294,26.5509],[36.1561,26.5694],[36.1661,26.6083],[36.2366,26.5018],[36.3751,26.2423],[36.3097,26.2178],[36.3078,26.1597],[36.4341,26.102],[36.4245,26.0569],[36.4581,26.0179],[36.5351,26.0286],[36.6428,26.0089],[36.6351,25.9341],[36.5658,25.9227],[36.5483,25.8758],[36.5095,25.8566],[36.4826,25.8183],[36.4884,25.7175],[36.4387,25.6933],[36.4219,25.6669],[36.4206,25.6315],[36.4411,25.5944],[36.4899,25.5651],[36.5345,25.564],[36.5833,25.5885],[36.6021,25.6441],[36.6263,25.6557],[36.6698,25.6222],[36.6339,25.6148],[36.6117,25.5918],[36.6225,25.5342],[36.6939,25.5123],[36.8477,25.3302],[36.9028,25.3131],[36.9349,25.2842],[36.9684,25.2803],[37.0098,25.2994],[37.0266,25.3259],[37.0192,25.3656],[37.0296,25.3644],[37.0533,25.2949],[37.087,25.2527],[37.0982,25.1384],[37.1503,25.1088],[37.2027,25.1213],[37.1828,25.0656],[37.2213,24.9795],[37.157,24.993],[37.0798,25.037],[37.008,25.0126],[36.9905,24.9654],[37.0241,24.926],[37.1433,24.8963],[37.1033,24.8564],[37.0993,24.8047],[37.1559,24.7258],[37.1662,24.6844],[37.2595,24.6214],[37.3654,24.4658],[37.3654,24.3701],[37.3845,24.3345],[37.4629,24.2462],[37.557,24.1935],[37.6386,24.1971],[37.6763,24.2187],[37.7101,24.2123],[37.7997,24.1266],[37.9027,24.1021],[38.0156,24.0261],[38.0649,24.0097],[38.1905,23.9078],[38.2572,23.8817],[38.3906,23.7663],[38.4225,23.662],[38.4791,23.575],[38.488,23.5193],[38.5245,23.4883],[38.5745,23.4774],[38.632,23.2785],[38.6796,23.1839],[38.7402,23.1261],[38.7377,23.0013],[38.9574,22.6813],[39.0182,22.5509],[39.0128,22.5011],[39.027,22.4637],[39.0086,22.3764],[39.0134,22.3059],[38.9626,22.3059],[38.9302,22.2776],[38.9289,22.2364],[38.9703,22.2031],[38.9723,22.1805],[38.9518,22.1325],[38.9081,22.1048],[38.8678,22.0236],[38.8785,21.9251],[39.0353,21.6708],[39.0471,21.5297],[39.0842,21.467],[39.089,21.4095],[39.0498,21.3475],[39.0464,21.2816],[38.9993,21.2622],[38.9736,21.2048],[38.9952,21.1414],[38.9771,21.1081],[38.9845,21.0672],[39.0321,21.0418],[39.0737,21.0566],[39.1069,21.1698],[39.1294,21.0832],[39.1982,21.0229],[39.1476,21.025],[39.1153,20.9965],[39.117,20.8902],[39.15,20.8631],[39.1835,20.8591],[39.2413,20.9104],[39.297,20.8708],[39.3626,20.8087],[39.3937,20.7343],[39.4627,20.663],[39.5372,20.519],[39.6445,20.4005],[39.8693,20.23],[40.1118,20.1536],[40.2061,20.1041],[40.2679,20.0519],[40.3566,20.0222],[40.4766,19.9357],[40.4811,19.8829],[40.5117,19.8525],[40.5274,19.8042],[40.5268,19.7534],[40.5951,19.6888],[40.5456,19.6553],[40.5494,19.6038],[40.6268,19.565],[40.6801,19.5665],[40.6963,19.4857],[40.7551,19.4568],[40.8192,19.3445],[40.8453,19.2418],[40.8708,19.2209],[40.9254,19.2245],[40.9808,19.198],[41.0149,19.1011],[40.9898,19.0693],[40.9886,19.0273],[41.0191,18.9967],[41.0332,18.9407],[41.0738,18.9234],[41.1201,18.8387],[41.1681,18.808],[41.1504,18.6956],[41.2168,18.5682],[41.2615,18.5387],[41.3109,18.5326],[41.3477,18.5011],[41.415,18.258],[41.488,18.1159],[41.5702,18.0245],[41.6281,17.9219],[41.7374,17.8023],[41.839,17.7538],[42.0587,17.5896],[42.0862,17.5412],[42.1607,17.5],[42.2509,17.3997],[42.3076,16.9983],[42.3602,16.9625],[42.4044,16.973],[42.4302,17.0076],[42.4732,16.9915],[42.4818,16.9288],[42.4729,16.8794],[42.4536,16.9222],[42.4243,16.9382],[42.3805,16.9311],[42.3584,16.9068],[42.2959,16.9143],[42.2636,16.8851],[42.2623,16.8426],[42.3149,16.8068],[42.3696,16.8396],[42.3979,16.83],[42.3893,16.7762],[42.4131,16.7322],[42.4423,16.7161],[42.5026,16.7381],[42.5188,16.8095],[42.6187,16.7553],[42.6674,16.6439],[42.6555,16.5651],[42.6757,16.4966],[42.7113,16.4541],[42.7058,16.3825],[42.741,16.3261],[42.7827,16.061],[42.7643,15.8943],[42.6933,15.7942],[42.61,15.819],[42.5492,15.7585],[42.5048,15.8153],[42.599,15.8177],[42.639,15.8903],[42.6402,15.9345],[42.6836,15.9793],[42.6766,16.0189],[42.6419,16.0594],[42.5931,16.0751],[42.5648,16.0615],[42.5346,16.0153],[42.5562,15.9608],[42.5299,15.8897],[42.4839,15.9106],[42.4055,15.8829],[42.3866,15.8499],[42.4128,15.8014],[42.362,15.7956],[42.3278,15.7613],[42.2937,15.7706],[42.2661,15.76],[42.2356,15.7186],[42.2352,15.6808],[42.2629,15.632],[42.3041,15.6085],[42.3416,15.619],[42.3601,15.6647],[42.4524,15.6521],[42.5365,15.6603],[42.5373,15.6299],[42.4885,15.6346],[42.4579,15.6111],[42.4627,15.5566],[42.4402,15.5278],[42.4003,15.5775],[42.3651,15.5861],[42.3116,15.5542],[42.3073,15.5167],[42.3473,15.4546],[42.3863,15.4246],[42.429,15.4242],[42.4596,15.4478],[42.5286,15.4408],[42.4826,15.3085],[42.4916,15.2794],[42.5482,15.2221],[42.5205,15.1823],[42.5467,15.1336],[42.6542,15.1367],[42.7053,15.1621],[42.813,15.1097],[42.8209,15.016],[42.849,14.9687],[42.822,14.9339],[42.8223,14.8693],[42.894,14.7641],[42.9088,14.6907],[42.8555,14.6639],[42.851,14.6171],[42.8906,14.5657],[43.0189,14.2143],[43.0505,14.0405],[43.0963,13.9871],[43.1233,13.9177],[43.174,13.8677],[43.227,13.7012],[43.2249,13.5804],[43.1734,13.2918],[43.2112,13.1836],[43.3105,13.0412],[43.3911,12.8685],[43.4343,12.8182],[43.4153,12.7294],[43.3545,12.6999],[43.338,12.6476],[43.3734,12.6044],[43.4233,12.5851],[43.4555,12.5923],[43.4861,12.6196],[43.5472,12.6396],[43.5951,12.6896],[43.6178,12.6881],[43.7695,13.0046],[43.7585,13.7634],[43.8684,14.743],[44.0552,15.3054],[44.0662,15.5384],[44.2969,16.1092],[44.2969,16.415],[44.1211,16.6467],[44.4287,17.0148],[44.8462,17.1618],[44.8885,17.435],[44.1101,17.8324],[43.7036,18.1145],[43.4399,18.3962],[43.0554,18.8751],[41.9568,20.715],[41.4514,21.4326],[41.0669,22.0551],[40.7153,22.5633],[40.3528,23.2414],[40.0781,23.8858],[39.8804,24.4672],[39.6387,24.8266],[39.0674,25.4929],[38.5071,26.0963],[37.9907,26.7358],[37.3535,27.8002],[37.0239,28.256],[36.5735,29.3439],[36.4966,29.6499],[36.5076,30.1451],[36.6614,31.2786],[36.8262,31.7655],[37.0019,32.4078],[37.1228,32.7041],[37.3755,33.0916],[37.6611,33.3305],[38.0676,33.6238],[39.0234,34.0436],[39.6277,34.0254],[40.0781,33.9889],[40.3747,33.8795],[41.001,33.5872],[41.1877,33.459],[41.6272,32.9165],[41.9238,32.6301],[42.3303,32.2964],[42.6929,31.9335],[43.0554,31.6253],[43.1103,31.3818],[43.3081,31.2692],[44.0332,30.5055],[44.1431,30.3729],[44.6155,29.9549],[44.8682,29.793],[45.2856,29.6403],[45.9119,29.3822],[46.1975,29.1426],[46.3183,29.1138],[46.56,29.0178],[47.417,28.6424],[47.7246,28.3044],[47.8674,28.072],[48.241,27.6738],[48.3838,27.3962],[48.5706,27.1618],[48.7958,27.0151],[49.3835,26.4657],[49.4275,26.3033],[49.389,25.9827],[49.5154,25.5226],[49.5758,25.3887],[49.6692,25.3043],[49.834,25.2099],[49.9438,25.0956],[50.0153,24.9661],[50.2185,24.7568],[50.4547,24.5621],[50.6305,24.4722],[50.7623,24.4922],[51.0985,24.4708],[51.3027,24.5056],[51.3722,24.5774],[51.3961,24.6283],[51.4918,24.6435],[51.5578,24.8309],[51.5936,24.8604],[51.7017,25.0307],[51.6712,25.1207],[51.6713,25.23],[51.6927,25.3166],[51.6386,25.3606],[51.6169,25.4415],[51.6371,25.5027],[51.5646,25.5709],[51.6042,25.6115],[51.6402,25.6955],[51.6516,25.7948],[51.6406,25.9332],[51.6144,25.9653],[51.5379,26.0013],[51.4622,26.0013],[51.4139,26.0621],[51.3902,26.1431],[51.2454,26.2069],[51.1522,26.1853],[51.1036,26.1294],[50.9946,26.082],[50.9749,26.0275],[50.9326,26.0003],[50.9377,25.9349],[50.9079,25.8886],[50.9007,25.844],[50.8557,25.8008],[50.853,25.7629],[50.8247,25.796],[50.7776,25.8098],[50.7186,25.785],[50.683,25.6499],[50.6816,25.5886],[50.7164,25.5439],[50.6933,25.4157],[50.7132,25.3214],[50.7166,25.1095],[50.7545,25.0497],[50.7493,24.9706],[50.7991,24.8882],[50.7938,24.8511],[50.7844,24.8571],[50.7709,24.8984],[50.7239,24.943],[50.705,24.9924],[50.6122,25.1111],[50.6137,25.1872],[50.5768,25.2482],[50.5794,25.3046],[50.5447,25.414],[50.4584,25.5275],[50.3207,25.6264],[50.3088,25.6905],[50.17,25.8864],[50.186,25.9386],[50.165,25.9882],[50.1979,26.0219],[50.2158,26.0986],[50.27,26.1675],[50.2847,26.3397],[50.3336,26.3587],[50.353,26.4083],[50.3389,26.4558],[50.3011,26.4725],[50.2611,26.4603],[50.2202,26.5253],[50.1243,26.5278],[50.1414,26.5787],[50.2121,26.5972],[50.2144,26.6627],[50.0262,26.8637],[49.9689,26.897],[49.8968,26.9078],[49.8043,26.9475],[49.7247,27.0039],[49.7038,27.0517],[49.6375,27.114],[49.6387,27.1835],[49.6019,27.2528],[49.6949,27.25],[49.7364,27.2654],[49.7547,27.3086],[49.7275,27.3478],[49.5475,27.4032],[49.4853,27.3998],[49.425,27.3613],[49.3977,27.2834],[49.3766,27.3002],[49.3612,27.349],[49.3588,27.4698],[49.3048,27.5667],[49.2141,27.6009],[49.1177,27.5932],[49.0097,27.6604],[48.9445,27.6796],[48.9272,27.7163],[48.9435,27.7667],[48.9359,27.8469],[48.8217,27.9584],[48.8449,27.9879],[48.8394,28.0248],[48.816,28.0441],[48.7139,28.0705],[48.6677,28.1114],[48.6643,28.1581],[48.6829,28.2121],[48.5792,28.321],[48.57,28.3516],[48.5943,28.4177],[48.5613,28.4608],[48.55,28.5084],[48.4549,28.5851],[48.4365,28.7066],[48.4442,28.7561],[48.4256,28.7789],[48.3337,28.8175],[48.335,28.8963],[48.2613,28.9447],[48.2252,28.999],[48.1481,29.2611],[48.1493,29.3745],[48.1158,29.3969],[48.066,29.3947],[48.0163,29.4405],[47.9761,29.439],[47.9226,29.412],[47.8932,29.4342],[47.837,29.4412],[47.9426,29.5045],[47.9941,29.4599],[48.0394,29.4575],[48.0741,29.5021],[48.0981,29.5089],[48.195,29.482],[48.2471,29.3804],[48.3285,29.3687],[48.4198,29.3304],[48.4757,29.341],[48.4905,29.3927],[48.4497,29.4396],[48.3701,29.5028],[48.2657,29.5328],[48.2612,29.5484],[48.3621,29.6286],[48.3983,29.6763],[48.4372,29.7588],[48.4377,29.8411],[48.649,29.8741],[48.6898,29.8992],[48.461,29.9931],[48.4425,30.0659],[48.3812,30.1255],[48.4134,30.168],[48.4107,30.1972],[48.2711,30.3352],[48.203,30.3187],[48.1585,30.4297],[48.0244,30.4774],[48.0322,30.9963],[47.6828,30.9978],[47.683,31.3946],[47.8659,31.7836],[47.8547,31.8146],[47.8082,31.8421],[47.8085,31.8778],[47.7341,31.9387],[47.7118,31.9733],[47.7124,32.0189],[47.6848,32.0179],[47.6134,32.1092],[47.5654,32.1125],[47.5292,32.1455],[47.5687,32.2189],[47.5021,32.2765],[47.5216,32.2985],[47.4651,32.3161],[47.4443,32.3485],[47.4609,32.3949],[47.3898,32.4668],[47.285,32.4959],[47.2474,32.4641],[47.1684,32.4573],[46.8872,32.632],[46.7206,32.786],[46.6226,32.8222],[46.5187,32.8982],[46.3315,32.9652],[46.2664,32.9724],[46.1736,32.9533],[46.0965,32.9817],[46.0964,33.0113],[46.133,33.0235],[46.1568,33.0652],[46.0432,33.0939],[46.0468,33.1114],[46.0537,33.1281],[46.1217,33.1175],[46.1979,33.1821],[46.2082,33.1969],[46.1832,33.2042],[46.1911,33.2604],[46.1303,33.2962],[46.0864,33.3475],[46.078,33.3879],[46.0055,33.5081],[45.9407,33.4827],[45.863,33.4931],[45.9602,33.5608],[45.9072,33.6062],[45.9088,33.6362],[45.8179,33.6274],[45.7575,33.5944],[45.7717,33.6369],[45.6656,33.7089],[45.6403,33.74],[45.6403,33.7772],[45.607,33.8003],[45.5066,33.9502],[45.4361,33.947],[45.4091,33.9768],[45.4667,34.0096],[45.4792,34.0786],[45.5816,34.1461],[45.5557,34.1921],[45.5817,34.2439],[45.5836,34.3027],[45.5389,34.351],[45.4986,34.3353],[45.4399,34.4581],[45.463,34.4749],[45.5203,34.4801],[45.5266,34.5301],[45.5146,34.5457],[45.5318,34.6018],[45.6043,34.549],[45.6907,34.5554],[45.7375,34.5375],[45.7397,34.5847],[45.698,34.6696],[45.7015,34.6895],[45.6539,34.7242],[45.7021,34.7879],[45.6899,34.8157],[45.7911,34.8521],[45.7876,34.9114],[45.8643,34.896],[45.8938,34.9652],[45.878,35.0328],[45.9289,35.0451],[45.922,35.0955],[45.9982,35.0619],[46.0136,35.0715],[46.065,35.0409],[46.0796,35.0854],[46.1166,35.0741],[46.19,35.1102],[46.1559,35.1326],[46.1567,35.163],[46.1979,35.1924],[46.1903,35.2164],[46.1132,35.2342],[46.1521,35.2809],[46.146,35.3112],[46.0516,35.3873],[45.9878,35.494],[45.9928,35.5195],[46.0125,35.5189],[45.9724,35.58],[46.0254,35.5841],[46.0115,35.6286],[45.9941,35.6388],[46.011,35.6496],[46.0091,35.6787],[46.0401,35.7041],[46.1675,35.6903],[46.2032,35.7235],[46.2709,35.728],[46.3339,35.7679],[46.3445,35.8056],[46.2963,35.8353],[46.2084,35.7961],[46.182,35.8099],[46.1654,35.8012],[46.1385,35.8397],[46.0908,35.8578],[46.0248,35.8367],[45.9686,35.8421],[45.9366,35.8239],[45.8979,35.8372],[45.8798,35.8162],[45.8292,35.8118],[45.8018,35.8264],[45.7642,35.799],[45.6634,35.928],[45.5508,36.0015],[45.4409,35.9993],[45.3999,35.9704],[45.348,35.9795],[45.3434,36.0072],[45.381,36.0787],[45.3268,36.1456],[45.3165,36.1833],[45.3332,36.2078],[45.3097,36.2383],[45.2713,36.2501],[45.3015,36.2727],[45.2611,36.302],[45.2815,36.335],[45.2707,36.3882],[45.2321,36.4332],[45.1459,36.4055],[45.0815,36.4265],[45.0501,36.5071],[45.0117,36.5209],[45.0024,36.5393],[45.0391,36.5679],[45.0278,36.6048],[45.0697,36.6294],[45.0652,36.69],[45.0312,36.7397],[44.9754,36.7489],[44.9414,36.785],[44.8522,36.7761],[44.8395,36.7912],[44.8614,36.8422],[44.9027,36.8662],[44.9115,36.9146],[44.883,36.9538],[44.9036,37.0117],[44.8586,37.0436],[44.8103,37.0449],[44.7773,37.0821],[44.7846,37.0897],[44.7507,37.1119],[44.7833,37.1437],[44.7528,37.1931],[44.783,37.2588],[44.8201,37.2937],[44.6484,37.4138],[44.5853,37.4901],[44.6265,37.5751],[44.6017,37.7012],[44.5056,37.7707],[44.2969,37.8553],[44.2419,37.9507],[44.3573,38.1583],[44.3765,38.2252],[44.5166,38.305],[44.5056,38.3417],[44.4342,38.3718],[44.3161,38.374],[44.2998,38.3944],[44.3196,38.4084],[44.3023,38.447],[44.3228,38.4841],[44.3102,38.5304],[44.321,38.6251],[44.2704,38.6514],[44.2823,38.6764],[44.2556,38.7186],[44.2808,38.7337],[44.2879,38.7837],[44.3145,38.8071],[44.2998,38.8406],[44.2459,38.8515],[44.245,38.8704],[44.2117,38.8989],[44.2153,38.9206],[44.1919,38.9347],[44.189,38.98],[44.1723,38.9896],[44.1794,39.0102],[44.2126,39.0209],[44.1913,39.0732],[44.2241,39.1027],[44.1669,39.1776],[44.0984,39.204],[44.1034,39.2406],[44.0888,39.2477],[44.1072,39.2842],[44.08,39.2943],[44.0742,39.3355],[44.0335,39.377],[44.0717,39.4129],[44.1856,39.403],[44.2193,39.4187],[44.2941,39.377],[44.3765,39.4129],[44.4215,39.4113],[44.4342,39.4423],[44.4085,39.4717],[44.4387,39.5022],[44.416,39.5565],[44.4802,39.6106],[44.4872,39.6434],[44.4673,39.6841],[44.4267,39.6608],[44.3197,39.6672],[44.2552,39.6985],[44.1774,39.7127],[44.1305,39.744],[43.999,39.7278],[43.9766,39.7475],[43.8389,39.7774],[43.7458,39.7663],[43.6078,39.8012],[43.5512,39.8404],[43.5077,39.8283],[43.4757,39.7754],[43.4436,39.774],[43.4176,39.7992],[43.4052,39.8645],[43.3664,39.9251],[43.3781,39.982],[43.3548,39.9925],[43.1646,39.9819],[43.0527,40.0092],[42.7286,39.9424],[42.673,39.9471],[42.627,39.9276],[42.5926,39.9471],[42.526,40.0066],[42.513,40.0455],[42.5233,40.0807],[42.4429,40.1169],[42.3825,40.1831],[42.2932,40.2261],[42.272,40.2591],[42.2479,40.3356],[42.2829,40.3722],[42.3248,40.3853],[42.32,40.424],[42.25,40.4618],[42.2309,40.4885],[42.1827,40.4945],[42.0351,40.4668],[42.0076,40.4355],[41.9595,40.4198],[41.9163,40.4919],[41.8861,40.6113],[41.8222,40.6635],[41.8277,40.7379],[41.8754,40.8065],[41.8675,40.8359],[41.8363,40.8587],[41.8888,40.9426],[41.8181,41.0032],[41.8469,41.0322],[41.8497,41.0633],[41.7652,41.1337],[41.6039,41.0566],[41.47,41.1088],[41.4487,41.1425],[41.4487,41.1812],[41.4919,41.2437],[41.4809,41.318],[41.5283,41.3753],[41.5263,41.4108],[41.4947,41.4257],[41.483,41.4551],[41.4408,41.4884],[41.3804,41.4176],[41.2419,41.3747],[41.0286,41.2471],[40.7788,41.195],[40.6977,41.1238],[40.5861,41.085],[40.3637,41.0599],[40.2555,40.9874],[40.1655,40.9525],[40.1104,40.9542],[40.081,40.983],[40.0332,40.997],[39.8815,40.992],[39.86,41.0153],[39.7841,41.0399],[39.7229,41.0495],[39.6652,41.0352],[39.5976,41.0599],[39.5104,41.1248],[39.4141,41.1447],[39.2764,41.0873],[39.1615,41.1168],[39.0374,41.0732],[38.8972,41.0732],[38.858,41.0493],[38.7886,41.0414],[38.6966,40.9864],[38.6669,41.0051],[38.6119,41.0099],[38.5238,40.9566],[38.3566,40.9553],[38.2897,40.9822],[38.205,40.9761],[37.9218,41.0232],[37.8338,41.0684],[37.8351,41.1266],[37.8004,41.1529],[37.6487,41.16],[37.607,41.1296],[37.5657,41.0696],[37.5383,41.0609],[37.5076,41.0934],[37.4104,41.1404],[37.3437,41.1502],[37.3064,41.1817],[37.1454,41.1865],[37.0799,41.2062],[37.0741,41.2597],[37.0478,41.2997],[36.9028,41.3681],[36.6597,41.4204],[36.588,41.3953],[36.5048,41.2992],[36.4277,41.2833],[36.3887,41.3381],[36.2875,41.3744],[36.1745,41.4816],[36.1813,41.5585],[36.1646,41.6307],[36.0844,41.7178],[35.9864,41.7667],[35.941,41.7708],[35.7398,41.7013],[35.5665,41.6685],[35.314,41.7437],[35.2598,41.7834],[35.2498,41.8198],[35.1412,41.9267],[35.1581,41.9803],[35.2211,41.9774],[35.2533,41.9978],[35.2608,42.0232],[35.2386,42.0554],[35.1899,42.0789],[35.1056,42.0603],[35.0364,42.1267],[34.9357,42.1342],[34.9017,42.1169],[34.8917,42.0741],[34.8389,42.0244],[34.796,41.9966],[34.7213,41.9822],[34.5584,41.9866],[34.4856,42.0134],[34.3052,41.9789],[34.1116,42.0148],[33.6875,42.0172],[33.3277,42.0562],[33.1389,41.9867],[33.0089,41.9614],[32.898,41.9087],[32.5743,41.864],[32.3976,41.7892],[32.255,41.7501],[32.1838,41.7066],[32.1179,41.6371],[31.8568,41.5471],[31.5899,41.414],[31.3718,41.3465],[31.3418,41.3061],[31.3532,41.2201],[31.2826,41.1534],[31.2017,41.1342],[31.0023,41.1104],[30.7749,41.1238],[30.6647,41.1652],[30.4699,41.1909],[30.2786,41.2501],[30.1976,41.2185],[30.1481,41.1794],[29.8492,41.1799],[29.6198,41.2189],[29.5577,41.2135],[29.2673,41.2718],[29.1526,41.2597],[29.0867,41.2912],[29.0127,41.2842],[28.8968,41.3113],[28.7018,41.383],[28.647,41.3863],[28.3008,41.5268],[28.147,41.6473],[28.1454,41.6942],[28.0279,41.845],[28.0789,41.8484],[28.1076,41.8814],[28.0827,42.0065],[28.0418,42.0762],[27.8196,42.2657],[27.8451,42.2954],[27.8445,42.3195],[27.8274,42.3592],[27.7738,42.3861],[27.7727,42.4328],[27.6467,42.4975],[27.5372,42.4965],[27.5417,42.514],[27.6471,42.5131],[27.6884,42.5272],[27.705,42.5597],[27.685,42.5971],[27.7698,42.6272],[27.7938,42.656],[27.9058,42.6597],[27.9388,42.6742],[27.9539,42.717],[27.9386,42.8223],[27.9555,42.8483],[27.9599,42.9269],[27.9428,43.0236],[27.9925,43.1288],[27.9978,43.1794],[28.0615,43.2097],[28.13,43.3465],[28.1605,43.3621],[28.3142,43.3786],[28.4446,43.3252],[28.505,43.3343],[28.5331,43.3784],[28.6001,43.4281],[28.6595,43.5311],[28.656,43.5601],[28.6257,43.5966],[28.6317,43.6425],[28.6178,43.6774],[28.6321,43.7388]]],[[[32.7769,34.604],[32.8519,34.6136],[32.8749,34.5856],[32.8748,34.5504],[32.9162,34.5179],[33.0393,34.5136],[33.0942,34.5522],[33.0727,34.6212],[33.0923,34.6483],[33.1519,34.6667],[33.3406,34.675],[33.5219,34.7391],[33.5715,34.7736],[33.6317,34.779],[33.6893,34.8523],[33.692,34.9016],[33.7118,34.9356],[33.7938,34.9292],[33.8492,34.9001],[33.9659,34.9394],[34.0516,34.917],[34.1178,34.9215],[34.1407,34.958],[34.1288,35.0013],[33.9616,35.1856],[33.9563,35.236],[33.983,35.2755],[34.0927,35.2911],[34.173,35.3857],[34.3136,35.4435],[34.4505,35.5296],[34.4751,35.5689],[34.5996,35.6099],[34.6581,35.6987],[34.6523,35.7303],[34.6029,35.7518],[34.424,35.697],[34.3121,35.655],[34.2786,35.6244],[34.1576,35.6025],[34.092,35.5429],[33.9585,35.4902],[33.842,35.4561],[33.7577,35.4552],[33.62,35.4002],[33.3569,35.3791],[33.1221,35.4113],[33.0747,35.3983],[32.9079,35.4452],[32.87,35.4172],[32.884,35.2822],[32.8579,35.2062],[32.8333,35.1926],[32.6842,35.2358],[32.6069,35.2341],[32.5156,35.2075],[32.4439,35.1085],[32.4021,35.0855],[32.3146,35.1419],[32.2442,35.1348],[32.2167,35.0759],[32.2244,35.0255],[32.2559,34.9869],[32.2486,34.9519],[32.2641,34.8916],[32.3002,34.837],[32.3337,34.8152],[32.3551,34.7311],[32.4721,34.6631],[32.6866,34.5994],[32.7769,34.604]]],[[[51.655,24.7283],[51.6578,24.7666],[51.6301,24.7955],[51.5879,24.7981],[51.5561,24.7729],[51.5532,24.7346],[51.581,24.7057],[51.6231,24.7031],[51.655,24.7283]]],[[[50.4468,26.3112],[50.4048,26.2793],[50.387,26.2429],[50.3904,26.1503],[50.4295,26.0618],[50.4007,25.9895],[50.4051,25.9422],[50.4674,25.8892],[50.5147,25.7691],[50.5781,25.7534],[50.6289,25.7868],[50.6652,25.8722],[50.6828,25.9485],[50.6845,26.0975],[50.7435,26.2078],[50.7395,26.2646],[50.7148,26.326],[50.6696,26.3553],[50.6005,26.3545],[50.5401,26.3076],[50.4468,26.3112]]],[[[50.4423,26.4363],[50.4228,26.4169],[50.42,26.3792],[50.458,26.3474],[50.5086,26.358],[50.5509,26.4191],[50.5374,26.4549],[50.5102,26.47],[50.4683,26.4651],[50.4423,26.4363]]],[[[50.005,27.1771],[50.0077,27.2145],[49.9799,27.2427],[49.928,27.2412],[49.9023,27.2114],[49.9078,27.1742],[49.9413,27.1514],[49.9732,27.1523],[50.005,27.1771]]],[[[49.9483,27.3492],[49.9476,27.3972],[49.9142,27.42],[49.8636,27.4095],[49.8394,27.3689],[49.853,27.3334],[49.8801,27.3184],[49.922,27.3233],[49.9483,27.3492]]],[[[50.2219,27.9729],[50.2247,28.01],[50.1969,28.038],[50.1449,28.0365],[50.1193,28.007],[50.1248,27.9701],[50.1582,27.9474],[50.1902,27.9483],[50.2219,27.9729]]],[[[50.2254,27.7565],[50.2281,27.7937],[50.2003,27.8218],[50.1484,27.8203],[50.1227,27.7907],[50.1282,27.7536],[50.1617,27.7309],[50.1937,27.7318],[50.2254,27.7565]]],[[[49.7823,27.7525],[49.7653,27.7284],[49.7748,27.6786],[49.7639,27.6425],[49.7942,27.6051],[49.8363,27.6026],[49.8718,27.6362],[49.8663,27.6733],[49.8866,27.7309],[49.8462,27.7717],[49.7823,27.7525]]],[[[48.7014,28.6572],[48.7041,28.6941],[48.6763,28.7219],[48.6244,28.7204],[48.5987,28.6911],[48.6042,28.6544],[48.6377,28.6318],[48.6696,28.6327],[48.7014,28.6572]]],[[[48.5417,29.0517],[48.5445,29.0885],[48.5167,29.1162],[48.4647,29.1147],[48.439,29.0854],[48.4445,29.0489],[48.478,29.0264],[48.51,29.0273],[48.5417,29.0517]]],[[[42.6889,14.0866],[42.6345,14.0447],[42.6227,14.0085],[42.6696,13.9226],[42.664,13.8686],[42.6939,13.8441],[42.7236,13.8437],[42.7357,13.8179],[42.6689,13.7714],[42.618,13.687],[42.6165,13.6551],[42.6785,13.5746],[42.7261,13.5598],[42.785,13.5933],[42.7914,13.6586],[42.8379,13.6719],[42.8631,13.701],[42.8321,13.8194],[42.8702,13.8803],[42.8386,13.9218],[42.83,13.963],[42.8441,14.0336],[42.8714,14.0745],[42.8453,14.1234],[42.7624,14.1419],[42.7248,14.1314],[42.6889,14.0866]]],[[[42.2178,14.9895],[42.2486,15.0454],[42.2343,15.0943],[42.1705,15.1397],[42.1679,15.1873],[42.1435,15.2168],[42.1069,15.2273],[42.0794,15.2167],[42.0502,15.1618],[42.0528,15.1183],[42.0982,15.0507],[42.1064,14.9957],[42.1612,14.9614],[42.2178,14.9895]]],[[[41.9022,15.5264],[41.8934,15.5837],[41.8533,15.6055],[41.7966,15.5945],[41.7632,15.5409],[41.7802,15.4953],[41.8213,15.4735],[41.8813,15.4939],[41.9022,15.5264]]],[[[42.0176,16.3416],[41.98,16.3719],[41.9305,16.3632],[41.9063,16.3305],[41.9147,16.2765],[41.9597,16.2506],[42.0009,16.2573],[42.0285,16.2972],[42.0176,16.3416]]],[[[41.5749,16.632],[41.6198,16.6327],[41.6449,16.6513],[41.6542,16.6903],[41.632,16.7242],[41.5735,16.7351],[41.5381,16.7138],[41.5315,16.6649],[41.5749,16.632]]],[[[41.8513,16.4299],[41.8656,16.3883],[41.9037,16.3719],[41.9428,16.3861],[41.9599,16.4227],[41.9248,16.5028],[41.8801,16.5273],[41.841,16.513],[41.8253,16.4866],[41.8275,16.4563],[41.8513,16.4299]]],[[[42.7221,16.1594],[42.7151,16.199],[42.681,16.2223],[42.6398,16.2156],[42.6156,16.1829],[42.6226,16.1433],[42.6566,16.12],[42.6978,16.1267],[42.7221,16.1594]]],[[[42.6918,16.4152],[42.6849,16.4547],[42.6508,16.4779],[42.6096,16.4712],[42.5854,16.4386],[42.5924,16.399],[42.6264,16.3758],[42.6676,16.3825],[42.6918,16.4152]]],[[[42.5047,16.7081],[42.5045,16.6525],[42.5598,16.6287],[42.6005,16.6589],[42.6155,16.7265],[42.5933,16.7604],[42.5526,16.7693],[42.5172,16.748],[42.5047,16.7081]]],[[[42.3173,16.4265],[42.314,16.4422],[42.354,16.485],[42.347,16.5245],[42.4083,16.5595],[42.4047,16.6087],[42.3528,16.6451],[42.3116,16.6384],[42.285,16.6755],[42.3115,16.7069],[42.3127,16.7469],[42.2143,16.8504],[42.1843,16.8601],[42.1319,16.8485],[42.0887,16.8898],[41.9985,16.9337],[42.0243,17.055],[41.9345,17.151],[41.8658,17.138],[41.85,17.1118],[41.857,17.0724],[41.833,17.0668],[41.7903,17.1116],[41.7259,17.1167],[41.6818,17.0691],[41.6408,17.0708],[41.6054,17.0496],[41.5919,16.9939],[41.6042,16.946],[41.546,16.9394],[41.5156,16.912],[41.4868,16.9383],[41.4554,16.9421],[41.4146,16.912],[41.4134,16.872],[41.4523,16.8397],[41.4546,16.7892],[41.4833,16.7601],[41.5732,16.7728],[41.6349,16.7635],[41.6756,16.7937],[41.7001,16.7588],[41.6797,16.7248],[41.6812,16.636],[41.708,16.5676],[41.7319,16.5477],[41.7832,16.5511],[41.8088,16.5939],[41.8368,16.6038],[41.9741,16.5412],[42.0103,16.4942],[42.0555,16.4759],[42.0945,16.4902],[42.1253,16.5524],[42.1602,16.5339],[42.2013,16.5405],[42.2024,16.4853],[42.1824,16.426],[42.2247,16.3718],[42.1694,16.3645],[42.1444,16.3459],[42.1329,16.3065],[42.144,16.2633],[42.1829,16.2308],[42.255,16.2494],[42.3139,16.2318],[42.3074,16.1974],[42.2426,16.1738],[42.2408,16.1156],[42.2647,16.0956],[42.3528,16.0792],[42.3911,16.0481],[42.4328,16.0469],[42.4748,16.107],[42.4665,16.1364],[42.4325,16.1596],[42.4301,16.2347],[42.4726,16.2091],[42.5255,16.2151],[42.571,16.2636],[42.622,16.2885],[42.6285,16.3375],[42.5998,16.3666],[42.5455,16.3796],[42.5348,16.451],[42.4496,16.4898],[42.3622,16.4564],[42.3458,16.4096],[42.3173,16.4265]]],[[[41.3762,18.221],[41.3693,18.2602],[41.3352,18.2831],[41.294,18.2765],[41.2698,18.2442],[41.2768,18.2051],[41.3108,18.1821],[41.352,18.1887],[41.3762,18.221]]],[[[41.2209,18.3621],[41.2471,18.3379],[41.2786,18.3341],[41.3069,18.3475],[41.324,18.3837],[41.3092,18.4207],[41.2209,18.4786],[41.1819,18.4645],[41.1648,18.4283],[41.1886,18.3776],[41.2209,18.3621]]],[[[40.7938,18.4211],[40.7433,18.3905],[40.7565,18.3242],[40.7165,18.3234],[40.6861,18.2962],[40.6704,18.2099],[40.7019,18.1713],[40.7533,18.1747],[40.7997,18.2368],[40.809,18.2755],[40.7871,18.3089],[40.8451,18.331],[40.8595,18.2903],[40.8338,18.2491],[40.836,18.219],[40.8647,18.1902],[40.8961,18.1864],[40.9368,18.2163],[40.9267,18.2731],[40.949,18.3046],[41.0019,18.3054],[41.0357,18.3423],[41.0335,18.3723],[41.0048,18.4011],[40.963,18.4023],[40.9215,18.3731],[40.8905,18.377],[40.8891,18.4093],[40.8604,18.4381],[40.829,18.4419],[40.7938,18.4211]]],[[[40.7174,18.5022],[40.7104,18.5413],[40.6764,18.5642],[40.6352,18.5576],[40.611,18.5254],[40.6179,18.4863],[40.652,18.4633],[40.6932,18.4699],[40.7174,18.5022]]],[[[40.8798,18.6484],[40.8582,18.7021],[40.8175,18.7109],[40.7891,18.6975],[40.7552,18.6009],[40.7621,18.5618],[40.8068,18.5376],[40.8458,18.5517],[40.8798,18.6484]]],[[[41.0229,18.5328],[41.0034,18.4791],[41.0248,18.4182],[41.0588,18.3953],[41.1,18.4019],[41.1428,18.471],[41.1179,18.6185],[41.0741,18.6538],[41.0681,18.6956],[41.0293,18.7276],[41.0132,18.7838],[40.9644,18.7993],[40.929,18.7783],[40.9197,18.7397],[40.9613,18.698],[40.9661,18.6587],[40.9948,18.6299],[40.9994,18.5588],[41.0229,18.5328]]],[[[40.9371,18.8808],[40.9302,18.9198],[40.8961,18.9427],[40.8549,18.9361],[40.8307,18.9039],[40.8377,18.8649],[40.8717,18.842],[40.9129,18.8486],[40.9371,18.8808]]],[[[40.794,18.8831],[40.787,18.922],[40.7529,18.9449],[40.7117,18.9383],[40.6875,18.9061],[40.6945,18.8671],[40.7285,18.8442],[40.7697,18.8508],[40.794,18.8831]]],[[[40.4712,18.7921],[40.4643,18.8311],[40.4302,18.854],[40.389,18.8474],[40.3648,18.8152],[40.3718,18.7762],[40.4058,18.7532],[40.447,18.7598],[40.4712,18.7921]]],[[[40.095,19.9278],[40.1339,19.8956],[40.1906,19.9159],[40.1986,19.9722],[40.1619,20.0248],[40.1212,20.0336],[40.0769,20.0108],[40.0676,19.9725],[40.095,19.9278]]],[[[38.9029,22.5118],[38.8629,22.491],[38.8564,22.4438],[38.9015,22.4081],[38.9433,22.407],[38.9737,22.4335],[38.9749,22.4721],[38.95,22.5048],[38.9029,22.5118]]],[[[35.2115,27.6459],[35.2452,27.6089],[35.2884,27.5963],[35.3291,27.6145],[35.3433,27.6528],[35.3022,27.7113],[35.2589,27.7239],[35.2116,27.6973],[35.2115,27.6459]]],[[[35.0646,27.8602],[35.0441,27.8349],[35.0433,27.8043],[35.0982,27.7451],[35.1765,27.7337],[35.2238,27.7604],[35.2314,27.7902],[35.2189,27.8187],[35.1078,27.8706],[35.1236,27.9266],[35.0735,27.9647],[35.0296,27.9539],[35.0072,27.9189],[35.0194,27.8801],[35.0646,27.8602]]],[[[34.9647,27.9268],[34.9525,27.9655],[34.9128,27.9853],[34.869,27.9745],[34.8466,27.9395],[34.8588,27.9008],[34.8984,27.881],[34.9423,27.8917],[34.9647,27.9268]]],[[[26.8424,35.4847],[26.8071,35.4739],[26.7816,35.4446],[26.7928,35.4002],[26.7701,35.3642],[26.7845,35.3309],[26.8615,35.2977],[26.9039,35.2995],[26.9619,35.3275],[27.0669,35.4021],[27.1212,35.3558],[27.17,35.3612],[27.2262,35.4277],[27.2773,35.4533],[27.2913,35.5114],[27.2484,35.597],[27.2156,35.6281],[27.2699,35.7218],[27.2932,35.8497],[27.2782,35.9323],[27.2127,35.9471],[27.1431,35.8874],[27.1384,35.841],[27.1104,35.8108],[27.1047,35.7426],[27.0591,35.6613],[27.0015,35.603],[27.0518,35.5245],[27.0525,35.4872],[27.0374,35.4727],[26.959,35.47],[26.9208,35.4975],[26.8424,35.4847]]],[[[27.6314,36.1602],[27.6707,36.0846],[27.7064,36.0697],[27.7029,36.0228],[27.6652,35.9401],[27.7049,35.8532],[27.7613,35.8334],[27.8245,35.8528],[27.9029,35.8987],[27.9816,36.0059],[28.0235,36.0274],[28.1023,36.0127],[28.1346,36.0349],[28.1529,36.1079],[28.1388,36.1336],[28.183,36.1641],[28.2262,36.2368],[28.2315,36.2769],[28.2954,36.3692],[28.2882,36.4636],[28.2474,36.495],[28.2087,36.5],[28.1635,36.4667],[28.0957,36.4584],[27.8911,36.38],[27.7792,36.3075],[27.6973,36.327],[27.6115,36.2895],[27.5051,36.2797],[27.4725,36.2592],[27.4643,36.2151],[27.4929,36.1697],[27.6381,36.1742],[27.6314,36.1602]]],[[[27.3718,36.3357],[27.48,36.321],[27.5152,36.3524],[27.5215,36.3904],[27.4852,36.4412],[27.3877,36.5177],[27.2533,36.5195],[27.2296,36.481],[27.2425,36.4102],[27.3718,36.3357]]],[[[26.9643,36.454],[27.0301,36.4891],[27.0339,36.5184],[27.0164,36.5409],[26.9487,36.5467],[26.9153,36.5216],[26.9154,36.4743],[26.9643,36.454]]],[[[26.7914,35.931],[26.7601,35.8873],[26.7803,35.8473],[26.827,35.8298],[26.872,35.8513],[26.8809,35.8751],[26.8664,35.9204],[26.8327,35.9364],[26.7914,35.931]]],[[[26.4764,35.8811],[26.5118,35.8741],[26.555,35.891],[26.5704,35.9177],[26.5584,35.9553],[26.5171,35.975],[26.4616,35.9586],[26.4476,35.9121],[26.4764,35.8811]]],[[[26.5218,35.8349],[26.4953,35.8632],[26.4531,35.8712],[26.4098,35.851],[26.3976,35.8175],[26.4175,35.7885],[26.4729,35.7784],[26.5113,35.7973],[26.5218,35.8349]]],[[[26.1866,35.8223],[26.2555,35.8191],[26.2889,35.8498],[26.2859,35.8848],[26.2375,35.9089],[26.1914,35.8954],[26.1684,35.857],[26.1866,35.8223]]],[[[26.3484,36.1086],[26.3375,36.0743],[26.3639,36.022],[26.4038,36.0018],[26.4522,36.0168],[26.4646,36.0432],[26.4419,36.1091],[26.3908,36.1263],[26.3484,36.1086]]],[[[26.6269,36.3033],[26.7369,36.2398],[26.7818,36.2487],[26.8154,36.2915],[26.7895,36.3372],[26.7526,36.3451],[26.709,36.397],[26.6735,36.4041],[26.6773,36.4258],[26.6565,36.4567],[26.5761,36.4594],[26.5462,36.4366],[26.5422,36.4108],[26.5579,36.3871],[26.6003,36.3746],[26.6269,36.3033]]],[[[26.3991,36.4753],[26.4188,36.4982],[26.4622,36.4833],[26.498,36.4917],[26.5297,36.5242],[26.5098,36.6177],[26.4184,36.6821],[26.3578,36.6849],[26.301,36.6424],[26.2489,36.6384],[26.188,36.5949],[26.1273,36.6025],[26.0816,36.5694],[26.0947,36.5095],[26.1291,36.4854],[26.163,36.4863],[26.1963,36.5138],[26.3123,36.4653],[26.3991,36.4753]]],[[[26.4175,37.0523],[26.3357,37.0298],[26.2483,37.0271],[26.2186,36.9995],[26.2173,36.9651],[26.2417,36.938],[26.2904,36.9271],[26.3711,36.9504],[26.5172,36.9584],[26.5426,36.976],[26.5506,37.0017],[26.5257,37.0404],[26.4667,37.0659],[26.4175,37.0523]]],[[[27.0314,37.312],[27.0289,37.2697],[27.0595,37.2382],[27.1145,37.2363],[27.1544,37.2675],[27.1461,37.3227],[27.1083,37.3471],[27.059,37.3419],[27.0314,37.312]]],[[[26.878,37.4558],[26.9406,37.3937],[26.9888,37.3845],[27.0302,37.4048],[27.0625,37.4696],[27.0321,37.5155],[26.9535,37.5273],[26.8884,37.5055],[26.8728,37.4815],[26.878,37.4558]]],[[[25.459,38.5672],[25.4494,38.5161],[25.5216,38.4784],[25.6499,38.5065],[25.6736,38.5925],[25.6218,38.6426],[25.5651,38.6518],[25.4942,38.6275],[25.459,38.5672]]],[[[25.4871,40.5364],[25.4088,40.5012],[25.3961,40.4643],[25.4263,40.4266],[25.5306,40.3618],[25.6183,40.3557],[25.7458,40.4067],[25.7482,40.4811],[25.6761,40.5313],[25.5577,40.5504],[25.4871,40.5364]]],[[[25.8056,40.253],[25.7572,40.2448],[25.6316,40.1811],[25.6147,40.1508],[25.6164,40.108],[25.7366,40.05],[25.9849,40.0863],[26.0649,40.1371],[26.0616,40.1814],[26.0278,40.2027],[26.0213,40.2388],[25.9615,40.2794],[25.8056,40.253]]],[[[25.0894,39.7866],[25.1599,39.7578],[25.3832,39.7478],[25.4254,39.8091],[25.4132,39.8667],[25.4468,39.9291],[25.4958,39.9743],[25.4926,40.0559],[25.4401,40.0768],[25.3418,40.0538],[25.3129,40.0233],[25.1328,40.0668],[25.0701,40.0328],[25.0026,40.0192],[24.9825,39.9842],[25.0067,39.9071],[24.9942,39.8255],[25.0247,39.7957],[25.0894,39.7866]]],[[[25.0202,39.6017],[24.9582,39.5887],[24.9244,39.5371],[24.9219,39.4736],[24.9685,39.4231],[25.022,39.4311],[25.1067,39.5142],[25.0972,39.558],[25.0202,39.6017]]]]},"properties":{"id":"Q12560","names":{"ar":"الدولة العثمانية","da":"Det Osmanniske Rige","de":"Osmanisches Reich","el":"Οθωμανική Αυτοκρατορία","en":"Ottoman Empire","es":"Imperio otomano","fa":"امپراتوری عثمانی","fr":"Empire Ottoman","frr":"Osmaansk Rik","fy":"Osmaanske Ryk","ga":"An Impireacht Otamánach","gd":"Impireachd nan Otomanach","he":"האימפריה העות'מאנית","hi":"उस्मानी साम्राज्य","is":"Ósmanska ríkið","it":"Impero Ottomano","ja":"オスマン帝国","kk":"Осман империясы","ko":"오스만 제국","la":"Imperium Ottomanicum","nb":"Det osmanske riket","nds":"Osmaansch Riek","nl":"Ottomaanse Rijk","nn":"Det osmanske riket","no":"Det osmanske riket","ota":"دولتْ علیّه عثمانیّه","ota-Latn":"Devlet-i ʿAlīye-i ʿOs̱mānīye","pl":"Imperium Osmańskie","pt":"Império Otomano","ro":"Imperiul Otoman","ru":"Османская империя","sw":"Milki ya Osmani","tr":"Osmanlı İmparatorluğu","ur":"سلطنت عثمانیہ","zh":"奥斯曼帝国"},"from":1898,"to":1908.763440860215,"wikidata":"Q12560","adminLevel":2,"source":"OpenHistoricalMap","sourceUrl":"https://www.openhistoricalmap.org"}},{"type":"Feature","geometry":{"type":"MultiPolygon","coordinates":[[[[25.5791,35.3754],[25.4612,35.3377],[25.3919,35.3812],[25.2411,35.3761],[25.1438,35.3938],[25.1015,35.3824],[25.0746,35.4408],[24.9715,35.4755],[24.9293,35.4573],[24.6875,35.4694],[24.5257,35.4157],[24.3242,35.3964],[24.3053,35.4756],[24.2486,35.5178],[24.2541,35.5456],[24.2094,35.6198],[24.1158,35.6448],[24.0496,35.6281],[24.0004,35.5619],[23.9364,35.5845],[23.8674,35.5681],[23.8306,35.5795],[23.8194,35.6906],[23.7385,35.7378],[23.676,35.6999],[23.6521,35.6378],[23.6139,35.683],[23.5593,35.6895],[23.5256,35.6611],[23.521,35.6151],[23.4546,35.6289],[23.4207,35.5848],[23.4344,35.5545],[23.4612,35.5411],[23.5161,35.5534],[23.5029,35.4439],[23.4609,35.3078],[23.4781,35.2435],[23.5522,35.1993],[23.6789,35.1797],[23.8271,35.2018],[23.9125,35.1788],[23.9578,35.1829],[24.0296,35.1525],[24.1881,35.1543],[24.2749,35.1321],[24.3483,35.1396],[24.4888,35.1047],[24.5266,35.0654],[24.5853,35.0542],[24.5437,35.0432],[24.5183,35.0076],[24.5371,34.9724],[24.5728,34.9599],[24.6277,34.9647],[24.6569,34.9899],[24.6573,35.0289],[24.6267,35.0534],[24.69,35.0511],[24.7033,35.0361],[24.68,34.9111],[24.7005,34.887],[24.7375,34.8784],[24.8418,34.896],[24.9125,34.8825],[25.1081,34.8908],[25.1503,34.9093],[25.2645,34.9155],[25.3811,34.9521],[25.5125,34.9388],[25.7013,34.9681],[25.7964,34.9545],[25.9341,34.9902],[26.0502,34.9746],[26.0705,34.9579],[26.0882,34.8896],[26.1432,34.8748],[26.2002,34.914],[26.2103,34.9468],[26.1987,34.9687],[26.2656,34.9999],[26.3229,35.075],[26.3388,35.1379],[26.3711,35.1764],[26.3568,35.226],[26.3897,35.2387],[26.4052,35.2635],[26.4015,35.2888],[26.3496,35.3481],[26.2969,35.3594],[26.2424,35.3358],[26.2196,35.4065],[26.1693,35.4273],[26.1295,35.4088],[26.1016,35.332],[26.117,35.2941],[26.1678,35.2802],[26.1594,35.2656],[26.0511,35.279],[25.9202,35.2266],[25.8452,35.2375],[25.8152,35.2185],[25.7935,35.164],[25.7776,35.1712],[25.816,35.266],[25.817,35.3647],[25.7885,35.383],[25.6631,35.3915],[25.5791,35.3754]]],[[[23.9885,34.9835],[23.9426,34.9608],[23.9369,34.9302],[23.9888,34.8783],[24.003,34.8183],[24.1054,34.7614],[24.1689,34.7765],[24.1843,34.8127],[24.1584,34.8918],[24.0656,34.9163],[24.0516,34.9573],[23.9885,34.9835]]]]},"properties":{"id":"Q72785","names":{"ar":"دولة كريت","be":"Крыцкая дзяржава","bg":"Критска държава","ca":"República de Creta","cs":"Krétský stát","da":"Staten Kreta","de":"Kretischer Staat","el":"Κρητική Πολιτεία","es":"Estado de Creta","et":"Kreeta Riik","fa":"دولت کرت","fi":"Kreetan valtio","fr":"Crète autonome","he":"מדינת כרתים","hr":"Kretska Država","hu":"Krétai Állam","ia":"Stato Creta","id":"Negara Kreta","it":"Stato di Creta","ko":"크레타국","la":"Res Publica Cretica","mk":"Критска држава","nb":"Den kretiske stat","nl":"Kretenzische Staat","nn":"Den kretiske staten","pl":"Państwo Kreteńskie","pt":"Estado de Creta","ru":"Критское государство","sr":"Критска држава","sv":"Staten Kreta","tr":"Girit Devleti","uk":"Критська держава","ur":"ریاست کریٹ","zh":"克里特国","en":"Cretan State"},"from":1898,"to":1913,"wikidata":"Q72785","adminLevel":2,"source":"OpenHistoricalMap","sourceUrl":"https://www.openhistoricalmap.org"}},{"type":"Feature","geometry":{"type":"Polygon","coordinates":[[[19.5836,42.9602],[19.4123,43.0157],[19.3534,43.1163],[19.1703,43.2217],[19.0541,43.2161],[18.955,43.2882],[18.9599,43.3255],[18.9116,43.3605],[18.8397,43.3485],[18.8442,43.3221],[18.69,43.2559],[18.7098,43.2337],[18.6668,43.2012],[18.6494,43.1492],[18.6597,43.0443],[18.5244,43.0244],[18.4868,42.9663],[18.5036,42.894],[18.4661,42.8474],[18.4755,42.829],[18.4481,42.8154],[18.4737,42.7539],[18.5661,42.7205],[18.5494,42.6734],[18.572,42.6502],[18.523,42.6228],[18.5357,42.6019],[18.5517,42.588],[18.5969,42.5949],[18.6205,42.6247],[18.7058,42.627],[18.7224,42.5808],[18.7463,42.5761],[18.7403,42.556],[18.7801,42.5151],[18.7899,42.414],[18.7718,42.3948],[18.7791,42.3807],[18.8181,42.3502],[18.9329,42.3069],[18.9553,42.2493],[19.0097,42.2037],[19.006,42.1909],[19.1061,42.1319],[19.1048,42.1109],[19.0215,42.098],[19.0213,42.0791],[19.0927,42.0199],[19.0898,41.9699],[19.1098,41.9284],[19.341,41.8153],[19.3709,41.8421],[19.3813,41.8833],[19.3454,41.9034],[19.3689,41.9291],[19.3503,41.9419],[19.3528,41.9637],[19.2675,41.9862],[19.2169,42.0308],[19.2292,42.048],[19.2747,42.0544],[19.3351,42.1061],[19.2472,42.2641],[19.282,42.3045],[19.2664,42.3202],[19.304,42.4054],[19.3591,42.4347],[19.4134,42.4212],[19.4551,42.4398],[19.4955,42.4262],[19.5742,42.5154],[19.6121,42.5377],[19.6077,42.5683],[19.6495,42.6295],[19.7084,42.6542],[19.7319,42.6596],[19.75,42.641],[19.802,42.6609],[19.8411,42.657],[19.8758,42.6307],[19.898,42.6394],[19.9189,42.6935],[19.9448,42.7028],[19.9545,42.6839],[19.9272,42.6461],[19.9602,42.6403],[19.973,42.6594],[20.0142,42.6609],[20.0198,42.6936],[19.9743,42.7131],[19.9768,42.7498],[19.7988,42.7951],[19.716,42.8349],[19.673,42.8855],[19.6833,42.9052],[19.6733,42.9388],[19.5836,42.9602]]]},"properties":{"id":"Q779011","names":{"ast":"Principáu de Montenegru","az":"Monteneqro Knyazlığı","ba":"Черногория кенәзлеге","be":"Княства Чарнагорыя","bg":"Княжество Черна гора","cs":"Černohorské knížectví","de":"Fürstentum Montenegro","el":"Ηγεμονία του Μαυροβουνίου","en":"Principality of Montenegro","es":"Principado de Montenegro","et":"Montenegro vürstiriik","eu":"Montenegroko Printzerria","fa":"شاهزاده‌نشین مونته‌نگرو","fi":"Montenegron ruhtinaskunta","fr":"Principauté du Monténégro","gl":"Principado de Montenegro","he":"נסיכות מונטנגרו","hr":"Kneževina Crna Gora","id":"Kepangeranan Montenegro","it":"Principato del Montenegro","ja":"モンテネグロ公国","ka":"მონტენეგროს სამთავრო","ko":"몬테네그로 공국","la":"Principatus Montis Nigri","lt":"Juodkalnijos kunigaikštystė","lv":"Melnkalnes kņaziste","mk":"Кнежевство Црна Гора","nb":"Fyrstedømmet Montenegro","nl":"Vorstendom Montenegro","no":"Fyrstedømmet Montenegro","os":"Черногорийы кънйазад","pl":"Księstwo Czarnogóry","pt":"Principado de Montenegro","ro":"Principatul Muntenegrului","ru":"Княжество Черногория","sh-Cyrl":"Књажевина Црна Горa","sh-Latn":"Knjaževina Crna Gora","sk":"Čiernohorské kniežatstvo","sq":"Principata e Malit të Zi","sr":"Књажевина Црна Гора","sr-Latn":"Knjaževina Crna Gora","sv":"Furstendömet Montenegro","th":"ราชรัฐมอนเตเนโกร","tr":"Karadağ Prensliği","uk":"Князівство Чорногорія","vi":"Công quốc Montenegro","zh":"黑山公國"},"from":1878.532258064516,"to":1910.6559139784947,"wikidata":"Q779011","adminLevel":2,"source":"OpenHistoricalMap","sourceUrl":"https://www.openhistoricalmap.org"}},{"type":"Feature","geometry":{"type":"Polygon","coordinates":[[[19.3233,44.9173],[19.3537,44.9025],[19.3677,44.8571],[19.3509,44.8584],[19.355,44.8346],[19.3199,44.8227],[19.3019,44.7896],[19.3257,44.7779],[19.3032,44.7734],[19.3301,44.7498],[19.3018,44.7306],[19.3129,44.7233],[19.2913,44.6869],[19.271,44.6859],[19.2418,44.6217],[19.2237,44.6153],[19.225,44.5938],[19.1854,44.5756],[19.1968,44.5546],[19.1678,44.5236],[19.1362,44.5278],[19.1231,44.5084],[19.1493,44.4544],[19.1468,44.4161],[19.1126,44.3997],[19.1035,44.3765],[19.1621,44.2869],[19.2153,44.2889],[19.237,44.2619],[19.323,44.2723],[19.366,44.181],[19.407,44.1707],[19.4457,44.1316],[19.4749,44.1499],[19.4767,44.1168],[19.5701,44.0494],[19.5945,44.0717],[19.6224,44.0529],[19.6184,44.0139],[19.5692,44.0005],[19.5217,43.9557],[19.3835,43.9616],[19.2347,44.0095],[19.2534,43.9514],[19.372,43.8252],[19.5177,43.715],[19.5317,43.6683],[19.5143,43.6463],[19.5196,43.6275],[19.6037,43.6097],[19.647,43.5764],[19.6806,43.5963],[19.7205,43.5376],[20.0185,43.4539],[20.1709,43.3132],[20.256,43.3172],[20.3261,43.2462],[20.4421,43.2722],[20.609,43.2122],[20.6893,43.2267],[20.7346,43.1736],[20.8311,43.1792],[20.9593,43.1259],[20.9956,43.1383],[21.0586,43.1094],[21.0857,43.1337],[21.1401,43.1107],[21.1654,43.0115],[21.1819,43.0029],[21.202,43.0232],[21.23,43.0134],[21.234,42.9562],[21.2721,42.8963],[21.3307,42.9026],[21.3591,42.8769],[21.4364,42.8644],[21.3906,42.7489],[21.4767,42.7475],[21.5326,42.7249],[21.5595,42.7377],[21.5888,42.7274],[21.5878,42.7084],[21.6057,42.6979],[21.6361,42.6975],[21.6603,42.6655],[21.6788,42.6885],[21.7485,42.701],[21.7875,42.6557],[21.8262,42.6441],[21.8485,42.6146],[21.8443,42.5935],[21.7609,42.5389],[21.8928,42.4189],[21.9464,42.4015],[22.0066,42.4099],[22.0321,42.4318],[22.0255,42.4484],[22.0419,42.4753],[22.1508,42.4418],[22.2044,42.4578],[22.2198,42.4996],[22.2085,42.5223],[22.2835,42.612],[22.3122,42.6113],[22.3371,42.633],[22.3853,42.7006],[22.3892,42.7129],[22.3654,42.7238],[22.3606,42.798],[22.515,42.856],[22.493,42.8758],[22.4836,42.9236],[22.5387,42.9617],[22.5065,43.0109],[22.6384,43.0234],[22.6707,43.0079],[22.7265,43.0395],[22.8346,43.1493],[22.9926,43.1972],[22.8983,43.2258],[22.8447,43.2817],[22.8279,43.3287],[22.7684,43.3753],[22.6814,43.3943],[22.6595,43.4263],[22.6012,43.4351],[22.572,43.4635],[22.5335,43.4711],[22.4895,43.5603],[22.4897,43.642],[22.4083,43.6955],[22.4002,43.7557],[22.3572,43.8114],[22.3933,43.9049],[22.3884,43.9241],[22.3417,43.9525],[22.3711,43.9843],[22.3306,43.9849],[22.3524,44.0176],[22.4739,44.0931],[22.5645,44.0772],[22.5783,44.1121],[22.6073,44.1226],[22.6268,44.1545],[22.617,44.1713],[22.6364,44.1767],[22.6832,44.2486],[22.6806,44.2775],[22.5761,44.3022],[22.5293,44.3373],[22.4574,44.4766],[22.5343,44.4782],[22.5884,44.5518],[22.6351,44.5496],[22.6948,44.5185],[22.7631,44.539],[22.7568,44.5617],[22.6938,44.6118],[22.6212,44.6141],[22.4799,44.7105],[22.4334,44.7099],[22.385,44.6779],[22.3396,44.6766],[22.3071,44.6577],[22.1893,44.4884],[22.1402,44.4734],[22.0768,44.5005],[21.987,44.6347],[21.7784,44.6614],[21.6392,44.6592],[21.612,44.6842],[21.6156,44.7134],[21.5919,44.7553],[21.5382,44.7727],[21.3989,44.7778],[21.3584,44.8216],[21.3317,44.8221],[21.2686,44.7528],[21.1895,44.7425],[21.1347,44.7022],[21.0085,44.7203],[20.9172,44.6681],[20.799,44.6571],[20.741,44.6722],[20.6442,44.7467],[20.625,44.772],[20.6187,44.8277],[20.5768,44.8492],[20.5292,44.8295],[20.4516,44.8338],[20.4359,44.7986],[20.3597,44.7738],[20.3148,44.7397],[20.2873,44.6657],[20.2324,44.6765],[20.2375,44.7123],[20.1774,44.6726],[20.1572,44.6818],[20.1575,44.7077],[20.1307,44.7131],[20.0197,44.6719],[19.9553,44.6291],[19.9247,44.6352],[19.9206,44.6528],[20.0003,44.6855],[19.9192,44.6893],[19.8277,44.7375],[19.7405,44.7453],[19.7038,44.769],[19.6959,44.8156],[19.7569,44.9102],[19.6727,44.9251],[19.6446,44.9602],[19.5397,44.983],[19.4531,44.9748],[19.4398,44.9481],[19.4194,44.9608],[19.3739,44.9414],[19.4007,44.9268],[19.3912,44.915],[19.3233,44.9173]]]},"properties":{"id":"Q241748","names":{"ar":"مملكة صربيا","ast":"Reinu de Serbia","az":"Serbiya krallığı","ba":"Сербия короллеге","be":"Каралеўства Сербія","be-x-old":"Каралеўства Сэрбія","bg":"Кралство Сърбия","bs":"Kraljevina Srbija","ca":"Regne de Sèrbia","cs":"Srbské království","cy":"Teyrnas Serbia","de":"Königreich Serbien","el":"Βασίλειο της Σερβίας","en":"Kingdom of Serbia","es":"Reino de Serbia","et":"Serbia Kuningriik","eu":"Serbiako Erresuma","fa":"پادشاهی صربستان","fi":"Serbian kuningaskunta","fr":"Royaume de Serbie","ga":"Ríocht na Seirbia","gd":"Rìoghachd na Sèirb","gl":"Reino de Serbia","he":"ממלכת סרביה","hr":"Kraljevina Srbija","hu":"Szerb Királyság","ia":"Regno de Serbia","id":"Kerajaan Serbia","ilo":"Pagarian iti Serbia","it":"Regno di Serbia","ja":"セルビア王国","ka":"სერბეთის სამეფო","ko":"세르비아 왕국","ku":"Keyaniya Serbistanê","la":"Regnum Serbiae","lfn":"Rena de Serbia","lt":"Serbijos karalystė","lv":"Serbijas Karaliste","mk":"Кралство Србија","ms":"Kerajaan Serbia","nl":"Koninkrijk Servië","pl":"Królestwo Serbii","pt":"Reino da Sérvia","ro":"Regatul Serbiei","ru":"Королевство Сербия","sc":"Rennu de Sèrbia","sco":"Kinrick o Serbie","sk":"Srbské kráľovstvo","sl":"Kraljevina Srbija","sq":"Mbretëria e Serbisë","sr":"Краљевина Србија","sr-Latn":"Kraljevina Srbija","sv":"Kungariket Serbien","ta":"செர்பியா இராச்சியம்","te":"సెర్బియా రాజ్యం","th":"ราชอาณาจักรเซอร์เบีย","tr":"Sırbistan Krallığı","uk":"Королівство Сербія","ur":"مملکت سربیا","vi":"Vương quốc Serbia","zh":"塞尔维亚王国"},"from":1882.1801075268818,"to":1913.6075268817203,"wikidata":"Q241748","adminLevel":2,"source":"OpenHistoricalMap","sourceUrl":"https://www.openhistoricalmap.org"}},{"type":"Feature","geometry":{"type":"Polygon","coordinates":[[[-5.3394,36.1482],[-5.3511,36.1549],[-5.3546,36.1288],[-5.3639,36.1339],[-5.346,36.1089],[-5.3394,36.1482]]]},"properties":{"id":"Q1410","names":{"am":"ጅብራልታር","an":"Chibraltar","ar":"جبل طارق","az":"Cəbəllüttariq","ba":"Гибралтар","be":"Гібралтар","bg":"Гибралтар","bn":"জিব্রাল্টার","br":"Jibraltar","cv":"Гибралтар","de":"Gibraltar","dv":"ޖަބަލްޠާރިޤު","el":"Γιβραλτάρ","en":"Gibraltar","eo":"Ĝibraltaro","es":"Gibraltar","fa":"جبل‌الطارق","fr":"Gibraltar","ga":"Giobráltar","gd":"Giobraltair","gl":"Xibraltar","gu":"જિબ્રાલ્ટર","gv":"Gibraaltar","he":"גיברלטר","hi":"जिब्राल्टर","hu":"Gibraltár (brit tengerentúli terület)","hy":"Ջիբրալթար","is":"Gíbraltar","it":"Gibilterra","ja":"ジブラルタル","ka":"გიბრალტარი","kk":"Гибралтар","ko":"지브롤터","ku":"Cîbraltar","kw":"Jibraltar","ky":"Гибралтар","la":"Gibraltaria","lo":"ກິບຣາທາ","lt":"Gibraltaras","lv":"Gibraltārs","mg":"Gibraltara","mi":"Kāmaka","mk":"Гибралтар","ml":"ജിബ്രാൾട്ടർ","mn":"Гибралтар","mr":"जिब्राल्टर","mt":"Ġibiltà","my":"ဂျီဘရော်လ်တာ","ne":"जिब्राल्टार","oc":"Gibartar","or":"ଜିବ୍ରାଲ୍ଟର","os":"Гибралтар","pa":"ਜਿਬਰਾਲਟਰ","ps":"جبل الطارق","ru":"Гибралтар","rw":"Giburalitari","sd":"جبل الطارق","si":"ජිබ්‍රෝල්ටාව","sk":"Gibraltár","so":"Jibraltaar","sq":"Gjibraltari","sr":"Гибралтар","ta":"ஜிப்ரால்ட்டர்","te":"జిబ్రాల్టర్","tg":"Ҷабалутториқ","th":"ยิบรอลตาร์","tr":"Cebelitarık","tt":"Гибралтар","uk":"Гібралтар","ur":"جبل‌الطارق","wa":"Djibraltar","wo":"Jibraltaar","xh":"Gilbhraltha","yi":"גיבראלטאר","zh":"直布罗陀"},"from":1713,"to":null,"wikidata":"Q1410","adminLevel":2,"source":"OpenHistoricalMap","sourceUrl":"https://www.openhistoricalmap.org"}},{"type":"Feature","geometry":{"type":"Polygon","coordinates":[[[-4.2432,54.2627],[-4.2264,54.3116],[-4.2918,54.3523],[-4.2785,54.4216],[-4.3024,54.4516],[-4.3627,54.4666],[-4.5147,54.4413],[-4.6079,54.3953],[-4.6872,54.2969],[-4.7844,54.2431],[-4.8227,54.1869],[-4.821,54.148],[-4.9115,54.0749],[-4.9198,54.0413],[-4.8807,54.0066],[-4.8208,53.9945],[-4.7078,54.0195],[-4.5866,54.0122],[-4.3411,54.1527],[-4.2432,54.2627]]]},"properties":{"id":"Q9676","names":{"ace":"Pulo Man","af":"Man","an":"Isla de Man","ang":"Manīeġ","ast":"Islla de Man","az":"Men adası","ba":"Мэн Утрауы","ban":"Nusa Man","bcl":"Isla nin Man","be":"Востраў Мэн","be-x-old":"Мэн","bew":"Pulo Man","bg":"Ман","br":"Manav","bs":"Ostrvo Man","ca":"Illa de Man","cdo":"Man Dō̤","ceb":"Pulo sa Mans","cs":"Man","cv":"Мэн утравĕ","cy":"Ynys Manaw","de":"Insel Man","diq":"Adey Mani","dsb":"Man","el":"Νήσος του Μαν","en":"Isle of Man","eo":"Manksinsulo","es":"Isla de Man","et":"Man","eu":"Man","ext":"Man","fa":"جزیره من","fi":"Mansaari","fo":"Mann","fr":"Île de Man","frp":"Ila de Man","frr":"Eilun Man","fy":"Man","ga":"Oileán Mhanann","gd":"Eilean Mhanainn","gl":"Illa de Man","gv":"Ellan Vannin","hak":"Man Tó","he":"האי מאן","hi":"आइल ऑफ़ मैन","hr":"Otok Man","hsb":"Man","hu":"Man-sziget","ia":"Insula de Man","id":"Pulau Man","io":"Insulo Man","is":"Mön","it":"Isola di Man","ja":"マン島","jv":"Pulo Man","kaa":"Men atawı","kab":"Tigzirt n Man","kk":"Мэн аралы","ko":"맨섬","kw":"Ynys Manow","ky":"Мэн аралы","la":"Monapia","lb":"Insel Man","li":"Man","lij":"Izoa de Man","lmo":"Isula de Man","ln":"Esanga ya Man","lt":"Meno sala","lv":"Menas Sala","mg":"Nosin'i Man","mi":"Motu o Mana","mk":"Ман","ms":"Pulau Man","nds-nl":"Man","nl":"Eiland Man","nn":"Øya Man","no":"Man","nov":"Isle de Man","nrm":"Île dé Man","oc":"Illa de Man","olo":"Manninsuari","os":"Мэн","pl":"Wyspa Man","pms":"Ìsola ëd Man","pt":"Ilha de Man","qu":"Man wat'a","ro":"Insula Man","ru":"Остров Мэн","rue":"Остров Мен","rw":"Ikirwa cya Man","sc":"Ìsula de Man","scn":"Ìsula di Man","sco":"Isle o Man","se":"Mannin","sh":"Man","sk":"Ostrov Man","sl":"Man","sq":"Ishulli i Manit","sr":"Острво Мен","stq":"Man","su":"Pulo Man","sw":"Kisiwa cha Man","ta":"மாண் தீவு","th":"ไอล์ออฟแมน","tk":"Man Adasy","tl":"Pulo ng Man","tok":"ma Manin","tr":"Man Adası","tt":"Мэн утравы","uk":"Острів Мен","uz":"Men oroli","vec":"Ìzoła de Man","vi":"Đảo Man","vls":"Eyland Man","war":"Isla han Man","yo":"Erékùṣù ilẹ̀ Man","zea":"Eiland Man","zh":"马恩岛"},"from":1333.6048387096773,"to":1987.3709677419354,"wikidata":"Q9676","adminLevel":2,"source":"OpenHistoricalMap","sourceUrl":"https://www.openhistoricalmap.org"}},{"type":"Feature","geometry":{"type":"Polygon","coordinates":[[[7.4185,43.7248],[7.4325,43.6893],[7.467,43.7054],[7.4391,43.7493],[7.4123,43.7345],[7.4185,43.7248]]]},"properties":{"id":"Q235","names":{"de":"Monaco","en":"Monaco","ko":"모나코"},"from":1861.0860215053763,"to":null,"wikidata":"Q235","adminLevel":2,"source":"OpenHistoricalMap","sourceUrl":"https://www.openhistoricalmap.org"}},{"type":"Feature","geometry":{"type":"MultiPolygon","coordinates":[[[[60.9463,25.1735],[61.1263,25.1251],[61.1687,25.0775],[61.4245,25.01],[61.519,25.0699],[61.549,25.1327],[61.6083,25.1259],[61.6526,25.3101],[61.6786,25.655],[61.7331,25.7394],[61.7974,25.718],[61.8401,25.7448],[61.8505,25.8178],[61.8204,25.8492],[61.8418,25.8765],[61.8896,25.887],[61.8399,25.9134],[61.8192,25.9686],[61.8459,26.0181],[61.8301,26.0303],[61.835,26.0642],[61.8893,26.252],[61.9611,26.2602],[62.002,26.2862],[62.0326,26.3339],[62.0885,26.3157],[62.1054,26.2821],[62.2132,26.2676],[62.2275,26.3275],[62.27,26.3256],[62.2501,26.3466],[62.2808,26.386],[62.2601,26.4079],[62.2578,26.4457],[62.2771,26.4409],[62.3071,26.4637],[62.3033,26.5083],[62.365,26.5373],[62.4158,26.5337],[62.4407,26.5653],[62.5973,26.576],[62.6504,26.6103],[62.6892,26.6005],[62.7363,26.6134],[62.7473,26.6391],[62.7947,26.651],[62.824,26.6382],[62.9948,26.6484],[63.0483,26.6277],[63.1111,26.6518],[63.1949,26.6463],[63.1885,26.6953],[63.2064,26.7712],[63.1867,26.8345],[63.2441,26.8465],[63.251,27.0917],[63.2999,27.1244],[63.3302,27.1188],[63.2774,27.2168],[63.2287,27.2255],[63.1928,27.2595],[63.1171,27.2362],[63.0406,27.2373],[62.9389,27.2034],[62.8772,27.2263],[62.8198,27.2196],[62.7752,27.2592],[62.8171,27.2785],[62.8252,27.3071],[62.7933,27.342],[62.8484,27.463],[62.8289,27.7645],[62.7616,28.0257],[62.7933,28.279],[62.5972,28.2484],[62.5105,28.3253],[62.4888,28.3734],[62.3895,28.4322],[62.0439,28.5101],[61.9114,28.5633],[61.7264,28.7406],[61.6828,28.7606],[61.5762,28.9154],[61.5334,29.0102],[61.4789,29.0236],[61.5107,29.0478],[61.4749,29.089],[61.4746,29.1188],[61.4209,29.1355],[61.4135,29.1744],[61.4302,29.1985],[61.3746,29.2408],[61.3559,29.2748],[61.3708,29.3358],[61.3548,29.3831],[61.3086,29.3956],[61.1646,29.5337],[60.8736,29.8578],[61.8014,30.8321],[61.7848,30.9411],[61.835,30.9738],[61.8291,31.092],[61.7745,31.2047],[61.7785,31.303],[61.7067,31.3762],[60.8561,31.4865],[60.8134,31.7083],[60.8323,31.9793],[60.8161,32.0264],[60.8831,32.1978],[60.815,32.4811],[60.7095,32.6961],[60.6296,33.0211],[60.5832,33.1298],[60.6341,33.228],[60.8245,33.3998],[60.8667,33.4217],[60.8511,33.4822],[60.8825,33.5052],[60.922,33.4974],[60.9463,33.5137],[60.9027,33.54],[60.7034,33.5455],[60.5813,33.597],[60.5515,33.64],[60.5469,33.7314],[60.5822,33.8054],[60.5176,34.0618],[60.5227,34.1065],[60.5655,34.1926],[60.6705,34.2738],[60.683,34.3086],[60.9184,34.3048],[60.8485,34.3707],[60.8438,34.4074],[60.8074,34.4654],[60.7419,34.5108],[60.7423,34.5269],[60.8487,34.5421],[60.8973,34.5673],[60.9222,34.623],[60.9829,34.62],[61.0005,34.6426],[61.0038,34.7112],[61.0681,34.8123],[61.0781,34.8799],[61.0611,34.9098],[61.1171,35.001],[61.101,35.0273],[61.1109,35.0526],[61.1448,35.0844],[61.1267,35.0945],[61.1306,35.1297],[61.1073,35.1633],[61.0871,35.1648],[61.1156,35.2043],[61.101,35.2166],[61.0955,35.2688],[61.1097,35.2829],[61.1557,35.2767],[61.1897,35.2976],[61.1759,35.3446],[61.1978,35.3844],[61.1919,35.4034],[61.226,35.4211],[61.2833,35.5437],[61.2703,35.5605],[61.274,35.6061],[61.247,35.6444],[61.2288,35.6451],[61.2157,35.6828],[61.2484,35.7224],[61.2478,35.781],[61.2686,35.7992],[61.2446,35.8865],[61.2112,35.9303],[61.1174,35.9609],[61.1702,35.9934],[61.1626,36.0331],[61.2113,36.1092],[61.2303,36.1159],[61.2105,36.1269],[61.227,36.1755],[61.1934,36.225],[61.1967,36.2627],[61.1505,36.3161],[61.1604,36.3316],[61.1433,36.3969],[61.1651,36.4132],[61.1719,36.4689],[61.1566,36.4861],[61.1841,36.5682],[61.1523,36.6371],[60.6823,36.6223],[60.348,36.6289],[60.263,36.7624],[60.1633,36.8538],[60.0974,36.9331],[60.083,36.98],[60.0386,37.0231],[59.9903,37.0454],[59.8986,37.0523],[59.8434,37.0958],[59.7747,37.1237],[59.755,37.109],[59.6802,37.141],[59.6287,37.119],[59.5519,37.1359],[59.5529,37.1736],[59.4798,37.212],[59.4841,37.2476],[59.4375,37.2842],[59.4352,37.3039],[59.3966,37.3173],[59.3778,37.4078],[59.4113,37.4357],[59.3874,37.4451],[59.3886,37.4848],[59.3506,37.5288],[59.2289,37.5124],[59.0563,37.616],[58.8875,37.6593],[58.8143,37.6983],[58.8041,37.6519],[58.7865,37.6425],[58.7501,37.6564],[58.7326,37.6327],[58.6278,37.6594],[58.5597,37.7034],[58.4867,37.6394],[58.3868,37.6273],[58.3645,37.6558],[58.2276,37.6824],[58.207,37.7716],[58.158,37.7913],[58.1277,37.7834],[58.0767,37.8056],[58.0348,37.8046],[57.8824,37.8723],[57.8303,37.8644],[57.7875,37.9019],[57.7538,37.8977],[57.7324,37.9192],[57.5784,37.9384],[57.5199,37.9192],[57.3568,37.9819],[57.3769,38.0798],[57.2945,38.162],[57.2993,38.202],[57.2502,38.2357],[57.2468,38.2691],[57.1588,38.2709],[57.1465,38.2435],[57.0647,38.181],[57.0047,38.1894],[56.989,38.2147],[56.8396,38.2291],[56.7567,38.2835],[56.6778,38.2692],[56.6034,38.2342],[56.5659,38.2626],[56.417,38.256],[56.3233,38.1798],[56.3514,38.1194],[56.3254,38.0804],[56.203,38.073],[56.1572,38.092],[55.9837,38.0787],[55.9569,38.0936],[55.8771,38.0951],[55.8128,38.1257],[55.5034,38.085],[55.4649,38.094],[55.412,38.0468],[55.2212,37.9749],[55.1938,37.9474],[55.165,37.9577],[55.1272,37.9479],[55.0368,37.8782],[55.0172,37.8429],[54.9279,37.7845],[54.8557,37.7582],[54.7888,37.649],[54.7913,37.6186],[54.8175,37.6062],[54.7996,37.53],[54.6734,37.4372],[54.5882,37.4595],[54.4869,37.4183],[54.3975,37.3608],[54.2853,37.3518],[54.2446,37.32],[53.833,37.3568],[53.9463,37.0135],[53.9243,36.9795],[53.8893,36.9664],[53.2171,36.8923],[52.8799,36.8065],[52.5339,36.7515],[51.9798,36.6243],[51.7209,36.6403],[51.5231,36.7158],[51.0892,36.7895],[50.7987,36.9235],[50.3778,37.1669],[50.3133,37.2582],[50.2707,37.374],[50.211,37.4318],[50.0468,37.4618],[49.9452,37.5212],[49.7907,37.5054],[49.4179,37.5419],[49.2105,37.6289],[49.1144,37.6974],[49.0507,37.7682],[49.0011,37.916],[48.9453,38.4443],[48.7905,38.4515],[48.7384,38.4106],[48.6625,38.3922],[48.6282,38.4015],[48.5996,38.4175],[48.5908,38.4559],[48.5126,38.5185],[48.5061,38.5465],[48.4622,38.5643],[48.4589,38.6085],[48.3619,38.5948],[48.3149,38.6043],[48.2948,38.6465],[48.2526,38.6622],[48.2496,38.7265],[48.1738,38.7618],[48.1073,38.7698],[48.1071,38.789],[48.021,38.8375],[48.0166,38.9105],[48.0283,38.8992],[48.0707,38.911],[48.0884,38.9467],[48.2696,38.9672],[48.3298,39.0127],[48.3393,39.0367],[48.3076,39.1082],[48.2346,39.1301],[48.2202,39.1631],[48.149,39.1988],[48.1293,39.2712],[48.2103,39.3286],[48.2652,39.3341],[48.3684,39.3787],[48.0314,39.6916],[47.9857,39.7088],[47.917,39.6602],[47.8155,39.6587],[47.7461,39.6021],[47.6762,39.5797],[47.5643,39.5146],[47.3825,39.4573],[47.3119,39.3699],[47.0804,39.266],[47.0542,39.2157],[47.0621,39.2063],[47.0198,39.1676],[46.9518,39.1396],[46.9259,39.1632],[46.8403,39.1391],[46.8338,39.1167],[46.7677,39.0701],[46.7564,39.0302],[46.6945,39.0164],[46.6395,38.9424],[46.5356,38.8683],[46.5148,38.8886],[46.45,38.897],[46.4189,38.8837],[46.347,38.9165],[46.2866,38.9008],[46.1857,38.8425],[46.1503,38.8415],[46.0583,38.8874],[46.0141,38.873],[45.9456,38.8957],[45.9099,38.8738],[45.7988,38.9245],[45.7436,38.9281],[45.6921,38.9517],[45.6162,38.9417],[45.5837,38.9769],[45.5415,38.9648],[45.4584,38.9902],[45.4372,39.012],[45.4567,39.0497],[45.4013,39.076],[45.4026,39.0984],[45.3378,39.1725],[45.1739,39.2179],[45.152,39.2062],[45.1485,39.261],[45.1021,39.3327],[45.0803,39.334],[45.0834,39.3544],[45.0417,39.3898],[44.9673,39.4203],[44.9602,39.4392],[44.9715,39.4442],[44.9405,39.4592],[44.9454,39.499],[44.9096,39.5251],[44.9186,39.5328],[44.8941,39.6054],[44.8772,39.5932],[44.8755,39.6153],[44.8578,39.6024],[44.8237,39.611],[44.7278,39.7032],[44.6439,39.7329],[44.6196,39.7745],[44.4673,39.6841],[44.4812,39.6714],[44.4802,39.6106],[44.416,39.5565],[44.4356,39.5205],[44.4315,39.4919],[44.4085,39.4717],[44.4342,39.4423],[44.4215,39.4113],[44.3765,39.4129],[44.2941,39.377],[44.2193,39.4187],[44.1856,39.403],[44.0521,39.4068],[44.0363,39.3622],[44.0742,39.3355],[44.08,39.2943],[44.1072,39.2842],[44.0888,39.2477],[44.1,39.2451],[44.0984,39.204],[44.1669,39.1776],[44.2241,39.1027],[44.1913,39.0732],[44.2126,39.0209],[44.1794,39.0102],[44.1723,38.9896],[44.189,38.98],[44.1919,38.9347],[44.2153,38.9206],[44.2117,38.8989],[44.2412,38.859],[44.2998,38.8406],[44.3145,38.8071],[44.2879,38.7837],[44.2808,38.7337],[44.2556,38.7186],[44.2823,38.6764],[44.2704,38.6514],[44.321,38.6251],[44.3102,38.5304],[44.3248,38.5024],[44.3088,38.4514],[44.3196,38.4084],[44.2998,38.3944],[44.3161,38.374],[44.4342,38.3718],[44.5056,38.3417],[44.5166,38.305],[44.3765,38.2252],[44.3573,38.1583],[44.2419,37.9507],[44.2969,37.8553],[44.5056,37.7707],[44.6017,37.7012],[44.6265,37.5751],[44.5853,37.4901],[44.6484,37.4138],[44.8201,37.2937],[44.783,37.2588],[44.7528,37.1931],[44.7849,37.145],[44.75,37.1153],[44.7839,37.0924],[44.8073,37.0441],[44.8564,37.0457],[44.8976,37.0243],[44.9046,37.0055],[44.8837,36.96],[44.9108,36.9194],[44.9028,36.8605],[44.8658,36.8455],[44.8375,36.7957],[44.8582,36.7731],[44.9451,36.7818],[44.9703,36.751],[45.0257,36.7427],[45.0567,36.7028],[45.0704,36.6342],[45.0634,36.6151],[45.0264,36.6007],[45.0377,36.5629],[45.0096,36.5523],[45.0047,36.5328],[45.0482,36.5095],[45.0881,36.4221],[45.1436,36.405],[45.2348,36.4327],[45.267,36.3948],[45.2821,36.3396],[45.2618,36.3053],[45.3011,36.2769],[45.2681,36.2546],[45.314,36.2347],[45.3364,36.2044],[45.3232,36.1886],[45.327,36.1401],[45.3815,36.0825],[45.342,36.0038],[45.3535,35.9747],[45.3708,35.982],[45.3928,35.9678],[45.4416,35.999],[45.5519,35.9987],[45.662,35.9292],[45.7628,35.8012],[45.8084,35.8235],[45.8772,35.8121],[45.893,35.8357],[45.9519,35.8231],[45.9626,35.8404],[46.0218,35.8354],[46.0774,35.8582],[46.1373,35.8435],[46.1383,35.823],[46.1709,35.7999],[46.1882,35.8093],[46.2153,35.7981],[46.2933,35.8352],[46.3402,35.8199],[46.346,35.8004],[46.3314,35.763],[46.277,35.7289],[46.1964,35.721],[46.1595,35.6889],[46.0351,35.7047],[46.0091,35.6774],[46.0107,35.6487],[45.9945,35.6372],[46.0125,35.628],[46.0257,35.5832],[45.9801,35.5838],[45.9971,35.5342],[46.0149,35.5233],[45.9854,35.496],[46.0509,35.3893],[46.145,35.3132],[46.1573,35.2858],[46.1153,35.2334],[46.1844,35.2247],[46.1954,35.2069],[46.1961,35.1867],[46.1553,35.1577],[46.155,35.1295],[46.1808,35.1052],[46.1166,35.0741],[46.071,35.0812],[46.0788,35.0597],[46.0586,35.038],[46.0095,35.0715],[45.9231,35.0949],[45.9313,35.0493],[45.8804,35.038],[45.8753,35.0085],[45.8943,34.9638],[45.8648,34.9027],[45.7895,34.912],[45.7926,34.8536],[45.6948,34.8198],[45.6988,34.7728],[45.6574,34.7271],[45.7033,34.6914],[45.6967,34.6718],[45.7288,34.6224],[45.7418,34.5407],[45.6871,34.5576],[45.601,34.5511],[45.5336,34.6022],[45.5136,34.5469],[45.5268,34.5215],[45.5216,34.482],[45.4407,34.4594],[45.4962,34.3369],[45.5395,34.351],[45.5836,34.3027],[45.5787,34.2327],[45.5552,34.197],[45.5802,34.1481],[45.4722,34.0689],[45.4673,34.0153],[45.4127,33.9784],[45.4202,33.9598],[45.4349,33.9464],[45.5119,33.9441],[45.607,33.8003],[45.6426,33.7736],[45.6475,33.728],[45.72,33.6613],[45.7717,33.6369],[45.7547,33.5992],[45.8131,33.6266],[45.9166,33.6276],[45.9053,33.6063],[45.9599,33.5639],[45.863,33.4931],[45.943,33.4835],[46.0066,33.5079],[46.0816,33.3527],[46.1321,33.2949],[46.1849,33.2658],[46.1806,33.2073],[46.215,33.2036],[46.1975,33.1816],[46.1214,33.1175],[46.0621,33.1241],[46.0407,33.0954],[46.1566,33.0725],[46.1261,33.0207],[46.0989,33.014],[46.1022,32.9776],[46.1736,32.9533],[46.3123,32.9688],[46.4474,32.9333],[46.6226,32.8222],[46.7206,32.786],[46.8872,32.632],[47.1684,32.4573],[47.2497,32.4652],[47.2911,32.4936],[47.3775,32.4737],[47.464,32.389],[47.4354,32.3521],[47.4777,32.311],[47.5162,32.3047],[47.5074,32.2708],[47.5705,32.2118],[47.5302,32.172],[47.5291,32.1426],[47.567,32.112],[47.615,32.1077],[47.6474,32.0833],[47.6521,32.0539],[47.6901,32.0134],[47.7081,32.0208],[47.7116,31.9706],[47.7487,31.9217],[47.8076,31.8824],[47.8052,31.8456],[47.8529,31.8173],[47.8659,31.7836],[47.683,31.3946],[47.6828,30.9978],[48.0322,30.9963],[48.0264,30.4825],[48.1585,30.4297],[48.1986,30.3221],[48.2738,30.3334],[48.4047,30.204],[48.4162,30.1764],[48.3814,30.1225],[48.44,30.0704],[48.4581,29.9953],[48.5142,29.9611],[48.6898,29.8992],[48.736,29.9671],[48.8536,29.9621],[48.947,29.9904],[48.9842,30.0334],[49.011,30.1077],[49.0525,30.0676],[49.113,30.0541],[49.1992,30.0896],[49.3047,30.0921],[49.3541,30.1157],[49.4123,30.1195],[49.4374,30.1077],[49.4498,30.0461],[49.4912,29.9942],[49.5689,29.9626],[49.6146,29.9722],[49.9535,30.1659],[50.0293,30.1573],[50.0757,30.0721],[50.0801,29.9615],[50.1066,29.9017],[50.1964,29.8208],[50.2959,29.6607],[50.4069,29.5887],[50.4966,29.4949],[50.6003,29.4175],[50.6099,29.3473],[50.5752,29.1684],[50.5913,29.1099],[50.6277,29.0763],[50.6911,29.0586],[50.7757,29.0919],[50.8049,29.0859],[50.807,29.0556],[50.7634,29.0145],[50.7463,28.9065],[50.8123,28.8159],[50.8735,28.777],[50.9718,28.7716],[50.9965,28.7532],[51.0576,28.447],[51.1231,28.3326],[51.2196,28.217],[51.2201,28.1354],[51.3062,28.0396],[51.3465,27.9205],[51.4142,27.8055],[51.4481,27.7834],[51.5072,27.7788],[52.0192,27.7817],[52.1583,27.6726],[52.2297,27.6388],[52.3186,27.6048],[52.3869,27.6041],[52.445,27.5832],[52.5294,27.4754],[52.5082,27.3784],[52.5523,27.3328],[52.9874,27.0786],[53.4042,26.9481],[53.4214,26.9313],[53.42,26.8795],[53.3987,26.8639],[53.2035,26.9011],[53.1272,26.887],[53.117,26.8189],[53.2056,26.7579],[53.3264,26.7395],[53.439,26.7432],[53.5213,26.7778],[53.5443,26.7619],[53.5233,26.6895],[53.5367,26.6461],[53.6156,26.6067],[53.6991,26.6322],[53.7465,26.6689],[53.8519,26.6685],[54.0043,26.7042],[54.1395,26.6649],[54.2525,26.6628],[54.2804,26.6484],[54.3552,26.5498],[54.4077,26.5244],[54.5193,26.5351],[54.5763,26.4712],[54.6161,26.4574],[54.8558,26.4675],[54.9796,26.562],[55.1551,26.6659],[55.1847,26.6689],[55.2163,26.6435],[55.2128,26.5337],[55.2516,26.5],[55.2964,26.4968],[55.7615,26.634],[55.8256,26.5735],[55.9234,26.5751],[56.0319,26.6968],[56.1572,26.7863],[56.2102,26.8639],[56.2517,26.882],[56.2723,26.87],[56.2699,26.8158],[56.3178,26.774],[56.381,26.7797],[56.4357,26.817],[56.4615,26.8671],[56.448,26.913],[56.417,26.9317],[56.3348,26.938],[56.3259,26.9769],[56.2701,27.0198],[56.129,27.0457],[56.0292,27.0304],[56.1031,27.0799],[56.2109,27.0903],[56.3619,27.1386],[56.3712,27.0398],[56.392,27.0127],[56.4661,26.9812],[56.5483,27.0236],[56.5576,27.0642],[56.5433,27.0994],[56.5614,27.1181],[56.7018,27.0943],[56.7948,27.0232],[56.9799,26.7753],[57.0245,26.6069],[57.0266,26.5471],[56.9988,26.4524],[57.0146,26.3279],[57.0949,26.2204],[57.1512,26.1835],[57.1307,26.0154],[57.211,25.9395],[57.2421,25.7851],[57.273,25.7477],[57.5756,25.6951],[57.6947,25.7096],[57.7235,25.6935],[57.7088,25.6678],[57.7121,25.6221],[57.746,25.5996],[57.923,25.6548],[58.0051,25.5579],[58.0934,25.5153],[58.5546,25.5412],[58.679,25.513],[58.792,25.5183],[58.8864,25.4743],[58.9587,25.3962],[59.0503,25.3626],[59.4415,25.4303],[59.5768,25.3409],[59.8021,25.3524],[59.859,25.3003],[59.8894,25.2915],[59.97,25.3219],[60.0582,25.3295],[60.1051,25.2981],[60.1982,25.277],[60.2642,25.3103],[60.3035,25.2826],[60.4632,25.2416],[60.5148,25.2554],[60.5323,25.2903],[60.5238,25.3245],[60.4764,25.3749],[60.5386,25.3901],[60.5504,25.3798],[60.5424,25.3401],[60.5913,25.2423],[60.9463,25.1735]]],[[[50.3847,29.229],[50.4117,29.3458],[50.3775,29.3896],[50.3262,29.3961],[50.2374,29.3029],[50.2273,29.2673],[50.2675,29.1849],[50.3014,29.1631],[50.3517,29.1742],[50.3847,29.229]]],[[[54.0458,26.4624],[54.075,26.4856],[54.0851,26.5222],[54.0438,26.5867],[53.9564,26.618],[53.883,26.6102],[53.8574,26.5932],[53.8403,26.5215],[53.8855,26.4752],[53.9581,26.4534],[54.0458,26.4624]]],[[[54.5694,26.2284],[54.5952,26.2763],[54.5782,26.3414],[54.514,26.3697],[54.4411,26.3448],[54.4364,26.2836],[54.4707,26.2196],[54.5196,26.204],[54.5694,26.2284]]],[[[54.5927,25.892],[54.5928,25.9428],[54.5425,25.9875],[54.4652,25.9708],[54.4402,25.9403],[54.4418,25.8845],[54.4803,25.8532],[54.5438,25.8497],[54.5927,25.892]]],[[[55.0824,25.9287],[55.021,25.9464],[54.9701,25.9205],[54.9528,25.8766],[54.9683,25.8436],[55.0255,25.8099],[55.0758,25.8214],[55.1031,25.856],[55.1015,25.9057],[55.0824,25.9287]]],[[[55.209,26.2394],[55.1948,26.2749],[55.1459,26.2905],[55.1099,26.271],[55.0997,26.2343],[55.1215,26.202],[55.1515,26.1924],[55.1911,26.2052],[55.209,26.2394]]],[[[55.3761,26.2769],[55.342,26.3294],[55.2844,26.339],[55.2376,26.319],[55.2255,26.276],[55.2618,26.2134],[55.2999,26.1973],[55.3686,26.2309],[55.3761,26.2769]]]]},"properties":{"id":"Q63158027","names":{"de":"Persien","en":"Persia","ko":"페르시아"},"from":1828.1397849462367,"to":1935,"wikidata":"Q63158027","adminLevel":2,"source":"OpenHistoricalMap","sourceUrl":"https://www.openhistoricalmap.org"}},{"type":"Feature","geometry":{"type":"MultiPolygon","coordinates":[[[[12.0099,38.0319],[11.9758,37.9966],[12.0073,37.9287],[12.071,37.9048],[12.133,37.9212],[12.1433,37.9597],[12.1013,38.0171],[12.0099,38.0319]]],[[[13.4831,40.8136],[13.4636,40.8357],[13.4165,40.8427],[13.3709,40.8151],[13.3551,40.7795],[13.3795,40.7513],[13.4382,40.7491],[13.4771,40.7721],[13.4831,40.8136]]],[[[12.9982,40.9843],[12.9131,40.9483],[12.8785,40.9856],[12.8258,40.9837],[12.8038,40.9626],[12.7985,40.9188],[12.8243,40.8911],[12.8822,40.8927],[12.9208,40.8475],[12.979,40.8439],[13.0477,40.9257],[13.0852,40.9285],[13.1178,40.9612],[13.1076,40.9941],[13.0743,41.0125],[13.0317,41.0102],[12.9982,40.9843]]],[[[11.0873,42.2987],[11.0439,42.2695],[11.0475,42.2289],[11.0843,42.2031],[11.1398,42.2056],[11.1681,42.2408],[11.1661,42.2704],[11.1397,42.2955],[11.0873,42.2987]]],[[[10.8683,42.427],[10.834,42.4064],[10.8116,42.3662],[10.8193,42.3366],[10.8895,42.2842],[10.954,42.2863],[10.9838,42.3242],[10.9765,42.3705],[10.9353,42.4146],[10.8683,42.427]]],[[[10.2847,42.3884],[10.2434,42.3581],[10.246,42.2996],[10.3058,42.2747],[10.3653,42.2928],[10.3832,42.3262],[10.3755,42.3598],[10.3286,42.3886],[10.2847,42.3884]]],[[[10.0784,42.8256],[10.0503,42.7886],[10.0575,42.7456],[10.1384,42.6897],[10.3324,42.6982],[10.4278,42.6686],[10.4736,42.6883],[10.4873,42.7113],[10.4948,42.8561],[10.4363,42.908],[10.3766,42.9021],[10.3386,42.8599],[10.256,42.8687],[10.2153,42.848],[10.1296,42.8473],[10.0784,42.8256]]],[[[9.7741,43.0896],[9.7392,43.0315],[9.7621,42.9816],[9.8262,42.9657],[9.889,43.0092],[9.8976,43.0583],[9.8738,43.0934],[9.8278,43.1116],[9.7741,43.0896]]],[[[15.2464,38.8495],[15.1911,38.848],[15.1458,38.8195],[15.1346,38.7878],[15.1466,38.7623],[15.2007,38.7316],[15.2685,38.7519],[15.294,38.8149],[15.2464,38.8495]]],[[[15.0038,38.6119],[15.0341,38.5865],[15.078,38.5841],[15.1183,38.6074],[15.1297,38.6451],[15.1002,38.6821],[15.0564,38.6879],[15.0096,38.6587],[15.0038,38.6119]]],[[[14.8638,38.4475],[14.8902,38.4277],[14.8872,38.3916],[14.9033,38.3645],[14.957,38.3312],[15.0143,38.3288],[15.055,38.3603],[15.0512,38.4003],[15.0176,38.4415],[15.0322,38.4929],[14.9991,38.552],[14.9272,38.5639],[14.9162,38.6042],[14.8887,38.6212],[14.7719,38.6146],[14.7447,38.574],[14.7459,38.5486],[14.7757,38.5195],[14.8464,38.4938],[14.8638,38.4475]]],[[[14.491,38.596],[14.4939,38.5535],[14.5303,38.5212],[14.6046,38.5143],[14.6436,38.5423],[14.6391,38.5796],[14.5946,38.6201],[14.5254,38.624],[14.491,38.596]]],[[[14.4,38.5842],[14.3203,38.5897],[14.2907,38.5639],[14.2917,38.5197],[14.3269,38.4925],[14.3931,38.4995],[14.4189,38.5414],[14.4,38.5842]]],[[[8.2327,39.8612],[8.2558,39.8461],[8.2993,39.8473],[8.3252,39.8734],[8.3228,39.8962],[8.29,39.9191],[8.2487,39.9145],[8.2253,39.8845],[8.2327,39.8612]]],[[[8.9757,45.9617],[8.9775,45.9823],[8.9669,45.9841],[8.9757,45.9617]]],[[[9.9046,43.4779],[9.8425,43.4495],[9.836,43.4175],[9.854,43.3941],[9.9108,43.3826],[9.9571,43.4119],[9.9573,43.4505],[9.9046,43.4779]]],[[[9.9924,42.5808],[10.0188,42.5433],[10.0801,42.5286],[10.1286,42.54],[10.1561,42.5717],[10.1333,42.6366],[10.0861,42.6582],[10.0339,42.64],[9.9924,42.5808]]],[[[8.2686,40.5343],[8.2914,40.4803],[8.328,40.4604],[8.3438,40.4209],[8.3261,40.3546],[8.3365,40.3186],[8.4003,40.2956],[8.4258,40.2681],[8.4052,40.1709],[8.433,40.0925],[8.3479,40.0724],[8.3232,40.0371],[8.2601,40.016],[8.2476,39.9791],[8.2801,39.9456],[8.348,39.9524],[8.3581,39.8754],[8.3933,39.8328],[8.451,39.8134],[8.4095,39.7946],[8.3921,39.7636],[8.3894,39.6833],[8.4102,39.5859],[8.3284,39.4643],[8.342,39.4172],[8.3206,39.3672],[8.3708,39.2912],[8.3145,39.228],[8.2489,39.219],[8.1828,39.1857],[8.1684,39.1392],[8.2046,39.0842],[8.307,39.045],[8.3658,38.9321],[8.4409,38.8966],[8.4707,38.8994],[8.4982,38.9247],[8.507,39.0155],[8.5636,38.8687],[8.6054,38.8337],[8.6515,38.8235],[8.6974,38.8402],[8.7143,38.8742],[8.7349,38.8819],[8.7876,38.844],[8.8701,38.8367],[9.0486,38.95],[9.0981,39.0484],[9.0687,39.1125],[9.0825,39.1491],[9.1709,39.1412],[9.2208,39.1789],[9.2668,39.1725],[9.3634,39.11],[9.4567,39.083],[9.5177,39.0429],[9.5606,39.046],[9.5855,39.0681],[9.5883,39.0926],[9.641,39.1072],[9.6555,39.1546],[9.6222,39.2238],[9.6351,39.2549],[9.6708,39.2674],[9.6862,39.2937],[9.6519,39.3517],[9.694,39.4292],[9.6874,39.5149],[9.7299,39.7062],[9.7236,39.7871],[9.7479,39.841],[9.7374,39.8863],[9.7686,39.9237],[9.7446,39.9706],[9.7876,40.0686],[9.7793,40.1075],[9.7058,40.1616],[9.68,40.2071],[9.6783,40.2511],[9.731,40.3183],[9.8098,40.3684],[9.8706,40.4814],[9.8812,40.5327],[9.7974,40.6373],[9.8125,40.7021],[9.771,40.7307],[9.7649,40.7691],[9.7372,40.7891],[9.7799,40.8359],[9.8238,40.8579],[9.8241,40.8906],[9.761,40.9637],[9.7262,40.9669],[9.6868,40.947],[9.7143,40.9805],[9.713,41.0132],[9.6537,41.0444],[9.6604,41.0946],[9.6473,41.1107],[9.536,41.1955],[9.5403,41.2301],[9.5233,41.2636],[9.3821,41.348],[9.3165,41.3361],[9.2698,41.2918],[9.1182,41.2817],[9.086,41.2419],[9.0938,41.1897],[8.9826,41.1574],[8.9114,41.0843],[8.8267,41.0422],[8.8163,40.9995],[8.7919,40.976],[8.7571,40.958],[8.6893,40.9552],[8.5954,40.91],[8.5718,40.8812],[8.4896,40.8606],[8.3902,40.8911],[8.3243,40.8887],[8.2901,40.9181],[8.3161,41.0102],[8.3704,41.0219],[8.4033,41.0931],[8.3576,41.1484],[8.3307,41.1594],[8.2442,41.1367],[8.2135,41.0855],[8.1727,41.0582],[8.1271,40.9523],[8.1265,40.9193],[8.1612,40.872],[8.1117,40.809],[8.082,40.7399],[8.0916,40.7075],[8.135,40.6682],[8.0916,40.6275],[8.1151,40.5407],[8.1682,40.5199],[8.2686,40.5343]]],[[[10.8904,42.7174],[10.936,42.6942],[10.9685,42.6361],[11.0298,42.6071],[11.0832,42.5334],[11.1386,42.5078],[11.1367,42.4859],[11.082,42.483],[11.0387,42.4463],[11.0364,42.3951],[11.0609,42.3655],[11.1495,42.3218],[11.2103,42.3279],[11.2606,42.3715],[11.3511,42.3606],[11.5053,42.3149],[11.5922,42.2689],[11.6515,42.2122],[11.6961,42.1236],[11.7974,42.0015],[11.905,41.996],[12.1036,41.8878],[12.1593,41.8039],[12.1798,41.7202],[12.3204,41.6646],[12.3985,41.6129],[12.5057,41.5147],[12.5836,41.4174],[12.6195,41.405],[12.6736,41.4128],[12.7545,41.372],[12.8266,41.3757],[12.8648,41.3619],[12.9413,41.3071],[13.004,41.2015],[13.0467,41.1849],[13.1139,41.1884],[13.1932,41.2386],[13.3146,41.2541],[13.5356,41.168],[13.6214,41.1748],[13.6445,41.21],[13.7007,41.2065],[13.741,41.1829],[13.8444,41.0762],[13.8748,41.0064],[13.9524,40.9332],[13.9931,40.8536],[13.9888,40.8056],[13.964,40.7891],[13.8592,40.8006],[13.8168,40.7787],[13.798,40.7079],[13.84,40.6659],[13.8848,40.6522],[13.9717,40.6625],[14.0789,40.738],[14.2021,40.7538],[14.2887,40.7891],[14.3601,40.7293],[14.4059,40.7128],[14.2962,40.6515],[14.2704,40.6014],[14.1603,40.5881],[14.1442,40.5322],[14.1882,40.4963],[14.2748,40.5066],[14.4587,40.5758],[14.5789,40.5725],[14.6397,40.6024],[14.7161,40.5981],[14.7664,40.6269],[14.8481,40.5452],[14.9443,40.3885],[14.8981,40.3546],[14.8866,40.2936],[14.8544,40.263],[14.8745,40.2124],[14.9706,40.1759],[15.0186,40.1334],[15.1131,40.1267],[15.2249,40.0521],[15.215,40.0213],[15.2257,40.0008],[15.3396,39.961],[15.4457,39.9552],[15.5372,40.0301],[15.5838,40.0342],[15.6762,39.952],[15.7285,39.8787],[15.716,39.8326],[15.7652,39.6654],[15.8198,39.5501],[15.942,39.4309],[15.9857,39.3361],[16.0129,39.1366],[16.0447,39.023],[16.1116,38.9289],[16.1664,38.893],[16.1689,38.8693],[16.1403,38.7756],[16.0956,38.7581],[15.966,38.7613],[15.7946,38.6717],[15.7752,38.6327],[15.7789,38.602],[15.8726,38.5295],[15.7594,38.3123],[15.693,38.2955],[15.527,38.3413],[15.4119,38.2826],[15.3066,38.2532],[15.2731,38.3006],[15.2155,38.3113],[15.176,38.2866],[15.1813,38.2325],[15.1692,38.2115],[15.1022,38.1722],[15.061,38.1917],[14.9986,38.193],[14.9135,38.2335],[14.797,38.1979],[14.7276,38.2041],[14.6226,38.1197],[14.4715,38.0761],[14.4177,38.0817],[14.3036,38.0508],[14.1439,38.072],[14.1078,38.0592],[14.0153,38.0833],[13.7616,38.0141],[13.6028,38.0716],[13.5905,38.1213],[13.5638,38.1492],[13.5059,38.1614],[13.4349,38.1408],[13.3993,38.219],[13.327,38.2656],[13.2197,38.2423],[13.1923,38.2209],[13.0774,38.2263],[13.0067,38.1578],[13.0131,38.1079],[12.9162,38.0684],[12.8463,38.1194],[12.809,38.2066],[12.7292,38.2316],[12.6749,38.2054],[12.6582,38.1544],[12.5911,38.1111],[12.5261,38.0967],[12.4429,38.0354],[12.3885,38.0293],[12.3393,38.0625],[12.2972,38.0514],[12.2731,38.0223],[12.2693,37.9881],[12.2223,37.9448],[12.2295,37.909],[12.261,37.8797],[12.3845,37.867],[12.3916,37.8428],[12.3709,37.8013],[12.4179,37.7343],[12.4223,37.6873],[12.4964,37.6231],[12.566,37.6075],[12.6354,37.5291],[12.6801,37.5176],[12.7833,37.5385],[12.9254,37.5319],[12.9894,37.4607],[13.1476,37.4478],[13.2429,37.3539],[13.3486,37.308],[13.4191,37.2582],[13.568,37.2168],[13.6068,37.1941],[13.6257,37.1624],[13.7326,37.1094],[13.8092,37.0998],[13.8452,37.0695],[13.925,37.0446],[13.9696,37.0478],[13.9955,37.0672],[14.0665,37.0677],[14.2292,37.0224],[14.3296,36.943],[14.3976,36.8454],[14.415,36.7933],[14.471,36.7481],[14.5681,36.7356],[14.6699,36.6817],[14.7658,36.6628],[14.8611,36.6689],[14.8851,36.6863],[14.9468,36.6524],[15.0027,36.6558],[15.0698,36.6069],[15.1701,36.6373],[15.1918,36.6961],[15.1525,36.7803],[15.1949,36.8839],[15.3123,36.9599],[15.3677,36.9675],[15.3896,37.0122],[15.3514,37.0674],[15.3437,37.1253],[15.2736,37.1877],[15.3074,37.2307],[15.3006,37.2678],[15.2309,37.3306],[15.1457,37.3504],[15.1395,37.4592],[15.2244,37.5591],[15.2284,37.6142],[15.2709,37.7028],[15.2687,37.7462],[15.5241,38.0347],[15.5908,38.1386],[15.5774,38.0913],[15.5956,38.048],[15.5809,38.0175],[15.5883,37.9897],[15.6736,37.9054],[15.7703,37.874],[15.9106,37.8858],[16.0033,37.8736],[16.0953,37.8906],[16.1877,38.0049],[16.2136,38.1147],[16.3608,38.2626],[16.5126,38.3132],[16.6226,38.414],[16.6353,38.471],[16.5988,38.7136],[16.647,38.7836],[16.8075,38.8613],[16.9583,38.8965],[17.0096,38.8658],[17.1116,38.8535],[17.2202,38.9419],[17.2154,38.9803],[17.2548,39.0078],[17.2567,39.0422],[17.1904,39.0741],[17.1689,39.1213],[17.2016,39.2113],[17.1606,39.2622],[17.1635,39.3045],[17.2089,39.3885],[17.206,39.4181],[17.0928,39.4676],[17.0569,39.5165],[16.906,39.5684],[16.8028,39.6545],[16.6329,39.6615],[16.5796,39.6853],[16.5827,39.7298],[16.5407,39.7771],[16.5808,39.8468],[16.6793,39.9491],[16.6563,40.0657],[16.7366,40.1296],[16.8314,40.2806],[16.9423,40.4089],[17.0176,40.4576],[17.092,40.4795],[17.0938,40.4333],[17.1744,40.3742],[17.4928,40.256],[17.6752,40.264],[17.8369,40.24],[17.8668,40.2109],[17.8846,40.1573],[17.9553,40.0968],[17.9253,40.0742],[17.92,40.0466],[17.9496,39.9734],[18.0065,39.9028],[18.146,39.8155],[18.2569,39.791],[18.3393,39.7491],[18.3932,39.7576],[18.4348,39.7944],[18.4604,39.9649],[18.5677,40.0882],[18.5658,40.1516],[18.5157,40.2112],[18.5152,40.2377],[18.4691,40.3144],[18.2802,40.4714],[18.0971,40.575],[18.0907,40.6182],[18.0295,40.6948],[17.9548,40.7226],[17.8628,40.729],[17.7085,40.8022],[17.5237,40.8562],[17.3863,40.941],[17.3442,40.9861],[17.1207,41.0998],[16.931,41.1515],[16.8801,41.1822],[16.8243,41.1838],[16.6347,41.2362],[15.9873,41.4958],[15.9477,41.583],[16.1975,41.7241],[16.2451,41.7751],[16.253,41.8246],[16.2338,41.862],[16.2372,41.8914],[16.1808,41.9424],[16.1072,41.9768],[16.0238,41.9888],[15.7445,41.9559],[15.6066,41.9672],[15.4227,41.9409],[15.1733,41.9617],[15.1157,41.9731],[15.0317,42.038],[14.9127,42.0599],[14.7763,42.1163],[14.7553,42.2],[14.5626,42.2733],[14.4808,42.3398],[14.4647,42.3766],[14.235,42.5133],[14.1187,42.6239],[13.9993,42.8059],[13.8934,43.1133],[13.6829,43.5016],[13.672,43.569],[13.5595,43.6525],[13.4991,43.6699],[13.4567,43.6512],[13.3185,43.7098],[12.9294,43.959],[12.8096,44.0026],[12.7299,44.0129],[12.6059,44.11],[12.5641,44.1244],[12.4333,44.2401],[12.3413,44.4703],[12.3361,44.5977],[12.3024,44.6698],[12.296,44.7273],[12.3065,44.759],[12.4049,44.7487],[12.5034,44.8111],[12.5506,44.9548],[12.5374,44.9932],[12.3841,45.1142],[12.3851,45.1661],[12.3529,45.2154],[12.383,45.3438],[12.4178,45.389],[12.747,45.4927],[12.9343,45.5775],[13.1222,45.6028],[13.1933,45.6694],[13.2428,45.6776],[13.2385,45.7527],[13.3055,45.7902],[13.3135,45.8402],[13.3017,45.869],[13.3604,45.9045],[13.3718,45.9444],[13.3953,45.9319],[13.4247,45.942],[13.4422,45.9761],[13.4649,45.9848],[13.4968,46.0587],[13.5968,46.1051],[13.6461,46.1394],[13.6664,46.1737],[13.637,46.1907],[13.5721,46.185],[13.554,46.2083],[13.4855,46.2243],[13.4471,46.2282],[13.4664,46.2073],[13.4171,46.2103],[13.4196,46.2301],[13.3768,46.2946],[13.4426,46.3277],[13.4451,46.361],[13.5145,46.3764],[13.4921,46.4124],[13.4418,46.432],[13.4558,46.4747],[13.352,46.4766],[13.2821,46.5188],[13.2105,46.5281],[13.1592,46.5739],[13.0726,46.596],[12.8477,46.6054],[12.8288,46.6312],[12.7954,46.6424],[12.7301,46.6347],[12.6906,46.657],[12.569,46.6514],[12.5178,46.6775],[12.4725,46.6783],[12.3817,46.6436],[12.3899,46.6274],[12.371,46.6198],[12.3388,46.6327],[12.3072,46.619],[12.2436,46.6244],[12.1915,46.5902],[12.241,46.5661],[12.2528,46.5399],[12.2298,46.5053],[12.197,46.5086],[12.125,46.4618],[12.0591,46.4982],[12.0281,46.4454],[12.0066,46.4385],[11.9505,46.4775],[11.9325,46.4593],[11.8867,46.4649],[11.892,46.4436],[11.843,46.4252],[11.8343,46.3718],[11.774,46.3577],[11.8279,46.3269],[11.8409,46.2701],[11.8836,46.2789],[11.8948,46.2509],[11.9216,46.2478],[11.9137,46.2272],[11.9279,46.2086],[11.9627,46.1906],[11.8971,46.1247],[11.689,46.0948],[11.6823,46.0786],[11.7044,46.0537],[11.666,46.0362],[11.6899,45.9888],[11.67,45.9638],[11.5877,45.9694],[11.5773,46.0069],[11.5431,46.0144],[11.4966,46.0088],[11.4471,45.981],[11.3771,45.9843],[11.3818,45.9426],[11.3585,45.9321],[11.3596,45.8965],[11.2657,45.9179],[11.2358,45.8802],[11.2391,45.8562],[11.1978,45.8179],[11.2043,45.7838],[11.1734,45.7865],[11.1783,45.7364],[11.123,45.6892],[11.0561,45.7185],[11.0263,45.7046],[11.0176,45.7193],[10.9684,45.6799],[10.9753,45.6961],[10.9427,45.6728],[10.92,45.6802],[10.9067,45.7071],[10.8433,45.7184],[10.8854,45.776],[10.8843,45.808],[10.8253,45.8379],[10.7735,45.8431],[10.6607,45.8314],[10.6484,45.8078],[10.6668,45.7817],[10.6503,45.7588],[10.6033,45.7333],[10.5633,45.7312],[10.567,45.7565],[10.526,45.8054],[10.5443,45.8168],[10.5025,45.8304],[10.5045,45.8741],[10.4915,45.8824],[10.5109,45.9155],[10.4861,45.9429],[10.4884,45.9721],[10.4535,45.9765],[10.4533,45.9909],[10.4835,46.0217],[10.4949,46.0692],[10.5463,46.1134],[10.5655,46.1668],[10.5412,46.1887],[10.582,46.2437],[10.5597,46.2831],[10.5797,46.2988],[10.5658,46.3263],[10.5184,46.3428],[10.5196,46.3558],[10.609,46.3823],[10.6265,46.3989],[10.6166,46.4436],[10.5554,46.4899],[10.4847,46.4939],[10.4195,46.5509],[10.3115,46.5467],[10.2693,46.5777],[10.2465,46.5746],[10.2541,46.614],[10.24,46.6353],[10.0988,46.6055],[10.1007,46.5828],[10.0468,46.544],[10.0524,46.4613],[10.0403,46.4447],[10.0825,46.4217],[10.1277,46.4305],[10.1612,46.4154],[10.1629,46.3939],[10.1353,46.3825],[10.1057,46.3316],[10.1749,46.2546],[10.1233,46.2238],[10.0486,46.2284],[10.0537,46.2671],[9.9996,46.2833],[10.0001,46.3132],[9.9839,46.3296],[9.9959,46.3458],[9.9457,46.3775],[9.925,46.3661],[9.9074,46.3809],[9.7687,46.3361],[9.7372,46.3508],[9.7027,46.291],[9.67,46.2998],[9.6388,46.286],[9.5525,46.3036],[9.4943,46.3652],[9.4617,46.3755],[9.4638,46.4744],[9.4497,46.48],[9.4643,46.5079],[9.4342,46.4979],[9.4141,46.4681],[9.3907,46.473],[9.365,46.5079],[9.2818,46.496],[9.2699,46.4534],[9.2488,46.4382],[9.2805,46.4107],[9.277,46.3686],[9.2966,46.3285],[9.2486,46.2337],[9.2023,46.2084],[9.1839,46.1706],[9.0787,46.1213],[9.0891,46.0901],[9.0779,46.0694],[9.0095,46.0374],[9.0225,45.9896],[8.9958,45.9729],[9.014,45.9606],[9.0193,45.9284],[9.0869,45.9023],[9.023,45.822],[8.9563,45.8417],[8.9122,45.8305],[8.9434,45.8656],[8.8982,45.9254],[8.8968,45.9548],[8.8342,45.9852],[8.7859,45.9891],[8.8545,46.0616],[8.852,46.0756],[8.806,46.1014],[8.7654,46.1005],[8.7423,46.1223],[8.7148,46.098],[8.611,46.1253],[8.6002,46.1533],[8.5326,46.2156],[8.4419,46.2544],[8.4498,46.2743],[8.4278,46.2983],[8.463,46.3322],[8.4711,46.396],[8.4585,46.4199],[8.4662,46.4429],[8.4387,46.4627],[8.367,46.452],[8.3098,46.4243],[8.2919,46.4092],[8.3161,46.3982],[8.3128,46.3772],[8.2692,46.3658],[8.2628,46.346],[8.229,46.3368],[8.2019,46.3042],[8.141,46.3021],[8.0911,46.2682],[8.0839,46.2608],[8.1651,46.1829],[8.1513,46.1432],[8.1099,46.1133],[8.0389,46.1],[8.0231,46.0724],[8.0345,46.0442],[8.0072,46.0114],[7.989,45.996],[7.9087,45.997],[7.8802,45.9746],[7.8636,45.9167],[7.8002,45.9173],[7.7565,45.9388],[7.727,45.9235],[7.6613,45.9754],[7.5889,45.9707],[7.5754,45.9874],[7.5502,45.986],[7.5401,45.9561],[7.4956,45.9597],[7.3912,45.8994],[7.2904,45.9203],[7.2584,45.8891],[7.2061,45.8802],[7.1968,45.8604],[7.1536,45.8793],[7.1035,45.8594],[7.0443,45.9226],[7.0096,45.9049],[6.9946,45.8715],[6.94,45.8471],[6.8203,45.8368],[6.8023,45.7824],[6.8122,45.7235],[6.9161,45.6524],[6.9944,45.6406],[6.9786,45.5869],[6.9953,45.5757],[7.006,45.5022],[7.0566,45.4942],[7.0467,45.4766],[7.0963,45.4696],[7.1135,45.4347],[7.1779,45.409],[7.1577,45.3583],[7.1103,45.3202],[7.1364,45.2585],[7.0669,45.2103],[6.9754,45.2662],[6.9058,45.2615],[6.8576,45.2161],[6.9133,45.2008],[6.9339,45.174],[6.8946,45.1685],[6.8885,45.1365],[6.8493,45.1273],[6.7678,45.1596],[6.7454,45.1393],[6.6864,45.1398],[6.6455,45.1152],[6.5809,45.1217],[6.5533,45.0935],[6.6077,45.0533],[6.634,45.0552],[6.6538,45.0266],[6.7429,45.0165],[6.75,44.9979],[6.7158,44.9682],[6.757,44.9044],[6.8676,44.8503],[6.9068,44.8444],[6.9303,44.8625],[7.019,44.8249],[7.0009,44.7922],[7.0297,44.7337],[7.0751,44.6866],[6.9887,44.6902],[6.9622,44.6771],[6.9506,44.6496],[6.9681,44.6256],[6.9491,44.6189],[6.9335,44.5763],[6.8553,44.5316],[6.8674,44.4938],[6.9424,44.4328],[6.8976,44.421],[6.8871,44.3659],[6.9227,44.3483],[6.9692,44.2861],[6.9896,44.2834],[7.0206,44.2201],[7.0732,44.2013],[7.102,44.1234],[7.1933,44.0791],[7.2418,44.1122],[7.2862,44.0985],[7.2907,44.0714],[7.3529,44.0741],[7.3798,44.051],[7.5335,44.051],[7.6362,44.0007],[7.618,43.9756],[7.589,43.9729],[7.6042,43.9624],[7.5541,43.9485],[7.545,43.9127],[7.4895,43.924],[7.5046,43.8807],[7.4959,43.8523],[7.5385,43.7461],[7.6908,43.7403],[7.79,43.7762],[7.9655,43.8105],[8.11,43.8636],[8.216,43.9313],[8.2204,43.9768],[8.2673,44.0197],[8.2845,44.0835],[8.3184,44.1164],[8.4487,44.1573],[8.514,44.2711],[8.734,44.3794],[9.0831,44.3344],[9.1085,44.2948],[9.205,44.2619],[9.253,44.2702],[9.2701,44.2904],[9.3312,44.2658],[9.3702,44.2235],[9.4646,44.1952],[9.5922,44.1108],[9.6636,44.0962],[9.8248,43.9983],[9.8614,43.9969],[9.8984,44.0239],[9.9432,44.0021],[10.0014,44.0016],[10.0555,43.9839],[10.1359,43.9221],[10.1772,43.874],[10.2103,43.7957],[10.2457,43.5279],[10.2829,43.4562],[10.3321,43.4262],[10.3844,43.3653],[10.4123,43.3044],[10.4534,43.2719],[10.4751,43.2274],[10.4802,43.0648],[10.4302,42.9909],[10.4514,42.9117],[10.5293,42.8813],[10.6198,42.9154],[10.716,42.8938],[10.7156,42.8547],[10.6787,42.8091],[10.6856,42.7814],[10.754,42.7434],[10.8904,42.7174]],[[12.4777,43.8969],[12.4102,43.9017],[12.404,43.9552],[12.5085,43.9917],[12.5149,43.9464],[12.4777,43.8969]]]]},"properties":{"id":"Q172579","names":{"ab":"Италиа","ace":"Itali","ady":"Италие","af":"Italië","als":"Italien","alt":"Италия","ami":"Italy","an":"Italia","ang":"Eotol","ann":"Itali","ast":"Italia","atj":"Italie","av":"Италия","avk":"Italia","ay":"Italiya","az":"İtaliya","ba":"Италия","ban":"Italia","bar":"Italien","bat-smg":"Italėjė","bbc":"Italia","bcl":"Italya","be":"Італія","be-x-old":"Італія","bew":"Itali","bg":"Италия","bi":"Itali","bm":"Italiya","br":"Italia","bs":"Italija","btm":"Italia","bxr":"Итали","ca":"Itàlia","cbk-zam":"Italia","cdo":"É-dâi-lé","ce":"Итали","ceb":"Italya","ch":"Italia","chr":"ᎢᏔᎵ","chy":"Italy","co":"Italia","crh":"İtaliya","cs":"Itálie","csb":"Italskô","cu":"Їталїꙗ","cv":"Итали","cy":"Yr Eidal","da":"Italien","dag":"Italia","de":"Italien","din":"Italia","diq":"İtalya","dsb":"Italska","ee":"Italy","el":"Ιταλία","eml":"Itâglia","en":"Italy","eo":"Italio","es":"Italia","et":"Itaalia","eu":"Italia","ext":"Italia","ff":"Italiya","fi":"Italia","fiu-vro":"Itaalia","fj":"Itali","fo":"Italia","fr":"Italie","frp":"Étalie","frr":"Itaalien","fur":"Italie","fy":"Itaalje","ga":"An Iodáil","gag":"İtaliya","gcr":"Itali","gd":"An Eadailt","gl":"Italia","gn":"Itália","gor":"Italia","got":"𐌹𐍄𐌰𐌻𐌾𐌰","gv":"Yn Iddaal","ha":"Italiya","hak":"Yi-thai-li","haw":"ʻĪkālia","hif":"Italy","hr":"Italija","hsb":"Italska","ht":"Itali","hu":"Olaszország","ia":"Italia","iba":"Itali","id":"Italia","ie":"Italia","ig":"Italy","ik":"Italia","ilo":"Italia","inh":"Итали","io":"Italia","is":"Ítalía","it":"Italia","ja":"イタリア","jam":"Itali","jbo":"italias","jv":"Itali","kaa":"Italiya","kab":"Ṭṭelyan","kbd":"Италэ","kbp":"Itaalii","kcg":"Italya","kg":"Italia","kge":"Italia","ki":"Itari","kk":"Италия","knc":"Italy","ko":"이탈리아","koi":"Италья","krc":"Италия","ksh":"Italie","ku":"Îtalya","kv":"Италия","kw":"Itali","ky":"Италия","la":"Italia","lad":"Italia","lb":"Italien","lbe":"Италия","lez":"Италия","lfn":"Italia","lg":"Yitale","li":"Italië","lij":"Italia","lld":"Talia","lmo":"Itàlia","ln":"Italya","lt":"Italija","ltg":"Italeja","lv":"Itālija","mad":"Italia","map-bms":"Italia","mdf":"Италия","mg":"Italia","mhr":"Италий","mi":"Itāria","min":"Itali","mk":"Италија","mn":"Итали","mrj":"Италия","ms":"Itali","mt":"Italja","mwl":"Eitália","myv":"Италия Мастор","nap":"Italia","nb":"Italia","nds":"Italien","nds-nl":"Italiën","nia":"Italia","nl":"Italië","nn":"Italia","no":"Italia","nov":"Italia","nr":"I-Italy","nrm":"Italie","nso":"Italia","nup":"Italy","nv":"Doohatsʼíí Yátiʼ Dineʼé Bikéyah","ny":"Italia","oc":"Itàlia","olo":"Itualii","om":"Xaaliyaanii","os":"Итали","pag":"Italia","pam":"Italya","pap":"Italia","pcd":"Italie","pdc":"Idali","pdt":"Italien","pfl":"Italien","pl":"Włochy","pms":"Italia","pnt":"Ιταλία","pt":"Itália","qu":"Italya","rm":"Italia","rmy":"Italiya","rn":"Ubutariyano","ro":"Italiei","roa-rup":"Italia","roa-tara":"Itaglie","ru":"Италия","rue":"Італія","rw":"Ubutaliyani","sah":"Италия","sc":"Itàlia","scn":"Italia","sco":"Italy","se":"Itália","sg":"Italïi","sh":"Italija / Италија","sh-Cyrl":"Италија","sh-Latn":"Italija","shi":"Ṭṭalyan","sk":"Taliansko","sl":"Italija","sm":"Italia","smn":"Italia","sn":"Itari","so":"Talyaaniga","sq":"Italia","sr":"Италија","sr-Latn":"Italija","srn":"Italiyanikondre","ss":"INtaliyane","st":"Ithali","stq":"Italien","su":"Italia","sv":"Italien","sw":"Italia","szl":"Italijo","szy":"Italy","tay":"Italy","tet":"Itália","tg":"Итолиё","tk":"Italiýa","tl":"Italya","tly":"Italijə","tn":"Italia","to":"ʻĪtali","tok":"ma Italija","tpi":"Itali","tr":"İtalya","trv":"Italy","ts":"Ithali","tt":"Италия","tum":"Italy","tw":"Italy","ty":"’Itāria","tyv":"Италия","udm":"Италия","uk":"Італія","ur":"اطالیہ","uz":"Italiya","ve":"Italy","vec":"Itàłia","vep":"Italii","vi":"Ý","vls":"Itoalië","vo":"Litaliyän","wa":"Itåleye","war":"Italya","wo":"Itaali","xal":"Италмудин Орн","xh":"IItaly","yo":"Itálíà","za":"Eiqdaihleih","zea":"Itâlië","zh":"義大利王","zu":"ITaliya"},"from":1870.717741935484,"to":1920.5403225806451,"wikidata":"Q172579","adminLevel":2,"source":"OpenHistoricalMap","sourceUrl":"https://www.openhistoricalmap.org"}},{"type":"Feature","geometry":{"type":"Polygon","coordinates":[[[1.7257,42.5047],[1.7385,42.5536],[1.7867,42.5745],[1.7309,42.5878],[1.7384,42.6119],[1.6022,42.6255],[1.5543,42.6537],[1.4802,42.6512],[1.4775,42.6146],[1.4332,42.5897],[1.4439,42.5696],[1.4154,42.5411],[1.4457,42.5416],[1.4642,42.5171],[1.423,42.489],[1.4524,42.437],[1.5116,42.4291],[1.5525,42.4329],[1.5657,42.4588],[1.6503,42.4671],[1.6687,42.5028],[1.7094,42.4916],[1.7257,42.5047]]]},"properties":{"id":"Q228","names":{"ab":"Андорра","am":"አንዶራ","ar":"أندورا","av":"Андор","ba":"Андорра","be":"Андора","bg":"Андора","bh":"अंडोरा","bn":"অ্যান্ডোরা","bo":"ཨན་ཌོར་ར།","bs":"Andora","ce":"Андорра","cu":"Андора","cv":"Андорра","de":"Andorra","dv":"އެންޑޯރާ","el":"Ανδόρρα","en":"Andorra","eo":"Andoro","fa":"آندورا","ff":"Anndoora","fr":"Andorre","ga":"Andóra","gn":"Andórra","gu":"એન્ડોરા","he":"אנדורה","hi":"अण्डोरा","hr":"Andora","ht":"Andò","hy":"Անդորրա","io":"Andora","it":"Andorra","ja":"アンドラ","ka":"ანდორა","kg":"Andora","kk":"Андорра","km":"អង់ដូរ៉ា","kn":"ಅಂಡೋರ","ko":"안도라","kv":"Андорра","ky":"Андорра","ln":"Andora","lo":"ປະເທດອັງໂດລາ","lt":"Andora","lv":"Andora","mg":"Andôra","mi":"Ānatōra","mk":"Андора","ml":"അൻഡോറ","mn":"Андорра","mr":"आंदोरा","my":"အင်ဒိုရာနိုင်ငံ","ne":"एन्डोरा","oc":"Andòrra","om":"Andooraa","or":"ଆଣ୍ଡୋରା","os":"Андоррæ","pa":"ਅੰਡੋਰਾ","pl":"Andora","ps":"اندورا","qu":"Anthura","ru":"Андорра","rw":"Andora","sa":"अण्डोरा","sd":"انڊورا","sg":"Andôro","si":"ඇන්ඩෝරාව","sl":"Andora","sm":"Anatora","sn":"Andora","sr":"Андора","ss":"IYandola","ta":"அந்தோரா","te":"అండొర్రా","tg":"Андорра","th":"ประเทศอันดอร์รา","to":"ʻAnitola","tt":"Андорра","ug":"ئاندوررا","uk":"Андорра","ur":"انڈورا","vo":"Landorän","wa":"Andôre","wo":"Andoor","yi":"אנדארע","yo":"Àndórà","zh":"安道尔","zu":"I-Andora"},"from":1278,"to":null,"wikidata":"Q228","adminLevel":2,"source":"OpenHistoricalMap","sourceUrl":"https://www.openhistoricalmap.org"}},{"type":"Feature","geometry":{"type":"MultiPolygon","coordinates":[[[[16.2067,42.4166],[16.2002,42.3797],[16.2334,42.3554],[16.2775,42.3519],[16.3171,42.3783],[16.3126,42.4123],[16.286,42.4291],[16.2067,42.4166]]],[[[17.0279,42.7423],[17.0575,42.722],[17.1646,42.7312],[17.1961,42.769],[17.1576,42.8011],[17.0458,42.7896],[17.0326,42.8373],[16.9904,42.8543],[16.9491,42.8429],[16.9352,42.8114],[16.7925,42.817],[16.7084,42.7956],[16.668,42.7764],[16.6552,42.753],[16.683,42.7144],[16.7583,42.7174],[16.846,42.6844],[16.9266,42.6915],[17.0279,42.7423]]],[[[16.5119,42.8126],[16.4707,42.8017],[16.4446,42.7744],[16.4345,42.7452],[16.4497,42.7216],[16.505,42.7111],[16.5837,42.7467],[16.5818,42.7845],[16.5119,42.8126]]],[[[17.6815,50.1799],[17.6628,50.1554],[17.674,50.1642],[17.6815,50.1799]]],[[[17.6734,50.1796],[17.6591,50.1556],[17.6677,50.1652],[17.6734,50.1796]]],[[[17.6681,50.1768],[17.6555,50.158],[17.6614,50.1635],[17.6681,50.1768]]],[[[10.4544,47.5558],[10.482,47.5845],[10.4291,47.5776],[10.4499,47.557],[10.4315,47.5028],[10.4678,47.4769],[10.4759,47.4327],[10.4356,47.4103],[10.4368,47.3804],[10.3941,47.3751],[10.3304,47.3048],[10.1782,47.27],[10.1756,47.2892],[10.2163,47.3122],[10.1995,47.3265],[10.2315,47.3687],[10.2276,47.3886],[10.1857,47.3906],[10.1499,47.3671],[10.1192,47.3756],[10.0998,47.3548],[10.0686,47.4095],[10.099,47.4256],[10.0897,47.4603],[10.0701,47.456],[10.0454,47.485],[10.0016,47.4819],[9.9649,47.5229],[9.9708,47.5435],[9.9206,47.5297],[9.8814,47.5481],[9.8583,47.5347],[9.8151,47.5487],[9.8275,47.5799],[9.8027,47.5957],[9.7632,47.5864],[9.7348,47.534],[9.5507,47.5371],[9.5645,47.4933],[9.5941,47.4644],[9.6558,47.4539],[9.6443,47.4348],[9.6734,47.3815],[9.6107,47.3557],[9.533,47.273],[9.5792,47.2086],[9.567,47.173],[9.6246,47.1461],[9.6318,47.129],[9.6122,47.0572],[9.6748,47.0606],[9.8335,47.0145],[9.8794,47.0196],[9.8712,47.0131],[9.8923,46.9904],[9.8724,46.9652],[9.8761,46.9346],[10.0176,46.9016],[10.0549,46.8617],[10.0914,46.859],[10.1052,46.8409],[10.2327,46.8663],[10.2406,46.924],[10.3161,46.9252],[10.3077,46.9473],[10.355,46.9924],[10.3987,46.9969],[10.4288,46.9561],[10.4878,46.9388],[10.4564,46.8139],[10.4198,46.7927],[10.4426,46.7538],[10.4018,46.7346],[10.4188,46.719],[10.388,46.6776],[10.4066,46.6353],[10.4461,46.6413],[10.4923,46.6151],[10.4704,46.5423],[10.4532,46.5308],[10.4579,46.5108],[10.6009,46.4685],[10.622,46.4481],[10.6328,46.4015],[10.6076,46.3794],[10.5196,46.3558],[10.5157,46.3433],[10.5658,46.3263],[10.5754,46.3064],[10.5597,46.2831],[10.5854,46.245],[10.5412,46.1887],[10.5655,46.1668],[10.5463,46.1134],[10.4798,46.0528],[10.4863,46.0295],[10.4527,45.9846],[10.4863,45.971],[10.4847,45.9457],[10.5109,45.9155],[10.4905,45.8874],[10.5025,45.8304],[10.5399,45.821],[10.526,45.8054],[10.5657,45.7582],[10.57,45.7268],[10.6628,45.7721],[10.6429,45.802],[10.6532,45.8328],[10.7773,45.8427],[10.8835,45.817],[10.877,45.7695],[10.8445,45.7226],[10.9179,45.7013],[10.9286,45.6766],[10.9684,45.6946],[10.9684,45.6799],[11.0176,45.7193],[11.0167,45.7062],[11.0528,45.7165],[11.123,45.6892],[11.1783,45.7364],[11.1741,45.782],[11.2043,45.7838],[11.1891,45.813],[11.2374,45.8559],[11.2617,45.9173],[11.3637,45.9002],[11.3584,45.9435],[11.3818,45.9426],[11.3736,45.9835],[11.4471,45.981],[11.4966,46.0088],[11.5431,46.0144],[11.5773,46.0069],[11.5877,45.9694],[11.6822,45.9683],[11.6899,45.9888],[11.666,46.0362],[11.7044,46.0537],[11.6824,46.0898],[11.893,46.1207],[11.9295,46.172],[11.9515,46.1695],[11.9597,46.1856],[11.9165,46.2216],[11.9241,46.2421],[11.9121,46.2532],[11.8895,46.2548],[11.8778,46.2775],[11.8329,46.2778],[11.832,46.3251],[11.774,46.3577],[11.822,46.3762],[11.8323,46.3662],[11.8513,46.4345],[11.892,46.4436],[11.8867,46.4649],[11.9273,46.4596],[11.9448,46.4741],[12.0197,46.4425],[12.0545,46.4949],[12.1361,46.4641],[12.197,46.5086],[12.2298,46.5053],[12.2544,46.5371],[12.229,46.5733],[12.1907,46.5899],[12.2607,46.6297],[12.2844,46.6173],[12.3376,46.6292],[12.371,46.6198],[12.4342,46.6684],[12.5036,46.6803],[12.569,46.6514],[12.6311,46.6614],[12.7378,46.6348],[12.7625,46.6479],[12.8288,46.6312],[12.8477,46.6054],[13.0215,46.6022],[13.1421,46.5789],[13.2149,46.5254],[13.2871,46.5176],[13.352,46.4766],[13.4584,46.4695],[13.4339,46.4358],[13.4921,46.4124],[13.5169,46.383],[13.4412,46.3602],[13.4483,46.3311],[13.382,46.2987],[13.4169,46.2376],[13.4136,46.2179],[13.4664,46.2073],[13.4468,46.223],[13.5291,46.2189],[13.5651,46.1882],[13.6439,46.1895],[13.6634,46.1692],[13.6424,46.1367],[13.5754,46.0918],[13.5008,46.0613],[13.4201,45.9394],[13.3896,45.9328],[13.3762,45.9498],[13.3611,45.9079],[13.3298,45.898],[13.3297,45.8771],[13.3012,45.8653],[13.3155,45.8466],[13.2981,45.8083],[13.3049,45.7878],[13.237,45.7475],[13.2454,45.6805],[13.3686,45.6396],[13.4403,45.6396],[13.5807,45.6926],[13.6182,45.7235],[13.7011,45.666],[13.6511,45.5825],[13.5394,45.5638],[13.4803,45.5371],[13.4369,45.4826],[13.4592,45.4547],[13.4883,45.3181],[13.5238,45.2782],[13.5317,45.1666],[13.5727,45.0825],[13.5668,45.0385],[13.6922,44.9639],[13.6723,44.9097],[13.6814,44.8899],[13.8522,44.7703],[13.8744,44.7386],[14.267,44.4704],[14.7135,44.2253],[14.7347,44.1929],[14.7781,44.1801],[14.7673,44.1454],[14.7849,44.12],[14.9441,44.0317],[15.0606,43.9044],[15.2652,43.7486],[15.4754,43.641],[15.5124,43.6368],[15.5508,43.59],[15.7417,43.5861],[15.7916,43.6066],[15.8584,43.6029],[15.8219,43.5666],[15.838,43.5231],[15.863,43.5035],[16.102,43.3803],[16.3946,43.2789],[16.4017,43.2536],[16.3441,43.2405],[16.2848,43.1922],[16.2666,43.105],[16.0124,43.106],[15.7415,43.072],[15.6746,43.0347],[15.6846,42.9954],[15.7357,42.9771],[15.9013,42.9745],[15.9446,42.9336],[16.0051,42.9151],[16.0558,42.9313],[16.0753,42.9644],[16.2423,42.9769],[16.2808,42.9943],[16.3091,43.0246],[16.3264,43.1057],[16.5348,43.0664],[16.6219,43.0306],[16.5782,42.9836],[16.5789,42.9337],[16.6033,42.8966],[16.6849,42.8628],[16.8742,42.855],[16.9827,42.8846],[17.1859,42.8728],[17.2742,42.9074],[17.3822,42.8603],[17.2686,42.799],[17.2676,42.7746],[17.3014,42.7411],[17.6953,42.6531],[17.7668,42.6507],[17.8062,42.6915],[17.8311,42.689],[17.9133,42.641],[18.0678,42.6062],[18.4914,42.3625],[18.653,42.3238],[18.7466,42.2354],[18.8499,42.2203],[18.9762,42.1041],[19.0039,42.0948],[19.1074,42.1149],[19.0856,42.1534],[19.006,42.1909],[18.9704,42.23],[18.935,42.3062],[18.834,42.3413],[18.7679,42.3931],[18.7874,42.4105],[18.7801,42.5151],[18.7403,42.556],[18.7463,42.5761],[18.7224,42.5808],[18.7058,42.627],[18.6702,42.6362],[18.6036,42.6215],[18.5969,42.5949],[18.5433,42.5737],[18.562,42.5508],[18.5465,42.5311],[18.4753,42.5027],[18.5301,42.4239],[18.5167,42.4264],[18.4424,42.4809],[18.4341,42.5653],[18.3707,42.612],[18.2866,42.617],[18.2498,42.603],[18.1766,42.6612],[18.1573,42.6539],[18.1406,42.6802],[18.1049,42.6865],[18.0984,42.7172],[18.0103,42.7526],[17.9429,42.8004],[17.8913,42.8098],[17.8988,42.8295],[17.8702,42.8466],[17.8394,42.9045],[17.8091,42.9171],[17.7872,42.8916],[17.7499,42.9132],[17.6844,42.922],[17.6492,42.8889],[17.5551,42.9307],[17.7121,42.973],[17.6412,43.0892],[17.4352,43.179],[17.4219,43.2296],[17.3321,43.2699],[17.2511,43.4037],[17.2823,43.4313],[17.2759,43.473],[17.2295,43.4964],[17.1594,43.4938],[17.0094,43.5752],[16.8116,43.7555],[16.7528,43.7696],[16.7272,43.7938],[16.7063,43.8576],[16.6261,43.902],[16.5875,43.9432],[16.5502,43.9536],[16.5022,44.0244],[16.4366,44.0307],[16.4277,44.0832],[16.3774,44.0801],[16.3185,44.1145],[16.3062,44.1478],[16.2383,44.2006],[16.2119,44.2151],[16.1731,44.2082],[16.2173,44.2254],[16.187,44.2958],[16.2187,44.3481],[16.1305,44.3792],[16.1192,44.3977],[16.1424,44.4247],[16.1228,44.5112],[16.0187,44.5627],[16.0027,44.6177],[15.9276,44.7143],[15.817,44.8051],[15.7602,44.8766],[15.7381,44.9354],[15.7479,44.9637],[15.7779,44.969],[15.7835,44.9883],[15.7463,45.0589],[15.7876,45.1125],[15.7672,45.1583],[15.7852,45.1918],[15.8421,45.2249],[15.8914,45.2176],[15.8916,45.2289],[15.9203,45.2309],[15.932,45.2129],[15.9803,45.2293],[16.0171,45.2115],[16.018,45.1858],[16.0471,45.1787],[16.0921,45.1039],[16.1739,45.0704],[16.191,45.0364],[16.2985,44.9982],[16.3574,45.0093],[16.3974,45.1144],[16.4655,45.1465],[16.4766,45.1846],[16.5121,45.22],[16.6046,45.2297],[16.6898,45.1977],[16.7302,45.2073],[16.822,45.1855],[16.8375,45.1898],[16.842,45.2202],[16.8506,45.2061],[16.8792,45.2196],[16.8714,45.2416],[16.8849,45.2568],[16.9059,45.251],[16.9256,45.2762],[16.9484,45.2604],[16.9425,45.2272],[16.9718,45.2271],[16.9678,45.2507],[16.9891,45.2231],[17.0227,45.2355],[17.0166,45.213],[17.0335,45.2246],[17.0519,45.2007],[17.1725,45.1486],[17.2465,45.1464],[17.2746,45.1892],[17.3546,45.1394],[17.4101,45.1344],[17.4517,45.1584],[17.4493,45.128],[17.4935,45.1284],[17.4806,45.1115],[17.5328,45.1099],[17.5498,45.1299],[17.5545,45.1124],[17.6007,45.1065],[17.6686,45.1338],[17.8491,45.0442],[17.9295,45.0781],[17.9307,45.1047],[18.0061,45.1514],[18.0356,45.1257],[18.0693,45.1415],[18.0823,45.1249],[18.0718,45.1099],[18.1159,45.0813],[18.1769,45.0769],[18.2157,45.0908],[18.2122,45.1247],[18.2612,45.1393],[18.3239,45.1014],[18.4213,45.1091],[18.4742,45.0634],[18.5299,45.0512],[18.5509,45.0731],[18.5383,45.0938],[18.5706,45.0701],[18.5806,45.0937],[18.6108,45.0802],[18.6336,45.093],[18.6058,45.0669],[18.6566,45.0563],[18.6587,45.0871],[18.6775,45.0931],[18.686,45.0747],[18.6679,45.0636],[18.735,45.0189],[18.7353,44.992],[18.7965,44.9908],[18.7844,44.973],[18.8025,44.9376],[18.7512,44.9405],[18.7722,44.9181],[18.7682,44.9022],[18.8659,44.8526],[19.0645,44.862],[19.18,44.9215],[19.217,44.896],[19.2503,44.912],[19.3448,44.8901],[19.3537,44.9025],[19.3223,44.9131],[19.4001,44.9204],[19.3744,44.9332],[19.3801,44.9444],[19.4143,44.9596],[19.4439,44.9486],[19.4513,44.9741],[19.5524,44.9826],[19.6446,44.9602],[19.6834,44.924],[19.7569,44.9102],[19.6959,44.8156],[19.7038,44.769],[19.7405,44.7453],[19.8005,44.7475],[19.9335,44.6854],[19.9948,44.6923],[19.9934,44.6757],[19.9206,44.6528],[19.9553,44.6291],[20.0197,44.6719],[20.1307,44.7131],[20.1575,44.7077],[20.1572,44.6818],[20.1774,44.6726],[20.2159,44.7114],[20.2375,44.7123],[20.2324,44.6765],[20.2873,44.6657],[20.3148,44.7397],[20.3597,44.7738],[20.4359,44.7986],[20.4516,44.8338],[20.5292,44.8295],[20.5768,44.8492],[20.6177,44.8289],[20.6329,44.7567],[20.7194,44.6852],[20.7932,44.6571],[20.9172,44.6681],[21.0085,44.7203],[21.1016,44.6993],[21.1443,44.7053],[21.1895,44.7425],[21.2792,44.7595],[21.3287,44.8196],[21.3554,44.8224],[21.4066,44.7754],[21.585,44.7601],[21.6317,44.6614],[21.7784,44.6614],[21.987,44.6347],[22.0717,44.5053],[22.1402,44.4734],[22.1845,44.482],[22.273,44.6207],[22.3243,44.6699],[22.3795,44.6749],[22.4334,44.7099],[22.4666,44.7125],[22.4647,44.7413],[22.428,44.7626],[22.424,44.7922],[22.4852,44.8803],[22.4895,44.9384],[22.5104,44.9637],[22.502,44.98],[22.6553,45.1028],[22.6523,45.1227],[22.5614,45.1506],[22.606,45.216],[22.8352,45.2848],[22.8708,45.2647],[23.1012,45.2905],[23.1443,45.2823],[23.2468,45.3079],[23.3114,45.301],[23.362,45.3396],[23.4041,45.335],[23.4328,45.3092],[23.4939,45.3161],[23.5815,45.3517],[23.6039,45.3861],[23.5942,45.4242],[23.5743,45.4288],[23.5997,45.4824],[23.5755,45.5146],[23.6433,45.5274],[23.7062,45.5087],[23.6931,45.4666],[23.7024,45.4259],[23.7442,45.4316],[23.8241,45.4768],[23.9348,45.4614],[23.9403,45.4912],[23.9886,45.4925],[23.9826,45.5339],[24.1698,45.5155],[24.2338,45.5481],[24.386,45.5847],[24.4514,45.5915],[24.4834,45.575],[24.5135,45.5874],[24.5677,45.5812],[24.6269,45.6037],[24.8117,45.6102],[24.9452,45.5825],[24.9631,45.594],[25.1064,45.5857],[25.1944,45.523],[25.2342,45.5186],[25.2419,45.4724],[25.2829,45.4371],[25.314,45.4308],[25.3216,45.381],[25.4052,45.3882],[25.4107,45.4291],[25.5128,45.4692],[25.5091,45.499],[25.5947,45.5119],[25.6234,45.4961],[25.6405,45.5322],[25.7241,45.4628],[25.7669,45.4615],[25.7794,45.4761],[25.8604,45.4221],[25.8895,45.4477],[25.9009,45.4991],[25.9242,45.5227],[25.9955,45.5146],[26.0412,45.4784],[26.0648,45.4852],[26.1447,45.5829],[26.172,45.562],[26.1875,45.6085],[26.2426,45.626],[26.2747,45.5929],[26.3036,45.6068],[26.3355,45.5916],[26.3529,45.6416],[26.4707,45.6569],[26.4111,45.7177],[26.4286,45.782],[26.4507,45.7973],[26.3892,45.8338],[26.3895,45.8498],[26.4427,45.8874],[26.4654,45.9404],[26.4554,45.9761],[26.4896,46.0188],[26.5004,46.1189],[26.44,46.1639],[26.3982,46.1498],[26.4177,46.189],[26.3483,46.2028],[26.3141,46.2396],[26.2634,46.2464],[26.2532,46.2778],[26.2738,46.2868],[26.2926,46.3677],[26.2699,46.3759],[26.27,46.397],[26.237,46.392],[26.2072,46.4175],[26.2218,46.4536],[26.1317,46.434],[26.1122,46.442],[26.1118,46.4691],[26.0747,46.4854],[26.0812,46.5112],[26.0613,46.5256],[26.0929,46.5527],[26.1231,46.5541],[26.1662,46.6097],[26.1044,46.7142],[26.0673,46.7219],[25.9979,46.7917],[25.9636,46.8736],[25.948,46.8697],[25.8545,46.9241],[25.8186,46.9793],[25.806,46.9654],[25.7362,47.0739],[25.6596,47.0923],[25.6009,47.1323],[25.5882,47.1085],[25.5593,47.1106],[25.474,47.1539],[25.4466,47.1532],[25.4224,47.1825],[25.2977,47.1601],[25.1983,47.205],[25.2678,47.2783],[25.3676,47.2982],[25.4043,47.3439],[25.4254,47.3433],[25.5114,47.4021],[25.5505,47.4041],[25.542,47.4335],[25.5725,47.4515],[25.6228,47.4331],[25.622,47.387],[25.663,47.3814],[25.6865,47.3263],[25.7257,47.3055],[25.8197,47.3215],[25.8349,47.3588],[25.8624,47.3768],[25.8403,47.4353],[25.8655,47.4571],[26.0177,47.461],[26.0516,47.4838],[26.1282,47.4595],[26.1581,47.4739],[26.1108,47.5153],[26.1533,47.5547],[26.2116,47.5607],[26.2757,47.4983],[26.2998,47.5494],[26.3298,47.5359],[26.3467,47.5572],[26.3798,47.5358],[26.4042,47.5556],[26.4863,47.5587],[26.4489,47.6011],[26.3526,47.6011],[26.3255,47.6126],[26.3202,47.6395],[26.3111,47.6304],[26.3027,47.6492],[26.2594,47.6577],[26.249,47.6846],[26.2669,47.7064],[26.2356,47.7947],[26.1669,47.8282],[26.0856,47.9268],[26.0987,47.9559],[26.1833,47.9218],[26.1969,47.8862],[26.2237,47.8979],[26.1432,47.9603],[26.1006,48.0762],[26.072,48.0922],[26.0832,48.1213],[26.0531,48.1328],[26.0425,48.1712],[26.1255,48.2385],[26.1648,48.2513],[26.2173,48.208],[26.2675,48.2059],[26.2655,48.2332],[26.1941,48.2882],[26.16,48.3713],[26.0622,48.4248],[26.0676,48.4554],[26.0281,48.5043],[26.0371,48.5562],[26.053,48.5683],[26.0894,48.5406],[26.12,48.5448],[26.1221,48.5716],[26.0956,48.5993],[26.12,48.6195],[26.1454,48.5977],[26.1471,48.5443],[26.1698,48.5289],[26.2735,48.5396],[26.3061,48.5081],[26.3569,48.5077],[26.3862,48.5326],[26.4435,48.5387],[26.3814,48.565],[26.3603,48.5418],[26.3622,48.5609],[26.3366,48.567],[26.3595,48.5794],[26.3528,48.5881],[26.2925,48.6225],[26.3181,48.625],[26.3174,48.6378],[26.2947,48.6351],[26.308,48.6483],[26.2994,48.6579],[26.275,48.6472],[26.2802,48.6681],[26.2244,48.6831],[26.2429,48.7347],[26.2254,48.7483],[26.2414,48.7491],[26.2344,48.7792],[26.2079,48.7973],[26.2344,48.7901],[26.2251,48.8088],[26.2534,48.8087],[26.2551,48.8211],[26.2393,48.8183],[26.1993,48.8601],[26.2113,48.8631],[26.2045,48.8915],[26.2204,48.9125],[26.1856,48.9108],[26.2074,48.9522],[26.1778,48.9675],[26.212,48.9855],[26.1792,48.9989],[26.213,49.0004],[26.2149,49.013],[26.1842,49.0576],[26.2154,49.0711],[26.1921,49.0776],[26.2048,49.1315],[26.1904,49.1577],[26.2103,49.1675],[26.1905,49.1712],[26.183,49.196],[26.202,49.2441],[26.2463,49.2481],[26.2594,49.264],[26.2439,49.2712],[26.2601,49.2902],[26.2264,49.3251],[26.2268,49.3502],[26.2422,49.3455],[26.2436,49.3701],[26.2226,49.3772],[26.2354,49.3987],[26.194,49.4294],[26.1873,49.4813],[26.1413,49.5109],[26.1753,49.5497],[26.2192,49.5522],[26.1988,49.6075],[26.2309,49.637],[26.2662,49.6421],[26.268,49.6712],[26.1653,49.7275],[26.1607,49.7137],[26.1234,49.725],[25.9569,49.7163],[25.9449,49.7008],[25.8625,49.7434],[25.8507,49.7222],[25.7921,49.7418],[25.818,49.7388],[25.8126,49.7534],[25.7704,49.7435],[25.7344,49.7138],[25.6533,49.7406],[25.6328,49.7604],[25.6346,49.7848],[25.5412,49.7781],[25.4766,49.8247],[25.4612,49.8871],[25.4201,49.9156],[25.4265,49.9429],[25.4037,49.9477],[25.4028,49.9861],[25.3201,50.0159],[25.1971,50.1311],[25.2067,50.1856],[25.169,50.2024],[25.169,50.2226],[25.1841,50.2235],[25.1899,50.2485],[25.2068,50.2474],[25.2047,50.279],[25.0554,50.3006],[25.0575,50.3342],[25.0167,50.3418],[24.9494,50.3857],[24.9297,50.379],[24.9372,50.3455],[24.8854,50.3459],[24.8854,50.3588],[24.8665,50.3608],[24.7666,50.3383],[24.7131,50.3436],[24.7155,50.3786],[24.6475,50.4108],[24.5747,50.4287],[24.5459,50.4064],[24.5026,50.4141],[24.4964,50.4601],[24.4686,50.4855],[24.5228,50.4797],[24.5254,50.4968],[24.5539,50.5062],[24.5297,50.5519],[24.489,50.5565],[24.4501,50.5403],[24.4061,50.5609],[24.4092,50.5821],[24.3856,50.6065],[24.3232,50.5996],[24.3124,50.5719],[24.2434,50.5816],[24.174,50.6164],[24.1571,50.6399],[24.1502,50.6138],[24.0547,50.6074],[24.0954,50.6001],[24.0639,50.571],[24.1015,50.5695],[24.1252,50.5498],[24.1175,50.5409],[24.0718,50.5371],[24.0687,50.5182],[23.9758,50.5376],[23.878,50.4634],[23.8426,50.4555],[23.7973,50.4708],[23.6817,50.4637],[23.6753,50.4016],[23.6549,50.388],[23.5689,50.4036],[23.4779,50.3841],[23.4678,50.4119],[23.4269,50.3941],[23.3582,50.4105],[23.274,50.3736],[23.1842,50.3959],[23.0282,50.2888],[22.7513,50.3032],[22.7034,50.2924],[22.6069,50.3211],[22.6869,50.345],[22.6879,50.357],[22.5228,50.3515],[22.5113,50.3455],[22.5226,50.3161],[22.5089,50.3138],[22.4006,50.3501],[22.3789,50.3426],[22.3117,50.4179],[22.408,50.4826],[22.3924,50.4983],[22.4234,50.5788],[22.3516,50.6118],[22.251,50.6208],[22.223,50.66],[22.1979,50.6667],[22.1419,50.6697],[22.0912,50.652],[21.9972,50.6785],[22.0148,50.7238],[21.9813,50.7715],[21.8831,50.7783],[21.8633,50.8028],[21.8201,50.6944],[21.7291,50.6644],[21.6031,50.5202],[21.4529,50.4943],[21.4426,50.4851],[21.4522,50.4655],[21.435,50.4531],[21.3097,50.4214],[21.1936,50.3538],[21.1833,50.3319],[21.1336,50.3543],[21.053,50.3151],[20.8546,50.296],[20.8359,50.2732],[20.7936,50.2903],[20.7297,50.2522],[20.7289,50.2305],[20.6837,50.2171],[20.676,50.1965],[20.5804,50.1415],[20.4001,50.1409],[20.397,50.1221],[20.3416,50.1121],[20.3424,50.093],[20.2994,50.098],[20.2176,50.0537],[20.188,50.0852],[20.2037,50.1314],[20.1776,50.1487],[20.0791,50.1256],[20.0399,50.1401],[20.0282,50.123],[19.9478,50.1516],[19.8175,50.1437],[19.8273,50.1572],[19.7835,50.173],[19.7134,50.163],[19.6918,50.1851],[19.6425,50.1979],[19.592,50.1923],[19.5765,50.2085],[19.484,50.229],[19.4306,50.2252],[19.3235,50.2591],[19.2298,50.2614],[19.161,50.2352],[19.1635,50.2153],[19.2315,50.1763],[19.2528,50.1411],[19.2137,50.0806],[19.2297,50.0712],[19.1498,50.052],[19.1119,49.9971],[19.121,49.9617],[19.0276,49.9513],[18.9407,49.9195],[18.8254,49.9362],[18.7774,49.9197],[18.7185,49.9357],[18.7222,49.8982],[18.6615,49.8791],[18.5433,49.9263],[18.5425,49.9055],[18.5237,49.8995],[18.4251,49.9309],[18.4258,49.9459],[18.4089,49.9321],[18.3335,49.9463],[18.3425,49.9313],[18.3198,49.9114],[18.3254,49.8917],[18.2274,49.8531],[18.2214,49.8323],[18.2009,49.8369],[18.1756,49.8891],[17.9351,49.932],[17.9335,49.9684],[17.8687,49.9726],[17.7778,50.0202],[17.7715,50.0473],[17.7265,50.0943],[17.7465,50.1022],[17.6787,50.1177],[17.6699,50.1055],[17.6103,50.1413],[17.6007,50.1685],[17.6973,50.1836],[17.7179,50.2059],[17.7595,50.2137],[17.7628,50.232],[17.725,50.2567],[17.7474,50.2943],[17.7181,50.3207],[17.6926,50.327],[17.6815,50.297],[17.6197,50.268],[17.497,50.2743],[17.4337,50.2533],[17.4051,50.2736],[17.4174,50.2905],[17.3661,50.2821],[17.3653,50.2629],[17.3461,50.269],[17.3516,50.3096],[17.3293,50.3134],[17.3452,50.3229],[17.2545,50.3296],[17.1936,50.3676],[17.1939,50.3883],[17.1442,50.3805],[17.1109,50.4045],[16.9731,50.4195],[16.903,50.4482],[16.8828,50.4433],[16.8696,50.4054],[16.9091,50.3904],[16.9436,50.3188],[17.0092,50.295],[17.0189,50.224],[16.9989,50.2159],[16.97,50.2422],[16.9498,50.2213],[16.888,50.2158],[16.8772,50.1986],[16.8481,50.2076],[16.7198,50.1025],[16.6872,50.0991],[16.5834,50.1421],[16.5586,50.1696],[16.5606,50.2052],[16.5366,50.239],[16.434,50.3221],[16.3907,50.3234],[16.3646,50.3469],[16.3591,50.3798],[16.3074,50.3829],[16.2809,50.3675],[16.2535,50.404],[16.2136,50.4064],[16.1978,50.4299],[16.2052,50.448],[16.2336,50.446],[16.2267,50.4554],[16.2562,50.4778],[16.2972,50.4829],[16.3085,50.5066],[16.3605,50.5013],[16.4106,50.5478],[16.4036,50.567],[16.4492,50.5731],[16.3403,50.6623],[16.2373,50.6709],[16.2172,50.6332],[16.1854,50.6274],[16.1012,50.6628],[16.0574,50.6169],[16.0179,50.6018],[15.9872,50.6126],[16.0179,50.6295],[15.9898,50.6803],[15.956,50.6914],[15.8654,50.674],[15.8104,50.755],[15.7026,50.7361],[15.6754,50.7557],[15.5257,50.7774],[15.4387,50.8145],[15.3921,50.7604],[15.3726,50.7842],[15.3692,50.8351],[15.2771,50.891],[15.2684,50.9301],[15.2906,50.9514],[15.2762,50.9729],[15.2328,50.998],[15.1771,50.9851],[15.1719,51.02],[15.1057,50.9917],[15.0974,51.0131],[15.0586,51.0226],[15.0386,51.0121],[15.0168,51.0311],[14.9711,50.9935],[15.0206,50.9684],[14.9894,50.9216],[15.0055,50.9077],[15.0022,50.8728],[14.9606,50.862],[14.9052,50.8756],[14.8234,50.8706],[14.7929,50.82],[14.7223,50.8221],[14.7116,50.8382],[14.6201,50.8577],[14.6523,50.9259],[14.5639,50.9191],[14.5995,50.978],[14.567,51.008],[14.5359,51.0038],[14.5059,51.0204],[14.4992,51.0466],[14.4846,51.0238],[14.4578,51.0355],[14.4086,51.0188],[14.3651,51.0439],[14.3001,51.0536],[14.2754,51.0397],[14.2826,51.0231],[14.2607,50.9934],[14.2863,50.977],[14.3265,50.984],[14.3094,50.9686],[14.3197,50.9514],[14.4001,50.9338],[14.3874,50.9031],[14.2366,50.8879],[14.2235,50.8591],[14.078,50.8123],[13.9876,50.818],[13.9361,50.7898],[13.9058,50.7933],[13.8881,50.7715],[13.8988,50.7451],[13.8552,50.7271],[13.7639,50.7352],[13.7094,50.7181],[13.6605,50.7312],[13.6049,50.7108],[13.5446,50.711],[13.5328,50.7059],[13.5406,50.6691],[13.5143,50.6559],[13.5243,50.639],[13.4652,50.6021],[13.4162,50.6159],[13.379,50.6468],[13.3778,50.6285],[13.3225,50.6028],[13.3248,50.5832],[13.2945,50.5761],[13.2494,50.5926],[13.1862,50.5038],[13.1287,50.5179],[13.0773,50.5],[13.0383,50.5095],[13.0179,50.4449],[12.9374,50.4063],[12.8198,50.4599],[12.8114,50.4345],[12.7949,50.4494],[12.7413,50.434],[12.7074,50.3985],[12.6184,50.4156],[12.5842,50.3972],[12.5134,50.3971],[12.4859,50.3488],[12.4661,50.3535],[12.4073,50.3235],[12.4005,50.2949],[12.3617,50.2762],[12.3517,50.239],[12.3313,50.2424],[12.3221,50.1717],[12.2799,50.1903],[12.29,50.2189],[12.2659,50.2326],[12.2867,50.2385],[12.2466,50.2435],[12.2594,50.2522],[12.2538,50.271],[12.2013,50.2728],[12.1987,50.3027],[12.1761,50.3227],[12.1065,50.3225],[12.1392,50.2785],[12.0962,50.2534],[12.1952,50.1996],[12.2114,50.1589],[12.1952,50.1432],[12.2075,50.1058],[12.2723,50.0773],[12.2597,50.0611],[12.3103,50.0556],[12.3288,50.0322],[12.432,50.0002],[12.4339,49.9852],[12.4641,49.9941],[12.4901,49.981],[12.4774,49.9365],[12.5483,49.9165],[12.4986,49.8429],[12.4783,49.839],[12.4708,49.7921],[12.4005,49.7556],[12.4456,49.7026],[12.518,49.6873],[12.5281,49.6181],[12.5561,49.6207],[12.5953,49.5352],[12.6397,49.5288],[12.6399,49.4719],[12.6571,49.4365],[12.7577,49.3948],[12.7879,49.3449],[12.8868,49.3324],[12.8884,49.3509],[12.95,49.3429],[13.0291,49.3043],[13.034,49.2639],[13.0544,49.2641],[13.1189,49.1991],[13.1747,49.1694],[13.1778,49.1386],[13.2364,49.1137],[13.2892,49.1186],[13.3957,49.0519],[13.411,48.9829],[13.4964,48.9414],[13.5263,48.973],[13.5801,48.9707],[13.605,48.9421],[13.6243,48.9489],[13.6805,48.8788],[13.7374,48.8801],[13.7718,48.8309],[13.7924,48.8301],[13.8085,48.7785],[13.8395,48.7716],[13.8014,48.7169],[13.8338,48.7005],[13.8134,48.6923],[13.8244,48.6184],[13.8021,48.5744],[13.7496,48.5572],[13.7406,48.5265],[13.705,48.518],[13.6012,48.5689],[13.5664,48.5623],[13.5093,48.5907],[13.4916,48.5642],[13.437,48.5564],[13.4562,48.5149],[13.4092,48.3735],[13.2554,48.2937],[13.0808,48.2777],[13.0167,48.2555],[12.9569,48.2096],[12.8725,48.2018],[12.7864,48.1232],[12.7588,48.1271],[12.7606,48.0767],[12.8458,48.0206],[12.8691,47.9695],[12.9201,47.9534],[13.0014,47.8543],[12.9325,47.7753],[12.9362,47.7491],[12.9044,47.7273],[12.9252,47.7103],[13.0421,47.7137],[13.0737,47.6917],[13.0981,47.6423],[13.0629,47.6],[13.071,47.5887],[13.0432,47.5835],[13.0506,47.5646],[13.0315,47.5369],[13.0475,47.4922],[13.0094,47.465],[12.9745,47.4841],[12.9687,47.4742],[12.8506,47.5322],[12.847,47.5463],[12.7975,47.5539],[12.7812,47.5735],[12.7986,47.6052],[12.8248,47.6116],[12.7596,47.65],[12.7843,47.672],[12.6058,47.6739],[12.5751,47.6325],[12.4994,47.6251],[12.4291,47.6964],[12.2643,47.6784],[12.2417,47.6942],[12.2649,47.7332],[12.2571,47.7427],[12.2271,47.718],[12.1624,47.7012],[12.204,47.6068],[12.0192,47.6122],[12.0093,47.6242],[11.8633,47.6016],[11.8474,47.5824],[11.6373,47.5941],[11.6062,47.5819],[11.5739,47.5142],[11.4508,47.5066],[11.4436,47.5177],[11.388,47.4795],[11.4206,47.4452],[11.3381,47.4511],[11.2728,47.3979],[11.2234,47.3958],[11.2534,47.4279],[11.2067,47.4337],[11.111,47.3958],[10.9693,47.4004],[10.9834,47.4306],[10.9303,47.4701],[10.9383,47.4801],[10.8696,47.4837],[10.8711,47.4992],[10.9187,47.5134],[10.8924,47.5301],[10.785,47.5166],[10.69,47.5553],[10.5972,47.5695],[10.5733,47.534],[10.4544,47.5558]],[[17.6888,50.1836],[17.6864,50.1896],[17.6878,50.1929],[17.6888,50.1836]],[[17.6841,50.1936],[17.6871,50.1844],[17.6836,50.188],[17.6841,50.1936]],[[17.6748,50.1933],[17.6768,50.1924],[17.6763,50.1856],[17.6748,50.1933]],[[17.6705,50.1805],[17.6703,50.1812],[17.6734,50.1817],[17.6705,50.1805]]]]},"properties":{"id":"Q28513","names":{"ab":"Австриа-Венгриа","af":"Oostenryk-Hongarye","als":"Österreich-Ungarn","an":"Imperio Austrohongaro","ang":"Ēastrīce-Ungerland","ast":"Imperiu austrohúngaru","az":"Avstriya-Macarıstan","ba":"Австро-Венгрия","bar":"Östareich-Ungarn","be":"Аўстра-Венгрыя","be_x_old":"Аўстра-Вугоршчына","bg":"Австро-Унгария","br":"Aostria-Hungaria","bs":"Austro-Ugarska","bxr":"Австри-Унгар","ca":"Imperi Austrohongarès","ce":"Австро-Мажаройчоь","crh":"Avstriya-Macaristan","cs":"Rakousko-Uhersko","cy":"Awstria-Hwngari","da":"Østrig-Ungarn","de":"Österreich-Ungarn","dsb":"Awstrisko-Hungorska","el":"Αυστροουγγαρία","en":"Austria-Hungary","eo":"Aŭstrio-Hungario","es":"Imperio austrohúngaro","et":"Austria-Ungari","eu":"Austria-Hungariako Inperioa","fi":"Itävalta-Unkari","fr":"Autriche-Hongrie","frr":"Uasterrik-Ungarn","fur":"Austrie-Ongjarie","fy":"Eastenryk-Hongarije","ga":"an Ostair-Ungáir","gd":"Ostair-Ungaire","gl":"Imperio Austrohúngaro","hr":"Austro-Ugarska","hsb":"Rakusko-Wuherska","hu":"Ausztria-Magyarország","ia":"Austria-Hungaria","id":"Austria-Hungaria","io":"Austria-Hungaria","is":"Austurríki-Ungverjaland","it":"Impero austro-ungarico","ja":"オーストリア＝ハンガリー帝国","jam":"Aschria-Onggari","jv":"Ostenrik-Honggari","kk":"Аустрия-Мажарстан","ko":"오스트리아-헝가리 제국","ku":"Împeratoriya Awistirya-Mecaristanê","ky":"Австрия-Венгрия падышалыгы","la":"Imperium Austro-Hungaricum","lad":"Imperio Ostro-Ungario","lb":"Éisträich-Ungarn","lfn":"Impero Osteraic-Magiar","lld":"Austria-Ungaria","lt":"Austrija-Vengrija","lv":"Austroungārija","mg":"Aotrisy-Hôngria","mk":"Австроунгарија","mn":"Австри-Унгар","nb":"Østerrike-Ungarn","nds":"Öösterriek-Ungarn","nl":"Oostenrijk-Hongarije","nn":"Austerrike-Ungarn","no":"Østerrike-Ungarn","nrm":"Autriche-Hongrie","oc":"Àustria-Ongria","os":"Австри-Венгри","pcd":"Otriche-Hongrie","pl":"Austro-Węgry","pt":"Áustria-Hungria","ro":"Austro-Ungaria","ru":"Австро-Венгрия","rue":"Австро-Угорьско","sc":"Impèriu Àustro-Ungheresu","scn":"Mpiru austru-ungaricu","sco":"Austrick-Hungary","sh":"Austro-Ugarska","sk":"Rakúsko-Uhorsko","sl":"Avstro-Ogrska","smn":"Nuorttâriijkâ-Uŋgar","sq":"Austro-Hungaria","sr":"Аустроугарска","stq":"Aastriek-Ungarn","sv":"Österrike-Ungern","sw":"Austria-Hungaria","szl":"Austro-Madziary","tl":"Austria-Unggriya","tr":"Avusturya-Macaristan İmparatorluğu","tt":"Австро-Маҗарстан","uk":"Австро-Угорщина","uz":"Avstriya-Vengriya imperiyasi","vec":"Inpero àustro-ungàrego","vls":"Ôostnryk-Hongareye","war":"Austrya-Hungarya","yo":"Austríà–Húngárì","zh":"奧匈帝國"},"from":1878.532258064516,"to":1908.763440860215,"wikidata":"Q28513","adminLevel":2,"source":"OpenHistoricalMap","sourceUrl":"https://www.openhistoricalmap.org"}},{"type":"Feature","geometry":{"type":"Polygon","coordinates":[[[9.6116,47.0794],[9.6256,47.0935],[9.6218,47.1512],[9.5744,47.1697],[9.5814,47.2072],[9.5562,47.2228],[9.5658,47.2392],[9.537,47.2659],[9.4863,47.1841],[9.5193,47.0966],[9.4719,47.0642],[9.4758,47.0518],[9.5341,47.0638],[9.5575,47.0485],[9.6064,47.0609],[9.6116,47.0794]]]},"properties":{"id":"Q347","names":{"ab":"Лихтенштеин","ang":"Leohtenstan","avk":"Liectensteina","az":"Lixtenşteyn","ba":"Лихтенштейн","bar":"Liachtnstoa","bat-smg":"Lichtenšteins","be":"Ліхтэнштэйн","be-x-old":"Ліхтэнштайн","bew":"Lihtenstèn","bg":"Лихтенщайн","bs":"Lihtenštajn","bxr":"Лихтенштейн","ce":"Лихтенштейн","crh":"Lihtenşteyn","cs":"Lichtenštejnsko","cu":"Лихтєнщаинъ","cv":"Лихтенштейн","de":"Liechtenstein","dsb":"Liechtensteinska","el":"Λίχτενσταϊν","eo":"Liĥtenŝtejno","fo":"Liktinstein","fy":"Lychtenstein","ga":"Lichtinstéin","gag":"Lihtenşteyn","gn":"Liechytenteĩ","haw":"Likenekaina","hr":"Lihtenštajn","ht":"Lichtènstayn","jam":"Liktenstain","jbo":"lixtenctain","kaa":"Lixtenshteyn","kbd":"Лихтэнштейн","kbp":"Lisitɛnsɩtayɩnɩ","kk":"Лихтенштейн","ko":"리히텐슈타인","koi":"Лихтенштайн","krc":"Лихтенштейн","kv":"Лихтенштейн","ky":"Лихтенштейн","la":"Lichtenstenum","lez":"Лихтенштейн","lfn":"Lictenstain","lt":"Lichtenšteinas","ltg":"Liktenšteins","lv":"Lihtenšteina","mdf":"Лихтэнштайн","mg":"Liktenstaina","mhr":"Лихтенштейн","mi":"Rīkeneteina","mk":"Лихтенштајн","mn":"Лихтенштайн","myv":"Лихтенштейн Мастор","nds":"Liechtensteen","nv":"Tséłgaii Bineʼadziihii","olo":"Lihtenštein","om":"Liikteenistaayin","os":"Лихтенштейн","pag":"Liyestenstayn","pnt":"Λιχτενστάιν","ru":"Лихтенштейн","rue":"Лихтенштайн","rw":"Liyeshitensiteyine","sah":"Лихтенштайн","sd":"لڪتنسٽائن","sh":"Lihtenštajn","sk":"Lichtenštajnsko","sl":"Lihtenštajn","sm":"Likitenisitaini","sn":"Rishenistayini","so":"Lekhtanishtayn","sq":"Lihtenshtajni","sr":"Лихтенштајн","srn":"Liechtensteinkondre","ss":"ILeshestani","su":"Liechtenstéin","tet":"Listenstaina","tg":"Лихтенштайн","tk":"Lihtenşteýn","tly":"Lixtenštejn","to":"Likitenisitaini","tok":"ma Lisensan","tr":"Lihtenştayn","tt":"Лихтенштейн","udm":"Лихтенштейн","uk":"Ліхтенштейн","uz":"Lixtenshteyn","vec":"Łiechtenstein","vep":"Lihtenštein","vls":"Liechtnstein","vo":"Ligtänstän","wa":"Lîchtenstinne","xal":"Лихтенштейна Нутг","xh":"Likhtensteyin","yo":"Líktẹ́nstáìnì","zea":"Liechenstein","zh-min-nan":"Liechtenstein","en":"Liechtenstein"},"from":1806.529569892473,"to":1960.2096774193549,"wikidata":"Q347","adminLevel":2,"source":"OpenHistoricalMap","sourceUrl":"https://www.openhistoricalmap.org"}},{"type":"Feature","geometry":{"type":"Polygon","coordinates":[[[6.2407,49.5149],[6.3614,49.461],[6.3577,49.529],[6.3805,49.5501],[6.3616,49.5698],[6.4229,49.6218],[6.4355,49.6706],[6.5033,49.7124],[6.5007,49.7512],[6.5182,49.7609],[6.5083,49.7869],[6.5304,49.8075],[6.467,49.821],[6.4292,49.811],[6.3583,49.851],[6.3233,49.8379],[6.3143,49.8667],[6.2412,49.8962],[6.222,49.9414],[6.1411,49.9956],[6.132,50.0167],[6.1428,50.0192],[6.1132,50.0586],[6.1379,50.128],[6.1195,50.1361],[6.1111,50.167],[6.0817,50.1714],[6.0618,50.1537],[6.0215,50.1823],[5.9686,50.1729],[5.9595,50.1356],[5.9025,50.1167],[5.8874,50.0803],[5.8542,50.0589],[5.8699,50.0459],[5.8595,50.0295],[5.8219,50.0142],[5.8375,49.9809],[5.7806,49.9627],[5.7366,49.8978],[5.7832,49.8789],[5.7567,49.8733],[5.7585,49.8487],[5.7418,49.8393],[5.7526,49.7986],[5.7923,49.7924],[5.8321,49.7474],[5.8268,49.7279],[5.8752,49.7219],[5.8801,49.7033],[5.8623,49.68],[5.91,49.6633],[5.8995,49.6346],[5.8479,49.5961],[5.8724,49.5752],[5.8186,49.5464],[5.8642,49.5009],[5.9652,49.4928],[5.9793,49.4552],[6.0326,49.4495],[6.0566,49.4652],[6.0948,49.4533],[6.1561,49.5035],[6.2407,49.5149]]]},"properties":{"id":"Q32","names":{"ab":"Лиуксембург","af":"Luxemburg","am":"ሉክሰምበርግ","an":"Luxemburgo","ar":"لوكسمبورغ","as":"লাক্সেমবাৰ্গ","av":"Луксембург","az":"Lüksemburq","ba":"Люксембург","be":"Люксембург","bg":"Люксембург","bh":"लक्समबर्ग","bi":"Laksembog","bn":"লুক্সেমবার্গ","bo":"ལུ་སེམ་བའུརག","br":"Luksembourg","bs":"Luksemburg","ca":"Luxemburg","ce":"Люксембург","co":"Lussemburgu","cs":"Lucembursko","cu":"Люѯємбоургъ","cv":"Люксембург","cy":"Lwcsembwrg","da":"Luxembourg","de":"Luxemburg","ee":"Laksembɔg","el":"Λουξεμβούργο","en":"Luxembourg","eo":"Luksemburgo","es":"Luxemburgo","et":"Luksemburg","eu":"Luxenburgo","fa":"لوکزامبورگ","ff":"Luksammbuur","fi":"Luxemburg","fo":"Luksemborg","fr":"Luxembourg","fy":"Lúksemboarch","ga":"Lucsamburg","gd":"Lucsamburg","gl":"Luxemburgo","gn":"Luxemburgo","gu":"લક્ઝેમ્બર્ગ","gv":"Lucsemburg","ha":"Luksamburg","he":"לוקסמבורג","hi":"लक्ज़मबर्ग","hr":"Luksemburg","ht":"Liksanbou","hu":"Luxemburg","hy":"Լյուքսեմբուրգ","ia":"Luxemburg","id":"Luksemburg","ie":"Luxemburgia","ig":"Luxembourg","io":"Luxemburgia","is":"Lúxemborg","it":"Lussemburgo","ja":"ルクセンブルク","jv":"Luxemburg","ka":"ლუქსემბურგი","kg":"Luxembourg","kk":"Люксембург","km":"លុចសំបួ","kn":"ಲಕ್ಸೆಂಬೊರ್ಗ್","ko":"룩셈부르크","ku":"Lûksembûrg","kv":"Люксембург","kw":"Luksembourg","ky":"Люксембург","la":"Luxemburgum","lb":"Lëtzebuerg","lg":"Luxembourg","li":"Luxembörg","ln":"Luksamburg","lt":"Liuksemburgas","lv":"Luksemburga","mg":"Loksemborga","mi":"Rakapuō","mk":"Луксембург","ml":"ലക്സംബർഗ്","mn":"Люксембург","mr":"लक्झेंबर्ग","ms":"Luxembourg","mt":"Lussemburgu","my":"လူဇင်ဘတ်နိုင်ငံ","nb":"Luxembourg","ne":"लक्जेम्बर्ग","nl":"Luxemburg","nn":"Luxembourg","nv":"Bineʼadziihii Yázhí Hahoodzo","oc":"Luxemborg","om":"Laaksembargi","os":"Люксембург","pa":"ਲਕਸਮਬਰਗ","pi":"लक्सम्बर्ग","pl":"Luksemburg","ps":"لوګزامبورګ","pt":"Luxemburgo","qu":"Luksimpur","rm":"Luxemburg","ro":"Luxemburg","ru":"Люксембург","rw":"Lugizamburu","sa":"लक्सम्बर्ग","sc":"Lussemburgu","sd":"لڪسمبرگ","se":"Luxemburg","si":"ලක්සම්බර්ග්","sk":"Luxembursko","sl":"Luksemburg","sm":"Lukisemipoka","sn":"Rakisombhegi","so":"Luksaamboorgi","sq":"Luksemburgu","sr":"Луксембург","ss":"Lusembogu","su":"Luksemburg","sv":"Luxemburg","sw":"Luxemburg","ta":"லக்சம்பர்க்","te":"లక్సెంబర్గ్","tg":"Люксембург","th":"ประเทศลักเซมเบิร์ก","tk":"Lüksemburg","tl":"Luxembourg","to":"Lakisemipeki","tr":"Lüksemburg","ts":"Luxembourg","tt":"Люксембург","ug":"ليۇكسېمبۇرگ","uk":"Люксембург","ur":"لکسمبرگ","uz":"Lyuksemburg","vi":"Luxembourg","vo":"Luxämburgän","wa":"Lussimbork","wo":"Luksambuur","xh":"Luxemburg","yi":"לוקסעמבורג","yo":"Lúksẹ́mbọ̀rg","za":"Luzswnhbauj","zh":"卢森堡"},"from":1840.6962365591398,"to":1940.5752688172042,"wikidata":"Q32","adminLevel":2,"source":"OpenHistoricalMap","sourceUrl":"https://www.openhistoricalmap.org"}},{"type":"Feature","geometry":{"type":"MultiPolygon","coordinates":[[[[4.9358,51.4093],[4.9273,51.4082],[4.9364,51.4053],[4.9358,51.4093]]],[[[4.9242,51.4464],[4.9265,51.4453],[4.9255,51.4467],[4.9242,51.4464]]],[[[4.9407,51.4556],[4.9406,51.4553],[4.9421,51.4552],[4.9407,51.4556]]],[[[4.9427,51.4532],[4.9428,51.4527],[4.9449,51.453],[4.9448,51.4535],[4.9427,51.4532]]],[[[4.9487,51.455],[4.949,51.4538],[4.9498,51.4543],[4.9487,51.455]]],[[[4.9331,51.4495],[4.9414,51.4464],[4.9515,51.4537],[4.9331,51.4495]],[[4.9417,51.4495],[4.9422,51.4495],[4.942,51.448],[4.9417,51.4495]]],[[[4.9457,51.4447],[4.944,51.4437],[4.9491,51.4437],[4.9457,51.4447]]],[[[4.9392,51.4436],[4.9397,51.4418],[4.9399,51.4438],[4.9392,51.4436]]],[[[4.9398,51.4398],[4.9399,51.4395],[4.9415,51.4397],[4.9398,51.4398]]],[[[4.9408,51.4393],[4.9414,51.4379],[4.9423,51.4394],[4.9408,51.4393]]],[[[4.941,51.4453],[4.9412,51.4449],[4.9423,51.4451],[4.941,51.4453]]],[[[4.9315,51.4476],[4.9335,51.4472],[4.9333,51.4483],[4.9315,51.4476]]],[[[4.9295,51.4496],[4.9318,51.4493],[4.9307,51.4504],[4.9295,51.4496]]],[[[4.9274,51.4486],[4.9291,51.4481],[4.9281,51.4489],[4.9274,51.4486]]],[[[4.9181,51.444],[4.9185,51.4434],[4.9189,51.444],[4.9181,51.444]]],[[[4.94,51.4361],[4.9424,51.435],[4.9422,51.4365],[4.94,51.4361]]],[[[4.94,51.4361],[4.923,51.4474],[4.9294,51.4309],[4.94,51.4361]],[[4.9341,51.4334],[4.9354,51.4323],[4.9342,51.432],[4.9341,51.4334]],[[4.9313,51.4364],[4.9327,51.4365],[4.9327,51.4344],[4.9313,51.4364]],[[4.9354,51.4375],[4.9366,51.4368],[4.9355,51.4362],[4.9354,51.4375]],[[4.9307,51.4372],[4.9316,51.4372],[4.9314,51.4366],[4.9307,51.4372]],[[4.9223,51.4377],[4.924,51.4416],[4.9247,51.439],[4.9223,51.4377]],[[4.9306,51.4399],[4.9324,51.44],[4.9322,51.4388],[4.9306,51.4399]]],[[[4.8886,51.4247],[4.8914,51.4232],[4.8916,51.4248],[4.8886,51.4247]]],[[[4.8357,51.4485],[4.8362,51.448],[4.8367,51.4484],[4.8362,51.4488],[4.8357,51.4485]]],[[[4.8734,51.4159],[4.8736,51.4155],[4.8753,51.4161],[4.8748,51.4165],[4.8734,51.4159]]],[[[4.8658,51.4143],[4.8671,51.4133],[4.867,51.4144],[4.8658,51.4143]]],[[[4.8388,51.4182],[4.8408,51.4175],[4.84,51.4188],[4.8388,51.4182]]],[[[3.3184,51.4207],[3.0393,51.3557],[2.7254,51.2176],[2.5004,51.1407],[2.5614,51.0669],[2.575,51.0029],[2.6031,50.9915],[2.6323,50.947],[2.5957,50.9212],[2.6099,50.8789],[2.599,50.8531],[2.6321,50.8169],[2.7221,50.8108],[2.8096,50.7184],[2.8492,50.7218],[2.9038,50.6932],[2.9548,50.7527],[3.0609,50.7806],[3.0814,50.7728],[3.1174,50.7926],[3.1532,50.7857],[3.199,50.7204],[3.2555,50.7032],[3.2653,50.6771],[3.2447,50.6704],[3.2449,50.6419],[3.2762,50.6004],[3.2915,50.5249],[3.3738,50.4927],[3.4469,50.506],[3.4775,50.5324],[3.5184,50.5247],[3.5,50.5026],[3.5073,50.4893],[3.6058,50.4963],[3.6593,50.4587],[3.6735,50.4101],[3.6673,50.3512],[3.7075,50.3061],[3.7493,50.3507],[3.8424,50.3534],[3.8896,50.3366],[3.8857,50.327],[4.028,50.3584],[4.0792,50.3111],[4.1179,50.3034],[4.1241,50.2743],[4.148,50.2581],[4.1677,50.2595],[4.1541,50.2735],[4.1689,50.2883],[4.2048,50.2738],[4.216,50.2487],[4.1545,50.2131],[4.1549,50.1661],[4.1283,50.137],[4.1928,50.1345],[4.197,50.1082],[4.2313,50.0714],[4.1642,50.0484],[4.139,50.0236],[4.1626,49.9972],[4.1522,49.9746],[4.2057,49.9577],[4.3061,49.9683],[4.4447,49.938],[4.5236,49.9502],[4.5833,49.9835],[4.6942,49.9963],[4.6924,50.0845],[4.8244,50.1693],[4.8902,50.1403],[4.8684,50.1208],[4.8732,50.0909],[4.8378,50.0933],[4.8417,50.076],[4.8258,50.0669],[4.8388,50.0364],[4.7912,49.9624],[4.8501,49.946],[4.8902,49.9089],[4.8532,49.865],[4.8703,49.8223],[4.8645,49.789],[4.9967,49.8002],[5.0171,49.7791],[5.096,49.7606],[5.123,49.719],[5.1611,49.7154],[5.1651,49.6961],[5.2756,49.6927],[5.3276,49.6588],[5.3113,49.6172],[5.3556,49.6283],[5.4311,49.5925],[5.4662,49.5294],[5.4496,49.5183],[5.4705,49.4974],[5.5592,49.5279],[5.6062,49.5077],[5.6462,49.55],[5.7385,49.5388],[5.7663,49.562],[5.8168,49.5472],[5.8718,49.5741],[5.8479,49.5956],[5.9077,49.6391],[5.9022,49.6682],[5.8634,49.6785],[5.8865,49.709],[5.8314,49.7245],[5.8313,49.7448],[5.7933,49.7906],[5.7531,49.7934],[5.7493,49.8516],[5.7834,49.8771],[5.7375,49.8964],[5.7637,49.9154],[5.7806,49.9627],[5.8364,49.9799],[5.82,50.0093],[5.8568,50.0284],[5.8679,50.0436],[5.8591,50.0675],[5.8869,50.0789],[5.9005,50.1159],[5.9598,50.131],[5.9643,50.1713],[6.0191,50.1815],[6.0318,50.2074],[6.0087,50.2384],[6.0128,50.3083],[5.9832,50.3204],[6.0269,50.3652],[5.9752,50.392],[5.9881,50.4087],[5.9726,50.4389],[6.0215,50.4579],[6.0045,50.496],[6.1374,50.5415],[6.1161,50.585],[6.0175,50.6128],[5.956,50.6843],[6.0201,50.7182],[6.0213,50.7535],[5.9017,50.7514],[5.8763,50.7656],[5.815,50.7563],[5.772,50.783],[5.7394,50.7576],[5.6963,50.7551],[5.6939,50.8115],[5.6542,50.8199],[5.6389,50.8477],[5.6545,50.8748],[5.7034,50.9117],[5.7237,50.9099],[5.7557,50.9499],[5.7213,50.9579],[5.7671,50.9989],[5.7725,51.0581],[5.8002,51.0658],[5.8026,51.0952],[5.8318,51.0966],[5.8077,51.113],[5.8491,51.1424],[5.8282,51.1643],[5.7788,51.1516],[5.7671,51.1837],[5.6634,51.1861],[5.5691,51.2201],[5.5577,51.2603],[5.5077,51.2965],[5.4852,51.3],[5.4174,51.2623],[5.353,51.2746],[5.2379,51.2614],[5.226,51.2683],[5.2321,51.3094],[5.1343,51.3155],[5.1317,51.347],[5.0712,51.3935],[5.1046,51.4313],[5.0773,51.4714],[5.0511,51.4711],[5.0402,51.4865],[5.0133,51.4735],[4.9963,51.4394],[4.9139,51.3951],[4.9247,51.3969],[4.8839,51.4166],[4.7754,51.4141],[4.7739,51.4314],[4.8335,51.4198],[4.8249,51.4408],[4.8403,51.4785],[4.7771,51.5046],[4.6397,51.4223],[4.5429,51.4249],[4.5314,51.4419],[4.5482,51.4733],[4.5392,51.4814],[4.4769,51.4783],[4.3827,51.4502],[4.3952,51.4367],[4.3864,51.4167],[4.4243,51.3812],[4.4121,51.3617],[4.3437,51.3577],[4.3345,51.3777],[4.2176,51.3739],[4.2351,51.3566],[4.1591,51.2899],[4.0548,51.2429],[4.0102,51.2437],[3.8863,51.2002],[3.8886,51.223],[3.7939,51.2138],[3.792,51.25],[3.7738,51.264],[3.5946,51.3033],[3.5839,51.2889],[3.5242,51.2882],[3.5276,51.246],[3.4323,51.2456],[3.3795,51.2747],[3.363,51.3118],[3.3853,51.3341],[3.375,51.3589],[3.3184,51.4207]],[[4.8692,51.4118],[4.8722,51.4129],[4.8724,51.4115],[4.8692,51.4118]]]]},"properties":{"id":"Q31","names":{"ab":"Бельгиа","ace":"Bèlgia","ady":"Белгие","af":"België","als":"Belgien","ami":"Belguim","an":"Belchica","ang":"Belgice","ast":"Bélxica","av":"Белген","avk":"Belga","ay":"Bilkiya","az":"Belçika","ba":"Бельгия","ban":"Bélgia","bar":"Bejgien","bat_smg":"Belgėjė","bcl":"Belhika","be":"Бельгія","be_x_old":"Бэльгія","bew":"Bèlgi","bg":"Белгия","bi":"Beljiom","bm":"Bɛliziki","br":"Belgia","bs":"Belgija","bxr":"Бельги","ca":"Bèlgica","cbk_zam":"Bélgica","ce":"Бельги","ceb":"Belhika","ch":"Belgika","co":"Belghju","crh":"Belçika","cs":"Belgie","csb":"Belgijskô","cu":"Бєлгїѥ","cv":"Бельги","cy":"Gwlad Belg","da":"Belgien","de":"Belgien (1839-1920)","diq":"Belçıka","dsb":"Belgiska","dtp":"Belgium","ee":"Belgium","el":"Βέλγιο","eml":"Bélgi","en":"Belgium","eo":"Belgio","es":"Bélgica","et":"Belgia","eu":"Belgika","ext":"Bélgica","fi":"Belgia","fiu_vro":"Belgiä","fo":"Belgia","fr":"Belgique","frp":"Bèlgica","frr":"Belgien","fur":"Belgjo","fy":"Belgje","ga":"an Bheilg","gag":"Belçika","gcr":"Bèljik","gd":"a' Bheilg","gl":"Bélxica","gn":"Véyhika","gv":"yn Velg","ha":"Beljik","haw":"Pelekiuma","hif":"Belgium","hr":"Belgija","hsb":"Belgiska","ht":"Bèljik","hu":"Belgium","ia":"Belgica","iba":"Belgium","id":"Belgia","ie":"Belgia","ig":"Belgium","ilo":"Belhika","inh":"Бельги","io":"Belgia","is":"Belgía","it":"Belgio","jam":"Beljiom","jbo":"beldjym","jv":"Bèlgi","kaa":"Belgiya","kab":"Biljik","kbd":"Белгиэ","kbp":"Pɛliziki","kg":"Belezi","kge":"Belgia","kk":"Бельгия","knc":"Belgium","ko":"벨기에","koi":"Белгия","krc":"Бельгия","ksh":"Beljie","ku":"Belçîka","kv":"Бельгия","kw":"Pow Belg","ky":"Бельгия","la":"Belgica","lad":"Beljika","lb":"Belsch","lez":"Бельгия","lfn":"Beljia","lg":"Bubirigi","li":"Belsj","lij":"Belgio","lld":"Belje","lmo":"Belgi","ln":"Bɛ́ljika","lt":"Belgija","ltg":"Beļgeja","lv":"Beļģija","mad":"Belgia","map_bms":"Belgia","mdf":"Бэльгия","mg":"Belzika","mhr":"Бельгий","mi":"Pehiamu","min":"Belgia","mk":"Белгија","mn":"Бельги","mos":"Belgium","ms":"Belgium","mt":"Belġju","mwl":"Bélgica","myv":"Бельгия Мастор","nap":"Belge","nb":"Belgia","nds":"Belgien","nds_nl":"België","nl":"België","nn":"Belgia","no":"Belgia","nov":"Belgia","nrm":"Belgique","nso":"Belgium","ny":"Belgium","oc":"Belgica","olo":"Bel'gii","om":"Beeljiyeem","os":"Бельги","pag":"Belhika","pam":"Belgika","pap":"Bélgika","pcd":"Bergike","pdc":"Belgien","pfl":"Belgien","pl":"Belgia","pms":"Belgi","pnt":"Βέλγιον","pt":"Bélgica","qu":"Wilhika","rm":"Belgia","rmy":"Beljiya","rn":"Ububirigi","ro":"Belgia","roa_tara":"Bèlge","ru":"Бельгия","rue":"Белґія","rw":"Ububiligi","sah":"Бельгия","sc":"Bèlgiu","scn":"Belgiu","sco":"Belgium","sd":"بيلجيم","se":"Belgia","sg":"Bêleze","sh":"Belgija","shi":"Bljika","sk":"Belgicko","sl":"Belgija","sm":"Peleseuma","smn":"Belgia","sn":"Bherujyamu","so":"Beljim","sq":"Belgjika","sr":"Белгија","srn":"Belgikondre","ss":"IBhelijiyamu","stq":"Belgien","su":"Bélgia","sv":"Belgien","sw":"Ubelgiji","szl":"Belgijŏ","szy":"Belguim","tay":"Belguim","tet":"Béljika","tg":"Белгия","tk":"Belgiýa","tl":"Belhika","tly":"Belcikə","to":"Pelesiume","tpi":"Beljiam","tr":"Belçika","trv":"Belguim","ts":"Belgium","tt":"Бельгия","tum":"Belgium","tw":"Bɛlgyiom","udm":"Бельгия","uk":"Бельгія","uz":"Belgiya","vec":"Belzo","vep":"Bel'gii","vi":"Bỉ","vls":"België","vo":"Belgän","wa":"Beldjike","war":"Belhika","wo":"Belsik","xh":"Bheljiyam","yo":"Bẹ́ljíọ̀m","za":"Bijliswz","zea":"België"},"from":1839.4354838709678,"to":1920.024193548387,"wikidata":"Q31","adminLevel":2,"source":"OpenHistoricalMap","sourceUrl":"https://www.openhistoricalmap.org"}},{"type":"Feature","geometry":{"type":"Polygon","coordinates":[[[7.5665,47.5777],[7.5002,47.5401],[7.5305,47.5298],[7.4998,47.5206],[7.5111,47.497],[7.4809,47.4811],[7.4297,47.4936],[7.4223,47.4839],[7.4557,47.4734],[7.3856,47.4318],[7.3282,47.4409],[7.2454,47.421],[7.2309,47.4394],[7.1756,47.443],[7.195,47.4891],[7.128,47.5039],[7.0814,47.4898],[6.9883,47.4949],[6.9991,47.4525],[6.9419,47.4339],[6.9384,47.4061],[6.9172,47.4054],[6.8825,47.3612],[7.0182,47.3726],[7.0624,47.344],[7.0456,47.3265],[7.01,47.3245],[6.9991,47.2973],[6.9408,47.2852],[6.9554,47.244],[6.8424,47.1721],[6.8516,47.166],[6.8306,47.1463],[6.703,47.0823],[6.6922,47.0679],[6.7196,47.052],[6.6182,46.9916],[6.4965,46.9741],[6.4391,46.9308],[6.4645,46.8903],[6.4602,46.8513],[6.4313,46.8122],[6.4585,46.7885],[6.4519,46.7784],[6.2705,46.6831],[6.1105,46.5765],[6.1555,46.5461],[6.0771,46.4675],[6.0844,46.4475],[6.0639,46.4164],[6.1659,46.3719],[6.1045,46.287],[6.1208,46.248],[6.0633,46.2458],[5.9716,46.2113],[5.9913,46.1766],[5.9559,46.1324],[6.0607,46.1512],[6.1305,46.1404],[6.2303,46.2037],[6.2878,46.2218],[6.3079,46.2545],[6.263,46.2509],[6.2379,46.282],[6.2501,46.2965],[6.2196,46.3119],[6.253,46.3604],[6.3352,46.4037],[6.4256,46.4158],[6.5191,46.4564],[6.6819,46.4543],[6.8211,46.4272],[6.7722,46.3504],[6.8643,46.2832],[6.8038,46.2049],[6.8126,46.1814],[6.7912,46.1572],[6.798,46.1362],[6.9,46.1239],[6.8756,46.0479],[6.936,46.0646],[6.9852,46.0044],[7.0066,45.9995],[7.0143,45.9627],[7.037,45.9552],[7.0443,45.9226],[7.0977,45.8621],[7.1566,45.8791],[7.1951,45.8601],[7.2061,45.8802],[7.2584,45.8891],[7.2904,45.9203],[7.3857,45.897],[7.4746,45.9358],[7.4717,45.9477],[7.4993,45.9624],[7.5456,45.9602],[7.5459,45.9838],[7.572,45.9873],[7.5889,45.9707],[7.6613,45.9754],[7.727,45.9235],[7.7535,45.9399],[7.7973,45.9185],[7.8611,45.9178],[7.8726,45.9203],[7.8777,45.9718],[7.9071,45.9951],[7.9887,45.996],[8.0133,46.0156],[8.0389,46.1],[8.1092,46.1124],[8.1513,46.1432],[8.1651,46.1829],[8.1389,46.2262],[8.0805,46.2607],[8.1368,46.3013],[8.2019,46.3042],[8.2692,46.3658],[8.3128,46.3772],[8.3161,46.3982],[8.2945,46.405],[8.3037,46.4233],[8.4382,46.4642],[8.465,46.4453],[8.4569,46.423],[8.4711,46.396],[8.4652,46.3347],[8.4292,46.3003],[8.4557,46.2643],[8.4474,46.2479],[8.5325,46.2184],[8.6118,46.1217],[8.7148,46.098],[8.7423,46.1223],[8.7654,46.1005],[8.8153,46.0974],[8.852,46.0756],[8.8545,46.0616],[8.7859,45.9891],[8.8316,45.988],[8.8937,45.959],[8.8958,45.9277],[8.9421,45.8703],[8.9128,45.838],[8.9867,45.8387],[9.0169,45.818],[9.0888,45.897],[9.0199,45.9286],[8.9942,45.9664],[9.0228,45.9927],[9.0079,46.0297],[9.0223,46.0521],[9.0739,46.0625],[9.0883,46.0844],[9.0739,46.1141],[9.1612,46.1707],[9.1822,46.1695],[9.2014,46.2067],[9.2451,46.2323],[9.2518,46.2658],[9.2993,46.3263],[9.2961,46.355],[9.2786,46.3659],[9.2799,46.4146],[9.2481,46.4408],[9.2722,46.4551],[9.2869,46.4975],[9.3683,46.5051],[9.4093,46.4668],[9.4551,46.5053],[9.4616,46.3819],[9.5477,46.3031],[9.6347,46.286],[9.6747,46.3027],[9.7098,46.2918],[9.7249,46.343],[9.7435,46.3518],[9.7775,46.3348],[9.9064,46.3808],[9.9244,46.3685],[9.9573,46.3784],[9.9936,46.3524],[9.9821,46.3253],[9.9996,46.3098],[9.9947,46.2871],[10.0576,46.2596],[10.0455,46.2317],[10.1233,46.2238],[10.1749,46.2546],[10.1542,46.2928],[10.1045,46.3331],[10.1324,46.3801],[10.164,46.3906],[10.1619,46.4145],[10.133,46.4291],[10.0644,46.4259],[10.0417,46.4507],[10.0536,46.5182],[10.044,46.5376],[10.0956,46.5773],[10.1014,46.6081],[10.1935,46.6257],[10.2153,46.617],[10.2342,46.6331],[10.2541,46.614],[10.2465,46.5746],[10.2891,46.5684],[10.2998,46.5492],[10.4183,46.5513],[10.448,46.5334],[10.4744,46.5515],[10.4878,46.5895],[10.4817,46.6201],[10.4461,46.6413],[10.4092,46.635],[10.3818,46.6843],[10.4161,46.7134],[10.4001,46.7328],[10.4442,46.7598],[10.4235,46.7869],[10.4577,46.8161],[10.4865,46.9223],[10.4688,46.9471],[10.4221,46.9602],[10.421,46.9792],[10.3893,47.0005],[10.3481,46.9896],[10.2969,46.9199],[10.2417,46.9316],[10.2229,46.8663],[10.1131,46.8422],[9.9805,46.9139],[9.8832,46.9342],[9.8707,46.9632],[9.892,46.9889],[9.8695,47.0212],[9.8361,47.0125],[9.6798,47.0622],[9.5575,47.0485],[9.5341,47.0638],[9.4844,47.0493],[9.4785,47.0684],[9.5188,47.0948],[9.4881,47.1912],[9.533,47.273],[9.5893,47.3191],[9.6001,47.3462],[9.6703,47.3774],[9.6451,47.4321],[9.659,47.4491],[9.6029,47.462],[9.5645,47.4933],[9.5507,47.5371],[9.5147,47.5369],[9.4529,47.5902],[9.268,47.656],[9.1773,47.6549],[9.0252,47.6864],[8.8926,47.6492],[8.8536,47.6809],[8.8727,47.7041],[8.8238,47.711],[8.7965,47.7346],[8.7697,47.7091],[8.8081,47.6953],[8.7942,47.6816],[8.7279,47.6929],[8.7333,47.713],[8.7129,47.7339],[8.7399,47.747],[8.7259,47.7625],[8.6959,47.7568],[8.6572,47.7999],[8.6446,47.7644],[8.6253,47.7634],[8.615,47.8004],[8.565,47.8061],[8.5773,47.7817],[8.4903,47.772],[8.4565,47.7492],[8.4463,47.7232],[8.4094,47.7033],[8.4196,47.6852],[8.4096,47.6692],[8.467,47.6563],[8.4722,47.6386],[8.473,47.6491],[8.5233,47.6449],[8.545,47.6666],[8.6062,47.6721],[8.6268,47.6465],[8.6069,47.637],[8.6055,47.6526],[8.6052,47.6145],[8.5786,47.5966],[8.5245,47.6324],[8.4613,47.6021],[8.4683,47.5839],[8.4904,47.5864],[8.4835,47.577],[8.3776,47.5672],[8.328,47.5712],[8.2876,47.6106],[8.2269,47.6052],[8.1999,47.6203],[8.1067,47.5808],[8.087,47.5574],[7.9572,47.5574],[7.9409,47.5443],[7.9096,47.5529],[7.8967,47.5846],[7.8245,47.5879],[7.7956,47.5576],[7.695,47.5325],[7.634,47.5612],[7.6745,47.5635],[7.6717,47.5872],[7.6929,47.5995],[7.5665,47.5777]],[[8.6437,47.7584],[8.6506,47.7655],[8.6508,47.7585],[8.6437,47.7584]],[[8.9757,45.9617],[8.9586,45.9648],[8.9761,45.9831],[8.9757,45.9617]],[[8.7179,47.6907],[8.6625,47.6883],[8.6653,47.7106],[8.7061,47.7114],[8.7179,47.6907]]]},"properties":{"id":"Q39","names":{"ab":"Швеицариа","ace":"Swiss","ady":"Швейцарие","af":"Switserland","als":"Schweiz","ami":"Switzerland","an":"Suiza","ang":"Swissland","ann":"Siwizalan","ast":"Suiza","avk":"Swiza","ay":"Switsira","az":"İsveçrə","ba":"Швейцария","ban":"Swiss","bar":"Schweiz","bat-smg":"Šveicarėjė","bcl":"Suisa","be":"Швейцарыя","be-x-old":"Швайцарыя","bew":"Switserlan","bg":"Швейцария","bi":"Swiselan","br":"Suis","bs":"Švicarska","btm":"Swiss","bxr":"Швейцари","ca":"Suïssa","cbk-zam":"Suiza","cdo":"Sôi-sê̤ṳ","ce":"Швейцария","ceb":"Nasod nga Swiss","ch":"Switzerland","chy":"Switzerland","co":"Sguìzzera","crh":"İsviçre","cs":"Švýcarsko","csb":"Szwajcarskô","cu":"Свицєра","cv":"Швейцари","cy":"Y Swistir","da":"Schweiz","dag":"Switzerland","de":"Schweiz","diq":"İswiçre","dsb":"Šwicaŕska","dtp":"Switzerland","ee":"Switzerland","el":"Ελβετία","eml":"Svézzra","en":"Switzerland","eo":"Svislando","es":"Suiza","esu":"Suiza","et":"Šveits","eu":"Suitza","ext":"Suiça","ff":"Suwis","fi":"Sveitsi","fiu-vro":"Sveits","fj":"Suwitisiladi","fo":"Sveis","fr":"Suisse","frp":"Suisse","frr":"Swaits","fur":"Svuizare","fy":"Switserlân","ga":"An Eilvéis","gag":"Elveţiya","gcr":"Swis","gd":"An Eilbheis","gl":"Suíza","gn":"Suísa","gv":"Yn Elveeish","ha":"Switzerland","hak":"Sui-sṳ","haw":"Kuikilani","hif":"Switzerland","hr":"Švicarska","hsb":"Šwicarska","ht":"Swis","hu":"Svájc","ia":"Switza","iba":"Switzerland","id":"Swiss","ie":"Svissia","ig":"Switzerland","ilo":"Suisa","inh":"Шувцарехье","io":"Suisia","is":"Sviss","it":"Svizzera","jam":"Suitsalan","jbo":"elvetias","jv":"Switserlan","kaa":"Shveycariya","kab":"Taswist","kbd":"Шуэцарэ","kbp":"Suwiisi","kcg":"Shwit","kg":"Suisi","kge":"Swiss","ki":"Swissland","kk":"Швейцария","knc":"Switzerland","ko":"스위스","koi":"Швайсму","krc":"Швейцария","ksh":"Schweiz","ku":"Swîsre","kv":"Швейцария","kw":"Swistir","ky":"Швейцария","la":"Helvetia","lad":"Suisa","lb":"Schwäiz","lez":"Швейцария","lfn":"Suiz","lg":"Switzerland","li":"Zwitserland","lij":"Svissea","lld":"Svizra","lmo":"Svizera","ln":"Swisi","lt":"Šveicarija","ltg":"Šveicareja","lv":"Šveice","mad":"Swiss","map-bms":"Swiss","mdf":"Швайцария","mg":"Soisa","mhr":"Швейцарий","mi":"Huiterangi","min":"Swiss","mk":"Швајцарија","ms":"Switzerland","mt":"Żvizzera","mwl":"Suíça","myv":"Швейцария Мастор","nap":"Sguizzera","nds":"Swiez","nds-nl":"Zwitserlaand","nl":"Zwitserland","nn":"Sveits","no":"Sveits","nov":"Suisia","nrm":"Suisse","nso":"Switzerland","nv":"Dziłlátah Bilagáana Bikéyah","ny":"Switzerland","oc":"Soïssa","olo":"Šveitsarii","om":"Siwiizerlaandi","os":"Швейцари","pag":"Switzerland","pam":"Suísa","pap":"Suisa","pcd":"Suisse","pdc":"Schweiz","pdt":"Schweiz","pfl":"Schweiz","pl":"Szwajcaria","pms":"Svìssera","pnt":"Ελβετία","pt":"Suíça","qu":"Suwisa","rm":"Svizra","rmy":"Elveciya","rn":"Ubuswisi","ro":"Elveția","roa-rup":"Șvaițã","roa-tara":"Svizzere","ru":"Швейцария","rue":"Швайц","rw":"Ubusuwisi","sc":"Isvìtzera","scn":"Svìzzira","sco":"Swisserland","se":"Sveica","sh":"Švicarska;Швајцарска","sh-Cyrl":"Швајцарска","sh-Latn":"Švicarska","shi":"Swisra","sk":"Švajčiarsko","sl":"Švica","sm":"Suitiselani","smn":"Sveicci","sn":"Vusvwisi","so":"Iswisarland","sq":"Zvicra","sr":"Швајцарска","sr-Latn":"Švicarska","srn":"Swiskondre","ss":"ISwizalendi","stq":"Swaits","su":"Suis","sv":"Schweiz","sw":"Uswisi","szl":"Szwajcaryjo","szy":"Switzerland","tay":"Switzerland","tet":"Suisa","tg":"Швейсария","tk":"Şweýsariýa","tl":"Suwisa","tly":"Isvecrə","tn":"Switzerland","to":"Suisilani","tok":"ma Suwasi","tpi":"Suwisalan","tr":"İsviçre","trv":"Switzerland","ts":"Switzerland","tt":"Швейцария","tum":"Switzerland","tyv":"Швейцария","udm":"Швейцария","uk":"Швейцарія","uz":"Shveysariya","vec":"Svìsara","vep":"Šveicarii","vi":"Thụy Sĩ","vls":"Zwitserland","vo":"Jveizän","wa":"Swisse","war":"Swiza","wo":"Suwis","xal":"Свисин Ниицән","xh":"Switserii","yo":"Swítsàlandì","za":"Nyeiqswq","zea":"Zwitserland","zh-min-nan":"Sūi-se"},"from":1874.725806451613,"to":1967.755376344086,"wikidata":"Q39","adminLevel":2,"source":"OpenHistoricalMap","sourceUrl":"https://www.openhistoricalmap.org"}},{"type":"Feature","geometry":{"type":"Polygon","coordinates":[[[14.4609,35.9951],[14.4258,36.0038],[14.34,36.0947],[14.2652,36.1217],[14.1684,36.115],[14.1325,36.082],[14.1389,36.0168],[14.1945,35.9837],[14.2642,35.9684],[14.2887,35.8607],[14.3342,35.8236],[14.3947,35.7889],[14.4988,35.7654],[14.5926,35.7843],[14.6249,35.8324],[14.6236,35.8857],[14.4609,35.9951]]]},"properties":{"id":"Q6744657","names":{"en":"Crown Colony of Malta","es":"Colonia de la Corona de la isla de Malta y sus dependencias","fi":"Maltan kruununsiirtomaa","fr":"Colonie de Malte et dépendances","id":"Koloni Mahkota Malta","it":"Colonia di Malta","ka":"მალტის გვირგვინის კოლონია","ko":"몰타 왕령 식민지","mt":"Kolonja ta' Malta","pl":"Malta","pt":"Colônia da Coroa de Malta","ru":"Коронная колония Мальта","tr":"Malta Kolonisi","uk":"Коронна колонія Мальта","zh":"马耳他直辖殖民地"},"from":1814.4112903225807,"to":1964.720430107527,"wikidata":"Q6744657","adminLevel":2,"source":"OpenHistoricalMap","sourceUrl":"https://www.openhistoricalmap.org"}},{"type":"Feature","geometry":{"type":"MultiPolygon","coordinates":[[[[-2.6548,49.3737],[-2.5181,49.3701],[-2.4598,49.4023],[-2.4109,49.3596],[-2.3553,49.3518],[-2.3056,49.3723],[-2.2606,49.4336],[-2.2775,49.4705],[-2.3358,49.497],[-2.3414,49.5321],[-2.3717,49.553],[-2.5643,49.5554],[-2.7454,49.4822],[-2.7425,49.4064],[-2.6548,49.3737]]],[[[-2.1369,49.7783],[-2.2433,49.7875],[-2.3357,49.7672],[-2.4026,49.77],[-2.4489,49.748],[-2.4619,49.7162],[-2.4451,49.6891],[-2.4087,49.673],[-2.3084,49.691],[-2.2599,49.6563],[-2.1892,49.6499],[-2.085,49.7098],[-2.0888,49.7511],[-2.1369,49.7783]]]]},"properties":{"id":"Q25230","names":{"en":"Guernsey","ko":"건지섬"},"from":1290,"to":1987.3682795698924,"wikidata":"Q25230","adminLevel":2,"source":"OpenHistoricalMap","sourceUrl":"https://www.openhistoricalmap.org"}},{"type":"Feature","geometry":{"type":"MultiPolygon","coordinates":[[[[-2.2656,49.3317],[-2.3284,49.2604],[-2.3116,49.2101],[-2.3246,49.1898],[-2.3177,49.1568],[-2.2672,49.1305],[-2.1087,49.1175],[-2.0565,49.0982],[-1.9894,49.1154],[-1.9543,49.1522],[-1.9434,49.234],[-1.8741,49.2466],[-1.8377,49.2944],[-1.8823,49.3364],[-2.0138,49.3515],[-2.0841,49.3388],[-2.1145,49.2969],[-2.1623,49.3422],[-2.2132,49.3489],[-2.2656,49.3317]]],[[[-2.1233,48.9078],[-2.0114,48.9217],[-1.9821,48.9516],[-1.9864,48.9907],[-2.0977,49.0482],[-2.1845,49.0533],[-2.2384,49.0296],[-2.2526,48.9623],[-2.2395,48.9333],[-2.2055,48.9148],[-2.1233,48.9078]]]]},"properties":{"id":"Q785","names":{"en":"Jersey","ko":"저지섬"},"from":1290,"to":1987.3682795698924,"wikidata":"Q785","adminLevel":2,"source":"OpenHistoricalMap","sourceUrl":"https://www.openhistoricalmap.org"}},{"type":"Feature","geometry":{"type":"MultiPolygon","coordinates":[[[[-6.9767,57.6258],[-6.8668,57.7206],[-6.7947,57.7571],[-6.5856,57.82],[-6.5528,57.8637],[-6.4914,57.8747],[-6.3465,57.8333],[-6.2983,57.843],[-6.2514,57.8743],[-6.2391,57.8963],[-6.2565,57.9337],[-6.3274,57.9644],[-6.2666,58.0296],[-6.2811,58.1189],[-6.2695,58.1393],[-6.1809,58.1446],[-6.102,58.1797],[-6.0463,58.2545],[-6.0539,58.2812],[-6.1027,58.308],[-6.0716,58.3449],[-6.1042,58.3846],[-6.0798,58.4261],[-6.1075,58.4936],[-6.2029,58.5544],[-6.3156,58.5594],[-6.6089,58.4091],[-6.8643,58.3394],[-6.9803,58.3236],[-7.023,58.294],[-7.083,58.2831],[-7.1921,58.2013],[-7.2225,58.1389],[-7.2238,58.094],[-7.2564,58.0698],[-7.2602,58.037],[-7.3497,58.0236],[-7.3846,57.9875],[-7.3659,57.9568],[-7.3105,57.9369],[-7.2591,57.9388],[-7.1965,57.9665],[-7.1486,57.929],[-7.1781,57.8809],[-7.3394,57.8277],[-7.3564,57.7585],[-7.4107,57.7153],[-7.5707,57.6947],[-7.6181,57.7402],[-7.6844,57.7523],[-7.7963,57.7073],[-7.8039,57.684],[-7.7798,57.6548],[-7.6741,57.6385],[-7.6874,57.5885],[-7.7886,57.5716],[-7.8103,57.5418],[-7.8044,57.5229],[-7.7277,57.4821],[-7.6302,57.461],[-7.5197,57.4787],[-7.4925,57.4278],[-7.5217,57.3874],[-7.4859,57.3295],[-7.5224,57.303],[-7.5494,57.2406],[-7.497,57.1097],[-7.5463,57.0623],[-7.6148,57.0287],[-7.6189,57.0029],[-7.6673,56.9478],[-7.6701,56.8865],[-7.7484,56.822],[-7.7355,56.757],[-7.6534,56.7287],[-7.5673,56.7392],[-7.5288,56.767],[-7.5278,56.8038],[-7.3717,56.8849],[-7.3509,56.9277],[-7.2984,56.9485],[-7.1994,57.0376],[-7.1456,57.0642],[-7.1215,57.1117],[-7.1612,57.1596],[-7.1421,57.1939],[-7.1759,57.2337],[-7.1175,57.2668],[-7.105,57.3007],[-7.1186,57.36],[-7.098,57.39],[-7.101,57.4212],[-7.0096,57.5966],[-6.9767,57.6258]]],[[[-8.4012,57.8941],[-8.4536,57.9246],[-8.523,57.9297],[-8.5676,57.9148],[-8.5927,57.8837],[-8.7048,57.869],[-8.74,57.8327],[-8.713,57.7941],[-8.6289,57.7596],[-8.4892,57.7459],[-8.428,57.7763],[-8.4358,57.82],[-8.3904,57.8632],[-8.4012,57.8941]]],[[[-7.5105,58.2477],[-7.4711,58.2894],[-7.5223,58.3294],[-7.6835,58.3296],[-7.7438,58.2916],[-7.7324,58.256],[-7.6928,58.238],[-7.5812,58.2251],[-7.5105,58.2477]]],[[[-6.6033,56.1797],[-6.7022,56.1744],[-6.7332,56.1502],[-6.7344,56.1194],[-6.6723,56.0832],[-6.5719,56.0948],[-6.5454,56.1199],[-6.5456,56.1443],[-6.6033,56.1797]]],[[[-4.365,59.0326],[-4.3127,59.056],[-4.2957,59.0987],[-4.3401,59.1334],[-4.419,59.143],[-4.488,59.1255],[-4.5236,59.08],[-4.5956,59.055],[-4.6132,59.0224],[-4.5807,58.9835],[-4.4952,58.9683],[-4.4386,58.9805],[-4.3974,59.0267],[-4.365,59.0326]]],[[[-5.703,59.1087],[-5.7031,59.1297],[-5.7358,59.1662],[-5.8141,59.1906],[-5.9015,59.1745],[-5.9519,59.1226],[-5.9269,59.0825],[-5.8588,59.0605],[-5.7606,59.0652],[-5.703,59.1087]]],[[[-6.0511,59.0753],[-6.0454,59.1064],[-6.061,59.1259],[-6.1353,59.1528],[-6.2346,59.146],[-6.2809,59.1002],[-6.2405,59.0499],[-6.1791,59.0315],[-6.1089,59.0371],[-6.0511,59.0753]]],[[[-1.5111,59.5046],[-1.4921,59.5419],[-1.5168,59.5818],[-1.6187,59.6112],[-1.7148,59.591],[-1.7661,59.5218],[-1.7409,59.4795],[-1.6562,59.4537],[-1.5792,59.465],[-1.5111,59.5046]]],[[[-1.9494,60.1048],[-1.9348,60.1376],[-1.9548,60.1778],[-2.0218,60.2081],[-2.1352,60.204],[-2.2069,60.1723],[-2.2245,60.1425],[-2.2,60.1031],[-2.0934,60.058],[-2.0137,60.0621],[-1.9494,60.1048]]],[[[-0.6906,60.5603],[-0.6614,60.6092],[-0.7296,60.6719],[-0.6786,60.7408],[-0.6589,60.8158],[-0.6701,60.8465],[-0.715,60.8785],[-0.8266,60.9072],[-0.918,60.909],[-0.9873,60.8738],[-1.0696,60.7848],[-1.2087,60.7576],[-1.2415,60.6989],[-1.3557,60.7042],[-1.4155,60.6739],[-1.5172,60.6545],[-1.5456,60.6276],[-1.5487,60.599],[-1.6216,60.6013],[-1.6886,60.579],[-1.7389,60.483],[-1.6792,60.4032],[-1.849,60.4268],[-1.9159,60.4045],[-1.934,60.3637],[-1.9096,60.3357],[-1.8043,60.2881],[-1.8012,60.2355],[-1.7771,60.2079],[-1.4634,60.0796],[-1.4807,60.0487],[-1.4694,59.9553],[-1.4941,59.9182],[-1.4728,59.8666],[-1.3785,59.8045],[-1.2353,59.8042],[-1.1782,59.8331],[-1.1547,59.9169],[-1.0622,59.9756],[-1.0696,60.0522],[-1.0037,60.0656],[-0.9015,60.1265],[-0.907,60.1703],[-0.9903,60.2289],[-0.9871,60.2825],[-0.8861,60.2748],[-0.7943,60.3002],[-0.7678,60.3163],[-0.755,60.3474],[-0.6252,60.4064],[-0.6255,60.4369],[-0.6544,60.4642],[-0.809,60.4886],[-0.819,60.5018],[-0.6906,60.5603]]],[[[-7.0018,55.2946],[-7.1045,55.3204],[-7.1433,55.3619],[-7.2544,55.3931],[-7.2627,55.4032],[-7.2058,55.4054],[-7.1713,55.4304],[-7.1886,55.4555],[-7.2494,55.4752],[-7.2965,55.462],[-7.3059,55.4472],[-7.2938,55.4241],[-7.4386,55.3958],[-7.4501,55.3762],[-7.4292,55.3506],[-7.4488,55.327],[-7.5577,55.3086],[-7.574,55.2719],[-7.6034,55.3008],[-7.6662,55.3057],[-7.7351,55.2834],[-7.8264,55.2794],[-7.9145,55.2373],[-8.0029,55.2529],[-8.1101,55.1888],[-8.1221,55.224],[-8.1588,55.2339],[-8.1425,55.2517],[-8.1483,55.2793],[-8.2228,55.302],[-8.277,55.2981],[-8.2986,55.2822],[-8.2921,55.2499],[-8.1988,55.2249],[-8.2353,55.1821],[-8.3165,55.1806],[-8.3873,55.1427],[-8.4408,55.0892],[-8.4763,55.0865],[-8.5155,55.0535],[-8.5631,55.0501],[-8.6097,55.0225],[-8.6195,54.9661],[-8.5432,54.9427],[-8.5023,54.9018],[-8.5791,54.8914],[-8.5874,54.8563],[-8.6156,54.8332],[-8.6121,54.8133],[-8.7777,54.7655],[-8.8473,54.7161],[-8.887,54.6665],[-8.8708,54.6418],[-8.7321,54.6168],[-8.6974,54.5923],[-8.553,54.5692],[-8.5108,54.5765],[-8.5036,54.5516],[-8.4693,54.5386],[-8.3464,54.5797],[-8.2713,54.5683],[-8.3177,54.5323],[-8.325,54.5071],[-8.4949,54.4946],[-8.568,54.4388],[-8.6379,54.4635],[-8.6972,54.4579],[-8.7221,54.4275],[-8.6883,54.3918],[-8.7436,54.3501],[-8.7286,54.3165],[-8.8209,54.2918],[-8.9378,54.3236],[-9.0687,54.3221],[-9.1006,54.3058],[-9.1873,54.3122],[-9.3341,54.3566],[-9.3932,54.3389],[-9.6756,54.3487],[-9.7351,54.367],[-9.7584,54.3923],[-9.8123,54.3954],[-9.8564,54.3583],[-9.9134,54.3406],[-10.0155,54.3388],[-10.0699,54.311],[-10.1293,54.3039],[-10.1429,54.2877],[-10.1363,54.2674],[-10.2509,54.1682],[-10.2933,54.1011],[-10.3601,54.0851],[-10.3695,54.0606],[-10.3431,54.0405],[-10.2354,54.0414],[-10.2452,54.0114],[-10.3084,53.9804],[-10.2991,53.9569],[-10.1951,53.9236],[-10.1128,53.9283],[-10.0864,53.8917],[-10.049,53.8839],[-10.0113,53.8536],[-10.0985,53.8073],[-10.0944,53.7747],[-10.0712,53.7622],[-10.0822,53.7438],[-10.1382,53.74],[-10.1808,53.7179],[-10.1896,53.6967],[-10.1724,53.6702],[-10.287,53.6597],[-10.3583,53.6171],[-10.3507,53.5809],[-10.2993,53.5676],[-10.3155,53.5306],[-10.2135,53.4891],[-10.2088,53.4743],[-10.2875,53.4099],[-10.2866,53.3887],[-10.2446,53.3668],[-10.1804,53.3724],[-10.0241,53.3409],[-10.0766,53.2976],[-10.0584,53.2726],[-10.0646,53.2563],[-10.0297,53.229],[-9.9701,53.2257],[-9.9308,53.2738],[-9.895,53.2671],[-9.8919,53.2368],[-9.8527,53.1879],[-9.9063,53.1642],[-9.9006,53.1303],[-9.5128,53.0018],[-9.5039,52.9778],[-9.5232,52.9235],[-9.4815,52.8913],[-9.5014,52.855],[-9.5837,52.8277],[-9.5754,52.7823],[-9.6668,52.7538],[-9.7062,52.7045],[-9.8593,52.6258],[-9.9478,52.5977],[-9.9885,52.5577],[-9.9641,52.5329],[-9.901,52.5247],[-9.7325,52.5501],[-9.7316,52.5104],[-9.8423,52.4664],[-9.9632,52.4521],[-9.9936,52.4289],[-9.9973,52.4062],[-10.1228,52.3266],[-10.2779,52.3],[-10.3843,52.2625],[-10.5171,52.1985],[-10.5292,52.1553],[-10.5977,52.1648],[-10.64,52.1398],[-10.6427,52.1139],[-10.7265,52.0882],[-10.7135,52.0518],[-10.5959,52.0029],[-10.5511,52.0202],[-10.548,52.0475],[-10.4842,52.0724],[-10.2603,52.0829],[-10.2406,52.0677],[-10.2345,52.0419],[-10.2531,52.0233],[-10.4491,51.9309],[-10.4824,51.8824],[-10.4567,51.8519],[-10.465,51.8299],[-10.5814,51.7921],[-10.5966,51.7647],[-10.5875,51.7471],[-10.5334,51.7351],[-10.3976,51.7815],[-10.3697,51.7576],[-10.3046,51.75],[-10.3156,51.7237],[-10.2827,51.6966],[-10.144,51.7048],[-10.1324,51.6927],[-10.1541,51.6555],[-10.2798,51.6003],[-10.2983,51.5693],[-10.2858,51.5496],[-10.241,51.5394],[-10.1082,51.5662],[-10.0369,51.558],[-9.9588,51.5826],[-9.8896,51.5789],[-9.8771,51.569],[-9.8958,51.5547],[-9.8967,51.528],[-9.8656,51.5112],[-9.8891,51.4856],[-9.8855,51.4685],[-9.8519,51.4244],[-9.7613,51.4171],[-9.6549,51.4566],[-9.5688,51.4572],[-9.5776,51.4286],[-9.5662,51.4074],[-9.5032,51.3895],[-9.433,51.4212],[-9.3233,51.4334],[-9.2916,51.4533],[-9.2055,51.4377],[-9.1612,51.4761],[-9.0896,51.4907],[-9.0697,51.5156],[-9.0129,51.5254],[-8.9704,51.4995],[-8.9294,51.5012],[-8.8521,51.5313],[-8.825,51.5613],[-8.7614,51.5393],[-8.6988,51.5396],[-8.6611,51.5575],[-8.6283,51.6027],[-8.6035,51.6076],[-8.5604,51.5775],[-8.5071,51.5776],[-8.4807,51.5978],[-8.4804,51.6369],[-8.2774,51.7088],[-8.2471,51.7617],[-8.1641,51.7543],[-7.9915,51.7946],[-7.9603,51.8083],[-7.9525,51.8363],[-7.8167,51.8602],[-7.8008,51.8844],[-7.8135,51.9042],[-7.7012,51.9107],[-7.6686,51.923],[-7.6577,51.9447],[-7.5456,51.9711],[-7.5281,52.0121],[-7.4856,52.0488],[-7.4922,52.0704],[-7.4178,52.0982],[-7.1477,52.1095],[-7.0847,52.0976],[-6.9779,52.113],[-6.9195,52.0929],[-6.7749,52.1724],[-6.6773,52.1782],[-6.6344,52.1517],[-6.6686,52.1309],[-6.6681,52.0949],[-6.618,52.0787],[-6.546,52.1134],[-6.5244,52.156],[-6.3629,52.1424],[-6.1618,52.1886],[-6.16,52.2149],[-6.1767,52.2278],[-6.2502,52.2398],[-6.3397,52.2977],[-6.3087,52.3381],[-6.3074,52.396],[-6.1553,52.5379],[-6.1452,52.5715],[-6.1711,52.6465],[-6.0937,52.7241],[-6.0871,52.7902],[-6.0627,52.8204],[-6.0156,52.8417],[-5.9502,52.9576],[-5.9591,52.9848],[-6,53.009],[-5.9847,53.0723],[-5.9917,53.1193],[-6.0562,53.2248],[-6.0327,53.2663],[-6.0721,53.3303],[-6.0048,53.3509],[-5.9966,53.3916],[-6.0398,53.4352],[-6.0267,53.4534],[-5.9776,53.461],[-5.9464,53.4953],[-5.9713,53.5201],[-6.0275,53.5296],[-6.0588,53.6026],[-6.1155,53.6151],[-6.1825,53.6728],[-6.1996,53.7494],[-6.1664,53.7958],[-6.2043,53.8357],[-6.1881,53.863],[-6.2175,53.8887],[-6.3133,53.9077],[-6.3211,53.9464],[-6.3045,53.974],[-6.1537,53.9483],[-6.1128,53.9548],[-6.0544,53.9934],[-6.0152,53.9818],[-5.827,54.0775],[-5.7883,54.1627],[-5.7925,54.1942],[-5.733,54.1984],[-5.6503,54.1763],[-5.5508,54.2129],[-5.4241,54.3083],[-5.3831,54.366],[-5.3505,54.4991],[-5.3934,54.5468],[-5.4034,54.5894],[-5.4459,54.6282],[-5.4327,54.7164],[-5.4993,54.7484],[-5.6209,54.7299],[-5.6041,54.8035],[-5.6307,54.8521],[-5.6705,54.8863],[-5.7543,54.909],[-5.879,55.0081],[-5.8872,55.0723],[-5.9493,55.1038],[-5.9456,55.1777],[-5.9965,55.2311],[-6.0918,55.2674],[-6.0859,55.3127],[-6.1191,55.3419],[-6.2583,55.362],[-6.3333,55.3421],[-6.385,55.2949],[-6.5131,55.2989],[-6.6127,55.2592],[-6.6941,55.2594],[-6.7936,55.2206],[-6.8827,55.2096],[-6.8819,55.2535],[-7.0018,55.2946]]],[[[-2.5502,56.1157],[-2.4576,56.1696],[-2.4603,56.1982],[-2.5189,56.2361],[-2.4973,56.2888],[-2.6124,56.3606],[-2.7235,56.3795],[-2.7119,56.417],[-2.4699,56.5341],[-2.3942,56.6059],[-2.3933,56.64],[-2.3483,56.6846],[-2.3529,56.7185],[-2.2445,56.7708],[-2.13,56.8636],[-2.087,56.9775],[-1.9609,57.1137],[-1.9582,57.1531],[-1.981,57.1749],[-1.9575,57.2241],[-1.9014,57.2901],[-1.7754,57.3585],[-1.6813,57.4582],[-1.6774,57.5196],[-1.7345,57.589],[-1.7354,57.6277],[-1.8541,57.7096],[-1.9909,57.7483],[-2.1253,57.7509],[-2.2093,57.7296],[-2.318,57.7449],[-2.4011,57.7213],[-2.5181,57.7223],[-2.8406,57.7568],[-2.95,57.7453],[-3.0359,57.7172],[-3.2524,57.7724],[-3.3456,57.78],[-3.6214,57.7298],[-3.6955,57.754],[-3.7244,57.7826],[-3.6794,57.8743],[-3.7937,57.9564],[-3.7316,58.0094],[-3.4621,58.1173],[-3.312,58.2237],[-3.1345,58.2658],[-3.0168,58.3427],[-2.942,58.4564],[-2.95,58.4891],[-2.9903,58.5232],[-2.9369,58.5804],[-2.9248,58.6279],[-2.8509,58.6416],[-2.8105,58.6717],[-2.81,58.773],[-2.7742,58.8185],[-2.7476,58.8423],[-2.6533,58.8366],[-2.5698,58.8742],[-2.5518,58.9154],[-2.5914,58.96],[-2.4908,58.9841],[-2.4555,59.0152],[-2.4289,59.0748],[-2.4249,59.1088],[-2.4663,59.1671],[-2.42,59.1866],[-2.3918,59.2191],[-2.3196,59.2262],[-2.2674,59.2589],[-2.2723,59.3],[-2.3092,59.3257],[-2.2718,59.3557],[-2.26,59.3865],[-2.2876,59.426],[-2.3363,59.451],[-2.4475,59.4479],[-2.5178,59.4218],[-2.5603,59.3782],[-2.6872,59.3528],[-2.7536,59.3222],[-2.7718,59.4046],[-2.8585,59.4414],[-2.9224,59.438],[-3.1591,59.3629],[-3.1744,59.3216],[-3.1251,59.2479],[-3.2047,59.2102],[-3.3985,59.1816],[-3.4434,59.1461],[-3.4747,58.995],[-3.464,58.9682],[-3.5194,58.9329],[-3.5434,58.8741],[-3.5263,58.8449],[-3.4721,58.8197],[-3.3624,58.7307],[-3.4542,58.7137],[-3.5088,58.6802],[-3.6809,58.6771],[-3.8104,58.6309],[-3.8753,58.6236],[-3.967,58.6545],[-4.039,58.6599],[-4.1321,58.6248],[-4.2576,58.6052],[-4.4085,58.613],[-4.4947,58.6354],[-4.6674,58.6316],[-4.7332,58.6579],[-4.9847,58.6821],[-5.0823,58.6664],[-5.1245,58.6054],[-5.1818,58.5944],[-5.221,58.5687],[-5.2522,58.4392],[-5.3125,58.3834],[-5.2894,58.3338],[-5.3178,58.3154],[-5.419,58.3184],[-5.4956,58.2771],[-5.5093,58.2416],[-5.4994,58.2182],[-5.4211,58.1631],[-5.5301,58.1204],[-5.5677,58.0337],[-5.6155,57.9756],[-5.675,57.9642],[-5.7297,57.9248],[-5.8564,57.9048],[-5.9,57.8777],[-5.9094,57.8282],[-5.8958,57.79],[-5.9157,57.7249],[-5.8844,57.6934],[-5.9104,57.6535],[-5.9094,57.628],[-5.9886,57.6327],[-6.0573,57.6106],[-6.1432,57.6944],[-6.1955,57.7174],[-6.2273,57.7608],[-6.4678,57.7933],[-6.53,57.7621],[-6.5287,57.7293],[-6.4717,57.6968],[-6.5202,57.6464],[-6.6276,57.6563],[-6.698,57.6424],[-6.7247,57.6177],[-6.7454,57.5583],[-6.8222,57.5261],[-6.8685,57.471],[-6.8744,57.4101],[-6.8018,57.3461],[-6.7056,57.2886],[-6.5724,57.2849],[-6.4029,57.1377],[-6.4062,57.1139],[-6.5151,57.1238],[-6.654,57.0989],[-6.6982,57.0647],[-6.6978,57.0269],[-6.7645,56.9986],[-6.7731,56.9527],[-6.7254,56.9248],[-6.6477,56.9213],[-6.6036,56.9362],[-6.5569,56.9846],[-6.3568,56.8862],[-6.3746,56.8529],[-6.3632,56.8147],[-6.2698,56.7775],[-6.316,56.7409],[-6.3166,56.7008],[-6.2914,56.6715],[-6.3159,56.6582],[-6.3641,56.653],[-6.3532,56.711],[-6.3761,56.7373],[-6.4637,56.7534],[-6.5917,56.7151],[-6.8179,56.595],[-7.0657,56.572],[-7.0995,56.5496],[-7.1071,56.5254],[-7.0689,56.4411],[-7.0231,56.409],[-6.8931,56.3916],[-6.8318,56.4076],[-6.6302,56.5112],[-6.5448,56.5148],[-6.5753,56.4431],[-6.5114,56.3979],[-6.5618,56.3549],[-6.5415,56.3146],[-6.5551,56.2818],[-6.4623,56.1921],[-6.3604,56.1759],[-6.2922,56.2141],[-6.1896,56.234],[-5.8855,56.2664],[-5.9059,56.2069],[-5.8379,56.1638],[-6.0394,56.0746],[-6.0519,56.1488],[-6.0987,56.1775],[-6.185,56.1805],[-6.2991,56.1311],[-6.3848,56.0463],[-6.3547,55.9557],[-6.5384,55.8687],[-6.5759,55.8025],[-6.5668,55.7711],[-6.6246,55.7051],[-6.5998,55.6519],[-6.5418,55.6228],[-6.4177,55.6277],[-6.4174,55.5717],[-6.3547,55.5368],[-6.2283,55.5316],[-6.1572,55.5667],[-6.0469,55.5853],[-5.9526,55.6325],[-5.9272,55.6793],[-5.9376,55.7398],[-5.8908,55.7598],[-5.8063,55.8541],[-5.781,55.8602],[-5.7622,55.8483],[-5.7602,55.7947],[-5.828,55.7439],[-5.8675,55.6712],[-5.84,55.6041],[-5.8069,55.5823],[-5.8059,55.4683],[-5.8841,55.4086],[-5.8985,55.2987],[-5.875,55.272],[-5.815,55.2467],[-5.6778,55.2478],[-5.5883,55.2238],[-5.5141,55.2368],[-5.4794,55.2592],[-5.4722,55.3055],[-5.4211,55.3597],[-5.4345,55.4261],[-5.4211,55.4357],[-5.22,55.3795],[-5.1044,55.3739],[-5.0393,55.3966],[-4.9943,55.4452],[-4.994,55.4741],[-4.9671,55.5157],[-4.977,55.5472],[-5.0325,55.5964],[-5.051,55.6792],[-4.9484,55.6534],[-4.909,55.6112],[-4.7979,55.5696],[-4.8243,55.5295],[-4.775,55.4723],[-4.823,55.4467],[-4.8673,55.3855],[-4.9638,55.3018],[-5.1329,55.3072],[-5.2008,55.2784],[-5.2107,55.2451],[-5.1983,55.2226],[-5.0956,55.1765],[-5.0828,55.133],[-5.1343,55.068],[-5.2296,55.0375],[-5.2731,54.9762],[-5.2692,54.9075],[-5.226,54.8394],[-5.0918,54.7512],[-5.0556,54.702],[-5.0599,54.6785],[-5.0345,54.635],[-4.8895,54.5841],[-4.7914,54.6006],[-4.7685,54.6476],[-4.7893,54.7038],[-4.8252,54.7303],[-4.8484,54.7801],[-4.828,54.7873],[-4.7584,54.7773],[-4.6726,54.7408],[-4.6358,54.7048],[-4.5457,54.6631],[-4.3893,54.6275],[-4.3039,54.656],[-4.2208,54.7329],[-4.0875,54.7138],[-3.9592,54.7204],[-3.7957,54.7724],[-3.6817,54.8293],[-3.5525,54.815],[-3.5215,54.7837],[-3.6604,54.6701],[-3.6567,54.6152],[-3.6687,54.5809],[-3.7222,54.5295],[-3.7196,54.495],[-3.5145,54.3231],[-3.5008,54.2668],[-3.3614,54.146],[-3.3425,54.0828],[-3.2767,54.0169],[-3.2196,53.9965],[-3.1339,53.9942],[-3.1023,53.966],[-3.1341,53.9267],[-3.1428,53.7779],[-3.1296,53.7388],[-3.0897,53.7074],[-3.1878,53.559],[-3.1776,53.5157],[-3.1377,53.4792],[-3.1475,53.4641],[-3.6078,53.3433],[-3.6639,53.3434],[-3.7491,53.3758],[-3.8698,53.3927],[-3.9219,53.382],[-3.9576,53.3557],[-4.0074,53.3709],[-4.144,53.3664],[-4.2371,53.4569],[-4.416,53.4838],[-4.5297,53.4652],[-4.6183,53.4742],[-4.677,53.4526],[-4.6919,53.4046],[-4.6523,53.3765],[-4.7169,53.3686],[-4.7731,53.3311],[-4.7836,53.3027],[-4.7629,53.2642],[-4.6553,53.2027],[-4.592,53.1896],[-4.5613,53.1494],[-4.4197,53.0744],[-4.5464,52.997],[-4.6116,52.9908],[-4.7877,52.8867],[-4.8846,52.767],[-4.8806,52.7314],[-4.8106,52.6955],[-4.608,52.7549],[-4.574,52.7353],[-4.5084,52.7297],[-4.4014,52.7687],[-4.3764,52.8066],[-4.3875,52.83],[-4.2265,52.8655],[-4.2163,52.8571],[-4.229,52.7929],[-4.1481,52.7156],[-4.1955,52.6547],[-4.2105,52.6093],[-4.1378,52.5074],[-4.1731,52.4097],[-4.2119,52.3501],[-4.2743,52.2969],[-4.4295,52.2542],[-4.5408,52.1936],[-4.7313,52.1769],[-4.7941,52.1496],[-4.8344,52.1046],[-4.8965,52.084],[-5.0996,52.0765],[-5.1491,52.0509],[-5.1911,52.0026],[-5.3507,51.9494],[-5.4326,51.9447],[-5.4716,51.9137],[-5.5162,51.8076],[-5.6034,51.7769],[-5.7021,51.7671],[-5.7476,51.7346],[-5.7367,51.693],[-5.6907,51.6727],[-5.5879,51.6832],[-5.3588,51.6691],[-5.3073,51.6449],[-5.2362,51.6482],[-5.1689,51.6307],[-5.1019,51.5794],[-4.9514,51.5472],[-4.8814,51.5547],[-4.8231,51.5902],[-4.6362,51.5898],[-4.5985,51.622],[-4.6036,51.6823],[-4.4422,51.683],[-4.3832,51.6448],[-4.4137,51.5671],[-4.3795,51.524],[-4.2084,51.4858],[-3.9327,51.5224],[-3.8915,51.5574],[-3.8421,51.5247],[-3.8149,51.4753],[-3.7722,51.4414],[-3.6549,51.402],[-3.6177,51.3675],[-3.5961,51.3169],[-3.6134,51.2929],[-3.6608,51.2762],[-3.8042,51.2946],[-4.1316,51.2622],[-4.2791,51.2274],[-4.4907,51.2258],[-4.6803,51.2524],[-4.734,51.2379],[-4.7562,51.2126],[-4.7531,51.1522],[-4.6139,51.0045],[-4.6479,50.9115],[-4.6371,50.8133],[-4.7208,50.7662],[-4.7445,50.7339],[-4.8183,50.7061],[-4.8448,50.6512],[-4.9591,50.639],[-5.0979,50.5807],[-5.1183,50.5484],[-5.1292,50.4719],[-5.2023,50.4407],[-5.2336,50.4014],[-5.2336,50.3791],[-5.2895,50.3538],[-5.3348,50.3076],[-5.4679,50.2685],[-5.5729,50.2611],[-5.7306,50.1998],[-5.7886,50.148],[-5.8229,50.0775],[-5.8002,50.0305],[-5.7055,49.9884],[-5.6633,49.9851],[-5.5383,50.0086],[-5.4712,50.0524],[-5.3662,50.039],[-5.3007,49.9404],[-5.2387,49.9118],[-5.1674,49.9136],[-5.0439,49.9714],[-5.0009,50.0111],[-4.981,50.0458],[-4.9938,50.0859],[-4.8347,50.1735],[-4.742,50.1852],[-4.6805,50.2642],[-4.4382,50.2862],[-4.3713,50.3104],[-4.3093,50.3085],[-4.2849,50.28],[-4.2375,50.2623],[-4.1651,50.2709],[-4.0583,50.2446],[-3.9685,50.2485],[-3.9231,50.2038],[-3.8531,50.1709],[-3.6906,50.1558],[-3.5845,50.1872],[-3.5641,50.2129],[-3.5772,50.2517],[-3.5678,50.2728],[-3.4915,50.2953],[-3.4456,50.3275],[-3.4042,50.3977],[-3.4186,50.4289],[-3.4031,50.4705],[-3.4325,50.5049],[-3.3913,50.5554],[-3.309,50.5683],[-3.2005,50.6322],[-3.0876,50.6356],[-2.8915,50.6771],[-2.7847,50.6604],[-2.6376,50.6027],[-2.5344,50.5457],[-2.5359,50.5035],[-2.5168,50.4814],[-2.4537,50.4632],[-2.4067,50.4749],[-2.3492,50.519],[-2.345,50.5769],[-2.1804,50.5635],[-2.0605,50.5266],[-1.9436,50.5427],[-1.8816,50.5714],[-1.8495,50.6262],[-1.8534,50.6644],[-1.7429,50.6612],[-1.6805,50.686],[-1.638,50.6218],[-1.5223,50.6166],[-1.2985,50.525],[-1.1263,50.5636],[-1.0943,50.6153],[-1.0052,50.6553],[-0.992,50.7334],[-0.9108,50.721],[-0.834,50.6805],[-0.7775,50.6728],[-0.7343,50.6848],[-0.6807,50.7291],[-0.2236,50.7773],[0.2534,50.6851],[0.3057,50.6978],[0.4209,50.7781],[0.6928,50.8249],[0.7882,50.8777],[0.9639,50.861],[1.0226,50.871],[1.061,50.9115],[1.0439,50.9615],[1.0577,50.9926],[1.0983,51.0152],[1.2102,51.027],[1.3765,51.0719],[1.4745,51.1463],[1.4845,51.2257],[1.4688,51.2736],[1.5147,51.3294],[1.529,51.379],[1.4882,51.4278],[1.3813,51.4428],[1.0078,51.4132],[0.9487,51.4571],[0.8403,51.4789],[1.0284,51.5941],[1.0385,51.6166],[1.02,51.6505],[1.0328,51.7202],[1.1648,51.7296],[1.2922,51.7832],[1.3624,51.841],[1.3666,51.8911],[1.5314,52.0125],[1.6558,52.0695],[1.7015,52.1755],[1.7137,52.2674],[1.7551,52.3015],[1.8445,52.4798],[1.8184,52.5471],[1.8267,52.6323],[1.7691,52.7482],[1.6481,52.8361],[1.3469,52.9749],[0.9934,53.0292],[0.6544,53.0369],[0.4532,53.1363],[0.397,53.2897],[0.2512,53.4898],[0.1847,53.538],[0.23,53.5946],[0.2019,53.6721],[-0.0499,53.8899],[-0.1239,54.0036],[-0.1258,54.0447],[-0.0121,54.082],[0.0045,54.1005],[0.0013,54.1367],[-0.0497,54.1711],[-0.1769,54.2042],[-0.1957,54.2452],[-0.2989,54.2865],[-0.3855,54.4094],[-0.5165,54.5189],[-0.7278,54.5993],[-0.9602,54.638],[-1.0568,54.6704],[-1.1143,54.7329],[-1.2206,54.789],[-1.2355,54.8459],[-1.2681,54.8847],[-1.2713,54.9739],[-1.3958,55.1119],[-1.4269,55.1577],[-1.4118,55.1874],[-1.419,55.2118],[-1.4789,55.2729],[-1.4493,55.3343],[-1.4623,55.3619],[-1.5037,55.3827],[-1.4883,55.4377],[-1.5056,55.5038],[-1.5555,55.5936],[-1.5182,55.6412],[-1.5278,55.6651],[-1.587,55.6945],[-1.6846,55.6792],[-1.7265,55.7259],[-1.8672,55.7528],[-1.9691,55.8449],[-1.9931,55.8901],[-2.0726,55.9507],[-2.2003,55.9806],[-2.2965,55.981],[-2.409,56.0335],[-2.5366,56.0665],[-2.5502,56.1157]]],[[[-6.3312,49.8304],[-6.2329,49.8733],[-6.1831,49.9153],[-6.166,49.9553],[-6.1766,49.9785],[-6.2743,50.0298],[-6.3672,50.0227],[-6.4621,49.9731],[-6.4726,49.9549],[-6.4631,49.9213],[-6.5028,49.9066],[-6.5224,49.8806],[-6.5127,49.8475],[-6.4797,49.8279],[-6.4145,49.814],[-6.3312,49.8304]]],[[[-7.134,56.3716],[-7.2,56.338],[-7.185,56.2921],[-7.1052,56.2732],[-7.0288,56.3058],[-7.0274,56.3388],[-7.0432,56.355],[-7.134,56.3716]]]]},"properties":{"id":"Q174193","names":{"af":"Verenigde Koninkryk van Groot-Brittanje en Ierland","an":"Reino Uniu de Gran Bretanya y Irlanda","ar":"المملكة المتحدة لبريطانيا العظمى وأيرلندا","ast":"Reinu Xuníu de Gran Bretaña ya Irlanda","az":"Böyük Britaniya və İrlandiya Birləşmiş Krallığı","be":"Злучанае Каралеўства Вялікабрытаніі і Ірландыі","bg":"Обединено кралство Великобритания и Ирландия","br":"Rouantelezh Unanet Breizh-Veur hag Iwerzhon","ca":"Regne Unit de la Gran Bretanya i Irlanda","cs":"Spojené království Velké Británie a Irska","cy":"Teyrnas Unedig Prydain Fawr ac Iwerddon","da":"Det Forenede Kongerige Storbritannien og Irland","de":"Vereinigtes Königreich Großbritannien und Irland","diq":"Qraliya Yewbiyayiya Britanya Gırde u İrlanda","el":"Ηνωμένο Βασίλειο της Μεγάλης Βρετανίας και της Ιρλανδίας","en":"United Kingdom of Great Britain and Ireland","eo":"Unuiĝinta Reĝlando de Granda Britio kaj Irlando","es":"Reino Unido de Gran Bretaña e Irlanda","et":"Suurbritannia ja Iirimaa Ühendkuningriik","eu":"Britainia Handia eta Irlandako Erresuma Batua","fa":"پادشاهی متحد بریتانیای کبیر و ایرلند","fi":"Ison-Britannian ja Irlannin yhdistynyt kuningaskunta","fr":"Royaume-Uni de Grande-Bretagne et d'Irlande","fy":"Feriene Keninkryk fan Grut-Brittanje en Ierlân","ga":"Ríocht Aontaithe na Breataine Móire agus na hÉireann","gd":"An Rìoghachd Aonaichte na Breatainne Mòire is na h-Èireann","gl":"Reino Unido de Gran Bretaña e Irlanda","gv":"Reeriaght Unnaneysit y Vretyn Vooar as Nerin","ha":"Hadaddiyar Masarautar Burtaniya Mai Girma da Ireland","hak":"Thai Britain lâu Ireland Lièn-ha̍p Vòng-koet","he":"הממלכה המאוחדת של בריטניה הגדולה ואירלנד","hi":"ग्रेट ब्रिटेन और आयरलैंड का यूनाइटेड किंगडम","hr":"Ujedinjeno Kraljevstvo Velike Britanije i Irske","ht":"Wayòm Ini Grann Bretay ak Iland","hu":"Nagy-Britannia és Írország Egyesült Királysága","hy":"Մեծ Բրիտանիայի և Իռլանդիայի միացյալ թագավորություն","id":"Perserikatan Kerajaan Britania Raya dan Irlandia","ie":"Unit Reyatu de Grande Britannia e Irland","it":"Regno Unito di Gran Bretagna e Irlanda","ja":"グレートブリテン及びアイルランド連合王国","kk":"Ұлыбритания және Ирландия біріккен патшалығы","ko":"그레이트브리튼 아일랜드 연합왕국","la":"Regnum Unitum Magnae Britanniae et Hiberniae","lmo":"Regn Unid","lt":"Jungtinė Didžiosios Britanijos ir Airijos karalystė","lv":"Lielbritānijas un Īrijas Apvienotā Karaliste","mr":"ग्रेट ब्रिटन व आयर्लंडचे संयुक्त राजतंत्र","nb":"Det forente kongerike Storbritannia og Irland","nl":"Verenigd Koninkrijk van Groot-Brittannië en Ierland","nn":"Det sameinte kongeriket Storbritannia og Irland","no":"Det forente kongerike Storbritannia og Irland","pa":"ਗ੍ਰੇਟ ਬ੍ਰਿਟੇਨ ਅਤੇ ਆਇਰਲੈਂਡ ਦਾ ਸੰਯੁਕਤ ਸਾਮਰਾਜ","pl":"Zjednoczone Królestwo Wielkiej Brytanii i Irlandii","ps":"د برېتانيا او ايرلينډ متحده پاچايي","pt":"Reino Unido da Grã-Bretanha e Irlanda","ro":"Regatul Unit al Marii Britanii și Irlandei","ru":"Соединённое королевство Великобритании и Ирландии","rue":"Споене кральовство Великой Британии и Ирландии","sc":"Regnu Unidu de Bretagna Manna e Irlanda","sco":"Unitit Kinrick o Great Breetain an Ireland","sd":"عظيم برطانيا ۽ آئرلينڊ جي گڏيل بادشاھت","sh":"Ujedinjeno Kraljevstvo Velike Britanije i Irske","sk":"Spojené kráľovstvo Veľkej Británie a Írska","sl":"Združeno kraljestvo Velike Britanije in Irske","sq":"Mbretëria e Bashkuar e Britanisë së Madhe dhe Irlandës","sr":"Уједињено Краљевство Велике Британије и Ирске","sv":"Förenade kungariket Storbritannien och Irland","ta":"பெரிய பிரித்தானியா மற்றும் அயர்லாந்தின் ஐக்கிய இராச்சியம்","te":"యు.కె. గ్రేట్ బ్రిటన్ (ఉత్తర ఐర్లాండ్)","th":"สหราชอาณาจักรบริเตนใหญ่และไอร์แลนด์","tr":"Büyük Britanya ve İrlanda Birleşik Krallığı","uk":"Сполучене Королівство Великої Британії та Ірландії","ur":"متحدہ مملکت برطانیہ عظمی و آئر لینڈ","vi":"Vương quốc Liên hiệp Anh và Ireland","yo":"Ilẹ̀ọba Aṣọ̀kan Brítánì Olókìkí àti Írẹ́lándì","zh":"大不列颠及爱尔兰联合王国"},"from":1801,"to":1922.9247311827958,"wikidata":"Q174193","adminLevel":2,"source":"OpenHistoricalMap","sourceUrl":"https://www.openhistoricalmap.org"}},{"type":"Feature","geometry":{"type":"Polygon","coordinates":[[[32.7769,34.604],[32.8519,34.6136],[32.8749,34.5856],[32.8748,34.5504],[32.9162,34.5179],[33.0393,34.5136],[33.0942,34.5522],[33.0727,34.6212],[33.0923,34.6483],[33.1519,34.6667],[33.3406,34.675],[33.5219,34.7391],[33.5715,34.7736],[33.6317,34.779],[33.6893,34.8523],[33.692,34.9016],[33.7118,34.9356],[33.7938,34.9292],[33.8492,34.9001],[33.9659,34.9394],[34.0516,34.917],[34.1178,34.9215],[34.1407,34.958],[34.1288,35.0013],[33.9616,35.1856],[33.9563,35.236],[33.983,35.2755],[34.0927,35.2911],[34.173,35.3857],[34.3136,35.4435],[34.4505,35.5296],[34.4751,35.5689],[34.5996,35.6099],[34.6581,35.6987],[34.6523,35.7303],[34.6029,35.7518],[34.424,35.697],[34.3121,35.655],[34.2786,35.6244],[34.1576,35.6025],[34.092,35.5429],[33.9585,35.4902],[33.842,35.4561],[33.7577,35.4552],[33.62,35.4002],[33.3569,35.3791],[33.1221,35.4113],[33.0747,35.3983],[32.9079,35.4452],[32.87,35.4172],[32.884,35.2822],[32.8579,35.2062],[32.8333,35.1926],[32.6842,35.2358],[32.6069,35.2341],[32.5156,35.2075],[32.4439,35.1085],[32.4021,35.0855],[32.3146,35.1419],[32.2442,35.1348],[32.2167,35.0759],[32.2244,35.0255],[32.2559,34.9869],[32.2486,34.9519],[32.2641,34.8916],[32.3002,34.837],[32.3337,34.8152],[32.3551,34.7311],[32.4721,34.6631],[32.6866,34.5994],[32.7769,34.604]]]},"properties":{"id":"Q15240466","names":{"ar":"قبرص البريطانية","bg":"Британски Кипър","de":"Britisch-Zypern","el":"Αγγλοκρατία στην Κύπρο (1878-1960)","es":"Chipre británica","fa":"قبرس بریتانیا","fi":"Brittiläinen Kypros","fr":"Colonie britannique de Chypre","he":"קפריסין הבריטית","id":"Siprus Britania","it":"Cipro britannica","ja":"イギリス領キプロス","ko":"영국령 키프로스","la":"Cyprus","lv":"Britu Kipra","mk":"Британски Кипар","nb":"Britisk Kypros","nl":"Brits Cyprus","pt":"Chipre britânico","ru":"Британский Кипр","sr":"Британски Кипар","sv":"Brittiska Cypern","tr":"Britanya Kıbrısı","uk":"Кіпр у складі Британської імперії","ur":"برطانوی قبرص","uz":"Britaniya Qibrisi","vi":"Síp thuộc Anh","zh":"英属塞浦路斯","en":"Cyprus Protectorate"},"from":1878,"to":1914,"wikidata":"Q15240466","adminLevel":2,"source":"OpenHistoricalMap","sourceUrl":"https://www.openhistoricalmap.org"}},{"type":"Feature","geometry":{"type":"MultiPolygon","coordinates":[[[[52.7145,46.8092],[52.8191,46.8039],[52.8764,46.8315],[52.9643,46.802],[53.0667,46.8103],[53.0815,46.7424],[53.1645,46.6629],[53.1476,46.5638],[53.1652,46.5181],[53.2994,46.4731],[53.3012,46.4083],[53.3279,46.3776],[53.2879,46.2445],[53.1966,46.1237],[53.1025,45.8499],[53.1128,45.7836],[53.1791,45.7125],[53.3068,45.6739],[53.4564,45.7056],[53.5463,45.7063],[53.6145,45.7329],[53.6392,45.7857],[53.865,45.7276],[54.075,45.7293],[54.1767,45.7493],[54.317,45.637],[54.2984,45.5897],[54.3286,45.541],[54.4139,45.4984],[54.4929,45.4801],[54.5456,45.3927],[54.7149,45.3241],[54.7646,45.2513],[54.8306,45.2247],[54.7477,45.1943],[54.6575,45.1116],[54.5275,45.0519],[54.3402,45.0545],[54.3173,45.0851],[54.2759,45.1029],[54.1815,45.1068],[54.0821,45.0776],[54.0217,45.0243],[53.891,44.9849],[53.7584,45.0004],[53.7051,44.9879],[53.5046,44.8591],[53.5663,44.9425],[53.6475,45.003],[53.7934,45.0422],[53.9936,45.1296],[54.0902,45.2242],[54.0812,45.2808],[54.0362,45.3051],[53.979,45.3081],[53.8711,45.2539],[53.6538,45.3298],[53.5236,45.3426],[53.438,45.3205],[53.355,45.2601],[53.2305,45.2272],[52.8817,45.2395],[52.7824,45.2674],[52.7545,45.3115],[52.7042,45.3361],[52.482,45.3716],[52.3035,45.363],[52.0293,45.4581],[51.7398,45.4769],[51.5427,45.3929],[51.5042,45.3839],[51.4362,45.4053],[51.377,45.3875],[51.2534,45.2958],[51.189,45.2028],[51.1724,45.1622],[51.1815,45.0824],[51.0645,45.0353],[50.9576,44.9497],[50.9465,44.9063],[51.0064,44.8207],[51.1434,44.7271],[51.22,44.6221],[51.2329,44.5794],[51.2205,44.5526],[51.1845,44.5306],[51.1227,44.5265],[51.0795,44.5492],[51.044,44.6026],[50.9921,44.6109],[50.928,44.6593],[50.8299,44.6878],[50.6767,44.6615],[50.6093,44.6813],[50.3144,44.6993],[50.266,44.679],[50.2368,44.6418],[50.1678,44.6307],[50.1473,44.5864],[50.1677,44.5436],[50.1754,44.4076],[50.2204,44.3234],[50.2843,44.2851],[50.3942,44.2512],[50.6745,44.2237],[50.7355,44.2032],[50.7863,44.16],[50.8097,44.0764],[50.8053,44.0197],[50.8287,43.9869],[50.8878,43.9632],[50.9227,43.9303],[50.9584,43.8045],[51.0129,43.7358],[51.0188,43.6954],[51.1062,43.5924],[51.215,43.5324],[51.2514,43.3729],[51.1989,43.1884],[51.2297,43.1281],[51.3114,43.1064],[51.5165,43.1232],[51.5961,43.1446],[51.6127,43.0678],[51.7186,42.9891],[51.7714,42.8945],[51.8754,42.7855],[51.9333,42.7779],[52.1434,42.8288],[52.1809,42.8191],[52.2384,42.7526],[52.2736,42.738],[52.3335,42.7458],[52.3952,42.7855],[52.5199,42.7739],[52.4915,42.7165],[52.5157,42.6717],[52.6077,42.5863],[52.6044,42.5234],[52.5102,42.3303],[52.3967,42.2159],[52.3685,42.1624],[52.3535,42.0827],[52.4247,41.9007],[52.3774,41.7893],[52.3795,41.7496],[52.4101,41.713],[52.5203,41.657],[52.5262,41.6264],[52.4873,41.5523],[52.491,41.5155],[52.6552,41.4094],[52.7223,41.3406],[52.7842,41.1748],[52.7768,41.1044],[52.7911,41.0542],[52.8228,41.0126],[52.8767,40.9823],[52.8354,40.912],[52.8073,40.8045],[52.7709,40.7541],[52.7654,40.7111],[52.782,40.6747],[52.6893,40.5472],[52.6411,40.3837],[52.6438,40.2677],[52.6679,40.1854],[52.6908,40.1611],[52.6686,40.0657],[52.7014,39.9863],[52.8328,39.9009],[52.8566,39.8472],[52.906,39.8151],[52.9526,39.7458],[53.0157,39.7117],[53.0678,39.6508],[53.1246,39.6258],[53.1638,39.6267],[53.0795,39.5281],[53.0323,39.4457],[53.0393,39.3961],[53.0917,39.3131],[53.0945,39.2259],[53.1187,39.1823],[53.1657,39.1646],[53.2357,39.1811],[53.2625,39.2226],[53.2446,39.2872],[53.2582,39.3032],[53.2928,39.3226],[53.3563,39.3163],[53.4814,39.2718],[53.5089,39.2165],[53.548,39.1921],[53.5961,39.0967],[53.6988,39.0108],[53.8153,38.9967],[53.8629,38.9259],[53.9416,38.9071],[53.8238,38.7216],[53.765,38.5482],[53.8035,38.3454],[53.8035,38.2479],[53.7465,37.9572],[53.7485,37.8136],[53.8227,37.5075],[53.833,37.3568],[54.2446,37.32],[54.2853,37.3518],[54.3975,37.3608],[54.4909,37.4202],[54.591,37.46],[54.6438,37.4397],[54.6822,37.4428],[54.8,37.5311],[54.8184,37.6133],[54.7893,37.6202],[54.7865,37.6401],[54.8242,37.7245],[54.8575,37.758],[55.0216,37.8434],[55.0372,37.8792],[55.1242,37.9448],[55.173,37.9573],[55.2017,37.9484],[55.2268,37.979],[55.4128,38.048],[55.465,38.0943],[55.4939,38.0839],[55.8146,38.1252],[55.8781,38.0942],[55.9587,38.0926],[55.9848,38.0781],[56.1593,38.0922],[56.2051,38.0724],[56.3165,38.0788],[56.3522,38.1213],[56.3191,38.1743],[56.3303,38.1911],[56.4102,38.2527],[56.4594,38.264],[56.5475,38.2671],[56.6073,38.2343],[56.6704,38.266],[56.761,38.2812],[56.8452,38.2295],[56.9842,38.2146],[57.011,38.1888],[57.0606,38.1809],[57.1637,38.2727],[57.2422,38.2726],[57.2559,38.2287],[57.294,38.2156],[57.3015,38.1509],[57.3297,38.1397],[57.3736,38.0878],[57.3496,37.9874],[57.4406,37.9435],[57.5171,37.9193],[57.5758,37.9378],[57.7167,37.9231],[57.7613,37.8979],[57.7927,37.8996],[57.828,37.8638],[57.8893,37.8709],[58.0281,37.8059],[58.1339,37.7838],[58.1527,37.7925],[58.2087,37.7688],[58.23,37.6803],[58.3295,37.668],[58.3824,37.6305],[58.4805,37.6377],[58.5548,37.703],[58.6036,37.6864],[58.6327,37.6578],[58.7333,37.6326],[58.7507,37.6567],[58.7966,37.6461],[58.8168,37.6981],[58.8911,37.6582],[59.0516,37.6203],[59.2219,37.5153],[59.2719,37.5093],[59.3449,37.5293],[59.3876,37.4867],[59.3814,37.4498],[59.4055,37.4406],[59.38,37.4133],[59.3975,37.3178],[59.4349,37.3042],[59.4375,37.2842],[59.4836,37.2482],[59.4912,37.2287],[59.4745,37.2175],[59.5528,37.1742],[59.5516,37.1362],[59.6287,37.119],[59.6602,37.143],[59.6815,37.1405],[59.7466,37.1087],[59.769,37.1262],[59.9242,37.0429],[59.9867,37.0462],[60.0436,37.021],[60.1662,36.8498],[60.2112,36.8228],[60.2634,36.7617],[60.3518,36.6289],[60.679,36.6222],[61.1462,36.6433],[61.1846,36.5652],[61.159,36.5072],[61.1736,36.4631],[61.1601,36.4452],[61.1661,36.4204],[61.1429,36.3919],[61.1603,36.324],[61.1498,36.3194],[61.1967,36.2627],[61.1916,36.2268],[61.227,36.1755],[61.21,36.1287],[61.2295,36.1186],[61.1626,36.0331],[61.1701,35.9969],[61.1194,35.9646],[61.2333,35.9115],[61.2268,35.8931],[61.2572,35.8468],[61.2465,35.7221],[61.2158,35.6816],[61.2282,35.6528],[61.274,35.6061],[61.372,35.6238],[61.3754,35.5901],[61.4001,35.5858],[61.3856,35.568],[61.401,35.5531],[61.5878,35.437],[61.7796,35.4112],[61.9682,35.454],[62.0643,35.4344],[62.1537,35.3409],[62.2662,35.2952],[62.2911,35.2562],[62.3055,35.1291],[62.4776,35.2789],[62.525,35.2737],[62.5777,35.2207],[62.6088,35.2366],[62.6279,35.2079],[62.6549,35.2319],[62.7437,35.2518],[62.7628,35.287],[62.8532,35.3149],[62.9358,35.3808],[63.0063,35.4109],[63.0233,35.4012],[63.0151,35.4186],[63.0991,35.418],[63.1199,35.4917],[63.1117,35.5105],[63.1302,35.5432],[63.1062,35.5494],[63.0949,35.6184],[63.2486,35.6812],[63.2437,35.7018],[63.1961,35.7129],[63.19,35.7316],[63.1473,35.7551],[63.1307,35.801],[63.0997,35.8173],[63.1285,35.8504],[63.1207,35.8632],[63.3058,35.8579],[63.5354,35.9033],[63.5707,35.9514],[63.7033,35.9676],[63.9892,36.0363],[64.0685,35.9973],[64.0578,36.1022],[64.0933,36.1294],[64.1121,36.1229],[64.1698,36.163],[64.2838,36.1515],[64.3161,36.2086],[64.4452,36.2427],[64.58,36.3516],[64.6363,36.4423],[64.6181,36.636],[64.7982,36.9227],[64.7558,37.1129],[64.9903,37.2185],[65.1326,37.2461],[65.1912,37.2362],[65.2285,37.2509],[65.2681,37.2328],[65.5312,37.238],[65.643,37.3429],[65.6463,37.4419],[65.6998,37.533],[65.7587,37.5356],[65.7606,37.5508],[65.766,37.5335],[65.8396,37.4879],[65.9544,37.4726],[65.9989,37.4463],[66.0698,37.4495],[66.1121,37.4044],[66.1549,37.3991],[66.1686,37.3689],[66.2474,37.3635],[66.3162,37.3214],[66.3872,37.3282],[66.4166,37.3474],[66.5029,37.3316],[66.5747,37.3691],[66.6554,37.323],[66.6926,37.357],[66.8512,37.3535],[66.95,37.3983],[67.0111,37.3734],[67.0592,37.3725],[67.112,37.3281],[67.11,37.2899],[67.1252,37.2732],[67.2086,37.249],[67.2645,37.1827],[67.449,37.2346],[67.5001,37.2818],[67.5323,37.2702],[67.571,37.2243],[67.6127,37.2392],[67.6451,37.2229],[67.6807,37.2326],[67.787,37.1856],[67.7971,37.0807],[67.8399,37.0637],[67.8972,37.067],[67.8983,37.029],[68.0202,36.9226],[68.1215,36.9618],[68.1922,37.0231],[68.2724,37.0123],[68.2953,37.1052],[68.3992,37.1014],[68.4221,37.11],[68.408,37.1272],[68.4199,37.1433],[68.5406,37.1641],[68.6458,37.2082],[68.6569,37.2481],[68.6897,37.244],[68.6813,37.28],[68.7341,37.2685],[68.782,37.288],[68.8203,37.2438],[68.8372,37.2564],[68.809,37.2954],[68.8348,37.318],[68.913,37.268],[68.9283,37.2799],[68.9008,37.3083],[68.9046,37.3344],[68.9724,37.3201],[69.0289,37.2584],[69.0886,37.2238],[69.1168,37.1743],[69.2024,37.1348],[69.2464,37.0957],[69.3223,37.117],[69.3701,37.1645],[69.4021,37.1665],[69.4539,37.2337],[69.4278,37.2432],[69.3955,37.3549],[69.3742,37.378],[69.3781,37.4308],[69.4584,37.4965],[69.46,37.5131],[69.4932,37.5225],[69.5287,37.5884],[69.6205,37.5732],[69.747,37.5886],[69.8091,37.5677],[69.839,37.6027],[69.9119,37.6199],[69.9433,37.6062],[69.9612,37.5623],[69.997,37.5666],[70.0201,37.5473],[70.1135,37.5236],[70.1723,37.5304],[70.1793,37.5717],[70.2111,37.5665],[70.2033,37.5827],[70.2224,37.5833],[70.215,37.605],[70.2657,37.6094],[70.2616,37.6452],[70.3035,37.6939],[70.287,37.7152],[70.2971,37.7679],[70.2783,37.7819],[70.2796,37.8155],[70.186,37.8483],[70.1712,37.9302],[70.1822,37.945],[70.2125,37.921],[70.2361,37.9397],[70.2712,37.9395],[70.2621,37.9792],[70.2859,37.9696],[70.2908,37.9868],[70.3628,38.0304],[70.3649,38.055],[70.4158,38.0753],[70.4323,38.0997],[70.505,38.1219],[70.5023,38.1613],[70.5449,38.2428],[70.6046,38.282],[70.6106,38.3464],[70.6925,38.3701],[70.6754,38.4003],[70.6984,38.4202],[70.756,38.4279],[70.7706,38.4562],[70.8514,38.4388],[70.8731,38.4691],[70.9233,38.4297],[70.9541,38.4374],[70.9625,38.4555],[70.9443,38.4664],[70.9884,38.4907],[71.0313,38.4604],[71.0562,38.3984],[71.1054,38.422],[71.1082,38.4057],[71.1651,38.3863],[71.1856,38.3443],[71.2534,38.3098],[71.3287,38.3036],[71.3342,38.2703],[71.3735,38.256],[71.3666,38.223],[71.3793,38.2107],[71.3643,38.1971],[71.3763,38.1614],[71.3472,38.1467],[71.3177,38.0992],[71.307,38.0476],[71.2836,38.0418],[71.2953,38.019],[71.2698,37.9918],[71.2573,37.9229],[71.2977,37.932],[71.331,37.8854],[71.5022,37.9521],[71.5909,37.9203],[71.5956,37.8036],[71.5322,37.7648],[71.5515,37.7129],[71.526,37.6709],[71.5286,37.6355],[71.5049,37.6057],[71.4939,37.5417],[71.5265,37.4793],[71.4755,37.3868],[71.4957,37.3682],[71.4883,37.3303],[71.5069,37.3149],[71.4812,37.2387],[71.4556,37.2143],[71.4635,37.1898],[71.4453,37.17],[71.4447,37.1002],[71.4288,37.0723],[71.4625,37.0232],[71.4649,36.9569],[71.5424,36.8457],[71.5709,36.7525],[71.634,36.691],[71.6756,36.6723],[71.8436,36.6806],[72.0185,36.8109],[72.1123,36.847],[72.209,36.9247],[72.3337,36.984],[72.4337,37.0062],[72.52,36.9981],[72.6186,37.0278],[72.6675,37.022],[72.7754,37.1935],[72.8153,37.2312],[72.857,37.2289],[72.9533,37.291],[73.087,37.3221],[73.1557,37.4064],[73.2098,37.4041],[73.3086,37.4637],[73.3625,37.4622],[73.3764,37.4445],[73.4369,37.4706],[73.5137,37.4744],[73.6404,37.4335],[73.7759,37.4401],[73.7746,37.3392],[73.7051,37.3068],[73.6542,37.3131],[73.651,37.2843],[73.6171,37.2705],[73.6539,37.2367],[73.6873,37.2539],[73.7585,37.2218],[73.7813,37.239],[73.8288,37.2267],[73.852,37.2576],[73.9073,37.2826],[73.9531,37.2749],[73.9645,37.2986],[74.015,37.2909],[74.0259,37.3065],[74.0623,37.3103],[74.0668,37.3262],[74.1,37.3179],[74.1541,37.3412],[74.1973,37.3352],[74.2518,37.374],[74.2296,37.3947],[74.2423,37.415],[74.3164,37.3987],[74.3751,37.424],[74.3902,37.3967],[74.4179,37.3886],[74.4396,37.4162],[74.4676,37.4066],[74.4658,37.4264],[74.4944,37.396],[74.5282,37.4088],[74.554,37.3993],[74.5661,37.3723],[74.6376,37.3758],[74.6892,37.4058],[74.7061,37.384],[74.8039,37.355],[74.8768,37.2749],[74.8899,37.2341],[74.9172,37.2432],[74.9105,37.275],[74.952,37.2921],[74.9838,37.2861],[75.1264,37.3182],[75.1019,37.3747],[75.1527,37.4081],[75.1262,37.4612],[75.0619,37.5255],[75.0373,37.5034],[74.9326,37.5677],[74.933,37.6058],[74.9026,37.6472],[74.9018,37.6774],[74.9321,37.6906],[74.9363,37.7176],[75.0099,37.7774],[74.9898,37.8028],[74.9244,37.8291],[74.9151,37.8588],[74.9375,37.8805],[74.9133,37.9083],[74.9116,38.0279],[74.8751,38.0243],[74.8543,38.0664],[74.8203,38.0853],[74.8185,38.1281],[74.7972,38.155],[74.8014,38.1984],[74.7067,38.2133],[74.699,38.2284],[74.704,38.2944],[74.6663,38.3767],[74.6954,38.4207],[74.6876,38.4297],[74.6452,38.4507],[74.5063,38.4714],[74.277,38.599],[74.121,38.6412],[74.1157,38.6109],[74.0759,38.6026],[74.0661,38.5723],[74.0875,38.5501],[74.0785,38.5325],[74.0364,38.5426],[73.9941,38.5228],[73.9451,38.5366],[73.8936,38.584],[73.8605,38.5785],[73.8015,38.6138],[73.8053,38.6618],[73.7442,38.7346],[73.7648,38.7825],[73.7305,38.8417],[73.6946,38.8529],[73.7153,38.9042],[73.7542,38.9409],[73.8329,38.9201],[73.8513,38.9593],[73.8432,38.9956],[73.8032,39.0419],[73.7425,39.0312],[73.7332,39.062],[73.7122,39.0745],[73.7065,39.1308],[73.6618,39.165],[73.634,39.2261],[73.6106,39.2473],[73.5778,39.2413],[73.563,39.2713],[73.5393,39.2771],[73.5549,39.2951],[73.5275,39.3109],[73.5661,39.3459],[73.4997,39.3817],[73.5901,39.4112],[73.5951,39.4531],[73.6205,39.4689],[73.7321,39.4613],[73.8731,39.4828],[73.8788,39.5422],[73.9141,39.5634],[73.9141,39.5843],[73.9487,39.604],[73.9483,39.6235],[73.9176,39.7237],[73.8976,39.7464],[73.8411,39.7546],[73.8346,39.7851],[73.8479,39.834],[73.9082,39.8693],[73.9196,39.8981],[73.9089,39.9228],[73.9725,40.0009],[73.9358,40.0309],[73.9953,40.0457],[74.0378,40.0973],[74.0745,40.08],[74.104,40.0866],[74.1231,40.1112],[74.202,40.1239],[74.2625,40.1297],[74.2786,40.1043],[74.307,40.1134],[74.3446,40.0935],[74.4519,40.156],[74.4957,40.2021],[74.5255,40.209],[74.5884,40.2792],[74.6605,40.2729],[74.678,40.285],[74.701,40.3305],[74.6916,40.3489],[74.7994,40.3516],[74.8558,40.325],[74.8958,40.3389],[74.9011,40.3552],[74.788,40.4533],[74.8083,40.4576],[74.8343,40.5172],[74.8865,40.5072],[74.9842,40.453],[75.0138,40.4643],[75.0895,40.4353],[75.1349,40.4597],[75.2299,40.4468],[75.2586,40.4765],[75.2979,40.489],[75.3274,40.5288],[75.4169,40.557],[75.468,40.6053],[75.5851,40.6623],[75.6273,40.6245],[75.6226,40.5539],[75.6463,40.5059],[75.6856,40.4994],[75.7209,40.4683],[75.6796,40.4169],[75.6633,40.3684],[75.6983,40.2812],[75.8258,40.3277],[75.9222,40.2942],[75.9245,40.3314],[75.9738,40.3805],[76.0443,40.355],[76.0369,40.3774],[76.0505,40.3897],[76.1314,40.3972],[76.1778,40.3795],[76.2688,40.4328],[76.3226,40.3907],[76.3337,40.3423],[76.3647,40.3836],[76.4419,40.391],[76.5357,40.4631],[76.5336,40.5119],[76.5538,40.5473],[76.608,40.6054],[76.6531,40.625],[76.6496,40.6546],[76.6718,40.6967],[76.6404,40.7472],[76.7214,40.8161],[76.7392,40.8834],[76.7304,40.9003],[76.754,40.9519],[76.8502,40.9754],[76.8482,40.9955],[76.8776,41.0272],[76.924,41.0248],[77.0014,41.0708],[77.0169,41.0577],[77.0784,41.0623],[77.1174,41.0273],[77.1661,41.0123],[77.2253,41.0289],[77.2825,41.0024],[77.3706,41.0403],[77.4732,41.0179],[77.4774,40.996],[77.6846,41.0033],[77.7305,41.0284],[77.7617,41.016],[77.8237,41.0573],[77.8019,41.1104],[77.8393,41.1543],[77.901,41.1832],[77.9728,41.1816],[78.1252,41.2326],[78.1381,41.3137],[78.157,41.3389],[78.1459,41.3676],[78.1605,41.3836],[78.2388,41.4004],[78.3163,41.3828],[78.3799,41.3921],[78.3983,41.4131],[78.5234,41.4396],[78.5683,41.4804],[78.6412,41.4707],[78.6955,41.5163],[78.7096,41.5502],[78.8183,41.5624],[78.8629,41.5972],[78.883,41.5952],[78.9288,41.6418],[79.0154,41.6571],[79.1272,41.7229],[79.2126,41.7255],[79.3203,41.8087],[79.3468,41.7936],[79.4139,41.841],[79.4576,41.8483],[79.5659,41.8426],[79.6141,41.8606],[79.6415,41.8935],[79.7702,41.8924],[79.8012,41.9195],[79.8172,41.9641],[79.8522,41.9857],[79.8492,42.017],[79.8847,42.0351],[80.0464,42.0481],[80.138,42.0304],[80.2094,42.0423],[80.2221,42.0686],[80.1686,42.0979],[80.1408,42.1542],[80.1638,42.1556],[80.171,42.2059],[80.1952,42.2277],[80.267,42.2249],[80.2846,42.2381],[80.2868,42.2667],[80.26,42.2957],[80.2808,42.3163],[80.2301,42.3531],[80.2331,42.4027],[80.2053,42.4281],[80.2218,42.482],[80.27,42.5073],[80.2162,42.5387],[80.1804,42.5867],[80.163,42.633],[80.1765,42.6709],[80.2223,42.6927],[80.2766,42.8378],[80.408,42.8305],[80.4235,42.855],[80.5967,42.8923],[80.592,42.9109],[80.5567,42.9307],[80.4873,42.9445],[80.3908,42.9997],[80.3771,43.0297],[80.3905,43.051],[80.5468,43.0974],[80.591,43.1386],[80.6575,43.1499],[80.7181,43.134],[80.7825,43.1387],[80.8037,43.1748],[80.7651,43.267],[80.7786,43.3062],[80.698,43.3162],[80.6831,43.3304],[80.7351,43.3937],[80.751,43.469],[80.5228,43.8219],[80.5091,43.9054],[80.4717,43.9368],[80.4799,43.9551],[80.4568,43.9745],[80.4419,44.0761],[80.3962,44.1101],[80.4034,44.2907],[80.349,44.4764],[80.4056,44.615],[80.3197,44.6989],[80.1944,44.7489],[80.1736,44.7932],[80.1834,44.8235],[80.1665,44.8377],[80.1098,44.8098],[79.997,44.7913],[79.9952,44.8236],[79.9468,44.8493],[79.9598,44.8753],[79.8947,44.8957],[79.8874,44.9151],[80.013,44.9802],[80.0608,45.0285],[80.0995,45.0464],[80.128,45.0393],[80.1392,45.0572],[80.2109,45.0248],[80.321,45.0698],[80.3401,45.045],[80.3809,45.04],[80.4889,45.1265],[80.5151,45.1056],[80.5997,45.1044],[80.6941,45.1327],[80.7198,45.1487],[80.7111,45.1702],[80.7716,45.1449],[80.8985,45.1258],[80.9569,45.1676],[80.9966,45.1583],[81.0671,45.1726],[81.1066,45.1994],[81.1036,45.2198],[81.1598,45.2055],[81.1948,45.2345],[81.379,45.256],[81.421,45.2836],[81.4546,45.2634],[81.5221,45.2852],[81.5305,45.304],[81.5743,45.3088],[81.574,45.3268],[81.6324,45.3566],[81.7175,45.3607],[81.7719,45.3822],[81.922,45.2289],[82.008,45.2337],[82.0443,45.2542],[82.0847,45.2466],[82.0819,45.2252],[82.1073,45.2024],[82.2771,45.242],[82.3348,45.2089],[82.4719,45.1774],[82.5697,45.21],[82.5877,45.3447],[82.5428,45.421],[82.28,45.5351],[82.2588,45.6165],[82.2827,45.6494],[82.2881,45.7088],[82.3419,45.7924],[82.3351,45.9339],[82.3757,45.9641],[82.4561,45.9772],[82.5119,46.1546],[82.7216,46.485],[82.8218,46.7624],[82.8685,46.7991],[82.9376,47.0126],[82.993,47.0652],[83.0306,47.2219],[83.1476,47.2345],[83.1992,47.2169],[83.2393,47.1792],[83.3562,47.1768],[83.4137,47.1205],[83.4704,47.1281],[83.4631,47.1213],[83.5038,47.1092],[83.525,47.0852],[83.5653,47.0751],[83.566,47.0563],[83.6945,47.0357],[83.7071,47.0175],[83.7462,47.0328],[83.7851,47.0236],[83.9112,46.9743],[83.9931,46.993],[84.053,46.9687],[84.1185,46.9677],[84.2021,47.0018],[84.3827,46.9965],[84.436,47.009],[84.5049,46.9771],[84.5723,46.9982],[84.7592,47.0047],[84.7837,46.9734],[84.8601,46.9451],[84.8782,46.9112],[84.9439,46.863],[84.9733,46.8722],[84.9897,46.9188],[85.0724,46.9298],[85.0786,46.9551],[85.1728,46.9905],[85.2236,47.0523],[85.2644,47.051],[85.2729,47.0663],[85.327,47.0442],[85.4634,47.0619],[85.536,47.0503],[85.5481,47.1061],[85.682,47.2226],[85.6977,47.2864],[85.6727,47.3179],[85.7012,47.3759],[85.6828,47.4305],[85.6087,47.5084],[85.548,47.9781],[85.5298,48.0245],[85.5492,48.1263],[85.5834,48.1896],[85.6216,48.2027],[85.6621,48.2477],[85.7171,48.3635],[85.7833,48.4142],[85.9148,48.4362],[86.2346,48.433],[86.3087,48.4897],[86.375,48.5014],[86.405,48.4789],[86.5895,48.5445],[86.5943,48.5739],[86.635,48.6265],[86.6855,48.639],[86.7054,48.6725],[86.773,48.7222],[86.7513,48.779],[86.8188,48.8475],[86.7432,48.9116],[86.7287,48.9893],[86.7663,49.0256],[86.8475,49.0653],[86.8423,49.0953],[86.8793,49.1287],[86.9993,49.1427],[87.081,49.1309],[87.1035,49.1501],[87.15,49.1508],[87.1992,49.1432],[87.229,49.1149],[87.2814,49.1171],[87.4367,49.071],[87.5034,49.0938],[87.4917,49.1383],[87.662,49.1517],[87.695,49.1757],[87.9884,49.183],[88.0588,49.2594],[88.0998,49.2551],[88.1701,49.2958],[88.1565,49.3355],[88.1667,49.3505],[88.1198,49.3878],[88.1788,49.4138],[88.171,49.4513],[88.2286,49.4785],[88.3035,49.4726],[88.3312,49.4935],[88.4059,49.4946],[88.445,49.4726],[88.4949,49.4719],[88.5909,49.5012],[88.6836,49.4622],[88.8022,49.4604],[88.8429,49.4416],[88.8628,49.4595],[88.8534,49.4667],[88.8786,49.4755],[88.8653,49.489],[88.8746,49.5445],[88.9001,49.559],[88.9254,49.5447],[88.9708,49.4657],[89.1476,49.5021],[89.2327,49.5537],[89.1903,49.5887],[89.1888,49.6325],[89.2506,49.6423],[89.36,49.5844],[89.391,49.5953],[89.3846,49.6062],[89.4053,49.6211],[89.4274,49.6194],[89.4561,49.6623],[89.6074,49.686],[89.7192,49.7283],[89.706,49.7908],[89.6735,49.7835],[89.6245,49.8064],[89.6476,49.8226],[89.6432,49.8434],[89.6136,49.8616],[89.631,49.8959],[89.5979,49.9115],[89.706,49.9439],[89.9748,49.9713],[90.0307,50.0078],[90.0023,50.0542],[90.1652,50.1082],[90.2852,50.1109],[90.3889,50.1926],[90.4528,50.1971],[90.5041,50.2351],[90.5807,50.2439],[90.6182,50.224],[90.6815,50.2192],[90.7308,50.2434],[90.708,50.3093],[90.7726,50.3377],[90.79,50.3272],[90.8293,50.3569],[90.9056,50.3482],[90.903,50.4084],[90.9208,50.4185],[91.0876,50.4359],[91.16,50.4201],[91.2933,50.4696],[91.4094,50.4506],[91.4069,50.4802],[91.459,50.5084],[91.4549,50.5485],[91.5247,50.562],[91.5421,50.5815],[91.6417,50.5858],[91.6611,50.6401],[91.7233,50.6975],[91.8551,50.7338],[92.0679,50.6972],[92.2667,50.7287],[92.3169,50.7558],[92.3024,50.8053],[92.3271,50.8242],[92.3129,50.8767],[92.3692,50.8818],[92.4055,50.8562],[92.4321,50.8032],[92.4768,50.7863],[92.5615,50.7993],[92.6002,50.7851],[92.616,50.7702],[92.6036,50.7233],[92.6467,50.7045],[92.754,50.7275],[92.7566,50.7759],[92.7877,50.8056],[92.9985,50.7922],[93.0296,50.7558],[93.0229,50.7162],[92.9783,50.6664],[93.0498,50.6011],[93.1035,50.5878],[93.225,50.5898],[93.3975,50.6345],[93.5354,50.6016],[93.636,50.6071],[93.7034,50.5862],[93.8562,50.6011],[93.941,50.5899],[93.9944,50.6048],[94.254,50.5833],[94.2803,50.5733],[94.3047,50.5259],[94.3402,50.5026],[94.3939,50.2111],[94.5167,50.1759],[94.5363,50.1268],[94.5973,50.0757],[94.6109,50.0373],[94.7607,50.0549],[94.9941,50.0464],[95.0165,49.9805],[95.0816,49.9629],[95.4259,49.9576],[95.5294,49.8986],[95.5715,49.9423],[95.6628,49.9629],[95.7932,49.964],[95.7636,49.9975],[95.7653,50.0171],[95.8633,50.0432],[95.9157,50.0217],[95.9097,50.0024],[95.9723,49.9714],[96.0238,50.0048],[96.0684,50.0118],[96.1054,49.99],[96.2546,49.9782],[96.3345,49.944],[96.3473,49.9072],[96.4171,49.8769],[96.531,49.9438],[96.5594,49.936],[96.6031,49.8737],[96.7145,49.9259],[96.7409,49.9076],[96.991,49.8933],[97.0146,49.8318],[97.1171,49.8201],[97.1288,49.8153],[97.1228,49.795],[97.2293,49.7436],[97.3352,49.7578],[97.3573,49.7814],[97.4149,49.78],[97.4967,49.8064],[97.5806,49.8584],[97.5791,49.9117],[97.5548,49.9226],[97.5716,49.9408],[97.7045,49.9639],[97.758,49.997],[97.7804,49.9936],[97.7925,49.9587],[97.8266,49.9283],[97.8701,49.918],[97.8866,49.9235],[97.8674,49.972],[97.9342,49.9781],[97.9821,50.0189],[98.0641,50.034],[98.0624,50.0619],[98.1204,50.1002],[98.11,50.1313],[98.1547,50.1363],[98.1823,50.1581],[98.1701,50.1997],[98.2286,50.2377],[98.266,50.3069],[98.3034,50.321],[98.2739,50.4093],[98.3273,50.4787],[98.2687,50.5402],[98.1,50.5969],[98.008,50.6692],[98.0245,50.6885],[97.9974,50.6989],[97.9708,50.7499],[97.9786,50.7841],[97.9497,50.8081],[98.0333,50.8647],[97.887,50.9301],[97.8504,50.9947],[97.8246,51.0098],[97.864,51.0455],[97.8991,51.1494],[97.9175,51.155],[97.9393,51.202],[97.9396,51.254],[97.9645,51.292],[97.9535,51.3342],[98.0169,51.3895],[98.0501,51.4502],[98.126,51.4713],[98.2241,51.4567],[98.2574,51.5296],[98.237,51.5449],[98.2451,51.5771],[98.2204,51.587],[98.2748,51.6161],[98.3271,51.6919],[98.3559,51.7011],[98.354,51.7315],[98.4523,51.7366],[98.5328,51.7981],[98.6038,51.7937],[98.7672,51.8735],[98.7799,51.9418],[98.809,51.9581],[98.8065,52.0255],[98.8413,52.0588],[98.8542,52.129],[98.9111,52.1496],[98.9692,52.1426],[98.9986,52.0847],[99.0302,52.067],[99.0717,52.0695],[99.1207,52.0281],[99.1692,52.0346],[99.2795,52.0165],[99.2692,51.9702],[99.3602,51.9406],[99.401,51.9659],[99.4705,51.9494],[99.5454,51.961],[99.54,51.9523],[99.5937,51.9259],[99.6127,51.885],[99.665,51.9044],[99.6859,51.8887],[99.7952,51.915],[99.8225,51.8884],[99.826,51.8399],[99.8465,51.8355],[99.8308,51.8068],[99.8685,51.7993],[99.8632,51.7862],[99.9085,51.74],[99.9779,51.7537],[100.0614,51.7327],[100.1387,51.7593],[100.2806,51.7375],[100.4104,51.7478],[100.4103,51.73],[100.436,51.73],[100.5289,51.7501],[100.5316,51.738],[100.5826,51.7407],[100.5974,51.7186],[100.6562,51.7268],[100.6685,51.7067],[100.6929,51.7102],[100.7345,51.6797],[100.8485,51.6485],[100.9223,51.6095],[100.9902,51.6128],[101.0223,51.5872],[101.0174,51.5703],[101.0762,51.5623],[101.1017,51.5905],[101.1433,51.5201],[101.2563,51.5441],[101.2842,51.5081],[101.3382,51.4907],[101.3757,51.4553],[101.429,51.4564],[101.4588,51.4707],[101.4596,51.4912],[101.5357,51.4999],[101.6223,51.4692],[101.6205,51.4433],[101.7491,51.4553],[101.8937,51.4012],[101.9519,51.4137],[101.9744,51.3917],[102.0152,51.3948],[102.1243,51.3616],[102.1819,51.2963],[102.1474,51.2804],[102.1198,51.2887],[102.1053,51.2477],[102.143,51.2204],[102.1336,51.2016],[102.1663,51.1787],[102.1414,51.1755],[102.1233,51.1391],[102.1452,51.0968],[102.1694,51.0967],[102.1501,51.0612],[102.1976,51.0393],[102.243,50.9749],[102.2138,50.9538],[102.243,50.9099],[102.212,50.8758],[102.2103,50.8199],[102.295,50.7797],[102.3403,50.7325],[102.3059,50.7021],[102.3058,50.6803],[102.3842,50.663],[102.3999,50.6416],[102.4459,50.6457],[102.4469,50.6195],[102.4696,50.601],[102.5298,50.5924],[102.5539,50.556],[102.5412,50.5334],[102.6065,50.5075],[102.6477,50.4022],[102.6981,50.3942],[102.7269,50.4081],[102.8477,50.332],[102.8988,50.3291],[102.9332,50.3074],[103.0861,50.3187],[103.1429,50.3067],[103.1966,50.3331],[103.2381,50.3219],[103.2764,50.2849],[103.2498,50.2494],[103.276,50.2262],[103.2563,50.1929],[103.4641,50.2064],[103.5182,50.1964],[103.5572,50.1627],[103.5946,50.1668],[103.6099,50.1493],[103.7097,50.1275],[103.7513,50.1638],[103.7977,50.1544],[103.8196,50.1654],[103.8466,50.1976],[103.8833,50.1786],[103.9436,50.1814],[103.9986,50.1503],[104.1322,50.1397],[104.275,50.1997],[104.3001,50.2432],[104.3369,50.2433],[104.3633,50.2632],[104.3919,50.3116],[104.6227,50.3165],[104.6992,50.3672],[104.762,50.3405],[104.8117,50.341],[104.8686,50.371],[104.8898,50.4078],[105.0081,50.3869],[105.1362,50.3948],[105.264,50.4435],[105.2776,50.4661],[105.3587,50.4769],[105.4435,50.4421],[105.5214,50.4575],[105.6288,50.4274],[105.8442,50.4404],[105.8991,50.4126],[106.0574,50.4045],[106.0747,50.3896],[106.0806,50.3354],[106.183,50.3397],[106.2612,50.2981],[106.4687,50.3181],[106.5246,50.3441],[106.5916,50.3385],[106.8157,50.2982],[107.0125,50.1991],[106.9979,50.1854],[107.0023,50.1631],[107.0537,50.0913],[107.0753,50.0895],[107.078,50.0631],[107.1507,50.0439],[107.1558,50.0245],[107.2159,49.9991],[107.2667,49.9897],[107.3226,50.0032],[107.4253,49.9725],[107.5448,49.9857],[107.585,49.971],[107.6821,49.9731],[107.7066,49.988],[107.8035,49.9328],[107.8359,49.9612],[107.8485,49.9389],[107.9745,49.937],[107.9202,49.8681],[107.9439,49.8469],[107.9329,49.8256],[107.9816,49.8028],[107.9485,49.7848],[107.9694,49.7402],[107.9339,49.7042],[107.9446,49.6752],[107.9753,49.6555],[108.023,49.6734],[108.0275,49.6223],[108.1611,49.5618],[108.2936,49.5416],[108.3036,49.5103],[108.3456,49.4735],[108.3533,49.4333],[108.4258,49.4135],[108.431,49.3721],[108.5175,49.3227],[108.6608,49.3464],[108.8137,49.3431],[108.8488,49.3266],[108.9416,49.3462],[109.0581,49.3232],[109.1946,49.3523],[109.3455,49.3249],[109.4222,49.2944],[109.4325,49.2729],[109.4711,49.269],[109.4996,49.2362],[109.5701,49.22],[109.7581,49.2204],[110.0924,49.1831],[110.1998,49.1542],[110.3281,49.1991],[110.3905,49.2515],[110.4721,49.2034],[110.7083,49.1701],[110.9263,49.21],[111.2768,49.3104],[111.3748,49.3577],[111.5148,49.323],[111.689,49.3842],[111.9575,49.3823],[112.1946,49.4466],[112.2783,49.4844],[112.4741,49.5225],[112.6889,49.5041],[112.7226,49.52],[112.7553,49.5096],[112.8234,49.5193],[112.9433,49.583],[113.0269,49.5978],[113.0598,49.6241],[113.1283,49.7335],[113.1597,49.7536],[113.1623,49.7805],[113.2184,49.8371],[113.4739,49.9354],[113.493,49.9744],[113.6361,49.991],[113.7341,50.0706],[113.8958,50.1116],[114.1784,50.243],[114.3388,50.2827],[114.4677,50.2335],[114.6535,50.2472],[114.8567,50.217],[115.0075,50.1639],[115.0793,50.0833],[115.2239,49.9884],[115.3313,49.947],[115.5067,49.9071],[115.7445,49.8876],[116.0727,50.0137],[116.233,50.0359],[116.3982,49.9809],[116.6216,49.9311],[116.7068,49.8519],[117.0614,49.6856],[117.2733,49.6308],[117.4716,49.6264],[117.7929,49.5202],[117.8278,49.541],[117.8681,49.5083],[117.8909,49.5936],[117.942,49.594],[117.9827,49.6214],[118.0716,49.6132],[118.1095,49.6643],[118.1642,49.6586],[118.2347,49.7309],[118.3762,49.7823],[118.3907,49.7998],[118.3867,49.8275],[118.4722,49.8277],[118.4855,49.8394],[118.4783,49.8642],[118.5514,49.903],[118.5657,49.9295],[118.6036,49.9268],[118.6102,49.9451],[118.6391,49.9358],[118.647,49.9479],[118.8268,49.9597],[118.9439,49.99],[119.0855,49.9857],[119.1696,50.0401],[119.1808,50.0855],[119.2222,50.0738],[119.2796,50.1087],[119.3071,50.16],[119.349,50.1922],[119.3117,50.2143],[119.3391,50.2534],[119.3236,50.2755],[119.378,50.3196],[119.3501,50.3261],[119.364,50.3401],[119.351,50.3532],[119.301,50.3558],[119.2983,50.3447],[119.2721,50.3634],[119.2468,50.3417],[119.214,50.3625],[119.1802,50.3462],[119.1514,50.3581],[119.1667,50.3717],[119.1449,50.3881],[119.1815,50.4224],[119.2059,50.4092],[119.2568,50.4686],[119.2523,50.4899],[119.2273,50.498],[119.2556,50.5099],[119.275,50.5522],[119.2614,50.5677],[119.2864,50.5713],[119.2748,50.5984],[119.3265,50.6236],[119.3243,50.6365],[119.3517,50.6299],[119.3833,50.6596],[119.3713,50.6774],[119.4231,50.6829],[119.4896,50.7446],[119.4958,50.7845],[119.5096,50.7886],[119.4879,50.8436],[119.5082,50.841],[119.5263,50.8801],[119.5151,50.9046],[119.557,50.9291],[119.5918,50.984],[119.6875,51.0291],[119.699,51.0179],[119.6999,51.0427],[119.7218,51.0604],[119.7122,51.0678],[119.7575,51.0961],[119.7443,51.1121],[119.7696,51.1327],[119.7753,51.1532],[119.7591,51.158],[119.7813,51.172],[119.7525,51.2127],[119.7781,51.2245],[119.8132,51.2129],[119.7912,51.242],[119.8203,51.2625],[119.8039,51.2803],[119.8746,51.2969],[119.8783,51.3375],[119.9331,51.3542],[119.9392,51.3633],[119.9021,51.3847],[119.9609,51.3975],[119.9683,51.4352],[119.9953,51.4578],[119.9778,51.5019],[120.0441,51.5557],[120.0359,51.5954],[120.0516,51.6323],[120.0953,51.649],[120.0872,51.6807],[120.1667,51.6781],[120.2935,51.7572],[120.3047,51.781],[120.3558,51.7874],[120.3683,51.8063],[120.397,51.8114],[120.394,51.832],[120.4698,51.8515],[120.4697,51.8825],[120.5306,51.8775],[120.5505,51.9122],[120.6476,51.9227],[120.6542,51.9548],[120.7096,52.0048],[120.68,52.0315],[120.6852,52.0466],[120.7465,52.0836],[120.7365,52.0888],[120.7635,52.1177],[120.7565,52.1422],[120.7795,52.1585],[120.7415,52.2022],[120.7516,52.2554],[120.7108,52.2589],[120.6968,52.2827],[120.631,52.3122],[120.6142,52.3535],[120.6476,52.3696],[120.651,52.3968],[120.6836,52.4289],[120.6766,52.4659],[120.6984,52.4881],[120.6815,52.5058],[120.7271,52.5362],[120.7162,52.5486],[120.6769,52.5482],[120.459,52.6435],[120.3909,52.6152],[120.282,52.6221],[120.1846,52.577],[120.062,52.5861],[120.0268,52.6355],[120.0601,52.6986],[120.0244,52.7728],[120.0859,52.7838],[120.1374,52.8127],[120.1792,52.8081],[120.2115,52.8394],[120.2808,52.861],[120.2872,52.8882],[120.3426,52.9043],[120.3529,52.9375],[120.4059,52.9581],[120.4369,53.0024],[120.5199,53.0428],[120.5553,53.0805],[120.6374,53.1057],[120.7249,53.2003],[120.8263,53.2375],[120.8332,53.2476],[120.8126,53.2664],[120.875,53.2927],[121.0416,53.2876],[121.0875,53.3053],[121.1218,53.2752],[121.2265,53.2792],[121.299,53.2988],[121.3196,53.3202],[121.4502,53.323],[121.871,53.4263],[122.0828,53.4215],[122.1592,53.4691],[122.2436,53.4637],[122.3251,53.5011],[122.4297,53.4432],[122.5961,53.4639],[122.893,53.4615],[123.06,53.5067],[123.1373,53.4981],[123.223,53.5496],[123.2712,53.5608],[123.4484,53.5341],[123.4811,53.4961],[123.5028,53.5052],[123.4839,53.5412],[123.5166,53.5567],[123.5504,53.5401],[123.527,53.5116],[123.5392,53.495],[123.563,53.504],[123.5924,53.5491],[123.6644,53.5226],[123.6956,53.4934],[123.8794,53.4807],[123.9783,53.4298],[124.0081,53.3976],[124.0614,53.3988],[124.0724,53.3654],[124.1056,53.3492],[124.2438,53.3747],[124.3123,53.3341],[124.3619,53.2592],[124.4116,53.2417],[124.4316,53.2167],[124.7076,53.1927],[124.7117,53.1514],[124.8239,53.1431],[124.8486,53.1057],[124.8725,53.097],[124.8935,53.1013],[124.8996,53.1216],[124.8805,53.1655],[124.9685,53.1944],[125.152,53.2038],[125.2044,53.1932],[125.3023,53.1459],[125.4947,53.0948],[125.5024,53.052],[125.6052,53.0816],[125.6727,53.0073],[125.7341,52.9914],[125.7277,52.944],[125.6565,52.916],[125.6655,52.8612],[125.7667,52.8967],[125.8295,52.8954],[125.8464,52.8896],[125.8625,52.849],[125.9092,52.8186],[125.9377,52.7642],[125.978,52.757],[126.0292,52.7975],[126.105,52.7702],[126.1011,52.7548],[126.0373,52.7346],[126.061,52.7038],[126.058,52.6777],[125.9706,52.6632],[125.9614,52.6395],[125.9728,52.6086],[126.027,52.5739],[126.0678,52.6032],[126.1921,52.5378],[126.1901,52.4653],[126.2545,52.4751],[126.34,52.3959],[126.3405,52.3549],[126.3111,52.3288],[126.3348,52.3033],[126.4341,52.2861],[126.3462,52.2624],[126.2968,52.2245],[126.3004,52.2062],[126.5542,52.1303],[126.5148,52.0372],[126.4383,52.0255],[126.4619,51.9779],[126.4566,51.9441],[126.5018,51.9221],[126.6177,51.7744],[126.6574,51.7583],[126.6709,51.7272],[126.7238,51.717],[126.7128,51.6819],[126.7317,51.6572],[126.7295,51.6306],[126.6695,51.5987],[126.7087,51.5686],[126.8386,51.5285],[126.7803,51.4526],[126.7813,51.4351],[126.8323,51.4127],[126.8961,51.4082],[126.9147,51.3902],[126.9238,51.3628],[126.9075,51.3434],[126.8417,51.3443],[126.8137,51.3295],[126.8115,51.2891],[126.8252,51.2721],[126.8608,51.2456],[126.8999,51.2449],[126.9128,51.2541],[126.9032,51.2816],[126.8676,51.3093],[126.9454,51.3335],[126.9727,51.3281],[126.9742,51.3002],[126.8942,51.2033],[126.9177,51.057],[126.9858,51.0211],[127.0463,50.9606],[127.1062,50.9369],[127.2331,50.7739],[127.3002,50.7453],[127.281,50.7073],[127.2871,50.6651],[127.367,50.574],[127.354,50.5419],[127.3108,50.5239],[127.2915,50.4779],[127.2922,50.4568],[127.3627,50.4344],[127.3638,50.4048],[127.3253,50.3351],[127.3807,50.2851],[127.6015,50.2375],[127.6033,50.1809],[127.5016,50.0594],[127.4889,50.0127],[127.499,49.9719],[127.5412,49.9337],[127.5234,49.858],[127.5409,49.801],[127.6617,49.7716],[127.6872,49.667],[127.7814,49.6222],[127.8093,49.5861],[127.8611,49.572],[127.959,49.5964],[128.0345,49.5556],[128.1695,49.5361],[128.25,49.5649],[128.3296,49.5402],[128.3574,49.5517],[128.3697,49.5853],[128.3934,49.5902],[128.5529,49.602],[128.7174,49.5623],[128.7304,49.591],[128.7482,49.5942],[128.8013,49.5718],[128.8022,49.5503],[128.7472,49.5131],[128.7432,49.4831],[128.7933,49.4718],[128.8603,49.4896],[128.9416,49.4576],[128.9837,49.4569],[129.0269,49.4259],[129.0734,49.3536],[129.1262,49.3505],[129.1746,49.3885],[129.226,49.3995],[129.3521,49.3517],[129.3774,49.3666],[129.3651,49.4023],[129.38,49.4294],[129.4303,49.4416],[129.4932,49.4264],[129.5366,49.398],[129.5593,49.2895],[129.6,49.2758],[129.6658,49.295],[129.7105,49.2911],[129.7444,49.2644],[129.7646,49.1865],[129.8424,49.1771],[129.86,49.1588],[129.849,49.1151],[129.9223,49.0943],[129.9138,49.0425],[130.0126,49.0128],[130.0506,48.9721],[130.1643,48.9174],[130.2243,48.8652],[130.2653,48.862],[130.4211,48.9039],[130.4647,48.9003],[130.5118,48.8543],[130.6096,48.8793],[130.6693,48.8771],[130.6812,48.8524],[130.6157,48.7884],[130.5215,48.6199],[130.5942,48.5903],[130.618,48.4924],[130.7251,48.5131],[130.7582,48.4973],[130.7321,48.4303],[130.7663,48.3585],[130.8096,48.3439],[130.8356,48.3017],[130.797,48.2585],[130.7649,48.2474],[130.7468,48.1812],[130.6673,48.1317],[130.6562,48.0953],[130.676,48.0814],[130.6817,48.0472],[130.7238,48.0321],[130.8805,47.9178],[130.9498,47.8255],[130.9675,47.7086],[131.0895,47.6832],[131.1751,47.6953],[131.2546,47.7348],[131.366,47.7267],[131.4527,47.7431],[131.5475,47.7266],[131.5522,47.6825],[131.5944,47.6565],[131.622,47.6569],[131.6767,47.7014],[131.7101,47.7085],[131.8122,47.6672],[131.9003,47.69],[131.9521,47.6624],[131.9828,47.6698],[131.9995,47.7112],[132.0755,47.698],[132.2528,47.7081],[132.3092,47.7568],[132.5487,47.7143],[132.6037,47.7421],[132.5901,47.7716],[132.5987,47.8103],[132.6805,47.8721],[132.6521,47.9356],[132.6662,47.9559],[132.7192,47.9619],[132.7805,47.9251],[132.8158,47.935],[132.8631,47.9917],[133.0078,48.0405],[133.03,48.0821],[133.0653,48.1072],[133.2867,48.0928],[133.3915,48.1236],[133.4645,48.1091],[133.5432,48.1266],[133.5655,48.1374],[133.5934,48.1983],[133.7116,48.1874],[133.7464,48.2568],[133.9861,48.3013],[134.034,48.3451],[134.1232,48.3319],[134.1883,48.3837],[134.3976,48.3863],[134.5222,48.3471],[134.5669,48.3718],[134.584,48.3359],[134.6305,48.2975],[134.723,48.2746],[134.6821,48.2628],[134.6679,48.2401],[134.6693,48.157],[134.6277,48.0968],[134.5467,48.0348],[134.546,47.9815],[134.5928,47.9477],[134.607,47.9015],[134.6698,47.8817],[134.6706,47.8174],[134.7609,47.7635],[134.7704,47.7151],[134.6816,47.6362],[134.6687,47.5843],[134.5768,47.5223],[134.5631,47.4784],[134.4862,47.443],[134.3204,47.4369],[134.264,47.3987],[134.2555,47.3667],[134.1693,47.3184],[134.1501,47.253],[134.2198,47.1869],[134.2222,47.118],[134.2064,47.1014],[134.1313,47.085],[134.0966,47.0088],[134.0557,46.9751],[134.0681,46.9329],[134.0142,46.8237],[134.0454,46.7805],[134.0162,46.724],[134.0057,46.6371],[133.9131,46.5962],[133.8415,46.4654],[133.8543,46.4435],[133.9007,46.4409],[133.9402,46.3995],[133.9313,46.3766],[133.8635,46.3493],[133.8627,46.3368],[133.8928,46.3251],[133.9132,46.3332],[133.9016,46.291],[133.9107,46.2635],[133.8531,46.2459],[133.867,46.2284],[133.8384,46.2001],[133.8002,46.2262],[133.778,46.184],[133.688,46.1556],[133.6818,46.1377],[133.735,46.0772],[133.7356,46.0541],[133.6732,45.9829],[133.6667,45.9397],[133.61,45.9415],[133.5977,45.9327],[133.6109,45.9005],[133.5909,45.8915],[133.5895,45.8704],[133.5277,45.8966],[133.4808,45.8589],[133.4863,45.834],[133.4617,45.8357],[133.462,45.8016],[133.4977,45.7781],[133.4624,45.7773],[133.4573,45.7557],[133.4799,45.7382],[133.4437,45.7276],[133.4214,45.6969],[133.4728,45.6919],[133.4828,45.6614],[133.4388,45.6442],[133.4697,45.6227],[133.4122,45.617],[133.4143,45.5725],[133.367,45.575],[133.2474,45.5168],[133.1936,45.5143],[133.204,45.5098],[133.1619,45.4612],[133.1644,45.4424],[133.1359,45.4171],[133.1413,45.3761],[133.1112,45.3464],[133.1217,45.3431],[133.0904,45.291],[133.1005,45.2721],[133.0877,45.2559],[133.129,45.1795],[133.1263,45.1222],[133.1037,45.1226],[133.0228,45.0525],[132.9501,45.0151],[132.858,45.0605],[131.9933,45.2545],[131.9307,45.2793],[131.9108,45.3364],[131.874,45.339],[131.8226,45.3095],[131.7811,45.2438],[131.7857,45.2105],[131.7099,45.2312],[131.6744,45.2133],[131.6457,45.1547],[131.6768,45.1483],[131.6815,45.118],[131.4762,44.9935],[131.4906,44.9697],[131.4481,44.9616],[131.4128,44.9812],[131.3556,44.9837],[131.3069,44.964],[131.2843,44.926],[131.2116,44.9149],[131.144,44.945],[131.0868,44.9261],[131.0932,44.8978],[131.0706,44.879],[130.9634,44.8552],[130.9649,44.8187],[131.0052,44.8123],[131.017,44.7801],[131.059,44.7783],[131.0827,44.7159],[131.0997,44.7064],[131.3032,44.0439],[131.2612,44.0319],[131.2371,43.9857],[131.261,43.9378],[131.2057,43.8256],[131.2159,43.8079],[131.2034,43.7835],[131.2241,43.7399],[131.2121,43.6856],[131.2334,43.6636],[131.2083,43.6097],[131.2392,43.6002],[131.2283,43.5843],[131.2078,43.5896],[131.201,43.5581],[131.1895,43.5608],[131.1935,43.5314],[131.2215,43.5143],[131.2604,43.4957],[131.3116,43.4952],[131.2906,43.4349],[131.3112,43.3949],[131.2732,43.3759],[131.2478,43.2703],[131.1971,43.2297],[131.1945,43.1994],[131.2131,43.1784],[131.2006,43.1286],[131.1555,43.0953],[131.163,43.0769],[131.1195,43.068],[131.1017,43.0345],[131.1055,42.9865],[131.1149,42.967],[131.1372,42.9654],[131.1369,42.9352],[131.0984,42.9146],[131.0287,42.9266],[131.0112,42.9136],[131.0291,42.8594],[130.978,42.8545],[130.9421,42.8745],[130.8857,42.8502],[130.8312,42.8786],[130.7997,42.8769],[130.7676,42.8373],[130.7204,42.8285],[130.659,42.8451],[130.5608,42.8136],[130.4,42.7282],[130.4573,42.6861],[130.5214,42.7014],[130.5533,42.6901],[130.6155,42.629],[130.6272,42.5976],[130.6162,42.5713],[130.6033,42.5549],[130.5691,42.5559],[130.553,42.519],[130.5904,42.4854],[130.5966,42.4441],[130.6343,42.4273],[130.6696,42.3782],[130.6489,42.3528],[130.6545,42.3248],[130.7391,42.2607],[130.7633,42.2681],[130.7927,42.31],[130.8459,42.4175],[130.9364,42.407],[130.9981,42.4416],[131.0036,42.4923],[130.9513,42.5272],[130.9476,42.5452],[131.0478,42.5797],[131.156,42.5095],[131.2262,42.5034],[131.2835,42.5333],[131.3299,42.622],[131.4539,42.5878],[131.5055,42.5985],[131.5953,42.7217],[131.5832,42.7531],[131.5237,42.7782],[131.5262,42.7898],[131.6455,42.774],[131.7309,42.8006],[131.7612,42.841],[131.8587,42.8376],[131.9028,42.901],[131.9725,42.9374],[132.0328,43.0444],[132.1203,43.1215],[132.2504,43.1749],[132.2534,43.143],[132.2145,43.0777],[132.2386,43.0251],[132.2172,42.962],[132.2184,42.8697],[132.2594,42.8131],[132.2377,42.7397],[132.2931,42.692],[132.3428,42.6786],[132.3941,42.6874],[132.4434,42.7442],[132.4968,42.7475],[132.5541,42.7886],[132.6054,42.7845],[132.6602,42.8011],[132.7189,42.7929],[132.7444,42.7313],[132.8171,42.6851],[132.8858,42.6833],[132.9256,42.7011],[133.0237,42.6239],[133.1595,42.6354],[133.2342,42.6622],[133.2721,42.6975],[133.4466,42.7237],[133.644,42.7924],[133.6891,42.7593],[133.7297,42.753],[133.856,42.8221],[133.9572,42.8248],[134.0835,42.9241],[134.2397,42.9931],[134.2691,43.038],[134.3925,43.0753],[134.7402,43.2554],[134.8294,43.2753],[134.896,43.3495],[135.0459,43.4241],[135.1882,43.4662],[135.2141,43.4916],[135.2517,43.5869],[135.4915,43.7365],[135.5655,43.8217],[135.5964,43.8888],[135.6004,43.9636],[135.7003,44.0131],[135.7329,44.1467],[135.7707,44.2009],[135.8488,44.2313],[135.9331,44.3637],[136.0712,44.4019],[136.2332,44.4874],[136.3055,44.5775],[136.2963,44.6281],[136.3113,44.6521],[136.3882,44.6848],[136.4172,44.7239],[136.4776,44.7241],[136.5122,44.7429],[136.532,44.8066],[136.6169,44.8856],[136.6528,44.9497],[136.8195,45.0655],[136.8591,45.1635],[136.9973,45.227],[137.1039,45.3127],[137.2052,45.3496],[137.2641,45.427],[137.3582,45.4965],[137.4147,45.5786],[137.5448,45.6412],[137.7067,45.7525],[137.8338,45.9134],[138.1603,46.2052],[138.1829,46.2495],[138.1901,46.3228],[138.2459,46.423],[138.4039,46.5211],[138.4298,46.6],[138.4171,46.6419],[138.4448,46.7216],[138.5633,46.8579],[138.6004,46.9688],[138.6471,47.0322],[138.7755,47.1149],[138.9086,47.2493],[139.0191,47.2686],[139.0544,47.2886],[139.0707,47.3378],[139.132,47.3946],[139.1411,47.4816],[139.2722,47.6363],[139.3418,47.7838],[139.4634,47.8898],[139.5836,47.9301],[139.6235,47.9766],[139.71,48.0322],[139.7955,48.1346],[139.9936,48.2724],[140.088,48.2947],[140.1501,48.3693],[140.237,48.4171],[140.2763,48.5974],[140.2573,48.676],[140.2795,48.7508],[140.3227,48.8236],[140.4314,48.8964],[140.4732,48.9734],[140.4133,49.06],[140.4497,49.1514],[140.4256,49.2149],[140.4999,49.2823],[140.5097,49.3957],[140.5335,49.4343],[140.5763,49.4608],[140.6224,49.5612],[140.62,49.611],[140.5818,49.6946],[140.6022,49.7306],[140.6027,49.8049],[140.5747,49.8321],[140.5011,49.8584],[140.5421,49.9271],[140.544,49.9626],[140.6943,50.0105],[140.7707,50.0997],[140.7342,50.1424],[140.6215,50.1595],[140.5894,50.1785],[140.5804,50.2917],[140.6082,50.352],[140.5512,50.4902],[140.503,50.5323],[140.5715,50.621],[140.5273,50.715],[140.5692,50.764],[140.6212,50.8863],[140.7116,50.9272],[140.7338,50.9662],[140.7285,50.9936],[140.7591,51.0181],[140.7678,51.0648],[140.7451,51.1227],[140.7441,51.2043],[140.7818,51.2351],[140.7806,51.2759],[140.919,51.3351],[140.9637,51.4056],[140.9578,51.4588],[140.981,51.5238],[140.9685,51.5908],[141.0469,51.6324],[141.1177,51.6293],[141.1706,51.6485],[141.1971,51.674],[141.2097,51.7199],[141.2608,51.7738],[141.2602,51.804],[141.3742,51.865],[141.4615,51.8924],[141.4964,51.9302],[141.5044,51.9789],[141.485,52.0066],[141.4255,52.0369],[141.4356,52.0803],[141.4702,52.1054],[141.5454,52.0919],[141.585,51.9891],[141.5899,51.9481],[141.5434,51.8898],[141.5551,51.8598],[141.7044,51.8022],[141.6113,51.7853],[141.5866,51.7537],[141.5931,51.7237],[141.738,51.6426],[141.8591,51.5353],[141.9941,51.4553],[141.9971,51.3916],[142.0848,51.2978],[142.0977,51.2256],[142.163,51.1454],[142.1719,51.107],[142.1639,51.0409],[142.1354,50.9811],[142.0497,50.9223],[142.0045,50.8271],[142.0045,50.729],[141.962,50.5406],[142.0024,50.429],[142.0679,50.3436],[142.0445,50.3],[142.0728,50.2285],[142.0863,50.1213],[142.0848,50.0666],[142.0545,50.0283],[142.0643,49.9834],[142.0498,49.9576],[142.0595,49.8557],[142.0834,49.7981],[142.0597,49.5032],[141.9993,49.3617],[141.987,49.2762],[141.9999,49.22],[141.9505,49.1508],[141.9566,49.0876],[141.918,48.9672],[141.8827,48.9217],[141.8861,48.8841],[141.8134,48.8464],[141.7796,48.8071],[141.7684,48.7607],[141.7913,48.6713],[141.8411,48.5809],[142.0169,48.3873],[142.0695,48.3047],[142.0964,48.0388],[142.1201,47.978],[142.0164,47.8793],[141.9992,47.8223],[141.8814,47.6274],[141.8877,47.4386],[141.9142,47.3625],[141.8877,47.285],[141.9677,47.1931],[141.9782,47.097],[141.92,46.9377],[141.7846,46.7152],[141.7692,46.6531],[141.7311,46.6067],[141.7341,46.5187],[141.8115,46.2958],[141.8524,46.0861],[141.8355,46.0422],[141.8507,46.0113],[142.0368,45.8473],[142.0952,45.8405],[142.1449,45.8643],[142.1653,45.9041],[142.1637,45.9547],[142.2251,45.9785],[142.2575,46.0169],[142.3115,46.1537],[142.3286,46.2702],[142.5082,46.6058],[142.5441,46.642],[142.6001,46.6661],[142.6593,46.6745],[142.7,46.587],[142.764,46.552],[142.8988,46.5705],[143.0753,46.5412],[143.1469,46.5475],[143.1928,46.5209],[143.2612,46.452],[143.2535,46.4036],[143.3434,46.1969],[143.3155,46.079],[143.3399,45.9964],[143.3847,45.9673],[143.444,45.9684],[143.4792,45.9889],[143.5459,46.1012],[143.5387,46.1697],[143.6937,46.368],[143.6932,46.3997],[143.645,46.4361],[143.6133,46.5129],[143.5773,46.6761],[143.5858,46.7236],[143.5399,46.8504],[143.5114,46.8793],[143.4427,46.9044],[143.3767,46.8911],[143.3348,46.8492],[143.2599,46.8732],[143.176,46.9316],[143.1679,46.9768],[143.1017,47.0885],[143.1166,47.1303],[143.0824,47.2763],[142.9852,47.398],[142.8171,47.4808],[142.7375,47.5456],[142.6486,47.6727],[142.6031,47.7885],[142.5944,47.897],[142.6353,48.0885],[142.8646,48.6191],[143.0565,48.8966],[143.0597,48.9805],[143.0239,49.0435],[143.0677,49.1151],[143.1763,49.1891],[143.4461,49.2616],[143.778,49.254],[144.0276,49.2034],[144.0804,49.1819],[144.2826,49.0024],[144.3758,48.9567],[144.4745,48.8829],[144.5799,48.7641],[144.5771,48.7031],[144.6113,48.611],[144.6504,48.595],[144.7583,48.5905],[144.8005,48.6027],[144.8254,48.6282],[144.8209,48.6691],[144.7517,48.7342],[144.7836,48.7799],[144.7565,48.831],[144.7586,48.8839],[144.7128,48.9265],[144.4762,49.0546],[144.3671,49.2475],[144.3005,49.434],[144.3036,49.5305],[144.2039,49.6412],[144.195,49.7625],[144.0781,49.9599],[144.0694,50.0373],[143.8989,50.2819],[143.8027,50.5006],[143.7514,50.8143],[143.6114,51.2263],[143.567,51.3159],[143.5161,51.5165],[143.4315,51.7],[143.3454,51.8237],[143.2398,52.035],[143.2231,52.1621],[143.2389,52.2659],[143.2706,52.3252],[143.3477,52.4098],[143.4014,52.5756],[143.4169,52.8382],[143.4049,52.9123],[143.3208,53.2553],[143.0894,53.6667],[143.015,53.7668],[142.9795,53.8511],[142.9777,53.9503],[143.0756,54.041],[143.085,54.075],[143.0726,54.1319],[142.8892,54.3094],[142.7948,54.4517],[142.732,54.4774],[142.6603,54.4744],[142.5767,54.4273],[142.5648,54.3695],[142.5007,54.3482],[142.4153,54.3318],[142.2477,54.3638],[142.1707,54.3254],[142.1839,54.2763],[142.3077,54.1959],[142.3496,54.1162],[142.5982,53.9338],[142.5993,53.8746],[142.4977,53.7288],[142.4068,53.689],[142.3933,53.6488],[141.8888,53.4987],[141.7004,53.463],[141.6156,53.4202],[141.6097,53.3796],[141.6962,53.3188],[141.7066,53.2441],[141.7475,53.1501],[141.8314,53.0256],[141.7729,52.8996],[141.7613,52.7848],[141.73,52.7252],[141.7207,52.5976],[141.7356,52.5656],[141.6755,52.481],[141.5663,52.406],[141.5358,52.322],[141.5529,52.2904],[141.4369,52.2737],[141.3896,52.3187],[141.3154,52.3512],[141.3069,52.3954],[141.3801,52.3824],[141.4423,52.398],[141.4757,52.4349],[141.472,52.5125],[141.4404,52.5512],[141.3473,52.5792],[141.3707,52.6763],[141.3381,52.7087],[141.3176,52.768],[141.2677,52.8039],[141.3217,52.8448],[141.3224,52.8854],[141.2602,52.9228],[141.1801,52.9212],[141.3294,53.0185],[141.4339,53.0514],[141.4666,53.1024],[141.5088,53.1225],[141.5312,53.1625],[141.508,53.2011],[141.5139,53.2481],[141.5647,53.2845],[141.5591,53.3245],[141.4838,53.3781],[141.2246,53.4875],[140.8995,53.5742],[140.6178,53.6804],[140.6074,53.7224],[140.5784,53.7528],[140.4088,53.8191],[140.3498,53.877],[140.4127,53.9242],[140.423,53.9535],[140.4085,53.9831],[140.3048,54.0224],[140.2839,54.0716],[140.2488,54.0959],[139.9978,54.1778],[139.9484,54.2331],[139.8724,54.2512],[139.8675,54.3106],[139.8955,54.3524],[139.8415,54.4006],[139.7234,54.4049],[139.6693,54.3695],[139.6655,54.336],[139.5739,54.2914],[139.288,54.2296],[139.0765,54.2567],[138.7612,54.3566],[138.6567,54.3483],[138.6017,54.3259],[138.573,54.2932],[138.5848,54.2548],[138.6361,54.2246],[138.6448,54.1662],[138.5819,54.0876],[138.5751,54.0497],[138.3012,53.9369],[138.2503,53.8468],[138.2469,53.7942],[138.2131,53.7655],[137.8869,53.6263],[137.3391,53.593],[137.3953,53.6193],[137.5188,53.6151],[137.5642,53.6293],[137.6777,53.7603],[137.6913,53.8061],[137.8544,53.8624],[137.9339,53.9455],[137.9348,53.9867],[137.892,54.0181],[137.8406,54.0242],[137.7727,54.0061],[137.6084,54.015],[137.541,54.0541],[137.5639,54.0957],[137.7169,54.2138],[137.8122,54.2826],[137.8991,54.3173],[137.9386,54.3959],[138.0543,54.42],[138.0866,54.4543],[138.0837,54.4791],[138.0559,54.5042],[137.91,54.55],[137.7847,54.5257],[137.7548,54.5022],[137.7367,54.4608],[137.7422,54.5141],[137.7167,54.5562],[137.7775,54.5783],[137.8144,54.625],[137.946,54.7014],[138.0039,54.7165],[138.0826,54.7651],[138.1017,54.8209],[138.0819,54.8895],[138.1473,54.9431],[138.2243,54.9498],[138.3146,55.0059],[138.4234,54.9951],[138.4829,55.0131],[138.5172,55.0853],[138.5026,55.1141],[138.4668,55.1352],[138.32,55.1463],[138.2627,55.1242],[138.2268,55.0871],[138.086,55.1055],[137.9629,55.1916],[137.8476,55.1837],[137.6484,55.246],[137.5184,55.2289],[137.4788,55.2103],[137.4628,55.1711],[137.4246,55.1372],[137.3975,55.0592],[137.3235,55.0201],[137.2055,54.9228],[137.15,54.7437],[137.1042,54.7071],[137.0959,54.6732],[137.0065,54.6493],[136.9724,54.6121],[136.9839,54.5773],[137.0168,54.5545],[137.1264,54.5515],[137.1756,54.5918],[137.1847,54.6257],[137.2812,54.6648],[137.296,54.6974],[137.2862,54.7171],[137.3492,54.7345],[137.4506,54.7937],[137.4622,54.762],[137.5986,54.6114],[137.5449,54.5932],[137.4702,54.5264],[137.4736,54.4508],[137.4517,54.4093],[137.4781,54.367],[137.3699,54.3535],[137.2247,54.2956],[137.0081,54.1635],[137.002,54.1162],[137.0775,54.0119],[137.1544,53.9835],[137.1029,53.8908],[136.9246,53.9028],[136.795,53.8629],[136.7832,53.8881],[136.7702,53.9493],[136.785,53.9945],[136.8462,54.0302],[136.9033,54.1281],[136.9057,54.1602],[136.8829,54.2053],[136.9069,54.3118],[136.8681,54.3707],[136.9133,54.4205],[136.9124,54.504],[136.9683,54.5645],[136.8894,54.6781],[136.7713,54.6934],[136.7316,54.7225],[136.6734,54.7368],[136.6069,54.7251],[136.5452,54.674],[136.4958,54.6973],[136.4254,54.6987],[136.3785,54.7388],[136.4424,54.7663],[136.4482,54.816],[136.3701,54.866],[136.297,54.878],[136.2368,54.8594],[136.217,54.8314],[136.2319,54.7983],[136.2978,54.7476],[136.2062,54.735],[136.1688,54.7027],[136.164,54.6602],[135.9698,54.6178],[135.8146,54.6134],[135.7898,54.6173],[135.7707,54.6755],[135.7336,54.6973],[135.3367,54.7733],[135.2734,54.8228],[135.3025,54.8724],[135.4363,54.9633],[135.5075,54.9902],[135.5661,55.0419],[135.747,55.067],[135.8581,55.1227],[135.9505,55.1476],[136.0364,55.2008],[136.2024,55.258],[136.3815,55.4061],[136.4316,55.4948],[136.4929,55.531],[136.5788,55.5398],[136.7253,55.6009],[136.8216,55.6085],[136.8709,55.6356],[136.8959,55.6821],[136.9734,55.7362],[137.1,55.7449],[137.1344,55.7676],[137.1672,55.8206],[137.2256,55.8564],[137.296,55.877],[137.3299,55.9044],[137.444,55.9129],[137.484,55.9461],[137.523,56.011],[137.6072,56.0604],[137.7832,56.1018],[137.8588,56.1805],[137.9287,56.2211],[137.9869,56.3229],[138.0964,56.3465],[138.152,56.3807],[138.2354,56.3771],[138.2982,56.395],[138.3498,56.4495],[138.3482,56.4827],[138.3041,56.5131],[138.2208,56.5212],[138.2048,56.5575],[138.3267,56.591],[138.3531,56.6171],[138.3505,56.6433],[138.4601,56.6605],[138.4873,56.6847],[138.4851,56.7183],[138.5032,56.7448],[138.5838,56.7311],[138.6581,56.7594],[138.674,56.7925],[138.6622,56.8552],[138.6912,56.9258],[138.9398,56.977],[138.9927,57.0223],[139.0234,57.0927],[139.1021,57.1194],[139.1662,57.1908],[139.2673,57.2339],[139.344,57.2351],[139.4833,57.2691],[139.584,57.3244],[139.6698,57.4172],[139.764,57.4328],[139.7982,57.4044],[139.8512,57.3932],[139.9357,57.4124],[139.9579,57.4508],[139.9084,57.4923],[140.0037,57.6165],[140.0558,57.6575],[140.1598,57.6952],[140.3635,57.7056],[140.4158,57.7454],[140.5799,57.8187],[140.6095,57.9112],[140.7564,58.1679],[140.8529,58.2701],[140.9574,58.3318],[141.0669,58.3918],[141.3562,58.4596],[141.6362,58.5795],[141.7972,58.679],[142.0605,58.9303],[142.1758,59.0121],[142.3307,59.094],[142.6271,59.1905],[143.2508,59.3099],[143.2837,59.3133],[143.3577,59.2807],[143.4895,59.2704],[143.8881,59.3533],[144.1045,59.3472],[144.4641,59.3099],[145.001,59.3138],[145.224,59.3541],[145.3457,59.3391],[145.6504,59.3622],[145.7512,59.3218],[145.7268,59.2477],[145.7515,59.2086],[145.8695,59.164],[145.9259,59.111],[146.0416,59.0891],[146.2147,59.1411],[146.3612,59.1394],[146.4504,59.1839],[146.4694,59.2137],[146.4219,59.2719],[146.4327,59.33],[146.4203,59.3869],[146.4585,59.4072],[146.584,59.3948],[146.6362,59.3489],[146.815,59.3139],[146.9794,59.315],[147.1421,59.2714],[147.2468,59.2774],[147.3132,59.2608],[147.4371,59.1982],[147.4942,59.1889],[147.5942,59.1941],[147.6559,59.2316],[147.732,59.2126],[147.8382,59.2163],[147.9344,59.2713],[147.9439,59.3024],[147.9233,59.3341],[148.2257,59.3551],[148.3132,59.344],[148.3124,59.2489],[148.3562,59.2146],[148.5536,59.19],[148.7812,59.1862],[148.8385,59.1978],[148.8851,59.1828],[148.853,59.1442],[148.8678,59.1038],[148.9213,59.0726],[149.0021,59.0643],[149.0724,59.0776],[149.1683,59.1275],[149.2437,59.203],[149.2216,59.2424],[149.1572,59.2617],[149.1988,59.2967],[149.194,59.328],[149.1061,59.3725],[149.0747,59.4131],[149.1007,59.4299],[149.1769,59.41],[149.245,59.4126],[149.3154,59.4472],[149.332,59.5238],[149.2924,59.561],[149.2143,59.5828],[149.2053,59.6044],[149.329,59.6518],[149.567,59.7031],[149.801,59.6867],[150.1157,59.6114],[150.2617,59.5983],[150.2951,59.5463],[150.4106,59.5205],[150.4047,59.4774],[150.4332,59.4498],[150.5135,59.4285],[150.6309,59.4376],[150.6681,59.4015],[150.7345,59.3841],[150.9835,59.4069],[151.0443,59.4607],[151.0535,59.4919],[151.036,59.5202],[151.1324,59.5289],[151.4035,59.5027],[151.4429,59.4734],[151.5206,59.4578],[151.5855,59.4253],[151.5901,59.3911],[151.6307,59.3546],[151.618,59.3267],[151.6276,59.2931],[151.6746,59.2564],[151.856,59.2466],[151.9938,59.2126],[152.0951,59.223],[152.0585,59.1991],[151.9904,59.2063],[151.9101,59.191],[151.7939,59.2119],[151.7211,59.202],[151.4369,59.2188],[151.3395,59.1973],[151.2939,59.1621],[151.1923,59.1466],[151.0772,59.1564],[151.0097,59.1256],[151.0083,59.0754],[151.1258,58.9806],[151.1585,58.9258],[151.2369,58.8554],[151.2445,58.8149],[151.3441,58.7828],[151.4963,58.8104],[151.7128,58.789],[151.8503,58.8201],[152.0796,58.8366],[152.1954,58.8663],[152.246,58.9001],[152.2712,58.9507],[152.3328,58.9607],[152.4134,58.9564],[152.5042,58.9022],[152.6212,58.889],[152.6797,58.8622],[152.748,58.8547],[152.8165,58.869],[152.9247,58.8532],[153.0049,58.8881],[153.0405,58.9772],[153.0991,59.0264],[153.3378,59.0367],[153.4214,59.0625],[153.4551,59.0999],[153.4504,59.154],[153.482,59.1781],[153.6087,59.1387],[153.7727,59.1254],[153.8683,59.0357],[154.035,58.9931],[154.1162,59.0012],[154.2286,59.0415],[154.3033,59.0371],[154.3738,59.0543],[154.4321,59.0919],[154.4484,59.142],[154.4804,59.1636],[154.6159,59.1072],[154.7863,59.0821],[154.8631,59.0935],[154.9026,59.1321],[155.2014,59.1251],[155.4197,59.1854],[155.4747,59.1518],[155.5626,59.1445],[155.6252,59.1701],[155.64,59.2238],[155.5972,59.2584],[155.5314,59.268],[155.6234,59.2718],[155.6859,59.2972],[155.6986,59.3384],[155.6525,59.3776],[155.51,59.3878],[155.4032,59.347],[155.385,59.3171],[155.3928,59.2966],[155.4305,59.2728],[155.4877,59.2635],[155.4268,59.229],[155.3788,59.2581],[155.2993,59.2627],[155.288,59.2702],[155.322,59.317],[155.2845,59.3821],[155.2139,59.4271],[155.1302,59.453],[155.0831,59.5106],[154.9599,59.5489],[154.8156,59.5285],[154.6503,59.5947],[154.5355,59.5769],[154.4614,59.599],[154.3331,59.73],[154.3226,59.7645],[154.4301,59.7843],[154.5587,59.8546],[154.5892,59.8944],[154.6095,60.0061],[154.6468,60.0539],[154.7857,60.1815],[154.8674,60.2209],[154.9478,60.2841],[155.0195,60.323],[155.2045,60.3744],[155.3728,60.4707],[155.4698,60.4655],[155.5533,60.4948],[155.5955,60.5487],[155.6526,60.5872],[155.7966,60.6198],[155.8528,60.6595],[155.9261,60.6577],[155.9765,60.6736],[156.0168,60.7222],[156.0129,60.8046],[156.0317,60.8526],[156.1627,60.9664],[156.5204,61.1447],[156.5651,61.1576],[156.664,61.1476],[156.7371,61.1713],[156.7672,61.2117],[156.7434,61.2861],[156.7546,61.3581],[156.7346,61.3883],[156.7623,61.4605],[156.9905,61.5106],[157.1189,61.6095],[157.4275,61.6446],[157.5338,61.7361],[157.7798,61.7291],[157.9193,61.6941],[158.0936,61.6819],[158.3389,61.7726],[158.4009,61.7415],[158.4611,61.7325],[158.6239,61.7819],[158.8543,61.7673],[158.9365,61.7947],[158.9583,61.8376],[159.0997,61.8673],[159.2475,61.8527],[159.209,61.8142],[159.2334,61.7751],[159.4068,61.7195],[159.4137,61.664],[159.4438,61.6368],[159.5232,61.6082],[159.5992,61.6022],[159.7829,61.6519],[159.9484,61.6653],[160.0271,61.7043],[160.115,61.7978],[160.2676,61.8485],[160.2391,61.8003],[160.2503,61.7609],[160.1307,61.7165],[160.0989,61.689],[160.1046,61.6585],[160.1565,61.6312],[160.1314,61.5591],[159.9492,61.4944],[159.9232,61.4666],[159.9299,61.4348],[159.8431,61.4115],[159.826,61.3705],[159.7238,61.3151],[159.6304,61.2329],[159.6801,61.1874],[159.8251,61.1801],[159.8558,61.1566],[159.8622,61.1169],[159.8394,61.0667],[159.7492,61.0163],[159.6824,60.9473],[159.6821,60.926],[159.7188,60.8879],[159.8303,60.8458],[159.9035,60.8434],[160.1668,60.9683],[160.2378,60.9684],[160.0732,60.8456],[160.0757,60.8048],[160.1301,60.7488],[160.0434,60.6805],[160.0262,60.5914],[160.0844,60.5382],[160.1616,60.5249],[160.2459,60.5314],[160.3659,60.571],[160.4513,60.6451],[160.7007,60.6752],[160.8111,60.6669],[160.8763,60.6848],[161.0053,60.8489],[161.1136,60.9051],[161.2707,60.96],[161.3101,61.0004],[161.37,61.0134],[161.5192,61.0842],[161.5697,61.1308],[161.6562,61.1493],[161.7239,61.2206],[162.0727,61.3453],[162.3934,61.5448],[162.4816,61.5176],[162.6037,61.5078],[162.6821,61.5146],[162.7496,61.5411],[162.8352,61.5445],[162.8936,61.5033],[162.8708,61.4482],[162.9103,61.4116],[163.0153,61.396],[163.1166,61.4234],[163.1377,61.4526],[163.1297,61.4839],[163.208,61.5245],[163.2189,61.558],[163.2977,61.569],[163.3905,61.617],[163.4278,61.6417],[163.4505,61.6958],[163.4284,61.7352],[163.3365,61.7739],[163.1082,61.8134],[163.1751,61.9345],[163.2925,62.0535],[163.2071,62.1964],[163.3551,62.272],[163.5595,62.3048],[163.6129,62.36],[163.602,62.3902],[163.5577,62.412],[163.4811,62.4181],[163.407,62.4003],[163.3465,62.4223],[163.3778,62.4513],[163.3753,62.4938],[163.529,62.5025],[163.8089,62.5537],[163.9543,62.5397],[164.0224,62.5621],[164.0747,62.6004],[164.2968,62.6114],[164.4073,62.6415],[164.5749,62.6091],[164.5681,62.5792],[164.5848,62.5605],[164.7502,62.5068],[164.6212,62.509],[164.4677,62.482],[164.3742,62.4375],[164.3307,62.3952],[164.1539,62.3516],[164.0258,62.2654],[163.9923,62.1649],[164.0009,62.1385],[163.9691,62.104],[163.985,62.0343],[163.9596,61.9825],[163.9762,61.9034],[163.9287,61.8452],[163.9556,61.8031],[163.949,61.7384],[163.9395,61.7186],[163.8182,61.6992],[163.7591,61.6662],[163.7418,61.6019],[163.636,61.4729],[163.6282,61.4311],[163.6469,61.4008],[163.6889,61.3779],[163.7809,61.3653],[163.8758,61.3875],[163.9042,61.3528],[163.8506,61.3014],[163.8404,61.257],[163.6978,61.22],[163.5688,61.1657],[163.5247,61.1306],[163.5176,61.0989],[163.4145,61.0585],[163.3825,61.0172],[163.3899,60.9804],[163.4339,60.9481],[163.5548,60.9157],[163.4102,60.8715],[163.3541,60.9191],[163.2498,60.9302],[163.1881,60.9085],[163.1577,60.8673],[163.084,60.829],[162.973,60.8298],[162.8928,60.8121],[162.8592,60.8655],[162.736,60.8791],[162.6843,60.859],[162.6439,60.7967],[162.6761,60.7576],[162.7539,60.7412],[162.6957,60.6855],[162.62,60.6595],[162.4852,60.6617],[162.3422,60.597],[162.246,60.5904],[162.1455,60.6053],[162.076,60.5899],[161.9674,60.489],[161.8827,60.466],[161.8385,60.4345],[161.7877,60.3297],[161.7343,60.2831],[161.7462,60.2515],[161.7953,60.2275],[161.735,60.1833],[161.4132,60.0798],[161.3144,59.9927],[161.2386,59.9481],[161.1819,59.8817],[161.095,59.8446],[161.0476,59.7993],[160.8622,59.7364],[160.8402,59.6906],[160.8003,59.6578],[160.4745,59.6091],[160.4063,59.5838],[160.3448,59.5043],[160.3407,59.4673],[160.3,59.4139],[160.2496,59.3889],[160.1266,59.3689],[159.9094,59.223],[159.776,59.162],[159.6228,59.0014],[159.6203,58.9659],[159.6533,58.9382],[159.6387,58.9002],[159.5453,58.8636],[159.4659,58.7741],[159.2435,58.6398],[159.1418,58.5967],[159.047,58.4982],[158.9866,58.4583],[158.6045,58.3068],[158.3323,58.1705],[158.2574,58.1143],[158.0815,58.051],[157.9935,58.0376],[157.8794,58.0281],[157.7684,58.0674],[157.6229,58.0581],[157.49,57.9541],[157.4881,57.8958],[157.4443,57.8546],[157.3368,57.8185],[157.1481,57.8311],[157.1263,57.8379],[157.088,57.8896],[157.0273,57.9096],[156.96,57.9027],[156.7941,57.8394],[156.6949,57.7502],[156.6829,57.7168],[156.7196,57.684],[156.8082,57.6654],[156.8855,57.5591],[156.9096,57.4444],[156.8509,57.3485],[156.6756,57.1608],[156.6728,57.1961],[156.6259,57.2253],[156.5619,57.229],[156.516,57.2141],[156.4906,57.1835],[156.4973,57.1481],[156.4459,57.1081],[156.4538,57.0598],[156.4091,56.9897],[156.0498,56.8487],[155.9122,56.7199],[155.8608,56.6409],[155.7885,56.4449],[155.5609,55.9738],[155.5363,55.7151],[155.466,55.424],[155.4641,55.199],[155.4964,55.0176],[155.6494,54.4208],[155.838,53.9162],[155.9423,53.4305],[155.9845,53.3118],[156.0504,52.8698],[156.1139,52.7214],[156.2973,52.3876],[156.3608,52.2167],[156.39,52.075],[156.4166,51.7709],[156.404,51.4966],[156.4415,51.3983],[156.4586,51.2908],[156.5011,51.24],[156.595,51.2113],[156.6344,51.1739],[156.621,51.0865],[156.6603,51.0438],[156.6759,50.9991],[156.5788,50.9032],[156.5726,50.8682],[156.6207,50.82],[156.7061,50.8172],[156.7801,50.8549],[156.9334,50.9822],[157.0088,51.0129],[157.0844,51.071],[157.2214,51.1473],[157.3705,51.2043],[157.3888,51.2317],[157.3863,51.2632],[157.4209,51.2995],[157.4779,51.304],[157.5483,51.3371],[157.5689,51.3665],[157.5739,51.4152],[157.6211,51.462],[157.6779,51.4479],[157.7536,51.4613],[157.9012,51.5647],[157.9639,51.589],[158.1006,51.7544],[158.1589,51.77],[158.2308,51.8528],[158.3455,51.9312],[158.4154,52.0839],[158.4897,52.1481],[158.4939,52.1977],[158.5826,52.2387],[158.638,52.2928],[158.6354,52.3413],[158.6548,52.3852],[158.6048,52.458],[158.6095,52.5308],[158.5886,52.5758],[158.6846,52.6789],[158.6634,52.7302],[158.7025,52.7636],[158.7046,52.8109],[158.7312,52.8378],[158.7961,52.8608],[158.9174,52.9611],[159.1393,53.0635],[159.3219,53.1163],[159.4232,53.106],[159.5103,53.1625],[159.5804,53.164],[159.6308,53.1926],[159.9269,53.0633],[160.0436,53.0407],[160.1095,53.0673],[160.1407,53.1414],[160.1059,53.2481],[160.1091,53.2818],[160.0574,53.3149],[160.0429,53.3619],[160.0034,53.3857],[159.9749,53.4278],[160.0332,53.4695],[160.0349,53.568],[160.0264,53.6015],[159.9833,53.6515],[159.9842,53.6896],[159.9295,53.723],[159.9296,53.8002],[159.9646,53.9058],[160.0421,54.0129],[160.0771,54.0915],[160.1263,54.1409],[160.3781,54.2694],[160.465,54.3382],[160.6205,54.4203],[160.9065,54.5189],[161.1105,54.5421],[161.1503,54.4782],[161.266,54.4323],[161.4722,54.4603],[161.726,54.4556],[161.7885,54.477],[161.9011,54.5634],[162.2139,54.7273],[162.2282,54.757],[162.2186,54.7925],[162.2465,54.8329],[162.2416,54.8643],[162.2199,54.8932],[162.1531,54.9235],[162.1332,54.9652],[162.0222,55.0713],[161.956,55.1005],[161.8948,55.1877],[161.838,55.3451],[161.8303,55.4985],[161.9086,55.6774],[161.9889,55.7513],[162.0183,55.8232],[162.1089,55.9249],[162.1135,55.9568],[162.1582,56.006],[162.161,56.0555],[162.2735,56.112],[162.5735,56.1764],[162.7679,56.0189],[162.8752,55.976],[163.0482,55.9566],[163.1228,55.9832],[163.2278,56.0875],[163.3249,56.106],[163.4431,56.168],[163.4498,56.2019],[163.4298,56.2661],[163.4456,56.3203],[163.4074,56.4033],[163.3636,56.4467],[163.3638,56.4912],[163.3431,56.5241],[163.3687,56.5673],[163.3288,56.6175],[163.3653,56.6908],[163.3257,56.7566],[163.2274,56.7923],[163.054,56.7919],[162.9153,56.7524],[162.8803,56.7753],[162.8769,56.86],[162.9267,56.9595],[162.9423,57.0513],[162.8769,57.1544],[162.8599,57.2845],[162.8742,57.3324],[162.9415,57.3797],[163.1546,57.4459],[163.1969,57.4784],[163.2175,57.52],[163.2965,57.5522],[163.3361,57.6011],[163.3345,57.6419],[163.4072,57.6995],[163.4155,57.7398],[163.2612,57.8639],[163.0843,57.8715],[162.9364,57.9368],[162.727,58.0008],[162.5024,57.9726],[162.3501,57.8462],[162.2997,57.8523],[162.1417,57.9307],[162.0952,58.0065],[162.0912,58.089],[162.1046,58.1377],[162.2252,58.3488],[162.4398,58.5945],[162.6024,58.7097],[162.8106,58.7759],[162.9378,58.8718],[163.0729,58.9077],[163.1696,58.9784],[163.2761,58.9951],[163.3186,59.022],[163.3426,59.0853],[163.3151,59.1612],[163.4256,59.2433],[163.4449,59.3089],[163.4251,59.419],[163.3211,59.5025],[163.5139,59.6134],[163.5255,59.6461],[163.4786,59.7155],[163.4771,59.7474],[163.5104,59.8042],[163.5701,59.8396],[163.5976,59.8471],[163.6881,59.8244],[163.7588,59.8326],[163.795,59.8547],[163.8547,59.9303],[163.9586,59.9679],[164.0452,59.9565],[163.9678,59.8981],[164.0015,59.8371],[164.1739,59.8053],[164.249,59.8098],[164.2921,59.8275],[164.3183,59.8641],[164.2964,59.8952],[164.2415,59.916],[164.4003,59.9536],[164.4411,59.9844],[164.4632,60.0381],[164.5578,59.9816],[164.6242,59.966],[164.6721,59.921],[164.702,59.8724],[164.7033,59.8117],[164.7472,59.757],[164.8221,59.7365],[164.8787,59.7396],[165.1502,59.8268],[165.2158,59.8788],[165.2475,59.9316],[165.3097,59.9719],[165.309,60.0108],[165.2831,60.0361],[165.2922,60.0469],[165.3878,60.1026],[165.8388,60.2281],[165.9074,60.2757],[166.0626,60.3192],[166.1466,60.3809],[166.1814,60.3052],[166.1743,60.2392],[166.1974,60.2088],[166.1034,60.1411],[166.0578,60.0146],[166.0581,59.9704],[166.003,59.8961],[165.9807,59.8027],[166.0082,59.7744],[166.0667,59.752],[166.3121,59.7619],[166.405,59.8014],[166.496,59.8926],[166.7245,60.0138],[167.0618,60.2506],[167.1809,60.2884],[167.4358,60.3356],[167.4776,60.3588],[167.6802,60.3879],[168.1108,60.5076],[168.4809,60.5443],[168.5819,60.5098],[168.7084,60.4901],[168.8082,60.5172],[169.2304,60.4942],[169.6213,60.3786],[169.6388,60.3603],[169.6323,60.327],[169.6857,60.246],[169.7688,60.2047],[169.7857,60.1591],[169.8318,60.1179],[169.8716,60.0461],[169.9237,60.0194],[170.0219,60.0008],[170.0233,59.9604],[170.0733,59.928],[170.2498,59.879],[170.3482,59.8841],[170.465,59.914],[170.5133,59.9501],[170.5673,60.0698],[170.592,60.2048],[170.6231,60.2324],[170.7236,60.2512],[170.7804,60.2863],[170.7942,60.3051],[170.7933,60.3623],[170.8641,60.3909],[170.9299,60.4415],[171.0462,60.4617],[171.1299,60.4969],[171.2474,60.5078],[171.4511,60.5745],[171.5586,60.6659],[171.6638,60.6671],[171.7142,60.6854],[171.7704,60.7686],[171.924,60.7697],[172.1719,60.8081],[172.2095,60.8463],[172.2123,60.8827],[172.3111,60.9274],[172.3307,60.9575],[172.4808,60.9704],[172.5624,61.008],[172.594,61.0444],[172.6003,61.1028],[172.7281,61.1333],[172.786,61.1859],[172.8439,61.2055],[173.0018,61.2339],[173.0539,61.2662],[173.0851,61.3247],[173.2091,61.3451],[173.4083,61.4193],[173.4356,61.4438],[173.4408,61.4828],[173.563,61.5142],[173.6032,61.5474],[173.5987,61.611],[173.6188,61.6705],[173.7801,61.6054],[173.8521,61.6003],[173.9136,61.6113],[173.9723,61.6452],[174.0629,61.669],[174.1265,61.7126],[174.2535,61.7477],[174.693,61.7894],[174.9596,61.9001],[175.269,61.9632],[175.414,62.0388],[175.6648,62.1219],[176.0212,62.2045],[176.3684,62.2571],[176.4307,62.2817],[176.494,62.3331],[176.5738,62.3627],[176.9889,62.4715],[177.5627,62.5191],[178.0261,62.4867],[178.1142,62.4492],[178.2763,62.4148],[178.9439,62.3019],[179.0162,62.2424],[179.1111,62.2242],[179.2347,62.2532],[179.2845,62.3003],[179.2876,62.3255],[179.262,62.3539],[179.2948,62.3946],[179.264,62.4298],[179.3809,62.4265],[179.4558,62.445],[179.5153,62.4824],[179.5639,62.5583],[179.687,62.5961],[179.7354,62.6638],[179.7336,62.7509],[179.6987,62.7948],[179.6927,62.8411],[179.5958,62.9079],[179.4338,62.9346],[179.4064,62.9797],[179.4119,62.9942],[179.5094,63.0081],[179.5559,63.031],[179.5767,63.0629],[179.5585,63.1294],[179.439,63.2227],[179.174,63.3122],[178.9908,63.469],[178.9352,63.573],[178.865,63.8393],[178.7836,64.007],[178.6133,64.1699],[178.3922,64.4154],[178.2862,64.4816],[178.2183,64.4892],[178.1464,64.4764],[178.1111,64.451],[178.1114,64.4267],[178.2071,64.3277],[177.9781,64.2622],[177.9161,64.2745],[177.6021,64.4251],[177.5316,64.5044],[177.5277,64.5275],[177.5521,64.5777],[177.5983,64.6102],[177.5994,64.6453],[177.8979,64.6327],[177.921,64.6051],[177.9981,64.5856],[178.1456,64.6111],[178.2509,64.5859],[178.4038,64.59],[178.4154,64.5528],[178.4566,64.5292],[178.5337,64.5124],[178.6206,64.5165],[178.9161,64.6103],[179.1472,64.706],[179.334,64.7426],[179.5777,64.7637],[179.6804,64.8322],[179.7962,64.8745],[179.922,64.9547],[179.9999,64.9791],[180,69.0557],[179.459,69.2912],[178.9318,69.4281],[178.4627,69.5075],[178.0549,69.5191],[177.5469,69.6412],[177.1872,69.6564],[177.0107,69.6824],[176.5547,69.7766],[176.164,69.9245],[175.7704,69.9308],[175.1342,69.8931],[174.6266,69.8948],[174.4964,69.9015],[174.1849,69.9575],[173.6525,69.945],[173.5503,69.9777],[173.4468,69.9826],[173.2059,69.9608],[173.0637,69.9072],[172.9685,69.9324],[172.9164,70.0042],[172.8297,70.0313],[172.7258,70.0312],[172.4826,69.9928],[172.2596,70.0229],[171.8743,70.0464],[171.4631,70.1034],[171.2298,70.1106],[171.0176,70.1399],[170.7905,70.1386],[170.5425,70.1767],[170.3676,70.1585],[170.2808,70.1156],[170.3192,70.0671],[170.4188,70.0451],[170.3675,69.9112],[170.4183,69.8616],[170.413,69.8088],[170.265,69.826],[170.0284,69.8221],[169.828,69.7643],[169.8084,69.7447],[169.8091,69.7166],[169.9194,69.6596],[170.0202,69.6387],[170.0008,69.6076],[170.0157,69.5736],[170.1007,69.5385],[170.31,69.5239],[170.4906,69.5479],[170.532,69.5075],[170.5441,69.4544],[170.6119,69.4177],[170.6186,69.3456],[170.7277,69.3086],[170.7838,69.2662],[170.781,69.2313],[170.7437,69.1682],[170.7531,69.1471],[170.8676,69.091],[170.6991,69.0069],[170.4938,68.9579],[170.4183,68.9177],[170.2217,68.8857],[170.1398,68.8555],[169.7593,68.8215],[169.6869,68.8212],[169.5915,68.8496],[169.5635,68.8781],[169.5948,68.9303],[169.5607,69.0414],[169.5286,69.0761],[169.4244,69.1221],[169.1997,69.133],[168.9984,69.206],[168.7675,69.255],[168.4094,69.2692],[168.3699,69.3744],[168.438,69.5259],[168.4202,69.5691],[168.8733,69.5074],[169.1797,69.5047],[169.2774,69.5175],[169.3931,69.5714],[169.4653,69.6566],[169.4525,69.7106],[169.547,69.7437],[169.614,69.8089],[169.5821,69.8724],[169.4956,69.9291],[169.4173,69.9548],[169.1285,69.9989],[168.9679,69.9908],[168.5709,70.0683],[168.1651,70.0509],[167.9051,69.9882],[167.7776,69.9309],[167.622,69.8168],[167.492,69.7489],[167.1,69.5846],[166.971,69.561],[166.719,69.5873],[166.5522,69.5571],[166.4065,69.5538],[166.2045,69.5653],[165.8285,69.6212],[165.2607,69.6448],[164.9577,69.6198],[164.6738,69.6284],[164.383,69.7006],[164.2455,69.7823],[164.0646,69.8028],[163.8977,69.7926],[163.7846,69.7373],[163.6929,69.7248],[163.2775,69.7576],[162.8044,69.6948],[162.6356,69.7209],[162.4782,69.7112],[162.341,69.7282],[162.141,69.6809],[162.0829,69.7033],[161.9935,69.711],[161.2826,69.6546],[161.1762,69.7024],[160.9807,69.7356],[160.8755,69.7319],[160.7975,69.7007],[160.4377,69.729],[159.9437,69.8249],[159.9302,69.913],[160.0091,69.9654],[160.0925,70.057],[160.157,70.1588],[160.2275,70.2127],[160.2508,70.2618],[160.1793,70.419],[160.0432,70.5465],[159.7818,70.6967],[159.3052,70.8523],[158.5793,71.0021],[158.1274,71.0581],[157.2956,71.1142],[156.0226,71.1315],[154.5104,71.0172],[153.9212,70.9415],[153.1095,70.8787],[152.5645,70.8761],[152.4526,70.892],[152.3156,70.9456],[152.2449,70.9846],[152.1704,71.063],[152.0797,71.1074],[151.9732,71.2061],[151.8078,71.3059],[151.7094,71.3447],[151.3793,71.4596],[151.1312,71.5024],[150.9108,71.5146],[150.352,71.6945],[150.2328,71.7119],[150.2229,71.7968],[150.2805,71.8369],[150.2922,71.8854],[150.223,71.9726],[149.9662,72.1011],[149.7138,72.1781],[149.4084,72.244],[148.4824,72.3711],[147.6748,72.3901],[147.061,72.3644],[146.8809,72.4073],[146.0282,72.5316],[144.3995,72.6929],[143.3604,72.7442],[142.1144,72.7651],[141.7308,72.8091],[141.4903,72.8818],[140.8871,72.9313],[140.6187,72.9129],[140.5318,72.8749],[140.5531,72.819],[140.5917,72.7781],[140.802,72.6822],[140.8088,72.5989],[140.7676,72.5743],[140.5191,72.5369],[140.276,72.5793],[140.1745,72.5687],[140.0441,72.53],[139.8626,72.5493],[139.4945,72.5339],[139.1462,72.4022],[138.9998,72.3104],[138.9604,72.2499],[138.9747,72.2039],[139.0044,72.1741],[139.0987,72.1384],[139.2321,72.1251],[139.2502,72.0457],[139.193,71.9683],[139.1894,71.9262],[139.2086,71.9014],[139.335,71.8654],[139.5492,71.8718],[139.5978,71.8129],[139.6103,71.6878],[139.6634,71.6248],[139.633,71.5486],[139.4146,71.555],[139.2932,71.6174],[139.2189,71.6338],[139.1523,71.7236],[139.0677,71.7652],[138.9769,71.7831],[138.9108,71.8676],[138.876,71.887],[138.6458,71.9349],[138.4649,71.9492],[138.35,71.9349],[138.1724,71.8626],[138.1613,71.8406],[138.1972,71.809],[138.206,71.7232],[138.0688,71.6539],[138.0207,71.6459],[137.7976,71.6585],[137.4278,71.6508],[137.2219,71.6399],[136.9288,71.5982],[136.6598,71.6494],[136.4991,71.6464],[136.0863,71.7041],[135.7765,71.7106],[135.5387,71.6858],[134.8851,71.5562],[134.7314,71.5191],[134.5736,71.439],[134.3283,71.4143],[134.1484,71.4243],[133.7025,71.5034],[133.4983,71.5591],[133.2989,71.6416],[133.1714,71.7332],[133.2186,71.8038],[133.4173,71.794],[133.4962,71.8157],[133.5237,71.8473],[133.4527,71.9247],[133.3095,71.9874],[133.2001,72.0167],[133.0888,72.0259],[132.7137,72.0043],[132.5669,71.9756],[132.4648,71.9335],[132.16,71.7239],[132,71.5495],[131.8417,71.2748],[131.7772,71.2216],[131.6964,71.1836],[131.6398,71.1308],[131.6358,71.0212],[131.6008,70.9758],[131.3671,70.8285],[131.2532,70.7823],[131.1806,70.7752],[131.0474,70.8935],[131.0032,70.9811],[130.9654,71.0026],[130.8066,71.0161],[130.6645,70.975],[130.5015,70.9617],[130.2792,71.1033],[129.9828,71.1386],[129.91,71.2381],[129.8688,71.262],[129.6502,71.3109],[129.5934,71.3704],[129.5226,71.4692],[129.4954,71.5376],[129.453,71.5783],[129.4747,71.6607],[129.6922,71.6515],[129.8009,71.5734],[129.8584,71.478],[129.937,71.4476],[130.1359,71.4502],[130.2002,71.4766],[130.2282,71.5203],[130.2159,71.5792],[130.1352,71.6325],[130.0197,71.6651],[129.8603,71.6641],[129.7748,71.7318],[129.5773,71.8201],[129.4853,71.8906],[129.4829,71.9814],[129.5725,72.0468],[129.751,72.1242],[129.7962,72.231],[129.7801,72.2676],[129.792,72.3518],[129.8104,72.3719],[129.811,72.4594],[129.7742,72.5745],[129.7517,72.5948],[129.7354,72.6755],[129.7199,72.817],[129.7595,72.8835],[129.7357,73.0025],[129.6057,73.0721],[129.2175,73.1844],[129.0766,73.244],[128.7248,73.3343],[128.6096,73.3831],[128.2728,73.4774],[127.9285,73.5503],[127.668,73.5738],[127.0006,73.5705],[126.7095,73.5118],[126.6492,73.5143],[126.3686,73.5976],[126.2588,73.6806],[126.034,73.7308],[125.9086,73.7349],[125.727,73.703],[125.4816,73.6886],[125.2314,73.7487],[125.0077,73.7542],[125.0065,73.84],[125.1187,73.8758],[125.1371,73.8943],[125.1289,73.9139],[125.0529,73.941],[124.776,73.9809],[124.6437,73.9841],[124.3347,73.9575],[124.1419,73.9125],[123.9886,73.8574],[123.6945,73.8726],[123.6039,73.8578],[123.5574,73.8309],[123.4699,73.8425],[123.494,73.9267],[123.404,74.0184],[123.3099,74.0406],[123.1725,74.0419],[123.0002,74.0022],[122.9697,73.9761],[122.9128,73.8763],[122.9182,73.8469],[122.9425,73.8282],[123.0868,73.792],[123.1227,73.7119],[123.0549,73.6524],[122.9838,73.489],[123.1666,73.2057],[123.2224,73.1652],[123.2378,73.0808],[123.2092,73.0567],[123.1202,73.0379],[122.9971,73.0975],[122.8335,73.1306],[122.323,73.1268],[122.0077,73.066],[121.8835,72.997],[121.7864,73.0195],[121.5952,73.0255],[121.1387,72.9817],[120.9203,73],[120.6945,73.0406],[120.6568,73.0578],[120.6158,73.1417],[120.5734,73.1696],[120.108,73.2349],[119.5585,73.2098],[119.1756,73.15],[118.8222,73.1849],[118.8142,73.2729],[118.9561,73.3063],[119.056,73.4006],[119.1603,73.4318],[119.197,73.4533],[119.2162,73.486],[119.1746,73.5247],[119.0923,73.5511],[118.6929,73.6113],[117.4229,73.633],[116.6403,73.7196],[116.3061,73.7133],[115.4962,73.7656],[115.1819,73.7416],[114.7484,73.6481],[114.2023,73.6491],[113.7204,73.5859],[113.3373,73.8939],[113.1391,73.9549],[113.0433,74.0097],[113.0553,74.0845],[113.0908,74.1108],[113.3963,74.1797],[113.6535,74.3215],[113.6903,74.3706],[113.6824,74.4039],[113.6493,74.4371],[113.4978,74.5061],[113.2365,74.5564],[113.2043,74.6379],[113.2187,74.6598],[113.2014,74.6931],[113.0767,74.7319],[112.9114,74.7392],[112.7595,74.7115],[112.7172,74.6808],[112.7206,74.6308],[112.656,74.5734],[112.1269,74.6106],[112.1067,74.6947],[112.3336,74.8194],[112.4041,74.8396],[112.63,74.8457],[113.011,74.9304],[113.7136,75.1842],[113.8364,75.2467],[113.8954,75.2973],[113.9655,75.4294],[113.9382,75.5038],[113.9323,75.5926],[114.0037,75.6773],[114.1351,75.7801],[114.126,75.8929],[114.0698,75.9458],[113.8366,76.0071],[113.766,76.0443],[113.6879,76.1625],[113.6257,76.2053],[113.6286,76.2881],[113.7086,76.3249],[113.7174,76.3723],[113.5759,76.4487],[113.357,76.5098],[112.9367,76.5309],[112.7751,76.6326],[112.6154,76.67],[112.345,76.6954],[112.0019,76.6806],[111.3672,76.8129],[110.8482,76.8458],[110.6662,76.8397],[110.4638,76.8033],[109.9179,76.7525],[109.4614,76.8077],[108.6867,76.757],[108.3572,76.7984],[107.9787,76.7929],[107.7895,76.7677],[107.7144,76.7356],[107.705,76.7242],[107.7233,76.648],[107.6851,76.5701],[107.444,76.5879],[107.1194,76.5762],[107.0828,76.6533],[107.1068,76.6759],[107.3344,76.7488],[107.4549,76.7704],[107.6591,76.8598],[107.7898,76.8912],[107.9929,76.8847],[108.3631,76.936],[108.4524,76.9601],[108.472,76.9874],[108.3371,77.039],[108.174,77.0645],[107.8415,77.0496],[107.6377,76.9912],[107.4815,77.0478],[107.1644,77.0745],[107.1737,77.1601],[107.5063,77.1614],[107.8387,77.2112],[107.9517,77.2427],[108.0116,77.3037],[107.9687,77.3468],[107.7105,77.4437],[107.4577,77.4518],[107.353,77.4351],[107.3016,77.4108],[107.2215,77.4457],[107.1945,77.4768],[107.0627,77.5068],[106.8528,77.5218],[106.6624,77.5089],[106.479,77.5674],[106.2238,77.5702],[106.0167,77.6028],[105.3831,77.6064],[105.1772,77.6313],[104.9165,77.7209],[104.232,77.7744],[103.9441,77.7588],[103.589,77.6802],[103.1752,77.6772],[102.7949,77.6107],[102.6646,77.5612],[102.522,77.5675],[102.3705,77.5519],[102.2499,77.5192],[102.1815,77.4389],[101.8878,77.3972],[101.6998,77.3042],[101.1642,77.1375],[101.0045,77.0365],[100.8365,76.978],[100.7747,76.9293],[100.4607,76.974],[100.2997,76.961],[100.2153,76.9282],[100.2311,76.8962],[100.3253,76.871],[100.595,76.8716],[100.6679,76.8475],[100.7638,76.7721],[100.8877,76.7174],[100.9224,76.6408],[100.9148,76.6281],[100.8298,76.5803],[100.717,76.5498],[100.4355,76.5183],[100.061,76.5244],[99.6793,76.5058],[99.4864,76.5099],[99.0319,76.5591],[98.7966,76.5468],[98.6441,76.5125],[98.5942,76.4783],[98.61,76.4451],[98.7179,76.3973],[98.6996,76.3115],[98.2763,76.23],[97.9887,76.2064],[97.668,76.1428],[97.3627,76.1613],[97.3245,76.2241],[97.4337,76.353],[97.5653,76.3658],[97.6717,76.4006],[97.6928,76.5237],[97.8487,76.5558],[97.8891,76.5851],[97.9079,76.6357],[97.9558,76.6518],[98.1838,76.6574],[98.3056,76.6976],[98.3158,76.7197],[98.3054,76.7348],[98.2398,76.7638],[98.1889,76.8237],[98.2167,76.9189],[98.1118,76.9612],[97.9412,76.9744],[97.6709,76.9553],[97.4898,76.918],[97.2322,76.9018],[97.1173,76.9017],[96.8781,76.9412],[96.602,76.9244],[96.6114,77.0097],[96.7733,77.0786],[96.8165,77.1178],[96.8175,77.1393],[96.6738,77.2166],[96.3751,77.232],[95.8245,77.1294],[95.5988,77.1127],[95.3335,77.0707],[95.114,77.0182],[95.0271,76.9779],[95.0429,76.946],[95.1153,76.9245],[95.3967,76.9126],[95.4708,76.8527],[95.4463,76.7782],[95.0905,76.7829],[94.6391,76.8276],[94.3914,76.8208],[94.1941,76.7586],[94.1243,76.6846],[93.9763,76.688],[93.8513,76.6723],[93.7982,76.6536],[93.6976,76.58],[93.729,76.5364],[93.8231,76.5105],[94.4207,76.4793],[94.4377,76.3933],[94.3391,76.3622],[94.3262,76.2503],[94.196,76.22],[94.1104,76.2122],[93.8737,76.233],[93.7496,76.2182],[93.5077,76.158],[93.1889,76.1646],[92.658,76.0575],[92.5243,76.0523],[92.2589,76.1086],[92.1204,76.1219],[91.3844,76.101],[91.2415,76.0733],[91.2224,76.0432],[91.2508,76.0241],[91.4415,75.999],[91.4483,75.9144],[91.4195,75.8795],[91.5046,75.845],[91.4998,75.7601],[91.408,75.7263],[91.2377,75.7449],[90.9848,75.7178],[90.8233,75.7192],[90.373,75.6461],[89.8183,75.6588],[89.648,75.6363],[89.5081,75.5945],[89.3862,75.5862],[89.3558,75.5869],[89.3311,75.6701],[89.3391,75.6933],[89.3205,75.7136],[89.1613,75.7441],[88.9467,75.7311],[88.7533,75.7574],[88.6003,75.757],[88.2824,75.7403],[87.7211,75.671],[87.6701,75.6478],[87.6517,75.6133],[87.7044,75.5855],[87.7907,75.571],[88.1303,75.5827],[88.3184,75.6377],[88.5311,75.6522],[88.7264,75.611],[88.9434,75.6214],[88.9889,75.5496],[88.9288,75.4881],[88.5947,75.434],[88.4722,75.3656],[88.3286,75.3163],[88.0362,75.323],[87.8944,75.3017],[87.8522,75.2722],[87.864,75.251],[87.8334,75.1681],[87.091,75.2095],[86.7598,75.1527],[86.7111,75.1276],[86.6222,75.0343],[86.1902,75.015],[86.0117,74.95],[85.1846,74.9385],[85.0724,74.925],[84.9109,74.8667],[84.8834,74.7589],[84.8952,74.7371],[84.8875,74.6477],[84.7133,74.6134],[84.5987,74.5594],[84.2425,74.5234],[84.0929,74.4927],[84.0507,74.4616],[84.0566,74.4384],[84.1175,74.3821],[84.1748,74.3587],[84.3268,74.3434],[84.5008,74.3621],[84.6785,74.3566],[84.7331,74.2876],[84.7689,74.267],[85.0172,74.2371],[85.0471,74.1637],[84.9801,74.0849],[84.6013,74.1008],[84.1279,74.0677],[83.8784,74.0779],[83.6449,74.1569],[83.3001,74.1894],[83.0918,74.1768],[82.9149,74.1445],[82.8337,74.1489],[82.719,74.1871],[82.535,74.1901],[82.3575,74.1596],[82.2612,74.1103],[82.263,74.0867],[82.2962,74.0551],[82.4719,74.01],[82.7153,74.0006],[83.0439,74.027],[83.3479,73.9963],[83.6244,74.0169],[83.8017,73.958],[84.3298,73.9143],[84.3918,73.8412],[84.3704,73.7622],[83.3787,73.6919],[82.3942,73.7015],[81.5737,73.6735],[81.2013,73.635],[81.0613,73.6376],[80.8696,73.6146],[80.6202,73.6196],[80.2208,73.5892],[79.9817,73.5362],[79.9619,73.4686],[79.9721,73.4485],[80.1508,73.3842],[80.1856,73.3047],[80.1428,73.1621],[80.1951,73.1333],[80.301,73.114],[80.4312,73.0377],[80.5458,73.0196],[80.6489,72.9587],[80.6614,72.8665],[80.6156,72.7927],[80.5052,72.7259],[80.5265,72.6202],[80.5669,72.5889],[80.5886,72.5185],[80.5459,72.4331],[80.6005,72.3843],[80.7242,72.3447],[80.7835,72.2878],[80.8905,72.2245],[80.8844,72.1263],[80.179,72.2242],[79.83,72.3348],[79.5549,72.3987],[78.5998,72.4357],[78.4449,72.5629],[78.2481,72.609],[77.901,72.6453],[77.5911,72.6546],[77.3504,72.6096],[77.1452,72.5354],[77.0229,72.4594],[76.8514,72.4271],[76.7605,72.3868],[76.6771,72.3093],[76.7071,72.186],[76.6802,72.1041],[76.1955,72.0371],[75.8997,71.9499],[75.8141,71.9039],[75.8175,71.8817],[75.8769,71.8397],[75.9557,71.7429],[76.1527,71.5625],[76.2358,71.5244],[76.5772,71.4248],[77.0103,71.3588],[77.1436,71.304],[77.1313,71.2182],[75.9356,71.2687],[75.5386,71.3334],[75.5335,71.4169],[75.6592,71.5138],[75.6726,71.6481],[75.6337,71.6896],[75.4755,71.7376],[75.4264,71.7738],[75.4223,71.8576],[75.5732,71.9525],[75.6833,72.1178],[75.8709,72.167],[75.9144,72.2052],[75.8525,72.3269],[75.7592,72.3708],[75.768,72.4539],[75.8169,72.4695],[75.8523,72.5023],[75.8338,72.5447],[75.6622,72.6289],[75.6478,72.7106],[75.6584,72.7475],[75.6359,72.7676],[75.0849,72.9216],[75.0658,73.0064],[75.0933,73.036],[75.0301,73.0768],[74.7085,73.1449],[74.5087,73.1677],[74.2886,73.1625],[74.0902,73.1204],[73.962,73.0536],[73.9409,73.0255],[73.9461,72.9754],[74.1739,72.8817],[74.5681,72.7842],[74.7483,72.6743],[74.7985,72.6091],[74.866,72.4663],[74.889,72.3122],[74.8711,72.2392],[74.7481,72.1552],[74.6107,72.1076],[74.2832,72.0294],[73.5534,71.8942],[73.3391,71.8275],[73.2786,71.7744],[73.3053,71.6575],[73.2521,71.5918],[72.9902,71.4983],[72.8657,71.4061],[72.88,71.3759],[72.9278,71.3511],[73.218,71.283],[73.4271,71.195],[73.592,71.0275],[73.6841,70.9824],[73.7491,70.8667],[73.7882,70.8297],[74.1007,70.6761],[74.1529,70.6015],[74.1446,70.5085],[74.0848,70.4485],[73.5512,70.1382],[73.5475,70.1073],[73.603,70.0059],[73.5975,69.9848],[73.5448,69.8931],[73.4926,69.8299],[73.4252,69.7936],[73.3983,69.7393],[73.5103,69.5998],[73.663,69.5207],[73.7428,69.4373],[73.7368,69.3352],[73.6545,69.2286],[73.6408,69.1682],[73.7667,69.0529],[73.8754,69.0282],[74.0683,69.0292],[74.3587,69.0815],[74.5357,69.0749],[74.6574,69.0374],[74.8037,69.0248],[75.2144,69.0664],[75.3351,69.1363],[75.5314,69.1927],[75.6058,69.2029],[75.7743,69.1869],[75.9952,69.19],[76.2854,69.1163],[76.2694,69.0283],[76.0942,69.0188],[75.6006,68.9475],[75.3804,68.9389],[74.7715,68.8443],[74.5223,68.7841],[74.3594,68.7249],[74.3227,68.6933],[74.303,68.6484],[74.2934,68.4731],[74.1975,68.385],[74.1929,68.3545],[74.2346,68.318],[74.4685,68.2135],[74.6385,68.0287],[74.6779,67.9604],[74.6761,67.8886],[74.6563,67.8008],[74.6033,67.7147],[74.4043,67.6139],[74.0501,67.4902],[73.9714,67.4436],[73.7829,67.2949],[73.7823,67.1508],[73.7193,67.0468],[73.6493,66.9984],[73.5246,66.9653],[73.3791,66.8692],[72.9181,66.7607],[72.8143,66.6994],[72.3686,66.634],[72.1707,66.5248],[72.1297,66.4118],[71.9833,66.3036],[71.9113,66.3041],[71.6653,66.3692],[71.2953,66.4047],[71.2896,66.4904],[71.711,66.6187],[71.7797,66.6909],[71.7566,66.7455],[71.7724,66.8282],[72.1331,67.0047],[72.2377,67.0848],[72.3327,67.1177],[72.3657,67.1517],[72.3664,67.2],[72.4212,67.2682],[72.5215,67.2986],[72.616,67.4607],[72.7508,67.553],[72.9053,67.5768],[73.2362,67.6756],[73.2597,67.7027],[73.2755,67.8034],[73.3307,67.8484],[73.335,67.9204],[73.2168,68.0324],[73.2078,68.1182],[73.2898,68.2261],[73.3253,68.2495],[73.5109,68.3291],[73.7029,68.3766],[73.7558,68.4196],[73.7665,68.4663],[73.7462,68.5177],[73.7023,68.5613],[73.2257,68.7617],[72.891,68.854],[72.7754,68.9231],[72.6704,69.0187],[72.64,69.0751],[72.6326,69.166],[72.7658,69.2738],[72.7503,69.3312],[72.8006,69.4742],[72.7892,69.5077],[72.7189,69.5829],[72.7221,69.6689],[72.8074,69.736],[72.8325,69.8034],[72.7894,69.8873],[72.6994,69.9562],[72.6884,70.0413],[72.7486,70.1364],[72.7154,70.1964],[72.6682,70.2259],[72.6657,70.3121],[72.8435,70.3597],[72.8936,70.4169],[72.9018,70.5056],[72.8734,70.5542],[72.8688,70.6445],[72.9131,70.7223],[72.9332,70.8642],[72.82,70.9503],[72.8283,71.0665],[72.7083,71.1574],[72.2374,71.2934],[72.0599,71.4228],[72.0623,71.5132],[72.2648,71.5602],[72.4712,71.6741],[72.5308,71.8176],[72.6435,71.8681],[72.7287,72.0112],[72.7921,72.0601],[72.8671,72.091],[72.9209,72.2028],[73.0167,72.2469],[73.0234,72.277],[72.9649,72.3772],[72.988,72.456],[73.1782,72.5337],[73.159,72.6782],[73.0739,72.7181],[72.9223,72.7497],[71.7849,72.9211],[71.792,73.0073],[71.8795,73.0256],[71.9168,73.0593],[71.8806,73.1436],[71.7908,73.2462],[71.4363,73.4399],[71.1857,73.4975],[70.9788,73.5239],[70.7712,73.5282],[70.2172,73.4842],[69.9497,73.4318],[69.8529,73.3945],[69.8268,73.3654],[69.8552,73.2675],[69.85,73.1834],[69.7772,73.0633],[69.7164,73.0066],[69.458,73.0064],[69.2698,72.9783],[69.2143,72.9522],[69.0579,72.8217],[68.8453,72.7042],[68.662,72.4374],[68.5982,72.2697],[68.3903,71.9191],[68.1898,71.7495],[67.8763,71.575],[67.4744,71.466],[67.2457,71.3855],[66.8079,71.3016],[66.6999,71.1979],[66.4549,71.0225],[66.2931,70.8286],[66.2661,70.7572],[66.2602,70.6737],[66.2716,70.6128],[66.3259,70.5404],[66.4652,70.4558],[66.7259,70.3618],[66.841,70.3363],[66.9551,70.3349],[66.9914,70.2551],[66.9739,70.2179],[66.9844,70.1873],[66.9749,70.1213],[66.7905,70.0386],[66.6949,69.9085],[66.6497,69.7944],[66.6401,69.7149],[66.663,69.5512],[66.847,69.3726],[67.0335,69.3172],[67.1847,69.3094],[67.2751,69.328],[67.4333,69.4097],[67.8409,69.4382],[67.8769,69.3609],[67.8775,69.3217],[67.9612,69.2109],[68.1858,69.0722],[68.334,68.9484],[68.5525,68.8747],[68.9214,68.8376],[68.77,68.6191],[68.4414,68.3799],[68.418,68.3424],[68.3019,68.4267],[67.9824,68.4971],[67.732,68.6132],[67.4581,68.7079],[67.5303,68.7321],[67.5509,68.7715],[67.5207,68.8073],[67.416,68.8549],[66.7042,68.9328],[66.5627,69.0213],[66.3329,69.1063],[65.386,69.2362],[65.2408,69.3011],[65.1096,69.3215],[64.6309,69.4795],[64.3911,69.5451],[63.9527,69.6339],[62.7639,69.7731],[62.2237,69.7812],[61.8811,69.8005],[61.7655,69.8238],[61.5576,69.8201],[61.4838,69.8302],[61.3007,69.9023],[61.1984,69.9169],[61.0021,69.8979],[60.8253,69.9166],[60.6217,69.878],[60.6391,69.9136],[60.5793,69.958],[60.365,70.0162],[60.2104,70.0818],[60.2063,70.106],[60.1569,70.1322],[59.9748,70.1471],[59.9056,70.1909],[59.7064,70.2508],[59.553,70.3345],[59.5136,70.3732],[59.2378,70.46],[59.1832,70.5022],[59.0703,70.5208],[58.981,70.5147],[58.8553,70.4797],[58.7031,70.5124],[58.5596,70.5005],[58.5054,70.4601],[58.5456,70.4128],[58.3755,70.4216],[58.2616,70.3978],[58.2398,70.3788],[58.2415,70.3538],[58.2971,70.3044],[58.2014,70.2888],[58.158,70.2514],[58.2072,70.1859],[58.3876,70.1344],[58.4773,70.0349],[58.5561,69.9894],[58.6797,69.9324],[58.8347,69.8934],[58.8925,69.8489],[58.9763,69.8185],[59.0889,69.8003],[59.2015,69.803],[59.305,69.7646],[59.4128,69.7643],[59.3645,69.7338],[59.3754,69.7031],[59.5093,69.6635],[59.9397,69.6071],[60.0369,69.6088],[60.0267,69.5561],[60.0585,69.5291],[60.0786,69.4843],[60.4807,69.2347],[60.4917,69.2134],[60.4816,69.1443],[60.5287,69.0892],[60.619,69.0526],[60.7814,69.0352],[60.8075,68.9754],[60.7851,68.9256],[60.6617,68.8836],[60.5916,68.8227],[60.4215,68.7479],[60.1243,68.7311],[60.0184,68.7591],[59.9183,68.7622],[59.8475,68.7461],[59.6922,68.6738],[59.6561,68.6394],[59.6769,68.5807],[59.8031,68.5014],[59.8305,68.4537],[59.7305,68.4046],[59.6414,68.3841],[59.2666,68.4394],[59.3268,68.5202],[59.2715,68.5639],[59.3296,68.6156],[59.5466,68.6281],[59.607,68.6503],[59.629,68.6813],[59.6208,68.7017],[59.5546,68.737],[59.5685,68.7787],[59.5474,68.8055],[59.4486,68.8345],[59.3069,68.9086],[59.4041,68.9223],[59.4554,68.9458],[59.5649,68.9415],[59.6532,68.9606],[59.6874,68.9902],[59.657,69.0511],[59.4917,69.1254],[59.4622,69.1539],[59.4496,69.2325],[59.3991,69.2729],[59.222,69.3295],[58.9243,69.3853],[58.8466,69.4304],[58.7308,69.4453],[58.7245,69.4881],[58.6571,69.5238],[58.4367,69.5361],[58.3403,69.5043],[58.3067,69.4679],[58.3141,69.4468],[58.3777,69.4158],[58.4903,69.3985],[58.4858,69.3779],[58.5135,69.3526],[58.7621,69.2573],[59.0465,69.2028],[59.0928,69.1208],[59.1543,69.0829],[59.2383,69.0628],[59.2638,69.0328],[59.0329,69.0388],[58.7462,69.0144],[57.7206,68.8238],[57.2091,68.7731],[57.1269,68.7496],[57.023,68.6854],[57.0173,68.6599],[57.0323,68.6399],[57.1395,68.6085],[57.2477,68.6151],[57.3536,68.6582],[57.3469,68.6161],[57.2662,68.584],[57.0938,68.5799],[56.9708,68.5983],[56.8638,68.645],[56.6603,68.6744],[56.3268,68.6413],[56.1771,68.6845],[56.0439,68.6973],[55.8812,68.6836],[55.603,68.6048],[55.3401,68.6019],[54.8925,68.457],[54.8112,68.3736],[54.7105,68.3307],[54.7124,68.2869],[54.7651,68.2552],[54.7535,68.2411],[54.6346,68.3248],[54.5649,68.3435],[54.5514,68.3759],[54.4949,68.3986],[54.3689,68.4039],[54.2295,68.3753],[54.1216,68.3845],[54.0933,68.3994],[54.0781,68.4769],[54.041,68.5311],[53.8799,68.628],[53.9884,68.6763],[54.0047,68.696],[54.0047,68.7423],[54.1065,68.7773],[54.191,68.7542],[54.4107,68.7335],[54.4997,68.7472],[54.5567,68.7821],[54.5539,68.8027],[54.5186,68.8274],[54.3877,68.8649],[54.092,68.8774],[54.4326,68.9045],[54.5617,68.8836],[54.7804,68.9005],[54.9159,68.8624],[55.0335,68.8592],[55.1472,68.8772],[55.2716,68.8473],[55.4034,68.8487],[55.5808,68.8195],[55.7137,68.8459],[55.7467,68.8875],[55.7439,68.9112],[55.6696,68.9465],[55.5069,68.9756],[55.224,68.9773],[55.1379,68.9646],[55.0191,68.9846],[54.9123,69.0243],[54.7798,69.0188],[54.5401,69.0428],[54.0418,69.0318],[53.6128,68.9839],[53.357,68.9432],[52.9203,68.8428],[52.0686,68.6052],[51.6917,68.5471],[51.1798,68.5439],[50.96,68.511],[50.781,68.4553],[50.5802,68.3403],[50.0701,68.1595],[49.205,67.9155],[48.9258,67.8818],[48.8537,67.8937],[48.6827,67.9586],[48.5112,67.9541],[48.4625,67.9261],[48.4634,67.9011],[48.6413,67.8213],[48.6294,67.7506],[48.4621,67.6991],[48.3856,67.7173],[48.2956,67.7154],[48.1209,67.6714],[48.0247,67.6931],[47.9461,67.6915],[47.72,67.6055],[47.7024,67.5728],[47.7294,67.5163],[47.8017,67.4608],[47.7598,67.4101],[47.6342,67.3378],[47.6439,67.2557],[47.5582,67.1975],[47.5914,67.1414],[47.6244,67.1221],[47.6223,67.0486],[47.5364,66.9795],[47.4857,66.9657],[47.3339,66.9655],[46.9151,66.8941],[46.7083,66.8797],[46.6409,66.9094],[46.5685,66.9197],[46.3998,66.9123],[46.1984,66.8784],[45.9698,66.9092],[45.9149,66.932],[45.8319,67.0043],[45.8141,67.0467],[45.759,67.0866],[45.7504,67.1389],[45.6902,67.1898],[45.1839,67.3035],[45.0455,67.3571],[45.039,67.3766],[45.0628,67.4318],[45.1292,67.4841],[45.2492,67.5293],[45.3416,67.5283],[45.4227,67.5551],[45.4813,67.6378],[45.4703,67.6725],[45.5504,67.6995],[45.8746,67.7048],[45.9943,67.7335],[46.3497,67.7683],[46.7035,67.7544],[46.8186,67.7893],[46.8476,67.846],[46.8342,67.8996],[46.6705,68.035],[46.6607,68.1334],[46.4301,68.2586],[46.4968,68.284],[46.5136,68.3139],[46.5011,68.3451],[46.4637,68.3714],[46.3891,68.3982],[46.2792,68.4101],[46.0573,68.4816],[45.5044,68.5718],[45.038,68.5997],[44.0896,68.5822],[43.892,68.6255],[43.8151,68.6591],[43.5223,68.7096],[43.2461,68.7123],[43.1734,68.693],[43.1421,68.6598],[43.2046,68.5905],[43.4486,68.4905],[43.8809,68.3641],[44.0824,68.281],[44.0884,68.2076],[44.0565,68.0838],[44.009,68.0095],[44.0279,67.9576],[43.9732,67.8512],[43.9759,67.8121],[44.0058,67.7838],[44.0023,67.761],[43.9378,67.6962],[43.9066,67.6271],[43.8163,67.5477],[43.6731,67.364],[43.6327,67.2625],[43.6452,67.194],[43.6895,67.1591],[43.8589,67.1055],[44.0531,67.1041],[44.1636,67.0455],[44.2007,67.0063],[44.3547,66.9114],[44.3363,66.8792],[44.3498,66.8453],[44.2638,66.8176],[44.2246,66.7786],[44.2633,66.7092],[44.3271,66.667],[44.2507,66.5765],[44.2447,66.5404],[44.1062,66.453],[44.0654,66.3931],[44.0109,66.3514],[43.943,66.2376],[43.81,66.2484],[43.686,66.3321],[43.4637,66.3754],[43.4116,66.4219],[43.3179,66.4583],[43.1298,66.4684],[42.7522,66.4509],[42.6621,66.4907],[42.3772,66.554],[42.2301,66.5676],[42.1138,66.5543],[41.997,66.5144],[41.8465,66.3885],[41.7412,66.3518],[41.6196,66.255],[41.482,66.2017],[41.3822,66.1435],[41.0026,66.0624],[40.6331,66.0185],[40.3218,65.8226],[40.0634,65.7308],[39.7862,65.6674],[39.6755,65.6116],[39.6101,65.5471],[39.5725,65.4495],[39.5873,65.3436],[39.6568,65.2857],[39.7983,65.2101],[39.9057,65.1246],[39.9261,65.0906],[40.0257,65.0315],[40.0841,64.9345],[40.0889,64.8971],[40.1368,64.8433],[39.8753,64.8016],[39.7278,64.7142],[39.6542,64.6075],[39.5801,64.6048],[39.3684,64.6858],[39.1672,64.7144],[38.9522,64.7858],[38.6097,64.8211],[38.4064,64.8968],[38.1544,64.8995],[37.9847,64.93],[37.8399,64.9817],[37.8233,65.0376],[37.7429,65.0799],[37.2468,65.1932],[37.0661,65.2212],[36.9715,65.2199],[36.9212,65.2511],[36.8438,65.2645],[36.7562,65.2581],[36.6799,65.2288],[36.6624,65.1894],[36.7068,65.1539],[36.6976,65.1138],[36.7302,65.0783],[36.6746,64.9927],[36.6081,64.9757],[36.503,64.9875],[36.396,64.977],[36.3192,64.9357],[36.3157,64.8983],[36.3459,64.8408],[36.3779,64.8167],[36.4261,64.6912],[36.5002,64.6653],[36.6145,64.6648],[36.8118,64.4986],[37.0246,64.3617],[37.3132,64.2885],[37.2349,64.246],[37.2397,64.213],[37.2908,64.1837],[37.4028,64.1726],[37.4884,64.2001],[37.5028,64.2204],[37.4885,64.2516],[37.3823,64.2893],[37.4952,64.3251],[37.6239,64.3024],[37.718,64.3214],[37.7948,64.3026],[37.8256,64.2749],[37.7784,64.2416],[37.7729,64.1949],[37.8279,64.1323],[37.8774,64.1123],[37.9144,64.0752],[37.9122,64.0566],[37.814,64.0948],[37.6973,64.0789],[37.6634,64.0504],[37.664,64.0291],[37.7425,63.9839],[37.7647,63.955],[37.5709,63.9308],[37.5191,63.8964],[37.5129,63.8539],[37.4695,63.8443],[37.3942,63.8478],[37.4183,63.8764],[37.4116,63.9079],[37.3059,63.9419],[37.2971,63.9655],[37.2603,63.9874],[37.2794,64.0306],[37.2579,64.0585],[37.3016,64.0733],[37.3291,64.1023],[37.3341,64.1365],[37.3067,64.1654],[37.1772,64.2041],[37.0639,64.189],[37.0211,64.1517],[37.0355,64.121],[37.0967,64.0799],[37.0575,64.0671],[37.0245,64.0937],[36.9699,64.1078],[36.9584,64.1644],[36.8731,64.1996],[36.8272,64.2507],[36.6414,64.3063],[36.6121,64.3461],[36.5458,64.3764],[36.4309,64.3944],[36.334,64.3783],[36.2937,64.4196],[36.2142,64.4425],[36.0272,64.4333],[35.7155,64.4616],[35.6888,64.4791],[35.7375,64.5078],[35.7415,64.545],[35.8177,64.577],[35.832,64.6079],[35.7666,64.6631],[35.6342,64.733],[35.4659,64.738],[35.3651,64.6865],[35.3656,64.6551],[35.389,64.6368],[35.4859,64.6176],[35.5479,64.5788],[35.496,64.5444],[35.4955,64.5121],[35.5288,64.4855],[35.4956,64.4709],[35.4321,64.4614],[35.3502,64.4963],[35.3612,64.5178],[35.352,64.5384],[35.2895,64.5674],[35.2041,64.5727],[35.1317,64.5532],[35.0688,64.5644],[35.2018,64.6452],[35.2058,64.6725],[35.1761,64.7019],[35.2183,64.7229],[35.2326,64.7539],[35.3151,64.7625],[35.3654,64.7915],[35.3666,64.8226],[35.348,64.8417],[35.2315,64.8651],[35.3524,64.8984],[35.4759,64.8943],[35.5389,64.9182],[35.6307,64.9027],[35.8022,64.9042],[36.0748,64.9689],[36.1432,65.0169],[36.1421,65.0495],[36.1185,65.0757],[36.3301,65.1099],[36.3813,65.1329],[36.3951,65.169],[36.3677,65.1968],[36.3194,65.212],[36.1262,65.2131],[36.0159,65.2446],[35.8442,65.2198],[35.6357,65.2183],[35.4882,65.193],[35.4074,65.1625],[35.3749,65.1089],[35.4418,65.0358],[35.3195,64.9967],[35.1656,65.025],[35.1443,65.0871],[35.0974,65.1121],[34.9242,65.1204],[34.9242,65.1584],[34.9056,65.1773],[34.7505,65.2777],[34.6894,65.2948],[34.7009,65.3224],[34.6885,65.3401],[34.8089,65.4033],[34.8297,65.4732],[34.9091,65.5225],[34.9186,65.5629],[35.0435,65.5843],[35.0662,65.6038],[35.068,65.6276],[35.1467,65.6688],[35.1841,65.7482],[35.1667,65.7797],[35.1681,65.8293],[34.9898,65.8965],[34.9478,65.932],[34.8553,65.9502],[34.8215,66.0044],[34.6434,66.102],[34.1976,66.2683],[34.1212,66.2836],[34.0048,66.3529],[33.9939,66.3798],[34.0111,66.4222],[33.9647,66.4569],[33.8821,66.485],[33.7597,66.4869],[33.6767,66.5188],[33.6557,66.5416],[33.809,66.5619],[33.8357,66.5907],[33.8164,66.6219],[34.006,66.6322],[34.1774,66.611],[34.3503,66.5105],[34.4414,66.4881],[34.5903,66.4904],[34.8384,66.5422],[35.1049,66.433],[35.2101,66.4165],[35.3005,66.3723],[35.4838,66.3368],[36.5162,66.2229],[36.7528,66.2309],[36.9276,66.2113],[37.2909,66.1541],[37.5863,66.0692],[37.8482,66.0381],[38.3899,66.0034],[38.7491,66.0125],[38.9589,66.0554],[39.1524,66.0525],[39.5184,66.1322],[39.8026,66.162],[40.063,66.209],[40.3487,66.3255],[40.4669,66.3417],[40.6825,66.4279],[40.764,66.4411],[40.8287,66.4826],[40.824,66.5273],[40.843,66.5499],[41.207,66.715],[41.3628,66.8216],[41.4225,66.9391],[41.5038,67.0106],[41.5074,67.0349],[41.4878,67.0569],[41.5303,67.0907],[41.5376,67.1188],[41.4737,67.16],[41.494,67.1991],[41.4437,67.2456],[41.3428,67.2687],[41.2231,67.2717],[41.2495,67.3338],[41.2562,67.4017],[41.2208,67.4549],[41.1443,67.4992],[41.1332,67.5546],[41.1768,67.6273],[41.1057,67.7209],[40.9863,67.7699],[40.856,67.7797],[40.75,67.8372],[40.5228,67.8855],[40.3914,67.949],[40.2309,67.9844],[40.108,68.0381],[40.0424,68.1067],[39.9714,68.1527],[39.8484,68.1952],[39.738,68.2087],[39.6443,68.1943],[39.6017,68.1596],[39.6275,68.1156],[39.4622,68.1485],[39.2965,68.2224],[39.1145,68.2671],[39.0764,68.3064],[38.8497,68.3606],[38.7358,68.4171],[38.4501,68.4524],[38.2219,68.5287],[38.0772,68.6135],[37.9598,68.6509],[37.9202,68.6789],[37.9222,68.7006],[37.9012,68.7204],[37.8074,68.7496],[37.6922,68.7558],[37.6636,68.7928],[37.6276,68.8094],[37.1846,68.9004],[36.8332,69.01],[36.5673,69.073],[36.5092,69.1046],[36.111,69.1867],[35.9588,69.2407],[35.2499,69.3073],[35.0843,69.3006],[35.0077,69.2658],[34.8698,69.3004],[34.5498,69.3128],[34.5441,69.3482],[34.4972,69.3743],[34.2749,69.4224],[34.1227,69.4379],[33.9588,69.4265],[33.868,69.3977],[33.82,69.3619],[33.6222,69.3569],[33.6376,69.3878],[33.6281,69.419],[33.5207,69.4626],[33.2494,69.4773],[32.9047,69.5214],[33.0654,69.5501],[33.2046,69.6141],[33.2689,69.698],[33.2694,69.7301],[33.1577,69.7893],[32.9571,69.8246],[32.6553,69.8522],[32.1189,70.0039],[31.8564,70.005],[31.7773,69.9787],[31.716,69.8924],[31.5855,69.9069],[31.4377,69.8899],[31.3822,69.8513],[31.4014,69.7929],[30.8953,69.845],[30.8176,69.7948],[30.8887,69.7381],[30.8836,69.7089],[30.9458,69.6784],[30.9263,69.6727],[30.9523,69.6132],[30.9395,69.5619],[30.8224,69.5304],[30.5228,69.5406],[30.224,69.6531],[30.1578,69.668],[30.0853,69.6581],[30.0913,69.6428],[30.1378,69.6435],[30.1881,69.5692],[30.1731,69.5345],[30.1241,69.5186],[30.109,69.4654],[29.9634,69.4056],[29.8599,69.424],[29.7277,69.3903],[29.6929,69.3626],[29.5736,69.3187],[29.3896,69.3217],[29.2963,69.2989],[29.2767,69.2533],[29.3137,69.236],[29.2855,69.1689],[29.2537,69.1626],[29.2421,69.113],[29.0414,69.0108],[28.8546,69.0766],[28.8054,69.1112],[28.8303,69.1719],[28.8315,69.2244],[29.2193,69.3976],[29.3365,69.4783],[29.1705,69.639],[29.1339,69.6953],[28.4042,69.8184],[28.3305,69.8492],[28.3453,69.8808],[28.1607,69.921],[27.9843,70.014],[27.977,70.0542],[27.9483,70.0919],[27.7393,70.0644],[27.616,70.075],[27.5543,70.059],[27.5212,70.0225],[27.4286,70.0192],[27.2794,69.9804],[27.2969,69.9536],[27.0356,69.9103],[26.9664,69.9388],[26.8783,69.9334],[26.8534,69.9599],[26.7155,69.9453],[26.6761,69.9646],[26.4853,69.9439],[26.4078,69.8982],[26.4137,69.8815],[26.382,69.8535],[26.2459,69.8174],[26.2402,69.7936],[26.1834,69.7602],[26.1076,69.7297],[25.9993,69.7194],[25.8932,69.6672],[25.954,69.6473],[25.971,69.6041],[25.9329,69.5713],[25.84,69.5453],[25.8766,69.5253],[25.8498,69.4969],[25.8634,69.4836],[25.7973,69.4244],[25.8466,69.3945],[25.8079,69.3583],[25.76,69.3409],[25.7301,69.2635],[25.7022,69.2514],[25.7108,69.2272],[25.6948,69.1948],[25.7417,69.1409],[25.7237,69.1167],[25.7278,69.0759],[25.7752,69.0146],[25.7119,68.9797],[25.6555,68.9098],[25.6196,68.8908],[25.538,68.8869],[25.4889,68.9046],[25.406,68.8923],[25.2445,68.8419],[25.1544,68.797],[25.123,68.7476],[25.1094,68.6373],[24.9189,68.6055],[24.9032,68.5546],[24.8572,68.5622],[24.7834,68.6362],[24.6084,68.6819],[24.251,68.7271],[24.153,68.7536],[24.1586,68.7897],[24.0756,68.78],[23.9833,68.8271],[23.8715,68.8365],[23.7754,68.8189],[23.7311,68.7508],[23.6735,68.7055],[23.4406,68.6922],[23.1676,68.6285],[23.0544,68.6851],[22.8008,68.6875],[22.5354,68.7445],[22.3745,68.7167],[22.3408,68.8272],[22.1919,68.9188],[22.1758,68.9563],[21.6271,69.2766],[21.2788,69.3119],[21.0033,69.2223],[20.9876,69.1919],[21.0556,69.1221],[21.1087,69.1039],[21.0575,69.0363],[20.7173,69.1198],[20.5523,69.0601],[20.6755,69.0182],[20.7954,69.0112],[20.9112,68.9807],[20.9346,68.967],[20.9343,68.949],[20.8876,68.9271],[20.8845,68.9067],[20.9057,68.8946],[21.0721,68.8694],[21.2166,68.8172],[21.3147,68.754],[21.4064,68.7489],[21.4636,68.6869],[21.7168,68.6192],[21.7371,68.5879],[21.9192,68.5682],[22.0722,68.477],[22.3031,68.4761],[22.3711,68.4684],[22.374,68.4563],[22.6622,68.4274],[22.7486,68.3855],[22.8083,68.3949],[22.9037,68.3366],[23.0669,68.2903],[23.1552,68.2174],[23.1498,68.1448],[23.1656,68.122],[23.3065,68.1456],[23.383,68.0512],[23.6622,67.9504],[23.6361,67.9135],[23.5325,67.8932],[23.4813,67.8646],[23.4846,67.7372],[23.5535,67.587],[23.4734,67.555],[23.4847,67.543],[23.4313,67.4855],[23.4772,67.4438],[23.5946,67.4536],[23.7652,67.4201],[23.7514,67.3462],[23.7857,67.3375],[23.7354,67.2897],[23.6027,67.2603],[23.5915,67.225],[23.6149,67.214],[23.574,67.173],[23.5813,67.1531],[23.6666,67.0979],[23.6767,67.0585],[23.7203,67.0169],[23.8167,66.9755],[23.9334,66.8888],[24.0013,66.8124],[23.9992,66.7963],[23.9392,66.7911],[23.8924,66.7509],[23.9032,66.6863],[23.8819,66.6318],[23.8932,66.596],[23.8819,66.5635],[23.6524,66.4588],[23.6423,66.4363],[23.677,66.3636],[23.666,66.3055],[23.7242,66.2066],[23.9114,66.1486],[23.9746,66.0728],[24.0196,66.0489],[24.0553,65.9852],[24.0548,65.9479],[24.1497,65.8637],[24.1222,65.8583],[24.1541,65.8183],[24.128,65.7843],[24.1727,65.7251],[24.1648,65.695],[24.1778,65.6607],[24.1443,65.5572],[24.3277,65.5726],[24.4335,65.6134],[24.5002,65.5704],[24.6762,65.5514],[24.7497,65.462],[24.6972,65.4273],[24.7029,65.357],[24.7926,65.2994],[24.7483,65.2702],[24.7478,65.22],[24.8425,65.1817],[24.8544,65.1515],[24.5944,65.13],[24.4558,65.0707],[24.4402,65.0242],[24.4653,64.9844],[24.5419,64.9338],[24.6359,64.9107],[24.4407,64.8425],[24.4249,64.8243],[24.4342,64.7928],[24.4213,64.7634],[24.3355,64.7593],[24.2607,64.7324],[24.2362,64.7046],[24.2608,64.6594],[24.2421,64.5918],[24.1761,64.5754],[24.0816,64.5049],[23.9814,64.474],[23.8725,64.3948],[23.8199,64.3779],[23.7066,64.2861],[23.643,64.2897],[23.6414,64.3181],[23.6113,64.3445],[23.4974,64.3786],[23.4161,64.3827],[23.3424,64.3595],[23.3252,64.331],[23.3515,64.3002],[23.5091,64.2522],[23.443,64.2174],[23.4223,64.1767],[23.4374,64.149],[23.3372,64.1368],[23.2854,64.11],[23.2539,64.0178],[23.1231,64.0246],[22.9872,63.9871],[22.9345,64.0057],[22.8523,64.0054],[22.6468,63.9634],[22.5204,63.8653],[22.4254,63.7621],[22.4567,63.6944],[22.3832,63.6897],[22.2918,63.6596],[22.2237,63.6064],[22.2212,63.569],[22.1398,63.5709],[22.0791,63.5532],[22.0518,63.5255],[22.0576,63.494],[21.7152,63.5175],[21.6456,63.4962],[21.5911,63.4567],[21.5149,63.4715],[21.4484,63.4634],[21.4128,63.4426],[21.3975,63.4126],[21.2688,63.4468],[21.1904,63.487],[20.988,63.4728],[20.9474,63.442],[20.9485,63.3948],[20.9209,63.3659],[20.9171,63.3235],[21.0538,63.1908],[20.947,63.2058],[20.8482,63.1841],[20.7487,63.1959],[20.6079,63.1598],[20.5916,63.1252],[20.6253,63.0958],[20.6341,63.0603],[20.6987,63.0277],[20.6373,62.9846],[20.6573,62.9395],[20.819,62.8962],[20.8989,62.8928],[20.9917,62.837],[20.9868,62.8144],[21.0067,62.7892],[20.9478,62.7455],[20.9607,62.6882],[20.9304,62.6423],[20.9544,62.6025],[20.9421,62.5644],[21.013,62.4586],[20.9967,62.4092],[21.0543,62.3742],[21.096,62.3017],[21.1876,62.2448],[21.2051,62.1969],[21.1813,62.1153],[21.1861,62.0757],[21.1458,62.0219],[21.1896,61.9564],[21.1806,61.9156],[21.2164,61.8911],[21.2077,61.8386],[21.2523,61.7963],[21.298,61.7812],[21.3042,61.748],[21.2215,61.6472],[21.2812,61.5835],[21.3391,61.5631],[21.3292,61.5314],[21.2415,61.4977],[21.2462,61.4547],[21.2239,61.4217],[21.2886,61.3698],[21.2764,61.3426],[21.2991,61.3115],[21.2525,61.2835],[21.2255,61.2293],[21.2384,61.1859],[21.2018,61.1581],[21.1774,61.1028],[21.1097,61.0755],[21.1066,61.0319],[21.0482,61.0123],[21.0253,60.9738],[20.95,60.9422],[20.9443,60.908],[20.9013,60.8439],[20.976,60.7758],[20.9197,60.7525],[20.9047,60.7171],[20.759,60.6819],[20.7136,60.644],[20.6165,60.636],[20.5044,60.574],[20.3951,60.5546],[20.3312,60.5192],[20.2755,60.5785],[20.1768,60.5866],[20.1149,60.5645],[20.0967,60.5164],[20.0514,60.5048],[19.8307,60.5195],[19.6473,60.4711],[19.5502,60.4726],[19.4853,60.451],[19.3706,60.4459],[19.335,60.423],[19.2805,60.3204],[19.2031,60.3104],[19.1625,60.2782],[19.2091,60.138],[19.3024,60.109],[19.4349,60.1373],[19.5557,60.0816],[19.748,60.0298],[19.8276,59.9838],[19.8949,59.9166],[19.8951,59.8947],[19.785,59.8633],[19.754,59.8384],[19.7598,59.8045],[19.8151,59.7785],[19.9742,59.7886],[20.0425,59.8134],[20.0606,59.8479],[20.2346,59.8709],[20.2733,59.8193],[20.3858,59.809],[20.4675,59.7753],[20.6431,59.775],[20.8257,59.8239],[20.8598,59.7748],[20.9684,59.7215],[21.2453,59.7285],[21.3167,59.7158],[21.3902,59.6845],[21.4167,59.6427],[21.4845,59.6257],[21.5563,59.6376],[21.5938,59.6835],[21.6444,59.6946],[21.751,59.6832],[22.0028,59.719],[22.1739,59.7027],[22.2691,59.7483],[22.304,59.7084],[22.3582,59.6801],[22.5066,59.6723],[22.5758,59.6876],[22.6123,59.7273],[22.6967,59.7083],[22.8503,59.7235],[22.9625,59.6997],[23.017,59.7086],[23.062,59.7375],[23.2568,59.7528],[23.3167,59.7156],[23.4015,59.7141],[23.4979,59.744],[23.6147,59.7439],[23.6758,59.7683],[23.7125,59.8055],[24.0094,59.8603],[24.1179,59.8523],[24.1943,59.8708],[24.2353,59.8321],[24.3252,59.8198],[24.5492,59.9118],[24.6874,59.9484],[24.7241,59.9855],[24.8489,60.0331],[24.9069,60.0433],[25.0325,60.0263],[25.2783,60.0759],[25.3398,60.056],[25.441,60.0558],[25.4935,60.0673],[25.5346,60.0984],[25.6827,60.0774],[25.7657,60.1084],[26.0584,60.1492],[26.2891,60.1142],[26.3542,60.1481],[26.3336,60.2018],[26.4847,60.2196],[26.6086,60.2011],[26.7499,60.2668],[26.8181,60.257],[26.9044,60.276],[26.9422,60.2079],[27.0258,60.1873],[27.1485,60.2119],[27.3043,60.217],[27.4874,60.2785],[27.5787,60.2545],[27.5358,60.2155],[27.5594,60.1746],[27.6799,60.1576],[27.7478,60.1726],[27.7828,60.2066],[27.7532,60.2459],[27.6376,60.2664],[27.7113,60.3046],[27.7267,60.3444],[27.8204,60.3896],[27.903,60.3536],[27.9604,60.3544],[28.0425,60.381],[28.1015,60.3576],[28.1771,60.3585],[28.2302,60.386],[28.2445,60.4303],[28.3319,60.397],[28.3224,60.3474],[28.4447,60.2642],[28.6493,60.2108],[28.7203,60.2152],[28.7919,60.2411],[28.8741,60.2172],[28.9385,60.1541],[28.9904,60.1362],[29.1272,60.113],[29.3724,60.1102],[29.482,60.1144],[29.5932,60.1463],[29.7735,60.1341],[29.5665,60.0692],[29.5356,60.0444],[29.5328,60.0118],[29.2135,60.0414],[29.066,60.0276],[28.905,59.9303],[28.9101,59.8879],[28.9527,59.8548],[28.7459,59.8381],[28.5948,59.8879],[28.5145,59.8953],[28.3917,59.8504],[28.3265,59.7562],[28.1614,59.8518],[28.1027,59.8656],[28.0339,59.8579],[27.9973,59.8379],[27.9824,59.7926],[27.9396,59.7664],[27.9033,59.7099],[27.9049,59.6345],[27.9991,59.5933],[28.0028,59.5702],[27.9402,59.4781],[27.8884,59.4498],[27.6189,59.4632],[27.4141,59.4934],[26.9762,59.4834],[26.7976,59.5614],[26.5963,59.6098],[26.6251,59.6433],[26.6237,59.6702],[26.571,59.7126],[26.5221,59.7248],[26.4528,59.7165],[26.4199,59.6946],[26.417,59.6672],[26.4764,59.6021],[26.4217,59.5985],[26.2815,59.6329],[26.174,59.6306],[26.0811,59.6741],[25.9172,59.6771],[25.8622,59.7181],[25.8074,59.7334],[25.6519,59.7117],[25.5732,59.6809],[25.4569,59.6937],[25.3948,59.6549],[25.2899,59.6711],[25.2162,59.6315],[25.1707,59.6297],[25.0232,59.6879],[24.9472,59.6925],[24.8818,59.6631],[24.8775,59.6109],[24.7439,59.6369],[24.6234,59.5993],[24.5963,59.6309],[24.5542,59.6474],[24.4492,59.6385],[24.3854,59.5891],[24.3825,59.5616],[24.4047,59.5267],[24.294,59.5071],[24.2464,59.461],[24.1093,59.4309],[24.0333,59.4365],[23.9555,59.4089],[23.8038,59.3867],[23.7708,59.3645],[23.7682,59.3311],[23.5634,59.2688],[23.5227,59.2757],[23.4843,59.3211],[23.4202,59.3453],[23.3148,59.3443],[23.2779,59.3239],[23.2715,59.2919],[23.311,59.2581],[23.4006,59.224],[23.3899,59.1813],[23.4337,59.1306],[23.3512,59.1021],[23.1673,59.0985],[23.0704,59.0737],[23.0182,59.0373],[22.9265,59.0335],[22.7813,59.0495],[22.7798,59.0951],[22.7207,59.1238],[22.5665,59.1394],[22.5087,59.1176],[22.4867,59.0759],[22.4137,59.0594],[22.2943,58.9974],[22.2034,58.9832],[22.0454,58.9943],[21.9725,58.9679],[21.953,58.9461],[21.9562,58.9132],[22.0157,58.8777],[22.1772,58.8333],[22.3519,58.8402],[22.3415,58.8067],[22.3774,58.7606],[22.3733,58.7148],[22.4388,58.6575],[22.4234,58.6282],[22.2671,58.6192],[22.1527,58.586],[22.0763,58.5359],[21.9101,58.5672],[21.7915,58.5431],[21.7481,58.5131],[21.7455,58.4747],[21.7749,58.4431],[21.6801,58.3548],[21.6757,58.3078],[21.8496,58.2006],[21.9578,58.1787],[22.033,58.1274],[21.8867,57.9725],[21.894,57.938],[21.9678,57.8676],[22.0117,57.8501],[22.0825,57.8518],[22.2807,57.9579],[22.2935,57.9758],[22.2852,58.0085],[22.3355,58.0783],[22.3407,58.1371],[22.4513,58.0733],[22.5498,58.046],[22.6433,58.0688],[22.6567,58.101],[22.6411,58.1237],[22.6674,58.1689],[22.7458,58.1128],[22.8527,58.1086],[22.8929,58.1274],[22.9064,58.1595],[22.833,58.2114],[22.9138,58.2504],[23.0343,58.2632],[23.0662,58.3091],[23.15,58.3401],[23.1756,58.3668],[23.3626,58.3823],[23.4658,58.484],[23.5068,58.4992],[23.5493,58.4922],[23.5481,58.4342],[23.6126,58.391],[23.6916,58.3033],[23.8222,58.2856],[23.9014,58.2574],[23.8389,58.2341],[23.8144,58.1981],[23.8617,58.0913],[23.9209,58.056],[23.9735,58.049],[24.056,58.0654],[24.0969,58.0968],[24.1165,58.1547],[24.1912,58.1717],[24.2459,58.2256],[24.376,58.2486],[24.3577,58.1773],[24.3755,58.1446],[24.3659,58.0975],[24.3806,58.0712],[24.3125,57.9838],[24.2382,57.8416],[24.2533,57.7734],[24.2451,57.6998],[24.2706,57.6609],[24.2657,57.5494],[24.3109,57.3673],[24.3141,57.2688],[24.2685,57.2266],[24.141,57.1584],[23.9636,57.1057],[23.8988,57.0593],[23.7437,57.0232],[23.6034,57.0209],[23.5528,57.0765],[23.4049,57.0908],[23.33,57.1231],[23.3257,57.1703],[23.2705,57.245],[23.2685,57.2828],[23.2088,57.3851],[23.0079,57.4482],[22.8743,57.5392],[22.731,57.5971],[22.6648,57.6704],[22.689,57.7742],[22.641,57.8029],[22.5591,57.8049],[21.9904,57.6539],[21.8086,57.6447],[21.6434,57.605],[21.5177,57.4635],[21.4483,57.4293],[21.423,57.3848],[21.3372,57.3093],[21.3301,57.0874],[21.2928,57.0243],[20.9731,56.8517],[20.9677,56.7059],[20.9004,56.5276],[20.9119,56.4519],[20.8851,56.3509],[20.8963,56.2085],[20.9835,56.0419],[20.9657,55.8972],[21.0956,55.8929],[21.1437,55.8725],[21.2295,55.8719],[21.2904,55.852],[21.3645,55.7824],[21.3704,55.7589],[21.348,55.7398],[21.4089,55.6892],[21.458,55.6091],[21.4967,55.5803],[21.5157,55.5017],[21.5962,55.4314],[21.5881,55.4021],[21.6067,55.3728],[21.6686,55.3555],[21.7061,55.3217],[21.7143,55.2928],[21.7575,55.2877],[21.7739,55.3134],[21.8422,55.3217],[21.8662,55.3141],[21.8624,55.2821],[22.0508,55.2306],[22.2137,55.2124],[22.187,55.1981],[22.1855,55.1781],[22.1568,55.175],[22.1837,55.1747],[22.192,55.1528],[22.5383,55.1356],[22.6035,55.0956],[22.5963,55.0257],[22.6417,54.9727],[22.6641,54.9648],[22.6684,54.9869],[22.6816,54.9859],[22.7628,54.9376],[22.7533,54.9188],[22.7775,54.9252],[22.7951,54.903],[22.8205,54.912],[22.8516,54.8903],[22.8397,54.8645],[22.8685,54.8537],[22.8728,54.7955],[22.8485,54.7858],[22.8595,54.7777],[22.8435,54.7666],[22.8124,54.7666],[22.7998,54.7474],[22.7781,54.7521],[22.745,54.7317],[22.7487,54.7065],[22.7243,54.6868],[22.7569,54.6533],[22.745,54.6269],[22.6863,54.5909],[22.7024,54.5543],[22.6804,54.5331],[22.702,54.4572],[22.736,54.4429],[22.803,54.3409],[22.7275,54.2843],[22.5422,54.2689],[22.527,54.233],[22.5706,54.2037],[22.607,54.1278],[22.6361,54.1078],[22.5989,54.0592],[22.6707,54.0289],[22.7144,53.957],[22.7816,53.9198],[22.7796,53.8698],[22.7254,53.8311],[22.7262,53.8048],[22.6967,53.762],[22.6245,53.7529],[22.6102,53.7192],[22.5853,53.7271],[22.5138,53.6991],[22.4673,53.699],[22.2866,53.6235],[22.1745,53.5576],[22.0508,53.5255],[22.0323,53.4995],[21.9897,53.5221],[21.9311,53.5104],[21.8817,53.4616],[21.6947,53.4922],[21.4327,53.4628],[21.2506,53.4199],[21.1143,53.3546],[20.8796,53.2732],[20.8249,53.3043],[20.721,53.3258],[20.6552,53.3176],[20.5389,53.3486],[20.513,53.3342],[20.4636,53.2509],[20.4001,53.1973],[20.2754,53.1427],[20.1653,53.1558],[20.027,53.2146],[19.9828,53.195],[19.9271,53.2271],[19.846,53.1919],[19.8255,53.1734],[19.841,53.1505],[19.7778,53.1551],[19.6896,53.1256],[19.6435,53.1757],[19.6066,53.1777],[19.6061,53.2089],[19.5545,53.2242],[19.5418,53.1752],[19.4906,53.1628],[19.4699,53.1658],[19.4542,53.192],[19.3572,53.1862],[19.3176,53.2161],[19.2511,53.199],[19.1915,53.152],[19.0253,53.104],[18.9747,53.0683],[18.8085,53.0673],[18.7542,53.024],[18.7859,53.0164],[18.7549,52.99],[18.7671,52.9812],[18.7547,52.9765],[18.7622,52.9184],[18.7247,52.8959],[18.6244,52.8878],[18.5949,52.86],[18.626,52.7843],[18.6042,52.7537],[18.5005,52.7398],[18.4999,52.6968],[18.4698,52.689],[18.474,52.6577],[18.4581,52.6463],[18.4803,52.6247],[18.4762,52.5631],[18.4867,52.5629],[18.4729,52.5428],[18.4272,52.5311],[18.4151,52.549],[18.3563,52.5425],[18.3394,52.5199],[18.2565,52.4835],[18.1473,52.5076],[17.9404,52.4203],[17.9441,52.376],[17.8984,52.3761],[17.8953,52.3334],[17.8784,52.3103],[17.8336,52.3009],[17.8445,52.2887],[17.8204,52.2579],[17.6684,52.1926],[17.6434,52.1621],[17.6627,52.142],[17.6607,52.0999],[17.7131,52.0484],[17.8411,51.9903],[17.9622,51.8937],[17.9822,51.8571],[18.0118,51.846],[18.0108,51.7993],[17.9521,51.8041],[17.95,51.7931],[17.9876,51.7799],[17.9853,51.7384],[18.0117,51.7331],[18.0027,51.7157],[18.1199,51.6931],[18.0794,51.6504],[18.0986,51.6027],[18.1828,51.5769],[18.1874,51.5527],[18.1363,51.5221],[18.1329,51.4801],[18.2078,51.4305],[18.146,51.2903],[18.1666,51.2727],[18.1741,51.228],[18.1637,51.1725],[18.4024,51.1244],[18.4458,51.0599],[18.4289,51.025],[18.6214,50.9734],[18.6302,50.9312],[18.6539,50.9215],[18.6163,50.8556],[18.6222,50.8355],[18.7565,50.7764],[18.8714,50.7612],[18.9428,50.7021],[18.9867,50.6879],[18.9832,50.663],[19.063,50.6615],[19.0477,50.6477],[19.0606,50.6348],[19.0957,50.6435],[19.1093,50.6204],[19.0734,50.6161],[19.1082,50.5774],[19.0846,50.5523],[19.0956,50.5134],[19.0015,50.4815],[18.97,50.4119],[18.9803,50.39],[18.9593,50.3831],[19.0562,50.3491],[19.0458,50.3009],[19.135,50.2616],[19.1576,50.2296],[19.2253,50.2589],[19.3202,50.2586],[19.4302,50.2254],[19.5735,50.209],[19.5958,50.1891],[19.6453,50.1988],[19.6961,50.1852],[19.7134,50.163],[19.7625,50.1584],[19.7749,50.1728],[19.8236,50.1619],[19.8193,50.1431],[19.9568,50.1506],[20.0261,50.1208],[20.0346,50.1391],[20.0717,50.1223],[20.1776,50.1487],[20.2034,50.1322],[20.1925,50.0881],[20.2147,50.0545],[20.292,50.0948],[20.3468,50.0954],[20.3403,50.1085],[20.404,50.1267],[20.4102,50.1426],[20.5917,50.1423],[20.7866,50.2885],[20.8359,50.2732],[20.8886,50.3031],[21.0588,50.3164],[21.1336,50.3543],[21.1748,50.3299],[21.3097,50.4214],[21.4489,50.4596],[21.4529,50.4943],[21.6031,50.5202],[21.7291,50.6644],[21.8201,50.6944],[21.8448,50.7681],[21.8748,50.7983],[21.8757,50.7799],[21.979,50.7738],[22.0148,50.7238],[21.9904,50.68],[22.1036,50.6512],[22.1473,50.6688],[22.1979,50.6667],[22.2324,50.6527],[22.2468,50.6221],[22.3516,50.6118],[22.4202,50.5807],[22.3999,50.4857],[22.3128,50.4232],[22.3513,50.3896],[22.3709,50.3453],[22.3923,50.3512],[22.4783,50.317],[22.52,50.3151],[22.5162,50.3483],[22.5451,50.3568],[22.6497,50.3578],[22.6867,50.3464],[22.6197,50.3334],[22.6071,50.3139],[22.7076,50.2912],[22.89,50.3016],[23.0187,50.2869],[23.1873,50.3947],[23.2662,50.3731],[23.3582,50.4105],[23.4322,50.3935],[23.4664,50.4135],[23.4779,50.3841],[23.5788,50.4046],[23.6503,50.3856],[23.6753,50.4016],[23.6817,50.4637],[23.8008,50.4701],[23.8426,50.4555],[23.878,50.4634],[23.9727,50.5376],[24.0496,50.5322],[24.0667,50.5173],[24.0749,50.5394],[24.1255,50.5432],[24.1015,50.5695],[24.0688,50.5701],[24.0616,50.5781],[24.0901,50.594],[24.0547,50.6074],[24.1557,50.6147],[24.167,50.6367],[24.2173,50.5915],[24.2514,50.581],[24.3083,50.574],[24.3263,50.5929],[24.3856,50.6065],[24.413,50.5866],[24.3989,50.5742],[24.4061,50.5609],[24.4501,50.5403],[24.5297,50.5519],[24.5554,50.5135],[24.5228,50.4797],[24.4686,50.4855],[24.4964,50.4601],[24.5004,50.4162],[24.5459,50.4064],[24.5712,50.4283],[24.6547,50.4103],[24.7222,50.3731],[24.7131,50.3436],[24.7802,50.3395],[24.8665,50.3608],[24.8854,50.3588],[24.8854,50.3459],[24.9372,50.3455],[24.9297,50.379],[24.9405,50.3889],[25.0167,50.3418],[25.059,50.3426],[25.0526,50.306],[25.0751,50.2934],[25.2047,50.279],[25.2037,50.2553],[25.1659,50.211],[25.2151,50.18],[25.1971,50.1311],[25.3201,50.0159],[25.4028,49.9861],[25.4009,49.9546],[25.4265,49.9429],[25.4201,49.9156],[25.4612,49.8871],[25.4766,49.8247],[25.5075,49.8147],[25.5395,49.7762],[25.6312,49.7857],[25.6514,49.7429],[25.7407,49.7136],[25.7644,49.7411],[25.8192,49.7549],[25.8223,49.7402],[25.7979,49.7438],[25.8298,49.7276],[25.8709,49.7378],[25.9361,49.7172],[25.9254,49.716],[25.9386,49.7045],[25.9769,49.7183],[26.1234,49.725],[26.1607,49.7137],[26.1753,49.7244],[26.268,49.6712],[26.2662,49.6421],[26.2079,49.6098],[26.2192,49.5522],[26.1753,49.5497],[26.1413,49.5109],[26.1818,49.4878],[26.194,49.4294],[26.2354,49.3987],[26.2226,49.3772],[26.2446,49.3549],[26.2268,49.3502],[26.2264,49.3251],[26.2601,49.2902],[26.2412,49.2781],[26.2594,49.264],[26.2429,49.2416],[26.2051,49.2458],[26.183,49.196],[26.2111,49.1617],[26.1981,49.1626],[26.2039,49.0983],[26.1921,49.0776],[26.2128,49.0744],[26.1842,49.0576],[26.2149,49.013],[26.213,49.0004],[26.1792,48.9989],[26.2077,48.9886],[26.2058,48.9765],[26.1763,48.9717],[26.2036,48.9584],[26.1996,48.9206],[26.1847,48.9179],[26.2245,48.903],[26.2051,48.8981],[26.2027,48.8628],[26.2393,48.8183],[26.259,48.8155],[26.2256,48.8136],[26.236,48.7951],[26.2114,48.8015],[26.2122,48.7832],[26.2344,48.7792],[26.2313,48.7605],[26.246,48.756],[26.2324,48.7505],[26.2438,48.7388],[26.2244,48.6831],[26.2802,48.6681],[26.2738,48.6537],[26.309,48.6547],[26.2879,48.6405],[26.3227,48.6273],[26.2923,48.6261],[26.3528,48.5881],[26.3595,48.5794],[26.3402,48.5747],[26.3622,48.5609],[26.3603,48.5418],[26.3771,48.5478],[26.3754,48.563],[26.4435,48.5387],[26.3938,48.5363],[26.3569,48.5077],[26.3061,48.5081],[26.2735,48.5396],[26.1698,48.5289],[26.153,48.5368],[26.1454,48.5977],[26.1059,48.6179],[26.0956,48.5993],[26.1221,48.5716],[26.12,48.5448],[26.0936,48.5385],[26.0615,48.5694],[26.0323,48.5463],[26.0495,48.535],[26.0285,48.5039],[26.0687,48.4535],[26.0641,48.4218],[26.1585,48.3756],[26.1961,48.2835],[26.3021,48.1875],[26.4349,48.193],[26.4651,48.2157],[26.5314,48.2106],[26.5704,48.219],[26.5825,48.2431],[26.6145,48.2398],[26.6385,48.2611],[26.6837,48.2497],[26.6994,48.2654],[26.7251,48.2454],[26.7267,48.2562],[26.7365,48.2453],[26.8123,48.2515],[26.8286,48.2308],[26.9021,48.2021],[26.9,48.1827],[26.9453,48.1941],[26.9349,48.1644],[26.9914,48.1513],[26.9512,48.1446],[26.968,48.1294],[26.9991,48.1219],[27.0283,48.1375],[27.0402,48.1073],[27.0275,48.0925],[27.1041,48.0339],[27.0984,48.0068],[27.1198,48.0156],[27.1225,47.9954],[27.1662,47.9952],[27.1492,47.9598],[27.1784,47.9522],[27.1454,47.9205],[27.2035,47.9029],[27.1989,47.8716],[27.2157,47.8584],[27.2028,47.8406],[27.2447,47.8368],[27.2165,47.8173],[27.2389,47.8169],[27.2339,47.7977],[27.2637,47.763],[27.2941,47.7529],[27.2804,47.7367],[27.2898,47.7295],[27.2513,47.7202],[27.2726,47.6895],[27.3747,47.5963],[27.4207,47.584],[27.4242,47.5552],[27.4572,47.5361],[27.447,47.532],[27.4704,47.4916],[27.5129,47.4766],[27.5359,47.4885],[27.5688,47.4646],[27.5534,47.4302],[27.5852,47.4084],[27.5699,47.3739],[27.5954,47.3719],[27.6153,47.3414],[27.5865,47.3319],[27.5999,47.3173],[27.6232,47.325],[27.6333,47.3034],[27.6747,47.3094],[27.6828,47.29],[27.7343,47.2904],[27.7526,47.2377],[27.8005,47.1904],[27.8081,47.166],[27.7888,47.1437],[27.8414,47.1357],[27.8511,47.129],[27.8313,47.1245],[27.8372,47.1147],[27.9955,47.0289],[28.0369,47.0292],[28.0528,47.0183],[28.0325,47.0126],[28.0887,46.9817],[28.0784,46.9631],[28.0965,46.9503],[28.0841,46.9391],[28.1087,46.9238],[28.0854,46.8954],[28.113,46.8854],[28.1015,46.8737],[28.1263,46.8521],[28.1078,46.843],[28.1157,46.8258],[28.1708,46.7827],[28.161,46.7779],[28.1852,46.7588],[28.1747,46.7537],[28.1919,46.7173],[28.2086,46.7138],[28.2087,46.6864],[28.2395,46.6709],[28.2506,46.6167],[28.2115,46.4988],[28.2458,46.4755],[28.2408,46.4529],[28.2597,46.4409],[28.2246,46.4013],[28.2362,46.39],[28.199,46.3727],[28.1865,46.3475],[28.2046,46.3135],[28.1808,46.2863],[28.1511,46.2926],[28.1262,46.2621],[28.1459,46.2538],[28.1108,46.2444],[28.1126,46.2024],[28.1261,46.2064],[28.1193,46.1966],[28.1417,46.18],[28.1311,46.1789],[28.1242,46.1115],[28.0913,46.0729],[28.1036,46.0442],[28.0858,46.0093],[28.1252,45.9235],[28.113,45.885],[28.1316,45.8776],[28.1055,45.8434],[28.1249,45.7865],[28.1549,45.779],[28.1439,45.7614],[28.165,45.7375],[28.1578,45.6507],[28.1693,45.6486],[28.147,45.6253],[28.0889,45.6094],[28.1258,45.5711],[28.1525,45.5729],[28.1621,45.5008],[28.1884,45.4732],[28.2749,45.4481],[28.2931,45.3861],[28.3552,45.3176],[28.5602,45.2495],[28.7184,45.2236],[28.794,45.2429],[28.7511,45.283],[28.7947,45.2927],[28.8057,45.306],[28.7803,45.3241],[28.7964,45.3335],[28.8726,45.3159],[28.9368,45.2799],[28.9887,45.3559],[29.0422,45.3617],[29.0766,45.3849],[29.1478,45.387],[29.246,45.434],[29.2862,45.4261],[29.3294,45.4479],[29.3656,45.4361],[29.4889,45.4544],[29.5316,45.4421],[29.5508,45.4115],[29.6506,45.3397],[29.6785,45.2684],[29.6623,45.2381],[29.6899,45.2011],[29.7563,45.1867],[29.79,45.1945],[29.8128,45.2229],[29.7919,45.2559],[29.8166,45.3248],[29.8097,45.407],[29.8369,45.4559],[29.784,45.522],[29.7136,45.5217],[30.2691,45.8434],[30.5171,46.0521],[30.6086,46.1467],[30.7288,46.3077],[30.7971,46.3579],[30.8248,46.4456],[30.7914,46.5198],[30.8571,46.5178],[31.1699,46.5899],[31.4081,46.5577],[31.4551,46.5726],[31.5085,46.5148],[31.6865,46.397],[31.7283,46.3457],[31.6687,46.2861],[31.6287,46.281],[31.5997,46.2957],[31.5845,46.3794],[31.5517,46.4024],[31.4918,46.3958],[31.4619,46.358],[31.4638,46.31],[31.4919,46.2669],[31.6172,46.1995],[32.0124,46.1394],[32.4728,46.0391],[32.9149,45.9745],[33.0323,45.9706],[33.1096,45.9851],[33.1283,46.0097],[33.108,46.0428],[32.9823,46.0721],[33.0558,46.0764],[33.0898,46.0958],[33.1363,46.0873],[33.1493,46.0478],[33.1855,46.0303],[33.2502,46.0494],[33.3383,46.0393],[33.4254,45.9926],[33.5266,45.9928],[33.566,46.0182],[33.578,45.9721],[33.5647,45.9485],[33.5804,45.9203],[33.5138,45.9126],[33.2425,45.7893],[33.2063,45.8378],[33.1451,45.8365],[33.1182,45.8079],[33.104,45.7514],[32.9219,45.6902],[32.7702,45.5974],[32.5284,45.4972],[32.4375,45.4254],[32.4264,45.3906],[32.4441,45.3325],[32.4741,45.3119],[32.6533,45.2772],[32.7687,45.328],[32.8875,45.326],[33.0209,45.253],[33.1187,45.1724],[33.2399,45.1125],[33.3013,45.1123],[33.4035,45.1533],[33.4715,45.1095],[33.5456,45.0052],[33.5555,44.8829],[33.5095,44.8607],[33.4823,44.8003],[33.4916,44.6723],[33.4637,44.649],[33.3356,44.6065],[33.3271,44.5714],[33.4559,44.4664],[33.5859,44.4528],[33.6141,44.3986],[33.7174,44.3522],[33.8709,44.367],[33.9737,44.355],[34.1525,44.3948],[34.2067,44.4615],[34.266,44.47],[34.3186,44.5064],[34.3849,44.5215],[34.4529,44.6396],[34.4953,44.6832],[34.7407,44.7739],[34.9173,44.7791],[34.9753,44.7954],[35.0313,44.7661],[35.103,44.7592],[35.169,44.7989],[35.1964,44.8675],[35.2754,44.892],[35.302,44.9251],[35.3791,44.9101],[35.4191,44.9203],[35.4427,44.9486],[35.4383,44.9698],[35.4745,44.9999],[35.4612,45.0559],[35.5361,45.0863],[35.5927,45.0917],[35.7031,45.0596],[35.8286,44.9611],[35.9699,44.976],[36.0458,45.013],[36.2304,44.9907],[36.2847,45.0171],[36.411,45.0315],[36.4732,45.0561],[36.5036,45.0859],[36.4998,45.1208],[36.4579,45.1864],[36.4594,45.2114],[36.4977,45.2523],[36.5534,45.2157],[36.5529,45.1792],[36.6155,45.1073],[36.7203,45.0757],[36.8845,45.0717],[37.1199,45.0026],[37.2107,44.9596],[37.2566,44.9248],[37.2498,44.8785],[37.3302,44.7755],[37.3383,44.736],[37.4584,44.6632],[37.7296,44.6137],[37.8165,44.6318],[37.846,44.6543],[37.893,44.5816],[38.0506,44.5057],[38.1707,44.3891],[38.2691,44.3755],[38.3598,44.3349],[38.5522,44.3153],[38.7525,44.2561],[38.8404,44.1662],[38.9692,44.1293],[39.0029,44.0699],[39.0447,44.0596],[39.1159,43.9953],[39.2644,43.912],[39.5714,43.6427],[39.6546,43.6053],[39.6944,43.5444],[39.8403,43.4759],[39.8853,43.3929],[39.9285,43.3666],[40.0635,43.3412],[40.205,43.2895],[40.2392,43.1645],[40.3106,43.1176],[40.3516,43.1096],[40.3905,43.13],[40.46,43.1044],[40.5003,43.1059],[40.5754,43.0549],[40.8303,43.0415],[40.9497,42.9478],[41.0226,42.9516],[41.0607,42.8286],[41.1142,42.7709],[41.2627,42.7547],[41.41,42.7044],[41.4727,42.555],[41.5065,42.3848],[41.5512,42.3484],[41.5774,42.2898],[41.5934,42.1658],[41.7022,42.0049],[41.7277,41.8584],[41.6755,41.7272],[41.6477,41.6946],[41.5935,41.6804],[41.5272,41.6212],[41.4845,41.5111],[41.4455,41.492],[41.481,41.4625],[41.4947,41.4257],[41.5263,41.4108],[41.5283,41.3753],[41.4809,41.318],[41.4919,41.2437],[41.4487,41.1812],[41.4487,41.1425],[41.47,41.1088],[41.6039,41.0566],[41.7652,41.1337],[41.8339,41.0861],[41.8469,41.0322],[41.8181,41.0032],[41.8888,40.9426],[41.8363,40.8587],[41.8675,40.8359],[41.8754,40.8065],[41.8277,40.7379],[41.8222,40.6635],[41.8861,40.6113],[41.9321,40.4569],[41.9595,40.4198],[42.0076,40.4355],[42.0351,40.4668],[42.1827,40.4945],[42.2309,40.4885],[42.25,40.4618],[42.32,40.424],[42.3248,40.3853],[42.2829,40.3722],[42.2479,40.3356],[42.272,40.2591],[42.2932,40.2261],[42.3825,40.1831],[42.4429,40.1169],[42.5233,40.0807],[42.513,40.0455],[42.526,40.0066],[42.627,39.9276],[42.673,39.9471],[42.7286,39.9424],[42.9483,39.984],[42.9998,40.005],[43.0527,40.0092],[43.1646,39.9819],[43.3548,39.9925],[43.3781,39.982],[43.3664,39.9251],[43.4046,39.8713],[43.4176,39.7992],[43.4436,39.774],[43.4757,39.7754],[43.5077,39.8283],[43.5512,39.8404],[43.6078,39.8012],[43.7458,39.7663],[43.8389,39.7774],[43.9766,39.7475],[43.999,39.7278],[44.1455,39.7399],[44.1774,39.7127],[44.2552,39.6985],[44.3197,39.6672],[44.4424,39.6627],[44.6118,39.7808],[44.6612,39.7193],[44.7284,39.7025],[44.8237,39.611],[44.8552,39.6025],[44.8688,39.6151],[44.8729,39.5994],[44.8927,39.5991],[44.8941,39.5786],[44.9155,39.5671],[44.9096,39.5282],[44.9496,39.4951],[44.9417,39.4639],[44.9689,39.4517],[44.9642,39.4221],[45.0166,39.4058],[45.0862,39.3519],[45.0826,39.3314],[45.1393,39.287],[45.1503,39.2115],[45.1739,39.2179],[45.3378,39.1725],[45.4026,39.0984],[45.4013,39.076],[45.4563,39.0521],[45.4376,39.0131],[45.4478,38.9956],[45.5415,38.9648],[45.5805,38.9788],[45.6159,38.9456],[45.6893,38.9512],[45.8154,38.9053],[45.8467,38.9105],[45.9099,38.8738],[45.944,38.8967],[46.0119,38.8722],[46.0577,38.8869],[46.1615,38.8407],[46.347,38.9165],[46.4189,38.8837],[46.45,38.897],[46.5259,38.8876],[46.5338,38.8674],[46.6548,38.9542],[46.6933,39.0148],[46.7532,39.0259],[46.7663,39.068],[46.8325,39.1134],[46.8482,39.1408],[46.9259,39.1632],[46.9625,39.1405],[47.0188,39.1669],[47.0621,39.2063],[47.0542,39.2157],[47.0804,39.266],[47.3119,39.3699],[47.3825,39.4573],[47.5643,39.5146],[47.6686,39.5779],[47.7381,39.597],[47.8155,39.6587],[47.917,39.6602],[47.9857,39.7088],[48.0314,39.6916],[48.3684,39.3804],[48.2652,39.3341],[48.2103,39.3286],[48.1293,39.2712],[48.149,39.1988],[48.2202,39.1631],[48.2346,39.1301],[48.3076,39.1082],[48.3393,39.0367],[48.3298,39.0127],[48.2696,38.9672],[48.0884,38.9467],[48.0707,38.911],[48.0283,38.8992],[48.0166,38.9105],[48.021,38.8375],[48.1071,38.789],[48.1073,38.7698],[48.1738,38.7618],[48.2496,38.7265],[48.2526,38.6622],[48.2948,38.6465],[48.3149,38.6043],[48.3619,38.5948],[48.4589,38.6085],[48.4622,38.5643],[48.5061,38.5465],[48.5126,38.5185],[48.5908,38.4559],[48.5996,38.4175],[48.6625,38.3922],[48.7384,38.4106],[48.7905,38.4515],[48.9453,38.4443],[48.9304,38.7435],[48.9022,38.8195],[48.9688,38.8862],[49.0023,38.9701],[48.9939,39.1402],[49.0313,39.1535],[49.0934,39.0936],[49.171,39.08],[49.1394,39.0733],[49.0529,39.0098],[49.0172,38.9495],[49.078,38.8996],[49.146,38.8984],[49.1992,38.9216],[49.2411,38.975],[49.2414,39.0749],[49.2862,39.1382],[49.3001,39.2522],[49.319,39.253],[49.3399,39.1998],[49.4021,39.1857],[49.4429,39.1998],[49.4807,39.2376],[49.4907,39.3035],[49.4644,39.3725],[49.3355,39.4961],[49.3358,39.5499],[49.3791,39.629],[49.4409,39.5888],[49.4931,39.6044],[49.5099,39.6298],[49.4532,39.7616],[49.5102,39.7589],[49.5792,39.7051],[49.6489,39.7397],[49.6541,39.7655],[49.604,39.8212],[49.6012,39.8589],[49.4938,39.8847],[49.4793,39.896],[49.4855,39.9132],[49.5446,39.9213],[49.5645,39.9645],[49.5803,39.9676],[49.6881,39.9482],[49.7063,39.9824],[49.6627,40.0571],[49.5247,40.1209],[49.5123,40.1369],[49.5284,40.1613],[49.7955,40.2599],[50.0139,40.2413],[50.1183,40.2772],[50.1639,40.3206],[50.2745,40.2866],[50.3019,40.2473],[50.3139,40.1694],[50.3898,40.1511],[50.4331,40.1873],[50.4595,40.2531],[50.4248,40.3591],[50.4777,40.3408],[50.4753,40.2633],[50.5213,40.2376],[50.6003,40.2337],[50.6549,40.2549],[50.6851,40.2787],[50.6926,40.3285],[50.6583,40.3714],[50.4097,40.4684],[50.3418,40.5485],[50.3033,40.5629],[50.2254,40.5495],[50.155,40.5615],[50.0928,40.6348],[49.7797,40.6093],[49.7255,40.6223],[49.7039,40.6611],[49.6184,40.6668],[49.5902,40.6856],[49.5796,40.7405],[49.6149,40.7821],[49.6108,40.8148],[49.5847,40.839],[49.4498,40.8832],[49.3987,40.9161],[49.295,41.025],[49.2078,41.1905],[49.159,41.3382],[49.0395,41.4937],[48.6876,41.8379],[48.518,41.9414],[48.4535,41.9531],[48.4054,41.984],[48.3464,42.1183],[48.2818,42.1591],[48.1479,42.3423],[48.0037,42.464],[47.9612,42.5242],[47.9505,42.5857],[47.9299,42.614],[47.8039,42.6711],[47.7819,42.7278],[47.7644,42.883],[47.5269,43.0458],[47.5337,43.112],[47.6257,43.2882],[47.5584,43.418],[47.5874,43.5375],[47.6238,43.5858],[47.6257,43.65],[47.7068,43.7929],[47.7734,43.8593],[47.9128,43.9483],[47.9257,44.0044],[47.8667,44.0387],[47.658,44.0506],[47.6003,44.0259],[47.5495,43.9394],[47.4994,43.9216],[47.3507,44.1144],[47.2882,44.2512],[47.2303,44.284],[47.1395,44.2833],[47.0905,44.3804],[46.9889,44.4511],[46.9342,44.619],[46.9986,44.6545],[47.0339,44.7764],[47.0866,44.7488],[47.1523,44.7587],[47.2663,44.8501],[47.3688,45.1442],[47.4265,45.2168],[47.4847,45.2488],[47.5343,45.4047],[47.6097,45.4799],[47.6316,45.5296],[47.7073,45.5841],[47.7369,45.648],[47.8454,45.7015],[48.1376,45.7034],[48.2631,45.7333],[48.4324,45.9286],[48.5107,45.9769],[48.5823,45.9045],[48.6464,45.8978],[48.736,45.9252],[48.7715,45.9588],[48.7978,46.0251],[48.9749,46.1107],[49.0839,46.2236],[49.1221,46.306],[49.1253,46.4099],[49.1475,46.4329],[49.236,46.4317],[49.3249,46.4065],[49.5987,46.4455],[49.7598,46.4001],[49.8275,46.4083],[49.928,46.4543],[49.9676,46.4927],[49.9843,46.5415],[50.0681,46.5616],[50.175,46.6609],[50.2285,46.6522],[50.2777,46.6638],[50.352,46.7355],[50.4021,46.7282],[50.4669,46.7474],[50.5008,46.725],[50.5787,46.7199],[50.6297,46.7449],[50.6647,46.8165],[50.7618,46.813],[50.8271,46.8758],[50.9112,46.9117],[51.0333,46.8854],[51.1287,46.9046],[51.2079,46.9412],[51.4498,46.9368],[51.514,46.9114],[51.4766,46.8584],[51.4975,46.8039],[51.5462,46.7891],[51.6347,46.8021],[51.6782,46.7729],[51.7022,46.7159],[51.757,46.6974],[51.8155,46.7176],[51.8406,46.7924],[51.8553,46.795],[52.0083,46.7798],[52.2844,46.7125],[52.3882,46.751],[52.4296,46.8488],[52.5101,46.8392],[52.6025,46.8676],[52.7145,46.8092]]],[[[101.0405,77.7176],[100.9292,77.6894],[100.9131,77.6526],[100.9777,77.6277],[101.3338,77.5595],[101.71,77.5494],[101.8349,77.569],[101.889,77.5998],[101.8575,77.635],[101.6043,77.7181],[101.2561,77.7311],[101.0405,77.7176]]],[[[98.2992,76.8725],[98.3785,76.8333],[98.5412,76.8183],[98.7184,76.8372],[98.7621,76.8554],[98.7717,76.8759],[98.6963,76.915],[98.5324,76.931],[98.3646,76.9153],[98.3239,76.9027],[98.2992,76.8725]]],[[[86.6704,75.2731],[86.6928,75.2979],[86.6753,75.3174],[86.498,75.3506],[86.1152,75.3345],[86.037,75.3186],[85.9974,75.2909],[86.0083,75.2699],[86.0541,75.2479],[86.2089,75.2279],[86.5099,75.2434],[86.6704,75.2731]]],[[[84.4839,74.6343],[84.4969,74.6546],[84.457,74.6908],[84.2994,74.7151],[84.0935,74.7011],[84.0458,74.6844],[84.0187,74.6507],[84.0634,74.6016],[84.1738,74.5809],[84.326,74.5947],[84.4839,74.6343]]],[[[78.4975,72.7664],[78.812,72.6919],[79.2184,72.6746],[79.3753,72.6538],[79.6519,72.6815],[79.6995,72.7017],[79.7479,72.7486],[79.7058,72.8565],[79.7031,72.9367],[79.5021,73.0471],[79.2963,73.1204],[79.3036,73.2101],[79.3407,73.227],[79.348,73.2553],[79.2912,73.2825],[79.187,73.2957],[78.8236,73.29],[78.7153,73.2663],[78.6512,73.2352],[78.6185,73.1986],[78.6307,73.1664],[78.7126,73.1425],[78.847,73.1391],[78.8811,73.0546],[78.7676,72.9909],[78.4903,72.8831],[78.4446,72.834],[78.4552,72.7928],[78.4975,72.7664]]],[[[56.6922,68.8033],[56.6894,68.8238],[56.6501,68.8499],[56.517,68.869],[56.3895,68.8442],[56.332,68.8014],[56.3424,68.7773],[56.3867,68.7546],[56.4929,68.7405],[56.6053,68.7557],[56.6922,68.8033]]],[[[48.0575,68.9211],[48.0746,68.8068],[48.1042,68.7607],[48.3261,68.6711],[49.1325,68.6088],[49.5224,68.6101],[49.66,68.6341],[49.7183,68.6544],[49.7607,68.6891],[49.755,68.7102],[49.718,68.7326],[49.5977,68.7481],[49.9697,68.8697],[50.0844,68.882],[50.2264,68.9227],[50.4159,69.0463],[50.4535,69.0853],[50.4592,69.1141],[50.4389,69.1689],[50.3923,69.2112],[50.1757,69.3167],[49.3817,69.542],[48.9625,69.5497],[48.629,69.499],[48.4089,69.4147],[48.2086,69.3007],[48.1255,69.1999],[48.0821,69.1176],[48.0575,68.9211]]],[[[42.5436,66.6304],[42.6322,66.6122],[42.7331,66.6194],[42.7855,66.6417],[42.8123,66.6942],[42.7909,66.7394],[42.7401,66.7808],[42.5666,66.8279],[42.392,66.8187],[42.3012,66.7645],[42.3032,66.7294],[42.3283,66.709],[42.4456,66.6541],[42.5436,66.6304]]],[[[35.6625,64.7754],[35.7276,64.8168],[35.723,64.8375],[35.6823,64.8634],[35.5418,64.876],[35.4903,64.8626],[35.4564,64.835],[35.4657,64.8023],[35.5128,64.7783],[35.6625,64.7754]]],[[[164.7331,59.6662],[164.6629,59.6807],[164.5971,59.6709],[164.5575,59.6503],[164.5437,59.6112],[164.5725,59.5728],[164.6156,59.5484],[164.7382,59.5486],[164.7777,59.5684],[164.7896,59.5973],[164.7636,59.6452],[164.7331,59.6662]]],[[[163.6858,58.9003],[163.6686,58.8198],[163.6403,58.7712],[163.5731,58.7193],[163.5076,58.6255],[163.3573,58.5981],[163.3114,58.5635],[163.3091,58.5285],[163.4062,58.4174],[163.4725,58.3995],[163.5521,58.4084],[163.5977,58.4429],[163.5976,58.4759],[163.6652,58.5319],[163.8235,58.5961],[163.8919,58.645],[164.006,58.6603],[164.2163,58.7598],[164.304,58.7598],[164.3954,58.7952],[164.6489,58.8191],[164.7181,58.8403],[164.7938,58.9186],[164.7884,58.9594],[164.8328,59.0368],[164.7449,59.1241],[164.7263,59.1898],[164.6896,59.2247],[164.681,59.2604],[164.6347,59.2843],[164.5579,59.2881],[164.318,59.2117],[164.2654,59.16],[163.9679,59.0834],[163.7554,59.0687],[163.6526,59.042],[163.6019,59.0107],[163.5907,58.9789],[163.644,58.9397],[163.7203,58.9369],[163.6858,58.9003]]],[[[167.6487,54.634],[167.7043,54.6044],[167.8001,54.5837],[167.9067,54.5121],[168.0586,54.4474],[168.144,54.4492],[168.1925,54.4895],[168.1769,54.5379],[168.0346,54.6292],[168.0077,54.6869],[167.8415,54.7457],[167.7881,54.8008],[167.6489,54.8425],[167.458,54.9362],[167.3947,54.9401],[167.338,54.9158],[167.3281,54.8756],[167.3863,54.7833],[167.6487,54.634]]],[[[165.9391,55.1476],[165.9787,55.1151],[165.9877,55.0517],[166.0811,54.9723],[166.1037,54.9273],[166.3029,54.7891],[166.4012,54.7739],[166.4747,54.73],[166.4979,54.6955],[166.6331,54.627],[166.7185,54.6288],[166.762,54.6605],[166.7689,54.751],[166.7361,54.8736],[166.666,54.9488],[166.5178,55.0028],[166.4345,55.1178],[166.3364,55.19],[166.3498,55.2505],[166.3897,55.2945],[166.3775,55.3246],[166.3275,55.3678],[166.2642,55.3856],[166.1913,55.3693],[166.002,55.4152],[165.9397,55.4138],[165.8618,55.3727],[165.7053,55.3309],[165.6737,55.3066],[165.6693,55.2813],[165.702,55.2445],[165.6988,55.2058],[165.7213,55.1784],[165.7838,55.161],[165.8606,55.174],[165.9391,55.1476]]],[[[-168.977,65.818],[-168.9771,65.8617],[-168.9934,65.8684],[-169.1229,65.8691],[-169.2006,65.8417],[-169.2481,65.7658],[-169.2165,65.7249],[-169.1747,65.7059],[-168.9783,65.691],[-168.977,65.818]]],[[[-174.7543,67.4509],[-174.7045,67.4103],[-174.6012,67.3957],[-174.4939,67.4181],[-174.4523,67.4562],[-174.5077,67.5038],[-174.6665,67.535],[-174.7354,67.5245],[-174.7781,67.5005],[-174.7833,67.4813],[-174.7543,67.4509]]],[[[-180,69.0444],[-180,64.9765],[-179.8462,65.018],[-179.7068,65.0842],[-179.5737,65.1103],[-179.428,65.2242],[-179.4068,65.3004],[-179.3603,65.3525],[-179.3532,65.3978],[-179.1433,65.5238],[-179.1493,65.5545],[-179.1925,65.5774],[-179.1536,65.6247],[-179.1666,65.6572],[-179.2358,65.6914],[-179.5207,65.7685],[-179.5992,65.824],[-179.6657,65.9283],[-179.6659,65.9569],[-179.6315,66.0195],[-179.6364,66.0539],[-179.2891,66.0697],[-179.1695,66.1081],[-179.1036,66.1469],[-178.9542,66.1053],[-178.818,66.1121],[-178.8583,66.0879],[-178.9889,66.0905],[-179.05,66.0599],[-179.0496,66.0303],[-178.9707,65.9639],[-178.9679,65.9511],[-179.0061,65.9269],[-179.0057,65.8972],[-178.9465,65.8564],[-178.8428,65.8255],[-178.8199,65.7807],[-178.7006,65.7037],[-178.5576,65.6827],[-178.6078,65.6096],[-178.6166,65.5652],[-178.6644,65.5223],[-178.7694,65.5302],[-178.8562,65.5035],[-178.8656,65.4634],[-178.8237,65.4378],[-178.4362,65.3911],[-177.7488,65.3974],[-177.2169,65.4471],[-177.0917,65.4883],[-177.0246,65.5417],[-176.9652,65.5509],[-176.1718,65.4077],[-176.1562,65.3776],[-176.016,65.2871],[-176.0147,65.2498],[-175.8812,65.1461],[-175.9148,65.1098],[-175.9202,65.0663],[-176.0164,65.0223],[-176.0078,64.9804],[-175.8588,64.9032],[-175.6712,64.8674],[-175.6124,64.84],[-175.5723,64.8092],[-175.5519,64.7624],[-175.51,64.7361],[-175.0527,64.7102],[-174.883,64.7265],[-174.1668,64.5118],[-174.1692,64.4683],[-174.0895,64.3864],[-173.8743,64.3209],[-173.6704,64.2742],[-173.4909,64.2829],[-173.4279,64.2458],[-173.1918,64.1978],[-172.9181,64.2068],[-172.7463,64.2691],[-172.6961,64.3277],[-172.5473,64.3237],[-172.3893,64.3521],[-172.1998,64.3475],[-172.1355,64.3623],[-172.1011,64.3892],[-172.1,64.4106],[-172.1249,64.4388],[-172.2651,64.5051],[-172.2932,64.5324],[-172.3018,64.5565],[-172.2272,64.5821],[-172.2052,64.6119],[-172.2142,64.6328],[-172.2595,64.6572],[-172.1714,64.6899],[-171.9878,64.7155],[-171.9506,64.7363],[-171.9421,64.7671],[-171.9711,64.7979],[-172.0302,64.8218],[-172.2175,64.8747],[-172.3044,64.883],[-172.0048,65.0247],[-171.9734,65.0536],[-171.9694,65.1106],[-172.075,65.2021],[-172.0614,65.2954],[-172.0894,65.3245],[-172.0328,65.416],[-171.5854,65.4616],[-171.3191,65.4723],[-171.1003,65.4186],[-170.9663,65.4291],[-170.871,65.4802],[-170.8379,65.5619],[-170.5465,65.5544],[-170.4192,65.6088],[-170.3723,65.6574],[-170.3864,65.7727],[-170.3514,65.812],[-170.3684,65.856],[-170.3403,65.877],[-170.1721,65.9173],[-170.0668,65.9682],[-169.9519,65.988],[-169.8107,65.9538],[-169.652,65.9626],[-169.5811,66.0018],[-169.5261,66.0823],[-169.5439,66.1271],[-169.6209,66.1803],[-169.9986,66.2452],[-170.1695,66.335],[-170.47,66.3899],[-170.5959,66.4621],[-171.2611,66.7051],[-171.2139,66.7444],[-171.2281,66.7777],[-171.5458,66.8751],[-171.5031,66.9072],[-171.504,66.9317],[-171.5371,66.9618],[-171.6039,66.9855],[-171.9208,67.0305],[-172.1028,67.005],[-172.6456,67.0664],[-172.7396,67.1003],[-172.8769,67.0873],[-173.0486,67.0987],[-173.4681,67.1373],[-173.6292,67.1678],[-173.7161,67.1601],[-173.7868,67.1263],[-174.5498,67.1274],[-174.5501,67.2159],[-174.6009,67.2639],[-174.6268,67.3229],[-174.691,67.4],[-175.1103,67.5743],[-175.1583,67.622],[-175.1321,67.6502],[-175.1626,67.6912],[-175.6393,67.8269],[-175.7125,67.889],[-175.8945,67.9051],[-176.1907,67.9756],[-177.2485,68.2842],[-177.4553,68.3273],[-177.7944,68.4522],[-178.4219,68.6428],[-178.7557,68.7936],[-179.176,68.8868],[-179.2977,68.9266],[-179.3662,68.9698],[-179.539,68.9867],[-179.6915,68.9548],[-180,69.0444]]],[[[143.3999,56.4001],[143.3902,56.4178],[143.3732,56.4099],[143.3999,56.4001]]],[[[150.7662,59.018],[150.8695,59.0669],[150.8767,59.1265],[150.8489,59.1545],[150.7732,59.1858],[150.6957,59.1984],[150.6138,59.1748],[150.59,59.1362],[150.4393,59.0896],[150.3767,59.0438],[150.3587,59.0107],[150.3639,58.986],[150.3974,58.9595],[150.4901,58.9464],[150.6407,58.9604],[150.7662,59.018]]],[[[139.3242,54.5551],[139.3645,54.6178],[139.3432,54.6476],[139.301,54.6645],[139.2318,54.6608],[139.1458,54.628],[139.1218,54.6017],[139.1359,54.5579],[139.1872,54.5323],[139.2522,54.5312],[139.3242,54.5551]]],[[[138.3006,54.6724],[138.3304,54.694],[138.3339,54.7282],[138.2608,54.772],[138.1487,54.7674],[138.1077,54.7484],[138.088,54.7203],[138.1141,54.6765],[138.1686,54.6557],[138.2488,54.6546],[138.3006,54.6724]]],[[[136.9738,54.8614],[137.0856,54.8702],[137.1498,54.9],[137.1722,54.9294],[137.1681,54.9843],[137.2802,55.0925],[137.2671,55.1377],[137.1956,55.1671],[136.9965,55.1558],[136.8292,55.0771],[136.7296,55.0543],[136.627,54.991],[136.4879,55.0121],[136.4343,54.9952],[136.4102,54.9692],[136.4194,54.9349],[136.47,54.9016],[136.5863,54.8993],[136.6296,54.8608],[136.7222,54.8362],[136.7884,54.8362],[136.8541,54.8692],[136.9126,54.8521],[136.9738,54.8614]]],[[[141.3414,46.2545],[141.3021,46.3224],[141.2478,46.3453],[141.162,46.3266],[141.1341,46.2885],[141.1381,46.2106],[141.2033,46.1728],[141.2593,46.1734],[141.3125,46.1939],[141.3374,46.2206],[141.3414,46.2545]]],[[[28.0571,60.2438],[28.0277,60.2828],[27.9521,60.2976],[27.8825,60.2822],[27.8541,60.242],[27.8855,60.2075],[27.9558,60.1943],[28.0283,60.2096],[28.0571,60.2438]]],[[[23.3698,57.7894],[23.3354,57.8428],[23.2458,57.8747],[23.1567,57.8583],[23.1164,57.8064],[23.1513,57.7545],[23.2461,57.7316],[23.3396,57.7466],[23.3698,57.7894]]],[[[27.0514,59.8091],[26.9907,59.8544],[26.9172,59.8744],[26.9833,59.9129],[26.9804,59.9612],[27.0597,59.9692],[27.1141,59.9957],[27.1286,60.0141],[27.1248,60.0467],[27.0579,60.1225],[27.0116,60.1477],[26.9347,60.1542],[26.8627,60.128],[26.8453,60.1104],[26.8457,60.0774],[26.8836,59.999],[26.8032,59.9871],[26.7615,59.9525],[26.7852,59.9113],[26.8784,59.8734],[26.8077,59.8392],[26.804,59.7916],[26.8497,59.7633],[26.9727,59.7491],[27.0355,59.7713],[27.0514,59.8091]]],[[[27.0779,59.8264],[27.1397,59.7914],[27.2143,59.785],[27.2889,59.8062],[27.3279,59.8445],[27.319,59.873],[27.2794,59.8994],[27.1739,59.9159],[27.0886,59.8842],[27.0779,59.8264]]],[[[27.7873,59.7596],[27.806,59.8011],[27.7449,59.8373],[27.6669,59.8363],[27.6094,59.7986],[27.6218,59.765],[27.6638,59.7453],[27.7393,59.7426],[27.7873,59.7596]]],[[[28.1505,60.0402],[28.0248,60.0861],[27.9172,60.0685],[27.7975,60.0873],[27.7112,60.0497],[27.6954,60.0019],[27.7618,59.9308],[27.8514,59.9185],[27.9525,59.9435],[27.9951,59.9719],[28.1183,59.977],[28.1576,60.0071],[28.1505,60.0402]]],[[[28.2096,60.0418],[28.2059,60.0028],[28.2244,59.9848],[28.3563,59.949],[28.4311,59.9536],[28.5004,59.9987],[28.4818,60.0513],[28.4121,60.0833],[28.2666,60.0772],[28.2096,60.0418]]],[[[121.2648,39.0628],[121.2978,39.11],[121.2811,39.1421],[121.246,39.1604],[121.1243,39.1493],[121.0816,39.1126],[121.0888,39.0657],[121.1288,39.0373],[121.1748,39.0347],[121.2648,39.0628]]],[[[121.689,38.5364],[121.7065,38.5742],[121.6745,38.6166],[121.6229,38.6228],[121.5762,38.5897],[121.5761,38.5542],[121.5997,38.5295],[121.6488,38.5198],[121.689,38.5364]]],[[[122.2136,38.6381],[122.2311,38.6759],[122.2044,38.7154],[122.1537,38.7253],[122.1033,38.696],[122.0989,38.6606],[122.1296,38.6284],[122.1797,38.6225],[122.2136,38.6381]]],[[[122.8112,38.9379],[122.7948,38.9669],[122.9311,39.0361],[122.941,39.0658],[122.9243,39.0979],[122.8838,39.1182],[122.7863,39.1289],[122.6396,39.0704],[122.6341,39.0262],[122.6913,38.9715],[122.6778,38.9246],[122.6949,38.8954],[122.7288,38.8797],[122.7789,38.8854],[122.8051,38.9074],[122.8112,38.9379]]],[[[121.1609,39.4764],[121.1894,39.3689],[121.2253,39.3354],[121.3448,39.3252],[121.5065,39.2737],[121.5002,39.2576],[121.3971,39.2442],[121.3751,39.2033],[121.3883,39.1745],[121.4557,39.138],[121.5222,39.142],[121.5647,39.1212],[121.4576,39.0786],[121.3951,39.1155],[121.3409,39.1096],[121.2233,39.0054],[121.1202,39.0054],[121.0491,38.9702],[120.9982,39.0089],[120.9176,38.9865],[120.9067,38.9428],[120.9636,38.8869],[120.9693,38.8419],[121.0361,38.8173],[121.0452,38.7573],[121.0751,38.707],[121.1434,38.6742],[121.2207,38.682],[121.2852,38.7382],[121.3628,38.7644],[121.539,38.777],[121.5779,38.7482],[121.6293,38.75],[121.6854,38.8077],[121.7528,38.8423],[121.8079,38.8151],[121.8593,38.8169],[121.8953,38.8466],[121.9061,38.9042],[121.9464,38.9212],[121.9982,38.9143],[122.0398,38.9378],[122.0497,38.9675],[122.023,39.0069],[122.1128,39.0259],[122.1335,39.052],[122.1309,39.0841],[122.2423,39.1306],[122.2804,39.1034],[122.3553,39.0964],[122.4663,39.1257],[122.494,39.17],[122.5883,39.1483],[122.8036,39.1653],[122.8386,39.1778],[122.8647,39.2123],[122.8576,39.2518],[122.7984,39.2947],[122.5834,39.3523],[122.6353,39.4324],[122.5109,39.5472],[122.0966,39.5056],[122.03,39.5324],[121.9421,39.4993],[121.9294,39.4646],[121.8727,39.4624],[121.8707,39.4259],[121.9118,39.4142],[121.8439,39.3826],[121.7484,39.3757],[121.6269,39.3356],[121.5572,39.3409],[121.5143,39.3277],[121.4827,39.3362],[121.4841,39.3839],[121.4563,39.4563],[121.4202,39.485],[121.3356,39.4974],[121.2966,39.4797],[121.1609,39.4764]]]]},"properties":{"id":"Q34266","names":{"ar":"الإمبراطورية الروسية","de":"Russisches Kaiserreich","en":"Russian Empire","es":"Imperio Ruso","fi":"Venäjän keisarikunta","fr":"Empire Russe","it":"Impero Russo","ja":"ロシア帝国","ko":"러시아 제국","pdt":"Russlaunt","pl":"Imperium Rosyjskie","pt":"Império Russo","ru":"Российская империя","uk":"Російська імперія","zh":"俄罗斯帝国"},"from":1898,"to":1905,"wikidata":"Q34266","adminLevel":2,"source":"OpenHistoricalMap","sourceUrl":"https://www.openhistoricalmap.org"}},{"type":"Feature","geometry":{"type":"Polygon","coordinates":[[[12.4874,43.8965],[12.5133,43.9381],[12.507,43.9914],[12.405,43.9459],[12.4195,43.9006],[12.4874,43.8965]]]},"properties":{"id":"Q238","names":{"ab":"Сан Марино","ace":"San Marino","af":"San Marino","als":"San Marino","am":"ሳን ማሪኖ (አገር)","ami":"San marino","an":"San Marino","ang":"Sanct Marinusland","ann":"San Marino","ar":"سان مارينو","as":"ছান মাৰিণ'","ast":"San Marín","avk":"Sanmarina","az":"San-Marino","ba":"Сан-Марино","ban":"San Marino","bar":"San Marino","bat-smg":"San Marėns","bcl":"San Marino","be":"Сан-Марына","be-x-old":"Сан-Марына","bew":"San Marino","bg":"Сан Марино","bh":"सैन मरीनो","bi":"San Marino","bn":"সান মারিনো","bo":"སན་མ་རི་ནོ།","br":"San Marino","bs":"San Marino","bxr":"Сан-Марино","ca":"San Marino","cbk-zam":"San Marino","cdo":"San Marino","ce":"Сан-Марино","ceb":"San Marino","co":"San Marinu","crh":"San Marino","cs":"San Marino","csb":"San Marino","cu":"Санъ Марино","cv":"Сан-Марино","cy":"San Marino","da":"San Marino","dag":"San Marino","de":"San Marino","diq":"San Marino","dsb":"San Marino","dv":"ސަން މަރީނޯ","ee":"San Marino","el":"Άγιος Μαρίνος","eml":"San Marein","en":"San Marino","eo":"San-Marino","es":"San Marino","et":"San Marino","eu":"San Marino","ext":"San Marinu","fa":"سان مارینو","ff":"San Marino","fi":"San Marino","fiu-vro":"San Marino","fo":"San Marino","fr":"Saint-Marin","frp":"Sant-Marin","frr":"San Marino","fur":"San Marin","fy":"San Marino","ga":"San Mairíne","gag":"San Marino","gcr":"Sen-Maren","gd":"San Marino","gl":"San Marino","gn":"San Maríno","gu":"સાન મૅરિનો","gv":"San Marino","ha":"San Marino","hak":"San Marino","haw":"Sana Marino","he":"סן מרינו","hi":"सान मारिनो","hif":"San Marino","hr":"San Marino","hsb":"San Marino","ht":"Sen Maren","hu":"San Marino","hy":"Սան Մարինո","ia":"San Marino","id":"San Marino","ie":"San Marino","ig":"San Marino","ilo":"San Marino","io":"San-Marino","is":"San Marínó","it":"San Marino","ja":"サンマリノ","jam":"San Mariino","jv":"San Marino","ka":"სან-მარინო","kaa":"San-Marino","kab":"San Marin","kbd":"Сан-Марино","kg":"Saint-Marin","kge":"San Marino","ki":"Canimarino","kk":"Сан-Марино","km":"សាន់ម៉ារីណូ","kn":"ಸಾನ್ ಮರಿನೊ","ko":"산마리노","koi":"Сан Марино","krc":"Сан-Марино","ku":"San Marîno","kv":"Сан-Марино","kw":"Sen Marin","ky":"Сан-Марино","la":"Sanctus Marinus","lad":"San Marino","lb":"San Marino","lez":"Сан-Марино","lfn":"San Marino","lg":"San Marino","li":"San Marino","lij":"San Marin","lld":"San Marino","lmo":"San Marin","ln":"Santu Marino","lo":"ປະເທດຊັງມາລີໂນ","lt":"San Marinas","ltg":"San Marins","lv":"Sanmarīno","mad":"San Marino","map-bms":"San Marino","mdf":"Сан-Марино","mg":"San-Marîno","mhr":"Сан-Марино","mi":"Hato Marino","min":"San Marino","mk":"Сан Марино","ml":"സാൻ മരീനോ","mn":"Сан-Марино","mr":"सान मारिनो","ms":"San Marino","mt":"San Marino","mwl":"San Marino","my":"ဆန်မာရီနိုနိုင်ငံ","myv":"Сан-Марино Мастор","nap":"San Marino","nds":"San Marino","nds-nl":"San Marino","ne":"सान मारिनो","nl":"San Marino","nn":"San Marino","no":"San Marino","nov":"San Marino","nrm":"Saint Mathîn","nv":"Dziłkʼi Yadaaʼáhí Hahoodzo","ny":"San Marino","oc":"Sant Marin","olo":"San Marino","om":"Saan Maariinoo","os":"Сан-Марино","pa":"ਸਾਨ ਮਰੀਨੋ","pag":"San Marino","pam":"San Marino","pap":"San Marino","pcd":"Saint-Marin","pl":"San Marino","pms":"San Marin","pnt":"Άι Μαρίνος","ps":"سان مارینو","pt":"San Marino","qu":"San Marino","rgn":"San Marein","rm":"San Marino","rn":"Saint-Marin","ro":"San Marino","roa-rup":"San Marino","roa-tara":"San Marine","ru":"Сан-Марино","rw":"Mutagatifu Marino","sa":"सान मरीनो","sah":"Сан Марино","sc":"Santu Marinu","scn":"San Marinu","sco":"San Marino","sd":"سان مارينو","se":"San Marino","sh":"San Marino","si":"සැන් මරිනෝ","sk":"San Maríno","sl":"San Marino","sm":"San Marino","smn":"San Marino","sn":"Musande Marino","so":"San Marino","sq":"San Marino","sr":"Сан Марино","srn":"San Marinokondre","stq":"San Marino","su":"San Marino","sv":"San Marino","sw":"San Marino","szl":"San Marino","szy":"San Marino","ta":"சான் மரீனோ","te":"సాన్ మారినో","tet":"Saun Mariñu","tg":"Сан-Марино","th":"ประเทศซานมารีโน","ti":"ሳን ማሪዮ","tk":"San-Marino","tl":"San Marino","tly":"San-Marino","to":"Sā Malino","tok":"ma San Malino","tpi":"San Marino","tr":"San Marino","trv":"San Marino","ts":"San Marino","tt":"Сан-Марино","tum":"San Marino","udm":"Сан-Марино","ug":"سان مارىنو","uk":"Сан-Марино","ur":"سان مارینو","uz":"San Marino","vec":"San Marin","vep":"San Marino","vi":"San Marino","vls":"San Marino","vo":"Sanmarinän","war":"San Marino","wo":"San Marino","xh":"Sen Marino","yi":"סאן מארינא","yo":"San Màrínò","za":"San Marino","zea":"San Marino","zh":"圣马力诺","zh-min-nan":"San Marino","zu":"USanti Marino"},"from":1740.0940860215053,"to":null,"wikidata":"Q238","adminLevel":2,"source":"OpenHistoricalMap","sourceUrl":"https://www.openhistoricalmap.org"}},{"type":"Feature","geometry":{"type":"MultiPolygon","coordinates":[[[[-3.8518,35.2552],[-3.8652,35.2757],[-3.9052,35.2194],[-3.8772,35.2147],[-3.8518,35.2552]]],[[[-2.4465,35.1604],[-2.4069,35.1637],[-2.3803,35.1888],[-2.4034,35.2268],[-2.4582,35.2339],[-2.4919,35.2095],[-2.4947,35.1727],[-2.4465,35.1604]]],[[[4.2194,39.7756],[4.2827,39.7584],[4.3241,39.7653],[4.3454,39.7855],[4.3796,39.8826],[4.3375,39.9324],[4.3116,40.0211],[4.2386,40.0537],[4.2068,40.0921],[4.0609,40.1336],[4.0028,40.0999],[3.8011,40.0885],[3.743,40.0354],[3.7442,39.99],[3.7733,39.9621],[3.7678,39.9202],[3.7957,39.8873],[3.9594,39.8916],[4.0082,39.8795],[4.2194,39.7756]]],[[[2.2535,39.5873],[2.2632,39.5461],[2.3101,39.5315],[2.3312,39.4988],[2.3984,39.481],[2.4462,39.435],[2.5014,39.4178],[2.5597,39.4286],[2.5933,39.492],[2.6634,39.5127],[2.6787,39.5018],[2.6686,39.4762],[2.6916,39.3929],[2.7555,39.3301],[2.9281,39.3132],[3.0176,39.2326],[3.0596,39.2231],[3.2697,39.3322],[3.32,39.3942],[3.3516,39.486],[3.4466,39.5554],[3.456,39.5875],[3.5053,39.6411],[3.5305,39.7188],[3.4933,39.7806],[3.3617,39.8288],[3.3109,39.8207],[3.2493,39.7754],[3.1975,39.7958],[3.2484,39.8512],[3.2572,39.8927],[3.2426,39.9176],[3.2672,39.9683],[3.2417,39.997],[3.1758,40.0029],[3.0998,39.9767],[2.9312,39.957],[2.7557,39.8926],[2.629,39.8194],[2.5505,39.7489],[2.5026,39.7377],[2.3742,39.6569],[2.2843,39.6207],[2.2535,39.5873]]],[[[1.2803,38.8228],[1.3583,38.7923],[1.3659,38.7735],[1.3271,38.7236],[1.3306,38.6432],[1.3547,38.6072],[1.4018,38.6003],[1.4733,38.6352],[1.5249,38.6109],[1.6115,38.6227],[1.6365,38.6543],[1.6218,38.7071],[1.5792,38.7323],[1.5319,38.7256],[1.5115,38.753],[1.533,38.8096],[1.5038,38.838],[1.4576,38.8405],[1.4592,38.8579],[1.5696,38.9196],[1.6329,38.9828],[1.6824,38.9995],[1.7016,39.0214],[1.6967,39.0537],[1.6318,39.1261],[1.5258,39.1593],[1.3312,39.1099],[1.2395,39.038],[1.1841,39.0299],[1.1377,38.9681],[1.1403,38.9419],[1.1646,38.9208],[1.1399,38.8498],[1.1714,38.8251],[1.2803,38.8228]]],[[[2.8675,39.1566],[2.8874,39.0996],[2.9815,39.0901],[3.0238,39.1458],[3.0271,39.2192],[2.9937,39.2445],[2.9623,39.2443],[2.877,39.1841],[2.8675,39.1566]]],[[[1.9721,42.4845],[1.9598,42.4533],[2.0093,42.4485],[1.9864,42.4749],[1.9896,42.4937],[1.9721,42.4845]]],[[[-0.6661,37.9142],[-0.5949,37.9957],[-0.5932,38.0854],[-0.5746,38.1408],[-0.5375,38.1476],[-0.4763,38.1208],[-0.4165,38.1482],[-0.4222,38.1877],[-0.4542,38.2074],[-0.4659,38.284],[-0.4305,38.3112],[-0.3663,38.3223],[-0.3387,38.4075],[-0.1872,38.4725],[-0.0996,38.4666],[-0.0117,38.5333],[0.0061,38.5845],[0.1074,38.5945],[0.1362,38.6336],[0.1843,38.6479],[0.2159,38.6863],[0.2643,38.7003],[0.2835,38.7235],[0.2821,38.7687],[0.2297,38.8373],[0.1177,38.8915],[0.0101,38.9088],[-0.0853,38.9878],[-0.1353,39.0518],[-0.1817,39.1417],[-0.1642,39.1968],[-0.2739,39.3987],[-0.2489,39.4395],[-0.2673,39.5045],[-0.209,39.5984],[-0.1612,39.6238],[-0.1383,39.7082],[-0.0764,39.7897],[0.0388,39.8936],[0.091,40.004],[0.1848,40.0536],[0.2362,40.1492],[0.3073,40.1847],[0.3243,40.2175],[0.4554,40.338],[0.4606,40.372],[0.5195,40.4333],[0.572,40.5259],[0.6389,40.5137],[0.6967,40.5251],[0.7991,40.6148],[0.9179,40.6755],[0.9391,40.7094],[0.9364,40.7354],[0.9032,40.7679],[0.8567,40.7734],[0.8046,40.8221],[0.9951,40.9927],[1.0568,41.0209],[1.1164,41.0308],[1.187,41.0164],[1.2327,41.0552],[1.3086,41.0847],[1.398,41.0918],[1.5392,41.1418],[1.7452,41.1674],[1.9499,41.224],[2.0427,41.2286],[2.1458,41.2572],[2.2137,41.3166],[2.3002,41.4277],[2.5661,41.5386],[2.7941,41.6104],[2.8526,41.6545],[2.962,41.6808],[3.0105,41.7244],[3.0803,41.7495],[3.118,41.796],[3.202,41.8308],[3.2474,41.8697],[3.2859,41.9426],[3.2853,41.9728],[3.2511,42.0068],[3.278,42.0403],[3.2742,42.0645],[3.2229,42.1316],[3.1742,42.1557],[3.1674,42.2078],[3.2286,42.1935],[3.3053,42.212],[3.3705,42.3026],[3.3667,42.3411],[3.2231,42.3905],[3.2284,42.4274],[3.1209,42.4379],[3.0837,42.427],[3.0331,42.475],[2.9734,42.4669],[2.9476,42.481],[2.9175,42.4563],[2.843,42.4582],[2.8014,42.4189],[2.7713,42.412],[2.7464,42.4251],[2.68,42.4065],[2.6607,42.3867],[2.6755,42.3424],[2.5773,42.3581],[2.5264,42.3334],[2.4778,42.3444],[2.4335,42.3934],[2.2538,42.4374],[2.1975,42.4176],[2.1485,42.4206],[2.0855,42.3626],[2.017,42.3485],[1.9651,42.3814],[1.937,42.4537],[1.8849,42.4496],[1.8351,42.4815],[1.7265,42.5018],[1.6643,42.4953],[1.655,42.4675],[1.5938,42.465],[1.5808,42.45],[1.5616,42.4582],[1.5465,42.4327],[1.45,42.438],[1.441,42.4751],[1.4233,42.4826],[1.465,42.5154],[1.4476,42.5412],[1.4166,42.5354],[1.4409,42.564],[1.4283,42.5796],[1.4405,42.5952],[1.3892,42.687],[1.352,42.7019],[1.3467,42.7197],[1.2785,42.7141],[1.232,42.7274],[1.1654,42.7093],[1.0815,42.7865],[0.9826,42.7873],[0.9592,42.8054],[0.9234,42.7906],[0.852,42.8267],[0.7145,42.8598],[0.6603,42.8394],[0.67,42.8065],[0.6492,42.7852],[0.6656,42.7757],[0.643,42.7549],[0.6768,42.7282],[0.6665,42.69],[0.5983,42.7048],[0.4275,42.6904],[0.3672,42.7208],[0.2965,42.6739],[0.2565,42.7166],[0.1799,42.7362],[-0.0125,42.685],[-0.1053,42.7214],[-0.1544,42.793],[-0.1816,42.7867],[-0.3114,42.8474],[-0.392,42.8006],[-0.4481,42.7994],[-0.5098,42.8253],[-0.5287,42.7931],[-0.5705,42.783],[-0.5661,42.8037],[-0.5967,42.805],[-0.6061,42.8334],[-0.678,42.8838],[-0.7264,42.8926],[-0.7312,42.9475],[-0.7516,42.9667],[-0.8194,42.951],[-0.9092,42.9643],[-0.947,42.9549],[-1.0154,42.9931],[-1.1097,43.0194],[-1.137,43.0093],[-1.2192,43.0532],[-1.2599,43.0437],[-1.3031,43.0688],[-1.2726,43.1161],[-1.283,43.1175],[-1.3324,43.1078],[-1.3518,43.0331],[-1.4412,43.0463],[-1.4713,43.091],[-1.4269,43.1176],[-1.3859,43.1873],[-1.3856,43.2549],[-1.4102,43.2719],[-1.4385,43.2666],[-1.5353,43.2947],[-1.5564,43.2911],[-1.5762,43.2498],[-1.6058,43.2524],[-1.6273,43.2777],[-1.6275,43.3068],[-1.6683,43.3148],[-1.73,43.2958],[-1.7384,43.3251],[-1.7815,43.3481],[-1.7888,43.3679],[-1.7718,43.3881],[-1.7719,43.4284],[-1.8738,43.4083],[-1.9372,43.3705],[-2.1484,43.3287],[-2.1917,43.3471],[-2.2931,43.3322],[-2.4319,43.3726],[-2.4923,43.4112],[-2.6995,43.4629],[-2.7513,43.4931],[-2.8346,43.4692],[-2.9658,43.4683],[-3.035,43.4162],[-3.1004,43.4124],[-3.1449,43.3898],[-3.2053,43.4278],[-3.3191,43.4552],[-3.3772,43.4523],[-3.4062,43.4932],[-3.5873,43.5491],[-3.739,43.5118],[-3.821,43.53],[-3.9617,43.505],[-3.9948,43.4811],[-4.0579,43.4803],[-4.1443,43.4494],[-4.2783,43.4289],[-4.337,43.4417],[-4.608,43.4336],[-4.91,43.4963],[-5.0299,43.4967],[-5.1207,43.5207],[-5.1934,43.5141],[-5.2805,43.5692],[-5.409,43.5903],[-5.6377,43.5906],[-5.7099,43.6082],[-5.75,43.6566],[-5.8431,43.6945],[-5.8804,43.6871],[-5.9885,43.6157],[-6.0476,43.6269],[-6.1171,43.5973],[-6.2469,43.6323],[-6.3589,43.5919],[-6.4667,43.6065],[-6.5136,43.5897],[-6.6215,43.6086],[-6.8023,43.598],[-6.9484,43.6105],[-7.1394,43.5929],[-7.2546,43.6209],[-7.3218,43.6963],[-7.389,43.7225],[-7.41,43.7479],[-7.5142,43.7718],[-7.5703,43.7643],[-7.6823,43.8257],[-7.8111,43.7688],[-7.8489,43.8047],[-7.9191,43.8021],[-7.9997,43.7492],[-8.075,43.7429],[-8.1388,43.678],[-8.2205,43.6474],[-8.2747,43.5961],[-8.349,43.5951],[-8.3704,43.5754],[-8.3901,43.5123],[-8.3976,43.4667],[-8.3815,43.4247],[-8.4756,43.4131],[-8.5316,43.3833],[-8.558,43.3507],[-8.6184,43.3576],[-8.7354,43.3315],[-8.8137,43.3951],[-8.8794,43.3907],[-8.8992,43.3597],[-9.0158,43.3107],[-9.0763,43.2326],[-9.1711,43.2318],[-9.2471,43.1918],[-9.2633,43.1714],[-9.2627,43.1337],[-9.3451,43.07],[-9.3495,43.041],[-9.3136,42.9857],[-9.3465,42.9282],[-9.3296,42.8828],[-9.2906,42.8464],[-9.2295,42.86],[-9.1905,42.8319],[-9.1995,42.7895],[-9.1541,42.7315],[-9.0824,42.7024],[-9.0905,42.648],[-9.1394,42.5892],[-9.1399,42.5661],[-9.0963,42.5286],[-9.1006,42.4918],[-9.0506,42.4397],[-8.967,42.428],[-8.9996,42.3723],[-8.993,42.3466],[-8.9626,42.3115],[-8.9081,42.3008],[-8.9573,42.2709],[-8.9669,42.2445],[-8.9586,42.1842],[-8.9145,42.1556],[-8.9498,42.1122],[-8.9296,41.8712],[-8.8732,41.8634],[-8.7527,41.9358],[-8.7438,41.9656],[-8.6629,42.0025],[-8.654,42.0334],[-8.6283,42.0504],[-8.5515,42.0533],[-8.5205,42.0778],[-8.3335,42.084],[-8.247,42.139],[-8.2012,42.1476],[-8.1828,42.0661],[-8.1235,42.0812],[-8.0986,42.0731],[-8.0843,42.0429],[-8.086,42.0165],[-8.1578,41.9842],[-8.2164,41.914],[-8.2004,41.8779],[-8.1693,41.8765],[-8.165,41.8181],[-8.1018,41.8098],[-8.0205,41.8314],[-7.9761,41.8742],[-7.9212,41.8778],[-7.9102,41.9183],[-7.8927,41.927],[-7.8747,41.8471],[-7.8481,41.8625],[-7.8452,41.8813],[-7.7028,41.9075],[-7.6539,41.8812],[-7.592,41.8806],[-7.6096,41.8296],[-7.5239,41.8413],[-7.4913,41.8712],[-7.4477,41.86],[-7.4281,41.8087],[-7.3696,41.8488],[-7.3143,41.8435],[-7.1978,41.8798],[-7.1773,41.9161],[-7.1832,41.9742],[-7.1482,41.9881],[-7.0955,41.9769],[-7.0683,41.949],[-7.0146,41.9501],[-6.9794,41.9738],[-6.9377,41.9453],[-6.8944,41.94],[-6.8211,41.9471],[-6.8108,41.9869],[-6.7874,41.9887],[-6.7405,41.9404],[-6.6255,41.9398],[-6.5892,41.9629],[-6.5494,41.9445],[-6.5712,41.8835],[-6.5168,41.8736],[-6.5435,41.7785],[-6.568,41.745],[-6.5433,41.6997],[-6.5528,41.692],[-6.5125,41.6612],[-6.4574,41.6666],[-6.446,41.6846],[-6.3528,41.6757],[-6.283,41.6524],[-6.1993,41.5925],[-6.1959,41.5713],[-6.3006,41.4542],[-6.2949,41.4363],[-6.3333,41.4103],[-6.3177,41.3857],[-6.3874,41.3858],[-6.3842,41.3545],[-6.414,41.3484],[-6.4453,41.3008],[-6.4869,41.2913],[-6.4963,41.2662],[-6.5254,41.2708],[-6.5779,41.2388],[-6.589,41.2543],[-6.6466,41.2481],[-6.6978,41.1842],[-6.7669,41.1353],[-6.76,41.0974],[-6.8166,41.0336],[-6.9307,41.0297],[-6.9202,41.0015],[-6.8594,40.9501],[-6.8461,40.9007],[-6.8033,40.8636],[-6.8212,40.8334],[-6.8299,40.7551],[-6.7964,40.6631],[-6.8432,40.5727],[-6.807,40.5546],[-6.7964,40.5153],[-6.8494,40.4528],[-6.8368,40.4119],[-6.7811,40.3652],[-6.7933,40.3297],[-6.8614,40.2996],[-6.8763,40.26],[-6.9493,40.2573],[-7.0112,40.2266],[-7.028,40.1911],[-7.0104,40.1308],[-6.9422,40.1126],[-6.8668,40.0154],[-6.8842,39.9439],[-6.9066,39.9238],[-6.9088,39.8648],[-6.9869,39.8072],[-6.9777,39.7785],[-7.0146,39.6727],[-7.1513,39.6532],[-7.2482,39.6669],[-7.3349,39.6409],[-7.5362,39.6665],[-7.4933,39.5858],[-7.4313,39.5357],[-7.3911,39.5301],[-7.382,39.4914],[-7.2978,39.4606],[-7.3209,39.3873],[-7.3091,39.3386],[-7.2366,39.2813],[-7.241,39.2107],[-7.2072,39.1872],[-7.1383,39.1721],[-7.1409,39.1078],[-7.0309,39.1168],[-6.9613,39.0581],[-6.9562,39.0195],[-7.0482,38.9091],[-7.039,38.871],[-7.0902,38.8199],[-7.1313,38.8118],[-7.2071,38.7456],[-7.2566,38.7261],[-7.2695,38.6334],[-7.2507,38.618],[-7.314,38.5087],[-7.3207,38.4767],[-7.2994,38.4825],[-7.2988,38.4702],[-7.3357,38.4361],[-7.2811,38.4203],[-7.1518,38.2724],[-7.0987,38.18],[-7.0275,38.1832],[-7.0065,38.2047],[-6.9388,38.2195],[-6.936,38.1994],[-6.9649,38.1688],[-6.9588,38.1357],[-6.9891,38.0973],[-7.0072,38.0208],[-7.0468,38.0143],[-7.0981,38.0435],[-7.1314,38.0225],[-7.1307,38.0015],[-7.2008,38.0032],[-7.2542,37.9829],[-7.2555,37.9261],[-7.2866,37.8655],[-7.3237,37.8169],[-7.4209,37.7594],[-7.4543,37.653],[-7.4973,37.607],[-7.5208,37.5491],[-7.4635,37.4859],[-7.4456,37.4193],[-7.4566,37.4045],[-7.4378,37.3751],[-7.4415,37.3086],[-7.423,37.27],[-7.4335,37.2497],[-7.4139,37.2266],[-7.3954,37.1294],[-7.2692,37.162],[-7.0395,37.164],[-6.7866,37.0719],[-6.5398,36.936],[-6.4921,36.8859],[-6.4416,36.7909],[-6.4926,36.7403],[-6.434,36.6103],[-6.375,36.5781],[-6.3177,36.5754],[-6.3645,36.5426],[-6.3587,36.5053],[-6.3235,36.4868],[-6.2624,36.3748],[-6.2183,36.3374],[-6.1868,36.2773],[-6.138,36.254],[-6.0628,36.1484],[-5.9189,36.1358],[-5.8291,36.0476],[-5.6813,36.0179],[-5.6351,35.9653],[-5.589,35.9638],[-5.398,36.041],[-5.3747,36.0771],[-5.4003,36.1485],[-5.2895,36.1501],[-5.2726,36.2102],[-5.1572,36.3715],[-4.9835,36.4242],[-4.9027,36.4645],[-4.7405,36.4424],[-4.619,36.4706],[-4.559,36.5381],[-4.4729,36.5681],[-4.401,36.6633],[-4.3712,36.6791],[-4.1701,36.6762],[-4.0603,36.7061],[-3.9501,36.6868],[-3.8356,36.7126],[-3.74,36.6803],[-3.6298,36.7028],[-3.4911,36.6584],[-3.4135,36.6547],[-3.2573,36.7106],[-2.9294,36.7071],[-2.8706,36.6599],[-2.7013,36.6437],[-2.6133,36.6734],[-2.5389,36.7764],[-2.4801,36.7895],[-2.421,36.7718],[-2.3629,36.7993],[-2.3092,36.7791],[-2.2158,36.6862],[-2.1017,36.6975],[-2.0297,36.7479],[-2.0023,36.7955],[-1.9656,36.8119],[-1.9492,36.8629],[-1.8483,36.9363],[-1.8492,36.9656],[-1.8035,37.0547],[-1.7591,37.2001],[-1.6487,37.3139],[-1.5719,37.3616],[-1.4385,37.4051],[-1.4181,37.4618],[-1.3091,37.5218],[-1.2546,37.5164],[-1.2205,37.5303],[-1.1863,37.5062],[-1.1236,37.4951],[-1.0799,37.5026],[-1.0578,37.5353],[-0.9151,37.5151],[-0.7097,37.5662],[-0.6521,37.6061],[-0.6433,37.6513],[-0.6843,37.6914],[-0.6558,37.7311],[-0.6879,37.7718],[-0.7114,37.8466],[-0.6661,37.9142]]],[[[-2.9768,35.9283],[-2.9829,35.9644],[-3.0188,35.9865],[-3.0635,35.9815],[-3.0908,35.9524],[-3.0846,35.9163],[-3.0487,35.8942],[-3.004,35.8992],[-2.9768,35.9283]]],[[[-18.0144,28.6544],[-17.9376,28.5292],[-17.9274,28.4681],[-17.9016,28.4305],[-17.8658,28.4105],[-17.8178,28.4121],[-17.7851,28.4333],[-17.7104,28.5435],[-17.6933,28.6213],[-17.7077,28.67],[-17.6715,28.7497],[-17.748,28.8799],[-17.9393,28.9052],[-18.0145,28.857],[-18.0638,28.7821],[-18.0585,28.7382],[-18.0144,28.6544]]],[[[-18.0758,27.6419],[-18.0141,27.5939],[-17.9592,27.5961],[-17.9321,27.6126],[-17.9076,27.6836],[-17.8833,27.699],[-17.8278,27.7899],[-17.8333,27.8414],[-17.8609,27.8781],[-17.9126,27.9024],[-17.9743,27.899],[-18.0502,27.8619],[-18.072,27.81],[-18.1337,27.8276],[-18.1992,27.7914],[-18.221,27.7261],[-18.2072,27.6822],[-18.1693,27.6584],[-18.0758,27.6419]]],[[[-17.2117,27.9791],[-17.1546,27.9942],[-17.0566,28.065],[-17.0417,28.1065],[-17.0547,28.1676],[-17.1764,28.2453],[-17.252,28.2677],[-17.3466,28.2502],[-17.4087,28.1544],[-17.4012,28.0733],[-17.3131,27.9936],[-17.252,27.973],[-17.2117,27.9791]]],[[[-16.4016,28.0971],[-16.3028,28.3062],[-16.3097,28.3521],[-16.2493,28.3828],[-16.1916,28.4421],[-16.0817,28.517],[-16.0668,28.5726],[-16.1211,28.6486],[-16.1631,28.6575],[-16.217,28.6244],[-16.3572,28.6215],[-16.4467,28.5683],[-16.5401,28.4717],[-16.6019,28.4519],[-16.6822,28.4536],[-16.7664,28.4218],[-16.8497,28.441],[-16.9741,28.386],[-16.9812,28.337],[-16.9039,28.2523],[-16.8841,28.1702],[-16.7219,27.9639],[-16.6627,27.9586],[-16.5805,27.9845],[-16.5139,27.9839],[-16.4016,28.0971]]],[[[-15.8191,28.0697],[-15.8775,28.0283],[-15.8938,27.9555],[-15.8851,27.8895],[-15.8259,27.7989],[-15.6857,27.6997],[-15.5676,27.6855],[-15.5318,27.6986],[-15.5131,27.7241],[-15.4112,27.7563],[-15.3491,27.8142],[-15.3264,27.8537],[-15.3284,27.8861],[-15.301,27.9162],[-15.3197,27.9703],[-15.3135,28.0024],[-15.3544,28.068],[-15.3382,28.1817],[-15.3654,28.2224],[-15.3953,28.235],[-15.4399,28.2334],[-15.4888,28.2009],[-15.5669,28.1962],[-15.6754,28.2296],[-15.7364,28.2169],[-15.767,28.1822],[-15.7704,28.1077],[-15.8191,28.0697]]],[[[-13.8472,28.8079],[-13.9615,28.7949],[-14.0591,28.7442],[-14.0965,28.6055],[-14.1505,28.5032],[-14.1987,28.4623],[-14.2281,28.3752],[-14.256,28.347],[-14.2763,28.2404],[-14.3894,28.1681],[-14.5275,28.1505],[-14.5683,28.0849],[-14.5584,28.0361],[-14.5167,28.0161],[-14.4723,28.0288],[-14.3138,27.9973],[-14.2149,28.0783],[-14.185,28.1223],[-14.009,28.1572],[-13.9174,28.1868],[-13.8809,28.2151],[-13.7969,28.386],[-13.8024,28.4691],[-13.765,28.5884],[-13.7602,28.7886],[-13.6895,28.8689],[-13.6155,28.877],[-13.5006,28.9208],[-13.4414,28.9619],[-13.4096,29.0036],[-13.3934,29.1129],[-13.3701,29.148],[-13.3719,29.2276],[-13.3251,29.2249],[-13.2866,29.2465],[-13.2744,29.2732],[-13.2885,29.3129],[-13.3271,29.3303],[-13.3757,29.3182],[-13.3984,29.2822],[-13.3925,29.2494],[-13.4766,29.3402],[-13.4352,29.3901],[-13.4451,29.4382],[-13.5153,29.4648],[-13.5709,29.4408],[-13.5907,29.4103],[-13.5771,29.3569],[-13.5979,29.3175],[-13.5927,29.2697],[-13.6085,29.2316],[-13.5929,29.1886],[-13.6837,29.1709],[-13.8477,29.0824],[-13.8856,29.0219],[-13.895,28.9433],[-13.9429,28.8976],[-13.9191,28.8262],[-13.8472,28.8079]]],[[[9.593,0.6063],[9.5954,0.5249],[9.6728,0.4507],[9.6656,0.4421],[9.7923,0.3917],[10.0264,0.4408],[10.0669,0.5164],[10.0827,0.6592],[10.0724,0.7271],[9.9886,0.8191],[9.9565,0.9177],[9.8952,0.9519],[9.8727,0.9944],[9.8015,1],[9.7466,1.066],[9.6754,1.0677],[9.6953,1.1269],[9.7488,1.1688],[9.7322,1.189],[9.7516,1.2156],[9.7516,1.2812],[9.6446,1.421],[9.5902,1.4236],[9.5621,1.443],[9.5629,1.4802],[9.5134,1.5205],[9.424,1.4389],[9.4136,1.3637],[9.3465,1.2923],[9.3375,1.2452],[9.2928,1.1855],[9.2932,1.1545],[9.3172,1.1053],[9.3808,1.0614],[9.498,1.0873],[9.5198,1.0675],[9.5254,1.0556],[9.4797,1.0442],[9.4569,1.0195],[9.45,0.9703],[9.5004,0.9257],[9.5219,0.8834],[9.5626,0.7465],[9.5498,0.6994],[9.593,0.6063]]],[[[9.3874,0.9146],[9.3902,0.9453],[9.3691,0.9773],[9.3057,0.9886],[9.2593,0.958],[9.252,0.9025],[9.2747,0.8595],[9.3458,0.8387],[9.3853,0.8625],[9.3874,0.9146]]],[[[8.4019,3.4716],[8.3641,3.3759],[8.3971,3.2563],[8.4625,3.215],[8.6919,3.167],[8.8001,3.2884],[8.8219,3.3658],[8.9787,3.6304],[8.9777,3.7424],[8.9156,3.813],[8.8807,3.8203],[8.8244,3.8059],[8.7214,3.8354],[8.6658,3.8289],[8.6188,3.7507],[8.5657,3.699],[8.5556,3.5985],[8.5191,3.5657],[8.5189,3.5275],[8.434,3.5126],[8.4019,3.4716]]],[[[5.7016,-1.4603],[5.7057,-1.3947],[5.6846,-1.3628],[5.6196,-1.3515],[5.5702,-1.3919],[5.5739,-1.4749],[5.6097,-1.5134],[5.6607,-1.5192],[5.7016,-1.4603]]],[[[-15.0952,21.3373],[-12.0005,25.9985],[-14.5682,25.972],[-14.6409,25.8371],[-14.6798,25.7995],[-14.7425,25.5898],[-14.837,25.4323],[-14.8778,25.3121],[-14.8967,25.2097],[-14.8934,25.0803],[-14.8745,25.0243],[-14.8841,24.9233],[-14.9338,24.7853],[-14.9384,24.7259],[-15.0245,24.6655],[-15.0574,24.5938],[-15.1541,24.5552],[-15.2394,24.4932],[-15.3781,24.3287],[-15.4887,24.2492],[-15.6129,24.1302],[-15.6352,24.0839],[-15.8593,23.9461],[-15.9624,23.8352],[-16.0558,23.6544],[-16.0329,23.598],[-15.9813,23.5781],[-16.0231,23.5253],[-16.0182,23.4613],[-16.1087,23.3525],[-16.1673,23.2274],[-16.2517,23.1205],[-16.2583,23.0565],[-16.2278,23.0315],[-16.1969,23.0304],[-16.1984,23.0157],[-16.235,22.9695],[-16.3056,22.9526],[-16.3417,22.9144],[-16.3544,22.8747],[-16.3461,22.8412],[-16.395,22.7469],[-16.4117,22.6071],[-16.4804,22.5363],[-16.5172,22.4],[-16.5549,22.3513],[-16.6153,22.3259],[-16.6735,22.3485],[-16.7224,22.3291],[-16.8111,22.252],[-16.8622,22.1737],[-16.9509,21.9302],[-16.9979,21.8662],[-17.0191,21.8059],[-17.0401,21.5154],[-17.0802,21.3685],[-17.1197,21.0092],[-17.1455,20.9433],[-17.1386,20.8897],[-17.1573,20.8322],[-17.0988,20.7479],[-17.0489,20.766],[-17.0666,20.8851],[-17.0302,21.0666],[-17.0096,21.098],[-16.9486,21.3335],[-15.0952,21.3373]]],[[[-10.014,29.7068],[-10.1005,29.6023],[-10.1323,29.517],[-10.2145,29.4244],[-10.2482,29.3593],[-10.3704,29.2676],[-10.4808,29.1368],[-10.2502,28.9937],[-10.0635,29.2145],[-9.8438,29.5209],[-10.014,29.7068]]],[[[-5.2739,35.8457],[-5.2218,35.8821],[-5.2267,35.9332],[-5.2626,35.9552],[-5.316,35.9519],[-5.3869,35.9741],[-5.3735,35.884],[-5.2739,35.8457]]],[[[-2.8735,35.3081],[-2.9048,35.3548],[-2.9637,35.3097],[-2.9685,35.282],[-2.9388,35.2675],[-2.8735,35.3081]]]]},"properties":{"id":"Q29","names":{"de":"Spanien","en":"Spain","es":"España","ko":"스페인","nl":"Spanje","pdt":"Spanien"},"from":1899.27688172043,"to":1900.486559139785,"wikidata":"Q29","adminLevel":2,"source":"OpenHistoricalMap","sourceUrl":"https://www.openhistoricalmap.org"}},{"type":"Feature","geometry":{"type":"MultiPolygon","coordinates":[[[[-9.581,39.4174],[-9.5681,39.3928],[-9.5152,39.3702],[-9.4581,39.3871],[-9.4437,39.4109],[-9.4523,39.4371],[-9.4914,39.4583],[-9.4914,39.4962],[-9.5306,39.5172],[-9.564,39.5129],[-9.6037,39.4804],[-9.581,39.4174]]],[[[-6.8071,40.8766],[-6.8425,40.8971],[-6.8622,40.9525],[-6.9303,41.0146],[-6.9233,41.034],[-6.8076,41.0386],[-6.7545,41.1032],[-6.7709,41.1301],[-6.7004,41.181],[-6.6441,41.2482],[-6.5692,41.2404],[-6.5219,41.2758],[-6.4837,41.272],[-6.4849,41.2925],[-6.4421,41.3031],[-6.4201,41.3432],[-6.3797,41.3563],[-6.3913,41.3827],[-6.3197,41.3859],[-6.3337,41.4093],[-6.2984,41.4309],[-6.3043,41.4509],[-6.1934,41.5728],[-6.2015,41.5946],[-6.2987,41.6604],[-6.445,41.6848],[-6.4574,41.6666],[-6.4996,41.6571],[-6.546,41.6838],[-6.5645,41.7517],[-6.5184,41.8672],[-6.5671,41.8825],[-6.5472,41.9407],[-6.5837,41.9656],[-6.6214,41.9397],[-6.7,41.9333],[-6.7436,41.9411],[-6.7718,41.9851],[-6.8052,41.9909],[-6.8203,41.9489],[-6.892,41.9398],[-6.946,41.9475],[-6.9794,41.9738],[-7.0146,41.9501],[-7.0654,41.9489],[-7.0955,41.9769],[-7.1468,41.9886],[-7.1832,41.9742],[-7.1762,41.9168],[-7.1967,41.88],[-7.3094,41.8456],[-7.3727,41.849],[-7.4197,41.8115],[-7.4466,41.8589],[-7.4958,41.8706],[-7.5213,41.8418],[-7.6096,41.8296],[-7.6019,41.8665],[-7.5841,41.8757],[-7.6516,41.881],[-7.6973,41.9072],[-7.8397,41.881],[-7.8729,41.8466],[-7.8918,41.8588],[-7.8847,41.9243],[-7.8991,41.9266],[-7.9285,41.8779],[-7.9887,41.8675],[-8.0129,41.8318],[-8.1268,41.8087],[-8.158,41.8183],[-8.1705,41.8778],[-8.1997,41.8821],[-8.2166,41.9071],[-8.1632,41.9804],[-8.086,42.0165],[-8.0839,42.0386],[-8.0961,42.0711],[-8.1181,42.082],[-8.183,42.0666],[-8.1975,42.1538],[-8.3385,42.0841],[-8.4253,42.0725],[-8.4855,42.0819],[-8.5273,42.0761],[-8.5444,42.0547],[-8.6328,42.0489],[-8.6663,42.0005],[-8.7398,41.9681],[-8.7586,41.9321],[-8.8732,41.8634],[-8.9313,41.8645],[-8.9289,41.7441],[-8.8427,41.5465],[-8.8285,41.4718],[-8.8354,41.3888],[-8.7924,41.3181],[-8.765,41.1977],[-8.7193,41.1303],[-8.6987,40.9862],[-8.879,40.3807],[-8.9565,40.1989],[-8.9548,40.1702],[-8.915,40.127],[-9.0964,39.7337],[-9.1338,39.5929],[-9.3008,39.435],[-9.4224,39.4033],[-9.4549,39.3735],[-9.4533,39.342],[-9.3922,39.2862],[-9.3919,39.2328],[-9.4703,39.0825],[-9.4668,38.9495],[-9.5494,38.7809],[-9.5305,38.6912],[-9.5133,38.6755],[-9.4307,38.6512],[-9.3884,38.6563],[-9.2714,38.6102],[-9.2326,38.5257],[-9.2714,38.4118],[-9.2489,38.3809],[-9.1938,38.3708],[-9.1487,38.3914],[-9.0566,38.3971],[-8.9301,38.4467],[-8.8688,38.4],[-8.8403,38.3425],[-8.8254,38.258],[-8.8376,38.1552],[-8.8835,38.0392],[-8.9398,37.9501],[-8.9289,37.9179],[-8.8538,37.8867],[-8.8433,37.8661],[-8.861,37.7506],[-8.8461,37.6812],[-8.8684,37.5962],[-8.84,37.5262],[-8.8568,37.425],[-8.9267,37.3251],[-8.9153,37.2621],[-8.9594,37.2181],[-8.9584,37.1674],[-9.0467,37.0279],[-9.0312,36.9938],[-8.9803,36.9626],[-8.919,36.9613],[-8.8128,37.0258],[-8.6526,37.0421],[-8.6062,37.082],[-8.449,37.047],[-8.3721,37.0561],[-8.2965,37.0327],[-8.1877,37.0494],[-8.1114,37.0257],[-7.9617,36.9377],[-7.8776,36.9211],[-7.5524,37.1051],[-7.4647,37.1357],[-7.3977,37.129],[-7.4126,37.2215],[-7.4332,37.2563],[-7.4217,37.2738],[-7.442,37.316],[-7.4405,37.391],[-7.4599,37.4061],[-7.4457,37.4199],[-7.4639,37.4872],[-7.5227,37.5531],[-7.5026,37.6024],[-7.4548,37.6463],[-7.4219,37.7534],[-7.3013,37.8419],[-7.2558,37.9265],[-7.2543,37.9832],[-7.1959,38.0014],[-7.136,37.9995],[-7.1033,38.0411],[-7.0615,38.0183],[-7.0106,38.0211],[-6.9522,38.1528],[-6.9687,38.1628],[-6.9338,38.2019],[-6.9587,38.2143],[-7.0055,38.2046],[-7.0272,38.1834],[-7.0987,38.18],[-7.1521,38.2761],[-7.2843,38.4224],[-7.3309,38.4377],[-7.2964,38.4752],[-7.3213,38.4798],[-7.314,38.5128],[-7.2432,38.6235],[-7.2706,38.6359],[-7.253,38.7284],[-7.2009,38.7505],[-7.1313,38.8118],[-7.0902,38.8199],[-7.0684,38.8542],[-7.0392,38.8647],[-7.0439,38.9121],[-6.952,39.0229],[-6.996,39.0993],[-7.0442,39.1182],[-7.1044,39.1002],[-7.1371,39.1068],[-7.1492,39.122],[-7.134,39.1698],[-7.2372,39.2061],[-7.2395,39.2829],[-7.3071,39.3357],[-7.3221,39.3856],[-7.2945,39.4563],[-7.3775,39.4894],[-7.3976,39.5328],[-7.4289,39.5341],[-7.4613,39.5729],[-7.4982,39.5894],[-7.5319,39.6619],[-7.3349,39.6409],[-7.2499,39.667],[-7.0588,39.6593],[-7.018,39.6701],[-7.0076,39.6873],[-6.9773,39.7716],[-6.9864,39.8105],[-6.9082,39.8665],[-6.9041,39.9264],[-6.8868,39.9396],[-6.8865,39.9781],[-6.8649,40.0102],[-6.9327,40.1012],[-7.0146,40.1318],[-7.0285,40.1888],[-7.0025,40.2319],[-6.9507,40.2575],[-6.8763,40.26],[-6.8631,40.2974],[-6.7907,40.3338],[-6.79,40.3715],[-6.8363,40.411],[-6.8494,40.4505],[-6.7958,40.5112],[-6.8012,40.5499],[-6.8413,40.5766],[-6.7967,40.6576],[-6.8294,40.74],[-6.8071,40.8766]]]]},"properties":{"id":"Q45670","names":{"an":"Reino de Portugal","ast":"Reinu de Portugal","az":"Portuqaliya krallığı","be":"Каралеўства Партугалія","bg":"Кралство Португалия","ca":"Regne de Portugal","cs":"Portugalské království","da":"Kongeriget Portugal","de":"Königreich Portugal","en":"Kingdom of Portugal","eo":"Reĝlando Portugalio","es":"Reino de Portugal","et":"Portugali kuningriik","eu":"Portugalgo Erresuma","fi":"Portugalin kuningaskunta","fr":"Royaume de Portugal","ga":"Ríocht na Portaingéile","gl":"Reino de Portugal","hr":"Kraljevina Portugal","hu":"Portugál Királyság","id":"Kerajaan Portugal","it":"Regno del Portogallo","ko":"포르투갈 왕국","la":"Regnum Portugalliae","lv":"Portugāles Karaliste","ms":"Kerajaan Beraja Portugal","mwl":"Reino de Pertual","nl":"Koninkrijk Portugal","nn":"Kongedømet Portugal","oc":"Reialme de Portugal","pl":"Królestwo Portugalii","pt":"Reino de Portugal","ro":"Regatul Portugaliei","ru":"Королевство Португалия","sco":"Kinrick o Portugal","sk":"Portugalské kráľovstvo","sr":"Краљевина Португалија","sv":"Kungariket Portugal","tk":"Portugaliýa korollygy","tr":"Portekiz Krallığı","uk":"Португальське королівство","vec":"Regno del Portogało"},"from":1801.4301075268818,"to":1910,"wikidata":"Q45670","adminLevel":2,"source":"OpenHistoricalMap","sourceUrl":"https://www.openhistoricalmap.org"}},{"type":"Feature","geometry":{"type":"Polygon","coordinates":[[[-6.1158,35.4428],[-6.1826,35.2724],[-6.2307,35.2072],[-6.3189,34.9603],[-6.4604,34.681],[-6.5735,34.4969],[-6.7107,34.3182],[-6.7724,34.194],[-6.9579,33.9949],[-7.062,33.9245],[-7.256,33.8448],[-7.3735,33.77],[-7.4256,33.7672],[-7.5343,33.6838],[-7.6178,33.6548],[-7.6719,33.657],[-7.7998,33.5884],[-7.8429,33.5855],[-8.0326,33.5037],[-8.3327,33.4103],[-8.462,33.3032],[-8.5109,33.316],[-8.5538,33.3047],[-8.6719,33.2041],[-8.6985,33.1235],[-8.8868,32.9354],[-9.333,32.5732],[-9.3426,32.5254],[-9.2994,32.4675],[-9.3498,32.3806],[-9.3425,32.3268],[-9.3137,32.2852],[-9.3169,32.2013],[-9.3673,32.1474],[-9.4065,32.0543],[-9.7071,31.7361],[-9.7387,31.6378],[-9.8392,31.5221],[-9.8443,31.4811],[-9.8934,31.4073],[-9.891,31.3725],[-9.8541,31.3368],[-9.8959,31.1233],[-9.8659,31.0073],[-9.8801,30.9763],[-9.8666,30.8129],[-9.9332,30.7061],[-9.9448,30.6411],[-9.9126,30.5901],[-9.8236,30.5759],[-9.744,30.5097],[-9.7091,30.4257],[-9.6593,30.3843],[-9.716,30.1093],[-9.8425,29.885],[-10.012,29.708],[-9.8438,29.5209],[-10.0635,29.2145],[-10.2502,28.9937],[-10.4864,29.1318],[-10.5688,29.0571],[-10.6807,28.9892],[-11.1002,28.7851],[-11.1572,28.7255],[-11.0895,28.6317],[-11.0742,28.5701],[-11.0262,28.5369],[-10.9705,28.5345],[-10.8847,28.5007],[-10.8717,28.4675],[-10.8305,28.4494],[-10.6918,28.4029],[-10.3821,28.2173],[-10.0415,28.1786],[-9.3494,28.2367],[-9.1077,28.1883],[-8.668,28.4587],[-8.6824,28.5004],[-8.6824,28.6659],[-8.6676,28.7117],[-8.4304,28.841],[-8.3685,28.9165],[-8.1823,29.0355],[-8.0363,29.0999],[-7.945,29.1762],[-7.6195,29.3894],[-7.3496,29.3834],[-7.2588,29.4673],[-7.1469,29.5092],[-6.9582,29.5092],[-6.7835,29.4463],[-6.6996,29.5162],[-6.4131,29.5651],[-6.0008,29.5791],[-5.7562,29.6141],[-5.7212,29.5232],[-5.6373,29.4953],[-5.5395,29.5232],[-5.4347,29.642],[-5.2739,29.8866],[-5.1761,29.9775],[-4.8756,30.1802],[-4.624,30.285],[-4.4842,30.3828],[-4.3724,30.5086],[-4.2745,30.5576],[-4.1557,30.5855],[-4.002,30.5925],[-3.8342,30.6275],[-3.6455,30.7113],[-3.6595,30.8371],[-3.5547,30.9559],[-3.6087,31.0309],[-3.6241,31.0865],[-3.6897,31.1256],[-3.7314,31.1763],[-3.7489,31.1802],[-3.8108,31.1429],[-3.8393,31.1528],[-3.8428,31.1702],[-3.815,31.2205],[-3.8152,31.3372],[-3.7475,31.3852],[-3.6735,31.3892],[-3.6595,31.6478],[-3.5914,31.6783],[-3.5116,31.6727],[-3.2192,31.7177],[-3.0026,31.7736],[-2.8278,31.7946],[-2.9387,32.0486],[-2.8812,32.0763],[-2.6956,32.0897],[-2.5161,32.1322],[-1.4358,32.0867],[-1.2103,32.0897],[-1.1906,32.1252],[-1.1956,32.146],[-1.2327,32.1637],[-1.3052,32.1512],[-1.3096,32.1674],[-1.2766,32.2009],[-1.2441,32.3569],[-1.218,32.3926],[-1.1232,32.4179],[-1.032,32.4944],[-1.327,32.6989],[-1.4233,32.7424],[-1.5588,32.9336],[-1.503,32.9746],[-1.4995,33.0602],[-1.5714,33.112],[-1.6236,33.1966],[-1.6742,33.238],[-1.6834,33.2708],[-1.6832,33.3692],[-1.6127,33.5215],[-1.6173,33.5544],[-1.6624,33.6447],[-1.7468,33.7024],[-1.7032,33.7618],[-1.7187,33.8981],[-1.6696,34.0792],[-1.7461,34.2903],[-1.8096,34.3725],[-1.703,34.4797],[-1.7507,34.4942],[-1.8711,34.5966],[-1.7731,34.7341],[-1.7877,34.7567],[-1.9797,34.8653],[-2.0036,34.9182],[-2.0612,34.9297],[-2.1938,35.0036],[-2.2211,35.05],[-2.2123,35.1408],[-2.3775,35.1879],[-2.3949,35.2203],[-2.4354,35.2365],[-2.4859,35.2175],[-2.4947,35.1727],[-2.5191,35.1487],[-2.6318,35.1455],[-2.7057,35.1677],[-2.8735,35.3081],[-2.9505,35.2655],[-2.9676,35.3017],[-2.9047,35.3564],[-2.8928,35.4392],[-2.9156,35.4709],[-2.96,35.4884],[-3.0325,35.4684],[-3.1154,35.3361],[-3.1771,35.3119],[-3.205,35.2798],[-3.3344,35.2485],[-3.4794,35.2524],[-3.5886,35.2832],[-3.6601,35.3292],[-3.703,35.3385],[-3.7829,35.3174],[-3.8432,35.2561],[-3.8961,35.3019],[-3.9507,35.3123],[-4.1589,35.2533],[-4.2792,35.2373],[-4.3605,35.2026],[-4.7064,35.2658],[-4.8501,35.3483],[-4.8839,35.3527],[-4.9748,35.4391],[-5.0175,35.4484],[-5.1202,35.5612],[-5.1944,35.5903],[-5.2208,35.6583],[-5.2171,35.711],[-5.283,35.7469],[-5.2954,35.8382],[-5.2803,35.8434],[-5.3716,35.8812],[-5.3914,35.9731],[-5.4099,35.9752],[-5.5147,35.9503],[-5.6083,35.8852],[-5.6879,35.8913],[-5.8165,35.8416],[-5.909,35.8512],[-5.9648,35.8285],[-5.9842,35.8064],[-6.0796,35.4991],[-6.1158,35.4428]]]},"properties":{"id":"Q131429368","names":{"ar":"السلطنة الشريفة","en":"Alawi Sultanate","es":"Sultanato alauí","ko":"알라위 술탄국"},"from":1666,"to":1907.5994623655913,"wikidata":"Q131429368","adminLevel":2,"source":"OpenHistoricalMap","sourceUrl":"https://www.openhistoricalmap.org"}},{"type":"Feature","geometry":{"type":"MultiPolygon","coordinates":[[[[1.6316,50.9546],[1.5944,50.926],[1.5176,50.904],[1.494,50.8654],[1.5159,50.7835],[1.4795,50.7061],[1.4981,50.5577],[1.4585,50.2913],[1.4649,50.2477],[1.4215,50.2129],[1.3787,50.1401],[1.0813,49.9906],[0.5408,49.8983],[0.2879,49.7939],[0.1463,49.7526],[0.0848,49.703],[-0.0101,49.5393],[-0.0112,49.497],[0.047,49.4351],[-0.0485,49.3742],[-0.1953,49.3439],[-0.3903,49.3897],[-0.8031,49.4142],[-0.9252,49.4482],[-1.0962,49.4435],[-1.1064,49.4504],[-1.0641,49.4841],[-1.0645,49.5153],[-1.1191,49.5503],[-1.2149,49.5449],[-1.1606,49.584],[-1.1504,49.6254],[-1.1948,49.7163],[-1.2537,49.7481],[-1.4384,49.7585],[-1.5134,49.7419],[-1.555,49.712],[-1.7481,49.7355],[-1.8211,49.7691],[-1.9222,49.781],[-2.0088,49.7574],[-2.029,49.7164],[-2.0259,49.6718],[-2.0066,49.6433],[-1.9299,49.605],[-1.9729,49.5313],[-1.9303,49.4779],[-1.8933,49.3623],[-1.791,49.3002],[-1.6817,49.165],[-1.6895,49.0443],[-1.6439,48.9639],[-1.6439,48.9377],[-1.6585,48.8835],[-1.6928,48.8347],[-1.6519,48.7841],[-1.646,48.72],[-1.5904,48.6841],[-1.6053,48.6772],[-1.7932,48.6637],[-1.7491,48.6932],[-1.7436,48.7344],[-1.77,48.76],[-1.8398,48.7771],[-2.0327,48.7473],[-2.1921,48.6905],[-2.3185,48.7448],[-2.4165,48.7113],[-2.4896,48.7311],[-2.5574,48.7063],[-2.7079,48.6876],[-2.7969,48.7232],[-2.8478,48.7643],[-2.8925,48.8324],[-2.8923,48.8764],[-2.9394,48.9197],[-3.095,48.9646],[-3.1398,48.9551],[-3.1709,48.9278],[-3.3391,48.9038],[-3.3689,48.9401],[-3.4281,48.9555],[-3.5197,48.9438],[-3.5576,48.9241],[-3.648,48.9358],[-3.7162,48.9137],[-3.7398,48.8621],[-3.6953,48.8202],[-3.6903,48.757],[-3.8229,48.7738],[-3.8815,48.7619],[-3.956,48.7988],[-4.0309,48.8124],[-4.1024,48.7927],[-4.1378,48.7509],[-4.2672,48.7222],[-4.3583,48.7374],[-4.4846,48.7044],[-4.5723,48.7092],[-4.7771,48.6094],[-4.845,48.5593],[-4.8604,48.5243],[-4.8557,48.4751],[-4.8772,48.4429],[-5.016,48.5271],[-5.1026,48.5382],[-5.153,48.526],[-5.21,48.4874],[-5.2218,48.4361],[-5.1467,48.3865],[-5.0557,48.3934],[-5.0071,48.3732],[-4.9262,48.3335],[-4.9237,48.3061],[-4.8937,48.2873],[-4.8503,48.2906],[-4.8216,48.3191],[-4.7726,48.2956],[-4.6556,48.3106],[-4.6911,48.2686],[-4.6621,48.225],[-4.6099,48.2115],[-4.6027,48.1555],[-4.5692,48.1368],[-4.5074,48.1452],[-4.4666,48.1917],[-4.3499,48.173],[-4.3324,48.1367],[-4.4241,48.1391],[-4.7354,48.0944],[-4.7888,48.0439],[-4.8708,48.0774],[-4.9209,48.0432],[-4.9135,48.0228],[-4.8722,48.0018],[-4.8169,47.9997],[-4.7886,48.0216],[-4.4801,47.9511],[-4.4053,47.8645],[-4.4368,47.8153],[-4.4028,47.7693],[-4.179,47.7635],[-4.1358,47.7852],[-4.0997,47.8279],[-4.0352,47.8116],[-3.9498,47.8258],[-3.8952,47.7698],[-3.8202,47.7389],[-3.7426,47.7599],[-3.5569,47.73],[-3.51,47.6859],[-3.5487,47.6744],[-3.5624,47.6379],[-3.4805,47.5891],[-3.3955,47.5908],[-3.3672,47.6253],[-3.375,47.6518],[-3.31,47.6552],[-3.25,47.6203],[-3.24,47.5884],[-3.2147,47.5759],[-3.21,47.5208],[-3.1822,47.4609],[-3.1488,47.4416],[-3.0713,47.4313],[-3.0733,47.4035],[-3.0211,47.364],[-3.008,47.3333],[-2.9383,47.3297],[-2.893,47.2969],[-2.8082,47.2961],[-2.7873,47.3125],[-2.7873,47.3385],[-2.8445,47.3803],[-2.8866,47.3804],[-2.9066,47.4201],[-3.0213,47.4506],[-3.0209,47.4787],[-3.0622,47.5086],[-3.0659,47.5347],[-2.9514,47.5212],[-2.8234,47.4534],[-2.7236,47.4693],[-2.6733,47.456],[-2.5505,47.4765],[-2.5455,47.4352],[-2.5603,47.4188],[-2.623,47.4478],[-2.6743,47.415],[-2.6595,47.3858],[-2.6151,47.376],[-2.5613,47.3351],[-2.596,47.3009],[-2.5872,47.2722],[-2.3632,47.1989],[-2.2219,47.2122],[-2.2117,47.1926],[-2.2522,47.187],[-2.2959,47.1507],[-2.2914,47.1136],[-2.093,47.0688],[-2.0483,47.0404],[-2.1075,46.9684],[-2.1627,46.9915],[-2.1847,47.0367],[-2.2341,47.0598],[-2.317,47.0617],[-2.3726,47.0821],[-2.4086,47.0675],[-2.4163,47.042],[-2.4033,47.0209],[-2.3603,47.0048],[-2.3678,46.9849],[-2.3485,46.9585],[-2.2241,46.9192],[-2.1868,46.8035],[-1.9691,46.6581],[-1.9008,46.5903],[-1.8526,46.4729],[-1.67,46.3895],[-1.5388,46.3716],[-1.4877,46.3118],[-1.3671,46.3049],[-1.3225,46.262],[-1.2411,46.2412],[-1.2553,46.2107],[-1.5056,46.2926],[-1.5912,46.2736],[-1.6121,46.2385],[-1.5551,46.1714],[-1.4642,46.1644],[-1.3325,46.1119],[-1.2068,46.1113],[-1.1485,46.0703],[-1.144,46.0558],[-1.2057,46.0523],[-1.2282,46.023],[-1.2789,46.0234],[-1.3478,46.0704],[-1.4035,46.0828],[-1.4427,46.0754],[-1.4629,46.0446],[-1.4198,45.9234],[-1.3072,45.8569],[-1.2713,45.657],[-1.2339,45.6364],[-1.18,45.6406],[-1.1059,45.6061],[-1.1845,45.5182],[-1.2058,45.4718],[-1.2127,45.2964],[-1.3113,44.6552],[-1.2984,44.6037],[-1.3112,44.5771],[-1.3022,44.4915],[-1.3169,44.3921],[-1.365,44.1427],[-1.4967,43.6522],[-1.6372,43.4579],[-1.7363,43.4202],[-1.7703,43.4276],[-1.7718,43.3881],[-1.7877,43.3797],[-1.7874,43.3552],[-1.7523,43.3386],[-1.7252,43.2983],[-1.6965,43.3118],[-1.6261,43.3068],[-1.6125,43.2551],[-1.5686,43.2574],[-1.5638,43.2851],[-1.5329,43.2937],[-1.4066,43.2715],[-1.3825,43.2531],[-1.3862,43.1959],[-1.4145,43.1342],[-1.4713,43.091],[-1.4412,43.0463],[-1.3554,43.0286],[-1.3406,43.0977],[-1.2734,43.1186],[-1.3089,43.071],[-1.2554,43.0433],[-1.2192,43.0532],[-1.1355,43.0088],[-1.1185,43.02],[-1.0147,42.9931],[-0.9466,42.9546],[-0.9089,42.9644],[-0.8184,42.9512],[-0.7507,42.9648],[-0.7252,42.923],[-0.732,42.8961],[-0.676,42.8811],[-0.6035,42.8326],[-0.5942,42.8044],[-0.5699,42.8068],[-0.5705,42.783],[-0.5244,42.7973],[-0.5038,42.8276],[-0.4427,42.7956],[-0.3847,42.801],[-0.3143,42.8475],[-0.1871,42.7868],[-0.1612,42.7977],[-0.1018,42.7219],[-0.0722,42.7178],[-0.0585,42.6933],[-0.0094,42.6847],[0.1822,42.7356],[0.2589,42.7162],[0.2994,42.6757],[0.3594,42.7225],[0.4303,42.6908],[0.6026,42.7025],[0.6714,42.6899],[0.6787,42.7244],[0.6473,42.7514],[0.6666,42.7749],[0.6473,42.7822],[0.6689,42.8017],[0.6591,42.8378],[0.7235,42.8589],[0.8512,42.827],[0.9231,42.7908],[0.9583,42.8047],[0.982,42.7877],[1.0805,42.7871],[1.1643,42.7101],[1.231,42.7275],[1.2585,42.7155],[1.3552,42.7196],[1.3538,42.6999],[1.3894,42.6841],[1.4373,42.6033],[1.469,42.6065],[1.4692,42.6335],[1.4941,42.6532],[1.565,42.6526],[1.6022,42.6255],[1.7331,42.6155],[1.7273,42.5923],[1.7857,42.5734],[1.738,42.5528],[1.7304,42.4928],[1.8245,42.4853],[1.895,42.4476],[1.937,42.4537],[1.9701,42.3763],[2.0134,42.349],[2.0834,42.3631],[2.1569,42.4234],[2.2069,42.419],[2.2521,42.4366],[2.4293,42.3942],[2.482,42.3406],[2.531,42.333],[2.5716,42.3577],[2.671,42.3407],[2.6564,42.3823],[2.6739,42.4047],[2.7508,42.4254],[2.7774,42.412],[2.8379,42.4581],[2.9216,42.4579],[2.9421,42.479],[2.9681,42.4656],[3.0357,42.474],[3.086,42.4256],[3.2266,42.4349],[3.1916,42.5298],[3.0992,42.5737],[3.0902,42.6288],[3.0929,42.8023],[3.1137,42.9199],[3.0948,42.9508],[3.1527,43.0687],[3.2199,43.142],[3.3141,43.2086],[3.406,43.2479],[3.532,43.2365],[3.6757,43.3523],[3.7569,43.3647],[3.9174,43.4755],[4.0218,43.5145],[4.0574,43.5189],[4.0889,43.462],[4.167,43.4309],[4.3942,43.4085],[4.5142,43.4154],[4.4992,43.3765],[4.5137,43.3541],[4.5997,43.3165],[4.7599,43.3112],[4.8493,43.2913],[4.894,43.3024],[4.9552,43.352],[4.9791,43.3174],[5.0372,43.2874],[5.2414,43.2915],[5.2438,43.2406],[5.2784,43.2237],[5.2827,43.1925],[5.3434,43.1449],[5.4145,43.1362],[5.4705,43.1652],[5.5183,43.1598],[5.5886,43.1232],[5.6485,43.1253],[5.7253,43.0909],[5.7414,43.0425],[5.8218,43.0106],[5.8738,43.0107],[5.9908,43.0456],[6.0395,43.0396],[6.0658,42.9958],[6.1893,42.9436],[6.2835,42.9685],[6.3039,42.9953],[6.3386,42.9668],[6.3989,42.9552],[6.5019,42.9849],[6.5612,43.0332],[6.5542,43.0723],[6.5144,43.0913],[6.4225,43.0755],[6.4219,43.1016],[6.5704,43.1346],[6.6278,43.1207],[6.6841,43.1401],[6.7336,43.1934],[6.75,43.2733],[6.723,43.3016],[6.7617,43.3268],[6.7733,43.3651],[6.8852,43.3799],[6.9557,43.4201],[6.9991,43.4721],[7.0722,43.4701],[7.1777,43.5195],[7.1981,43.5553],[7.181,43.6021],[7.2432,43.6162],[7.2782,43.6493],[7.3308,43.636],[7.374,43.6506],[7.4297,43.6856],[7.4089,43.7296],[7.4294,43.747],[7.4528,43.7423],[7.4659,43.7079],[7.5306,43.7269],[7.5365,43.7539],[7.4967,43.8494],[7.5046,43.8807],[7.4895,43.924],[7.5106,43.9088],[7.5404,43.9133],[7.5541,43.9485],[7.6042,43.9624],[7.589,43.9729],[7.6328,43.9916],[7.612,44.017],[7.5335,44.051],[7.3798,44.051],[7.3463,44.0752],[7.2925,44.0716],[7.2862,44.0985],[7.2418,44.1122],[7.1933,44.0791],[7.102,44.1234],[7.0732,44.2013],[7.0272,44.219],[6.9982,44.2497],[6.9958,44.2802],[6.9601,44.2939],[6.9219,44.3514],[6.8931,44.3596],[6.8928,44.4209],[6.9454,44.4274],[6.8565,44.5151],[6.8784,44.5542],[6.9321,44.5728],[6.9372,44.6021],[6.9678,44.6195],[6.9476,44.6537],[6.9636,44.6783],[7.0747,44.6881],[7.0341,44.7265],[7.0049,44.7859],[7.0232,44.8213],[6.9352,44.8621],[6.9111,44.8448],[6.8617,44.8517],[6.752,44.9055],[6.7131,44.9656],[6.7491,44.9958],[6.7442,45.015],[6.6538,45.0266],[6.6392,45.0552],[6.6051,45.0548],[6.5512,45.0952],[6.5741,45.121],[6.63,45.1094],[6.6795,45.1389],[6.7382,45.1372],[6.7714,45.1593],[6.8457,45.1296],[6.8947,45.1378],[6.8849,45.1553],[6.9298,45.1709],[6.9258,45.1833],[6.9133,45.2008],[6.8576,45.2161],[6.9058,45.2615],[6.9754,45.2662],[7.0711,45.2102],[7.1344,45.2537],[7.1109,45.3261],[7.1638,45.3606],[7.181,45.3998],[7.1222,45.4311],[7.093,45.4705],[7.0521,45.4722],[7.0493,45.4966],[7,45.5055],[6.9969,45.569],[6.9799,45.5931],[7.001,45.6366],[6.963,45.6547],[6.9237,45.6499],[6.8138,45.7223],[6.8029,45.7798],[6.8249,45.838],[6.8721,45.8299],[6.8777,45.8487],[6.9383,45.847],[6.992,45.8692],[7.0075,45.9033],[7.0423,45.9229],[7.037,45.9552],[7.0092,45.9713],[7.0101,45.9939],[6.9364,46.0625],[6.8721,46.051],[6.8979,46.122],[6.8126,46.1321],[6.7904,46.1536],[6.8105,46.18],[6.8092,46.2119],[6.8643,46.2832],[6.7722,46.3504],[6.8064,46.383],[6.8211,46.4272],[6.6819,46.4543],[6.5191,46.4564],[6.4256,46.4158],[6.3352,46.4037],[6.253,46.3604],[6.2196,46.3119],[6.2482,46.2966],[6.2398,46.282],[6.2701,46.2485],[6.2898,46.26],[6.3094,46.2501],[6.2957,46.226],[6.2246,46.2016],[6.1369,46.143],[6.0607,46.1512],[5.9574,46.1286],[5.9901,46.1756],[5.9719,46.1942],[5.9746,46.2149],[6.0604,46.245],[6.1208,46.248],[6.1043,46.2835],[6.1699,46.3661],[6.0676,46.4149],[6.0862,46.4433],[6.0735,46.4599],[6.1535,46.5368],[6.1105,46.5765],[6.2794,46.6876],[6.4491,46.7731],[6.4585,46.7885],[6.4313,46.8122],[6.4645,46.8903],[6.4327,46.9287],[6.4965,46.9741],[6.614,46.9915],[6.7192,47.0512],[6.6996,47.0619],[6.7084,47.0833],[6.8499,47.1564],[6.8514,47.1755],[6.9486,47.2395],[6.9452,47.289],[7.0007,47.2993],[7.0624,47.344],[7.0183,47.3714],[6.8803,47.3526],[6.8889,47.3767],[6.9367,47.406],[6.9403,47.4321],[6.9959,47.4496],[6.9857,47.4916],[7.0249,47.5043],[7.1101,47.4949],[7.1408,47.5267],[7.0803,47.596],[7.0197,47.5887],[7.0055,47.6018],[7.012,47.6394],[7.0385,47.6501],[7.0491,47.683],[7.0275,47.707],[7.0309,47.7275],[6.9331,47.7721],[6.8725,47.7825],[6.8417,47.8192],[6.9176,47.848],[6.8978,47.8844],[6.9289,47.9107],[6.9209,47.9475],[6.9435,47.9987],[7.0113,48.0314],[7.0239,48.064],[7.0822,48.12],[7.0628,48.1487],[7.176,48.2985],[7.194,48.3021],[7.1724,48.3413],[7.1277,48.333],[7.0818,48.3506],[7.1055,48.3841],[7.0889,48.3963],[7.1168,48.4825],[7.091,48.5028],[7.1278,48.4988],[7.1272,48.5098],[7.0729,48.5198],[7.0641,48.5375],[7.0763,48.5405],[6.9999,48.5928],[7.0103,48.6024],[6.9397,48.6148],[6.93,48.6352],[6.9059,48.6201],[6.8536,48.6216],[6.8265,48.6458],[6.7834,48.642],[6.6856,48.6857],[6.672,48.67],[6.6657,48.7037],[6.6387,48.701],[6.5619,48.7532],[6.5053,48.7474],[6.4331,48.7891],[6.3649,48.7812],[6.3458,48.8039],[6.355,48.809],[6.3069,48.8211],[6.3388,48.8292],[6.2853,48.8447],[6.3075,48.8623],[6.2977,48.8817],[6.3259,48.8986],[6.3116,48.9207],[6.1723,48.9444],[6.1321,48.9346],[6.1087,48.9694],[6.0344,48.9829],[6.0448,49.0087],[6.0147,49.0376],[5.9576,49.0477],[5.9315,49.1095],[5.9992,49.108],[5.989,49.1554],[6.0333,49.1653],[5.9855,49.1845],[5.9797,49.2044],[6.0294,49.2461],[6.003,49.2786],[6.0051,49.3043],[5.9395,49.3347],[5.9797,49.3445],[5.9405,49.361],[5.9155,49.407],[5.9409,49.4311],[5.9374,49.4681],[5.8527,49.5074],[5.838,49.5402],[5.7723,49.5633],[5.7476,49.5396],[5.6444,49.5502],[5.6144,49.5109],[5.5566,49.5292],[5.4745,49.4974],[5.4524,49.515],[5.4653,49.5324],[5.4491,49.5482],[5.457,49.567],[5.4264,49.5975],[5.3516,49.631],[5.3389,49.6162],[5.3099,49.6192],[5.3254,49.6597],[5.2726,49.6941],[5.1724,49.6933],[5.1592,49.7167],[5.1276,49.7131],[5.0929,49.7642],[5.0211,49.7777],[4.9878,49.7999],[4.8603,49.7896],[4.8716,49.8158],[4.8512,49.8618],[4.8856,49.9056],[4.8425,49.95],[4.7903,49.9678],[4.8413,50.045],[4.8198,50.0604],[4.8374,50.0673],[4.8469,50.0971],[4.8724,50.0878],[4.8684,50.117],[4.8913,50.1343],[4.8786,50.1499],[4.824,50.1668],[4.7622,50.1364],[4.7517,50.1119],[4.69,50.08],[4.689,49.9998],[4.579,49.982],[4.5088,49.9471],[4.4457,49.9372],[4.3081,49.9695],[4.1985,49.956],[4.1484,49.9767],[4.1602,49.9932],[4.1364,50.0129],[4.1451,50.0316],[4.2291,50.0674],[4.1987,50.1063],[4.1978,50.1349],[4.1297,50.1345],[4.1554,50.163],[4.1521,50.2075],[4.2207,50.2541],[4.2092,50.2716],[4.1587,50.2851],[4.1636,50.2574],[4.1433,50.2579],[4.1218,50.2777],[4.1227,50.298],[4.0201,50.3571],[3.8857,50.327],[3.8896,50.3366],[3.8424,50.3534],[3.7501,50.351],[3.7068,50.3071],[3.6573,50.3686],[3.6736,50.4044],[3.6642,50.4523],[3.6086,50.4965],[3.4994,50.488],[3.5177,50.5195],[3.4704,50.5326],[3.4518,50.5099],[3.3715,50.4935],[3.288,50.5265],[3.2787,50.5947],[3.2411,50.6576],[3.2588,50.6958],[3.2468,50.7119],[3.2057,50.7117],[3.1522,50.788],[3.1146,50.7944],[3.0805,50.773],[3.0602,50.7807],[2.9521,50.7523],[2.91,50.6937],[2.7936,50.7263],[2.7176,50.8135],[2.6335,50.8149],[2.6035,50.8478],[2.6122,50.8642],[2.5973,50.915],[2.6279,50.9525],[2.6079,50.9875],[2.5719,51.0084],[2.5604,51.0682],[2.5028,51.1379],[2.3831,51.1065],[2.3074,51.1113],[1.8844,51.0367],[1.7292,51.0011],[1.6316,50.9546]],[[1.9721,42.4845],[1.9896,42.4937],[1.9874,42.4698],[2.0128,42.4484],[1.9598,42.4533],[1.9721,42.4845]]],[[[8.7604,41.6637],[8.721,41.5955],[8.7546,41.5282],[8.8172,41.4836],[9.0315,41.4177],[9.059,41.3635],[9.1903,41.3259],[9.2346,41.2987],[9.2698,41.2918],[9.3284,41.3424],[9.3109,41.4035],[9.3403,41.4828],[9.3814,41.4709],[9.4275,41.4918],[9.4179,41.61],[9.4596,41.7104],[9.4525,41.8716],[9.4658,41.9451],[9.6022,42.0965],[9.6127,42.2723],[9.5858,42.3802],[9.5965,42.4245],[9.5794,42.5745],[9.5003,42.6734],[9.5447,42.7968],[9.5096,42.9635],[9.5156,42.9943],[9.431,43.0622],[9.3728,43.0587],[9.2881,43.0024],[9.2975,42.9405],[9.2706,42.9085],[9.2758,42.8689],[9.2562,42.8321],[9.2869,42.7816],[9.287,42.75],[9.2246,42.7745],[9.102,42.7672],[9.0225,42.7261],[9.0008,42.6856],[8.9152,42.6826],[8.7529,42.6178],[8.695,42.6169],[8.667,42.6006],[8.6546,42.56],[8.6166,42.529],[8.5981,42.455],[8.484,42.3795],[8.5059,42.3148],[8.5619,42.2821],[8.5063,42.2678],[8.4887,42.2488],[8.4898,42.2217],[8.5145,42.1993],[8.5061,42.1366],[8.5458,42.1005],[8.6586,42.0615],[8.5415,41.9769],[8.5565,41.9133],[8.5334,41.8658],[8.5815,41.8345],[8.6456,41.8618],[8.707,41.8674],[8.6971,41.8423],[8.6124,41.7677],[8.6055,41.7388],[8.63,41.7069],[8.7333,41.6846],[8.7604,41.6637]]],[[[-3.0949,47.3547],[-3.1271,47.3901],[-3.247,47.4227],[-3.2931,47.4087],[-3.3123,47.3466],[-3.2961,47.2975],[-3.2499,47.2659],[-3.0941,47.2446],[-3.0365,47.2658],[-3.0078,47.3144],[-3.034,47.3423],[-3.0949,47.3547]]],[[[-4.0066,47.8086],[-4.0515,47.8077],[-4.0935,47.7776],[-4.0632,47.6856],[-3.9975,47.6669],[-3.9174,47.6903],[-3.9012,47.7171],[-3.9082,47.7382],[-3.977,47.7596],[-3.974,47.7879],[-4.0066,47.8086]]],[[[-1.8592,48.8381],[-1.7272,48.8461],[-1.7038,48.8862],[-1.7835,48.9393],[-1.8774,48.9373],[-1.9138,48.9164],[-1.9275,48.8878],[-1.9031,48.8513],[-1.8592,48.8381]]],[[[-2.2339,46.7001],[-2.2892,46.7476],[-2.3558,46.7664],[-2.4037,46.7652],[-2.4492,46.7331],[-2.4419,46.6995],[-2.4138,46.6731],[-2.3395,46.6522],[-2.2592,46.6579],[-2.2339,46.7001]]],[[[-0.6163,35.8032],[-0.6439,35.7747],[-0.7816,35.8262],[-0.8306,35.8251],[-0.8962,35.7775],[-0.9787,35.7711],[-1.0192,35.7353],[-1.0712,35.7193],[-1.0939,35.7643],[-1.1593,35.7674],[-1.1825,35.7471],[-1.1852,35.7105],[-1.1553,35.6831],[-1.1113,35.6807],[-1.2458,35.5969],[-1.2984,35.4382],[-1.4055,35.3578],[-1.4769,35.3765],[-1.5101,35.3701],[-1.5392,35.3315],[-1.6939,35.2364],[-1.7571,35.2143],[-1.7875,35.1836],[-1.8375,35.1778],[-1.9427,35.1312],[-2.0852,35.1309],[-2.1388,35.1568],[-2.2123,35.1408],[-2.2211,35.05],[-2.1938,35.0036],[-2.0612,34.9297],[-2.0163,34.9262],[-1.9797,34.8653],[-1.7695,34.7413],[-1.8711,34.5966],[-1.7507,34.4942],[-1.703,34.4797],[-1.8096,34.3725],[-1.7461,34.2903],[-1.6696,34.0792],[-1.7187,33.8981],[-1.7032,33.7618],[-1.7468,33.7024],[-1.6624,33.6447],[-1.6173,33.5544],[-1.6127,33.5215],[-1.6832,33.3692],[-1.6742,33.238],[-1.6236,33.1966],[-1.5714,33.112],[-1.4995,33.0602],[-1.503,32.9746],[-1.5588,32.9336],[-1.4233,32.7424],[-1.327,32.6989],[-1.032,32.4944],[-1.1232,32.4179],[-1.218,32.3926],[-1.2441,32.3569],[-1.2766,32.2009],[-1.3057,32.1737],[-1.3052,32.1512],[-1.2118,32.1583],[-1.1906,32.1252],[-1.2103,32.0897],[-1.4358,32.0867],[-2.5161,32.1322],[-2.6956,32.0897],[-2.8812,32.0763],[-2.9387,32.0486],[-2.8278,31.7946],[-3.0026,31.7736],[-3.2192,31.7177],[-3.5116,31.6727],[-3.5914,31.6783],[-3.6595,31.6478],[-3.6735,31.3892],[-3.7475,31.3852],[-3.8152,31.3372],[-3.815,31.2205],[-3.8428,31.1702],[-3.8393,31.1528],[-3.8108,31.1429],[-3.7489,31.1802],[-3.7314,31.1763],[-3.6897,31.1256],[-3.6241,31.0865],[-3.6087,31.0309],[-3.5547,30.9559],[-3.6595,30.8371],[-3.6455,30.7113],[-3.8342,30.6275],[-4.002,30.5925],[-4.1557,30.5855],[-4.2745,30.5576],[-4.3724,30.5086],[-4.4842,30.3828],[-4.624,30.285],[-4.8756,30.1802],[-5.1761,29.9775],[-5.2739,29.8866],[-5.4347,29.642],[-5.5395,29.5232],[-5.6373,29.4953],[-5.7212,29.5232],[-5.7562,29.6141],[-6.0008,29.5791],[-6.4131,29.5651],[-6.6996,29.5162],[-6.7835,29.4463],[-6.9582,29.5092],[-7.1469,29.5092],[-7.2588,29.4673],[-7.3496,29.3834],[-7.6195,29.3894],[-7.6536,29.3762],[-8.0363,29.0999],[-8.2505,28.9948],[-8.3835,28.9058],[-8.4304,28.841],[-8.6488,28.7259],[-8.6788,28.6928],[-8.6683,27.3156],[-4.516,24.804],[1.1465,21.1017],[1.1801,20.9953],[1.1453,20.7959],[1.1546,20.7388],[1.2967,20.7335],[1.364,20.6577],[1.5597,20.5975],[1.644,20.5227],[1.6592,20.3975],[1.7781,20.3043],[1.855,20.2948],[1.8914,20.2318],[1.9553,20.2549],[2.0712,20.2133],[2.1613,20.2749],[2.2008,20.2739],[2.3165,20.1802],[2.4004,20.0566],[2.5148,20.0159],[2.946,19.9417],[3.1988,19.8205],[3.2168,19.7941],[3.1994,19.5538],[3.2323,19.4955],[3.2262,19.4692],[3.2608,19.3883],[3.251,19.3655],[3.1929,19.3258],[3.1744,19.2516],[3.1393,19.2219],[3.1041,19.1355],[3.1388,19.096],[3.226,19.0511],[3.3184,18.9777],[5.7943,19.4498],[7.4827,20.8726],[11.9009,23.4772],[11.9985,23.515],[11.8924,23.6601],[11.5414,24.2975],[10.7207,24.5523],[10.6774,24.5539],[10.4105,24.4733],[10.2603,24.5766],[10.2422,24.5951],[10.1934,24.7499],[10.0445,24.8296],[10.032,24.8563],[10.0214,25.268],[10.0079,25.3314],[9.4012,26.1134],[9.3778,26.1689],[9.4348,26.272],[9.4776,26.3156],[9.4826,26.3526],[9.8358,26.5042],[9.8546,26.5244],[9.8963,26.6528],[9.8826,26.7018],[9.9106,26.8431],[9.8255,26.9206],[9.7213,27.2919],[9.7563,27.423],[9.8216,27.5057],[9.7939,27.5697],[9.8634,27.6192],[9.9359,27.8669],[9.777,28.2676],[9.8513,28.786],[9.8483,28.9757],[9.8261,29.1285],[9.6677,29.6083],[9.5497,29.8023],[9.2865,30.1171],[9.5564,30.228],[9.4914,30.339],[9.045,32.0718],[9.0199,32.1049],[8.3326,32.5264],[8.2829,32.8364],[8.0868,33.0943],[8.0022,33.1084],[7.872,33.1841],[7.7507,33.2077],[7.725,33.2314],[7.6932,33.4541],[7.553,33.6587],[7.5342,33.7362],[7.4985,33.8],[7.4798,33.8939],[7.5175,34.095],[7.6315,34.1991],[7.7653,34.2447],[7.8315,34.4144],[8.0941,34.5301],[8.2365,34.6477],[8.2106,34.6812],[8.2666,34.7503],[8.2489,34.902],[8.3005,35.0677],[8.3137,35.1031],[8.4313,35.2417],[8.3174,35.2895],[8.2944,35.3251],[8.29,35.4026],[8.337,35.5379],[8.3236,35.6522],[8.2577,35.7503],[8.2414,35.8277],[8.2756,36.0368],[8.3171,36.1459],[8.3071,36.2436],[8.3544,36.3509],[8.3577,36.4304],[8.3492,36.4488],[8.2956,36.4687],[8.1679,36.4914],[8.1699,36.5258],[8.4304,36.6626],[8.4618,36.7328],[8.4067,36.768],[8.4131,36.7839],[8.6733,36.8309],[8.6364,36.8955],[8.6294,36.9908],[8.4384,36.9499],[8.2998,36.9697],[8.2166,37.0004],[7.9656,36.9021],[7.8759,36.8921],[7.8379,36.8999],[7.8436,36.9766],[7.811,37.0125],[7.6481,37.019],[7.6074,37.032],[7.5418,37.0838],[7.4488,37.0944],[7.4067,37.1269],[7.3284,37.1224],[7.225,37.1404],[7.1368,37.1242],[7.1095,37.0956],[7.1293,37.0443],[7.1949,37.0074],[7.1299,36.9641],[7.0878,36.9702],[6.9303,36.9406],[6.8525,36.9987],[6.665,37.0062],[6.5388,37.1217],[6.441,37.1368],[6.346,37.1231],[6.2217,37.0624],[6.1826,36.9997],[6.1768,36.9543],[5.9557,36.8846],[5.8225,36.8599],[5.772,36.8811],[5.6827,36.8731],[5.5317,36.8028],[5.4748,36.7222],[5.3445,36.6887],[5.2701,36.6941],[5.1504,36.7336],[5.167,36.7772],[5.1374,36.8188],[5.0692,36.8363],[5.028,36.8742],[4.983,36.8764],[4.7791,36.9442],[4.598,36.9362],[4.4516,36.9618],[4.2091,36.9467],[4.151,36.9559],[4.1076,36.9429],[3.966,36.951],[3.8853,36.9735],[3.7182,36.9351],[3.6146,36.8753],[3.4664,36.8219],[3.2172,36.8642],[3.1782,36.846],[3.1573,36.8008],[3.1305,36.8003],[3.0926,36.8397],[3.0334,36.8615],[2.891,36.8577],[2.7882,36.7927],[2.7652,36.7406],[2.5632,36.647],[2.4653,36.6458],[2.4277,36.6817],[2.3424,36.6954],[2.0111,36.6179],[1.9098,36.6293],[1.5875,36.5897],[1.4349,36.5875],[1.3323,36.6029],[1.2628,36.558],[1.1799,36.5659],[1.0608,36.54],[0.911,36.487],[0.8556,36.4236],[0.7314,36.3863],[0.6461,36.3788],[0.4278,36.2632],[0.307,36.2316],[0.2572,36.1766],[0.1556,36.1328],[0.0753,36.0496],[-0.0137,35.8996],[-0.1037,35.8507],[-0.2393,35.8686],[-0.2478,35.8976],[-0.3057,35.9449],[-0.3754,35.9574],[-0.5129,35.9203],[-0.5391,35.8955],[-0.5542,35.8331],[-0.6163,35.8032]]]]},"properties":{"id":"Q70802","names":{"de":"Frankreich","en":"French Republic","fr":"République française","ko":"프랑스 공화국","pdt":"Fraunkrikj"},"from":1890,"to":1918.8897849462367,"wikidata":"Q70802","adminLevel":2,"source":"OpenHistoricalMap","sourceUrl":"https://www.openhistoricalmap.org"}},{"type":"Feature","geometry":{"type":"MultiPolygon","coordinates":[[[[-6.5881,61.8744],[-6.6159,61.902],[-6.5432,61.9232],[-6.514,61.9629],[-6.5821,62.0457],[-6.5788,62.0637],[-6.5125,62.1016],[-6.4903,62.1324],[-6.3788,62.1455],[-6.3382,62.1895],[-6.2347,62.2248],[-6.1524,62.3244],[-6.16,62.3605],[-6.2137,62.388],[-6.2941,62.4013],[-6.4142,62.383],[-6.4617,62.4207],[-6.5454,62.4401],[-6.7361,62.4114],[-6.8421,62.4177],[-6.9222,62.381],[-7.0031,62.3854],[-7.2688,62.3439],[-7.3317,62.3002],[-7.3446,62.2571],[-7.3329,62.2347],[-7.3692,62.1895],[-7.4679,62.1935],[-7.549,62.1638],[-7.6517,62.16],[-7.7484,62.1365],[-7.7912,62.1055],[-7.7844,62.0776],[-7.7325,62.0501],[-7.528,62.0404],[-7.2455,61.9733],[-7.1138,61.9851],[-7.0498,61.9469],[-7.0563,61.9064],[-6.9581,61.7895],[-6.9465,61.7418],[-6.88,61.7042],[-7.0521,61.6799],[-7.0991,61.6279],[-7.0899,61.5911],[-6.941,61.436],[-6.8397,61.3818],[-6.7306,61.3463],[-6.6183,61.355],[-6.5667,61.4005],[-6.6567,61.5827],[-6.599,61.6201],[-6.6015,61.6512],[-6.6374,61.6771],[-6.6413,61.7083],[-6.5739,61.7387],[-6.5407,61.8121],[-6.5506,61.8519],[-6.5881,61.8744]]],[[[14.8243,54.9892],[14.9527,54.9479],[15.0572,54.9373],[15.1405,54.9477],[15.1938,54.9834],[15.2432,55.0583],[15.251,55.1377],[15.2099,55.1791],[15.1254,55.2015],[15.0279,55.2568],[14.8978,55.2897],[14.8329,55.3432],[14.7233,55.3448],[14.672,55.3154],[14.6138,55.2225],[14.6095,55.1376],[14.5882,55.0948],[14.6321,55.0466],[14.8243,54.9892]]],[[[15.2497,55.3653],[15.1922,55.3807],[15.1291,55.3733],[15.0841,55.3434],[15.0809,55.309],[15.1336,55.2733],[15.2283,55.2704],[15.2861,55.3139],[15.2783,55.3448],[15.2497,55.3653]]],[[[11.7127,56.251],[11.6129,56.2378],[11.5897,56.2114],[11.5932,56.1868],[11.6221,56.1622],[11.6953,56.1418],[11.7519,56.1463],[11.8,56.1717],[11.8094,56.1909],[11.7974,56.2221],[11.7127,56.251]]],[[[11.0912,57.3704],[11.0277,57.3708],[11.0056,57.3987],[10.9609,57.414],[10.8469,57.398],[10.8085,57.3557],[10.8401,57.3202],[10.7783,57.2916],[10.7741,57.2421],[10.8139,57.2059],[10.8194,57.1695],[10.8413,57.1497],[10.9275,57.1292],[11.0739,57.1593],[11.1391,57.2104],[11.2232,57.2244],[11.2741,57.2623],[11.2924,57.3205],[11.2639,57.3599],[11.1472,57.3779],[11.0912,57.3704]]],[[[11.671,56.6757],[11.7486,56.7239],[11.7498,56.7483],[11.7233,56.7741],[11.6563,56.7879],[11.5105,56.7746],[11.4395,56.7507],[11.4163,56.7246],[11.4199,56.7003],[11.4543,56.6669],[11.5089,56.6412],[11.6064,56.6426],[11.671,56.6757]]],[[[12.3349,56.1762],[12.2608,56.1807],[12.1522,56.1585],[11.8131,56.025],[11.7578,56.0274],[11.6696,55.9982],[11.421,56.0169],[11.2889,56.0621],[11.2341,56.0582],[11.1863,56.0293],[11.1847,55.9924],[11.2224,55.9465],[11.3332,55.905],[11.4172,55.8977],[11.4061,55.8938],[11.3042,55.8876],[11.1086,55.9715],[11.0094,55.9546],[10.985,55.9176],[11.0049,55.8837],[11.0898,55.8346],[11.1865,55.8076],[11.0618,55.7924],[10.8501,55.7961],[10.7928,55.773],[10.779,55.7437],[10.7914,55.7196],[10.8392,55.6917],[10.8434,55.6584],[10.8695,55.6327],[11.0534,55.5845],[10.9959,55.5476],[10.9782,55.477],[11.0242,55.4295],[11.105,55.4243],[11.0011,55.3785],[10.9316,55.3824],[10.8864,55.3656],[10.778,55.4564],[10.8668,55.4749],[10.8951,55.5002],[10.8963,55.5254],[10.8577,55.5595],[10.7694,55.5764],[10.6707,55.6617],[10.5773,55.6695],[10.5205,55.6513],[10.4972,55.6245],[10.3478,55.6722],[10.275,55.6737],[10.191,55.6989],[10.118,55.6919],[10.1551,55.7152],[10.2926,55.6916],[10.362,55.7005],[10.4117,55.736],[10.4222,55.7806],[10.4404,55.7898],[10.4549,55.7579],[10.5184,55.7218],[10.6279,55.7151],[10.6893,55.7346],[10.7712,55.8767],[10.8617,55.9055],[10.8792,55.9483],[10.8526,55.9746],[10.7866,55.9977],[10.6611,55.9855],[10.6456,56.029],[10.5767,56.0547],[10.6327,56.0956],[10.8108,56.0789],[10.8914,56.1056],[10.9012,56.1496],[10.8319,56.1941],[10.998,56.3231],[11.0177,56.4022],[11.0486,56.4438],[11.0207,56.4909],[10.8559,56.5819],[10.768,56.5905],[10.5056,56.5655],[10.4265,56.5983],[10.4487,56.6249],[10.4555,56.681],[10.4377,56.739],[10.3825,56.7828],[10.354,56.8985],[10.3648,56.9275],[10.4142,56.9587],[10.4494,57.0078],[10.513,57.1372],[10.6314,57.2177],[10.6409,57.2495],[10.6162,57.3959],[10.7026,57.453],[10.7171,57.4809],[10.7005,57.5095],[10.649,57.5418],[10.5459,57.5457],[10.5176,57.5717],[10.5245,57.5969],[10.5763,57.6466],[10.7104,57.7062],[10.7411,57.7406],[10.7378,57.7649],[10.7073,57.7879],[10.5699,57.7993],[10.2234,57.6606],[10.1256,57.6395],[9.9775,57.6476],[9.9042,57.6352],[9.723,57.504],[9.6264,57.3889],[9.4987,57.2777],[9.3666,57.2173],[9.2172,57.1882],[8.9676,57.2084],[8.7747,57.1518],[8.5562,57.1734],[8.2929,56.9938],[8.1837,56.8696],[8.1432,56.7988],[8.1314,56.7445],[8.0658,56.6456],[8.026,56.5318],[8.0255,56.318],[8.0403,56.2346],[8.0091,56.0334],[8.0472,55.9578],[8.0866,55.7754],[7.9802,55.5627],[8.0097,55.5265],[8.148,55.4813],[8.2875,55.3948],[8.3149,55.3638],[8.3347,55.2928],[8.3696,55.2702],[8.3636,55.2261],[8.3913,55.1918],[8.6602,55.2763],[8.9078,55.2791],[8.9268,55.2963],[8.8933,55.3188],[8.8738,55.3663],[8.8979,55.365],[8.8899,55.4029],[8.9954,55.4408],[9.1135,55.4354],[9.1781,55.4505],[9.2232,55.4353],[9.2157,55.4241],[9.2512,55.3948],[9.3738,55.3685],[9.3861,55.3841],[9.4297,55.3862],[9.6536,55.3631],[9.8259,55.2709],[9.8198,55.1561],[10.0566,55.0213],[10.1162,54.9763],[10.174,54.8865],[10.3578,54.7763],[10.4247,54.7658],[10.5439,54.7924],[10.5771,54.7695],[10.5866,54.7212],[10.6147,54.6933],[10.7165,54.6742],[10.8012,54.7021],[10.8678,54.8039],[10.9651,54.7164],[11.221,54.6501],[11.4458,54.5494],[11.705,54.5409],[11.8481,54.5086],[11.9879,54.5099],[12.0541,54.543],[12.0647,54.672],[12.1316,54.7418],[12.2414,54.8077],[12.2557,54.8396],[12.3228,54.8865],[12.3734,54.9116],[12.5631,54.8962],[12.6426,54.9469],[12.6346,54.9936],[12.5809,55.0478],[12.4864,55.0725],[12.3628,55.0801],[12.3288,55.1188],[12.2136,55.1692],[12.2761,55.1887],[12.4053,55.1945],[12.4904,55.2287],[12.5401,55.2796],[12.5275,55.3719],[12.4155,55.4379],[12.3033,55.4635],[12.2948,55.484],[12.317,55.514],[12.4367,55.5568],[12.5351,55.5151],[12.6374,55.5131],[12.8645,55.5966],[12.8959,55.6361],[12.8773,55.6807],[12.6068,55.9034],[12.6075,55.9407],[12.6604,56.013],[12.6508,56.0463],[12.4612,56.1503],[12.3349,56.1762]]],[[[-17.8987,66.5762],[-17.965,66.6049],[-18.0485,66.609],[-18.1158,66.589],[-18.1391,66.5472],[-18.1159,66.5169],[-18.0589,66.4931],[-17.9544,66.4839],[-17.8754,66.5151],[-17.8706,66.5548],[-17.8987,66.5762]]],[[[-13.3789,64.5749],[-13.3141,64.5501],[-13.2457,64.5488],[-13.1773,64.5705],[-13.1616,64.6023],[-13.205,64.6343],[-13.3058,64.643],[-13.3841,64.6124],[-13.3789,64.5749]]],[[[-18.4747,66.1202],[-18.678,66.2211],[-18.8754,66.2413],[-19.1031,66.1987],[-19.167,66.1671],[-19.2033,66.1291],[-19.4171,66.1108],[-19.6195,66.0653],[-19.662,66.0357],[-19.65,66.0001],[-19.8019,65.976],[-19.9608,66.1182],[-20.0442,66.1572],[-20.1943,66.1706],[-20.4662,66.1288],[-20.5136,66.1054],[-20.5159,66.0613],[-20.5431,66.0154],[-20.5031,65.9825],[-20.483,65.9143],[-20.438,65.875],[-20.4326,65.8168],[-20.3783,65.7455],[-20.4136,65.7072],[-20.4284,65.6548],[-20.5306,65.6335],[-20.5238,65.6822],[-20.5562,65.7051],[-20.6733,65.7336],[-20.7725,65.7221],[-21.0424,65.5954],[-21.089,65.5012],[-21.1758,65.4909],[-21.1954,65.5124],[-21.1843,65.5904],[-21.223,65.6267],[-21.3025,65.6547],[-21.2778,65.6838],[-21.2811,65.7016],[-21.2363,65.7429],[-21.249,65.7745],[-21.2033,65.8092],[-21.1746,65.857],[-21.1678,65.9167],[-21.2185,65.9734],[-21.2159,65.9986],[-21.2451,66.0394],[-21.4082,66.0819],[-21.4415,66.1095],[-21.5429,66.1345],[-21.6973,66.2137],[-21.8315,66.2375],[-21.8368,66.2645],[-21.8828,66.2994],[-22.0807,66.3353],[-22.1048,66.3641],[-22.2724,66.4248],[-22.309,66.4727],[-22.3702,66.5022],[-22.6044,66.5118],[-22.7217,66.4779],[-22.8457,66.5094],[-22.9541,66.5169],[-23.2039,66.4605],[-23.2312,66.4369],[-23.2255,66.4099],[-23.2866,66.3939],[-23.3136,66.3704],[-23.2982,66.3322],[-23.2589,66.3068],[-23.0592,66.2674],[-23.0897,66.2352],[-23.094,66.1926],[-23.4427,66.2431],[-23.6535,66.1939],[-23.7684,66.1147],[-23.8684,66.0926],[-23.9208,66.0604],[-23.9272,66.0105],[-23.8598,65.9668],[-23.9634,65.9078],[-23.9759,65.8473],[-24.1151,65.8475],[-24.2187,65.8066],[-24.2249,65.7505],[-24.185,65.7052],[-24.1825,65.6799],[-24.3342,65.6854],[-24.41,65.6704],[-24.4783,65.6117],[-24.4836,65.5837],[-24.6282,65.5257],[-24.6492,65.496],[-24.6198,65.4676],[-24.5309,65.4481],[-24.1745,65.455],[-24.1005,65.4374],[-24.016,65.3817],[-23.8722,65.3626],[-23.6793,65.3769],[-23.5486,65.428],[-23.3474,65.4448],[-23.2437,65.4324],[-23.2663,65.3881],[-23.2209,65.3537],[-23.1505,65.3451],[-23.0667,65.3589],[-23.0219,65.333],[-22.9295,65.3147],[-22.9902,65.2871],[-23.0042,65.2564],[-22.9535,65.208],[-22.898,65.1821],[-22.9346,65.1505],[-22.9245,65.1178],[-23.001,65.0996],[-23.0324,65.064],[-23.2406,65.0539],[-23.6962,64.9418],[-23.7941,64.9682],[-23.9297,64.9697],[-24.123,64.9203],[-24.1605,64.8708],[-24.103,64.8006],[-24.0059,64.7222],[-23.8182,64.6822],[-23.5914,64.7024],[-23.5042,64.7552],[-23.3917,64.745],[-23.2813,64.7796],[-22.8226,64.7497],[-22.7008,64.7271],[-22.5581,64.7315],[-22.5104,64.7048],[-22.5532,64.6753],[-22.553,64.6521],[-22.4578,64.6034],[-22.4864,64.5703],[-22.4748,64.5454],[-22.491,64.5246],[-22.4853,64.5021],[-22.2891,64.4348],[-22.1622,64.415],[-22.1223,64.3746],[-22.1923,64.3487],[-22.2067,64.3308],[-22.201,64.3081],[-22.1353,64.2683],[-22.0087,64.2567],[-22.0123,64.2248],[-22.0905,64.2012],[-22.1368,64.1608],[-22.1383,64.0855],[-22.279,64.0755],[-22.4597,64.0392],[-22.4921,64.0711],[-22.6043,64.1215],[-22.7175,64.1304],[-22.7936,64.1144],[-22.8279,64.0729],[-22.8239,64.0256],[-22.8586,63.9916],[-22.8506,63.9515],[-22.8178,63.9286],[-22.8517,63.8812],[-22.836,63.8533],[-22.8532,63.8168],[-22.8386,63.7992],[-22.7912,63.7721],[-22.7231,63.76],[-22.5137,63.7648],[-22.3064,63.7921],[-22.1123,63.7776],[-21.786,63.8052],[-21.6166,63.7776],[-21.3216,63.8065],[-21.2489,63.8347],[-21.1575,63.803],[-21.0184,63.7826],[-20.6103,63.6499],[-20.3677,63.5313],[-20.5412,63.5398],[-20.618,63.5086],[-20.6229,63.4846],[-20.5947,63.4587],[-20.4627,63.4414],[-20.4828,63.4063],[-20.4702,63.3725],[-20.6506,63.3506],[-20.7168,63.3156],[-20.7218,63.2914],[-20.7073,63.2735],[-20.6093,63.2439],[-20.3149,63.2978],[-20.241,63.3538],[-20.092,63.4231],[-20.0603,63.4565],[-20.0562,63.4895],[-19.7759,63.4783],[-19.1723,63.3584],[-19.0238,63.3515],[-18.9125,63.3646],[-18.6864,63.3447],[-18.1169,63.4153],[-17.9784,63.4497],[-17.8144,63.5161],[-17.718,63.6247],[-17.5863,63.6832],[-17.2276,63.7372],[-16.7153,63.7419],[-16.5831,63.7587],[-16.2255,63.9602],[-15.8769,64.1036],[-15.6764,64.1347],[-15.6009,64.1667],[-15.4239,64.1887],[-14.9263,64.1985],[-14.8531,64.2258],[-14.7999,64.265],[-14.7858,64.3018],[-14.6859,64.3086],[-14.6263,64.3518],[-14.4669,64.3688],[-14.3984,64.4265],[-14.3983,64.46],[-14.3633,64.5039],[-14.3044,64.5496],[-14.2684,64.5599],[-14.1504,64.5425],[-14.0652,64.5626],[-14.0374,64.6007],[-14.0977,64.6464],[-13.9224,64.6892],[-13.8812,64.7181],[-13.872,64.7461],[-13.7734,64.7645],[-13.6588,64.8456],[-13.5352,64.8752],[-13.5134,64.9181],[-13.4459,64.9346],[-13.4131,64.9708],[-13.4131,64.9981],[-13.4426,65.0221],[-13.391,65.0741],[-13.4192,65.122],[-13.4104,65.1745],[-13.4427,65.1979],[-13.5284,65.2158],[-13.4687,65.2618],[-13.471,65.2881],[-13.6084,65.3323],[-13.5283,65.4077],[-13.5336,65.4465],[-13.5052,65.5079],[-13.5146,65.5294],[-13.5924,65.5776],[-13.7336,65.6048],[-13.8271,65.6513],[-14.0052,65.6533],[-14.2337,65.718],[-14.2565,65.7293],[-14.1999,65.7847],[-14.2152,65.806],[-14.273,65.8271],[-14.3844,65.8309],[-14.6174,65.8026],[-14.6094,65.8444],[-14.5346,65.8891],[-14.4978,65.9468],[-14.5064,65.9989],[-14.5681,66.0558],[-14.6195,66.0847],[-14.7061,66.1],[-14.7986,66.1007],[-14.8966,66.0712],[-14.9541,66.0877],[-14.9709,66.1181],[-14.8617,66.1528],[-14.8228,66.1843],[-14.8165,66.2131],[-14.8488,66.2578],[-14.4827,66.3353],[-14.4252,66.3815],[-14.4866,66.4194],[-14.7056,66.4028],[-14.81,66.4291],[-14.9144,66.4218],[-15.0769,66.379],[-15.2008,66.3065],[-15.3951,66.2916],[-15.4529,66.2443],[-15.6059,66.2777],[-15.5677,66.3418],[-15.5883,66.4024],[-15.6399,66.4303],[-15.7907,66.4618],[-15.7987,66.5027],[-15.8595,66.5387],[-15.9945,66.5793],[-16.1939,66.5827],[-16.3239,66.5503],[-16.5097,66.5566],[-16.6504,66.5187],[-16.6663,66.4697],[-16.6289,66.429],[-16.6303,66.3701],[-16.5799,66.2975],[-16.5346,66.2774],[-16.5698,66.2323],[-16.8561,66.1614],[-16.9179,66.2203],[-16.9873,66.2447],[-17.1977,66.2451],[-17.359,66.1921],[-17.3794,66.1653],[-17.3758,66.1432],[-17.4746,66.0874],[-17.4927,66.0269],[-17.5631,66.0269],[-17.5896,66.0621],[-17.7377,66.143],[-17.7293,66.1704],[-17.7445,66.1914],[-17.8358,66.2152],[-17.949,66.2007],[-18.2731,66.2167],[-18.4001,66.1823],[-18.4326,66.1415],[-18.4747,66.1202]]],[[[-21.1298,73.0763],[-21.0322,73.0981],[-21.0088,73.1312],[-21.0492,73.1587],[-21.1128,73.1738],[-21.4592,73.1874],[-21.585,73.174],[-21.6664,73.1303],[-21.6148,73.0835],[-21.4443,73.0418],[-21.3079,73.0435],[-21.1298,73.0763]]],[[[-19.012,75.3886],[-19.1004,75.3569],[-19.121,75.3352],[-19.0276,75.2407],[-19.0509,75.1759],[-19.0095,75.1489],[-19.0849,75.1036],[-19.094,75.0643],[-19.0728,75.0141],[-19.0451,74.9917],[-18.9587,74.9676],[-18.4648,74.9287],[-17.9729,74.9854],[-17.8216,74.9649],[-17.8369,74.9315],[-17.77,74.9034],[-17.5162,74.9005],[-17.3919,74.9246],[-17.3283,74.9635],[-17.2157,74.9945],[-17.1633,75.0445],[-17.1935,75.0919],[-17.1536,75.1094],[-17.133,75.1441],[-17.2319,75.186],[-17.4059,75.2044],[-17.7653,75.172],[-17.7147,75.214],[-17.6976,75.2683],[-17.6401,75.304],[-17.6427,75.3302],[-17.7499,75.3916],[-17.7547,75.414],[-17.8048,75.446],[-17.9517,75.4782],[-18.1753,75.4735],[-18.2719,75.4485],[-18.3169,75.4081],[-18.557,75.4331],[-19.012,75.3886]]],[[[-17.7236,77.5597],[-17.5452,77.5819],[-17.3803,77.6335],[-17.3578,77.6535],[-17.3527,77.7081],[-17.2239,77.7647],[-17.2208,77.7957],[-17.302,77.8646],[-17.42,77.8988],[-17.691,77.9128],[-17.8998,77.8932],[-18.0529,77.8565],[-18.0827,77.8265],[-18.0716,77.7777],[-18.2644,77.7077],[-18.3667,77.636],[-18.3743,77.6115],[-18.2906,77.5764],[-18.0773,77.5523],[-17.7236,77.5597]]],[[[-15.4556,79.3272],[-15.4739,79.3539],[-15.5608,79.3777],[-15.7814,79.3965],[-16.0048,79.3845],[-16.1331,79.3432],[-16.1234,79.3201],[-16.0612,79.2956],[-15.843,79.2741],[-15.578,79.2858],[-15.4556,79.3272]]],[[[-13.7419,80.726],[-14.1516,80.6681],[-14.2662,80.6307],[-14.2946,80.6027],[-14.1448,80.5619],[-13.8727,80.5533],[-13.3675,80.5998],[-13.2896,80.6198],[-13.2713,80.6424],[-13.3033,80.6655],[-13.4523,80.706],[-13.7419,80.726]]],[[[-18.0648,81.9326],[-18.0478,81.8857],[-18.0158,81.8708],[-17.6343,81.8368],[-17.2315,81.8526],[-17.1212,81.8751],[-17.0689,81.911],[-17.1713,81.9714],[-17.3597,82.0509],[-17.3753,82.0844],[-17.4471,82.1228],[-17.4632,82.1537],[-17.551,82.1771],[-17.8005,82.2004],[-18.0717,82.1972],[-18.2578,82.1785],[-18.3915,82.1326],[-18.3831,82.1118],[-18.3523,82.1003],[-18.3331,82.0546],[-18.2809,82.0215],[-18.0648,81.9326]]],[[[-50.3522,82.7736],[-50.6326,82.7996],[-50.904,82.7982],[-51.1461,82.7724],[-51.1799,82.7551],[-51.1655,82.7399],[-51.1909,82.7246],[-51.1509,82.6994],[-51.0805,82.6845],[-50.8042,82.6696],[-50.3176,82.6864],[-50.1284,82.7267],[-50.1788,82.7543],[-50.3522,82.7736]]],[[[-66.1838,80.8533],[-66.3456,80.8755],[-66.544,80.8775],[-66.7262,80.8556],[-66.7777,80.8272],[-66.6599,80.7876],[-66.3554,80.776],[-66.2158,80.7903],[-66.134,80.8177],[-66.1426,80.8393],[-66.1838,80.8533]]],[[[-69.8475,77.437],[-70.0186,77.4702],[-70.8051,77.5235],[-71.2365,77.5135],[-71.3743,77.4952],[-71.481,77.4588],[-72.1309,77.5053],[-72.4925,77.4858],[-72.7961,77.4996],[-72.9551,77.4797],[-73.0115,77.4469],[-72.9852,77.4227],[-72.8462,77.3829],[-72.3429,77.3087],[-72.2454,77.2769],[-71.8794,77.2613],[-71.5636,77.2695],[-71.1316,77.324],[-69.9682,77.3497],[-69.8433,77.3669],[-69.7893,77.3897],[-69.7978,77.4194],[-69.8475,77.437]]],[[[-72.6703,76.6654],[-72.4297,76.6622],[-72.3392,76.6804],[-72.3047,76.7122],[-72.3223,76.7305],[-72.4011,76.7513],[-72.8187,76.7929],[-73.3005,76.7878],[-73.4312,76.7657],[-73.4728,76.7398],[-73.411,76.6979],[-73.119,76.636],[-72.8304,76.631],[-72.6703,76.6654]]],[[[-60.4136,75.7205],[-60.4536,75.7507],[-60.6162,75.7678],[-60.7644,75.7489],[-60.7927,75.736],[-60.8024,75.7131],[-60.7407,75.6841],[-60.6019,75.6715],[-60.4671,75.6865],[-60.4136,75.7205]]],[[[-60.0641,75.4481],[-59.94,75.4164],[-59.7562,75.4215],[-59.6781,75.4483],[-59.6735,75.4721],[-59.6928,75.4905],[-59.602,75.5076],[-59.5588,75.5339],[-59.5727,75.5575],[-59.6287,75.5773],[-59.7906,75.5916],[-59.9113,75.5768],[-60.002,75.5346],[-60.3259,75.5404],[-60.3995,75.5221],[-60.4291,75.498],[-60.3995,75.468],[-60.3283,75.45],[-60.0641,75.4481]]],[[[-59.0595,75.4422],[-59.0289,75.4584],[-59.0261,75.4865],[-59.1441,75.5181],[-59.313,75.5145],[-59.4068,75.4798],[-59.3813,75.4472],[-59.2985,75.4282],[-59.1691,75.4246],[-59.0595,75.4422]]],[[[-58.7263,75.1861],[-58.7233,75.2037],[-58.7526,75.2276],[-58.8493,75.2461],[-58.9763,75.2423],[-59.0558,75.2132],[-59.0346,75.1887],[-58.9173,75.1598],[-58.7999,75.162],[-58.7263,75.1861]]],[[[-57.5483,74.0537],[-57.5956,74.0935],[-57.7411,74.1074],[-57.9467,74.0688],[-57.99,74.0527],[-58.0041,74.0312],[-57.9352,73.9862],[-57.7929,73.9725],[-57.5807,74.0249],[-57.5483,74.0537]]],[[[-56.7049,73.2174],[-56.6778,73.2378],[-56.6895,73.2606],[-56.7821,73.2909],[-56.9371,73.2836],[-56.9863,73.2658],[-57.0007,73.2428],[-56.9673,73.2173],[-56.8907,73.2012],[-56.7049,73.2174]]],[[[-56.7264,73.0189],[-56.7185,73.0418],[-56.7406,73.0598],[-56.8582,73.0825],[-57.0318,73.073],[-57.081,73.0549],[-57.0954,73.0317],[-57.0517,73.0023],[-56.9545,72.9874],[-56.8082,72.9924],[-56.7264,73.0189]]],[[[-54.5637,70.3841],[-54.5651,70.4122],[-54.6097,70.4435],[-54.8357,70.5089],[-55.0587,70.52],[-55.1365,70.4983],[-55.1603,70.4754],[-55.1391,70.4281],[-55.0775,70.3853],[-55.0086,70.3508],[-54.933,70.3352],[-54.6209,70.3526],[-54.5637,70.3841]]],[[[-54.6893,70.3022],[-54.8515,70.2631],[-54.8984,70.2393],[-54.9429,70.1904],[-54.9329,70.0891],[-54.8052,69.9938],[-54.9296,69.9601],[-54.9453,69.9415],[-54.9412,69.9019],[-55.0306,69.8533],[-55.0199,69.8175],[-54.9616,69.794],[-55.0693,69.7378],[-55.0834,69.7137],[-55.0573,69.6704],[-54.9198,69.5934],[-54.7923,69.552],[-54.4548,69.5121],[-54.3485,69.472],[-54.3858,69.4181],[-54.3306,69.355],[-54.1679,69.2978],[-53.9743,69.2768],[-53.9318,69.239],[-53.8192,69.2105],[-53.4985,69.2023],[-52.9325,69.3199],[-52.2141,69.4172],[-51.9862,69.493],[-51.7366,69.643],[-51.7488,69.6681],[-51.8428,69.7027],[-51.8236,69.7492],[-51.8667,69.8018],[-51.9166,69.8279],[-52.0716,69.8603],[-52.4568,69.9013],[-52.6201,69.946],[-52.835,70.0484],[-53.0565,70.183],[-53.3164,70.249],[-53.6009,70.2963],[-54.3369,70.3678],[-54.4898,70.3531],[-54.6893,70.3022]]],[[[-52.1282,68.8072],[-52,68.7795],[-51.8169,68.7657],[-51.6755,68.79],[-51.6302,68.8204],[-51.6691,68.8602],[-51.8956,68.9012],[-52.1284,68.9138],[-52.1926,68.9014],[-52.2259,68.8787],[-52.2186,68.8526],[-52.1282,68.8072]]],[[[-25.7071,68.8273],[-25.5722,68.8684],[-25.5484,68.9127],[-25.4455,68.9313],[-25.3844,68.9657],[-25.1861,69.0006],[-25.1141,69.0516],[-24.9526,69.0796],[-24.8539,69.1887],[-24.7164,69.1879],[-24.52,69.2272],[-24.4797,69.265],[-24.5073,69.3051],[-24.3269,69.3198],[-24.2062,69.3781],[-24.0152,69.376],[-23.9531,69.4109],[-23.9162,69.4862],[-23.7192,69.4824],[-23.5354,69.542],[-23.4429,69.6073],[-23.2764,69.6059],[-23.1603,69.6299],[-23.0701,69.6773],[-23.1042,69.7298],[-22.9816,69.7205],[-22.8953,69.7329],[-22.8105,69.7742],[-22.7792,69.8007],[-22.7749,69.8243],[-22.7329,69.8484],[-22.5588,69.8836],[-22.4601,69.9332],[-22.2388,69.9628],[-22.1811,70.0014],[-22.0134,70.0588],[-21.9261,70.1398],[-21.9574,70.1768],[-22.0895,70.2032],[-22.2297,70.1969],[-22.3893,70.1544],[-22.6312,70.139],[-22.946,70.1358],[-23.4756,70.1605],[-23.8005,70.1929],[-24.4758,70.2926],[-25.2117,70.4549],[-25.446,70.4365],[-26.2701,70.2577],[-26.4099,70.2558],[-26.2039,70.3441],[-26.1888,70.3639],[-26.2006,70.3991],[-26.1007,70.4205],[-25.9799,70.4712],[-25.7329,70.54],[-25.2216,70.6134],[-25.1661,70.6334],[-25.1424,70.6533],[-25.1396,70.679],[-25.203,70.7847],[-25.1994,70.8197],[-25.2439,70.8579],[-25.2422,70.9187],[-25.3135,70.964],[-25.1932,70.9996],[-25.1858,71.0304],[-25.2366,71.0573],[-25.1292,71.1476],[-25.1977,71.1954],[-25.1339,71.2119],[-25.0796,71.2474],[-25.0093,71.2191],[-24.9317,71.2104],[-24.7477,71.2517],[-24.7098,71.1976],[-24.5543,71.1414],[-24.412,71.0632],[-24.3993,71.0321],[-24.3485,70.9928],[-24.35,70.8993],[-24.2934,70.7976],[-24.215,70.6892],[-24.1667,70.6526],[-23.9594,70.5654],[-23.7308,70.4941],[-23.4018,70.4252],[-23.184,70.3999],[-22.7321,70.392],[-22.6062,70.4069],[-22.4937,70.4432],[-22.3275,70.4173],[-22.1114,70.4355],[-22.0571,70.3903],[-21.9851,70.3759],[-21.6855,70.3935],[-21.5673,70.4152],[-21.4537,70.4694],[-21.3688,70.5372],[-21.384,70.5836],[-21.3647,70.6219],[-21.2631,70.6599],[-21.2624,70.6839],[-21.3277,70.7101],[-21.3401,70.7402],[-21.5108,70.775],[-21.5511,70.8258],[-21.4895,70.8724],[-21.4945,70.8967],[-21.5201,70.9132],[-21.4936,70.9493],[-21.5744,70.9966],[-21.554,71.0338],[-21.5636,71.0659],[-21.6096,71.1056],[-21.5334,71.1865],[-21.5406,71.2125],[-21.4743,71.2684],[-21.4533,71.326],[-21.4637,71.3612],[-21.5239,71.4007],[-21.5274,71.4429],[-21.5523,71.4709],[-21.4887,71.5231],[-21.4851,71.5453],[-21.5329,71.5879],[-21.6188,71.6078],[-21.9082,71.5867],[-21.9096,71.6227],[-21.845,71.6433],[-21.7462,71.7079],[-21.7515,71.7442],[-21.7758,71.7655],[-21.8715,71.7898],[-22.2427,71.8123],[-22.3431,71.8607],[-22.3266,71.9088],[-22.4229,71.963],[-22.8412,72.0413],[-22.9958,72.1111],[-23.4727,72.1854],[-23.4795,72.2326],[-23.5423,72.2615],[-23.7952,72.3167],[-23.9624,72.3256],[-24.1783,72.3832],[-23.9781,72.4008],[-23.7101,72.3727],[-23.2191,72.2846],[-23.111,72.2186],[-22.8183,72.1375],[-22.4711,72.0795],[-22.1854,72.0802],[-22.0248,72.1116],[-21.9546,72.1511],[-21.9497,72.1805],[-21.9792,72.2025],[-21.8597,72.2407],[-21.8352,72.2697],[-21.8785,72.3016],[-22.0286,72.3294],[-21.8139,72.3751],[-21.7819,72.3981],[-21.7653,72.4353],[-21.7766,72.4674],[-21.8352,72.5112],[-22.1545,72.5857],[-22.2358,72.6334],[-22.0639,72.6556],[-21.8549,72.6385],[-21.7899,72.6049],[-21.67,72.5923],[-21.5551,72.6085],[-21.5111,72.6398],[-21.5274,72.664],[-21.5785,72.6825],[-21.7393,72.6921],[-21.7636,72.7448],[-21.8998,72.8036],[-21.7393,72.869],[-21.7131,72.9145],[-21.763,72.9547],[-21.8825,72.9917],[-21.9086,73.0214],[-22.2416,73.0861],[-22.2408,73.1158],[-22.3036,73.1433],[-22.581,73.177],[-22.6936,73.1758],[-23.0633,73.2814],[-22.8732,73.2815],[-22.5031,73.2103],[-22.1949,73.2042],[-22.05,73.2287],[-21.8763,73.2971],[-21.4843,73.355],[-21.408,73.3881],[-21.3858,73.4195],[-21.104,73.4018],[-20.8087,73.414],[-20.5742,73.3939],[-20.3521,73.4321],[-20.2352,73.4867],[-20.2107,73.5313],[-20.2536,73.5598],[-20.1598,73.6029],[-20.1928,73.6336],[-20.3001,73.6532],[-20.3553,73.7033],[-20.2823,73.7411],[-20.2159,73.7509],[-20.0631,73.725],[-19.9215,73.7437],[-19.8879,73.7695],[-19.9209,73.7999],[-20.1698,73.8349],[-19.9242,73.8596],[-19.8615,73.8888],[-19.8613,73.9195],[-20.0086,73.9682],[-20.1525,73.9874],[-20.3157,73.9722],[-20.4156,73.9392],[-20.5926,73.9313],[-20.8436,73.9679],[-20.7202,73.9913],[-20.6527,74.0268],[-20.6404,74.0617],[-20.6542,74.0834],[-20.129,74.1209],[-19.9819,74.1575],[-19.9312,74.1859],[-19.9201,74.2118],[-19.5225,74.1945],[-19.2486,74.2378],[-19.0312,74.3217],[-18.9787,74.3836],[-18.8281,74.4568],[-18.6137,74.4863],[-18.5767,74.5147],[-18.5629,74.5477],[-18.5727,74.5885],[-18.3987,74.5689],[-18.2406,74.5854],[-18.1596,74.6274],[-18.1548,74.6402],[-18.1787,74.6645],[-18.0936,74.7031],[-18.0889,74.7157],[-18.1128,74.7365],[-18.184,74.7535],[-18.5859,74.77],[-18.6901,74.7582],[-18.7764,74.7217],[-19.1283,74.6809],[-19.2055,74.7072],[-19.3989,74.7303],[-19.5538,74.7154],[-19.7848,74.654],[-19.8845,74.6623],[-19.9417,74.6808],[-19.6477,74.807],[-19.5792,74.8535],[-19.5878,74.8799],[-19.6596,74.911],[-19.8404,74.9446],[-19.8044,74.9701],[-19.8042,74.9962],[-19.8762,75.0319],[-20.1952,75.0756],[-20.5588,75.0865],[-20.3823,75.1173],[-20.3383,75.1484],[-20.3927,75.1964],[-20.5163,75.2496],[-20.2014,75.3005],[-20.1832,75.267],[-20.2127,75.2032],[-20.0932,75.1354],[-19.931,75.1045],[-19.7299,75.089],[-19.4985,75.1016],[-19.261,75.1943],[-19.2402,75.2622],[-19.1951,75.2825],[-19.1464,75.3329],[-19.1123,75.4093],[-19.1587,75.51],[-19.1601,75.5453],[-19.2647,75.616],[-19.2948,75.6592],[-19.1595,75.6957],[-19.137,75.7155],[-19.1409,75.7304],[-19.2084,75.7642],[-19.355,75.7861],[-19.5709,75.9111],[-19.7327,75.9496],[-19.6076,76.0152],[-19.5637,76.0583],[-19.5487,76.1181],[-19.5607,76.1444],[-19.6671,76.2123],[-19.6739,76.2491],[-19.7048,76.2656],[-20.0649,76.3136],[-19.9592,76.3666],[-19.9568,76.3894],[-19.9777,76.4033],[-19.9497,76.4258],[-19.954,76.4397],[-20.0233,76.4674],[-20.0084,76.4951],[-20.0516,76.5279],[-20.3084,76.601],[-20.1405,76.6231],[-20.061,76.6656],[-19.7941,76.6263],[-19.5675,76.6257],[-19.4896,76.6447],[-19.3769,76.7269],[-19.2936,76.6223],[-19.2404,76.5992],[-19.3019,76.5646],[-19.3487,76.5153],[-19.3486,76.476],[-19.2269,76.4133],[-19.1233,76.3235],[-19.0446,76.2814],[-19.0203,76.236],[-18.9011,76.1366],[-18.8432,76.0627],[-18.7047,75.9659],[-18.6758,75.9198],[-18.5702,75.8883],[-18.4212,75.8861],[-18.3082,75.9101],[-18.252,75.9598],[-18.2369,75.9956],[-18.2539,76.0459],[-18.2824,76.0625],[-18.2785,76.1026],[-18.3143,76.1521],[-18.3558,76.1728],[-18.3583,76.2229],[-18.3934,76.289],[-18.4642,76.3299],[-18.5025,76.3844],[-18.4962,76.4406],[-18.5093,76.4661],[-18.5494,76.4858],[-18.5485,76.5001],[-18.5294,76.5222],[-18.5288,76.5604],[-18.3937,76.5862],[-18.3732,76.6032],[-18.3918,76.6398],[-18.2514,76.7101],[-18.1958,76.7742],[-18.0625,76.8211],[-18.0596,76.8499],[-18.0268,76.8742],[-18.0019,76.9236],[-18.0187,76.9678],[-17.9746,77.0138],[-17.989,77.0628],[-17.9787,77.0893],[-18.0002,77.1098],[-17.9804,77.1586],[-17.9957,77.1974],[-18.0347,77.2209],[-18.0744,77.2792],[-18.1282,77.3095],[-18.3009,77.3412],[-18.4406,77.3481],[-18.596,77.3339],[-18.8527,77.382],[-18.9927,77.3889],[-19.2114,77.3688],[-19.2983,77.3173],[-19.5942,77.3839],[-19.3104,77.4144],[-19.2773,77.4391],[-19.3301,77.4853],[-19.0379,77.4842],[-18.7306,77.5296],[-18.6599,77.5558],[-18.6622,77.5893],[-18.7194,77.6303],[-18.8696,77.6946],[-18.8261,77.7288],[-18.8217,77.7538],[-18.8659,77.8048],[-18.4671,77.8707],[-18.4127,77.8928],[-18.4038,77.9138],[-18.2767,77.9338],[-18.2309,77.9615],[-18.2915,77.9972],[-18.4981,78.0331],[-18.3166,78.0769],[-18.3342,78.1096],[-18.4745,78.1383],[-18.2943,78.1847],[-18.2721,78.2037],[-18.2797,78.2178],[-18.3913,78.2478],[-18.592,78.2535],[-18.747,78.2912],[-18.7475,78.3059],[-18.6126,78.3643],[-18.6703,78.4163],[-18.6153,78.4428],[-18.3289,78.4288],[-18.1573,78.4643],[-18.1534,78.501],[-18.2397,78.5428],[-18.1491,78.5726],[-18.1079,78.6256],[-18.0213,78.6738],[-17.7206,78.7406],[-17.7167,78.7983],[-17.7943,78.8359],[-17.7096,78.8686],[-17.7112,78.8908],[-17.7433,78.9064],[-17.6486,78.9347],[-17.6291,78.9655],[-17.4565,79.0001],[-17.3635,79.0469],[-17.341,79.0832],[-17.3761,79.1387],[-17.3766,79.1783],[-17.5231,79.2161],[-17.713,79.2281],[-17.9013,79.2207],[-18.0733,79.1814],[-18.3616,79.0248],[-18.3578,78.9909],[-18.3293,78.9713],[-18.3413,78.9198],[-18.2907,78.8977],[-18.3465,78.8532],[-18.5511,78.8046],[-18.5802,78.7776],[-18.5614,78.7163],[-18.8664,78.6175],[-19.0016,78.5528],[-19.0045,78.5286],[-19.1867,78.5094],[-19.2921,78.4801],[-19.3261,78.4473],[-19.6848,78.4604],[-19.9437,78.4337],[-19.974,78.4108],[-19.9118,78.3523],[-19.9401,78.3154],[-20.0727,78.2809],[-20.0707,78.2131],[-20.1352,78.2105],[-20.2699,78.2549],[-20.5976,78.2963],[-20.7632,78.2957],[-20.9929,78.2691],[-20.9107,78.3458],[-20.8958,78.3859],[-20.7829,78.4866],[-20.6581,78.5509],[-20.6564,78.5743],[-20.6837,78.6088],[-20.7431,78.6356],[-20.4916,78.7116],[-20.4328,78.7584],[-20.4455,78.7807],[-20.5242,78.8147],[-20.5015,78.8363],[-20.5237,78.8706],[-20.5938,78.8935],[-20.5687,78.9544],[-20.136,78.9599],[-19.9748,78.9776],[-19.8125,79.0189],[-19.3973,79.0408],[-19.4603,78.9872],[-19.5695,78.9572],[-19.6038,78.9218],[-19.9376,78.8025],[-19.9821,78.7752],[-19.9988,78.7464],[-19.9893,78.7207],[-19.7094,78.6519],[-19.5547,78.6312],[-19.2627,78.6303],[-19.054,78.6573],[-18.8873,78.7179],[-18.9112,78.7411],[-18.8955,78.7902],[-18.9217,78.814],[-18.8928,78.8424],[-18.9368,78.8713],[-18.9148,78.8907],[-18.9224,78.904],[-18.9797,78.9266],[-18.8928,78.9619],[-18.8984,78.9855],[-18.9541,79.027],[-19.0847,79.0566],[-18.8357,79.1337],[-18.8373,79.1554],[-18.8891,79.1886],[-18.7148,79.2381],[-18.6995,79.2611],[-18.7182,79.279],[-18.646,79.3052],[-18.429,79.3303],[-18.388,79.3453],[-18.3727,79.3681],[-18.4331,79.3983],[-18.5726,79.4205],[-18.8539,79.423],[-19.0421,79.399],[-19.4067,79.4486],[-19.1591,79.5097],[-19.1361,79.5468],[-19.1826,79.5735],[-19.0076,79.6859],[-18.7901,79.6786],[-18.2928,79.6283],[-17.7612,79.6626],[-17.4669,79.7294],[-17.2808,79.834],[-17.1483,79.8685],[-17.0308,79.9366],[-16.8795,79.983],[-16.8766,80.0158],[-16.9142,80.037],[-17.1866,80.1125],[-16.7016,80.1196],[-16.3558,80.1573],[-16.1061,80.2],[-15.7934,80.3068],[-15.4744,80.3637],[-15.3717,80.4021],[-15.402,80.4306],[-15.5913,80.4808],[-16.3014,80.5412],[-16.2251,80.5633],[-15.3233,80.5726],[-15.14,80.603],[-15.0353,80.6587],[-14.9626,80.6784],[-14.2953,80.6961],[-13.943,80.7326],[-13.8197,80.7641],[-13.7876,80.797],[-13.8362,80.8341],[-14.0295,80.8765],[-14.1083,80.9357],[-13.7069,80.9124],[-13.1945,80.9385],[-13.0082,80.9845],[-12.7937,81.0149],[-12.6659,81.0576],[-12.2979,81.0843],[-12.0402,81.1551],[-11.3728,81.2396],[-11.0081,81.3301],[-10.9791,81.3415],[-10.9691,81.3643],[-11.0643,81.3958],[-11.2483,81.4137],[-11.2935,81.4405],[-11.2737,81.4615],[-11.2767,81.4864],[-11.311,81.509],[-11.5078,81.5685],[-11.849,81.6097],[-12.261,81.6819],[-12.7442,81.7254],[-12.9603,81.7673],[-13.5808,81.8069],[-14.1481,81.7952],[-14.4694,81.8518],[-15.2492,81.8699],[-15.5643,81.9092],[-15.9044,81.909],[-16.1874,81.8853],[-16.8374,81.7289],[-16.9703,81.6566],[-17.0357,81.6569],[-17.3038,81.7399],[-17.4043,81.7563],[-17.7885,81.7822],[-18.1404,81.7769],[-18.1347,81.8006],[-18.1751,81.8239],[-18.1871,81.8575],[-18.2579,81.9234],[-18.7004,82.0794],[-18.7616,82.1279],[-18.907,82.1633],[-19.1783,82.1847],[-19.4661,82.1766],[-19.7937,82.1406],[-19.954,82.099],[-20.0045,82.0552],[-19.9728,82.0035],[-19.9346,81.984],[-19.7159,81.9161],[-19.4641,81.813],[-19.3401,81.783],[-19.0735,81.7521],[-18.5451,81.7365],[-18.5787,81.7034],[-18.4257,81.6181],[-18.7625,81.6579],[-19.0309,81.6654],[-19.5011,81.759],[-19.7292,81.7675],[-19.9943,81.7554],[-20.2244,81.7221],[-20.3812,81.6726],[-20.3875,81.6506],[-20.3248,81.6246],[-20.4307,81.5959],[-20.4412,81.5849],[-20.4312,81.538],[-20.4938,81.5172],[-20.4952,81.4871],[-21.0291,81.4026],[-20.897,81.4647],[-20.7049,81.6293],[-20.7026,81.6724],[-20.65,81.7045],[-20.6396,81.7427],[-20.5962,81.7715],[-20.6381,81.81],[-20.601,81.8647],[-20.6436,81.9489],[-20.7885,82.004],[-20.871,82.0618],[-21.0226,82.0935],[-21.23,82.1074],[-22.495,82.0978],[-23.404,82.0476],[-23.6057,82.0055],[-23.6088,81.9811],[-23.6788,81.938],[-23.668,81.9153],[-23.7287,81.8738],[-23.7246,81.8516],[-23.6782,81.8283],[-23.9165,81.8219],[-24.1657,81.7943],[-24.1774,81.8703],[-24.2192,81.8966],[-24.2312,81.9351],[-24.1627,81.9679],[-24.1497,81.9957],[-24.2044,82.0218],[-24.3257,82.0427],[-24.7985,82.0635],[-26.6611,82.0855],[-28.7924,82.0511],[-31.5665,81.8682],[-30.932,81.9309],[-30.7672,81.9621],[-29.8306,82.0442],[-29.523,82.0905],[-29.1248,82.0927],[-28.3118,82.1319],[-27.2681,82.1417],[-25.5497,82.1015],[-24.4921,82.0964],[-23.8813,82.1263],[-23.4849,82.1617],[-23.1381,82.2142],[-22.8323,82.2319],[-21.7072,82.2388],[-20.8914,82.3132],[-20.6428,82.3689],[-20.6207,82.3825],[-20.6198,82.4166],[-20.2478,82.4361],[-19.8915,82.4979],[-19.6263,82.5202],[-19.5002,82.5505],[-19.4418,82.595],[-19.4998,82.6301],[-19.6561,82.6621],[-20.9607,82.8747],[-21.5841,82.8949],[-21.8368,82.9388],[-22.4217,82.9718],[-22.5915,83.0047],[-22.9474,83.0302],[-23.6832,83.0343],[-23.66,83.0561],[-23.683,83.0899],[-23.9625,83.1585],[-23.9184,83.1759],[-23.9031,83.2004],[-23.9133,83.2109],[-24.0219,83.236],[-24.0636,83.2606],[-24.2201,83.2843],[-24.7717,83.3079],[-25.5681,83.2702],[-25.0927,83.3551],[-24.9798,83.3934],[-25.0688,83.4299],[-25.3525,83.4688],[-26.1303,83.539],[-26.9761,83.5925],[-27.5695,83.614],[-28.7021,83.6217],[-29.1048,83.6502],[-29.6655,83.6476],[-30.1913,83.6794],[-30.3875,83.7067],[-30.6521,83.7147],[-31.6124,83.7007],[-31.9412,83.67],[-33.2412,83.7089],[-33.9598,83.7067],[-34.9767,83.6637],[-35.519,83.6785],[-36.1088,83.6525],[-37.0382,83.6492],[-37.9027,83.6042],[-38.1607,83.5737],[-38.5668,83.5941],[-38.9016,83.5894],[-39.2253,83.5596],[-39.4592,83.5068],[-40.0084,83.4896],[-40.2583,83.4586],[-40.6356,83.4478],[-40.8829,83.4073],[-41.1374,83.3889],[-41.4965,83.3955],[-41.8597,83.3652],[-42.6097,83.3601],[-42.9956,83.3242],[-43.1249,83.2916],[-43.8461,83.2891],[-44.4554,83.2657],[-45.2495,83.2172],[-45.3718,83.1955],[-45.406,83.17],[-46.483,83.1413],[-46.7572,83.0961],[-47.5577,83.0432],[-47.8614,82.9863],[-48.0717,82.9665],[-48.1884,82.9332],[-48.4538,82.9111],[-48.5667,82.8675],[-49.1742,82.8811],[-49.4329,82.8506],[-49.8218,82.8363],[-49.9809,82.8001],[-49.946,82.7786],[-49.8352,82.7615],[-49.5131,82.7523],[-49.4433,82.7182],[-49.3186,82.6955],[-48.9352,82.6714],[-47.9673,82.6753],[-47.7762,82.7014],[-47.7542,82.7145],[-47.7685,82.7426],[-47.2714,82.7271],[-46.8127,82.7352],[-46.855,82.6993],[-46.6733,82.6404],[-47.4683,82.6554],[-48.4764,82.62],[-48.7042,82.5998],[-48.7654,82.5829],[-48.7806,82.5631],[-48.7428,82.5353],[-48.5295,82.4833],[-48.2514,82.3853],[-48.1459,82.3316],[-48.124,82.2793],[-47.9942,82.2388],[-47.4248,82.1414],[-46.5114,82.0215],[-46.4774,81.9792],[-46.3791,81.931],[-46.2297,81.8893],[-46.2137,81.8673],[-46.0626,81.7924],[-45.6745,81.6681],[-45.8014,81.6778],[-45.9831,81.7465],[-46.5395,81.8563],[-46.6291,81.919],[-46.9417,82.0062],[-48.0774,82.1289],[-48.5622,82.2285],[-48.9801,82.269],[-48.6424,82.3002],[-48.5021,82.3632],[-48.4729,82.3933],[-48.5292,82.4206],[-48.7462,82.4676],[-49.2544,82.5137],[-49.5455,82.5229],[-49.8328,82.5131],[-50.0408,82.4775],[-50.3276,82.4967],[-51.2855,82.515],[-51.9682,82.4974],[-52.1549,82.459],[-52.1615,82.4362],[-52.1409,82.4226],[-52.1825,82.373],[-52.1377,82.3486],[-51.8776,82.2887],[-52.3086,82.2959],[-52.5862,82.2655],[-52.8973,82.2883],[-53.2827,82.2822],[-53.6198,82.3358],[-53.8823,82.3472],[-54.2161,82.3265],[-54.4638,82.2706],[-54.6009,82.3132],[-55.0001,82.3761],[-55.3336,82.3843],[-55.7393,82.3657],[-57.2083,82.2625],[-59.5488,82.1452],[-60.4895,82.0304],[-60.6383,81.9966],[-60.6596,81.9815],[-60.6586,81.9618],[-61.0676,81.9475],[-61.9836,81.8385],[-62.1738,81.8011],[-62.3542,81.74],[-62.2836,81.6963],[-62.2963,81.6787],[-62.2856,81.6686],[-61.9506,81.5709],[-61.9557,81.5416],[-61.9347,81.5264],[-61.7265,81.4918],[-62.0121,81.4092],[-62.152,81.3855],[-62.2786,81.3352],[-62.2881,81.302],[-61.783,81.1337],[-61.2543,80.9979],[-61.4616,80.9835],[-61.599,81.0435],[-61.8077,81.1021],[-62.5552,81.2236],[-62.8031,81.2353],[-63.0502,81.2212],[-63.2152,81.2396],[-63.2466,81.2707],[-63.3657,81.293],[-63.7366,81.2928],[-63.8636,81.2613],[-63.8501,81.2374],[-63.7821,81.2176],[-63.9802,81.1758],[-64.3792,81.1353],[-64.498,81.1024],[-64.5234,81.0675],[-64.6403,81.048],[-65.1826,80.9919],[-65.2451,80.9727],[-65.2595,80.9381],[-65.4675,80.8992],[-65.4966,80.8748],[-65.4619,80.8349],[-65.5324,80.8037],[-65.9548,80.7536],[-66.1299,80.7134],[-66.4274,80.6739],[-66.8002,80.7222],[-67.0263,80.7228],[-67.22,80.7016],[-67.2666,80.6809],[-67.2667,80.6598],[-67.2394,80.6385],[-67.0107,80.5588],[-67.2927,80.5561],[-67.5364,80.5289],[-67.5784,80.5083],[-67.5785,80.4898],[-67.4715,80.4586],[-67.3034,80.4401],[-67.6925,80.3762],[-67.7653,80.3402],[-67.7309,80.3038],[-67.7527,80.2683],[-67.7247,80.2332],[-67.761,80.1988],[-67.7503,80.1796],[-67.6116,80.1342],[-67.3938,80.1144],[-67.3273,80.0566],[-67.2325,80.0253],[-66.9711,80.0074],[-66.4161,80.0288],[-66.285,79.9872],[-66.0292,79.9633],[-65.7577,79.9658],[-65.3452,80.0019],[-65.2706,79.9698],[-65.1192,79.9452],[-64.761,79.93],[-64.7039,79.8953],[-64.8523,79.846],[-64.8635,79.8262],[-64.8317,79.8008],[-64.7057,79.7578],[-64.4902,79.7405],[-64.447,79.7071],[-64.4616,79.6839],[-64.6635,79.6369],[-64.8832,79.5438],[-65.0557,79.512],[-65.2302,79.458],[-65.331,79.4026],[-65.5666,79.3635],[-65.8704,79.2669],[-66.129,79.2448],[-66.2937,79.2073],[-66.7156,79.2195],[-67.0161,79.1992],[-67.3565,79.1995],[-67.5736,79.1861],[-67.8847,79.129],[-68.1558,79.1314],[-68.4726,79.1112],[-69.2618,78.9721],[-69.3437,78.9321],[-69.353,78.9084],[-69.335,78.8948],[-69.3706,78.8784],[-69.3796,78.8571],[-70.0655,78.8212],[-70.2105,78.7805],[-70.7347,78.7315],[-70.95,78.6722],[-71.1673,78.6812],[-71.4896,78.6629],[-71.6792,78.6415],[-71.8401,78.5984],[-72.1906,78.5921],[-72.5292,78.561],[-72.6223,78.5413],[-72.6665,78.521],[-72.6695,78.5014],[-72.7628,78.4762],[-72.8106,78.4219],[-73.0099,78.4053],[-73.1034,78.3792],[-73.1102,78.3583],[-73.0544,78.3357],[-73.0131,78.2863],[-73.0608,78.2647],[-73.0518,78.2211],[-73.1999,78.1989],[-73.2477,78.1604],[-73.1965,78.1296],[-72.7136,78.0214],[-72.5458,78.0047],[-72.4646,77.964],[-72.4692,77.9405],[-72.4564,77.9312],[-72.39,77.9117],[-72.1993,77.8922],[-72.0199,77.8508],[-71.827,77.8459],[-71.6593,77.8131],[-71.5842,77.7625],[-71.4129,77.7353],[-70.9125,77.7214],[-70.8736,77.6812],[-70.8165,77.66],[-70.4538,77.6209],[-70.5065,77.5839],[-70.5081,77.5635],[-70.4182,77.5338],[-70.2507,77.5118],[-69.8964,77.4898],[-69.3927,77.4181],[-69.0631,77.4114],[-68.4888,77.4681],[-68.3611,77.4565],[-67.5096,77.4759],[-67.2322,77.5059],[-66.9891,77.5536],[-66.8903,77.5465],[-66.9589,77.5154],[-66.9521,77.4884],[-66.8092,77.4449],[-66.86,77.4203],[-67.0674,77.4472],[-68.3981,77.429],[-68.6545,77.4023],[-68.8389,77.3626],[-69.1868,77.3316],[-69.2982,77.3072],[-69.345,77.2744],[-70.2575,77.2971],[-70.9124,77.2483],[-71.3734,77.1653],[-71.4101,77.1466],[-71.4347,77.1102],[-71.5117,77.0811],[-71.5134,77.0598],[-71.5549,77.0251],[-71.5497,76.9987],[-71.4818,76.9704],[-71.1418,76.894],[-71.0772,76.8546],[-70.7429,76.7644],[-70.4635,76.7529],[-70.2939,76.7204],[-70.0766,76.7346],[-69.4583,76.6641],[-70.0984,76.6277],[-70.2396,76.5792],[-70.2396,76.5567],[-70.2039,76.5363],[-70.3939,76.5028],[-70.432,76.4689],[-70.3793,76.4163],[-70.2046,76.3701],[-69.9722,76.35],[-69.8042,76.3615],[-69.7354,76.3333],[-69.4712,76.2753],[-69.1431,76.2349],[-69.1269,76.1991],[-68.8669,76.1168],[-68.8982,76.0803],[-68.8924,76.0661],[-68.8203,76.04],[-67.4455,75.9694],[-66.8892,75.9157],[-66.5797,75.8639],[-66.4003,75.8576],[-66.2514,75.8794],[-66.1985,75.9084],[-66.2591,75.9531],[-66.4848,76.0351],[-66.2608,76.047],[-66.1923,76.015],[-66.0431,75.989],[-65.7295,75.9722],[-65.3533,75.977],[-65.2176,75.929],[-64.9524,75.9174],[-64.8236,75.9422],[-64.7977,75.9713],[-64.814,75.9958],[-64.7137,76.0392],[-64.7047,76.0666],[-64.5009,76.0796],[-64.3088,76.1349],[-64.2452,76.0614],[-64.1938,76.0305],[-64.0448,76.0082],[-63.9151,76.0109],[-63.8304,76.0287],[-63.7756,76.0658],[-63.6367,76.087],[-63.5063,76.1298],[-63.468,76.1625],[-63.4734,76.1856],[-63.37,76.2381],[-63.0405,76.2522],[-62.9352,76.1872],[-62.9104,76.1478],[-62.8782,76.1316],[-62.6134,76.1041],[-62.6165,76.0694],[-62.5646,76.039],[-62.3913,76.0003],[-61.9529,76.0045],[-61.6844,75.9712],[-61.5561,75.9891],[-61.4882,76.03],[-61.3243,76.0046],[-61.3256,75.9739],[-61.304,75.9569],[-61.3808,75.9366],[-61.4067,75.9056],[-61.345,75.877],[-61.2251,75.8646],[-61.059,75.8829],[-61.0184,75.9084],[-61.0456,75.9411],[-60.7735,75.9933],[-60.6208,75.9782],[-60.3104,75.9891],[-60.2497,75.9327],[-60.0726,75.9098],[-60.0821,75.8737],[-60.3002,75.8244],[-60.3646,75.7859],[-60.3259,75.7552],[-60.271,75.7422],[-60.0192,75.7482],[-59.8326,75.7163],[-59.6126,75.7355],[-59.5009,75.7146],[-59.4333,75.6827],[-59.2856,75.6659],[-58.9092,75.6992],[-58.7697,75.6789],[-58.7302,75.6517],[-58.8103,75.5967],[-58.8838,75.572],[-58.8936,75.5488],[-58.8647,75.5248],[-58.9732,75.486],[-58.954,75.4572],[-58.9054,75.4422],[-58.6966,75.4244],[-58.8099,75.3735],[-58.8044,75.3309],[-58.7075,75.3059],[-58.5431,75.2948],[-58.3431,75.2415],[-58.2185,75.2416],[-58.0856,75.2734],[-58.0216,75.2407],[-58.0085,75.219],[-58.0495,75.1929],[-58.0416,75.1592],[-58.368,75.1087],[-58.4542,75.1485],[-58.6309,75.1563],[-58.7284,75.1363],[-58.75,75.1105],[-58.6504,75.0765],[-58.441,75.0739],[-58.4603,75.0331],[-58.423,75.0135],[-58.2119,74.9967],[-58.1032,74.9701],[-58.0713,74.947],[-58.2086,74.9398],[-58.2868,74.919],[-58.3012,74.8982],[-58.2678,74.8726],[-58.3196,74.8376],[-58.2961,74.8096],[-58.2097,74.7904],[-58.1627,74.7619],[-57.965,74.7391],[-57.9973,74.7131],[-58.0986,74.6886],[-58.1172,74.6573],[-58.107,74.645],[-57.9663,74.6106],[-57.9649,74.5831],[-57.878,74.546],[-57.6499,74.5307],[-57.686,74.4893],[-57.6467,74.4622],[-57.4943,74.4337],[-57.4925,74.4072],[-57.4239,74.3772],[-57.1892,74.3552],[-57.1425,74.3065],[-57.0515,74.2836],[-57.1401,74.2552],[-57.1535,74.2251],[-57.4056,74.1539],[-57.4636,74.1001],[-57.4324,74.0704],[-57.3688,74.0518],[-57.1579,74.052],[-57.1602,74.0104],[-57.1183,73.9848],[-56.9448,73.9572],[-57.0094,73.9213],[-56.9861,73.8905],[-57.021,73.8573],[-57.1304,73.8297],[-57.1396,73.7987],[-57.0594,73.7688],[-56.9274,73.7602],[-56.7991,73.7314],[-57.0303,73.7052],[-57.1872,73.6594],[-57.2141,73.6426],[-57.2124,73.6203],[-57.0555,73.5798],[-57.0491,73.5432],[-57.0105,73.5235],[-56.835,73.4957],[-56.8776,73.4628],[-56.8682,73.4404],[-56.7089,73.4042],[-56.7682,73.3755],[-56.7666,73.3435],[-56.662,73.3137],[-56.6647,73.2797],[-56.6228,73.234],[-56.5449,73.2134],[-56.5076,73.1655],[-56.3294,73.0921],[-56.3585,73.0723],[-56.3609,73.0419],[-56.519,73.0344],[-56.604,72.9918],[-56.7004,72.9849],[-56.7902,72.9579],[-56.7969,72.9342],[-56.7745,72.9167],[-56.6078,72.8929],[-56.522,72.8499],[-56.698,72.827],[-56.7542,72.8018],[-56.7772,72.7727],[-56.7715,72.7587],[-56.6121,72.7068],[-56.4576,72.6985],[-56.4711,72.6755],[-56.459,72.6447],[-56.4016,72.6223],[-56.2919,72.6113],[-56.2126,72.5672],[-56.2188,72.5405],[-56.1963,72.5227],[-56.1012,72.492],[-55.9763,72.4839],[-55.9695,72.4532],[-55.8915,72.4097],[-55.6857,72.3562],[-55.9351,72.3627],[-56.0485,72.3458],[-56.0852,72.3238],[-56.0844,72.2985],[-56.1139,72.2654],[-56.0941,72.2029],[-56.1965,72.1621],[-56.1816,72.1223],[-56.1033,72.0941],[-56.1048,72.0693],[-56.0632,72.0433],[-55.958,72.0212],[-55.7602,72.0229],[-55.7427,71.968],[-55.8977,71.9253],[-55.9313,71.8927],[-55.9097,71.8556],[-55.7927,71.8048],[-56.0039,71.7215],[-56.0332,71.6942],[-56.0264,71.6648],[-55.9405,71.6341],[-55.8283,71.6245],[-55.7828,71.5544],[-55.658,71.4411],[-55.3592,71.3466],[-55.0361,71.3474],[-54.9198,71.3167],[-54.7308,71.3035],[-54.517,71.3252],[-54.323,71.3191],[-54.0857,71.3619],[-53.9631,71.3252],[-53.7889,71.2998],[-53.9621,71.2421],[-54.0553,71.1808],[-54.1063,71.1218],[-54.0915,71.0971],[-53.9883,71.0618],[-53.7273,71.0017],[-53.6225,70.9934],[-53.4711,71.0096],[-53.3393,71.0479],[-53.2939,71.0977],[-53.3292,71.1592],[-53.4759,71.2655],[-53.5174,71.3176],[-53.5823,71.3425],[-53.6703,71.349],[-53.6987,71.3904],[-53.7779,71.415],[-53.7087,71.4841],[-53.6802,71.5741],[-53.5318,71.5221],[-53.3169,71.5039],[-53.3359,71.4736],[-53.3321,71.4412],[-53.2869,71.4117],[-53.3006,71.3741],[-53.3427,71.3386],[-53.3383,71.3183],[-53.2707,71.2869],[-53.2561,71.2354],[-53.2085,71.1914],[-53.0558,71.1321],[-52.9764,71.12],[-52.7979,71.1338],[-52.3454,71.1177],[-52.2338,71.0651],[-52.3289,71.0455],[-52.3934,71.0143],[-52.3969,70.9912],[-52.3792,70.9768],[-52.4324,70.9336],[-52.424,70.9094],[-52.3658,70.8906],[-52.2818,70.8888],[-52.119,70.8389],[-51.8551,70.8241],[-51.8455,70.7716],[-52.0142,70.7455],[-52.201,70.7669],[-52.2999,70.7307],[-52.3469,70.6968],[-52.6004,70.7669],[-52.8873,70.8008],[-53.1133,70.8123],[-53.3943,70.7883],[-53.6755,70.8256],[-53.8029,70.8234],[-53.9171,70.8599],[-54.1227,70.8681],[-54.3403,70.8317],[-54.6563,70.7453],[-54.6982,70.7155],[-54.6882,70.6887],[-54.7269,70.6442],[-54.4429,70.5637],[-54.3084,70.5054],[-54.3055,70.4818],[-54.2449,70.445],[-53.9772,70.3569],[-53.2255,70.3057],[-52.7979,70.216],[-52.593,70.1242],[-52.4583,70.044],[-52.3793,70.0197],[-52.1342,70.0042],[-51.9896,69.9736],[-51.679,69.9728],[-51.5714,69.9376],[-51.5623,69.9091],[-51.4904,69.8721],[-51.4875,69.8477],[-51.4068,69.8077],[-51.4856,69.7407],[-51.4959,69.7077],[-51.4125,69.6374],[-51.4024,69.591],[-51.3341,69.5142],[-51.1876,69.4719],[-51.017,69.4809],[-51.0284,69.399],[-51.1222,69.3572],[-51.1233,69.2895],[-51.2109,69.2556],[-51.25,69.2147],[-51.2406,69.1817],[-51.1898,69.161],[-51.2121,69.1318],[-51.2075,69.1092],[-51.2886,69.0536],[-51.2861,69.0238],[-51.3365,68.9928],[-51.3025,68.9525],[-51.4032,68.9068],[-51.4119,68.885],[-51.3941,68.858],[-51.4618,68.8079],[-51.4395,68.773],[-51.3386,68.7387],[-51.5595,68.7147],[-51.5996,68.687],[-51.5996,68.6423],[-51.8223,68.6781],[-51.8159,68.7101],[-51.8339,68.7262],[-51.9664,68.7603],[-52.5539,68.8221],[-52.9906,68.8236],[-52.9471,68.8707],[-52.9902,68.9086],[-53.2327,68.9239],[-53.1707,68.9627],[-53.1559,68.9995],[-53.2156,69.0566],[-53.3402,69.0951],[-53.4763,69.1122],[-53.6029,69.1012],[-53.643,69.0796],[-53.6517,69.058],[-53.5856,69.0168],[-53.5675,68.9574],[-53.5047,68.9372],[-53.3529,68.9235],[-53.5068,68.8944],[-53.5401,68.8718],[-53.5328,68.8457],[-53.4058,68.8184],[-53.2793,68.8515],[-53.1739,68.8082],[-53.2298,68.7741],[-53.2507,68.7341],[-53.2359,68.715],[-53.3111,68.6373],[-53.4624,68.6773],[-53.579,68.6706],[-53.6705,68.6408],[-53.6792,68.6187],[-53.6413,68.5877],[-53.7063,68.5452],[-53.7176,68.5033],[-53.6938,68.4771],[-53.7474,68.4535],[-53.7512,68.4197],[-53.8079,68.3732],[-53.7898,68.3355],[-53.8714,68.3016],[-53.8858,68.2796],[-53.8231,68.2374],[-53.8714,68.1809],[-53.8638,68.1558],[-53.8198,68.1262],[-53.9154,68.113],[-53.9686,68.0834],[-53.9668,68.0483],[-53.913,68.0141],[-53.9684,67.9845],[-53.9738,67.9477],[-53.9933,67.9296],[-53.9964,67.9047],[-53.9604,67.8694],[-53.984,67.8348],[-53.8954,67.7885],[-53.9182,67.7105],[-53.905,67.6334],[-53.874,67.6116],[-53.8972,67.5897],[-53.8968,67.5548],[-53.8654,67.5066],[-53.8976,67.4776],[-53.8872,67.4505],[-53.9313,67.425],[-54.0455,67.2645],[-54.0453,67.2108],[-54.0197,67.1858],[-54.0325,67.14],[-54.0716,67.1122],[-54.0832,67.0709],[-54.1481,67.0503],[-54.1687,67.023],[-54.1202,66.9742],[-53.9784,66.9633],[-53.8867,66.8975],[-53.7956,66.8669],[-53.756,66.8155],[-53.6428,66.7742],[-53.7726,66.7586],[-53.8258,66.7273],[-53.8034,66.6856],[-53.7402,66.6587],[-53.7345,66.6174],[-53.7803,66.5757],[-53.7839,66.5492],[-53.8317,66.5139],[-53.8231,66.3628],[-53.9003,66.3039],[-53.8623,66.2615],[-53.8659,66.2411],[-53.843,66.2103],[-53.7703,66.1755],[-53.8121,66.1265],[-53.8165,66.0874],[-53.7707,66.0242],[-53.6785,65.9809],[-53.6833,65.9573],[-53.6633,65.9281],[-53.5411,65.8185],[-53.3915,65.7589],[-53.4279,65.7139],[-53.3988,65.6723],[-53.3755,65.585],[-53.4162,65.5323],[-53.3669,65.4907],[-53.3574,65.448],[-53.2948,65.4075],[-53.1292,65.3481],[-52.9553,65.3425],[-52.8771,65.2726],[-52.7465,65.2396],[-52.6347,65.1504],[-52.673,65.109],[-52.6445,65.0675],[-52.6682,65.0333],[-52.6578,64.9878],[-52.601,64.9595],[-52.5919,64.9268],[-52.5621,64.9082],[-52.4851,64.8887],[-52.39,64.8895],[-52.3481,64.8455],[-52.3509,64.8092],[-52.3318,64.7779],[-52.3711,64.7568],[-52.3859,64.7242],[-52.3236,64.6809],[-52.3331,64.6574],[-52.3186,64.6072],[-52.2836,64.5723],[-52.37,64.4799],[-52.3756,64.4029],[-52.3131,64.3472],[-52.2656,64.2236],[-52.1995,64.195],[-52.2333,64.111],[-52.225,64.076],[-52.2983,64.0459],[-52.3027,64.0132],[-52.252,63.9781],[-52.1757,63.9535],[-52.0498,63.9609],[-51.9809,63.9143],[-51.8729,63.8797],[-51.8864,63.8464],[-51.8766,63.8246],[-51.8088,63.7535],[-51.8378,63.7282],[-51.8358,63.7044],[-51.7818,63.6744],[-51.6737,63.6602],[-51.673,63.6249],[-51.632,63.5977],[-51.6209,63.5399],[-51.4992,63.4762],[-51.5154,63.4522],[-51.4974,63.4191],[-51.3154,63.3723],[-51.3023,63.3317],[-51.3252,63.3003],[-51.2809,63.2583],[-51.2867,63.2175],[-51.2622,63.1637],[-51.1164,63.0684],[-51.1193,63.0416],[-51.0937,63.0107],[-51.009,62.9852],[-50.8706,62.9844],[-50.8273,62.942],[-50.7554,62.9187],[-50.7351,62.8876],[-50.6583,62.8341],[-50.5473,62.7972],[-50.5623,62.7647],[-50.5193,62.6689],[-50.5161,62.5613],[-50.4204,62.5137],[-50.4261,62.4625],[-50.3442,62.416],[-50.3612,62.3902],[-50.3487,62.3603],[-50.1749,62.2905],[-50.1117,62.2282],[-50.1036,62.1852],[-50.0027,62.1468],[-49.9769,62.1048],[-49.8454,62.0416],[-49.8819,62.0043],[-49.8727,61.9576],[-49.8358,61.9283],[-49.7811,61.9139],[-49.7828,61.8809],[-49.7576,61.8516],[-49.6901,61.8288],[-49.7342,61.7746],[-49.7175,61.7338],[-49.5965,61.6994],[-49.5885,61.6569],[-49.5448,61.5979],[-49.4904,61.5802],[-49.4066,61.5787],[-49.4043,61.5484],[-49.3693,61.5154],[-49.1986,61.4459],[-49.1644,61.3787],[-49.0403,61.2996],[-49.0643,61.2536],[-49.0377,61.2111],[-48.7849,61.1483],[-48.715,61.1058],[-48.7404,61.0482],[-48.7153,61.018],[-48.6279,60.9924],[-48.5259,60.9886],[-48.4918,60.9424],[-48.4016,60.91],[-48.4853,60.8745],[-48.4992,60.8533],[-48.4893,60.8193],[-48.5421,60.8026],[-48.5744,60.7739],[-48.5681,60.7412],[-48.4813,60.6828],[-48.3684,60.6682],[-48.2652,60.7152],[-48.2391,60.6758],[-48.1978,60.651],[-48.087,60.6188],[-47.9134,60.5954],[-47.6686,60.6318],[-47.5402,60.6614],[-47.4864,60.6906],[-47.3871,60.6733],[-47.2801,60.6949],[-47.1873,60.6773],[-47.1147,60.6306],[-47.0207,60.6302],[-46.926,60.5993],[-46.84,60.6054],[-46.7399,60.5777],[-46.6378,60.582],[-46.5518,60.6098],[-46.314,60.598],[-46.2225,60.5103],[-46.1349,60.4841],[-46.0465,60.4284],[-45.961,60.4091],[-45.8437,60.3546],[-45.5935,60.3125],[-45.5977,60.2195],[-45.5374,60.1874],[-45.5304,60.1515],[-45.4935,60.1175],[-45.4421,60.0984],[-45.4334,60.0752],[-45.4865,60.0295],[-45.4694,59.9498],[-45.339,59.9015],[-45.2666,59.8973],[-45.2048,59.8574],[-45.1033,59.8461],[-45.0421,59.7984],[-44.9277,59.7885],[-44.8415,59.8056],[-44.74,59.8021],[-44.6765,59.8328],[-44.6515,59.8833],[-44.5054,59.8663],[-44.5135,59.8302],[-44.4883,59.7989],[-44.3845,59.7667],[-44.3031,59.7649],[-44.2884,59.719],[-44.2422,59.6953],[-44.1255,59.6972],[-44.0497,59.7557],[-43.9879,59.702],[-43.8783,59.6877],[-43.7327,59.7104],[-43.6442,59.7571],[-43.5728,59.7528],[-43.4894,59.7717],[-43.3798,59.841],[-43.3064,59.8367],[-43.1189,59.8707],[-43.0752,59.8963],[-43.0666,59.9322],[-42.9366,60.0007],[-42.9225,60.0328],[-42.9462,60.0647],[-42.9224,60.0996],[-42.8734,60.1237],[-42.8593,60.1557],[-42.8828,60.1863],[-42.9633,60.224],[-42.9712,60.3672],[-43.0207,60.4225],[-42.8729,60.4992],[-42.747,60.5364],[-42.6725,60.6329],[-42.6332,60.6602],[-42.6174,60.7091],[-42.5761,60.7522],[-42.6196,60.7989],[-42.5281,60.8665],[-42.5314,60.9183],[-42.4937,60.9595],[-42.5438,61.0114],[-42.5562,61.0571],[-42.4887,61.0904],[-42.4757,61.1098],[-42.4824,61.1377],[-42.4425,61.17],[-42.4443,61.201],[-42.3635,61.2487],[-42.3621,61.2789],[-42.3999,61.3166],[-42.305,61.3442],[-42.2667,61.3772],[-42.2714,61.4072],[-42.3114,61.4504],[-42.2892,61.4694],[-42.1644,61.4955],[-42.1273,61.5207],[-42.1196,61.5479],[-42.1449,61.5814],[-42.0856,61.6171],[-42.0687,61.6589],[-42.1216,61.7036],[-42.0351,61.7373],[-41.9621,61.7998],[-41.9876,61.8931],[-41.9561,61.9352],[-41.9651,61.9603],[-42.0048,61.9859],[-42.0044,62.0661],[-42.0605,62.144],[-42.159,62.1841],[-42.019,62.1974],[-41.9761,62.216],[-41.9429,62.2526],[-41.9742,62.3101],[-42.0564,62.3424],[-42.0088,62.4165],[-42.0152,62.4406],[-42.0536,62.4684],[-42.0008,62.491],[-41.9785,62.5282],[-42.0013,62.5599],[-42.0579,62.58],[-42.027,62.6146],[-41.9482,62.6493],[-41.7928,62.6841],[-41.7679,62.7004],[-41.7566,62.7336],[-41.6464,62.7498],[-41.6096,62.7739],[-41.6005,62.7985],[-41.5321,62.8086],[-41.4752,62.8369],[-41.3473,62.9396],[-41.34,62.9824],[-41.103,63.0844],[-41.0901,63.1025],[-41.0991,63.1421],[-41.0155,63.1674],[-40.9891,63.2119],[-40.8793,63.265],[-40.8637,63.3025],[-40.8803,63.3297],[-40.7764,63.3666],[-40.7406,63.4386],[-40.5595,63.5164],[-40.5377,63.5393],[-40.5386,63.5646],[-40.4589,63.6451],[-40.4011,63.6794],[-40.4092,63.7503],[-40.4623,63.793],[-40.4349,63.9144],[-40.4745,63.9517],[-40.4679,63.989],[-40.4335,64.025],[-40.417,64.0703],[-40.4342,64.1092],[-40.5202,64.167],[-40.4933,64.2038],[-40.5043,64.2379],[-40.3149,64.2459],[-40.1419,64.2724],[-40.0856,64.3204],[-40.099,64.3787],[-40.0284,64.4566],[-40.0442,64.5063],[-40.163,64.5769],[-40.1327,64.6012],[-40.132,64.6338],[-40.1828,64.6734],[-40.2497,64.6948],[-40.1639,64.762],[-40.1677,64.8103],[-40.2237,64.8521],[-40.3169,64.8733],[-40.2463,64.896],[-40.201,64.9289],[-40.0738,64.9129],[-39.9776,64.9237],[-39.7918,64.8993],[-39.604,64.974],[-39.5815,65.0048],[-39.6042,65.0494],[-39.5691,65.0936],[-39.4182,65.1182],[-39.3609,65.1527],[-39.3446,65.1948],[-39.2589,65.239],[-39.3012,65.349],[-39.3802,65.3891],[-39.4187,65.4348],[-39.2002,65.4071],[-38.9785,65.4515],[-38.8415,65.438],[-38.6287,65.4722],[-38.543,65.5114],[-38.3215,65.5332],[-38.218,65.5703],[-38.094,65.5835],[-38.0217,65.5563],[-37.9307,65.5545],[-37.834,65.5238],[-37.7269,65.5145],[-37.365,65.5596],[-37.3756,65.5186],[-37.3371,65.4857],[-37.0855,65.4422],[-36.9914,65.454],[-36.9426,65.4904],[-36.7757,65.5373],[-36.6777,65.5151],[-36.5835,65.5269],[-36.471,65.627],[-36.4922,65.6565],[-36.5559,65.6803],[-36.4485,65.7408],[-36.395,65.7076],[-36.329,65.6934],[-36.1676,65.6935],[-36.0644,65.7134],[-35.9991,65.7659],[-35.9936,65.787],[-36.0114,65.8097],[-35.9861,65.8629],[-35.8982,65.8823],[-35.755,65.9432],[-35.537,65.9848],[-35.4553,66.049],[-35.4371,66.1081],[-35.3356,66.1846],[-35.2861,66.1997],[-35.0952,66.1974],[-34.7817,66.2567],[-34.5928,66.3357],[-34.4534,66.4506],[-34.3436,66.4861],[-34.3115,66.5159],[-34.0868,66.5594],[-34.0628,66.5769],[-34.0436,66.6376],[-34.0026,66.672],[-33.8794,66.7076],[-33.7444,66.7738],[-33.7182,66.8063],[-33.73,66.8581],[-33.6795,66.8742],[-33.5548,66.8705],[-33.4904,66.8932],[-33.4768,66.9274],[-33.5268,66.9601],[-33.497,66.9819],[-33.4891,67.0108],[-33.3631,67.0307],[-33.3103,67.0806],[-33.3014,67.1154],[-33.3135,67.1522],[-33.0987,67.2309],[-33.1035,67.2757],[-33.2031,67.3322],[-33.1347,67.362],[-33.1243,67.3815],[-33.134,67.4028],[-33.0617,67.4547],[-33.0651,67.4891],[-33.12,67.5197],[-32.9892,67.5795],[-32.884,67.5741],[-32.776,67.5961],[-32.6905,67.5704],[-32.4783,67.5572],[-32.3423,67.5975],[-32.3143,67.6229],[-32.3228,67.6452],[-32.4174,67.6808],[-32.3382,67.7045],[-32.3022,67.734],[-32.1698,67.7429],[-32.097,67.8],[-31.9608,67.846],[-31.9479,67.8771],[-31.9731,67.9005],[-31.9305,67.9289],[-31.9232,68.0181],[-31.8784,68.093],[-31.6537,68.046],[-31.3743,68.058],[-31.106,68.0169],[-30.8221,68.044],[-30.5631,68.0363],[-30.4291,68.048],[-30.3395,68.0784],[-30.1271,68.0815],[-29.9416,68.1336],[-29.7267,68.1507],[-29.6344,68.2042],[-29.5401,68.1887],[-29.3729,68.1965],[-29.2669,68.2347],[-29.128,68.2445],[-28.9844,68.307],[-28.8637,68.3004],[-28.7008,68.3383],[-28.5519,68.3479],[-28.4843,68.3852],[-28.3993,68.4066],[-28.2499,68.4007],[-28.1498,68.4255],[-27.979,68.4325],[-27.9001,68.4606],[-27.7579,68.4457],[-27.6003,68.4588],[-27.534,68.4766],[-27.4922,68.5147],[-27.2143,68.5291],[-27.1132,68.5715],[-26.9643,68.594],[-26.911,68.6277],[-26.4437,68.6505],[-26.2888,68.6888],[-26.1947,68.7556],[-26.0317,68.7642],[-25.9646,68.7807],[-25.924,68.8085],[-25.7071,68.8273]]]]},"properties":{"id":"Q35","names":{"ab":"Даниа","af":"Denemarke","am":"ዴንማርክ","an":"Dinamarca","ar":"الدنمارك","as":"ডেনমাৰ্ক","av":"Дания","ay":"Dinamarka","az":"Danimarka","ba":"Дания","be":"Данія","bg":"Дания","bh":"डेनमार्क","bi":"Denmak","bn":"ডেনমার্ক","bo":"དན་མྲག","br":"Danmark","bs":"Danska","ca":"Dinamarca","ce":"Дани","ch":"Denamarka","co":"Danimarca","cs":"Dánsko","cu":"Данїꙗ","cv":"Дани","cy":"Denmarc","da":"Danmark","de":"Dänemark","dv":"ޑެންމާކު","dz":"ཌེན་མཱཀ","ee":"Denmark","el":"Δανία","en":"Denmark","eo":"Danio","es":"Dinamarca","et":"Taani","eu":"Danimarka","fa":"دانمارک","ff":"Danemark","fi":"Tanska","fj":"Denimake","fo":"Danmark","fr":"Danemark","fy":"Denemark","ga":"An Danmhairg","gd":"An Danmhairg","gl":"Dinamarca","gn":"Ndinamáka","gu":"ડેન્માર્ક","gv":"Yn Danvarg","ha":"Denmark","he":"דנמרק","hi":"डेनमार्क","hr":"Danska","ht":"Dannmak","hu":"Dánia","hy":"Դանիա","ia":"Danmark","id":"Denmark","ie":"Dania","ig":"Denmark","io":"Dania","is":"Danmörk","it":"Danimarca","ja":"デンマーク","jv":"Dhènemarken","ka":"დანია","kg":"Danemark","ki":"Ndenimaki","kk":"Дания","km":"ដាណឺម៉ាក","kn":"ಡೆನ್ಮಾರ್ಕ್","ko":"덴마크","ks":"ڈیٚنمارٛک","ku":"Danîmarka","kv":"Дания","kw":"Danmark","ky":"Дания","la":"Dania","lb":"Dänemark","lg":"Denimaaka","li":"Denemarke","ln":"Danemark","lo":"ປະເທດດານມາກ","lt":"Danija","lv":"Dānija","mg":"Danemarka","mi":"Tenemāka","mk":"Данска","ml":"ഡെന്മാർക്ക്","mn":"Дани","mr":"डेन्मार्क","ms":"Denmark","mt":"Danimarka","my":"ဒိန်းမတ်နိုင်ငံ","nb":"Danmark","ne":"डेनमार्क","nl":"Denemarken","nn":"Danmark","nv":"Chʼah Bideeʼí Dineʼé Bikéyah Yázhí","oc":"Danemarc","om":"Deenmaark","os":"Дани","pa":"ਡੈੱਨਮਾਰਕ","pl":"Dania","ps":"ډېنمارک","pt":"Dinamarca","qu":"Lanispampa","rm":"Danemarc","rn":"Danemark","ro":"Danemarca","ru":"Дания","rw":"Danimarike","sa":"डेनमार्क","sc":"Danimarca","sd":"ڊينمارڪ","se":"Dánmárku","sg":"Danemêrke","si":"ඩෙන්මාර්කය","sk":"Dánsko","sl":"Danska","sm":"Tenimaka","sn":"Dhanemaki","so":"Denimarki","sr":"Данска","ss":"IDenimakhi","st":"Denmark","su":"Dénmark","sv":"Danmark","sw":"Udeni","ta":"டென்மார்க்","te":"డెన్మార్క్","tg":"Дания","th":"ประเทศเดนมาร์ก","tk":"Daniýa","tl":"Dinamarka","to":"Tenimaʻake","tr":"Danimarka","ts":"Denmark","tt":"Дания","tw":"Dεnmaak","ug":"دانىيە","uk":"Данія","ur":"ڈنمارک","uz":"Daniya","vi":"Đan Mạch","vo":"Danän","wa":"Daenmåtche","wo":"Danmaark","xh":"Dominikha","yi":"דענמארק","yo":"Dẹ́nmárkì","za":"Danhmai","zh":"丹麦","zu":"IDenimaki"},"from":1874,"to":1920,"wikidata":"Q35","adminLevel":2,"source":"OpenHistoricalMap","sourceUrl":"https://www.openhistoricalmap.org"}},{"type":"Feature","geometry":{"type":"MultiPolygon","coordinates":[[[[-63.2051,17.573],[-63.1742,17.5936],[-63.1597,17.6294],[-63.181,17.6806],[-63.2478,17.7008],[-63.3158,17.6664],[-63.3248,17.6195],[-63.2906,17.5786],[-63.2465,17.5626],[-63.2051,17.573]]],[[[-62.8952,17.4596],[-62.9074,17.5206],[-62.9734,17.5757],[-63.0139,17.5789],[-63.0472,17.551],[-63.0513,17.4793],[-63.003,17.4239],[-62.9444,17.4191],[-62.8952,17.4596]]],[[[-69.8537,12.3694],[-69.829,12.3872],[-69.8158,12.4317],[-69.85,12.5147],[-69.9083,12.5721],[-69.9646,12.6009],[-70.0141,12.6612],[-70.0858,12.666],[-70.1088,12.6352],[-70.1047,12.5117],[-69.9778,12.4096],[-69.8978,12.3685],[-69.8537,12.3694]]],[[[-68.7298,12.1075],[-68.8049,12.2039],[-68.9806,12.2609],[-69.0027,12.2952],[-69.0088,12.3479],[-69.0573,12.4021],[-69.1515,12.4455],[-69.2016,12.4189],[-69.2141,12.369],[-69.2052,12.2838],[-69.1092,12.1565],[-69.0534,12.1327],[-68.9942,12.0732],[-68.8383,11.9994],[-68.7259,11.9954],[-68.6944,12.0134],[-68.6814,11.947],[-68.6459,11.931],[-68.6172,11.9384],[-68.5943,11.9693],[-68.6013,12.0186],[-68.6448,12.0462],[-68.6862,12.0276],[-68.6966,12.0849],[-68.7298,12.1075]]],[[[-68.3676,12.1122],[-68.3425,12.0864],[-68.3038,11.9929],[-68.2692,11.9787],[-68.2135,11.9847],[-68.181,12.0121],[-68.174,12.0727],[-68.146,12.1164],[-68.146,12.2173],[-68.1718,12.2656],[-68.2654,12.2865],[-68.3466,12.3544],[-68.4027,12.3624],[-68.4559,12.325],[-68.4767,12.2483],[-68.4356,12.1856],[-68.3909,12.1721],[-68.3676,12.1122]]],[[[-63.1709,18.0142],[-63.1354,17.9871],[-63.0394,17.9561],[-62.978,17.9681],[-62.9463,18.0129],[-63.0172,18.0571],[-63.0594,18.0629],[-63.0883,18.0466],[-63.1364,18.0537],[-63.1709,18.0142]]],[[[4.9417,51.4495],[4.9416,51.4479],[4.9422,51.4495],[4.9417,51.4495]]],[[[4.9223,51.4377],[4.9249,51.4407],[4.9223,51.4402],[4.9223,51.4377]]],[[[4.9306,51.4399],[4.9322,51.4388],[4.9324,51.44],[4.9306,51.4399]]],[[[4.9354,51.4375],[4.9355,51.4362],[4.9368,51.4363],[4.9354,51.4375]]],[[[4.9307,51.4372],[4.931,51.4367],[4.9316,51.4372],[4.9307,51.4372]]],[[[4.9313,51.4364],[4.9324,51.4345],[4.9327,51.4365],[4.9313,51.4364]]],[[[4.9341,51.4334],[4.9354,51.432],[4.9355,51.4333],[4.9341,51.4334]]],[[[4.8692,51.4118],[4.8724,51.4115],[4.8731,51.4124],[4.8692,51.4118]]],[[[7.1918,53.315],[7.188,53.3322],[7.0046,53.3267],[6.9104,53.4609],[6.8589,53.4676],[6.6369,53.5764],[6.5009,53.6094],[6.3699,53.5684],[6.1423,53.5526],[5.9842,53.5186],[5.6514,53.5256],[5.5611,53.4942],[5.4701,53.4966],[5.1885,53.4538],[5.0853,53.412],[5.0441,53.3623],[4.9406,53.3316],[4.7972,53.263],[4.638,53.0717],[4.6247,52.9058],[4.5536,52.7521],[4.5375,52.6176],[4.4207,52.3553],[4.2654,52.1847],[4.0292,52.0123],[3.943,51.894],[3.8228,51.8626],[3.7793,51.8311],[3.7691,51.7977],[3.6663,51.7779],[3.6124,51.7458],[3.5912,51.7016],[3.6113,51.6537],[3.5249,51.6417],[3.3577,51.5647],[3.344,51.5118],[3.4232,51.4523],[3.3184,51.4207],[3.3836,51.3412],[3.3625,51.3179],[3.3662,51.2971],[3.393,51.2671],[3.4568,51.2418],[3.5268,51.246],[3.5242,51.2882],[3.5813,51.2871],[3.59,51.306],[3.7955,51.256],[3.7958,51.2133],[3.8929,51.2191],[3.8858,51.2009],[4.008,51.2429],[4.0619,51.2446],[4.1591,51.2899],[4.2414,51.3535],[4.22,51.3683],[4.231,51.3744],[4.3295,51.3775],[4.3403,51.3604],[4.3769,51.3553],[4.4218,51.3652],[4.4317,51.375],[4.3864,51.4167],[4.3989,51.4353],[4.3842,51.4458],[4.4719,51.4764],[4.5382,51.4824],[4.5473,51.474],[4.5314,51.4419],[4.5429,51.4249],[4.6438,51.4229],[4.7748,51.5048],[4.8376,51.482],[4.8249,51.4408],[4.8415,51.4224],[4.781,51.4323],[4.7765,51.4139],[4.8852,51.4166],[4.9216,51.3985],[4.9981,51.4403],[5.0325,51.4862],[5.0776,51.4714],[5.1,51.4386],[5.0748,51.3978],[5.1235,51.3521],[5.1343,51.3155],[5.2002,51.3227],[5.2422,51.3052],[5.226,51.2683],[5.2379,51.2614],[5.353,51.2746],[5.4174,51.2623],[5.4811,51.2976],[5.5158,51.2952],[5.5566,51.2657],[5.5602,51.2233],[5.6527,51.1977],[5.658,51.1847],[5.7457,51.1895],[5.7767,51.1785],[5.7881,51.1553],[5.8281,51.1643],[5.8558,51.1446],[5.8127,51.1204],[5.8311,51.0958],[5.8017,51.0948],[5.8011,51.064],[5.7805,51.0626],[5.7624,51.0388],[5.7755,51.0251],[5.765,50.9965],[5.7218,50.9641],[5.7577,50.9559],[5.7189,50.9078],[5.6983,50.9102],[5.6485,50.8733],[5.6423,50.8431],[5.6615,50.8183],[5.6917,50.8121],[5.691,50.7553],[5.7409,50.76],[5.7774,50.783],[5.8074,50.7562],[5.8801,50.7673],[5.903,50.7529],[6.0145,50.7551],[6.0263,50.7725],[5.9779,50.8051],[6.0241,50.8135],[6.0187,50.8458],[6.076,50.8554],[6.0887,50.9157],[6.0182,50.9347],[6.0052,50.9568],[6.0268,50.9813],[5.897,50.9749],[5.9055,51.0022],[5.8801,51.0162],[5.8699,51.0438],[5.9188,51.064],[5.9576,51.0348],[6.0045,51.087],[6.1737,51.1572],[6.1391,51.1733],[6.1747,51.1846],[6.1652,51.1944],[6.0822,51.1716],[6.0681,51.221],[6.0863,51.2225],[6.0727,51.2426],[6.1245,51.2747],[6.1694,51.3294],[6.2264,51.3603],[6.2238,51.3966],[6.2114,51.4009],[6.222,51.4784],[6.2,51.5273],[6.0914,51.6059],[6.1172,51.6508],[6.0366,51.6728],[6.0322,51.7232],[5.9526,51.7453],[5.9908,51.7662],[5.9896,51.7823],[5.9293,51.8275],[6.0044,51.8334],[6.0604,51.8613],[6.1575,51.8432],[6.1661,51.8604],[6.1084,51.8919],[6.1178,51.9017],[6.1648,51.9024],[6.216,51.8678],[6.2799,51.8741],[6.3113,51.8504],[6.3998,51.8287],[6.4092,51.8524],[6.3905,51.8723],[6.4686,51.8546],[6.6748,51.916],[6.7326,51.8987],[6.7889,51.9297],[6.7988,51.9587],[6.8285,51.9641],[6.8303,51.9862],[6.753,52.0284],[6.6879,52.0399],[6.6953,52.0643],[6.7449,52.081],[6.7606,52.1188],[6.8555,52.1205],[6.9096,52.1764],[6.9495,52.1805],[6.9889,52.2263],[7.0613,52.2347],[7.026,52.2835],[7.0723,52.3717],[6.9876,52.4698],[6.9423,52.4356],[6.7527,52.4641],[6.6976,52.4863],[6.7011,52.5266],[6.6809,52.5533],[6.7637,52.5615],[6.7256,52.5851],[6.7271,52.6145],[6.7109,52.6271],[6.7505,52.6469],[7.0557,52.6434],[7.0873,52.85],[7.1815,52.9416],[7.2174,53.007],[7.2027,53.1129],[7.1789,53.1381],[7.1999,53.1723],[7.2276,53.1803],[7.2103,53.1875],[7.2192,53.2059],[7.1918,53.315]],[[4.9358,51.4093],[4.9364,51.4053],[4.9285,51.4051],[4.9358,51.4093]],[[4.8357,51.4485],[4.8362,51.4488],[4.8367,51.4484],[4.8362,51.448],[4.8357,51.4485]],[[4.8388,51.4182],[4.84,51.4188],[4.8412,51.4179],[4.8388,51.4182]],[[4.8734,51.4159],[4.8748,51.4165],[4.8753,51.4161],[4.8736,51.4155],[4.8734,51.4159]],[[4.8658,51.4143],[4.8678,51.4133],[4.8663,51.4132],[4.8658,51.4143]],[[4.8886,51.4247],[4.8915,51.4248],[4.8914,51.4232],[4.8886,51.4247]],[[4.9487,51.455],[4.9498,51.4543],[4.949,51.4538],[4.9487,51.455]],[[4.9407,51.4556],[4.9421,51.4552],[4.9406,51.4553],[4.9407,51.4556]],[[4.9427,51.4532],[4.9448,51.4535],[4.9449,51.453],[4.9428,51.4527],[4.9427,51.4532]],[[4.9181,51.444],[4.9189,51.444],[4.9182,51.4434],[4.9181,51.444]],[[4.9242,51.4464],[4.9269,51.4454],[4.9257,51.4449],[4.9242,51.4464]],[[4.9274,51.4486],[4.9281,51.4489],[4.9291,51.4481],[4.9274,51.4486]],[[4.9295,51.4496],[4.9315,51.4496],[4.9304,51.4487],[4.9295,51.4496]],[[4.9315,51.4476],[4.9341,51.4474],[4.9319,51.4467],[4.9315,51.4476]],[[4.9331,51.4495],[4.9515,51.4537],[4.9404,51.4452],[4.9331,51.4495]],[[4.941,51.4453],[4.9423,51.4451],[4.9412,51.4449],[4.941,51.4453]],[[4.9457,51.4447],[4.9496,51.4453],[4.9439,51.4438],[4.9457,51.4447]],[[4.9392,51.4436],[4.9399,51.4438],[4.9403,51.4418],[4.9392,51.4436]],[[4.9398,51.4398],[4.9415,51.4397],[4.9399,51.4395],[4.9398,51.4398]],[[4.9408,51.4393],[4.9422,51.4395],[4.9414,51.4379],[4.9408,51.4393]],[[4.94,51.4361],[4.9426,51.4356],[4.941,51.4346],[4.94,51.4361]],[[4.94,51.4361],[4.92,51.4345],[4.9209,51.4448],[4.94,51.4361]]],[[[-57.0906,5.99],[-57.1807,5.7549],[-57.1596,5.6929],[-57.1615,5.6389],[-57.2477,5.4918],[-57.2652,5.4034],[-57.3357,5.3169],[-57.2983,5.311],[-57.2805,5.2253],[-57.2538,5.2349],[-57.2692,5.2567],[-57.259,5.2712],[-57.2376,5.2687],[-57.1924,5.2032],[-57.1898,5.1692],[-57.2333,5.1421],[-57.2473,5.1724],[-57.289,5.171],[-57.3214,5.0702],[-57.2805,5.0261],[-57.2905,5.0203],[-57.4903,4.9914],[-57.5122,5.0092],[-57.6101,4.9914],[-57.6869,5.0063],[-57.7205,4.9898],[-57.774,4.9264],[-57.8503,4.9228],[-57.9185,4.8298],[-57.9254,4.7961],[-57.8845,4.7629],[-57.8374,4.6509],[-57.9219,4.4509],[-57.9527,4.4097],[-57.9538,4.299],[-58.052,4.1931],[-58.0677,4.1511],[-58.0321,3.9877],[-57.9421,3.9054],[-57.8751,3.8122],[-57.8298,3.6624],[-57.7261,3.6072],[-57.7029,3.5557],[-57.644,3.5167],[-57.664,3.4258],[-57.6499,3.3859],[-57.5542,3.3467],[-57.5224,3.3652],[-57.4763,3.3389],[-57.4309,3.3606],[-57.425,3.3875],[-57.3668,3.3656],[-57.3084,3.3949],[-57.2805,3.3298],[-57.2925,3.2763],[-57.2749,3.169],[-57.2842,3.149],[-57.2649,3.1326],[-57.2333,3.1417],[-57.2486,3.1124],[-57.207,3.0357],[-57.2232,3.0248],[-57.2346,2.9704],[-57.1886,2.9595],[-57.1838,2.9447],[-57.2196,2.9083],[-57.2023,2.8462],[-57.1746,2.819],[-57.1334,2.8326],[-57.1371,2.7711],[-57.0899,2.7739],[-57.1029,2.7405],[-57.062,2.6817],[-57.056,2.6424],[-57.0272,2.6482],[-57.0205,2.6354],[-57.0272,2.5936],[-56.9971,2.5551],[-57.0006,2.5142],[-56.9513,2.5155],[-56.9564,2.47],[-56.9302,2.4362],[-56.9308,2.3933],[-56.895,2.3621],[-56.8844,2.3037],[-56.8262,2.2617],[-56.8015,2.166],[-56.7052,2.0296],[-56.5798,2.0168],[-56.397,1.9233],[-56.3582,1.9415],[-56.244,1.8781],[-56.2345,1.8986],[-56.1709,1.9005],[-56.1176,1.851],[-56.0367,1.8502],[-55.999,1.8313],[-55.9039,1.888],[-55.9363,1.9865],[-55.9079,2.0013],[-55.9031,2.0411],[-55.9328,2.0577],[-55.9267,2.0751],[-55.9487,2.0917],[-55.9668,2.0884],[-56.0031,2.1676],[-56.055,2.1846],[-56.0434,2.2213],[-56.1389,2.2657],[-56.0938,2.3212],[-56.0844,2.375],[-56.0506,2.335],[-56.0218,2.3425],[-56.0366,2.3742],[-55.9894,2.4177],[-56.0115,2.4528],[-55.9775,2.4896],[-55.9895,2.5169],[-55.973,2.5266],[-55.9242,2.5305],[-55.8388,2.4622],[-55.7666,2.4552],[-55.747,2.4104],[-55.7169,2.3992],[-55.6983,2.4215],[-55.6316,2.4169],[-55.5746,2.4378],[-55.5706,2.4235],[-55.4997,2.4432],[-55.4294,2.4389],[-55.3853,2.4184],[-55.3456,2.448],[-55.3562,2.4756],[-55.3202,2.5154],[-55.2347,2.5034],[-55.1728,2.5593],[-55.1234,2.5676],[-55.103,2.5256],[-55.0086,2.5874],[-54.9705,2.5865],[-54.9542,2.5836],[-54.9196,2.4997],[-54.8653,2.471],[-54.8711,2.4335],[-54.8178,2.4226],[-54.7781,2.4464],[-54.7711,2.4733],[-54.6947,2.4606],[-54.6996,2.427],[-54.6858,2.4116],[-54.7182,2.4049],[-54.7153,2.3854],[-54.6939,2.3533],[-54.6637,2.3566],[-54.6624,2.328],[-54.6199,2.323],[-54.5848,2.3483],[-54.5316,2.3402],[-54.4934,2.4171],[-54.4235,2.4359],[-54.3756,2.4838],[-54.2853,2.678],[-54.1702,2.8531],[-54.1913,2.8773],[-54.163,2.956],[-54.1851,2.9978],[-54.1709,3.0248],[-54.1885,3.0583],[-54.1771,3.1166],[-54.188,3.131],[-54.2112,3.1274],[-54.1766,3.2006],[-54.0808,3.3093],[-54.0557,3.3777],[-54.0194,3.4154],[-53.9888,3.611],[-54.0088,3.6379],[-54.0501,3.6345],[-54.1255,3.7887],[-54.1975,3.8269],[-54.3539,4.0417],[-54.3347,4.1317],[-54.3386,4.1523],[-54.3949,4.1779],[-54.4106,4.2086],[-54.3941,4.2698],[-54.4334,4.3764],[-54.4508,4.4842],[-54.4235,4.6043],[-54.4355,4.7094],[-54.4787,4.7552],[-54.4867,4.903],[-54.4488,4.9515],[-54.4486,5.0243],[-54.35,5.1496],[-54.3113,5.2258],[-54.1579,5.355],[-54.0077,5.5512],[-54.0205,5.6588],[-53.9568,5.7815],[-53.9791,5.8589],[-54.018,5.8838],[-54.2732,5.955],[-54.8139,6.0388],[-55.0938,6.0384],[-55.1797,6.0065],[-55.215,5.9576],[-55.3556,6.0209],[-55.5974,6.042],[-55.8262,6.0331],[-55.9299,6.0044],[-55.9985,5.913],[-56.0056,5.8629],[-56.3875,5.9606],[-56.549,5.9871],[-56.6611,6.0312],[-56.8549,6.0344],[-56.9687,6.0606],[-57.0906,5.99]]]]},"properties":{"id":"Q29999","names":{"de":"Königreich der Niederlande","en":"Kingdom of the Netherlands","fr":"Royaume des Pays-Bas","id":"Kerajaan Belanda","nl":"Koninkrijk der Nederlanden","source":"https://wetten.overheid.nl/BWBR0002153/1998-10-09/0/"},"from":1848.784946236559,"to":1949.3091397849462,"wikidata":"Q29999","adminLevel":2,"source":"OpenHistoricalMap","sourceUrl":"https://www.openhistoricalmap.org"}}]}
