{"type":"FeatureCollection","features":[{"type":"Feature","geometry":{"type":"Polygon","coordinates":[[[12.4874,43.8965],[12.5133,43.9381],[12.507,43.9914],[12.405,43.9459],[12.4195,43.9006],[12.4874,43.8965]]]},"properties":{"id":"Q238","names":{"ab":"Сан Марино","ace":"San Marino","af":"San Marino","als":"San Marino","am":"ሳን ማሪኖ (አገር)","ami":"San marino","an":"San Marino","ang":"Sanct Marinusland","ann":"San Marino","ar":"سان مارينو","as":"ছান মাৰিণ'","ast":"San Marín","avk":"Sanmarina","az":"San-Marino","ba":"Сан-Марино","ban":"San Marino","bar":"San Marino","bat-smg":"San Marėns","bcl":"San Marino","be":"Сан-Марына","be-x-old":"Сан-Марына","bew":"San Marino","bg":"Сан Марино","bh":"सैन मरीनो","bi":"San Marino","bn":"সান মারিনো","bo":"སན་མ་རི་ནོ།","br":"San Marino","bs":"San Marino","bxr":"Сан-Марино","ca":"San Marino","cbk-zam":"San Marino","cdo":"San Marino","ce":"Сан-Марино","ceb":"San Marino","co":"San Marinu","crh":"San Marino","cs":"San Marino","csb":"San Marino","cu":"Санъ Марино","cv":"Сан-Марино","cy":"San Marino","da":"San Marino","dag":"San Marino","de":"San Marino","diq":"San Marino","dsb":"San Marino","dv":"ސަން މަރީނޯ","ee":"San Marino","el":"Άγιος Μαρίνος","eml":"San Marein","en":"San Marino","eo":"San-Marino","es":"San Marino","et":"San Marino","eu":"San Marino","ext":"San Marinu","fa":"سان مارینو","ff":"San Marino","fi":"San Marino","fiu-vro":"San Marino","fo":"San Marino","fr":"Saint-Marin","frp":"Sant-Marin","frr":"San Marino","fur":"San Marin","fy":"San Marino","ga":"San Mairíne","gag":"San Marino","gcr":"Sen-Maren","gd":"San Marino","gl":"San Marino","gn":"San Maríno","gu":"સાન મૅરિનો","gv":"San Marino","ha":"San Marino","hak":"San Marino","haw":"Sana Marino","he":"סן מרינו","hi":"सान मारिनो","hif":"San Marino","hr":"San Marino","hsb":"San Marino","ht":"Sen Maren","hu":"San Marino","hy":"Սան Մարինո","ia":"San Marino","id":"San Marino","ie":"San Marino","ig":"San Marino","ilo":"San Marino","io":"San-Marino","is":"San Marínó","it":"San Marino","ja":"サンマリノ","jam":"San Mariino","jv":"San Marino","ka":"სან-მარინო","kaa":"San-Marino","kab":"San Marin","kbd":"Сан-Марино","kg":"Saint-Marin","kge":"San Marino","ki":"Canimarino","kk":"Сан-Марино","km":"សាន់ម៉ារីណូ","kn":"ಸಾನ್ ಮರಿನೊ","ko":"산마리노","koi":"Сан Марино","krc":"Сан-Марино","ku":"San Marîno","kv":"Сан-Марино","kw":"Sen Marin","ky":"Сан-Марино","la":"Sanctus Marinus","lad":"San Marino","lb":"San Marino","lez":"Сан-Марино","lfn":"San Marino","lg":"San Marino","li":"San Marino","lij":"San Marin","lld":"San Marino","lmo":"San Marin","ln":"Santu Marino","lo":"ປະເທດຊັງມາລີໂນ","lt":"San Marinas","ltg":"San Marins","lv":"Sanmarīno","mad":"San Marino","map-bms":"San Marino","mdf":"Сан-Марино","mg":"San-Marîno","mhr":"Сан-Марино","mi":"Hato Marino","min":"San Marino","mk":"Сан Марино","ml":"സാൻ മരീനോ","mn":"Сан-Марино","mr":"सान मारिनो","ms":"San Marino","mt":"San Marino","mwl":"San Marino","my":"ဆန်မာရီနိုနိုင်ငံ","myv":"Сан-Марино Мастор","nap":"San Marino","nb":"San Marino","nds":"San Marino","nds-nl":"San Marino","ne":"सान मारिनो","nl":"San Marino","nn":"San Marino","no":"San Marino","nov":"San Marino","nrm":"Saint Mathîn","nv":"Dziłkʼi Yadaaʼáhí Hahoodzo","ny":"San Marino","oc":"Sant Marin","olo":"San Marino","om":"Saan Maariinoo","os":"Сан-Марино","pa":"ਸਾਨ ਮਰੀਨੋ","pag":"San Marino","pam":"San Marino","pap":"San Marino","pcd":"Saint-Marin","pl":"San Marino","pms":"San Marin","pnt":"Άι Μαρίνος","ps":"سان مارینو","pt":"San Marino","qu":"San Marino","rgn":"San Marein","rm":"San Marino","rn":"Saint-Marin","ro":"San Marino","roa-rup":"San Marino","roa-tara":"San Marine","ru":"Сан-Марино","rw":"Mutagatifu Marino","sa":"सान मरीनो","sah":"Сан Марино","sc":"Santu Marinu","scn":"San Marinu","sco":"San Marino","sd":"سان مارينو","se":"San Marino","sh":"San Marino","si":"සැන් මරිනෝ","sk":"San Maríno","sl":"San Marino","sm":"San Marino","smn":"San Marino","sn":"Musande Marino","so":"San Marino","sq":"San Marino","sr":"Сан Марино","srn":"San Marinokondre","stq":"San Marino","su":"San Marino","sv":"San Marino","sw":"San Marino","szl":"San Marino","szy":"San Marino","ta":"சான் மரீனோ","te":"సాన్ మారినో","tet":"Saun Mariñu","tg":"Сан-Марино","th":"ประเทศซานมารีโน","ti":"ሳን ማሪዮ","tk":"San-Marino","tl":"San Marino","tly":"San-Marino","to":"Sā Malino","tok":"ma San Malino","tpi":"San Marino","tr":"San Marino","trv":"San Marino","ts":"San Marino","tt":"Сан-Марино","tum":"San Marino","udm":"Сан-Марино","ug":"سان مارىنو","uk":"Сан-Марино","ur":"سان مارینو","uz":"San Marino","vec":"San Marin","vep":"San Marino","vi":"San Marino","vls":"San Marino","vo":"Sanmarinän","war":"San Marino","wo":"San Marino","xh":"Sen Marino","yi":"סאן מארינא","yo":"San Màrínò","za":"San Marino","zea":"San Marino","zh":"圣马力诺","zh-min-nan":"San Marino","zu":"USanti Marino"},"from":1463.486559139785,"to":1699,"wikidata":"Q238","adminLevel":2,"source":"OpenHistoricalMap","sourceUrl":"https://www.openhistoricalmap.org"}},{"type":"Feature","geometry":{"type":"Polygon","coordinates":[[[-4.2432,54.2627],[-4.2264,54.3116],[-4.2918,54.3523],[-4.2785,54.4216],[-4.3024,54.4516],[-4.3627,54.4666],[-4.5147,54.4413],[-4.6079,54.3953],[-4.6872,54.2969],[-4.7844,54.2431],[-4.8227,54.1869],[-4.821,54.148],[-4.9115,54.0749],[-4.9198,54.0413],[-4.8807,54.0066],[-4.8208,53.9945],[-4.7078,54.0195],[-4.5866,54.0122],[-4.3411,54.1527],[-4.2432,54.2627]]]},"properties":{"id":"Q9676","names":{"ace":"Pulo Man","af":"Man","an":"Isla de Man","ang":"Manīeġ","ast":"Islla de Man","az":"Men adası","ba":"Мэн Утрауы","ban":"Nusa Man","bcl":"Isla nin Man","be":"Востраў Мэн","be-x-old":"Мэн","bew":"Pulo Man","bg":"Ман","br":"Manav","bs":"Ostrvo Man","ca":"Illa de Man","cdo":"Man Dō̤","ceb":"Pulo sa Mans","cs":"Man","cv":"Мэн утравĕ","cy":"Ynys Manaw","de":"Insel Man","diq":"Adey Mani","dsb":"Man","el":"Νήσος του Μαν","en":"Isle of Man","eo":"Manksinsulo","es":"Isla de Man","et":"Man","eu":"Man","ext":"Man","fa":"جزیره من","fi":"Mansaari","fo":"Mann","fr":"Île de Man","frp":"Ila de Man","frr":"Eilun Man","fy":"Man","ga":"Oileán Mhanann","gd":"Eilean Mhanainn","gl":"Illa de Man","gv":"Ellan Vannin","hak":"Man Tó","he":"האי מאן","hi":"आइल ऑफ़ मैन","hr":"Otok Man","hsb":"Man","hu":"Man-sziget","ia":"Insula de Man","id":"Pulau Man","io":"Insulo Man","is":"Mön","it":"Isola di Man","ja":"マン島","jv":"Pulo Man","kaa":"Men atawı","kab":"Tigzirt n Man","kk":"Мэн аралы","ko":"맨섬","kw":"Ynys Manow","ky":"Мэн аралы","la":"Monapia","lb":"Insel Man","li":"Man","lij":"Izoa de Man","lmo":"Isula de Man","ln":"Esanga ya Man","lt":"Meno sala","lv":"Menas Sala","mg":"Nosin'i Man","mi":"Motu o Mana","mk":"Ман","ms":"Pulau Man","nds-nl":"Man","nl":"Eiland Man","nn":"Øya Man","no":"Man","nov":"Isle de Man","nrm":"Île dé Man","oc":"Illa de Man","olo":"Manninsuari","os":"Мэн","pl":"Wyspa Man","pms":"Ìsola ëd Man","pt":"Ilha de Man","qu":"Man wat'a","ro":"Insula Man","ru":"Остров Мэн","rue":"Остров Мен","rw":"Ikirwa cya Man","sc":"Ìsula de Man","scn":"Ìsula di Man","sco":"Isle o Man","se":"Mannin","sh":"Man","sk":"Ostrov Man","sl":"Man","sq":"Ishulli i Manit","sr":"Острво Мен","stq":"Man","su":"Pulo Man","sw":"Kisiwa cha Man","ta":"மாண் தீவு","th":"ไอล์ออฟแมน","tk":"Man Adasy","tl":"Pulo ng Man","tok":"ma Manin","tr":"Man Adası","tt":"Мэн утравы","uk":"Острів Мен","uz":"Men oroli","vec":"Ìzoła de Man","vi":"Đảo Man","vls":"Eyland Man","war":"Isla han Man","yo":"Erékùṣù ilẹ̀ Man","zea":"Eiland Man","zh":"马恩岛"},"from":1333.6048387096773,"to":1987.3709677419354,"wikidata":"Q9676","adminLevel":2,"source":"OpenHistoricalMap","sourceUrl":"https://www.openhistoricalmap.org"}},{"type":"Feature","geometry":{"type":"MultiPolygon","coordinates":[[[[22.5133,58.9758],[22.3846,59.0423],[22.2943,58.9974],[22.2034,58.9832],[22.0283,58.9912],[21.953,58.9461],[21.9714,58.8964],[22.1129,58.8451],[22.2193,58.8309],[22.3519,58.8402],[22.3415,58.8067],[22.3774,58.7606],[22.3733,58.7148],[22.4388,58.6575],[22.4234,58.6282],[22.4368,58.5662],[22.4746,58.5446],[22.4876,58.5074],[22.4403,58.4785],[22.4308,58.4501],[22.3637,58.4151],[22.2839,58.4193],[22.2398,58.3897],[22.203,58.3945],[22.1956,58.3629],[22.1624,58.3443],[22.0939,58.3457],[22.0279,58.3791],[21.9952,58.3744],[21.8946,58.4192],[21.7749,58.4431],[21.6801,58.3548],[21.6757,58.3078],[21.7107,58.2806],[21.8496,58.2006],[21.9578,58.1787],[22.033,58.1274],[21.8867,57.9725],[21.9043,57.9248],[21.9808,57.86],[22.0474,57.8473],[22.0982,57.8566],[22.2807,57.9579],[22.2935,57.9758],[22.2852,58.0085],[22.3355,58.0783],[22.3407,58.1371],[22.4513,58.0733],[22.5322,58.0484],[22.603,58.05],[22.6513,58.0774],[22.6567,58.101],[22.6411,58.1237],[22.6674,58.1689],[22.7458,58.1128],[22.8527,58.1086],[22.8929,58.1274],[22.9064,58.1595],[22.833,58.2114],[22.9138,58.2504],[23.0196,58.2576],[23.0627,58.2872],[23.0662,58.3091],[22.9535,58.3863],[22.9489,58.4176],[22.9264,58.4379],[22.9361,58.4815],[22.8419,58.5057],[22.8041,58.6001],[22.7348,58.6646],[23.0036,58.6992],[22.9611,58.783],[22.8704,58.8256],[22.8764,58.8474],[22.8462,58.8738],[22.758,58.8838],[22.7153,58.9315],[22.5133,58.9758]]],[[[23.859,58.3425],[23.9184,58.3586],[23.9507,58.3186],[23.9014,58.2574],[23.8389,58.2341],[23.8154,58.2084],[23.8617,58.0913],[23.9375,58.0519],[24.0411,58.0598],[24.0969,58.0968],[24.1165,58.1547],[24.1912,58.1717],[24.2459,58.2256],[24.376,58.2486],[24.4804,58.3826],[24.4469,58.4108],[24.4457,58.4314],[24.5223,58.4495],[24.5552,58.5113],[24.6564,58.5106],[24.7744,58.5412],[24.8662,58.5843],[24.9239,58.6558],[24.9082,58.6964],[24.9163,58.7368],[24.8576,58.7618],[24.8101,58.736],[24.6933,58.7503],[24.7104,58.8336],[24.6078,58.8535],[24.5759,58.8877],[24.5693,58.9187],[24.5224,58.9193],[24.4952,58.9373],[24.5642,58.948],[24.548,58.9846],[24.4128,59.0343],[24.3194,59.0004],[24.2438,59.0186],[24.2184,59.0605],[24.1517,59.0754],[24.1063,59.1206],[23.9817,59.1394],[23.9008,59.1349],[23.7528,59.2054],[23.6602,59.3036],[23.5634,59.2688],[23.5227,59.2757],[23.4006,59.224],[23.3899,59.1813],[23.4337,59.1306],[23.3512,59.1021],[23.1324,59.0925],[23.0704,59.0737],[23.0182,59.0373],[23.0452,58.9932],[23.0342,58.9677],[23.0483,58.9528],[23.2584,58.9048],[23.2543,58.8402],[23.36,58.7938],[23.4383,58.718],[23.4785,58.6221],[23.4407,58.5947],[23.5138,58.5179],[23.6152,58.5729],[23.6191,58.5896],[23.6909,58.6158],[23.6696,58.6518],[23.5893,58.7076],[23.4278,58.7262],[23.4713,58.7456],[23.6826,58.7597],[23.8913,58.6659],[23.8904,58.649],[23.8473,58.6259],[23.8913,58.577],[23.7905,58.5701],[23.7821,58.5399],[23.7221,58.5412],[23.6515,58.501],[23.5493,58.4922],[23.5397,58.4703],[23.5556,58.4258],[23.6126,58.391],[23.6677,58.3197],[23.705,58.2969],[23.8222,58.2856],[23.859,58.3425]],[[24.3215,58.9018],[24.3903,58.9193],[24.4117,58.8886],[24.3547,58.865],[24.3215,58.9018]]]]},"properties":{"id":"Q669032","names":{"be":"Эзель-Вікскае біскупства","ca":"Bisbat d'Ösel-Wiek","cs":"Biskupství Ösel-Wiek","da":"Øsel-Wiek bispedømme","de":"Bistum Ösel-Wiek","en":"Bishopric of Ösel-Wiek","es":"Diócesis de Ösel-Wiek","et":"Saare-Lääne piiskopkond","fa":"اسقف‌نشین اوسل-ویک","fi":"Saarenmaan-Läänemaan hiippakunta","fr":"Évêché d'Ösel-Wiek","hr":"Biskupija Ösel-Wiek","it":"Diocesi di Ösel-Wiek","ja":"サーレ・レーネ司教領","ko":"외셀비크 주교령","la":"Ecclesia Osiliensis","lt":"Ozelio-Vikos vyskupija","lv":"Sāmsalas-Vīkas bīskapija","nb":"Saare-Lääne bispedømme","nds":"Bisdom Ösel-Wiek","nl":"Prinsbisdom Ösel-Wiek","pl":"Biskupstwo Ozylii","pt":"Bispado de Ösel-Wiek","ro":"Episcopia de Ösel-Wiek","ru":"Эзель-Викское епископство","sv":"Biskopsdömet Ösel-Wiek","uk":"Езель-Вікське єпископство","zh":"奥瑟-维克主教区"},"from":1228.75,"to":1560,"wikidata":"Q669032","adminLevel":2,"source":"OpenHistoricalMap","sourceUrl":"https://www.openhistoricalmap.org"}},{"type":"Feature","geometry":{"type":"MultiPolygon","coordinates":[[[[23.3698,57.7894],[23.3354,57.8428],[23.2458,57.8747],[23.1567,57.8583],[23.1164,57.8064],[23.1513,57.7545],[23.2461,57.7316],[23.3396,57.7466],[23.3698,57.7894]]],[[[21.148,56.8803],[21.0603,56.8391],[21.0598,56.7336],[21.1634,56.7436],[21.2021,56.7914],[21.248,56.7939],[21.285,56.7624],[21.2553,56.7155],[21.2727,56.686],[21.247,56.649],[21.2557,56.6435],[21.3223,56.6545],[21.3411,56.6361],[21.3873,56.6368],[21.4679,56.6816],[21.5177,56.7332],[21.4565,56.7706],[21.4566,56.8033],[21.4217,56.811],[21.4177,56.8212],[21.4562,56.8437],[21.4494,56.8655],[21.3515,56.9127],[21.3173,56.966],[21.148,56.8803]]],[[[22.1446,57.6441],[21.993,57.604],[21.8083,57.5916],[21.785,57.529],[21.8084,57.4901],[21.7827,57.3996],[21.8941,57.3084],[21.895,57.292],[21.8503,57.2956],[21.7611,57.3431],[21.6709,57.3493],[21.6283,57.3355],[21.6451,57.3184],[21.7242,57.3061],[21.7648,57.2706],[21.6309,57.2009],[21.7321,57.1679],[21.7226,57.1284],[21.6163,57.0267],[21.6929,56.9648],[21.747,56.9771],[21.7529,56.9937],[21.7365,57.0113],[21.7877,57.0252],[21.7417,57.0511],[21.7476,57.0613],[21.9032,57.0997],[21.9842,57.1534],[22.0721,57.1486],[22.1252,57.1293],[22.2359,57.1365],[22.2406,57.1703],[22.1955,57.2036],[22.3239,57.2958],[22.6343,57.3374],[22.7093,57.3202],[22.7555,57.3356],[22.8119,57.33],[22.832,57.353],[22.8288,57.4133],[22.8886,57.4569],[22.8472,57.4906],[22.6898,57.553],[22.615,57.603],[22.5751,57.6731],[22.5787,57.7173],[22.6029,57.7548],[22.5912,57.7586],[22.1446,57.6441]]],[[[22.0045,56.6298],[21.9772,56.6458],[21.9595,56.7564],[21.9288,56.7884],[21.8141,56.7752],[21.7864,56.7923],[21.7015,56.8005],[21.6752,56.7857],[21.6733,56.7658],[21.6155,56.7495],[21.6008,56.7343],[21.6204,56.6942],[21.6095,56.6644],[21.635,56.6258],[21.7367,56.5751],[21.6645,56.5466],[21.6209,56.509],[21.7031,56.4004],[21.5984,56.3239],[21.7221,56.3136],[21.8357,56.3716],[21.8709,56.3616],[21.9695,56.3766],[22.016,56.4241],[22.208,56.4243],[22.1175,56.4676],[22.06,56.5092],[22.0533,56.5327],[22.0118,56.5407],[22.0065,56.5652],[21.9768,56.5806],[22.0104,56.5989],[21.9799,56.6146],[22.0045,56.6298]]]]},"properties":{"id":"Q870877","names":{"be":"Курляндскае епіскапства","ca":"Bisbat de Curlàndia","da":"Kurland bispedømme","de":"Bistum Kurland","en":"Bishopric of Courland","es":"Diócesis de Curlandia","et":"Kuramaa piiskopkond","fi":"Kuurinmaan hiippakunta","fr":"Évêché de Courlande","it":"Diocesi di Curlandia","ko":"쿠를란트 주교령","la":"Episcopatus Curoniensis","lt":"Kuršo vyskupija","lv":"Kurzemes bīskapija","nb":"Kurland bispedømme","nds":"Bisdom Curland","nl":"Prinsbisdom Koerland","pl":"Biskupstwo kurlandzkie","pt":"Bispado da Curlândia","ru":"Курляндское епископство","sv":"Biskopsdömet Kurland","uk":"Курляндське єпископство"},"from":1234,"to":1583.239247311828,"wikidata":"Q870877","adminLevel":2,"source":"OpenHistoricalMap","sourceUrl":"https://www.openhistoricalmap.org"}},{"type":"Feature","geometry":{"type":"MultiPolygon","coordinates":[[[[-6.9767,57.6258],[-6.8668,57.7206],[-6.7947,57.7571],[-6.5856,57.82],[-6.5528,57.8637],[-6.4914,57.8747],[-6.3465,57.8333],[-6.2983,57.843],[-6.2514,57.8743],[-6.2391,57.8963],[-6.2565,57.9337],[-6.3274,57.9644],[-6.2666,58.0296],[-6.2811,58.1189],[-6.2695,58.1393],[-6.1809,58.1446],[-6.102,58.1797],[-6.0463,58.2545],[-6.0539,58.2812],[-6.1027,58.308],[-6.0716,58.3449],[-6.1042,58.3846],[-6.0798,58.4261],[-6.1075,58.4936],[-6.2029,58.5544],[-6.3156,58.5594],[-6.6089,58.4091],[-6.8643,58.3394],[-6.9803,58.3236],[-7.023,58.294],[-7.083,58.2831],[-7.1921,58.2013],[-7.2225,58.1389],[-7.2238,58.094],[-7.2564,58.0698],[-7.2602,58.037],[-7.3497,58.0236],[-7.3846,57.9875],[-7.3659,57.9568],[-7.3105,57.9369],[-7.2591,57.9388],[-7.1965,57.9665],[-7.1486,57.929],[-7.1781,57.8809],[-7.3394,57.8277],[-7.3564,57.7585],[-7.4107,57.7153],[-7.5707,57.6947],[-7.6181,57.7402],[-7.6844,57.7523],[-7.7963,57.7073],[-7.8039,57.684],[-7.7798,57.6548],[-7.6741,57.6385],[-7.6874,57.5885],[-7.7886,57.5716],[-7.8103,57.5418],[-7.8044,57.5229],[-7.7277,57.4821],[-7.6302,57.461],[-7.5197,57.4787],[-7.4925,57.4278],[-7.5217,57.3874],[-7.4859,57.3295],[-7.5224,57.303],[-7.5494,57.2406],[-7.497,57.1097],[-7.5463,57.0623],[-7.6148,57.0287],[-7.6189,57.0029],[-7.6673,56.9478],[-7.6701,56.8865],[-7.7484,56.822],[-7.7355,56.757],[-7.6534,56.7287],[-7.5673,56.7392],[-7.5288,56.767],[-7.5278,56.8038],[-7.3717,56.8849],[-7.3509,56.9277],[-7.2984,56.9485],[-7.1994,57.0376],[-7.1456,57.0642],[-7.1215,57.1117],[-7.1612,57.1596],[-7.1421,57.1939],[-7.1759,57.2337],[-7.1175,57.2668],[-7.105,57.3007],[-7.1186,57.36],[-7.098,57.39],[-7.101,57.4212],[-7.0096,57.5966],[-6.9767,57.6258]]],[[[-8.4012,57.8941],[-8.4536,57.9246],[-8.523,57.9297],[-8.5676,57.9148],[-8.5927,57.8837],[-8.7048,57.869],[-8.74,57.8327],[-8.713,57.7941],[-8.6289,57.7596],[-8.4892,57.7459],[-8.428,57.7763],[-8.4358,57.82],[-8.3904,57.8632],[-8.4012,57.8941]]],[[[-7.5105,58.2477],[-7.4711,58.2894],[-7.5223,58.3294],[-7.6835,58.3296],[-7.7438,58.2916],[-7.7324,58.256],[-7.6928,58.238],[-7.5812,58.2251],[-7.5105,58.2477]]],[[[-6.6033,56.1797],[-6.7022,56.1744],[-6.7332,56.1502],[-6.7344,56.1194],[-6.6723,56.0832],[-6.5719,56.0948],[-6.5454,56.1199],[-6.5456,56.1443],[-6.6033,56.1797]]],[[[-4.365,59.0326],[-4.3127,59.056],[-4.2957,59.0987],[-4.3401,59.1334],[-4.419,59.143],[-4.488,59.1255],[-4.5236,59.08],[-4.5956,59.055],[-4.6132,59.0224],[-4.5807,58.9835],[-4.4952,58.9683],[-4.4386,58.9805],[-4.3974,59.0267],[-4.365,59.0326]]],[[[-5.703,59.1087],[-5.7031,59.1297],[-5.7358,59.1662],[-5.8141,59.1906],[-5.9015,59.1745],[-5.9519,59.1226],[-5.9269,59.0825],[-5.8588,59.0605],[-5.7606,59.0652],[-5.703,59.1087]]],[[[-6.0511,59.0753],[-6.0454,59.1064],[-6.061,59.1259],[-6.1353,59.1528],[-6.2346,59.146],[-6.2809,59.1002],[-6.2405,59.0499],[-6.1791,59.0315],[-6.1089,59.0371],[-6.0511,59.0753]]],[[[-1.5111,59.5046],[-1.4921,59.5419],[-1.5168,59.5818],[-1.6187,59.6112],[-1.7148,59.591],[-1.7661,59.5218],[-1.7409,59.4795],[-1.6562,59.4537],[-1.5792,59.465],[-1.5111,59.5046]]],[[[-1.9494,60.1048],[-1.9348,60.1376],[-1.9548,60.1778],[-2.0218,60.2081],[-2.1352,60.204],[-2.2069,60.1723],[-2.2245,60.1425],[-2.2,60.1031],[-2.0934,60.058],[-2.0137,60.0621],[-1.9494,60.1048]]],[[[-0.6906,60.5603],[-0.6614,60.6092],[-0.7296,60.6719],[-0.6786,60.7408],[-0.6589,60.8158],[-0.6701,60.8465],[-0.715,60.8785],[-0.8266,60.9072],[-0.918,60.909],[-0.9873,60.8738],[-1.0696,60.7848],[-1.2087,60.7576],[-1.2415,60.6989],[-1.3557,60.7042],[-1.4155,60.6739],[-1.5172,60.6545],[-1.5456,60.6276],[-1.5487,60.599],[-1.6216,60.6013],[-1.6886,60.579],[-1.7389,60.483],[-1.6792,60.4032],[-1.849,60.4268],[-1.9159,60.4045],[-1.934,60.3637],[-1.9096,60.3357],[-1.8043,60.2881],[-1.8012,60.2355],[-1.7771,60.2079],[-1.4634,60.0796],[-1.4807,60.0487],[-1.4694,59.9553],[-1.4941,59.9182],[-1.4728,59.8666],[-1.3785,59.8045],[-1.2353,59.8042],[-1.1782,59.8331],[-1.1547,59.9169],[-1.0622,59.9756],[-1.0696,60.0522],[-1.0037,60.0656],[-0.9015,60.1265],[-0.907,60.1703],[-0.9903,60.2289],[-0.9871,60.2825],[-0.8861,60.2748],[-0.7943,60.3002],[-0.7678,60.3163],[-0.755,60.3474],[-0.6252,60.4064],[-0.6255,60.4369],[-0.6544,60.4642],[-0.809,60.4886],[-0.819,60.5018],[-0.6906,60.5603]]],[[[-3.3624,58.7307],[-3.4542,58.7137],[-3.5088,58.6802],[-3.6809,58.6771],[-3.8104,58.6309],[-3.8753,58.6236],[-4.0287,58.6607],[-4.1321,58.6248],[-4.2576,58.6052],[-4.4085,58.613],[-4.4947,58.6354],[-4.6674,58.6316],[-4.7332,58.6579],[-4.9847,58.6821],[-5.0664,58.6734],[-5.1056,58.6477],[-5.1245,58.6054],[-5.1818,58.5944],[-5.221,58.5687],[-5.2522,58.4392],[-5.3125,58.3834],[-5.2894,58.3338],[-5.3178,58.3154],[-5.419,58.3184],[-5.4956,58.2771],[-5.5093,58.2416],[-5.4994,58.2182],[-5.4211,58.1631],[-5.5301,58.1204],[-5.5677,58.0337],[-5.6155,57.9756],[-5.675,57.9642],[-5.7297,57.9248],[-5.8564,57.9048],[-5.9,57.8777],[-5.9094,57.8282],[-5.8958,57.79],[-5.9157,57.7249],[-5.8844,57.6934],[-5.9104,57.6535],[-5.9094,57.628],[-5.9886,57.6327],[-6.0573,57.6106],[-6.1432,57.6944],[-6.1955,57.7174],[-6.2273,57.7608],[-6.4506,57.7949],[-6.53,57.7621],[-6.5287,57.7293],[-6.4717,57.6968],[-6.5202,57.6464],[-6.6513,57.6546],[-6.7191,57.6266],[-6.7454,57.5583],[-6.8222,57.5261],[-6.8685,57.471],[-6.8744,57.4101],[-6.7209,57.2933],[-6.5724,57.2849],[-6.4029,57.1377],[-6.4062,57.1139],[-6.5151,57.1238],[-6.654,57.0989],[-6.6982,57.0647],[-6.6978,57.0269],[-6.7645,56.9986],[-6.7731,56.9527],[-6.7254,56.9248],[-6.6477,56.9213],[-6.6036,56.9362],[-6.5569,56.9846],[-6.3568,56.8862],[-6.3746,56.8529],[-6.3632,56.8147],[-6.2698,56.7775],[-6.31,56.7501],[-6.32,56.7252],[-6.2914,56.6715],[-6.3641,56.653],[-6.3532,56.711],[-6.4042,56.7486],[-6.4637,56.7534],[-6.544,56.7346],[-6.8179,56.595],[-7.0782,56.566],[-7.1071,56.5254],[-7.0689,56.4411],[-7.0231,56.409],[-6.8931,56.3916],[-6.8318,56.4076],[-6.6302,56.5112],[-6.5448,56.5148],[-6.5753,56.4431],[-6.5114,56.3979],[-6.5618,56.3549],[-6.5415,56.3146],[-6.5551,56.2818],[-6.4623,56.1921],[-6.3604,56.1759],[-6.2922,56.2141],[-6.1896,56.234],[-5.8855,56.2664],[-5.9059,56.2069],[-5.8379,56.1638],[-6.0394,56.0746],[-6.0519,56.1488],[-6.0987,56.1775],[-6.185,56.1805],[-6.2991,56.1311],[-6.3848,56.0463],[-6.3547,55.9557],[-6.5384,55.8687],[-6.5759,55.8025],[-6.5668,55.7711],[-6.6246,55.7051],[-6.5998,55.6519],[-6.5418,55.6228],[-6.4177,55.6277],[-6.4174,55.5717],[-6.3547,55.5368],[-6.2283,55.5316],[-6.1572,55.5667],[-6.0469,55.5853],[-5.9526,55.6325],[-5.9272,55.6793],[-5.9376,55.7398],[-5.8908,55.7598],[-5.8063,55.8541],[-5.781,55.8602],[-5.7622,55.8483],[-5.7602,55.7947],[-5.828,55.7439],[-5.8675,55.6712],[-5.84,55.6041],[-5.8069,55.5823],[-5.8059,55.4683],[-5.8841,55.4086],[-5.8985,55.2987],[-5.875,55.272],[-5.815,55.2467],[-5.6778,55.2478],[-5.5883,55.2238],[-5.5141,55.2368],[-5.4794,55.2592],[-5.4722,55.3055],[-5.4211,55.3597],[-5.4345,55.4261],[-5.4211,55.4357],[-5.22,55.3795],[-5.1044,55.3739],[-5.0393,55.3966],[-4.9943,55.4452],[-4.994,55.4741],[-4.9671,55.5157],[-4.977,55.5472],[-5.0325,55.5964],[-5.051,55.6792],[-4.9484,55.6534],[-4.909,55.6112],[-4.81,55.5796],[-4.7979,55.5696],[-4.8243,55.5295],[-4.8169,55.5064],[-4.775,55.4723],[-4.8326,55.438],[-4.8673,55.3855],[-4.9252,55.3464],[-4.9375,55.3148],[-5.0032,55.2981],[-5.1329,55.3072],[-5.2008,55.2784],[-5.2107,55.2451],[-5.1983,55.2226],[-5.0956,55.1765],[-5.0828,55.133],[-5.1343,55.068],[-5.2296,55.0375],[-5.2731,54.9762],[-5.2692,54.9075],[-5.226,54.8394],[-5.0918,54.7512],[-5.0556,54.702],[-5.0599,54.6785],[-5.0345,54.635],[-4.8895,54.5841],[-4.8161,54.5895],[-4.7679,54.6312],[-4.7893,54.7038],[-4.8252,54.7303],[-4.8484,54.7801],[-4.8391,54.7851],[-4.7584,54.7773],[-4.5331,54.6585],[-4.4236,54.6289],[-4.3686,54.6295],[-4.2922,54.6639],[-4.2208,54.7329],[-4.0875,54.7138],[-3.9484,54.722],[-3.7957,54.7724],[-3.6817,54.8293],[-3.5525,54.815],[-3.4666,54.9095],[-3.3147,54.9602],[-3.2017,54.9634],[-3.1496,54.9496],[-3.1171,54.9733],[-3.0772,54.9678],[-3.0329,55.0305],[-3.0534,55.0473],[-2.9546,55.1412],[-2.9025,55.1523],[-2.8475,55.1116],[-2.8242,55.1382],[-2.6997,55.177],[-2.6688,55.2197],[-2.6314,55.2237],[-2.6211,55.2468],[-2.6396,55.2562],[-2.5594,55.3172],[-2.4751,55.3548],[-2.379,55.3505],[-2.3415,55.3655],[-2.3306,55.3805],[-2.3422,55.3965],[-2.3253,55.4079],[-2.2046,55.4382],[-2.1665,55.4675],[-2.2054,55.4802],[-2.2288,55.5095],[-2.2336,55.5461],[-2.2861,55.5782],[-2.3087,55.6282],[-2.3298,55.6291],[-2.3072,55.6468],[-2.2346,55.6411],[-2.2429,55.648],[-2.2196,55.674],[-2.1675,55.7059],[-2.1695,55.7221],[-2.0897,55.7626],[-2.0834,55.7932],[-1.9707,55.8444],[-1.9931,55.8901],[-2.0939,55.9599],[-2.2965,55.981],[-2.409,56.0335],[-2.5366,56.0665],[-2.5502,56.1157],[-2.4696,56.1539],[-2.4551,56.1828],[-2.4739,56.212],[-2.5189,56.2361],[-2.4973,56.2888],[-2.6124,56.3606],[-2.7235,56.3795],[-2.7119,56.417],[-2.4424,56.5564],[-2.3942,56.6059],[-2.3933,56.64],[-2.3541,56.6719],[-2.3529,56.7185],[-2.2445,56.7708],[-2.13,56.8636],[-2.087,56.9775],[-1.9609,57.1137],[-1.9582,57.1531],[-1.981,57.1749],[-1.9575,57.2241],[-1.9014,57.2901],[-1.7754,57.3585],[-1.6813,57.4582],[-1.6774,57.5196],[-1.7345,57.589],[-1.7354,57.6277],[-1.8541,57.7096],[-1.9909,57.7483],[-2.1253,57.7509],[-2.2093,57.7296],[-2.318,57.7449],[-2.4011,57.7213],[-2.5181,57.7223],[-2.8406,57.7568],[-2.95,57.7453],[-3.0359,57.7172],[-3.2524,57.7724],[-3.3456,57.78],[-3.6214,57.7298],[-3.6955,57.754],[-3.7244,57.7826],[-3.6794,57.8743],[-3.7937,57.9564],[-3.7316,58.0094],[-3.4621,58.1173],[-3.312,58.2237],[-3.1345,58.2658],[-3.0168,58.3427],[-2.9439,58.4457],[-2.95,58.4891],[-2.9903,58.5232],[-2.9369,58.5804],[-2.9248,58.6279],[-2.8183,58.6617],[-2.8065,58.6823],[-2.8195,58.7159],[-2.81,58.773],[-2.7476,58.8423],[-2.6533,58.8366],[-2.5698,58.8742],[-2.5518,58.9154],[-2.5914,58.96],[-2.4908,58.9841],[-2.4555,59.0152],[-2.4289,59.0748],[-2.4249,59.1088],[-2.4663,59.1671],[-2.42,59.1866],[-2.3918,59.2191],[-2.3196,59.2262],[-2.2674,59.2589],[-2.2723,59.3],[-2.3092,59.3257],[-2.264,59.3655],[-2.264,59.3969],[-2.3178,59.4447],[-2.3979,59.4572],[-2.5032,59.4293],[-2.5603,59.3782],[-2.6872,59.3528],[-2.7536,59.3222],[-2.7718,59.4046],[-2.8585,59.4414],[-2.9224,59.438],[-3.146,59.3712],[-3.1767,59.3321],[-3.1251,59.2479],[-3.2047,59.2102],[-3.3804,59.1867],[-3.4275,59.1664],[-3.4637,59.0864],[-3.4747,58.995],[-3.464,58.9682],[-3.5194,58.9329],[-3.5437,58.8848],[-3.5263,58.8449],[-3.4721,58.8197],[-3.3624,58.7307]]],[[[-7.134,56.3716],[-7.2,56.338],[-7.185,56.2921],[-7.1052,56.2732],[-7.0288,56.3058],[-7.0274,56.3388],[-7.0432,56.355],[-7.134,56.3716]]]]},"properties":{"id":"Q230791","names":{"ab":"Шотландиа Аҳра","af":"Koninkryk van Skotland","als":"Schottland","an":"Reino d'Escocia","ang":"Sċotland","ar":"مملكة إسكتلندا","ast":"Reinu d'Escocia","ay":"Iskusiya","az":"Şotlandiya krallığı","ba":"Шотландия","ban":"Skotlandia","bar":"Schottland","bat-smg":"Škuotėjė","bcl":"Eskosya","be":"Шатландскае каралеўства","be-x-old":"Шатляндыя","bew":"Skotlan","bg":"Кралство Шотландия","br":"Rouantelezh Bro-Skos","bs":"Kraljevina Škotska","btm":"Skotlandia","bxr":"Шотланд","ca":"Regne d'Escòcia","cbk-zam":"Escocia","cdo":"Sŭ-gáik-làng","ce":"Шотланди","ceb":"Scotland","co":"Scozia","cs":"Skotské království","csb":"Szkòckô","cv":"Шотланди","cy":"Teyrnas yr Alban","da":"Kongeriget Skotland","de":"Königreich Schottland","diq":"İskoçya","dsb":"Šotiska","el":"Βασίλειο της Σκωτίας","eml":"Scòsia","en":"Kingdom of Scotland","eo":"Reĝlando Skotlando","es":"Reino de Escocia","et":"Šotimaa kuningriik","eu":"Eskoziako Erresuma","ext":"Escocia","fa":"پادشاهی اسکاتلند","fi":"Skotlannin kuningaskunta","fiu-vro":"Sotimaa","fj":"Sikoteladi","fo":"Skotland","fr":"Royaume d'Écosse","frr":"Skotlun","fy":"Keninkryk Skotlân","ga":"Ríocht na hAlban","gd":"Rìoghachd na h-Alba","gl":"Reino de Escocia","gn":"Ekósia","got":"𐍃𐌺𐌰𐌿𐍄𐍄𐌴𐌻𐌰𐌽𐌳","gv":"Reeriaght ny h-Albey","ha":"Scotland","hak":"Scotland","haw":"Kekokia","he":"ממלכת סקוטלנד","hi":"स्कॉट्लैण्ड राज्य","hif":"Scotland","hr":"Kraljevina Škotska","hsb":"Šotiska","ht":"Ekòs","hu":"Skót Királyság","hy":"Շոտլանդական թագավորություն","ia":"Scotia","id":"Kerajaan Skotlandia","ie":"Scotia","ilo":"Eskosia","io":"Rejio Skotia","is":"Konungsríkið Skotland","it":"Regno di Scozia","ja":"スコットランド王国","jv":"Sekotlan","ka":"შოტლანდიის სამეფო","kaa":"Shotlandiya","kab":"Skutlanda","kbd":"Искочый","kbp":"Ekɔsɩ","kge":"Skotlandia","kk":"Шотландия патшалығы","knc":"Scotland","ko":"스코틀랜드 왕국","krc":"Шотландия","ksh":"Schottland","ku":"Skotlenda","kv":"Шотландия","kw":"Alban","ky":"Шотландия","la":"Scotia","lad":"Eskosia","lb":"Kinnekräich Schottland","lfn":"Scotland","li":"Sjotland","lij":"Scòçia","lld":"Scozia","lmo":"Regn de Scozia","ln":"Ekósi","lt":"Škotija","lv":"Skotijas Karaliste","mg":"Ekôsy","mi":"Kōtirana","min":"Skotlandia","mk":"Кралство Шкотска","mn":"Шотланд","ms":"Kerajaan beraja Scotland","mt":"Skozja","mwl":"Scócia","nds":"Königriek Schottland","nds-nl":"Koninkriek Schotlaand","nl":"Koninkrijk Schotland","nn":"Kongeriket Skottland","no":"Kongeriket Skottland","nov":"Skotia","nrm":"Rouoyaume d'Êcosse","nrn":"Kongungdum Skotland","oc":"Escòcia","os":"Шотланди","pa":"ਸਕਾਟਲੈਂਡ ਦੀ ਰਾਜਸ਼ਾਹੀ","pam":"Scotland","pap":"Eskosia","pcd":"Écosse","pl":"Królestwo Szkocji","pms":"Scòssia","pt":"Reino da Escócia","qu":"Iskutusuyu","rm":"Scozia","ro":"Regatul Scoției","roa-rup":"Scotlandia","ru":"Шотландское королевство","rue":"Шкоция","sah":"Шотландия","sc":"Iscòtzia","scn":"Scozzia","sco":"Kinrick o Scotland","sd":"اسڪاٽ لينڊ جي بادشاهت","sh":"Kraljevina Škotska / Краљевина Шкотска","sh-Cyrl":"Краљевина Шкотска","sh-Latn":"Kraljevina Škotska","shi":"Ṣkuṭlanda","sk":"Škótske kráľovstvo","sl":"Škotska","sm":"Sikotilani","smn":"Skotland","sn":"Scotland","so":"Skotland","sq":"Skocia","sr":"Краљевина Шкотска","ss":"Sikoshilandi","stq":"Skotlound","su":"Skotlandia","sv":"Kungariket Skottland","sw":"Uskoti","szl":"Szkocyjo","ta":"இசுக்காட்லாந்து இராச்சியம்","tet":"Eskósia","tg":"Шотландия","th":"ราชอาณาจักรสกอตแลนด์","tk":"Şotlandiýa","tl":"Scotland","tly":"Šotlandijə","to":"Sikotilani","tok":"ma Sukosi","tpi":"Skotlan","tr":"İskoçya Krallığı","tt":"Şotlandiä patşalığı","udm":"Шотландия","uk":"Шотландське королівство","ur":"مملکت اسکاٹ لینڈ","uz":"Shotlandiya","vec":"Regno de Scòsia","vep":"Šotlandii","vi":"Vương quốc Scotland","vls":"Keunienkryk Schotland","vo":"Skotän","wa":"Escôsse","war":"Scotland","xh":"ESkotlani","yo":"Skọ́tlándì","zea":"Schotland","zh":"苏格兰王国","zh-min-nan":"So͘-kat-lân Ông-kok","zu":"IsiKotilandi"},"from":1482.6451612903227,"to":1552.725806451613,"wikidata":"Q230791","adminLevel":2,"source":"OpenHistoricalMap","sourceUrl":"https://www.openhistoricalmap.org"}},{"type":"Feature","geometry":{"type":"Polygon","coordinates":[[[1.7257,42.5047],[1.7385,42.5536],[1.7867,42.5745],[1.7309,42.5878],[1.7384,42.6119],[1.6022,42.6255],[1.5543,42.6537],[1.4802,42.6512],[1.4775,42.6146],[1.4332,42.5897],[1.4439,42.5696],[1.4154,42.5411],[1.4457,42.5416],[1.4642,42.5171],[1.423,42.489],[1.4524,42.437],[1.5116,42.4291],[1.5525,42.4329],[1.5657,42.4588],[1.6503,42.4671],[1.6687,42.5028],[1.7094,42.4916],[1.7257,42.5047]]]},"properties":{"id":"Q228","names":{"ab":"Андорра","am":"አንዶራ","ar":"أندورا","av":"Андор","ba":"Андорра","be":"Андора","bg":"Андора","bh":"अंडोरा","bn":"অ্যান্ডোরা","bo":"ཨན་ཌོར་ར།","bs":"Andora","ce":"Андорра","cu":"Андора","cv":"Андорра","de":"Andorra","dv":"އެންޑޯރާ","el":"Ανδόρρα","en":"Andorra","eo":"Andoro","fa":"آندورا","ff":"Anndoora","fr":"Andorre","ga":"Andóra","gn":"Andórra","gu":"એન્ડોરા","he":"אנדורה","hi":"अण्डोरा","hr":"Andora","ht":"Andò","hy":"Անդորրա","io":"Andora","it":"Andorra","ja":"アンドラ","ka":"ანდორა","kg":"Andora","kk":"Андорра","km":"អង់ដូរ៉ា","kn":"ಅಂಡೋರ","ko":"안도라","kv":"Андорра","ky":"Андорра","ln":"Andora","lo":"ປະເທດອັງໂດລາ","lt":"Andora","lv":"Andora","mg":"Andôra","mi":"Ānatōra","mk":"Андора","ml":"അൻഡോറ","mn":"Андорра","mr":"आंदोरा","my":"အင်ဒိုရာနိုင်ငံ","ne":"एन्डोरा","oc":"Andòrra","om":"Andooraa","or":"ଆଣ୍ଡୋରା","os":"Андоррæ","pa":"ਅੰਡੋਰਾ","pl":"Andora","ps":"اندورا","qu":"Anthura","ru":"Андорра","rw":"Andora","sa":"अण्डोरा","sd":"انڊورا","sg":"Andôro","si":"ඇන්ඩෝරාව","sl":"Andora","sm":"Anatora","sn":"Andora","sr":"Андора","ss":"IYandola","ta":"அந்தோரா","te":"అండొర్రా","tg":"Андорра","th":"ประเทศอันดอร์รา","to":"ʻAnitola","tt":"Андорра","ug":"ئاندوررا","uk":"Андорра","ur":"انڈورا","vo":"Landorän","wa":"Andôre","wo":"Andoor","yi":"אנדארע","yo":"Àndórà","zh":"安道尔","zu":"I-Andora"},"from":1278,"to":null,"wikidata":"Q228","adminLevel":2,"source":"OpenHistoricalMap","sourceUrl":"https://www.openhistoricalmap.org"}},{"type":"Feature","geometry":{"type":"MultiPolygon","coordinates":[[[[26.583,57.5392],[26.6101,57.5116],[26.6471,57.554],[26.7683,57.5372],[26.7863,57.563],[26.8563,57.5899],[26.863,57.6128],[26.9979,57.6603],[27.0578,57.6367],[27.0687,57.6147],[27.0585,57.5906],[27.1042,57.5657],[27.258,57.5508],[27.3471,57.5219],[27.3303,57.5671],[27.2876,57.6005],[27.2954,57.6479],[27.382,57.6731],[27.4096,57.7024],[27.3615,57.7316],[27.3547,57.7602],[27.3746,57.7816],[27.349,57.8103],[27.38,57.8355],[27.5313,57.8307],[27.5712,57.8433],[27.5378,57.8856],[27.57,57.9156],[27.5402,57.9596],[27.5085,57.9452],[27.4683,57.9647],[27.4998,58.0251],[27.4846,58.0483],[27.538,58.0761],[27.5527,58.1002],[27.5305,58.1033],[27.5204,58.142],[27.4775,58.1949],[27.4751,58.238],[27.4182,58.2863],[27.4304,58.3116],[27.4143,58.3601],[27.4355,58.3658],[27.306,58.4065],[27.2923,58.3896],[27.2607,58.395],[27.2418,58.4201],[27.2464,58.4898],[27.2091,58.6074],[27.1762,58.6345],[27.1606,58.6885],[27.056,58.7611],[26.9427,58.7645],[26.9053,58.7284],[26.8646,58.7143],[26.8032,58.7343],[26.7796,58.7157],[26.8047,58.6907],[26.7815,58.6853],[26.6751,58.7208],[26.7022,58.7411],[26.682,58.751],[26.6296,58.7453],[26.6139,58.7297],[26.5332,58.7563],[26.4618,58.7407],[26.4304,58.7151],[26.4372,58.6961],[26.3852,58.6865],[26.3849,58.6322],[26.4277,58.6154],[26.3911,58.5816],[26.3895,58.5599],[26.3499,58.5397],[26.4207,58.4985],[26.4122,58.4543],[26.2654,58.4074],[26.2375,58.4194],[26.1676,58.4067],[26.1352,58.3857],[26.1566,58.3485],[26.1394,58.3223],[26.1426,58.2457],[26.0983,58.197],[26.0895,58.1206],[26.0567,58.096],[26.048,58.0583],[26.0639,58.0459],[26.0441,57.9784],[26.0467,57.9491],[26.0848,57.8917],[26.114,57.882],[26.1447,57.8369],[26.03,57.779],[26.032,57.7673],[26.1081,57.7335],[26.2042,57.7157],[26.1796,57.6887],[26.2424,57.6522],[26.2326,57.6489],[26.2791,57.5953],[26.48,57.598],[26.4695,57.5756],[26.4998,57.5245],[26.5574,57.5139],[26.583,57.5392]]],[[[27.4829,58.3679],[27.5033,58.3608],[27.508,58.384],[27.4756,58.3839],[27.4829,58.3679]]]]},"properties":{"id":"Q389360","names":{"be":"Дэрпцкае біскупства","ca":"Bisbat de Dorpat","da":"Tartu bispedømme","de":"Bistum Dorpat","en":"Bishopric of Dorpat","es":"Principado episcopal de Dorpat","et":"Tartu piiskopkond","eu":"Dorpateko apezpiku-hiria","fi":"Tarton hiippakunta","fr":"Évêché de Dorpat","hr":"Dorpatska biskupija","ja":"タルトゥ司教領","ka":"დორპატის საეპისკოპოსო","ko":"도르파트 주교령","lv":"Tērbatas bīskapija","nb":"Tartu katolske bispedømme","nl":"Prinsbisdom Dorpat","pl":"Biskupstwo Dorpatu","pt":"Bispado de Dorpat","ru":"Дерптское епископство","sv":"Biskopsdömet Dorpat","uk":"Дерптське єпископство","zh":"多尔帕特主教国"},"from":1224,"to":1558,"wikidata":"Q389360","adminLevel":2,"source":"OpenHistoricalMap","sourceUrl":"https://www.openhistoricalmap.org"}},{"type":"Feature","geometry":{"type":"MultiPolygon","coordinates":[[[[13.1561,38.758],[13.1131,38.7305],[13.1004,38.6946],[13.1107,38.669],[13.1681,38.649],[13.2169,38.6624],[13.2517,38.6982],[13.2468,38.7309],[13.1875,38.7619],[13.1561,38.758]]],[[[14.4,38.5842],[14.3203,38.5897],[14.2907,38.5639],[14.2917,38.5197],[14.3269,38.4925],[14.3931,38.4995],[14.4189,38.5414],[14.4,38.5842]]],[[[14.491,38.596],[14.4939,38.5535],[14.5303,38.5212],[14.6046,38.5143],[14.6436,38.5423],[14.6391,38.5796],[14.5946,38.6201],[14.5254,38.624],[14.491,38.596]]],[[[14.8638,38.4475],[14.8902,38.4277],[14.8872,38.3916],[14.9033,38.3645],[14.957,38.3312],[15.0143,38.3288],[15.055,38.3603],[15.0512,38.4003],[15.0176,38.4415],[15.0322,38.4929],[14.9991,38.552],[14.9272,38.5639],[14.9162,38.6042],[14.8887,38.6212],[14.7719,38.6146],[14.7447,38.574],[14.7459,38.5486],[14.7757,38.5195],[14.8464,38.4938],[14.8638,38.4475]]],[[[15.0038,38.6119],[15.0341,38.5865],[15.078,38.5841],[15.1183,38.6074],[15.1297,38.6451],[15.1002,38.6821],[15.0564,38.6879],[15.0096,38.6587],[15.0038,38.6119]]],[[[15.2464,38.8495],[15.1911,38.848],[15.1458,38.8195],[15.1346,38.7878],[15.1466,38.7623],[15.2007,38.7316],[15.2685,38.7519],[15.294,38.8149],[15.2464,38.8495]]],[[[15.5955,38.1458],[15.6114,38.238],[15.6804,38.262],[15.692,38.2922],[15.5443,38.3434],[15.3066,38.2532],[15.261,38.3071],[15.1991,38.3067],[15.176,38.2866],[15.1813,38.2325],[15.1692,38.2115],[15.1022,38.1722],[15.061,38.1917],[14.9986,38.193],[14.9135,38.2335],[14.797,38.1979],[14.7276,38.2041],[14.6226,38.1197],[14.4715,38.0761],[14.4177,38.0817],[14.3036,38.0508],[14.1439,38.072],[14.1078,38.0592],[14.0153,38.0833],[13.7616,38.0141],[13.6028,38.0716],[13.5905,38.1213],[13.5638,38.1492],[13.5059,38.1614],[13.4349,38.1408],[13.3993,38.219],[13.327,38.2656],[13.2197,38.2423],[13.1923,38.2209],[13.0774,38.2263],[13.0067,38.1578],[13.0131,38.1079],[12.9162,38.0684],[12.8463,38.1194],[12.809,38.2066],[12.7292,38.2316],[12.6749,38.2054],[12.6582,38.1544],[12.5911,38.1111],[12.5261,38.0967],[12.4429,38.0354],[12.3885,38.0293],[12.3393,38.0625],[12.2972,38.0514],[12.2731,38.0223],[12.2693,37.9881],[12.2291,37.96],[12.222,37.9287],[12.261,37.8797],[12.3845,37.867],[12.3916,37.8428],[12.3709,37.8013],[12.4179,37.7343],[12.4223,37.6873],[12.4964,37.6231],[12.566,37.6075],[12.6354,37.5291],[12.6801,37.5176],[12.7833,37.5385],[12.9254,37.5319],[12.9894,37.4607],[13.1476,37.4478],[13.2429,37.3539],[13.3486,37.308],[13.4191,37.2582],[13.568,37.2168],[13.6068,37.1941],[13.6257,37.1624],[13.7326,37.1094],[13.8092,37.0998],[13.8452,37.0695],[13.925,37.0446],[13.9696,37.0478],[13.9955,37.0672],[14.0665,37.0677],[14.2292,37.0224],[14.3296,36.943],[14.3976,36.8454],[14.415,36.7933],[14.471,36.7481],[14.5681,36.7356],[14.6699,36.6817],[14.7658,36.6628],[14.8611,36.6689],[14.8851,36.6863],[14.9468,36.6524],[15.0027,36.6558],[15.054,36.6116],[15.0867,36.6064],[15.1554,36.6286],[15.1857,36.6571],[15.1918,36.6961],[15.1525,36.7803],[15.1949,36.8839],[15.3123,36.9599],[15.3677,36.9675],[15.3893,37.0012],[15.3514,37.0674],[15.3437,37.1253],[15.2736,37.1877],[15.298,37.2101],[15.3074,37.2565],[15.2432,37.3238],[15.1457,37.3504],[15.1395,37.4592],[15.2244,37.5591],[15.2284,37.6142],[15.2709,37.7028],[15.2687,37.7462],[15.5241,38.0347],[15.5955,38.1458]]],[[[12.0099,38.0319],[11.9758,37.9966],[12.0073,37.9287],[12.071,37.9048],[12.133,37.9212],[12.1433,37.9597],[12.1013,38.0171],[12.0099,38.0319]]]]},"properties":{"id":"Q188586","names":{"an":"Reino de Sicilia","ar":"مملكة صقلية","ast":"Reinu de Sicilia","az":"Siciliya krallığı","be":"Каралеўства Сіцылія","bg":"Сицилианско кралство","br":"Rouantelezh Sikilia","bs":"Kraljevina Sicilija","ca":"Regne de Sicília","cs":"Sicilské království","da":"Kongeriget Sicilien","de":"Königreich Sizilien","el":"Βασίλειο της Σικελίας","en":"Kingdom of Sicily","eo":"Reĝlando Sicilio","es":"Reino de Sicilia","et":"Sitsiilia kuningriik","eu":"Siziliako Erresuma","fa":"پادشاهی سیسیل","fi":"Sisilian kuningaskunta","fr":"Royaume de Sicile","fy":"Keninkryk Sisylje","gl":"Reino de Sicilia","he":"ממלכת סיציליה","hi":"सिसिली साम्राज्य","hr":"Kraljevina Sicilija","hu":"Szicíliai Királyság","hy":"Սիցիլիայի թագավորություն","id":"Kerajaan Sisilia","is":"Konungsríkið Sikiley","it":"Regno di Sicilia","ja":"シチリア王国","ka":"სიცილიის სამეფო","ko":"시칠리아 왕국","la":"Regnum Siciliae","lt":"Sicilijos karalystė","ltg":"Sicīlejis Karaļiste","lv":"Sicīlijas Karaliste","mk":"Кралство Сицилија","mr":"सिसिलीचे राजतंत्र","nap":"Regno 'e Sicilia","nb":"Kongedømmet Sicilia","nl":"Koninkrijk Sicilië","nn":"Kongedømet Sicilia","no":"Kongedømmet Sicilia","oc":"Reialme de Sicília","pdt":"Sicilienrikj","pl":"Królestwo Sycylii","pt":"Reino da Sicília","ro":"Regatul Siciliei","ru":"Королевство Сицилия","sc":"Regnu de Sitzìlia","scn":"Regnu di Sicilia","sco":"Kinrick o Sicily","sh":"Kraljevina Sicilija / Краљевина Сицилија","sh-Cyrl":"Краљевина Сицилија","sh-Latn":"Kraljevina Sicilija","sk":"Sicílske kráľovstvo","sl":"Kraljevina Sicilija","sq":"Mbretëria e Siçilisë","sr":"Краљевина Сицилија","sr-Latn":"Kraljevina Sicilija","sv":"Kungariket Sicilien","th":"ราชอาณาจักรซิซิลี","tl":"Kaharian ng Sicilia","tr":"Sicilya Krallığı","uk":"Сицилійське королівство","ur":"مملکت صقلیہ","uz":"Sitsiliya qirolligi","vi":"Vương quốc Sicilia","zh":"西西里王國","zh-min-nan":"Sicilia Ông-kok"},"from":1516,"to":1713,"wikidata":"Q188586","adminLevel":2,"source":"OpenHistoricalMap","sourceUrl":"https://www.openhistoricalmap.org"}},{"type":"Feature","geometry":{"type":"Polygon","coordinates":[[[12.1512,43.5294],[12.172,43.5729],[12.142,43.5363],[12.1512,43.5294]]]},"properties":{"id":"ohm-relation-2750737","names":{"en":"Republic of Cospaia","it":"Repubblica di Cospaia","ko":"코스파이아 공화국"},"from":1440,"to":1826.3978494623657,"wikidata":null,"adminLevel":2,"source":"OpenHistoricalMap","sourceUrl":"https://www.openhistoricalmap.org"}},{"type":"Feature","geometry":{"type":"Polygon","coordinates":[[[14.4609,35.9951],[14.4258,36.0038],[14.34,36.0947],[14.2652,36.1217],[14.1684,36.115],[14.1325,36.082],[14.1389,36.0168],[14.1945,35.9837],[14.2642,35.9684],[14.2887,35.8607],[14.3342,35.8236],[14.3947,35.7889],[14.4988,35.7654],[14.5926,35.7843],[14.6249,35.8324],[14.6236,35.8857],[14.4609,35.9951]]]},"properties":{"id":"Q3355522","names":{"ar":"تاريخ مالطا تحت نظام فرسان القديس يوحنا","el":"Ιστορία της Μάλτας υπό το Τάγμα του Αγίου Ιωάννη","en":"Monastic State of the Order of Malta","es":"Malta hospitalaria","fr":"Ordre de Saint-Jean de Jérusalem à Malte","id":"Malta Hospitalaria","it":"Stato monastico dei Cavalieri di Malta","ko":"구호기사단령 몰타","mk":"Хоспиталерска Малта","pl":"Historia Malty pod rządami joannitów","pt":"Malta hospitalária","tr":"Hospitalier Maltası","zh":"医院骑士团治下的马耳他"},"from":1530,"to":1753,"wikidata":"Q3355522","adminLevel":2,"source":"OpenHistoricalMap","sourceUrl":"https://www.openhistoricalmap.org"}},{"type":"Feature","geometry":{"type":"MultiPolygon","coordinates":[[[[-6.3312,49.8304],[-6.2329,49.8733],[-6.1831,49.9153],[-6.166,49.9553],[-6.1766,49.9785],[-6.2743,50.0298],[-6.3672,50.0227],[-6.4621,49.9731],[-6.4726,49.9549],[-6.4631,49.9213],[-6.5028,49.9066],[-6.5224,49.8806],[-6.5127,49.8475],[-6.4797,49.8279],[-6.4145,49.814],[-6.3312,49.8304]]],[[[-3.0344,55.0294],[-3.0792,54.9679],[-3.1197,54.9732],[-3.1516,54.9495],[-3.2961,54.9633],[-3.4666,54.9095],[-3.5525,54.815],[-3.5246,54.7966],[-3.5282,54.774],[-3.5719,54.753],[-3.6604,54.6701],[-3.6687,54.5809],[-3.7253,54.519],[-3.6954,54.4674],[-3.5145,54.3231],[-3.5008,54.2668],[-3.3614,54.146],[-3.3425,54.0828],[-3.2767,54.0169],[-3.1071,53.9779],[-3.1341,53.9267],[-3.1428,53.7779],[-3.1296,53.7388],[-3.0897,53.7074],[-3.1713,53.5954],[-3.1886,53.5486],[-3.1381,53.4679],[-3.6078,53.3433],[-3.6639,53.3434],[-3.7491,53.3758],[-3.8698,53.3927],[-3.9219,53.382],[-3.9576,53.3557],[-4.0074,53.3709],[-4.144,53.3664],[-4.2371,53.4569],[-4.416,53.4838],[-4.5297,53.4652],[-4.6183,53.4742],[-4.677,53.4526],[-4.6919,53.4046],[-4.6523,53.3765],[-4.7169,53.3686],[-4.7731,53.3311],[-4.7836,53.3027],[-4.7629,53.2642],[-4.6553,53.2027],[-4.592,53.1896],[-4.5613,53.1494],[-4.4197,53.0744],[-4.5464,52.997],[-4.6116,52.9908],[-4.7877,52.8867],[-4.8846,52.767],[-4.8806,52.7314],[-4.8106,52.6955],[-4.608,52.7549],[-4.574,52.7353],[-4.5084,52.7297],[-4.4014,52.7687],[-4.3764,52.8066],[-4.3875,52.83],[-4.2265,52.8655],[-4.2163,52.8571],[-4.229,52.7929],[-4.1481,52.7156],[-4.1955,52.6547],[-4.2105,52.6093],[-4.1378,52.5074],[-4.1731,52.4097],[-4.2119,52.3501],[-4.2743,52.2969],[-4.4295,52.2542],[-4.5408,52.1936],[-4.7313,52.1769],[-4.7941,52.1496],[-4.8344,52.1046],[-4.8965,52.084],[-5.0996,52.0765],[-5.1491,52.0509],[-5.1911,52.0026],[-5.3507,51.9494],[-5.4326,51.9447],[-5.4716,51.9137],[-5.5162,51.8076],[-5.6034,51.7769],[-5.7021,51.7671],[-5.7476,51.7346],[-5.7367,51.693],[-5.6907,51.6727],[-5.5879,51.6832],[-5.3588,51.6691],[-5.3073,51.6449],[-5.2362,51.6482],[-5.1689,51.6307],[-5.1019,51.5794],[-4.9514,51.5472],[-4.8814,51.5547],[-4.8231,51.5902],[-4.6362,51.5898],[-4.5985,51.622],[-4.6036,51.6823],[-4.4422,51.683],[-4.3832,51.6448],[-4.4137,51.5671],[-4.3795,51.524],[-4.2084,51.4858],[-3.9327,51.5224],[-3.8915,51.5574],[-3.8421,51.5247],[-3.8149,51.4753],[-3.7722,51.4414],[-3.6549,51.402],[-3.6177,51.3675],[-3.5961,51.3169],[-3.6134,51.2929],[-3.6608,51.2762],[-3.8042,51.2946],[-4.1316,51.2622],[-4.2791,51.2274],[-4.4907,51.2258],[-4.6803,51.2524],[-4.734,51.2379],[-4.7562,51.2126],[-4.7531,51.1522],[-4.6139,51.0045],[-4.6479,50.9115],[-4.6371,50.8133],[-4.7208,50.7662],[-4.7445,50.7339],[-4.8183,50.7061],[-4.8448,50.6512],[-4.9591,50.639],[-5.0979,50.5807],[-5.1183,50.5484],[-5.1292,50.4719],[-5.2023,50.4407],[-5.2336,50.4014],[-5.2336,50.3791],[-5.2895,50.3538],[-5.3348,50.3076],[-5.4679,50.2685],[-5.5729,50.2611],[-5.7306,50.1998],[-5.7977,50.1349],[-5.8229,50.0775],[-5.8134,50.041],[-5.6744,49.985],[-5.5383,50.0086],[-5.4712,50.0524],[-5.3662,50.039],[-5.3007,49.9404],[-5.2387,49.9118],[-5.1674,49.9136],[-5.0439,49.9714],[-5.0009,50.0111],[-4.981,50.0458],[-4.9938,50.0859],[-4.8347,50.1735],[-4.742,50.1852],[-4.6805,50.2642],[-4.4382,50.2862],[-4.3713,50.3104],[-4.3093,50.3085],[-4.2849,50.28],[-4.2375,50.2623],[-4.1651,50.2709],[-4.0583,50.2446],[-3.9685,50.2485],[-3.9231,50.2038],[-3.8531,50.1709],[-3.6906,50.1558],[-3.5845,50.1872],[-3.5641,50.2129],[-3.5772,50.2517],[-3.5678,50.2728],[-3.4915,50.2953],[-3.4456,50.3275],[-3.4042,50.3977],[-3.4186,50.4289],[-3.4031,50.4705],[-3.4325,50.5049],[-3.3913,50.5554],[-3.309,50.5683],[-3.2005,50.6322],[-3.0876,50.6356],[-2.8915,50.6771],[-2.7847,50.6604],[-2.6376,50.6027],[-2.5344,50.5457],[-2.5359,50.5035],[-2.5168,50.4814],[-2.4537,50.4632],[-2.4067,50.4749],[-2.3492,50.519],[-2.345,50.5769],[-2.1804,50.5635],[-2.0605,50.5266],[-1.9436,50.5427],[-1.8816,50.5714],[-1.8495,50.6262],[-1.8534,50.6644],[-1.7429,50.6612],[-1.6805,50.686],[-1.638,50.6218],[-1.5223,50.6166],[-1.2985,50.525],[-1.1263,50.5636],[-1.0943,50.6153],[-1.0052,50.6553],[-0.992,50.7334],[-0.9108,50.721],[-0.834,50.6805],[-0.7775,50.6728],[-0.7343,50.6848],[-0.6807,50.7291],[-0.2236,50.7773],[0.2534,50.6851],[0.3057,50.6978],[0.4209,50.7781],[0.6928,50.8249],[0.7882,50.8777],[1.0116,50.8668],[1.0577,50.9014],[1.0439,50.9615],[1.0577,50.9926],[1.0983,51.0152],[1.3567,51.0648],[1.4621,51.1295],[1.4844,51.1698],[1.4688,51.2736],[1.5282,51.3662],[1.5228,51.3972],[1.4882,51.4278],[1.3813,51.4428],[1.0078,51.4132],[0.9487,51.4571],[0.8403,51.4789],[1.0284,51.5941],[1.0385,51.6166],[1.02,51.6505],[1.0328,51.7202],[1.1648,51.7296],[1.2922,51.7832],[1.3624,51.841],[1.3666,51.8911],[1.5314,52.0125],[1.6558,52.0695],[1.7015,52.1755],[1.7137,52.2674],[1.7551,52.3015],[1.8445,52.4798],[1.8184,52.5471],[1.8267,52.6323],[1.7768,52.7368],[1.6481,52.8361],[1.3469,52.9749],[0.9934,53.0292],[0.6544,53.0369],[0.4532,53.1363],[0.397,53.2897],[0.2512,53.4898],[0.1847,53.538],[0.23,53.5946],[0.2019,53.6721],[-0.0499,53.8899],[-0.1239,54.0036],[-0.1258,54.0447],[-0.0121,54.082],[0.0045,54.1005],[0.0013,54.1367],[-0.0497,54.1711],[-0.1769,54.2042],[-0.1957,54.2452],[-0.2989,54.2865],[-0.3855,54.4094],[-0.5165,54.5189],[-0.7278,54.5993],[-0.9602,54.638],[-1.0568,54.6704],[-1.1143,54.7329],[-1.2206,54.789],[-1.2355,54.8459],[-1.2681,54.8847],[-1.2713,54.9739],[-1.3958,55.1119],[-1.4269,55.1577],[-1.4118,55.1874],[-1.419,55.2118],[-1.4789,55.2729],[-1.4493,55.3343],[-1.4623,55.3619],[-1.5037,55.3827],[-1.4883,55.4377],[-1.5056,55.5038],[-1.5555,55.5936],[-1.5182,55.6412],[-1.5278,55.6651],[-1.587,55.6945],[-1.6846,55.6792],[-1.7265,55.7259],[-1.8672,55.7528],[-1.9029,55.7848],[-1.963,55.7607],[-2.0143,55.7727],[-2.1065,55.7604],[-2.1193,55.738],[-2.169,55.7222],[-2.2449,55.6395],[-2.3062,55.647],[-2.3337,55.6346],[-2.2879,55.6012],[-2.2895,55.5811],[-2.2362,55.549],[-2.201,55.475],[-2.1695,55.4697],[-2.1969,55.4431],[-2.3273,55.408],[-2.3426,55.3651],[-2.3835,55.3485],[-2.4811,55.3537],[-2.5251,55.3218],[-2.5587,55.3179],[-2.6407,55.2607],[-2.6134,55.2478],[-2.6404,55.2216],[-2.6668,55.2216],[-2.7074,55.1722],[-2.8224,55.1382],[-2.8952,55.0811],[-2.9642,55.05],[-3.0466,55.0537],[-3.0344,55.0294]]]]},"properties":{"id":"Q179876","names":{"ab":"Англиа Аҳра","af":"Koninkryk van Engeland","als":"Königreich England","an":"Reino d'Anglaterra","ang":"Englalonde Rīce","ast":"Reinu d'Inglaterra","az":"İngiltərə krallığı","be":"Каралеўства Англія","bg":"Кралство Англия","br":"Rouantelezh Bro-Saoz","ca":"Regne d'Anglaterra","cs":"Anglické království","cv":"Англи короллĕхĕ","cy":"Teyrnas Lloegr","da":"Kongeriget England","de":"Königreich England","el":"Βασίλειο της Αγγλίας","en":"Kingdom of England (1283-1558)","enm":"Kingdom of Engelond","eo":"Reĝlando Anglio","es":"Reino de Inglaterra","et":"Inglismaa kuningriik","eu":"Ingalaterrako Erresuma","fi":"Englannin kuningaskunta","fr":"Royaume d'Angleterre","fy":"Keninkryk Ingelân","ga":"Ríocht Shasana","gd":"Rìoghachd Sasainn","gl":"Reino de Inglaterra","gv":"Reeriaght Hostyn","hr":"Kraljevina Engleska","ht":"Wayòm Angletè","hu":"Angol Királyság","id":"Kerajaan Inggris","is":"Konungsríkið England","it":"Regno d'Inghilterra","ka":"ინგლისის სამეფო","kk":"Англия Патшалығы","ko":"잉글랜드 왕국","ku":"Keyaniya Înglistanê","la":"Regnum Angliae","lt":"Anglijos karalystė","lv":"Anglijas Karaliste","mk":"Кралство Англија","mn":"Английн Вант улс","ms":"Kerajaan beraja England","nds-nl":"Keuninkriek Engelaand","nl":"Koninkrijk Engeland","nn":"Kongeriket England","no":"Kongeriket England","pa":"ਕਿੰਗਡਮ ਆਫ਼ ਇੰਗਲੈਂਡ","pdt":"Kjennichrikj von Enjlaunt","pl":"Królestwo Anglii","pt":"Reino da Inglaterra","ro":"Regatul Angliei","ru":"Королевство Англия","rue":"Англицке кральовство","sco":"Kinrick o Ingland","sd":"انگلينڊ جي بادشاهت","sh":"Kraljevina Engleska","sk":"Anglické kráľovstvo","sl":"Kraljevina Anglija","sq":"Mbretëria e Anglisë","sr":"Краљевство Енглеска","sv":"Kungariket England","tg":"Подшоҳии Ингилистон","tl":"Kaharian ng Inglatera","tr":"İngiltere Krallığı","uk":"Англійське королівство"},"from":1283,"to":1558,"wikidata":"Q179876","adminLevel":2,"source":"OpenHistoricalMap","sourceUrl":"https://www.openhistoricalmap.org"}},{"type":"Feature","geometry":{"type":"Polygon","coordinates":[[[-7.0018,55.2946],[-7.1045,55.3204],[-7.1433,55.3619],[-7.2544,55.3931],[-7.2627,55.4032],[-7.2058,55.4054],[-7.1713,55.4304],[-7.1886,55.4555],[-7.2494,55.4752],[-7.2965,55.462],[-7.3059,55.4472],[-7.2938,55.4241],[-7.4386,55.3958],[-7.4501,55.3762],[-7.4292,55.3506],[-7.4488,55.327],[-7.5577,55.3086],[-7.574,55.2719],[-7.6034,55.3008],[-7.6662,55.3057],[-7.7351,55.2834],[-7.8264,55.2794],[-7.9145,55.2373],[-8.0029,55.2529],[-8.1101,55.1888],[-8.1221,55.224],[-8.1588,55.2339],[-8.1425,55.2517],[-8.1483,55.2793],[-8.2228,55.302],[-8.277,55.2981],[-8.2986,55.2822],[-8.2921,55.2499],[-8.1988,55.2249],[-8.2353,55.1821],[-8.3165,55.1806],[-8.3873,55.1427],[-8.4408,55.0892],[-8.4763,55.0865],[-8.5155,55.0535],[-8.5631,55.0501],[-8.6097,55.0225],[-8.6195,54.9661],[-8.5432,54.9427],[-8.5023,54.9018],[-8.5791,54.8914],[-8.5874,54.8563],[-8.6156,54.8332],[-8.6121,54.8133],[-8.7777,54.7655],[-8.8473,54.7161],[-8.887,54.6665],[-8.8708,54.6418],[-8.7321,54.6168],[-8.6974,54.5923],[-8.553,54.5692],[-8.5108,54.5765],[-8.5036,54.5516],[-8.4693,54.5386],[-8.3464,54.5797],[-8.2713,54.5683],[-8.3177,54.5323],[-8.325,54.5071],[-8.4949,54.4946],[-8.568,54.4388],[-8.6379,54.4635],[-8.6972,54.4579],[-8.7221,54.4275],[-8.6883,54.3918],[-8.7436,54.3501],[-8.7286,54.3165],[-8.8209,54.2918],[-8.9378,54.3236],[-9.0687,54.3221],[-9.1006,54.3058],[-9.1873,54.3122],[-9.3341,54.3566],[-9.3932,54.3389],[-9.6756,54.3487],[-9.7351,54.367],[-9.7584,54.3923],[-9.8123,54.3954],[-9.8564,54.3583],[-9.9134,54.3406],[-10.0155,54.3388],[-10.0699,54.311],[-10.1293,54.3039],[-10.1429,54.2877],[-10.1363,54.2674],[-10.2509,54.1682],[-10.2933,54.1011],[-10.3601,54.0851],[-10.3695,54.0606],[-10.3431,54.0405],[-10.2354,54.0414],[-10.2452,54.0114],[-10.3084,53.9804],[-10.2991,53.9569],[-10.1951,53.9236],[-10.1128,53.9283],[-10.0864,53.8917],[-10.049,53.8839],[-10.0113,53.8536],[-10.0985,53.8073],[-10.0944,53.7747],[-10.0712,53.7622],[-10.0822,53.7438],[-10.1382,53.74],[-10.1808,53.7179],[-10.1896,53.6967],[-10.1724,53.6702],[-10.287,53.6597],[-10.3583,53.6171],[-10.3507,53.5809],[-10.2993,53.5676],[-10.3155,53.5306],[-10.2135,53.4891],[-10.2088,53.4743],[-10.2875,53.4099],[-10.2866,53.3887],[-10.2446,53.3668],[-10.1804,53.3724],[-10.0241,53.3409],[-10.0766,53.2976],[-10.0584,53.2726],[-10.0646,53.2563],[-10.0297,53.229],[-9.9701,53.2257],[-9.9308,53.2738],[-9.895,53.2671],[-9.8919,53.2368],[-9.8527,53.1879],[-9.9063,53.1642],[-9.9006,53.1303],[-9.5128,53.0018],[-9.5039,52.9778],[-9.5232,52.9235],[-9.4815,52.8913],[-9.5014,52.855],[-9.5837,52.8277],[-9.5754,52.7823],[-9.6668,52.7538],[-9.7062,52.7045],[-9.8593,52.6258],[-9.9478,52.5977],[-9.9885,52.5577],[-9.9641,52.5329],[-9.901,52.5247],[-9.7325,52.5501],[-9.7316,52.5104],[-9.8423,52.4664],[-9.9632,52.4521],[-9.9936,52.4289],[-9.9973,52.4062],[-10.1228,52.3266],[-10.2779,52.3],[-10.3843,52.2625],[-10.5171,52.1985],[-10.5292,52.1553],[-10.5977,52.1648],[-10.64,52.1398],[-10.6427,52.1139],[-10.7265,52.0882],[-10.7135,52.0518],[-10.5959,52.0029],[-10.5511,52.0202],[-10.548,52.0475],[-10.4842,52.0724],[-10.2603,52.0829],[-10.2406,52.0677],[-10.2345,52.0419],[-10.2531,52.0233],[-10.4491,51.9309],[-10.4824,51.8824],[-10.4567,51.8519],[-10.465,51.8299],[-10.5814,51.7921],[-10.5966,51.7647],[-10.5875,51.7471],[-10.5334,51.7351],[-10.3976,51.7815],[-10.3697,51.7576],[-10.3046,51.75],[-10.3156,51.7237],[-10.2827,51.6966],[-10.144,51.7048],[-10.1324,51.6927],[-10.1541,51.6555],[-10.2798,51.6003],[-10.2983,51.5693],[-10.2858,51.5496],[-10.241,51.5394],[-10.1082,51.5662],[-10.0369,51.558],[-9.9588,51.5826],[-9.8896,51.5789],[-9.8771,51.569],[-9.8958,51.5547],[-9.8967,51.528],[-9.8656,51.5112],[-9.8891,51.4856],[-9.8855,51.4685],[-9.8519,51.4244],[-9.7613,51.4171],[-9.6549,51.4566],[-9.5688,51.4572],[-9.5776,51.4286],[-9.5662,51.4074],[-9.5032,51.3895],[-9.433,51.4212],[-9.3233,51.4334],[-9.2916,51.4533],[-9.2055,51.4377],[-9.1612,51.4761],[-9.0896,51.4907],[-9.0697,51.5156],[-9.0129,51.5254],[-8.9704,51.4995],[-8.9294,51.5012],[-8.8521,51.5313],[-8.825,51.5613],[-8.7614,51.5393],[-8.6988,51.5396],[-8.6611,51.5575],[-8.6283,51.6027],[-8.6035,51.6076],[-8.5604,51.5775],[-8.5071,51.5776],[-8.4807,51.5978],[-8.4804,51.6369],[-8.2774,51.7088],[-8.2471,51.7617],[-8.1641,51.7543],[-7.9915,51.7946],[-7.9603,51.8083],[-7.9525,51.8363],[-7.8167,51.8602],[-7.8008,51.8844],[-7.8135,51.9042],[-7.7012,51.9107],[-7.6686,51.923],[-7.6577,51.9447],[-7.5456,51.9711],[-7.5281,52.0121],[-7.4856,52.0488],[-7.4922,52.0704],[-7.4178,52.0982],[-7.1477,52.1095],[-7.0847,52.0976],[-6.9779,52.113],[-6.9195,52.0929],[-6.7749,52.1724],[-6.6773,52.1782],[-6.6344,52.1517],[-6.6686,52.1309],[-6.6681,52.0949],[-6.618,52.0787],[-6.546,52.1134],[-6.5244,52.156],[-6.3629,52.1424],[-6.1618,52.1886],[-6.16,52.2149],[-6.1767,52.2278],[-6.2502,52.2398],[-6.3397,52.2977],[-6.3087,52.3381],[-6.3074,52.396],[-6.1553,52.5379],[-6.1452,52.5715],[-6.1711,52.6465],[-6.0937,52.7241],[-6.0871,52.7902],[-6.0627,52.8204],[-6.0156,52.8417],[-5.9502,52.9576],[-5.9591,52.9848],[-6,53.009],[-5.9847,53.0723],[-5.9917,53.1193],[-6.0562,53.2248],[-6.0327,53.2663],[-6.0721,53.3303],[-6.0048,53.3509],[-5.9966,53.3916],[-6.0398,53.4352],[-6.0267,53.4534],[-5.9776,53.461],[-5.9464,53.4953],[-5.9713,53.5201],[-6.0275,53.5296],[-6.0588,53.6026],[-6.1155,53.6151],[-6.1825,53.6728],[-6.1996,53.7494],[-6.1664,53.7958],[-6.2043,53.8357],[-6.1881,53.863],[-6.2175,53.8887],[-6.3133,53.9077],[-6.3211,53.9464],[-6.3045,53.974],[-6.1537,53.9483],[-6.1128,53.9548],[-6.0544,53.9934],[-6.0152,53.9818],[-5.827,54.0775],[-5.7883,54.1627],[-5.7925,54.1942],[-5.733,54.1984],[-5.6503,54.1763],[-5.5508,54.2129],[-5.4241,54.3083],[-5.3831,54.366],[-5.3505,54.4991],[-5.3934,54.5468],[-5.4034,54.5894],[-5.4459,54.6282],[-5.4327,54.7164],[-5.4993,54.7484],[-5.6209,54.7299],[-5.6041,54.8035],[-5.6307,54.8521],[-5.6705,54.8863],[-5.7543,54.909],[-5.879,55.0081],[-5.8872,55.0723],[-5.9493,55.1038],[-5.9456,55.1777],[-5.9965,55.2311],[-6.0918,55.2674],[-6.0859,55.3127],[-6.1191,55.3419],[-6.2583,55.362],[-6.3333,55.3421],[-6.385,55.2949],[-6.5131,55.2989],[-6.6127,55.2592],[-6.6941,55.2594],[-6.7936,55.2206],[-6.8827,55.2096],[-6.8819,55.2535],[-7.0018,55.2946]]]},"properties":{"id":"Q215530","names":{"ab":"Ирландиа Аҳра","af":"Koninkryk van Ierland","ar":"مملكة أيرلندا","be":"Каралеўства Ірландыя","bg":"Кралство Ирландия","bn":"আয়ারল্যান্ড রাজ্য","br":"Rouantelezh Iwerzhon","ca":"Regne d'Irlanda","cs":"Irské království","cy":"Teyrnas Iwerddon","da":"Kongeriget Irland","de":"Königreich Irland","el":"Βασίλειο της Ιρλανδίας","en":"Kingdom of Ireland","eo":"Reĝlando Irlando","es":"Reino de Irlanda","et":"Iirimaa kuningriik","eu":"Irlandako Erresuma","fa":"پادشاهی ایرلند","fi":"Irlannin kuningaskunta","fr":"Royaume d'Irlande","ga":"Ríoghacht Éireann","gd":"Rìoghachd na h-Èireann","ghc":"Ríoghacht Éireann","gl":"Reino de Irlanda","gv":"Reeriaght Nerin","he":"ממלכת אירלנד","hi":"आयरलैंड राजशाही","hr":"Irsko Kraljevstvo","hu":"Ír Királyság","id":"Kerajaan Irlandia","io":"Rejio Irlando","is":"Konungsríkið Írland","it":"Regno d'Irlanda","ja":"アイルランド王国","kk":"Ирландия патшалығы","ko":"아일랜드 왕국","lv":"Īrijas Karaliste","mk":"Кралство Ирска","mr":"आयर्लंडचे राजतंत्र","ms":"Kerajaan Ireland","nb":"Kongeriket Irland","nl":"Koninkrijk Ierland","pl":"Królestwo Irlandii","pt":"Reino da Irlanda","ro":"Regatul Irlandei","ru":"Королевство Ирландия","sc":"Rennu de Irlanda","sco":"Kinrick o Ireland","sd":"آئرلينڊ جي سلطنت","sk":"Írske kráľovstvo","sr":"Краљевство Ирска","sv":"Kungariket Irland","ta":"அயர்லாந்து இராச்சியம்","th":"ราชอาณาจักรไอร์แลนด์","tr":"İrlanda Krallığı","tt":"İrlandiä patşalığı","uk":"Ірландське королівство","ur":"مملکت آئرلینڈ","vi":"Vương quốc Ireland","zh":"愛爾蘭王國"},"from":1542.4623655913979,"to":1641.8091397849462,"wikidata":"Q215530","adminLevel":2,"source":"OpenHistoricalMap","sourceUrl":"https://www.openhistoricalmap.org"}},{"type":"Feature","geometry":{"type":"MultiPolygon","coordinates":[[[[4.7322,44.1403],[4.7162,44.1206],[4.7344,44.0981],[4.7617,44.0979],[4.7662,44.0777],[4.7823,44.1078],[4.7322,44.1403]]],[[[4.8362,44.3677],[4.8094,44.3602],[4.8053,44.3376],[4.8381,44.34],[4.8362,44.3677]]],[[[4.8738,44.3504],[4.8923,44.3278],[4.8841,44.3062],[4.8561,44.3077],[4.891,44.284],[4.9301,44.3057],[4.9953,44.2924],[5.0036,44.3293],[5.0352,44.3651],[5.0688,44.3754],[5.0757,44.4264],[5.1036,44.4292],[5.1036,44.4449],[5.0347,44.422],[4.9699,44.4312],[4.9129,44.4039],[4.8738,44.3504]]],[[[5.2206,44.4246],[5.2216,44.4124],[5.2473,44.4199],[5.2206,44.4246]]],[[[5.1899,44.3806],[5.2036,44.3562],[5.2167,44.3905],[5.2011,44.3986],[5.2038,44.3837],[5.1899,44.3806]]],[[[5.2714,43.8519],[5.3023,43.7909],[5.351,43.788],[5.3428,43.8028],[5.3689,43.8256],[5.3133,43.8583],[5.3188,43.8761],[5.2714,43.8519]]],[[[4.7425,43.9181],[4.8089,43.9226],[4.9792,43.8762],[5.0674,43.7796],[5.1291,43.7511],[5.1941,43.7586],[5.1881,43.7974],[5.2746,43.7981],[5.274,43.8155],[5.2365,43.8472],[5.1691,43.861],[5.1495,43.9451],[5.2257,43.9832],[5.372,43.9837],[5.4049,43.9997],[5.316,44.0257],[5.2978,44.057],[5.2995,44.1677],[5.3878,44.1536],[5.3847,44.2004],[5.3507,44.2154],[5.3143,44.2041],[5.2408,44.2299],[5.2343,44.2105],[5.1759,44.2204],[5.1498,44.2366],[5.1591,44.2668],[5.1426,44.274],[5.1691,44.3138],[5.109,44.2804],[5.0819,44.284],[5.0551,44.3143],[5.0208,44.2895],[4.8271,44.2356],[4.8096,44.2425],[4.8172,44.2612],[4.7993,44.284],[4.8096,44.2872],[4.7804,44.3238],[4.675,44.3236],[4.6658,44.2654],[4.6764,44.2552],[4.7718,44.2445],[4.7564,44.2275],[4.7087,44.2216],[4.7296,44.1628],[4.7869,44.1583],[4.8075,44.1807],[4.8196,44.1652],[4.8415,44.1797],[4.8415,44.1529],[4.882,44.1312],[4.9655,44.1898],[5.0307,44.1765],[5.0743,44.1866],[5.0815,44.1618],[5.0122,44.1315],[4.9929,44.1366],[5.0029,44.1546],[4.9596,44.1551],[4.9548,44.1283],[4.9195,44.1044],[4.9281,44.0711],[4.9057,44.0629],[4.8557,44.0595],[4.8233,44.0822],[4.7798,44.0799],[4.8409,44.0316],[4.8707,43.9763],[4.8484,43.9545],[4.7506,43.935],[4.7425,43.9181]],[[5.1004,44.2541],[5.1196,44.2457],[5.1066,44.2245],[5.0894,44.2324],[5.1004,44.2541]]],[[[12.0873,43.8549],[12.0564,43.8626],[12.0626,43.8475],[12.0873,43.8549]]],[[[14.8484,41.1636],[14.7889,41.2153],[14.7477,41.2214],[14.7481,41.2018],[14.7223,41.1932],[14.7128,41.1652],[14.7242,41.1327],[14.7152,41.107],[14.8263,41.0938],[14.8673,41.1249],[14.8484,41.1636]]],[[[13.6048,41.4687],[13.5589,41.4074],[13.6548,41.4271],[13.713,41.4088],[13.7349,41.43],[13.6924,41.4714],[13.6036,41.504],[13.5907,41.4921],[13.6087,41.482],[13.6048,41.4687]]],[[[11.0494,44.0902],[11.1276,44.1097],[11.247,44.0979],[11.2564,44.116],[11.203,44.1383],[11.2002,44.1566],[11.2911,44.1708],[11.3965,44.2341],[11.4319,44.2271],[11.496,44.1665],[11.5883,44.1706],[11.6108,44.1523],[11.5882,44.1288],[11.6343,44.1178],[11.7168,44.1316],[11.7578,44.1938],[11.8253,44.1953],[11.8895,44.1716],[11.9225,44.2118],[11.9365,44.1927],[11.9633,44.2067],[11.9702,44.1753],[11.9332,44.1438],[11.9429,44.119],[11.9104,44.1275],[11.9166,44.0717],[11.927,44.0555],[11.9498,44.0567],[11.9236,44.0391],[11.9219,43.9995],[11.9564,43.9632],[11.9201,43.969],[11.909,43.9467],[11.9503,43.9074],[11.9838,43.9073],[12.0075,43.9162],[12.0114,43.9389],[12.0294,43.9417],[12.0297,43.921],[12.0435,43.9196],[12.0579,43.9545],[12.1253,43.9385],[12.1603,43.9593],[12.1705,43.9244],[12.1406,43.934],[12.1112,43.9197],[12.1197,43.9022],[12.0958,43.8958],[12.0979,43.9076],[12.0758,43.911],[12.0877,43.8668],[12.1223,43.8755],[12.1229,43.9007],[12.1526,43.8683],[12.151,43.8376],[12.105,43.7951],[12.0962,43.7652],[12.1203,43.7506],[12.1618,43.7624],[12.1867,43.7359],[12.2161,43.7581],[12.2877,43.7629],[12.3271,43.751],[12.3688,43.7142],[12.3348,43.7072],[12.3336,43.6812],[12.3157,43.678],[12.3118,43.724],[12.301,43.72],[12.2936,43.6843],[12.2444,43.6814],[12.2299,43.6549],[12.2022,43.6505],[12.2138,43.6109],[12.142,43.5363],[12.1015,43.5227],[12.1339,43.4812],[12.0371,43.4165],[12.0693,43.4126],[12.0777,43.3739],[12.1326,43.3573],[12.1426,43.2981],[12.1686,43.2957],[12.1985,43.3188],[12.2154,43.3001],[12.1584,43.2627],[12.1008,43.2471],[12.0374,43.2547],[12.0122,43.2005],[11.9446,43.1679],[11.9219,43.1379],[11.9332,43.0638],[11.9689,43.0691],[11.9778,43.0464],[11.9322,42.9272],[11.9481,42.886],[11.913,42.8501],[11.7527,42.8087],[11.7472,42.7985],[11.8071,42.7425],[11.783,42.6496],[11.7514,42.6411],[11.6712,42.577],[11.5851,42.5627],[11.5681,42.5134],[11.6079,42.4873],[11.6018,42.4474],[11.4871,42.4305],[11.4264,42.3447],[11.6139,42.252],[11.7974,42.0015],[11.905,41.996],[12.1036,41.8878],[12.1593,41.8039],[12.1798,41.7202],[12.3204,41.6646],[12.3985,41.6129],[12.5057,41.5147],[12.5836,41.4174],[12.6195,41.405],[12.6736,41.4128],[12.7545,41.372],[12.8266,41.3757],[12.8781,41.3552],[12.9413,41.3071],[12.9953,41.2103],[13.0317,41.1887],[13.1016,41.1851],[13.1932,41.2386],[13.2609,41.2426],[13.2811,41.2971],[13.312,41.3226],[13.2742,41.3462],[13.2571,41.3937],[13.3292,41.4068],[13.4193,41.3972],[13.4365,41.4215],[13.4382,41.4761],[13.4813,41.5059],[13.5345,41.4857],[13.5471,41.5104],[13.5392,41.5567],[13.5092,41.5763],[13.5451,41.5958],[13.5403,41.6213],[13.5604,41.6435],[13.5298,41.6683],[13.5038,41.7228],[13.5195,41.7811],[13.5081,41.798],[13.4144,41.8352],[13.3821,41.817],[13.3671,41.8313],[13.359,41.8693],[13.3836,41.9019],[13.3617,41.9247],[13.1059,42.027],[13.0915,42.0095],[13.0554,42.0174],[13.0275,42.051],[13.0317,42.1231],[13.085,42.1422],[13.0881,42.1776],[13.0556,42.1936],[13.0609,42.2601],[13.0098,42.2856],[12.9911,42.3289],[12.9288,42.3573],[12.8967,42.3903],[12.9071,42.4387],[12.8652,42.4565],[12.8629,42.482],[12.9047,42.488],[12.9274,42.5187],[12.8806,42.6077],[13.0101,42.6175],[13.0236,42.6391],[13.0629,42.6241],[13.13,42.6605],[13.1451,42.6473],[13.1751,42.6671],[13.1892,42.7336],[13.2532,42.7221],[13.2841,42.7398],[13.3914,42.6873],[13.4352,42.6996],[13.4525,42.7337],[13.4925,42.7361],[13.5339,42.8144],[13.6477,42.8041],[13.6966,42.8215],[13.7163,42.8515],[13.7502,42.8134],[13.7685,42.854],[13.8176,42.8783],[13.9648,42.9099],[13.8653,43.1781],[13.6829,43.5016],[13.672,43.569],[13.5595,43.6525],[13.4991,43.6699],[13.4567,43.6512],[13.3185,43.7098],[12.9294,43.959],[12.8096,44.0026],[12.7299,44.0129],[12.4716,44.2034],[12.4041,44.2931],[12.3413,44.4703],[12.331,44.6206],[12.2934,44.7028],[12.3065,44.759],[12.3929,44.7461],[12.4433,44.7685],[12.3532,44.8171],[12.3424,44.8482],[12.2924,44.8626],[12.2912,44.9319],[12.2374,44.9743],[12.0747,45.0189],[12.0678,45.0068],[12.0908,44.9891],[12.0596,44.9769],[12.0232,45.007],[11.9991,44.9976],[12.0032,45.0124],[11.9274,44.9961],[11.8903,45.0303],[11.8347,45.0134],[11.8494,44.9973],[11.8379,44.9795],[11.7245,44.9443],[11.5453,44.9835],[11.446,45.0689],[11.36,45.0575],[11.2684,45.093],[11.2263,45.0829],[11.2055,45.1094],[11.1775,45.0972],[11.1744,45.0635],[11.2365,45.0431],[11.2649,45.056],[11.2757,45.0173],[11.4275,44.9551],[11.3016,44.9624],[11.2722,44.9384],[11.2486,44.9502],[11.2606,44.9341],[11.2357,44.9067],[11.3485,44.8737],[11.3667,44.8371],[11.3063,44.8203],[11.2933,44.8027],[11.2156,44.805],[11.1319,44.7837],[11.1172,44.7104],[11.0781,44.647],[10.9873,44.6588],[10.9841,44.6288],[11.0048,44.6321],[11.0571,44.5714],[11.0586,44.4884],[11.0472,44.4662],[10.9898,44.4403],[11.0489,44.416],[11.0266,44.3784],[11.0336,44.3151],[10.9609,44.3016],[10.9507,44.2873],[10.9698,44.2602],[10.9606,44.2325],[10.9084,44.2063],[10.8899,44.2246],[10.8502,44.2278],[10.8483,44.2002],[10.8215,44.1815],[10.8051,44.1414],[10.8159,44.1135],[10.9044,44.0861],[10.8984,44.0641],[10.9177,44.0628],[11.0012,44.137],[11.0151,44.137],[11.0079,44.1041],[11.0494,44.0902]],[[12.1625,43.8992],[12.166,43.8888],[12.1534,43.8875],[12.1625,43.8992]],[[12.2261,43.81],[12.2453,43.7855],[12.1986,43.7723],[12.1691,43.7934],[12.177,43.8115],[12.2261,43.81]]]]},"properties":{"id":"Q170174","names":{"als":"Kirchenstaat","an":"Estaus Pontificios","ar":"الدولة البابوية","ast":"Estaos Pontificios","az":"Papa dövləti","be":"Папская вобласць","be-x-old":"Папская дзяржава","bg":"Папска държава","br":"Stadoù ar Pab","bs":"Papinska Država","ca":"Estats Pontificis","cdo":"Gáu-huòng-guók","cs":"Papežský stát","cy":"Taleithiau'r Babaeth","da":"Kirkestaten","de":"Kirchenstaat","el":"Παπικά Κράτη","eml":"Stèt dla Cîṡa","en":"Papal States","eo":"Papa Ŝtato","es":"Estados Pontificios","et":"Kirikuriik","eu":"Aita Santuen Lurraldea","fa":"ایالات پاپی","fi":"Kirkkovaltio","fr":"États pontificaux","ga":"Stáit an Phápa","gd":"Stàitean na h-Eaglaise","gl":"Estados Pontificios","gv":"Steatyn y Phaab","he":"מדינת האפיפיור","hi":"पोप राज्य","hr":"Papinska Država","hu":"Pápai állam","hy":"Պապական մարզ","id":"Negara Gereja","ilo":"Es-estado ti Papa","io":"Papala Stati","is":"Páfaríkið","it":"Stato della Chiesa","ja":"教皇領","ka":"პაპის ოლქი","kk":"Папа облысы","ko":"교황령","ky":"Папа облусу","la":"Status Ecclesiasticus","lt":"Popiežiaus sritis","lv":"Pāvesta valsts","mk":"Папска Држава","ms":"Negeri-Negeri Paus","nb":"Kirkestaten","nl":"Kerkelijke Staat","nn":"Kyrkjestaten","no":"Kirkestaten","oc":"Estats Pontificaus","pa":"ਪੋਪ ਰਾਜ","pl":"Państwo Kościelne","pt":"Estados Papais","ro":"Statele Papale","ru":"Папская область","scn":"Statu Puntificiu","sh":"Papinska Država","simple":"Papal States","sk":"Pápežský štát","sl":"Papeška država","sq":"Shtetet Papale","sr":"Папска држава","sv":"Kyrkostaten","sw":"Dola la Papa","szl":"Kośćelne Państwo","ta":"திருத்தந்தை நாடுகள்","tg":"Иёлоти Попӣ","th":"รัฐสันตะปาปา","tl":"Estado ng Simbahan","tr":"Papalık Devleti","uk":"Папська держава","ur":"پاپائی ریاستیں","uz":"Papa viloyati","vec":"Stato Pontefiso","vi":"Lãnh địa Giáo hoàng","zh":"教宗国"},"from":1545,"to":1797.1290322580646,"wikidata":"Q170174","adminLevel":2,"source":"OpenHistoricalMap","sourceUrl":"https://www.openhistoricalmap.org"}},{"type":"Feature","geometry":{"type":"MultiPolygon","coordinates":[[[[26.4757,57.5789],[26.4881,57.5947],[26.4201,57.608],[26.2907,57.5914],[26.2346,57.5282],[26.2538,57.508],[26.1979,57.4669],[26.1922,57.4403],[26.3529,57.4645],[26.2914,57.3841],[26.4239,57.3739],[26.5323,57.2552],[26.562,57.2789],[26.5429,57.3287],[26.6148,57.3412],[26.6769,57.3327],[26.7194,57.3067],[26.7679,57.3248],[26.8455,57.3132],[26.8661,57.2705],[26.965,57.2276],[26.9748,57.2319],[26.9536,57.3049],[27.0782,57.2688],[27.0554,57.2493],[27.1681,57.2281],[27.328,57.2677],[27.388,57.3243],[27.3665,57.3806],[27.3633,57.461],[27.4098,57.516],[27.3805,57.5354],[27.3258,57.5235],[27.258,57.5508],[27.1174,57.5621],[27.0563,57.5824],[27.0676,57.6233],[27.0154,57.6584],[26.9405,57.6473],[26.8677,57.6155],[26.8377,57.5752],[26.7817,57.5605],[26.7683,57.5372],[26.6471,57.554],[26.6146,57.5293],[26.6168,57.5094],[26.5764,57.5331],[26.5249,57.5163],[26.4998,57.5245],[26.4757,57.5789]]],[[[24.3215,58.9018],[24.3547,58.865],[24.4117,58.8886],[24.3903,58.9193],[24.3215,58.9018]]],[[[23.4278,58.7262],[23.36,58.7938],[23.2543,58.8402],[23.2543,58.8968],[23.0356,58.9585],[23.0452,58.9932],[23.0182,59.0373],[22.7813,59.0495],[22.7854,59.0863],[22.7584,59.1107],[22.5843,59.1407],[22.5195,59.1251],[22.4867,59.0759],[22.3846,59.0423],[22.5012,58.9754],[22.6654,58.9513],[22.7214,58.929],[22.7651,58.8802],[22.8438,58.8741],[22.8717,58.852],[22.8704,58.8256],[22.9611,58.783],[23.0036,58.6992],[22.7348,58.6646],[22.8014,58.6039],[22.8432,58.5047],[22.9312,58.483],[22.94,58.4627],[22.9283,58.4432],[22.9662,58.369],[23.0662,58.3091],[23.15,58.3401],[23.1756,58.3668],[23.3626,58.3823],[23.3949,58.4045],[23.4145,58.4437],[23.5068,58.4992],[23.6515,58.501],[23.7243,58.5417],[23.7876,58.5433],[23.793,58.5704],[23.8904,58.5746],[23.8456,58.6283],[23.8987,58.6611],[23.6826,58.7597],[23.4901,58.7511],[23.4278,58.7262]]],[[[23.5138,58.5179],[23.6152,58.5729],[23.6191,58.5896],[23.6909,58.6158],[23.6696,58.6518],[23.5893,58.7076],[23.4278,58.7262],[23.4579,58.6928],[23.4785,58.6221],[23.4407,58.5947],[23.5138,58.5179]]],[[[22.0077,58.3776],[22.1012,58.3442],[22.1667,58.3455],[22.1973,58.3654],[22.205,58.3953],[22.2433,58.3901],[22.2963,58.4194],[22.3706,58.4183],[22.435,58.4532],[22.4389,58.4776],[22.4863,58.4927],[22.4798,58.5361],[22.435,58.5584],[22.4234,58.6282],[22.25,58.6161],[22.1527,58.586],[22.0763,58.5359],[21.9101,58.5672],[21.7915,58.5431],[21.7481,58.5131],[21.7455,58.4747],[21.7749,58.4431],[21.8685,58.4272],[22.0077,58.3776]]],[[[23.946,58.3299],[23.9113,58.3578],[23.8618,58.3423],[23.8222,58.2856],[23.9014,58.2574],[23.946,58.3299]]],[[[24.8576,58.7618],[24.9163,58.7368],[24.9082,58.6964],[24.9239,58.6558],[24.8577,58.5766],[24.6412,58.5074],[24.5619,58.5131],[24.5335,58.4863],[24.5243,58.4507],[24.4457,58.4314],[24.4469,58.4108],[24.4811,58.3885],[24.376,58.2486],[24.3577,58.1773],[24.3755,58.1446],[24.3659,58.0975],[24.3806,58.0712],[24.3125,57.9838],[24.2783,57.9096],[24.3532,57.8761],[24.4093,57.8717],[24.4729,57.9266],[24.54,57.9348],[24.6583,57.9165],[24.7158,57.9601],[24.8228,57.9015],[24.8754,57.8981],[24.8954,57.8294],[24.9365,57.8169],[24.9417,57.7951],[24.9866,57.7718],[24.9487,57.7328],[24.9702,57.6971],[25.0466,57.6816],[25.179,57.6094],[25.1754,57.5568],[25.1884,57.5368],[25.2141,57.5141],[25.2685,57.5043],[25.3126,57.4633],[25.2935,57.4404],[25.3139,57.408],[25.2967,57.3973],[25.1792,57.4274],[25.1378,57.4131],[25.1273,57.3813],[25.1859,57.3823],[25.1829,57.3429],[25.2208,57.3046],[25.2065,57.2874],[25.1782,57.2704],[25.1198,57.2781],[25.0517,57.2539],[24.9379,57.2489],[24.9041,57.2268],[24.8866,57.1883],[24.8245,57.1493],[24.7588,57.1515],[24.6697,57.125],[24.5737,57.1396],[24.468,57.0841],[24.3841,57.0688],[24.328,57.0837],[24.3308,57.1205],[24.2775,57.1345],[24.2736,57.1555],[24.193,57.1951],[24.1264,57.1526],[23.9636,57.1057],[23.8988,57.0593],[23.657,57.0149],[23.6034,57.0209],[23.5774,57.061],[23.5373,57.0818],[23.4049,57.0908],[23.33,57.1231],[23.3257,57.1703],[23.2705,57.245],[23.2685,57.2828],[23.2088,57.3851],[23.0079,57.4482],[22.9543,57.4915],[22.8288,57.4133],[22.8314,57.3487],[22.8157,57.3312],[22.7594,57.3364],[22.7134,57.32],[22.6382,57.3378],[22.3216,57.2942],[22.3026,57.2688],[22.1993,57.2106],[22.2031,57.1915],[22.243,57.1663],[22.233,57.1355],[22.129,57.1291],[22.0605,57.1505],[21.9809,57.1522],[21.9011,57.0986],[21.7533,57.0647],[21.745,57.0471],[21.7885,57.0291],[21.7365,57.0113],[21.7556,56.9854],[21.7029,56.962],[21.6177,57.025],[21.642,57.0634],[21.7212,57.1265],[21.7332,57.166],[21.636,57.1986],[21.636,57.2111],[21.7556,57.2613],[21.7629,57.2791],[21.7242,57.3061],[21.6275,57.3334],[21.6579,57.3483],[21.7442,57.3458],[21.8048,57.3304],[21.8602,57.2925],[21.9018,57.2999],[21.7845,57.3962],[21.8084,57.4901],[21.7839,57.5228],[21.81,57.579],[21.785,57.6406],[21.6837,57.6235],[21.6227,57.5893],[21.5177,57.4635],[21.4483,57.4293],[21.423,57.3848],[21.3372,57.3093],[21.3274,57.0736],[21.2928,57.0243],[21.2561,57.0034],[21.3202,56.9675],[21.3541,56.911],[21.4513,56.8635],[21.4549,56.8416],[21.4168,56.8191],[21.4586,56.8],[21.4565,56.7706],[21.5105,56.7494],[21.5162,56.7312],[21.4121,56.647],[21.3531,56.6329],[21.3145,56.6547],[21.2763,56.6409],[21.247,56.649],[21.2734,56.6812],[21.2536,56.7086],[21.285,56.7624],[21.2405,56.7962],[21.2021,56.7914],[21.1815,56.7553],[21.1517,56.7399],[20.969,56.7307],[20.9004,56.5276],[20.9119,56.4519],[20.8851,56.3376],[20.8963,56.2085],[20.9708,56.0705],[21.1626,56.0862],[21.2005,56.0766],[21.238,56.1231],[21.2274,56.1591],[21.2758,56.173],[21.3287,56.2181],[21.4521,56.2485],[21.4996,56.2931],[21.5395,56.2962],[21.6969,56.3883],[21.7027,56.4093],[21.6535,56.4508],[21.6197,56.5069],[21.672,56.5506],[21.7394,56.5663],[21.6412,56.6189],[21.6096,56.6665],[21.6207,56.6962],[21.6,56.7245],[21.6188,56.7516],[21.6651,56.7619],[21.678,56.7892],[21.7082,56.8015],[21.7924,56.7935],[21.818,56.775],[21.8751,56.7917],[21.941,56.7827],[21.9681,56.7245],[21.9733,56.6535],[22.0012,56.6339],[21.9824,56.6116],[22.0066,56.6046],[21.9781,56.5816],[22.0243,56.5342],[22.0621,56.5273],[22.0707,56.5003],[22.2398,56.4008],[22.3121,56.4099],[22.3492,56.3938],[22.4283,56.4095],[22.5825,56.3899],[22.6874,56.3523],[22.7337,56.372],[22.8999,56.3742],[22.9286,56.3881],[22.921,56.398],[22.9357,56.4107],[22.9692,56.4139],[23.0022,56.4064],[23.0189,56.3706],[23.0051,56.3685],[23.0349,56.3262],[23.1152,56.3081],[23.1767,56.3337],[23.1704,56.3666],[23.3082,56.3814],[23.388,56.3789],[23.439,56.3517],[23.5449,56.3321],[23.6412,56.3618],[23.7737,56.3701],[23.7665,56.3237],[23.8036,56.3421],[24.019,56.3298],[24.0227,56.3107],[24.0492,56.2993],[24.046,56.2797],[24.0978,56.2773],[24.1148,56.2523],[24.1768,56.2509],[24.2901,56.2856],[24.2849,56.3003],[24.4542,56.2582],[24.5795,56.2882],[24.5756,56.3156],[24.6215,56.3452],[24.627,56.3732],[24.6929,56.3786],[24.7057,56.4036],[24.8618,56.4158],[24.8534,56.4341],[24.9,56.447],[24.9188,56.4387],[24.9057,56.4127],[24.9698,56.3629],[24.9733,56.3143],[25.058,56.2596],[25.0893,56.1897],[25.1746,56.1745],[25.2275,56.1917],[25.3136,56.1461],[25.4041,56.1582],[25.4196,56.1452],[25.5047,56.1445],[25.5361,56.1654],[25.5654,56.1399],[25.6018,56.1344],[25.6846,56.1441],[25.6763,56.1299],[25.6945,56.1218],[25.6871,56.093],[25.7001,56.083],[25.8104,56.0568],[25.8587,56.0225],[25.8489,56.0082],[25.8603,55.9997],[26.046,55.9542],[26.1203,55.8795],[26.2038,55.8589],[26.2686,55.7677],[26.3082,55.7448],[26.35,55.7424],[26.3858,55.7045],[26.4428,55.7089],[26.5392,55.6772],[26.7219,55.7008],[26.7837,55.6778],[26.7998,55.698],[26.8704,55.7138],[26.9203,55.7878],[27.0153,55.8288],[27.0976,55.8293],[27.1331,55.8514],[27.2873,55.7852],[27.361,55.8133],[27.4312,55.7941],[27.6129,55.7865],[27.6397,55.8482],[27.6247,55.8923],[27.6532,55.9132],[27.653,55.9295],[27.7542,55.9797],[27.7926,55.9804],[27.8265,56.018],[27.8065,56.0354],[27.9222,56.061],[27.972,56.1198],[28.0446,56.1188],[28.1196,56.1654],[28.179,56.1824],[28.1777,56.2047],[28.1981,56.2091],[28.1842,56.2262],[28.2408,56.276],[28.1901,56.3616],[28.1656,56.3746],[28.1926,56.4449],[28.1295,56.4912],[28.1375,56.5082],[28.095,56.5187],[28.1074,56.5436],[28.1411,56.5517],[28.1435,56.5718],[28.0419,56.5913],[28.0114,56.6367],[28.0125,56.6725],[27.9036,56.7464],[27.9148,56.7728],[27.9445,56.7765],[27.9461,56.8037],[27.9744,56.8114],[27.9711,56.8305],[27.905,56.8211],[27.874,56.8775],[27.7324,56.8571],[27.6459,56.8253],[27.5098,56.6723],[27.427,56.6306],[27.3549,56.6335],[27.358,56.6535],[27.3927,56.6783],[27.3758,56.6892],[27.2098,56.6403],[27.0762,56.6497],[27.06,56.6611],[27.0701,56.706],[27.0595,56.7249],[26.8782,56.7983],[26.8001,56.745],[26.6402,56.7901],[26.5221,56.7232],[26.2478,56.6348],[26.2804,56.5951],[26.2558,56.5723],[26.285,56.5615],[26.2852,56.5284],[26.3152,56.4918],[26.3953,56.4421],[26.3995,56.3833],[26.4151,56.3687],[26.7064,56.3902],[26.8408,56.3319],[26.8635,56.2823],[26.9688,56.2614],[27.012,56.2057],[27.0019,56.1869],[26.7667,56.0857],[26.6656,56.1006],[26.537,56.0915],[26.4395,56.1316],[26.367,56.081],[26.3336,56.0917],[26.334,56.1485],[26.3159,56.1702],[26.2699,56.2027],[26.1829,56.2305],[26.1988,56.2746],[26.1499,56.3826],[26.072,56.4135],[26.0476,56.4516],[25.9373,56.4706],[25.8984,56.4965],[25.7671,56.5296],[25.7358,56.5701],[25.7595,56.5964],[25.7561,56.6136],[25.5638,56.5718],[25.4852,56.5822],[25.4912,56.6102],[25.4179,56.636],[25.3152,56.5905],[25.2949,56.6288],[25.2997,56.6709],[25.2824,56.69],[25.0942,56.7339],[24.9286,56.5831],[24.8559,56.5692],[24.7958,56.5764],[24.7822,56.591],[24.8296,56.648],[24.8811,56.6599],[24.8843,56.6798],[24.8611,56.7001],[24.7283,56.7282],[24.5974,56.7931],[24.531,56.7603],[24.4717,56.761],[24.4454,56.8536],[24.4613,56.8865],[24.4833,56.8957],[24.7246,56.9004],[24.7912,56.9303],[24.8174,56.9782],[24.849,56.9838],[24.9092,56.981],[24.9798,56.9334],[25.1249,56.9463],[25.2547,56.9289],[25.2823,56.9631],[25.3345,56.9814],[25.3959,56.9355],[25.4567,56.9681],[25.4449,56.993],[25.4815,57.0073],[25.4832,57.0355],[25.6494,57.0316],[25.662,57.0639],[25.6531,57.1347],[25.5043,57.1973],[25.4792,57.279],[25.4067,57.324],[25.45,57.3564],[25.5129,57.367],[25.5152,57.3885],[25.4783,57.441],[25.5096,57.4525],[25.5337,57.4306],[25.5882,57.4639],[25.7285,57.4943],[25.9024,57.4942],[25.9436,57.5061],[25.9415,57.527],[25.9786,57.5458],[26.1078,57.5557],[26.1154,57.6499],[26.1987,57.7092],[26.1735,57.7292],[26.0474,57.756],[26.0266,57.7788],[26.1276,57.8187],[26.147,57.8407],[26.0857,57.8903],[26.0468,57.9466],[26.0639,58.0986],[26.0525,58.1441],[26.0352,58.1554],[26.0406,58.1758],[26.0041,58.1939],[25.9817,58.245],[25.9159,58.2974],[25.912,58.3191],[25.965,58.35],[25.9677,58.391],[26.0425,58.4078],[26.1397,58.3853],[26.1747,58.4093],[26.2325,58.4194],[26.2606,58.407],[26.4122,58.4543],[26.4207,58.4985],[26.3505,58.5358],[26.3895,58.5599],[26.4276,58.6136],[26.3888,58.6291],[26.3908,58.6796],[26.4292,58.6949],[26.4283,58.7143],[26.4671,58.743],[26.527,58.7572],[26.6201,58.7304],[26.6362,58.7475],[26.6777,58.7514],[26.7003,58.7435],[26.6751,58.7208],[26.7778,58.6853],[26.7982,58.6861],[26.8034,58.7006],[26.7816,58.7123],[26.8032,58.7343],[26.8681,58.7145],[26.9154,58.7305],[26.9356,58.7599],[27.056,58.7611],[26.9598,58.7972],[26.9476,58.8168],[26.9538,58.8634],[27.0267,58.9307],[27.1193,58.9656],[27.4117,59.0064],[27.5969,59.0088],[27.7425,58.9916],[27.7449,59.027],[27.7666,59.0329],[27.7921,59.0704],[27.8102,59.13],[27.8897,59.1852],[27.9032,59.2408],[28.0194,59.2856],[28.1297,59.291],[28.2007,59.3579],[28.2083,59.3795],[28.1929,59.3993],[28.0892,59.457],[27.9492,59.4906],[27.9053,59.4529],[27.8218,59.4454],[27.7444,59.4666],[27.6441,59.4612],[27.4141,59.4934],[26.9762,59.4834],[26.7976,59.5614],[26.5963,59.6098],[26.6251,59.6433],[26.6237,59.6702],[26.5407,59.7222],[26.4853,59.7241],[26.4277,59.7028],[26.417,59.6672],[26.4764,59.6021],[26.4217,59.5985],[26.2815,59.6329],[26.174,59.6306],[26.0811,59.6741],[25.9172,59.6771],[25.8494,59.7242],[25.7883,59.734],[25.6519,59.7117],[25.5732,59.6809],[25.4569,59.6937],[25.3948,59.6549],[25.2729,59.6681],[25.2162,59.6315],[25.1707,59.6297],[25.039,59.6839],[24.965,59.6938],[24.8896,59.6713],[24.8775,59.6109],[24.7439,59.6369],[24.6234,59.5993],[24.5703,59.6433],[24.4643,59.643],[24.3854,59.5891],[24.3825,59.5616],[24.4047,59.5267],[24.294,59.5071],[24.2464,59.461],[24.1093,59.4309],[24.0333,59.4365],[23.9555,59.4089],[23.8038,59.3867],[23.7708,59.3645],[23.7682,59.3311],[23.6602,59.3036],[23.7599,59.2002],[23.9008,59.1349],[23.9817,59.1394],[24.1063,59.1206],[24.1487,59.0757],[24.2156,59.0629],[24.2438,59.0186],[24.3194,59.0004],[24.4128,59.0343],[24.548,58.9846],[24.5642,58.948],[24.4971,58.9399],[24.502,58.9298],[24.5693,58.9187],[24.5759,58.8877],[24.6078,58.8535],[24.7104,58.8336],[24.6921,58.763],[24.7013,58.7479],[24.8101,58.736],[24.8576,58.7618]]],[[[23.5227,59.2757],[23.4843,59.3211],[23.3856,59.352],[23.2993,59.3385],[23.2688,59.3056],[23.2983,59.2652],[23.4006,59.224],[23.5227,59.2757]]]]},"properties":{"id":"Q156020","names":{"ar":"إمارة نظام التيوتون","be":"Дзяржава Тэўтонскага ордэна","bg":"Държава на Тевтонския орден","ca":"Estat de l'Orde Teutònic","cs":"Stát Řádu německých rytířů","da":"Den Tyske Ordensstat","de":"Deutschordensstaat","el":"Κράτος του Τευτονικού Τάγματος","en":"State of the Teutonic Order","es":"Estado monástico de los Caballeros Teutónicos","et":"Saksa ordu riik","eu":"Ordena Teutonikoaren Estatua","fa":"دولت شوالیه‌های تتونیک","fr":"État monastique des chevaliers Teutoniques","he":"מדינת המסדר הטווטוני","hu":"A Német Lovagrend állama","hy":"Տևտոնական միաբանություն","id":"Negara Ordo Teutonik","is":"Ríki Þýsku riddaranna","it":"Stato monastico dei Cavalieri Teutonici","ja":"ドイツ騎士団国","ka":"ტევტონთა ორდენის სახელმწიფო","ko":"튜튼 기사단국","la":"Civitas Ordinis Theutonici","lt":"Vokiečių ordino valstybė","lv":"Vācu ordeņa valsts","nb":"De tyske riddernes ordensstat","nl":"Duitse Ordestaat","nn":"Klosterstaten til Den tyske riddarordenen","pl":"Państwo zakonu krzyżackiego","pt":"Estado da Ordem Teutónica","ro":"Statul monastic al Cavalerilor Teutoni","ru":"Государство Тевтонского ордена","sl":"Država Tevtonskega reda","sr":"Монашка држава Тевтонског реда","sv":"Tyska ordensstaten","th":"รัฐอัศวินทิวทัน","tr":"Töton Şövalyeleri Devleti","uk":"Держава Тевтонського ордену","vi":"Deutschordensstaat","zh":"条顿骑士团国"},"from":1237,"to":1558,"wikidata":"Q156020","adminLevel":2,"source":"OpenHistoricalMap","sourceUrl":"https://www.openhistoricalmap.org"}},{"type":"Feature","geometry":{"type":"MultiPolygon","coordinates":[[[[24.6133,56.7894],[24.7283,56.7282],[24.8801,56.6865],[24.8819,56.6644],[24.828,56.6466],[24.7877,56.5978],[24.7984,56.5758],[24.9267,56.5819],[25.1001,56.7341],[25.2898,56.6851],[25.3095,56.5948],[25.4179,56.636],[25.4912,56.6102],[25.4845,56.5894],[25.5003,56.5769],[25.5638,56.5718],[25.7485,56.6156],[25.7605,56.6058],[25.7365,56.5754],[25.7616,56.5339],[25.8984,56.4965],[25.9373,56.4706],[26.0422,56.4537],[26.0766,56.4115],[26.1464,56.3844],[26.2009,56.2732],[26.1829,56.2305],[26.2665,56.2044],[26.3159,56.1702],[26.334,56.1485],[26.3448,56.0842],[26.3787,56.0821],[26.414,56.1232],[26.4451,56.1315],[26.5422,56.0907],[26.6656,56.1006],[26.7667,56.0857],[27.0141,56.2015],[26.9735,56.258],[26.8586,56.2842],[26.8371,56.3344],[26.7113,56.389],[26.413,56.3694],[26.3986,56.3866],[26.3972,56.4393],[26.318,56.4892],[26.2836,56.5344],[26.2888,56.558],[26.2558,56.5744],[26.2812,56.5966],[26.2478,56.6348],[26.5221,56.7232],[26.6427,56.7907],[26.8053,56.7451],[26.8819,56.7985],[27.0564,56.7275],[27.0699,56.7088],[27.0698,56.6512],[27.2098,56.6403],[27.3695,56.6896],[27.3928,56.6847],[27.3528,56.6472],[27.3603,56.6312],[27.4617,56.6398],[27.554,56.7154],[27.6594,56.8343],[27.6767,56.8995],[27.7576,56.987],[27.7359,57.0235],[27.7314,57.1179],[27.8209,57.1624],[27.8252,57.2118],[27.8676,57.2396],[27.8766,57.27],[27.8411,57.3308],[27.7777,57.3443],[27.6461,57.4096],[27.4966,57.4191],[27.4578,57.4417],[27.3969,57.4433],[27.3645,57.4247],[27.3665,57.3806],[27.3891,57.342],[27.3726,57.2979],[27.3195,57.2642],[27.2224,57.2348],[27.1594,57.2284],[27.0585,57.2482],[27.0487,57.254],[27.0725,57.2648],[27.0593,57.2745],[26.9631,57.3054],[26.9505,57.3039],[26.9755,57.2337],[26.965,57.2276],[26.8698,57.2676],[26.853,57.3108],[26.7679,57.3248],[26.7194,57.3067],[26.6275,57.3412],[26.5452,57.3323],[26.562,57.2789],[26.5236,57.2576],[26.4955,57.3085],[26.4239,57.3739],[26.2945,57.3804],[26.3446,57.4655],[26.2142,57.4377],[26.1887,57.4479],[26.2527,57.505],[26.2343,57.5268],[26.2893,57.5859],[26.2407,57.6333],[26.242,57.6506],[26.1813,57.6866],[26.1199,57.6556],[26.1016,57.5534],[25.9839,57.5476],[25.945,57.532],[25.9434,57.5084],[25.8973,57.4933],[25.6946,57.4889],[25.5601,57.4539],[25.536,57.4308],[25.5053,57.4534],[25.4846,57.4479],[25.4813,57.4292],[25.5174,57.3733],[25.4446,57.3542],[25.4067,57.324],[25.4805,57.2779],[25.5072,57.1955],[25.6091,57.164],[25.6556,57.1312],[25.6508,57.0328],[25.4815,57.034],[25.4871,57.0132],[25.4449,56.993],[25.459,56.9698],[25.3997,56.9359],[25.3269,56.9817],[25.2473,56.929],[25.1303,56.9462],[24.9845,56.9323],[24.9196,56.9766],[24.8626,56.9851],[24.8171,56.9764],[24.7862,56.9263],[24.7246,56.9004],[24.5034,56.8983],[24.4532,56.8759],[24.4462,56.8397],[24.4677,56.763],[24.531,56.7603],[24.5635,56.7872],[24.6133,56.7894]]],[[[24.4093,57.8717],[24.3563,57.8762],[24.3338,57.8188],[24.3442,57.6995],[24.3863,57.6152],[24.3648,57.5818],[24.3624,57.5418],[24.3798,57.5133],[24.4118,57.2715],[24.368,57.2154],[24.2656,57.1601],[24.2762,57.1346],[24.3384,57.1165],[24.3341,57.0812],[24.3765,57.07],[24.4623,57.0826],[24.5704,57.1396],[24.666,57.1245],[24.7548,57.1509],[24.8206,57.1448],[24.8866,57.1883],[24.893,57.2154],[24.9307,57.2455],[25.0574,57.253],[25.1157,57.2773],[25.1752,57.2702],[25.2065,57.2874],[25.2208,57.3046],[25.1799,57.3508],[25.1927,57.3828],[25.1301,57.3745],[25.1478,57.4221],[25.3116,57.4045],[25.2909,57.4376],[25.3074,57.4699],[25.1814,57.5449],[25.1799,57.6087],[25.0492,57.6806],[24.9707,57.6963],[24.9487,57.7328],[24.9826,57.7599],[24.9824,57.7797],[24.8956,57.8287],[24.8754,57.8981],[24.8239,57.901],[24.7158,57.9601],[24.6497,57.9155],[24.5422,57.9346],[24.4636,57.9238],[24.4093,57.8717]]]]},"properties":{"id":"Q15471939","names":{"ca":"Arxidiòcesi de Riga","da":"Riga ærkebispedømme","de":"Erzbistum Riga","el":"Αρχιεπισκοπή της Ρίγας","en":"Archbishopric of Riga","et":"Riia peapiiskopkond","eu":"Rigako artzapezpiku-hiria","fa":"اسقف‌نشین ریگا","fi":"Riian arkkihiippakunta","fr":"Archidiocèse médiéval de Riga","ja":"リガ大司教領","ko":"리가 대주교령","la":"Archiepiscopatus Rigensis","lt":"Rygos arkivyskupija","lv":"Rīgas arhibīskapija","nds":"Erzbisdom Riga","nl":"Prinsbisdom Riga","pl":"Archidiecezja ryska","ru":"Рижское архиепископство","sr":"Ришка надбискупија","sv":"Ärkebiskopsdömet Riga","uk":"Ризьке архієпископство","zh":"里加大主教領"},"from":1186,"to":1563,"wikidata":"Q15471939","adminLevel":2,"source":"OpenHistoricalMap","sourceUrl":"https://www.openhistoricalmap.org"}},{"type":"Feature","geometry":{"type":"MultiPolygon","coordinates":[[[[-2.6548,49.3737],[-2.5181,49.3701],[-2.4598,49.4023],[-2.4109,49.3596],[-2.3553,49.3518],[-2.3056,49.3723],[-2.2606,49.4336],[-2.2775,49.4705],[-2.3358,49.497],[-2.3414,49.5321],[-2.3717,49.553],[-2.5643,49.5554],[-2.7454,49.4822],[-2.7425,49.4064],[-2.6548,49.3737]]],[[[-2.1369,49.7783],[-2.2433,49.7875],[-2.3357,49.7672],[-2.4026,49.77],[-2.4489,49.748],[-2.4619,49.7162],[-2.4451,49.6891],[-2.4087,49.673],[-2.3084,49.691],[-2.2599,49.6563],[-2.1892,49.6499],[-2.085,49.7098],[-2.0888,49.7511],[-2.1369,49.7783]]]]},"properties":{"id":"Q25230","names":{"en":"Guernsey","ko":"건지섬"},"from":1290,"to":1987.3682795698924,"wikidata":"Q25230","adminLevel":2,"source":"OpenHistoricalMap","sourceUrl":"https://www.openhistoricalmap.org"}},{"type":"Feature","geometry":{"type":"MultiPolygon","coordinates":[[[[-2.2656,49.3317],[-2.3284,49.2604],[-2.3116,49.2101],[-2.3246,49.1898],[-2.3177,49.1568],[-2.2672,49.1305],[-2.1087,49.1175],[-2.0565,49.0982],[-1.9894,49.1154],[-1.9543,49.1522],[-1.9434,49.234],[-1.8741,49.2466],[-1.8377,49.2944],[-1.8823,49.3364],[-2.0138,49.3515],[-2.0841,49.3388],[-2.1145,49.2969],[-2.1623,49.3422],[-2.2132,49.3489],[-2.2656,49.3317]]],[[[-2.1233,48.9078],[-2.0114,48.9217],[-1.9821,48.9516],[-1.9864,48.9907],[-2.0977,49.0482],[-2.1845,49.0533],[-2.2384,49.0296],[-2.2526,48.9623],[-2.2395,48.9333],[-2.2055,48.9148],[-2.1233,48.9078]]]]},"properties":{"id":"Q785","names":{"en":"Jersey","ko":"저지섬"},"from":1290,"to":1987.3682795698924,"wikidata":"Q785","adminLevel":2,"source":"OpenHistoricalMap","sourceUrl":"https://www.openhistoricalmap.org"}},{"type":"Feature","geometry":{"type":"Polygon","coordinates":[[[-7.8452,41.8813],[-7.8014,41.8862],[-7.811,41.9513],[-7.848,41.9186],[-7.8452,41.8813]]]},"properties":{"id":"Q953432","names":{"ca":"Couto Mixto","de":"Couto Mixto","es":"Coto Mixto","eu":"Couto Mixto","gl":"Couto Mixto","ko":"코투미스투","mk":"Куто Мисто","ru":"Коту-Мишту","uk":"Коту-Мішту","zh":"库托米斯托","en":"Couto Misto"},"from":1000,"to":1868,"wikidata":"Q953432","adminLevel":2,"source":"OpenHistoricalMap","sourceUrl":"https://www.openhistoricalmap.org"}},{"type":"Feature","geometry":{"type":"Polygon","coordinates":[[[47.021,44.7407],[47.0339,44.7764],[47.0866,44.7488],[47.1645,44.7631],[47.2596,44.8416],[47.3008,44.9317],[47.3075,44.9945],[47.3558,45.0764],[47.3688,45.1442],[47.4265,45.2168],[47.4847,45.2488],[47.5343,45.4047],[47.6097,45.4799],[47.6316,45.5296],[47.7073,45.5841],[47.7369,45.648],[47.7797,45.6767],[47.8454,45.7015],[48.1376,45.7034],[48.2631,45.7333],[48.4324,45.9286],[48.5107,45.9769],[48.5823,45.9045],[48.6464,45.8978],[48.736,45.9252],[48.7715,45.9588],[48.7978,46.0251],[48.9749,46.1107],[49.0839,46.2236],[49.1221,46.306],[49.1253,46.4099],[49.1475,46.4329],[49.236,46.4317],[49.3249,46.4065],[49.5987,46.4455],[49.7598,46.4001],[49.8275,46.4083],[49.928,46.4543],[49.9676,46.4927],[49.9843,46.5415],[50.0681,46.5616],[50.175,46.6609],[50.2285,46.6522],[50.2777,46.6638],[50.352,46.7355],[50.4021,46.7282],[50.4669,46.7474],[50.5008,46.725],[50.5787,46.7199],[50.6297,46.7449],[50.6647,46.8165],[50.7618,46.813],[50.8271,46.8758],[50.9112,46.9117],[50.2954,47.13],[48.9111,47.6654],[47.0764,48.5021],[46.1096,48.8213],[44.8846,49.0523],[44.5866,48.7571],[44.4727,48.6737],[44.4435,48.6252],[44.6265,47.6358],[44.7363,46.9128],[45,45.8441],[45.0879,44.371],[45.1977,43.9137],[45.3931,43.6355],[45.449,43.6041],[45.4924,43.5514],[45.5484,43.561],[45.696,43.5435],[45.8216,43.5052],[45.9804,43.4242],[46.0173,43.4232],[46.0431,43.4349],[46.0407,43.4474],[46.1034,43.4573],[46.1457,43.4389],[46.1802,43.448],[46.2139,43.4159],[46.2707,43.4394],[46.2722,43.42],[46.3121,43.4339],[46.3102,43.4574],[46.3709,43.4719],[46.3867,43.4799],[46.3813,43.4949],[46.4071,43.5022],[46.4136,43.5301],[46.4335,43.5383],[46.4308,43.5749],[46.4125,43.5942],[46.4459,43.6281],[46.4551,43.6631],[46.5356,43.7283],[46.6368,43.7294],[46.7773,43.775],[46.8209,43.7607],[46.8545,43.7742],[46.8614,43.7554],[47.005,43.7696],[47.0936,43.7612],[47.1931,43.7116],[47.3044,43.6947],[47.406,43.6053],[47.6238,43.5858],[47.6257,43.65],[47.682,43.7597],[47.7734,43.8593],[47.9128,43.9483],[47.9257,44.0044],[47.8667,44.0387],[47.658,44.0506],[47.6003,44.0259],[47.5495,43.9394],[47.5104,43.9197],[47.4905,43.9281],[47.3507,44.1144],[47.2882,44.2512],[47.2303,44.284],[47.1395,44.2833],[47.0905,44.3804],[46.9772,44.4657],[46.9342,44.619],[46.9986,44.6545],[47.021,44.7407]]]},"properties":{"id":"Q210163","names":{"ar":"خانية أستراخان","az":"Həştərxan xanlığı","ba":"Әстерхан ханлығы","be":"Астраханскае ханства","bg":"Астраханско ханство","ca":"Kanat d'Astracan","cs":"Astrachaňský chanát","cv":"Аçтăрхан ханлăхĕ","da":"Astrakhan-khanatet","de":"Khanat Astrachan","el":"Χανάτο του Άστραχαν","es":"Kanato de Astracán","et":"Astrahani khaaniriik","fa":"خانات آستراخان","fi":"Astrahanin kaanikunta","fr":"Khanat d'Astrakhan","he":"חאנות אסטרחן","hi":"आस्त्राख़ान ख़ानत","hu":"Asztrahányi Kánság","id":"Kekhanan Astrakhan","it":"Khanato di Astrachan'","ja":"アストラハン・ハン国","ka":"ასტრახანის სახანო","kk":"Астрахан хандығы","ko":"아스트라한 칸국","ky":"Астрахань хандыгы","lt":"Astrachanės chanatas","lv":"Astrahaņas hani","mn":"Астраханийн ханлиг","nb":"Astrakhan-khanatet","nl":"Kanaat Astrachan","pa":"ਖਨਾਨ ਅਸਤਰਾਖਾਨ","pl":"Chanat Astrachański","pt":"Canato de Astracã","ro":"Hanatul Astrahanului","ru":"Астраханское ханство","sl":"Astrahanski kanat","sr":"Астрахански канат","sv":"Astrachankhanatet","ta":"அசுதிரகான் கானரசு","tr":"Astrahan Hanlığı","tt":"Әстерхан ханлыгы","uk":"Астраханське ханство","ur":"خانیت استراخان","uz":"Ashtarxon xonligi","zh":"阿斯特拉罕汗國","en":"Khanate of Astrakhan"},"from":1502,"to":1556,"wikidata":"Q210163","adminLevel":2,"source":"OpenHistoricalMap","sourceUrl":"https://www.openhistoricalmap.org"}},{"type":"Feature","geometry":{"type":"MultiPolygon","coordinates":[[[[47.5323,43.0358],[47.5337,43.112],[47.6257,43.2882],[47.5584,43.418],[47.5874,43.5375],[47.6238,43.5858],[47.406,43.6053],[47.3044,43.6947],[47.1931,43.7116],[47.0936,43.7612],[47.005,43.7696],[46.8651,43.7534],[46.8545,43.7742],[46.8209,43.7607],[46.7773,43.775],[46.626,43.7275],[46.5508,43.7364],[46.518,43.7134],[46.4597,43.6672],[46.4133,43.59],[46.4285,43.58],[46.4332,43.5362],[46.4096,43.5263],[46.3867,43.4799],[46.3312,43.4561],[46.3069,43.4629],[46.3126,43.4363],[46.2722,43.42],[46.2707,43.4394],[46.2139,43.4159],[46.2094,43.4338],[46.1749,43.449],[46.1404,43.4399],[46.1208,43.4543],[46.0668,43.454],[45.9859,43.4205],[45.8297,43.5021],[45.696,43.5435],[45.5238,43.5621],[45.4992,43.5498],[45.4416,43.6108],[45.3998,43.6313],[45.1977,43.9137],[45.0879,44.371],[45,45.8441],[44.7363,46.9128],[44.6265,47.6358],[44.4435,48.6252],[44.4727,48.6737],[44.5866,48.7571],[44.8846,49.0523],[44.9863,49.2821],[45.162,49.5911],[45.3131,49.8096],[45.3433,49.8982],[45.4889,50.1118],[45.5933,50.2015],[45.8102,50.3455],[45.8871,50.419],[45.8487,50.5047],[45.7416,50.5832],[45.6921,50.6425],[45.7059,50.7069],[45.8267,50.759],[45.9998,50.8077],[46.0794,50.8822],[46.0492,50.955],[45.9036,51.0828],[45.8711,51.182],[42.7203,54.6611],[42.7038,54.8956],[42.572,55.2541],[42.5171,55.6342],[42.6489,55.9],[42.9346,56.1945],[43.1982,56.511],[43.374,56.7588],[43.385,57.0108],[43.352,57.2909],[43.4509,57.4863],[43.8245,57.7511],[44.198,57.9324],[43.5718,57.979],[42.7368,57.9557],[42.3962,57.9673],[41.9018,58.0837],[42.4072,58.488],[43.9783,59.159],[44.7253,59.5789],[45.0872,59.8656],[47.846,59.9258],[48.9189,59.9855],[49.6639,60.0971],[50.1705,60.2602],[50.4238,60.2232],[50.6324,59.9781],[51.5861,58.4765],[53.2252,58.7558],[54.6556,58.7945],[55.3261,59.2393],[56.1457,59.6785],[57.442,60.2528],[59.096,60.6788],[67.5,61.8604],[67.3808,62.0566],[66.7699,62.2653],[65.5033,62.5963],[64.8924,63.0658],[65.3692,63.4746],[65.8013,63.8777],[65.9354,64.3009],[65.7119,64.7622],[65.4735,65.172],[65.6076,65.4707],[65.8311,66.2086],[66.7699,68.0269],[67.2058,68.6921],[67.4915,68.7152],[67.5424,68.7426],[67.5509,68.7715],[67.5375,68.7959],[67.3915,68.8608],[66.7042,68.9328],[66.65,68.9775],[66.5441,69.0295],[66.2626,69.1212],[65.4818,69.2151],[65.3501,69.2445],[65.2408,69.3011],[65.1096,69.3215],[64.6309,69.4795],[64.3911,69.5451],[63.9394,69.6361],[62.7639,69.7731],[62.2237,69.7812],[61.8811,69.8005],[61.7655,69.8238],[61.5576,69.8201],[61.4838,69.8302],[61.3007,69.9023],[61.1984,69.9169],[61.0021,69.8979],[60.8253,69.9166],[60.6217,69.878],[60.6391,69.9136],[60.5793,69.958],[60.365,70.0162],[60.2104,70.0818],[60.2063,70.106],[60.1569,70.1322],[59.9748,70.1471],[59.9056,70.1909],[59.7064,70.2508],[59.553,70.3345],[59.5136,70.3732],[59.2378,70.46],[59.1832,70.5022],[59.0222,70.5199],[58.8553,70.4797],[58.7607,70.5066],[58.6125,70.5103],[58.5391,70.4934],[58.5076,70.4699],[58.5228,70.4274],[58.5456,70.4128],[58.3589,70.4207],[58.2483,70.389],[58.2415,70.3538],[58.2971,70.3044],[58.1686,70.2716],[58.158,70.2514],[58.1824,70.2046],[58.2265,70.1783],[58.3876,70.1344],[58.4773,70.0349],[58.5561,69.9894],[58.6797,69.9324],[58.8347,69.8934],[58.8925,69.8489],[58.9763,69.8185],[59.0889,69.8003],[59.2015,69.803],[59.305,69.7646],[59.4128,69.7643],[59.3645,69.7338],[59.3754,69.7031],[59.5093,69.6635],[59.9397,69.6071],[60.0369,69.6088],[60.0267,69.5561],[60.0585,69.5291],[60.0786,69.4843],[60.4807,69.2347],[60.4917,69.2134],[60.4816,69.1443],[60.5287,69.0892],[60.619,69.0526],[60.7814,69.0352],[60.8075,68.9754],[60.7851,68.9256],[60.6617,68.8836],[60.5916,68.8227],[60.4215,68.7479],[60.1243,68.7311],[60.0184,68.7591],[59.9183,68.7622],[59.8475,68.7461],[59.6922,68.6738],[59.6561,68.6394],[59.6769,68.5807],[59.8031,68.5014],[59.8305,68.4537],[59.7305,68.4046],[59.6414,68.3841],[59.2666,68.4394],[59.3268,68.5202],[59.2715,68.5639],[59.3296,68.6156],[59.5466,68.6281],[59.607,68.6503],[59.629,68.6813],[59.6208,68.7017],[59.5546,68.737],[59.5685,68.7787],[59.5474,68.8055],[59.4486,68.8345],[59.3069,68.9086],[59.4041,68.9223],[59.4554,68.9458],[59.5649,68.9415],[59.6532,68.9606],[59.6874,68.9902],[59.657,69.0511],[59.4917,69.1254],[59.4622,69.1539],[59.4496,69.2325],[59.3991,69.2729],[59.222,69.3295],[58.9243,69.3853],[58.8466,69.4304],[58.7308,69.4453],[58.7245,69.4881],[58.6571,69.5238],[58.4367,69.5361],[58.3403,69.5043],[58.3067,69.4679],[58.3141,69.4468],[58.3777,69.4158],[58.4903,69.3985],[58.4858,69.3779],[58.5135,69.3526],[58.7621,69.2573],[59.0465,69.2028],[59.0928,69.1208],[59.1543,69.0829],[59.2383,69.0628],[59.2638,69.0328],[59.0329,69.0388],[58.7462,69.0144],[57.7206,68.8238],[57.2091,68.7731],[57.1269,68.7496],[57.023,68.6854],[57.0173,68.6599],[57.0323,68.6399],[57.1395,68.6085],[57.2477,68.6151],[57.3536,68.6582],[57.3469,68.6161],[57.2662,68.584],[57.0938,68.5799],[56.9708,68.5983],[56.8638,68.645],[56.6603,68.6744],[56.3268,68.6413],[56.1771,68.6845],[56.0439,68.6973],[55.8812,68.6836],[55.603,68.6048],[55.3401,68.6019],[54.8925,68.457],[54.8112,68.3736],[54.7105,68.3307],[54.7124,68.2869],[54.7651,68.2552],[54.7535,68.2411],[54.6346,68.3248],[54.5649,68.3435],[54.5514,68.3759],[54.4949,68.3986],[54.3689,68.4039],[54.2295,68.3753],[54.1216,68.3845],[54.0933,68.3994],[54.0781,68.4769],[54.041,68.5311],[53.8799,68.628],[53.9884,68.6763],[54.0047,68.696],[54.0047,68.7423],[54.1065,68.7773],[54.191,68.7542],[54.4107,68.7335],[54.4997,68.7472],[54.5567,68.7821],[54.5539,68.8027],[54.5186,68.8274],[54.3877,68.8649],[54.092,68.8774],[54.4326,68.9045],[54.5617,68.8836],[54.7804,68.9005],[54.9159,68.8624],[55.0335,68.8592],[55.1472,68.8772],[55.2716,68.8473],[55.4034,68.8487],[55.5808,68.8195],[55.7137,68.8459],[55.7467,68.8875],[55.7439,68.9112],[55.6696,68.9465],[55.5069,68.9756],[55.224,68.9773],[55.1379,68.9646],[55.0191,68.9846],[54.9123,69.0243],[54.7798,69.0188],[54.5401,69.0428],[54.0418,69.0318],[53.6128,68.9839],[53.357,68.9432],[52.9203,68.8428],[52.0686,68.6052],[51.6917,68.5471],[51.1798,68.5439],[50.96,68.511],[50.781,68.4553],[50.5802,68.3403],[50.0701,68.1595],[49.205,67.9155],[48.9258,67.8818],[48.8537,67.8937],[48.6827,67.9586],[48.5112,67.9541],[48.4625,67.9261],[48.4634,67.9011],[48.6413,67.8213],[48.6294,67.7506],[48.4621,67.6991],[48.3856,67.7173],[48.2956,67.7154],[48.1209,67.6714],[48.0247,67.6931],[47.9461,67.6915],[47.72,67.6055],[47.7024,67.5728],[47.7294,67.5163],[47.8017,67.4608],[47.7598,67.4101],[47.6342,67.3378],[47.6439,67.2557],[47.5582,67.1975],[47.5914,67.1414],[47.6244,67.1221],[47.6223,67.0486],[47.5364,66.9795],[47.4857,66.9657],[47.3339,66.9655],[46.9151,66.8941],[46.7083,66.8797],[46.6409,66.9094],[46.5685,66.9197],[46.3998,66.9123],[46.1984,66.8784],[45.9698,66.9092],[45.9149,66.932],[45.8319,67.0043],[45.8141,67.0467],[45.759,67.0866],[45.7504,67.1389],[45.6902,67.1898],[45.1839,67.3035],[45.0455,67.3571],[45.039,67.3766],[45.0628,67.4318],[45.1292,67.4841],[45.2492,67.5293],[45.3416,67.5283],[45.4227,67.5551],[45.4813,67.6378],[45.4703,67.6725],[45.5504,67.6995],[45.8746,67.7048],[45.9943,67.7335],[46.3497,67.7683],[46.7035,67.7544],[46.8186,67.7893],[46.8476,67.846],[46.8342,67.8996],[46.6705,68.035],[46.6607,68.1334],[46.4301,68.2586],[46.4968,68.284],[46.5136,68.3139],[46.5011,68.3451],[46.4637,68.3714],[46.3891,68.3982],[46.2792,68.4101],[46.0573,68.4816],[45.5044,68.5718],[45.038,68.5997],[44.0896,68.5822],[43.892,68.6255],[43.8151,68.6591],[43.5106,68.7115],[43.2344,68.7105],[43.1734,68.693],[43.1421,68.6598],[43.2046,68.5905],[43.4486,68.4905],[43.8809,68.3641],[44.0824,68.281],[44.0884,68.2076],[44.0565,68.0838],[44.009,68.0095],[44.0279,67.9576],[43.9732,67.8512],[43.9759,67.8121],[44.0058,67.7838],[44.0023,67.761],[43.9378,67.6962],[43.9066,67.6271],[43.8163,67.5477],[43.6731,67.364],[43.6327,67.2625],[43.6452,67.194],[43.6895,67.1591],[43.8589,67.1055],[44.0531,67.1041],[44.1636,67.0455],[44.2007,67.0063],[44.3547,66.9114],[44.3363,66.8792],[44.3498,66.8453],[44.2638,66.8176],[44.2246,66.7786],[44.2633,66.7092],[44.3271,66.667],[44.2507,66.5765],[44.2447,66.5404],[44.1062,66.453],[44.0654,66.3931],[44.0109,66.3514],[43.943,66.2376],[43.81,66.2484],[43.686,66.3321],[43.4637,66.3754],[43.4116,66.4219],[43.3179,66.4583],[43.1298,66.4684],[42.7522,66.4509],[42.6621,66.4907],[42.3772,66.554],[42.2301,66.5676],[42.1138,66.5543],[41.997,66.5144],[41.8465,66.3885],[41.7412,66.3518],[41.6196,66.255],[41.482,66.2017],[41.3822,66.1435],[41.0026,66.0624],[40.6331,66.0185],[40.3218,65.8226],[40.0634,65.7308],[39.7862,65.6674],[39.6755,65.6116],[39.6101,65.5471],[39.5725,65.4495],[39.5873,65.3436],[39.6568,65.2857],[39.7983,65.2101],[39.9057,65.1246],[39.9261,65.0906],[40.0257,65.0315],[40.0841,64.9345],[40.0889,64.8971],[40.1368,64.8433],[39.8753,64.8016],[39.7278,64.7142],[39.6542,64.6075],[39.5801,64.6048],[39.3684,64.6858],[39.1672,64.7144],[38.9522,64.7858],[38.6097,64.8211],[38.4064,64.8968],[38.1544,64.8995],[37.9847,64.93],[37.8399,64.9817],[37.8233,65.0376],[37.7429,65.0799],[37.2468,65.1932],[37.0661,65.2212],[36.9715,65.2199],[36.9212,65.2511],[36.8438,65.2645],[36.7562,65.2581],[36.6799,65.2288],[36.6624,65.1894],[36.7068,65.1539],[36.6976,65.1138],[36.7302,65.0783],[36.6746,64.9927],[36.6081,64.9757],[36.503,64.9875],[36.396,64.977],[36.3192,64.9357],[36.3157,64.8983],[36.3459,64.8408],[36.3779,64.8167],[36.4261,64.6912],[36.5002,64.6653],[36.6145,64.6648],[36.8118,64.4986],[37.0246,64.3617],[37.3132,64.2885],[37.2349,64.246],[37.2397,64.213],[37.2908,64.1837],[37.4028,64.1726],[37.4884,64.2001],[37.5028,64.2204],[37.4885,64.2516],[37.3823,64.2893],[37.4952,64.3251],[37.6239,64.3024],[37.718,64.3214],[37.7948,64.3026],[37.8256,64.2749],[37.7784,64.2416],[37.7729,64.1949],[37.8279,64.1323],[37.8774,64.1123],[37.9144,64.0752],[37.9122,64.0566],[37.814,64.0948],[37.6973,64.0789],[37.6634,64.0504],[37.664,64.0291],[37.7425,63.9839],[37.7647,63.955],[37.5709,63.9308],[37.5191,63.8964],[37.5129,63.8539],[37.4413,63.8426],[37.3942,63.8478],[37.4208,63.8868],[37.3997,63.9177],[37.3059,63.9419],[37.2971,63.9655],[37.2603,63.9874],[37.2794,64.0306],[37.2579,64.0585],[37.3016,64.0733],[37.3291,64.1023],[37.3341,64.1365],[37.3067,64.1654],[37.1772,64.2041],[37.0639,64.189],[37.0211,64.1517],[37.0355,64.121],[37.0967,64.0799],[37.0575,64.0671],[37.0245,64.0937],[36.9699,64.1078],[36.9584,64.1644],[36.8731,64.1996],[36.8272,64.2507],[36.6414,64.3063],[36.6121,64.3461],[36.5458,64.3764],[36.4309,64.3944],[36.334,64.3783],[36.2937,64.4196],[36.2142,64.4425],[36.0272,64.4333],[35.7155,64.4616],[35.6888,64.4791],[35.7375,64.5078],[35.7415,64.545],[35.8177,64.577],[35.832,64.6079],[35.7666,64.6631],[35.6342,64.733],[35.4659,64.738],[35.3651,64.6865],[35.3656,64.6551],[35.389,64.6368],[35.4859,64.6176],[35.5479,64.5788],[35.496,64.5444],[35.4955,64.5121],[35.5288,64.4855],[35.4956,64.4709],[35.4321,64.4614],[35.3502,64.4963],[35.3612,64.5178],[35.352,64.5384],[35.2895,64.5674],[35.2041,64.5727],[35.1317,64.5532],[35.0688,64.5644],[35.2018,64.6452],[35.2058,64.6725],[35.1761,64.7019],[35.2183,64.7229],[35.2326,64.7539],[35.3151,64.7625],[35.3654,64.7915],[35.3666,64.8226],[35.348,64.8417],[35.2315,64.8651],[35.3524,64.8984],[35.4759,64.8943],[35.5389,64.9182],[35.6307,64.9027],[35.8022,64.9042],[36.0748,64.9689],[36.1432,65.0169],[36.1421,65.0495],[36.1185,65.0757],[36.3301,65.1099],[36.3813,65.1329],[36.3951,65.169],[36.3677,65.1968],[36.3194,65.212],[36.1262,65.2131],[36.0159,65.2446],[35.8442,65.2198],[35.6357,65.2183],[35.4882,65.193],[35.4074,65.1625],[35.3749,65.1089],[35.4418,65.0358],[35.3195,64.9967],[35.1656,65.025],[35.1443,65.0871],[35.0974,65.1121],[34.9242,65.1204],[34.9242,65.1584],[34.9056,65.1773],[34.7505,65.2777],[34.6894,65.2948],[34.7009,65.3224],[34.6885,65.3401],[34.8089,65.4033],[34.8297,65.4732],[34.9091,65.5225],[34.9186,65.5629],[35.0435,65.5843],[35.0662,65.6038],[35.068,65.6276],[35.1467,65.6688],[35.1841,65.7482],[35.1667,65.7797],[35.1681,65.8293],[34.9898,65.8965],[34.9478,65.932],[34.8553,65.9502],[34.8215,66.0044],[34.6434,66.102],[34.1976,66.2683],[34.1212,66.2836],[34.0048,66.3529],[33.9939,66.3798],[34.0111,66.4222],[33.9647,66.4569],[33.8821,66.485],[33.7597,66.4869],[33.6767,66.5188],[33.6557,66.5416],[33.809,66.5619],[33.8357,66.5907],[33.8164,66.6219],[34.006,66.6322],[34.1774,66.611],[34.3503,66.5105],[34.4414,66.4881],[34.5903,66.4904],[34.8384,66.5422],[35.1049,66.433],[35.2101,66.4165],[35.3005,66.3723],[35.4838,66.3368],[36.5162,66.2229],[36.7528,66.2309],[36.9276,66.2113],[37.2909,66.1541],[37.5863,66.0692],[37.8482,66.0381],[38.3899,66.0034],[38.7491,66.0125],[38.9589,66.0554],[39.1524,66.0525],[39.5184,66.1322],[39.8026,66.162],[40.063,66.209],[40.3487,66.3255],[40.4669,66.3417],[40.6825,66.4279],[40.764,66.4411],[40.8287,66.4826],[40.824,66.5273],[40.843,66.5499],[41.207,66.715],[41.3628,66.8216],[41.4225,66.9391],[41.5038,67.0106],[41.5074,67.0349],[41.4878,67.0569],[41.5303,67.0907],[41.5376,67.1188],[41.4737,67.16],[41.494,67.1991],[41.4437,67.2456],[41.3428,67.2687],[41.2231,67.2717],[41.2495,67.3338],[41.2562,67.4017],[41.2208,67.4549],[41.1443,67.4992],[41.1332,67.5546],[41.1768,67.6273],[41.1057,67.7209],[40.9863,67.7699],[40.856,67.7797],[40.75,67.8372],[40.5228,67.8855],[40.3914,67.949],[40.2309,67.9844],[40.108,68.0381],[40.0424,68.1067],[39.9714,68.1527],[39.8484,68.1952],[39.738,68.2087],[39.6443,68.1943],[39.6017,68.1596],[39.6275,68.1156],[39.4622,68.1485],[39.2965,68.2224],[39.1145,68.2671],[39.0764,68.3064],[38.8497,68.3606],[38.7358,68.4171],[38.4501,68.4524],[38.2219,68.5287],[38.0772,68.6135],[37.9598,68.6509],[37.9202,68.6789],[37.9222,68.7006],[37.9012,68.7204],[37.8074,68.7496],[37.6922,68.7558],[37.6636,68.7928],[37.6276,68.8094],[37.1846,68.9004],[36.8332,69.01],[36.5673,69.073],[36.5092,69.1046],[36.111,69.1867],[35.9588,69.2407],[35.2499,69.3073],[35.0843,69.3006],[35.0077,69.2658],[34.8698,69.3004],[34.5498,69.3128],[34.5441,69.3482],[34.4972,69.3743],[34.2749,69.4224],[34.1227,69.4379],[33.9588,69.4265],[33.868,69.3977],[33.82,69.3619],[33.6222,69.3569],[33.6376,69.3878],[33.6281,69.419],[33.5207,69.4626],[33.2494,69.4773],[32.9047,69.5214],[33.0654,69.5501],[33.2046,69.6141],[33.2689,69.698],[33.2694,69.7301],[33.1577,69.7893],[32.9571,69.8246],[32.6553,69.8522],[32.1388,70.0021],[31.8564,70.005],[31.7773,69.9787],[31.716,69.8924],[31.5855,69.9069],[31.4377,69.8899],[31.3822,69.8513],[31.4014,69.7929],[30.8953,69.845],[30.8176,69.7948],[30.8887,69.7381],[30.8836,69.7089],[30.9458,69.6784],[30.9263,69.6727],[30.9542,69.6323],[30.9444,69.5802],[30.9395,69.5619],[30.8125,69.5287],[30.5228,69.5406],[30.224,69.6531],[30.1578,69.668],[30.0853,69.6581],[30.0913,69.6428],[30.1378,69.6435],[30.1881,69.5692],[30.1857,69.5509],[30.1241,69.5186],[30.1175,69.4714],[30.0335,69.4242],[29.9427,69.4054],[29.85,69.4227],[29.7277,69.3903],[29.6929,69.3626],[29.5736,69.3187],[29.3896,69.3217],[29.2963,69.2989],[29.2767,69.2533],[29.3137,69.236],[29.2855,69.1689],[29.2537,69.1626],[29.2421,69.113],[29.0567,69.0152],[28.9293,69.0519],[28.4158,68.9155],[28.468,68.8854],[28.6613,68.8864],[28.8008,68.8693],[28.7064,68.7322],[28.4339,68.5397],[28.6462,68.1963],[29.3271,68.0745],[29.6594,67.803],[30.017,67.6736],[29.9302,67.5225],[29.6209,67.3489],[29.6349,67.3329],[29.5276,67.3113],[29.4905,67.2628],[29.0717,66.9944],[29.039,66.9564],[29.0332,66.9255],[29.0605,66.8531],[29.1167,66.8036],[29.1036,66.7957],[29.3546,66.6412],[29.3826,66.5984],[29.4163,66.5924],[29.5196,66.4963],[29.7035,66.2756],[29.6947,66.2707],[29.9233,66.1271],[29.9811,66.044],[29.9971,65.9788],[30.0242,65.9667],[30.0685,65.895],[30.1171,65.7593],[30.1385,65.6687],[30.0171,65.6965],[29.7219,65.6371],[29.8639,65.5604],[29.733,65.4725],[29.7314,65.374],[29.7466,65.3474],[29.6018,65.2599],[29.634,65.2316],[29.7641,65.2289],[29.8857,65.2063],[29.8936,65.193],[29.8193,65.1443],[29.8924,65.1074],[29.7327,65.0913],[29.627,65.0606],[29.5993,64.9951],[29.6192,64.9597],[29.611,64.9273],[29.6449,64.8665],[29.6997,64.8372],[29.6875,64.8188],[29.7396,64.7898],[30.0429,64.7929],[30.0865,64.774],[30.0414,64.7412],[30.0537,64.713],[30.1358,64.649],[30.1301,64.6347],[29.9894,64.5876],[29.987,64.5339],[30.0297,64.5006],[30.0244,64.483],[30.0583,64.4509],[30.0449,64.402],[30.1099,64.365],[30.2102,64.3505],[30.3669,64.2997],[30.3608,64.2813],[30.3883,64.2691],[30.4824,64.2623],[30.5078,64.2242],[30.4664,64.2044],[30.5534,64.1322],[30.5536,64.1017],[30.528,64.0489],[30.4919,64.017],[30.3209,63.9095],[30.2604,63.822],[29.9723,63.7573],[30.2442,63.6073],[30.2643,63.5818],[30.3845,63.5455],[30.4835,63.467],[30.7877,63.4053],[30.8492,63.3694],[30.9299,63.3566],[30.9791,63.3078],[31.1426,63.2628],[31.2376,63.2197],[31.2553,63.1462],[31.2266,63.1491],[31.1504,63.1125],[30.9636,63.0991],[30.8702,63.0668],[30.8407,63.04],[30.8029,62.9221],[30.5907,62.8379],[30.3902,62.8],[30.222,62.8627],[30.2014,62.8135],[30.13,62.7918],[30.1465,62.767],[30.0517,62.7396],[30.0469,62.7296],[30.071,62.7154],[30.0538,62.6993],[29.9426,62.6801],[29.8725,62.7088],[29.8499,62.7044],[29.8402,62.6647],[29.9007,62.6369],[29.9,62.6252],[29.7784,62.6031],[29.7201,62.5639],[29.786,62.4724],[29.7922,62.4397],[29.775,62.413],[29.613,62.3735],[29.5601,62.3334],[29.5127,62.3196],[29.4942,62.2769],[29.3692,62.1649],[29.398,62.0897],[29.604,61.9331],[29.4681,61.8578],[29.3369,61.751],[29.258,61.7153],[29.2223,61.6612],[29.179,61.6429],[29.0401,61.6407],[29.1797,61.5711],[29.2401,61.507],[29.3939,61.4007],[29.5587,61.2081],[29.5556,61.058],[29.5948,61.0481],[29.6136,61.0204],[29.6085,61.0024],[29.5663,60.9831],[29.5687,60.9701],[29.7573,60.8556],[29.7859,60.8138],[29.7711,60.7923],[29.7877,60.7642],[29.7747,60.7363],[29.7887,60.7128],[29.9261,60.6676],[30.0484,60.658],[30.0498,60.6376],[30.0693,60.6386],[30.0772,60.615],[30.1675,60.5996],[30.0534,60.5515],[30.0367,60.5269],[30.0556,60.4973],[30.2145,60.4579],[30.2447,60.477],[30.3602,60.4417],[30.4404,60.4447],[30.45,60.4244],[30.5221,60.4674],[30.5228,60.4511],[30.5454,60.4444],[30.6182,60.4785],[30.6779,60.4863],[30.7034,60.5175],[31.2456,60.7112],[31.3467,60.1039],[31.5493,59.9361],[31.7395,59.7287],[31.8082,59.5997],[31.8329,59.4521],[31.7889,59.3993],[31.8006,59.343],[31.767,59.3384],[31.4758,59.4102],[31.2671,59.4227],[31.2204,59.4115],[31.2176,59.3836],[31.3138,59.2876],[31.2794,59.0872],[31.2135,59.0744],[31.1037,59.1048],[30.932,59.0886],[30.8936,59.1139],[30.9402,59.2631],[30.8496,59.3927],[30.7535,59.4304],[30.5145,59.4032],[30.2921,59.2645],[30.1822,59.2223],[29.9158,59.1478],[29.6988,59.0632],[29.5422,59.0462],[29.4241,59.0589],[29.2875,59.1164],[29.2175,59.0879],[29.0973,59.1041],[28.7471,59.3003],[28.548,59.3157],[28.2949,59.295],[28.2513,59.2252],[28.0591,59.1252],[27.9053,59.0186],[27.3422,58.8933],[27.5551,58.3686],[27.4864,58.3066],[27.4905,58.2192],[27.6354,58.1004],[27.6056,58.0543],[27.6207,58.0056],[27.6538,57.9958],[27.6488,58.0153],[27.6622,58.0184],[27.6922,58.005],[27.6864,57.9661],[27.6596,57.9573],[27.7168,57.9141],[27.6955,57.9074],[27.817,57.8956],[27.7956,57.8412],[27.7408,57.8278],[27.6159,57.8396],[27.5415,57.8232],[27.5506,57.8173],[27.5362,57.7979],[27.4947,57.7877],[27.5392,57.7357],[27.5256,57.7094],[27.4468,57.7173],[27.4113,57.7003],[27.3772,57.6715],[27.3779,57.6487],[27.3985,57.6366],[27.3939,57.6072],[27.3175,57.58],[27.3518,57.5201],[27.3748,57.5354],[27.4201,57.5236],[27.5565,57.5378],[27.5494,57.5243],[27.5642,57.5071],[27.5502,57.4673],[27.5162,57.4249],[27.6694,57.3953],[27.6832,57.3743],[27.7791,57.3434],[27.7818,57.3203],[27.8239,57.3231],[27.8666,57.2964],[27.8672,57.245],[27.8297,57.2073],[27.8184,57.1481],[27.7375,57.119],[27.7524,57.1009],[27.7152,57.0976],[27.7653,57.0866],[27.7169,57.0037],[27.7671,57.005],[27.7372,56.9201],[27.6863,56.9159],[27.659,56.8423],[27.687,56.8367],[27.8571,56.8791],[27.8715,56.8776],[27.9017,56.8206],[27.959,56.8326],[28.2788,57.0527],[28.5727,56.9615],[28.3228,56.4686],[28.3145,56.3242],[30.5969,55.9154],[30.6285,55.7611],[30.7768,55.6179],[31.8878,55.7024],[32.1954,56.2586],[33.2227,55.7735],[33.7006,55.3416],[34.4971,55.1255],[33.6099,54.2171],[33.0304,53.6463],[32.9562,53.5974],[32.9288,53.4488],[33.6429,53.5615],[33.728,53.0858],[34.5245,53.0297],[33.8654,52.3454],[34.1043,52.1453],[34.0768,52.0711],[34.1112,52.006],[34.4037,51.8273],[34.4339,51.7559],[34.4188,51.7202],[34.0823,51.6743],[34.2979,51.5216],[34.2416,51.4356],[33.5715,51.4472],[33.4973,51.157],[34.5795,50.6756],[35.354,50.489],[36.6559,48.8394],[36.4581,47.7836],[36.1464,47.583],[36.6064,47.5802],[36.925,47.6876],[37.4908,47.7763],[38.2928,47.8427],[39.0619,47.7836],[39.2267,47.7098],[39.4025,47.5914],[39.592,47.2149],[39.6291,47.1953],[39.787,47.2158],[39.8598,47.2522],[40.063,47.2447],[40.1715,47.2606],[40.2264,47.2298],[40.2676,47.2494],[40.4173,47.2345],[40.5505,47.1897],[40.692,47.1981],[40.7483,47.115],[40.8609,47.1393],[40.9282,47.1215],[41.4336,46.9287],[41.461,46.9015],[41.5118,46.7587],[41.6739,46.6174],[41.8277,46.5456],[41.8964,46.4814],[41.8607,46.4057],[41.7728,46.309],[41.7398,46.2312],[41.6574,46.1665],[41.5475,46.1113],[41.3196,46.0656],[41.3058,46.0065],[41.3443,45.9129],[41.4514,45.7349],[41.4514,45.6448],[41.3676,45.6174],[41.3847,45.5156],[41.3187,45.2926],[41.3237,45.2192],[41.0424,44.9927],[41.093,44.7562],[41.2402,44.6328],[41.5746,44.4208],[41.6609,44.2226],[41.6294,44.0892],[41.6404,43.9171],[41.7093,43.7427],[41.7196,43.6311],[41.9791,43.4562],[43.168,43.2932],[43.5205,43.1946],[43.8876,43.2208],[43.9402,43.1928],[44.5837,43.2981],[44.9409,43.3031],[45.3374,43.1775],[45.6287,43.1252],[45.6756,43.1679],[46.0062,43.1581],[46.3625,42.9903],[46.7067,42.9239],[47.047,42.8905],[47.7721,42.8601],[47.7534,42.8961],[47.5323,43.0358]]],[[[56.6922,68.8033],[56.6894,68.8238],[56.6501,68.8499],[56.517,68.869],[56.3895,68.8442],[56.332,68.8014],[56.3424,68.7773],[56.3867,68.7546],[56.4929,68.7405],[56.6053,68.7557],[56.6922,68.8033]]],[[[48.0575,68.9211],[48.0746,68.8068],[48.1042,68.7607],[48.3261,68.6711],[49.1325,68.6088],[49.5224,68.6101],[49.66,68.6341],[49.7183,68.6544],[49.7607,68.6891],[49.755,68.7102],[49.718,68.7326],[49.5977,68.7481],[49.9697,68.8697],[50.0844,68.882],[50.2264,68.9227],[50.4159,69.0463],[50.4535,69.0853],[50.4592,69.1141],[50.4389,69.1689],[50.3923,69.2112],[50.1757,69.3167],[49.3817,69.542],[48.9625,69.5497],[48.629,69.499],[48.4089,69.4147],[48.2086,69.3007],[48.1255,69.1999],[48.0821,69.1176],[48.0575,68.9211]]],[[[42.5436,66.6304],[42.6322,66.6122],[42.7331,66.6194],[42.7855,66.6417],[42.8123,66.6942],[42.7909,66.7394],[42.7401,66.7808],[42.5666,66.8279],[42.392,66.8187],[42.3012,66.7645],[42.3032,66.7294],[42.3283,66.709],[42.4456,66.6541],[42.5436,66.6304]]],[[[35.6625,64.7754],[35.7276,64.8168],[35.723,64.8375],[35.6823,64.8634],[35.5418,64.876],[35.4903,64.8626],[35.4564,64.835],[35.4657,64.8023],[35.5128,64.7783],[35.6625,64.7754]]]]},"properties":{"id":"Q186096","names":{"ar":"روسيا القيصرية","de":"Zarentum Russland","en":"Tsardom of Russia","es":"Zarato ruso","fr":"tsarat de Moscou","it":"Regno russo","ja":"ロシア・ツァーリ国","ko":"러시아 차르국","la":"Regnum Russicum","nl":"Tsaardom Rusland","pt":"Czarado da Rússia","ru":"Русское царство","uk":"Московське царство","zh":"俄罗斯沙皇国"},"from":1547.0403225806451,"to":1552,"wikidata":"Q186096","adminLevel":2,"source":"OpenHistoricalMap","sourceUrl":"https://www.openhistoricalmap.org"}},{"type":"Feature","geometry":{"type":"Polygon","coordinates":[[[44.8846,49.0523],[46.1096,48.8213],[47.0764,48.5021],[48.9111,47.6654],[49.3879,47.4816],[50.0757,47.8279],[51.0205,48.3344],[51.8994,48.4656],[52.4158,48.662],[52.6025,49.7955],[53.064,50.205],[53.5913,50.2753],[54.1736,50.1417],[55.0964,50.0289],[55.4919,50.1206],[55.6128,50.4085],[55.4919,51.1104],[55.5798,51.2],[57.006,51.1707],[56.5246,51.3581],[56.6345,51.478],[56.7059,51.618],[56.6785,51.7066],[56.283,51.9036],[55.8105,52.0491],[55.5359,52.0592],[55.3381,52.0356],[54.234,51.6623],[52.7972,53.5306],[52.4432,53.5811],[52.0175,53.5925],[51.7868,53.5583],[51.4297,53.3686],[51.199,53.28],[50.2734,53.1484],[50.0235,53.1896],[49.7433,53.1962],[49.4824,53.155],[49.3753,53.1748],[49.2737,53.2143],[49.0347,53.2373],[48.6145,53.1534],[48.5046,53.0907],[48.4772,52.99],[48.4964,52.9172],[48.4964,52.836],[48.3618,52.6747],[48.1805,52.5346],[48.1421,52.3907],[47.9388,52.1756],[47.8427,52.0947],[47.6477,52.0592],[47.4554,52.0643],[47.3483,52.0373],[46.9363,51.8103],[46.7139,51.7423],[46.4749,51.8018],[46.3211,51.7729],[46.0464,51.5395],[45.8459,51.2722],[45.9036,51.0828],[46.0492,50.955],[46.0794,50.8822],[45.9998,50.8077],[45.8267,50.759],[45.7059,50.7069],[45.6921,50.6425],[45.7416,50.5832],[45.8487,50.5047],[45.8871,50.419],[45.8102,50.3455],[45.5933,50.2015],[45.4889,50.1118],[45.3433,49.8982],[45.3131,49.8096],[45.162,49.5911],[44.9863,49.2821],[44.8846,49.0523]]]},"properties":{"id":"ohm-relation-2849531","names":{"az":"Noqay Ordası","ba":"Нуғай Урҙаһы","be":"Нагайская Арда","ca":"Horda de Nogai","cs":"Nogajská horda","cv":"Нухай Урти","da":"Nogajhorden","de":"Nogaier-Horde","el":"Ορδή Νογκάι","es":"Horda de Nogái","et":"Nogai hord","eu":"Nogai Horda","fa":"اردوی نوقای","fr":"Horde Nogaï","hr":"Nogajska Horda","hu":"Nogaji Tatár Kánság","it":"Orda Nogai","ja":"ノガイ・オルダ","ka":"ნოღაის ურდო","kk":"Ноғай ордасы","ko":"노가이 칸국","lt":"Nogajų Orda","lv":"Nogaju orda","mn":"Ногай улс","nb":"Nogajhorden","pl":"Orda Nogajska","pt":"Horda Nogai","ro":"Hoarda Nogai","ru":"Ногайская Орда","sl":"Nogajska horda","sr":"Ногајска хорда","sv":"Nogajhorden","ta":"நோகை நாடோடிக் கூட்டம்","tr":"Nogay Ordası","tt":"Нугай Урдасы","uk":"Ногайська орда","ur":"نوقائی اردو","uz":"Noʻgʻay oʻrda","vi":"Thị tộc Nogai","zh":"諾蓋汗國","en":"Nogai Horde"},"from":1520,"to":1634,"wikidata":null,"adminLevel":2,"source":"OpenHistoricalMap","sourceUrl":"https://www.openhistoricalmap.org"}},{"type":"Feature","geometry":{"type":"MultiPolygon","coordinates":[[[[12.3312,67.5732],[12.1891,67.6078],[11.9211,67.5897],[11.7307,67.4981],[11.6687,67.4234],[11.6683,67.3976],[11.6999,67.3644],[11.7768,67.3399],[12.0205,67.3449],[12.0941,67.3752],[12.1263,67.414],[12.3123,67.4377],[12.3862,67.4647],[12.4088,67.4963],[12.4027,67.5354],[12.3312,67.5732]]],[[[11.24,65.3375],[11.1826,65.2965],[11.2021,65.2196],[11.2547,65.1589],[11.3574,65.1129],[11.2662,65.1059],[11.2058,65.0803],[11.133,65.1062],[11.1138,65.1572],[11.1495,65.1867],[11.1499,65.2108],[11.1166,65.243],[11.0307,65.2741],[10.9151,65.2789],[10.806,65.2421],[10.79,65.2069],[10.8265,65.1669],[10.785,65.128],[10.7797,65.1039],[10.8084,65.0729],[10.7457,65.0618],[10.6353,65.071],[10.5486,65.0491],[10.4916,64.9823],[10.3889,64.9448],[10.3729,64.9092],[10.4024,64.8504],[10.3354,64.8307],[10.2931,64.7887],[10.3109,64.7523],[10.3825,64.724],[10.3828,64.6858],[10.4311,64.6556],[10.5247,64.6414],[10.7138,64.6534],[10.5775,64.6076],[10.4958,64.5514],[10.3859,64.5265],[10.3431,64.4944],[10.2274,64.5284],[10.0958,64.5053],[10.0629,64.4581],[10.1174,64.4146],[10.0902,64.3785],[10.1072,64.3423],[10.0133,64.301],[9.9976,64.2637],[9.9036,64.2377],[9.7805,64.1711],[9.7049,64.101],[9.69,64.0393],[9.5413,64.0402],[9.4108,63.9899],[9.3888,63.9548],[9.4288,63.9092],[9.2628,63.8537],[9.2095,63.8035],[9.217,63.7465],[9.0733,63.7541],[9.0961,63.8334],[9.0565,63.8749],[9.2828,63.9443],[9.3342,63.9743],[9.3837,64.0323],[9.5433,64.0782],[9.5654,64.1014],[9.5608,64.1393],[9.5903,64.1717],[9.5712,64.2115],[9.5101,64.2385],[9.3987,64.2461],[9.3247,64.2757],[9.1956,64.273],[9.1344,64.246],[9.1182,64.222],[9.1241,64.1973],[8.9803,64.131],[8.9448,64.072],[8.9483,64.0494],[8.9113,64.0362],[8.7753,64.0391],[8.6738,64.012],[8.6278,63.9826],[8.4838,63.9798],[8.291,63.911],[8.2116,63.862],[8.1473,63.7762],[8.1669,63.7284],[8.1047,63.6713],[8.1226,63.6334],[8.1677,63.6096],[8.1323,63.5637],[8.014,63.5911],[7.8415,63.5959],[7.7503,63.5767],[7.7083,63.5384],[7.6514,63.5226],[7.6079,63.4901],[7.6089,63.4511],[7.5759,63.4197],[7.528,63.3225],[7.5348,63.2955],[7.4237,63.2651],[7.3826,63.2036],[7.1464,63.1666],[7.0877,63.1254],[7.0946,63.0749],[7.0295,63.0489],[6.9128,63.0429],[6.7652,62.9894],[6.65,62.9944],[6.5427,62.9517],[6.4007,62.9369],[6.3298,62.8794],[6.1472,62.8227],[6.1198,62.7683],[6.0165,62.6993],[5.8943,62.7132],[5.7908,62.682],[5.7664,62.6503],[5.7925,62.6049],[5.7629,62.5699],[5.7657,62.5018],[5.5443,62.4983],[5.487,62.4785],[5.4448,62.4315],[5.3547,62.388],[5.2643,62.4009],[5.1675,62.385],[5.1141,62.3381],[5.1436,62.2863],[4.9713,62.2256],[4.9369,62.1738],[4.9664,62.1143],[4.8535,62.069],[4.8373,62.0432],[4.8402,61.983],[4.7217,61.9356],[4.6447,61.8017],[4.6246,61.6742],[4.549,61.6359],[4.5208,61.598],[4.5179,61.5594],[4.5539,61.5165],[4.7134,61.4765],[4.6294,61.472],[4.5679,61.4502],[4.5107,61.3686],[4.4263,61.3179],[4.421,61.2904],[4.4466,61.2557],[4.5212,61.2199],[4.4964,61.1829],[4.5058,61.1443],[4.3873,61.1107],[4.3468,61.0391],[4.3721,60.9866],[4.5091,60.8782],[4.4864,60.8128],[4.5538,60.7316],[4.5445,60.6961],[4.572,60.6544],[4.5746,60.615],[4.6737,60.5009],[4.7133,60.4134],[4.7508,60.3832],[4.733,60.3422],[4.7387,60.3157],[4.7718,60.2803],[4.7772,60.231],[4.8255,60.1959],[4.8485,60.1343],[4.903,60.0971],[4.8757,60.0095],[4.941,59.9323],[4.9107,59.8767],[4.9261,59.7832],[4.9705,59.7322],[4.9605,59.6485],[4.9858,59.577],[4.9429,59.5433],[4.9576,59.4933],[4.9404,59.4291],[4.8839,59.3837],[4.811,59.3738],[4.7448,59.3378],[4.7196,59.2872],[4.7403,59.2379],[4.8281,59.2075],[4.9302,59.2227],[4.9604,59.1912],[5.047,59.1613],[5.0854,59.0994],[5.1644,59.074],[5.2569,59.0664],[5.2406,59.0009],[5.302,58.9517],[5.3162,58.8472],[5.39,58.7979],[5.3612,58.7497],[5.422,58.6504],[5.5597,58.5179],[5.7366,58.4293],[5.7833,58.3826],[6.3813,58.2037],[6.4581,58.1604],[6.4299,58.114],[6.4542,58.0767],[6.6055,57.9992],[6.7766,57.9836],[7.0162,57.9143],[7.1359,57.9253],[7.2195,57.9104],[7.3016,57.9246],[7.3966,57.9197],[7.5013,57.8924],[7.6168,57.8951],[7.7452,57.9379],[8.0583,57.9949],[8.3394,58.0673],[8.5047,58.1778],[8.5919,58.1895],[8.7145,58.2708],[8.8381,58.3155],[8.9244,58.3884],[9.0987,58.4826],[9.1244,58.5163],[9.3536,58.6688],[9.545,58.7654],[9.6578,58.7967],[9.8063,58.8937],[9.9532,58.8742],[10.0186,58.8896],[10.0557,58.9189],[10.1763,58.9005],[10.3123,58.9273],[10.3601,58.9614],[10.5666,58.9634],[10.6393,58.9965],[10.6595,59.0667],[10.6948,59.0453],[10.6562,59.0127],[10.6702,58.9637],[10.8379,58.8932],[10.8687,58.8091],[10.8519,58.7738],[10.8803,58.7255],[10.9334,58.7004],[11.0181,58.6899],[11.0019,58.6584],[10.9327,58.6331],[10.9034,58.6049],[10.9024,58.5195],[10.9815,58.4704],[11.0889,58.4702],[11.0568,58.4297],[11.0586,58.3581],[11.0942,58.3027],[11.2036,58.2484],[11.1839,58.1978],[11.2273,58.1573],[11.2052,58.0742],[11.2352,58.0399],[11.3051,58.0146],[11.324,57.9689],[11.3556,57.947],[11.3227,57.8978],[11.3403,57.86],[11.417,57.8298],[11.5283,57.9047],[11.6816,57.9328],[11.7846,58.0229],[11.7835,58.0718],[11.8534,58.1573],[11.8515,58.2293],[11.7911,58.3086],[11.7047,58.3366],[11.6855,58.371],[11.5974,58.4046],[11.5727,58.4836],[11.577,58.7746],[11.5383,58.8832],[11.5556,58.8991],[11.652,58.9062],[11.6878,58.9556],[11.6849,58.9878],[11.7105,59.0341],[11.7718,59.0852],[11.7828,59.2055],[11.8233,59.2371],[11.8171,59.3441],[11.761,59.428],[11.7538,59.4788],[11.6911,59.5889],[11.6989,59.6097],[11.7803,59.6432],[11.8551,59.6485],[11.8896,59.6936],[11.9402,59.6948],[11.9264,59.7912],[11.8428,59.837],[11.8853,59.856],[11.8906,59.8725],[11.9855,59.9007],[12.0531,59.8857],[12.174,59.8895],[12.2316,59.9276],[12.3407,59.9647],[12.395,60.0151],[12.4488,60.0384],[12.5,60.0988],[12.5415,60.1928],[12.499,60.3244],[12.6061,60.4053],[12.6064,60.5124],[12.5828,60.5504],[12.5157,60.5997],[12.5112,60.6421],[12.3956,60.733],[12.3386,60.843],[12.3325,60.8913],[12.2251,61.0108],[12.4474,61.0498],[12.6147,61.046],[12.6818,61.0594],[12.7073,61.1431],[12.7923,61.198],[12.8719,61.357],[13.0229,61.3586],[13.6464,61.321],[13.9169,61.2702],[14.024,61.2372],[14.1641,61.1326],[14.3289,61.0596],[14.5404,61.0104],[14.6228,61.1247],[14.7079,61.1936],[14.7491,61.2702],[14.7025,61.4899],[14.7739,61.5201],[14.7848,61.609],[14.662,61.875],[14.9744,61.838],[15.1089,61.8432],[15.1062,62.0048],[15.4166,62.1309],[15.4138,62.1873],[15.3452,62.2641],[15.282,62.2909],[15.1804,62.2615],[15.0018,62.296],[14.7656,62.4781],[14.7299,62.5529],[14.8837,62.582],[15.1254,62.563],[15.26,62.5997],[15.6061,62.6262],[15.9604,62.7157],[16.095,62.6855],[16.1884,62.6994],[16.3586,62.6905],[16.3834,62.7635],[16.5372,62.8539],[16.6745,62.9115],[16.9958,62.9452],[16.8256,63.0512],[16.2296,63.309],[16.0126,63.4309],[15.9494,63.4959],[15.8972,63.5926],[15.5951,63.7485],[15.5347,63.8007],[15.5017,63.8939],[15.4413,63.9699],[15.3616,64.0265],[15.3644,64.0758],[15.3424,64.1094],[15.282,64.1478],[15.227,64.2601],[15.1639,64.3137],[15.1007,64.4029],[15.1089,64.5496],[15.0238,64.8139],[14.9771,64.8478],[14.8151,64.8991],[14.7052,64.9805],[14.3268,65.1179],[14.3779,65.2447],[14.5047,65.3106],[14.4964,65.5197],[14.5409,65.7008],[14.6249,65.8112],[14.582,65.9071],[14.5178,66.1339],[15.0399,66.1547],[15.483,66.2824],[15.3779,66.4847],[15.6254,66.5952],[16.0406,66.9133],[16.388,67.045],[16.404,67.202],[16.0886,67.4349],[16.1591,67.5188],[16.408,67.5334],[16.5025,67.6],[16.5597,67.6519],[16.7433,67.9167],[17.1831,68.0519],[17.2823,68.119],[17.6443,68.0431],[17.8985,67.9699],[18.1527,68.1975],[18.1008,68.4051],[18.1261,68.5356],[18.4082,68.5808],[18.6212,68.5063],[18.9858,68.5169],[19.9214,68.3572],[20.2275,68.4916],[19.936,68.5582],[20.0518,68.5901],[20.2035,68.6673],[20.334,68.8004],[20.306,68.9295],[20.0598,69.0466],[20.5497,69.0602],[20.7179,69.1198],[21.0582,69.0367],[21.109,69.1034],[21.0566,69.1232],[20.9868,69.1922],[21.0026,69.2224],[21.2812,69.3113],[21.6276,69.2763],[22.1765,68.9562],[22.1929,68.9174],[22.3413,68.8285],[22.3732,68.7223],[22.5332,68.7442],[22.7997,68.6871],[23.0452,68.689],[23.168,68.6291],[23.4374,68.6919],[23.6725,68.7043],[23.7324,68.7519],[23.7724,68.8118],[23.8724,68.8373],[23.9835,68.8269],[24.0757,68.78],[24.1583,68.79],[24.1531,68.7533],[24.2728,68.7219],[24.6027,68.6851],[24.7826,68.6355],[24.8576,68.5613],[24.9029,68.5548],[24.9185,68.6058],[25.0679,68.6201],[25.1142,68.6388],[25.1214,68.7454],[25.1499,68.795],[25.3036,68.8621],[25.4169,68.8918],[25.4834,68.9046],[25.5911,68.8833],[25.6279,68.8932],[25.727,68.9923],[25.7751,69.0136],[25.7242,69.0787],[25.7312,69.1028],[25.7199,69.1113],[25.744,69.1396],[25.6948,69.193],[25.7123,69.2114],[25.7031,69.2548],[25.7418,69.2761],[25.74,69.3181],[25.7599,69.3402],[25.8194,69.3605],[25.8369,69.3924],[25.8129,69.4049],[25.8236,69.4127],[25.7936,69.4196],[25.8346,69.4681],[25.8629,69.4738],[25.8497,69.4983],[25.8749,69.5206],[25.8417,69.5418],[25.849,69.5523],[25.9346,69.5718],[25.976,69.6117],[25.9553,69.6426],[25.8925,69.6613],[25.9011,69.6724],[26.0073,69.723],[26.1079,69.73],[26.1843,69.7598],[26.1956,69.7782],[26.2438,69.7923],[26.2424,69.8136],[26.3847,69.8552],[26.4163,69.8815],[26.4082,69.8962],[26.4631,69.939],[26.6799,69.9637],[26.7266,69.9453],[26.8555,69.9608],[26.871,69.9353],[26.9716,69.9396],[27.0353,69.9099],[27.1004,69.9169],[27.3001,69.9537],[27.2766,69.9743],[27.2894,69.985],[27.3496,69.9891],[27.4243,70.0205],[27.529,70.024],[27.5528,70.0597],[27.6075,70.0752],[27.6955,70.0776],[27.7348,70.0633],[27.9561,70.0918],[27.9846,70.0133],[28.1631,69.9181],[28.3442,69.8798],[28.3308,69.848],[28.4036,69.8194],[29.1324,69.6957],[29.1712,69.6371],[29.3376,69.4786],[29.2178,69.3964],[28.8315,69.2241],[28.8305,69.1726],[28.8047,69.1112],[28.8553,69.0765],[29.0414,69.0108],[29.2421,69.113],[29.2487,69.1609],[29.2794,69.1677],[29.3142,69.2344],[29.2772,69.2504],[29.2923,69.2979],[29.3971,69.3237],[29.573,69.3185],[29.6903,69.3616],[29.7238,69.3895],[29.8563,69.4237],[29.9659,69.4058],[30.1163,69.4688],[30.1231,69.5175],[30.1777,69.5388],[30.1879,69.5651],[30.1382,69.6421],[30.0913,69.6428],[30.0859,69.6565],[30.0989,69.661],[30.1517,69.6694],[30.2289,69.6516],[30.4212,69.5883],[30.516,69.5404],[30.8151,69.529],[30.9329,69.5602],[30.9538,69.6305],[30.9238,69.6685],[30.9438,69.6839],[30.8807,69.7113],[30.8887,69.7381],[30.822,69.7878],[30.915,69.8577],[30.5309,69.8922],[30.3335,69.951],[30.1429,69.9508],[30.0224,69.9797],[29.8839,69.9825],[29.8794,69.9941],[30.3485,70.0225],[30.4204,70.0458],[30.5703,70.1479],[30.6538,70.1783],[30.9651,70.1849],[31.1915,70.2345],[31.255,70.2681],[31.2593,70.3136],[31.3446,70.3542],[31.3647,70.3924],[31.3355,70.4285],[31.2856,70.4484],[31.1442,70.4701],[31.0462,70.5075],[30.8307,70.5298],[30.8298,70.5696],[30.7644,70.6013],[30.5343,70.6168],[30.3521,70.721],[30.1938,70.7607],[29.9354,70.7728],[29.7714,70.8015],[29.5892,70.7906],[29.5544,70.8244],[29.4535,70.8497],[29.3632,70.9042],[29.1744,70.9359],[28.9583,70.953],[28.7333,70.9329],[28.742,70.9895],[28.6954,71.023],[28.4699,71.0638],[28.454,71.0971],[28.4165,71.1191],[28.2365,71.1585],[27.9067,71.1544],[27.7215,71.1955],[27.5646,71.1942],[27.3129,71.1089],[27.1976,71.1057],[27.0963,71.082],[26.9665,71.0116],[26.9158,70.956],[26.8716,71.0006],[26.8217,71.0199],[26.6081,71.033],[26.3725,70.9817],[26.1096,70.867],[26.0866,70.9138],[26.2459,70.942],[26.3658,70.9826],[26.4149,71.016],[26.4304,71.0768],[26.3599,71.1137],[26.2404,71.1293],[26.1929,71.1653],[26.1025,71.1966],[25.6696,71.2499],[25.1835,71.1982],[25.1195,71.1738],[25.0664,71.1141],[24.9258,71.1646],[24.6357,71.1758],[24.4112,71.1022],[24.3662,71.0446],[24.3475,71.0468],[24.3708,71.1128],[24.2719,71.1566],[24.0844,71.1701],[23.8835,71.1567],[23.8076,71.1374],[23.7472,71.0998],[23.7282,71.0641],[23.6519,71.0173],[23.6468,70.9884],[23.524,70.9641],[23.4739,70.9158],[23.3481,70.936],[23.1666,70.9169],[22.9051,70.941],[22.7172,70.9196],[22.6058,70.8765],[22.6007,70.8511],[22.6404,70.8195],[22.5296,70.7885],[22.3196,70.7864],[22.1836,70.7448],[22.0799,70.7332],[21.8984,70.7358],[21.7799,70.7014],[21.7207,70.6525],[21.729,70.6121],[21.7548,70.587],[21.9139,70.5255],[21.88,70.4977],[21.8749,70.4718],[21.9236,70.4359],[22.0861,70.4074],[22.3063,70.4182],[22.1652,70.3743],[21.946,70.3966],[21.8523,70.4402],[21.7532,70.4591],[21.5462,70.4445],[21.4008,70.4566],[21.2441,70.4231],[21.1469,70.3301],[21.0408,70.3021],[20.9798,70.246],[20.8802,70.2847],[20.7744,70.3013],[20.4767,70.2897],[20.324,70.3611],[20.1441,70.389],[20.017,70.3723],[19.9452,70.3341],[19.7521,70.3652],[19.5308,70.3531],[19.4117,70.3232],[19.3011,70.3615],[19.1657,70.3673],[18.8673,70.2863],[18.6786,70.2926],[18.5048,70.2619],[18.4272,70.224],[18.4205,70.1992],[18.4405,70.1718],[18.3096,70.1428],[18.2614,70.1134],[18.2563,70.087],[18.2859,70.0592],[18.1658,70.0238],[18.1556,69.9893],[18.1963,69.961],[18.0006,69.9782],[17.8716,69.9421],[17.7675,69.8357],[17.7963,69.8022],[17.8678,69.7758],[17.8802,69.7204],[17.7692,69.7018],[17.7098,69.6701],[17.3702,69.6487],[17.3025,69.6036],[17.1848,69.5845],[16.9309,69.4737],[16.8071,69.4459],[16.707,69.4011],[16.6971,69.36],[16.5969,69.3274],[16.5786,69.3097],[16.5799,69.2834],[16.3463,69.2277],[16.3208,69.1828],[16.3704,69.1449],[16.2039,69.0995],[16.1639,69.0716],[16.1559,69.0472],[16.0453,68.999],[16.0316,69.0004],[16.0659,69.0384],[16.2715,69.149],[16.2852,69.2107],[16.3423,69.2425],[16.3567,69.2756],[16.314,69.3496],[16.1878,69.3898],[15.9792,69.3846],[15.8605,69.3385],[15.7281,69.312],[15.6058,69.2181],[15.4197,69.1494],[15.3547,69.0918],[15.2127,69.1334],[15.0448,69.1143],[14.9734,69.0719],[14.9003,69.0565],[14.7675,68.9944],[14.5573,68.9372],[14.4776,68.8898],[14.2944,68.8233],[14.2567,68.795],[14.254,68.7468],[14.1587,68.7257],[14.062,68.6643],[14.0618,68.6395],[14.1077,68.6073],[14.0995,68.5812],[14.1189,68.5573],[14.2213,68.5259],[14.3442,68.5282],[14.3537,68.4913],[14.4037,68.4661],[14.3899,68.4598],[14.2941,68.4412],[14.2272,68.41],[13.987,68.4408],[13.7925,68.4001],[13.5948,68.3828],[13.2891,68.2709],[13.2482,68.2308],[13.1438,68.1896],[13.004,68.1728],[12.9199,68.1423],[12.8981,68.111],[12.8024,68.0523],[12.6564,67.894],[12.6125,67.8674],[12.5991,67.8423],[12.6106,67.8186],[12.4983,67.7714],[12.4765,67.7395],[12.487,67.7169],[12.4011,67.6769],[12.3876,67.6515],[12.4081,67.6135],[12.4646,67.5823],[12.5553,67.5661],[12.801,67.5827],[12.894,67.6298],[12.9454,67.6887],[12.954,67.7384],[12.9991,67.7838],[13.0556,67.8156],[13.1732,67.8433],[13.3257,67.9307],[13.4333,67.9663],[13.9341,68.0437],[14.0146,68.087],[14.1634,68.0651],[14.5001,68.0968],[14.6802,68.0735],[14.861,68.1215],[14.8952,68.1443],[14.9023,68.1711],[15.0419,68.1518],[15.1826,68.1861],[15.2637,68.1842],[15.1333,68.1027],[14.6532,67.9746],[14.2716,67.8267],[14.2248,67.7812],[14.235,67.7425],[14.1796,67.7195],[14.1578,67.6875],[14.1967,67.6454],[14.2916,67.6224],[14.3321,67.5973],[14.2557,67.5507],[14.2677,67.51],[14.065,67.5319],[13.8211,67.5059],[13.6646,67.4381],[13.6312,67.3865],[13.5775,67.3697],[13.4157,67.3653],[13.3368,67.3409],[13.3059,67.3038],[13.3338,67.2597],[13.4115,67.2345],[13.5447,67.2275],[13.5069,67.1971],[13.5177,67.1275],[13.4256,67.0858],[13.4034,67.0492],[13.3686,67.0371],[13.3176,67.0739],[13.2273,67.0935],[13.0373,67.0752],[12.9432,67.0324],[12.927,67.0027],[12.9423,66.9745],[12.8934,66.9391],[12.8934,66.8971],[12.7034,66.9057],[12.3462,66.8328],[12.2802,66.8014],[12.258,66.7298],[12.0578,66.6923],[11.8728,66.6256],[11.8545,66.6057],[11.8509,66.5669],[11.7614,66.4911],[11.7896,66.4121],[11.8981,66.3626],[12.0565,66.3635],[12.0663,66.3234],[11.9824,66.3011],[11.9392,66.2583],[11.8876,66.2432],[11.7619,66.2607],[11.5767,66.2468],[11.4998,66.2324],[11.4477,66.2044],[11.4342,66.1774],[11.4472,66.1504],[11.5834,66.0886],[11.5074,66.0418],[11.4898,66.0077],[11.5028,65.9805],[11.5527,65.9525],[11.6448,65.9363],[11.4141,65.8126],[11.374,65.752],[11.3751,65.7229],[11.23,65.7196],[11.1317,65.6894],[11.094,65.6572],[11.0817,65.5908],[11.1011,65.5638],[11.1923,65.5279],[11.2881,65.5169],[11.2897,65.4723],[11.3718,65.4295],[11.3574,65.393],[11.3925,65.3538],[11.24,65.3375]]],[[[12.3881,56.2401],[12.4342,56.1695],[12.3086,56.1937],[12.206,56.1856],[11.8266,56.0453],[11.6656,56.0136],[11.4355,56.028],[11.3142,56.0718],[11.2464,56.0744],[11.1641,56.0339],[11.1563,56.0063],[11.1802,55.9633],[11.0794,55.9867],[10.992,55.9636],[10.9627,55.9302],[10.9718,55.8925],[11.0941,55.8175],[10.8341,55.8074],[10.786,55.7899],[10.7568,55.7563],[10.7658,55.7184],[10.8118,55.6877],[10.8517,55.6238],[11.002,55.5841],[10.9664,55.5411],[10.9547,55.4752],[10.9787,55.4356],[11.0213,55.415],[10.9966,55.394],[10.8932,55.3869],[10.8327,55.4424],[10.9179,55.4966],[10.9162,55.535],[10.8884,55.5614],[10.7876,55.585],[10.7304,55.6456],[10.6623,55.679],[10.5697,55.6822],[10.4775,55.6465],[10.3566,55.6846],[10.4464,55.7418],[10.4988,55.7121],[10.5815,55.7011],[10.6928,55.7174],[10.7403,55.7628],[10.7565,55.8116],[10.8031,55.8729],[10.8928,55.9083],[10.9042,55.9451],[10.8766,55.9798],[10.7739,56.0133],[10.6838,56.003],[10.6604,56.0407],[10.6278,56.0582],[10.6477,56.0808],[10.8333,56.0672],[10.9114,56.0985],[10.927,56.1471],[10.8695,56.1941],[11.0236,56.3228],[11.0393,56.396],[11.0723,56.4429],[11.0387,56.4995],[10.8641,56.5941],[10.7647,56.6034],[10.5328,56.5782],[10.4615,56.5905],[10.4811,56.6658],[10.4689,56.7244],[10.409,56.7812],[10.3905,56.8271],[10.3866,56.9222],[10.4448,56.9631],[10.5297,57.1255],[10.657,57.2187],[10.6638,57.2558],[10.6399,57.3963],[10.7162,57.4413],[10.7406,57.4753],[10.7213,57.5156],[10.6636,57.5518],[10.5553,57.5618],[10.5398,57.5762],[10.595,57.6386],[10.7412,57.7068],[10.7663,57.7508],[10.7455,57.7845],[10.6673,57.8124],[10.5537,57.8099],[10.2127,57.6719],[10.1231,57.6522],[9.9495,57.6594],[9.8885,57.6447],[9.7029,57.5107],[9.6056,57.3952],[9.47,57.2782],[9.334,57.2221],[9.2078,57.2017],[8.9537,57.2201],[8.7597,57.1644],[8.623,57.1898],[8.5365,57.1823],[8.2676,56.9965],[8.1697,56.8865],[8.0424,56.6478],[8.0013,56.5279],[8.0025,56.3043],[8.0166,56.234],[7.9848,56.0942],[7.9856,56.0315],[8.0249,55.9532],[8.063,55.7757],[8.0327,55.6952],[7.9582,55.5754],[7.9597,55.55],[7.994,55.5167],[8.133,55.4711],[8.2665,55.3888],[8.2948,55.3547],[8.3088,55.2938],[8.3449,55.2627],[8.3408,55.2231],[8.3635,55.1899],[8.3487,55.1185],[8.2907,55.0812],[8.1927,54.9443],[8.1641,54.7762],[8.1801,54.7206],[8.1403,54.6851],[8.1362,54.6468],[8.1804,54.6066],[8.34,54.5478],[8.3291,54.4765],[8.3403,54.4247],[8.3885,54.3848],[8.4694,54.3586],[8.4706,54.2891],[8.5013,54.2245],[8.84,54.2647],[8.9731,54.2283],[9.061,54.164],[9.245,54.2187],[9.3988,54.1705],[9.5746,54.0546],[9.6515,53.9852],[9.6707,53.8541],[9.624,53.7357],[9.5505,53.6159],[9.7046,53.5591],[9.9548,53.5435],[9.9589,53.5655],[9.9396,53.5761],[9.9818,53.6033],[9.9674,53.6154],[9.9898,53.6356],[9.9943,53.6778],[10.0435,53.682],[10.0252,53.6447],[10.0601,53.6316],[10.0455,53.6132],[10.0719,53.5616],[10.1122,53.565],[10.0935,53.5378],[10.1463,53.502],[10.2365,53.4964],[10.2669,53.5062],[10.2736,53.5255],[10.2972,53.5206],[10.3079,53.5517],[10.4188,53.6023],[10.4686,53.5967],[10.515,53.6166],[10.4535,53.6337],[10.4091,53.667],[10.412,53.6989],[10.444,53.7006],[10.4455,53.7229],[10.4004,53.7286],[10.4677,53.7654],[10.5364,53.7669],[10.5401,53.7912],[10.574,53.799],[10.5544,53.826],[10.6205,53.8473],[10.5877,53.8616],[10.6567,53.8918],[10.632,53.9173],[10.5436,53.9096],[10.5501,53.9352],[10.5352,53.955],[10.5565,53.9654],[10.6134,53.9471],[10.607,53.9615],[10.6503,53.9821],[10.6233,54.009],[10.633,54.0217],[10.702,54.0059],[10.6978,54.0258],[10.7576,54.0397],[10.7554,54.0542],[10.9231,54.0294],[10.9664,54.0438],[11.1924,54.1673],[11.2079,54.2047],[11.1898,54.3159],[11.2248,54.3422],[11.3614,54.3421],[11.4051,54.3659],[11.4294,54.4027],[11.4121,54.4518],[11.308,54.5568],[11.0924,54.6051],[10.9801,54.5816],[10.9085,54.52],[10.8899,54.4405],[10.7457,54.3807],[10.6573,54.4238],[10.3839,54.4985],[10.28,54.5045],[10.1392,54.5543],[10.1506,54.7044],[10.0694,54.7999],[10.1459,54.8262],[10.1814,54.8586],[10.3737,54.7563],[10.4383,54.7537],[10.538,54.7784],[10.5745,54.7046],[10.6443,54.6658],[10.7193,54.661],[10.7946,54.6804],[10.8386,54.712],[10.8706,54.7622],[10.944,54.7087],[11.213,54.6372],[11.4471,54.5345],[11.7018,54.5273],[11.8552,54.4947],[12.0149,54.5011],[12.0588,54.5209],[12.0839,54.5549],[12.0892,54.6689],[12.1462,54.7296],[12.2608,54.8005],[12.3317,54.8715],[12.3829,54.8985],[12.5623,54.8818],[12.6198,54.9013],[12.6648,54.9433],[12.6556,54.9991],[12.5971,55.0572],[12.5011,55.084],[12.3779,55.0941],[12.3461,55.1275],[12.2581,55.1667],[12.3892,55.1754],[12.4654,55.1999],[12.5423,55.2445],[12.5628,55.2772],[12.5645,55.3421],[12.5378,55.388],[12.4516,55.4392],[12.3237,55.4761],[12.3338,55.5033],[12.3643,55.5223],[12.4337,55.5423],[12.5157,55.5057],[12.6159,55.4957],[12.6837,55.5133],[12.7995,55.5747],[12.7774,55.5417],[12.7778,55.5088],[12.7304,55.4665],[12.6896,55.3812],[12.7085,55.3234],[12.7804,55.2935],[12.9583,55.3219],[13.3606,55.2713],[13.7324,55.3576],[13.9019,55.3635],[14.0243,55.3152],[14.2231,55.3152],[14.2923,55.345],[14.465,55.4994],[14.4697,55.5738],[14.3956,55.6504],[14.3808,55.7046],[14.3135,55.7416],[14.3494,55.8351],[14.4359,55.8912],[14.5224,55.9051],[14.5853,55.9337],[14.6814,55.924],[14.8987,55.9401],[14.9685,55.982],[14.9765,56.0121],[14.9608,56.0428],[15.1389,56.0712],[15.6284,56.0118],[15.5856,55.9675],[15.5934,55.9161],[15.6613,55.8832],[15.7404,55.8838],[15.8081,55.9177],[15.827,55.952],[15.896,55.9825],[16.0324,56.1205],[16.1397,56.1935],[16.181,56.2492],[16.188,56.3059],[16.0757,56.3219],[15.9913,56.3021],[15.8389,56.3245],[15.7427,56.4124],[15.6967,56.4219],[15.5539,56.5004],[15.5285,56.5],[15.5127,56.4811],[15.3795,56.497],[15.3692,56.4784],[15.3197,56.4587],[15.2552,56.4735],[15.2236,56.464],[15.2394,56.4447],[15.2119,56.4333],[15.1604,56.4318],[15.1227,56.456],[15.0265,56.4507],[14.9908,56.4416],[14.9476,56.3843],[14.8652,56.363],[14.7031,56.3862],[14.6063,56.4416],[14.2863,56.5057],[14.2012,56.4996],[14.0893,56.5334],[14.0495,56.5156],[14.0371,56.4724],[13.8538,56.439],[13.5056,56.4139],[13.4486,56.4466],[13.3443,56.7565],[13.3415,56.873],[13.3209,56.9315],[13.1355,57.031],[13.0449,57.1504],[12.9543,57.1735],[12.9007,57.2397],[12.7304,57.3087],[12.6233,57.3191],[12.4763,57.2872],[12.4269,57.3109],[12.42,57.3525],[12.3294,57.473],[12.3459,57.5755],[12.2978,57.6013],[11.8319,57.5344],[11.7859,57.4758],[11.7007,57.4337],[11.7357,57.3507],[11.7768,57.3203],[11.7869,57.2727],[11.8458,57.2408],[11.9383,57.233],[11.9894,57.1769],[11.9811,57.1497],[11.9931,57.1235],[12.1174,57.0602],[12.1414,57.0256],[12.2217,56.976],[12.2272,56.9249],[12.2474,56.8943],[12.3898,56.8343],[12.4277,56.7842],[12.4899,56.7637],[12.5038,56.7255],[12.6203,56.5976],[12.7013,56.5735],[12.7972,56.5704],[12.8151,56.5471],[12.8052,56.5335],[12.7288,56.5429],[12.6073,56.5204],[12.5124,56.5226],[12.4419,56.4966],[12.4157,56.467],[12.4133,56.4395],[12.4654,56.3733],[12.383,56.3645],[12.3261,56.3232],[12.3376,56.2733],[12.3881,56.2401]]],[[[19.4204,58.3239],[19.4484,58.3541],[19.4411,58.3909],[19.3384,58.4426],[19.152,58.4663],[19.0836,58.4447],[19.0508,58.4111],[19.052,58.3855],[19.1068,58.3076],[19.1858,58.2718],[19.3468,58.2793],[19.4204,58.3239]]],[[[19.0412,57.6641],[19.1005,57.6783],[19.194,57.7333],[19.2182,57.7774],[19.2774,57.8165],[19.2836,57.866],[19.3499,57.8772],[19.4529,57.928],[19.4701,57.9659],[19.4401,58.0156],[19.3782,58.0451],[19.1833,58.0639],[19.0411,58.0353],[18.9701,57.9934],[18.6749,57.9925],[18.3421,57.8439],[18.2216,57.7035],[18.0464,57.6066],[17.9929,57.5592],[17.988,57.4795],[17.9558,57.4308],[17.9664,57.4051],[18.0051,57.3791],[17.8824,57.3413],[17.8398,57.3034],[17.8361,57.2779],[17.8677,57.2363],[18.0285,57.2022],[18.0225,57.1596],[18.0631,57.1102],[18.0479,57.0629],[18.074,57.029],[18.0596,56.9955],[18.0036,56.9424],[18.0019,56.8926],[18.0796,56.8473],[18.2515,56.8425],[18.3741,56.8779],[18.5044,56.9571],[18.5305,57.0058],[18.4856,57.0509],[18.595,57.0805],[18.6439,57.1226],[18.6525,57.1499],[18.7204,57.1512],[18.79,57.177],[18.8737,57.2556],[18.8768,57.3097],[19.0907,57.3971],[19.1134,57.4491],[19.0777,57.4953],[19.0142,57.5135],[18.9075,57.5143],[18.9358,57.5585],[18.9255,57.6201],[18.9942,57.6314],[19.0412,57.6641]]],[[[-6.5585,61.8846],[-6.5679,61.8939],[-6.5153,61.9124],[-6.4786,61.9565],[-6.4975,62.0017],[-6.5453,62.0491],[-6.4645,62.11],[-6.3559,62.1325],[-6.3055,62.1771],[-6.2028,62.2169],[-6.1178,62.3196],[-6.1126,62.3444],[-6.1281,62.3683],[-6.2088,62.4054],[-6.3057,62.4183],[-6.392,62.409],[-6.5285,62.4558],[-6.7307,62.4293],[-6.8421,62.4355],[-6.9399,62.4001],[-7.0234,62.4002],[-7.2892,62.3577],[-7.3595,62.3151],[-7.3806,62.2569],[-7.3705,62.2336],[-7.3908,62.2083],[-7.4882,62.2084],[-7.5645,62.1819],[-7.7062,62.1667],[-7.7982,62.1377],[-7.8285,62.1023],[-7.8065,62.0611],[-7.7491,62.035],[-7.5482,62.0247],[-7.2522,61.9566],[-7.1334,61.9655],[-7.0904,61.9407],[-7.0907,61.9012],[-6.9975,61.7876],[-6.9796,61.735],[-6.9531,61.7161],[-7.0868,61.6871],[-7.1346,61.6311],[-7.1278,61.5921],[-6.9839,61.4355],[-6.8645,61.3692],[-6.7535,61.3318],[-6.5982,61.3406],[-6.5523,61.365],[-6.5308,61.3988],[-6.6145,61.5774],[-6.5617,61.6232],[-6.5636,61.6499],[-6.6008,61.6953],[-6.5359,61.7383],[-6.5026,61.8215],[-6.5172,61.8584],[-6.5585,61.8846]]],[[[-17.8575,66.5816],[-17.9466,66.6198],[-18.0588,66.6251],[-18.1437,66.6023],[-18.1809,66.5462],[-18.1587,66.5133],[-18.0949,66.4832],[-17.9441,66.4677],[-17.88,66.4813],[-17.8349,66.5109],[-17.826,66.547],[-17.8575,66.5816]]],[[[-13.4139,64.5677],[-13.3405,64.5367],[-13.2361,64.5326],[-13.1523,64.5566],[-13.1231,64.6045],[-13.1936,64.6511],[-13.3153,64.6591],[-13.4152,64.6238],[-13.4294,64.5987],[-13.4139,64.5677]]],[[[-18.9423,63.3455],[-18.6802,63.3264],[-18.0595,63.4072],[-17.7907,63.5],[-17.6681,63.6261],[-17.5302,63.674],[-17.2307,63.7177],[-16.5975,63.7348],[-16.5279,63.7553],[-16.4033,63.8413],[-16.1957,63.9474],[-15.8527,64.089],[-15.6843,64.1121],[-15.5886,64.1492],[-15.3897,64.1718],[-14.8987,64.184],[-14.826,64.2111],[-14.7479,64.284],[-14.6525,64.2967],[-14.5955,64.334],[-14.4392,64.3555],[-14.3628,64.4159],[-14.356,64.4552],[-14.3224,64.501],[-14.2693,64.5383],[-14.1442,64.5249],[-14.0347,64.5506],[-13.9954,64.5905],[-14.0031,64.6153],[-14.0361,64.6387],[-13.8919,64.6772],[-13.8349,64.7241],[-13.7353,64.7558],[-13.6325,64.8268],[-13.5021,64.8647],[-13.4623,64.9081],[-13.3806,64.9498],[-13.3702,64.996],[-13.3898,65.02],[-13.3483,65.0837],[-13.374,65.1191],[-13.3701,65.1785],[-13.4043,65.2062],[-13.4659,65.2236],[-13.4257,65.2634],[-13.4372,65.2994],[-13.5508,65.338],[-13.4905,65.399],[-13.4676,65.525],[-13.5643,65.5902],[-13.7075,65.6195],[-13.8142,65.6683],[-14.0029,65.6723],[-14.2056,65.7307],[-14.1634,65.7674],[-14.1598,65.7913],[-14.1967,65.8243],[-14.2509,65.8414],[-14.3901,65.8477],[-14.5819,65.8213],[-14.4782,65.9005],[-14.457,65.944],[-14.4672,66.0043],[-14.5324,66.0643],[-14.5945,66.0981],[-14.6857,66.1154],[-14.7842,66.1193],[-14.9145,66.0968],[-14.9239,66.1134],[-14.8312,66.1415],[-14.7872,66.1744],[-14.7752,66.2137],[-14.7988,66.2477],[-14.4862,66.313],[-14.3987,66.3536],[-14.385,66.3879],[-14.4322,66.4243],[-14.5119,66.4397],[-14.7085,66.4254],[-14.7997,66.4451],[-14.8881,66.4435],[-15.0975,66.3942],[-15.2308,66.3194],[-15.3933,66.3113],[-15.4757,66.2708],[-15.5489,66.2879],[-15.5266,66.3365],[-15.5582,66.4151],[-15.6148,66.4435],[-15.749,66.4714],[-15.7595,66.508],[-15.8282,66.5495],[-15.9801,66.5947],[-16.1855,66.5996],[-16.326,66.5685],[-16.5498,66.5683],[-16.6879,66.5257],[-16.7089,66.4788],[-16.6718,66.4225],[-16.67,66.3633],[-16.6172,66.2903],[-16.5809,66.271],[-16.6116,66.2387],[-16.8389,66.1893],[-16.8993,66.2382],[-16.9691,66.2596],[-17.2061,66.2622],[-17.3965,66.1992],[-17.4303,66.1432],[-17.5148,66.0914],[-17.5239,66.0437],[-17.6791,66.1326],[-17.6918,66.1827],[-17.7169,66.2048],[-17.854,66.2331],[-17.9671,66.2192],[-18.287,66.2324],[-18.4243,66.1968],[-18.4735,66.1445],[-18.5583,66.1978],[-18.6693,66.238],[-18.84,66.2591],[-18.9734,66.2474],[-19.1391,66.2082],[-19.2359,66.1434],[-19.431,66.1264],[-19.6442,66.0787],[-19.6899,66.0558],[-19.7023,66.0202],[-19.787,66.0028],[-19.9253,66.1266],[-20.0261,66.1721],[-20.2005,66.1871],[-20.4874,66.143],[-20.5566,66.1053],[-20.5843,66.0203],[-20.5426,65.9756],[-20.526,65.9142],[-20.4776,65.8696],[-20.4724,65.8126],[-20.423,65.7453],[-20.4536,65.7112],[-20.4551,65.6739],[-20.4812,65.6636],[-20.5088,65.7085],[-20.6235,65.7447],[-20.7937,65.7366],[-21.04,65.63],[-21.0894,65.5912],[-21.0967,65.5531],[-21.1277,65.5132],[-21.1552,65.5081],[-21.139,65.5624],[-21.1483,65.6001],[-21.1831,65.6333],[-21.249,65.6544],[-21.1942,65.746],[-21.2038,65.7718],[-21.151,65.823],[-21.1282,65.8889],[-21.1305,65.9292],[-21.1752,65.976],[-21.1868,66.027],[-21.2119,66.0492],[-21.3708,66.0907],[-21.4175,66.124],[-21.5088,66.1467],[-21.6612,66.2231],[-21.7901,66.2496],[-21.8548,66.3115],[-22.0363,66.3469],[-22.0808,66.3784],[-22.243,66.4378],[-22.2715,66.4795],[-22.3574,66.5186],[-22.6106,66.528],[-22.7458,66.5015],[-22.874,66.5308],[-22.9782,66.5311],[-23.2123,66.4809],[-23.2591,66.4567],[-23.2701,66.419],[-23.3512,66.3791],[-23.341,66.3304],[-23.2984,66.3],[-23.1156,66.2566],[-23.1305,66.2374],[-23.1252,66.2116],[-23.2956,66.2465],[-23.4571,66.2597],[-23.684,66.2051],[-23.7988,66.1315],[-23.9147,66.0979],[-23.9636,66.062],[-23.9702,66.0104],[-23.9146,65.9669],[-24.0006,65.9149],[-24.0133,65.8658],[-24.1426,65.861],[-24.252,65.8178],[-24.2701,65.7653],[-24.2232,65.6987],[-24.3506,65.7018],[-24.4304,65.686],[-24.5402,65.5868],[-24.6861,65.5139],[-24.6887,65.489],[-24.6686,65.4662],[-24.6026,65.4417],[-24.458,65.4275],[-24.19,65.4388],[-24.1201,65.42],[-24.0401,65.3679],[-23.878,65.3457],[-23.6617,65.3614],[-23.5309,65.412],[-23.3927,65.4304],[-23.2873,65.4223],[-23.3063,65.3993],[-23.3028,65.3751],[-23.2564,65.3436],[-23.1776,65.3285],[-23.0805,65.3364],[-23.002,65.3084],[-23.0423,65.2789],[-23.0449,65.2537],[-22.9514,65.1794],[-22.9835,65.1262],[-23.0783,65.0748],[-23.2582,65.0696],[-23.6954,64.9647],[-23.7981,64.9862],[-23.9572,64.9837],[-24.1536,64.9319],[-24.2028,64.8743],[-24.1458,64.7988],[-24.0455,64.715],[-23.8278,64.6651],[-23.5874,64.6841],[-23.5269,64.7013],[-23.4854,64.7327],[-23.3817,64.728],[-23.2524,64.7583],[-22.8368,64.7321],[-22.7066,64.7097],[-22.5749,64.7109],[-22.5637,64.7046],[-22.5963,64.6725],[-22.5928,64.6476],[-22.5089,64.5996],[-22.5263,64.5772],[-22.5328,64.5145],[-22.5182,64.4902],[-22.4704,64.4656],[-22.2012,64.3987],[-22.1762,64.3803],[-22.2444,64.3402],[-22.2396,64.3019],[-22.1798,64.2604],[-22.0536,64.2338],[-22.1453,64.1972],[-22.1798,64.1607],[-22.1862,64.0979],[-22.2063,64.0944],[-22.4383,64.0646],[-22.609,64.1424],[-22.7486,64.1464],[-22.8335,64.1214],[-22.8709,64.0703],[-22.8652,64.0319],[-22.8984,63.9987],[-22.8965,63.9578],[-22.8647,63.9264],[-22.8928,63.8819],[-22.8837,63.8565],[-22.8954,63.8204],[-22.8807,63.7954],[-22.8184,63.7585],[-22.6567,63.7425],[-22.2905,63.7723],[-22.1101,63.7595],[-21.7971,63.7847],[-21.6144,63.7595],[-21.2332,63.8085],[-21.042,63.7673],[-20.8334,63.7096],[-20.4598,63.5551],[-20.5789,63.5532],[-20.661,63.5085],[-20.6636,63.4817],[-20.6342,63.4511],[-20.5169,63.4247],[-20.5197,63.3887],[-20.6811,63.3642],[-20.7556,63.3218],[-20.764,63.2951],[-20.7494,63.2697],[-20.6294,63.2268],[-20.5428,63.2289],[-20.4225,63.2644],[-20.295,63.2807],[-20.0651,63.4081],[-19.998,63.4708],[-19.74,63.4528],[-19.182,63.3404],[-19.0216,63.3331],[-18.9423,63.3455]]],[[[15.2654,55.3752],[15.1957,55.3939],[15.1277,55.3881],[15.0712,55.3592],[15.0559,55.3118],[15.1218,55.2618],[15.2384,55.2584],[15.2804,55.2764],[15.3092,55.3117],[15.2995,55.3504],[15.2654,55.3752]]],[[[14.8154,54.9763],[14.9562,54.9335],[15.1451,54.9335],[15.2232,54.988],[15.2731,55.0695],[15.2756,55.1346],[15.2255,55.1889],[15.1385,55.2127],[15.0326,55.2709],[14.9176,55.2994],[14.8376,55.3572],[14.771,55.3667],[14.7111,55.3561],[14.6519,55.322],[14.5916,55.2263],[14.5863,55.1417],[14.5651,55.0939],[14.6167,55.0366],[14.8154,54.9763]]],[[[11.7181,56.264],[11.6043,56.2517],[11.5717,56.2255],[11.5675,56.1885],[11.6058,56.1525],[11.6917,56.1287],[11.7714,56.1369],[11.8214,56.1657],[11.8333,56.19],[11.8183,56.2286],[11.7181,56.264]]],[[[11.6921,56.6691],[11.7579,56.7031],[11.7762,56.7391],[11.7553,56.7739],[11.7017,56.797],[11.4804,56.7822],[11.4218,56.7597],[11.3924,56.7268],[11.3939,56.7019],[11.4334,56.6602],[11.5004,56.6287],[11.6141,56.6299],[11.6921,56.6691]]],[[[11.0856,57.3837],[11.0542,57.3834],[11.0165,57.4117],[10.9567,57.428],[10.8238,57.4051],[10.7854,57.3679],[10.8021,57.3239],[10.7513,57.2913],[10.7477,57.2436],[10.8227,57.1409],[10.9282,57.1158],[11.0978,57.1526],[11.1542,57.199],[11.2393,57.2143],[11.3005,57.2632],[11.3171,57.3255],[11.2809,57.3696],[11.1774,57.3892],[11.0856,57.3837]]]]},"properties":{"id":"Q62651","names":{"ast":"Reinu de Dinamarca y Noruega","az":"Danimarka-Norveç","be":"Данія-Нарвегія","bg":"Дания-Норвегия","br":"Rouantelezh Danmark ha Norvegia","ca":"Regne de Dinamarca i Noruega","ce":"Датхойн норвегийн уни","cs":"Dánsko-Norsko","cy":"Denmarc–Norwy","da":"Danmark-Norge (1537-1559)","de":"Dänemark-Norwegen","el":"Δανία–Νορβηγία","en":"Denmark–Norway","eo":"Danio-Norvegio","es":"Reino de Dinamarca y Noruega","et":"Taani-Norra","eu":"Danimarka eta Norvegiako Erresuma","fi":"Tanska-Norja","fr":"Danemark-Norvège","ga":"An Danmhairg-an Iorua","gd":"An Danmhairg-Nirribhidh","gl":"Reino de Dinamarca e Noruega","hr":"Danska-Norveška","hu":"Dánia–Norvégia","id":"Denmark–Norwegia","io":"Dania-Norvegia","is":"Dansk-norska ríkið","it":"Danimarca-Norvegia","ko":"덴마크-노르웨이","lt":"Danija-Norvegija","lv":"Dānija—Norvēģija","mk":"Данска-Норвешка","ms":"Denmark–Norway","nl":"Denemarken-Noorwegen","nn":"Danmark-Noreg (1537-1559)","no":"Danmark-Norge (1537-1559)","pl":"Królestwo Danii i Norwegii","pt":"Reino da Dinamarca e Noruega","ro":"Danemarca-Norvegia","ru":"Датско-норвежская уния","sk":"Dánsko-Nórsko","sq":"Danimarka-Norvegjia","sr":"Данска—Норвешка","sv":"Danmark-Norge","tl":"Dinamarka-Noruwega","tr":"Danimarka-Norveç","uk":"Данія-Норвегія","uz":"Daniya-Norvegiya","vec":"Danemarca-Norveja","vi":"Đan Mạch–Na Uy"},"from":1537,"to":1559,"wikidata":"Q62651","adminLevel":2,"source":"OpenHistoricalMap","sourceUrl":"https://www.openhistoricalmap.org"}},{"type":"Feature","geometry":{"type":"Polygon","coordinates":[[[18.2036,62.5974],[18.2958,62.7043],[18.3711,62.753],[18.5743,62.8152],[18.6176,62.8429],[18.633,62.8785],[18.7385,62.9077],[18.9342,63.0895],[19.1788,63.1545],[19.3191,63.2186],[19.3457,63.2794],[19.3943,63.3188],[19.3994,63.3466],[19.636,63.3468],[19.8922,63.41],[19.9838,63.3729],[20.0927,63.3733],[20.1575,63.3974],[20.1839,63.429],[20.1679,63.4652],[20.0924,63.4951],[20.1444,63.5237],[20.1815,63.5831],[20.3468,63.5695],[20.4803,63.5775],[20.5451,63.6014],[20.5863,63.6554],[20.664,63.6733],[20.6817,63.6554],[20.611,63.6259],[20.5958,63.6022],[20.6024,63.5769],[20.6853,63.5344],[20.7939,63.5274],[20.901,63.5498],[21.0495,63.6469],[21.1086,63.7586],[21.1545,63.7939],[21.1552,63.8246],[21.1063,63.861],[20.9879,63.8819],[21.0068,63.9131],[20.9985,63.934],[21.036,63.9577],[21.1129,64.0784],[21.2534,64.1286],[21.2743,64.151],[21.2735,64.1765],[21.3474,64.2277],[21.6293,64.2955],[21.6595,64.3232],[21.652,64.3582],[21.7439,64.4078],[21.7621,64.4372],[21.6877,64.5503],[21.6451,64.5806],[21.636,64.6216],[21.5755,64.6522],[21.4913,64.6624],[21.4909,64.6852],[21.4442,64.7311],[21.4402,64.7669],[21.3814,64.8213],[21.5311,64.9261],[21.5416,64.9506],[21.6853,65.0003],[21.7194,65.0489],[21.8333,65.0733],[21.9422,65.0736],[22.007,65.0963],[22.0306,65.1298],[22.098,65.17],[22.1092,65.2084],[22.0861,65.2411],[22.1095,65.2802],[22.201,65.3061],[22.3198,65.2513],[22.4628,65.2565],[22.6353,65.3436],[22.6777,65.3942],[22.8059,65.4114],[22.8794,65.4394],[22.9546,65.5152],[22.9535,65.5663],[23.1252,65.5661],[23.1808,65.5831],[23.2263,65.6176],[23.3172,65.5995],[23.4388,65.617],[23.486,65.6051],[23.503,65.5874],[23.4084,65.556],[23.3958,65.5121],[23.4469,65.4777],[23.5472,65.4618],[23.6401,65.4716],[23.7048,65.504],[23.8256,65.5045],[23.9043,65.5314],[24.242,65.5425],[24.421,65.5895],[24.4956,65.5557],[24.6416,65.5415],[24.6793,65.5168],[24.7082,65.4646],[24.6642,65.4295],[24.6705,65.3538],[24.7471,65.2986],[24.713,65.2677],[24.7154,65.2167],[24.7493,65.1895],[24.8127,65.1717],[24.5674,65.1399],[24.4146,65.0668],[24.4059,65.0285],[24.4351,64.9784],[24.5635,64.9094],[24.4123,64.8499],[24.392,64.8265],[24.3917,64.7779],[24.3086,64.7693],[24.2249,64.7353],[24.2027,64.6992],[24.2252,64.6589],[24.2086,64.6014],[24.1423,64.5804],[24.0622,64.518],[23.9624,64.4874],[23.8578,64.4118],[23.784,64.3807],[23.6859,64.3018],[23.6368,64.3538],[23.5125,64.3914],[23.4248,64.398],[23.333,64.3778],[23.2937,64.3433],[23.3059,64.305],[23.4455,64.2509],[23.3909,64.189],[23.3933,64.1627],[23.3081,64.1459],[23.2542,64.115],[23.2244,64.0362],[23.1032,64.0373],[22.9961,64.0043],[22.9219,64.0224],[22.8443,64.0196],[22.6225,63.9735],[22.4942,63.8756],[22.3932,63.7659],[22.3961,63.7314],[22.424,63.7109],[22.2676,63.6698],[22.1925,63.6116],[22.1842,63.589],[22.0753,63.5723],[22.038,63.5536],[22.0183,63.5207],[21.6952,63.5304],[21.5779,63.4773],[21.5031,63.4865],[21.4291,63.4755],[21.3755,63.4379],[21.1904,63.5027],[20.9871,63.4907],[20.9152,63.4459],[20.883,63.3273],[20.986,63.217],[20.7287,63.2089],[20.6157,63.1852],[20.5682,63.1572],[20.5612,63.1168],[20.5918,63.0906],[20.6026,63.0554],[20.6487,63.0268],[20.6041,62.9856],[20.6225,62.9371],[20.6844,62.9081],[20.8819,62.8769],[20.9561,62.8338],[20.9669,62.7929],[20.9149,62.748],[20.9254,62.6917],[20.8973,62.6477],[20.9183,62.6027],[20.9091,62.5623],[20.9213,62.5257],[20.978,62.46],[20.9608,62.4242],[20.9679,62.3999],[21.0221,62.3669],[21.0613,62.2992],[21.1533,62.2388],[21.1639,62.2001],[21.1532,62.0809],[21.1123,62.0168],[21.1505,61.96],[21.1492,61.9105],[21.1787,61.8878],[21.1763,61.8334],[21.2687,61.7514],[21.1882,61.6467],[21.2472,61.5793],[21.2994,61.5507],[21.2383,61.5248],[21.2036,61.4914],[21.1943,61.4082],[21.2459,61.3662],[21.2553,61.3174],[21.2212,61.2891],[21.1953,61.238],[21.2011,61.1896],[21.1477,61.1202],[21.0746,61.0768],[21.0694,61.0407],[20.9188,60.9479],[20.8672,60.8481],[20.9342,60.7821],[20.8613,60.7262],[20.7397,60.6952],[20.6922,60.6649],[20.5972,60.6493],[20.4688,60.5847],[20.3467,60.5539],[20.2744,60.5982],[20.1695,60.6026],[20.0866,60.5732],[20.0491,60.5227],[19.8231,60.5355],[19.6387,60.4913],[19.3513,60.4592],[19.3038,60.4287],[19.2518,60.3414],[19.1643,60.3155],[19.1296,60.2808],[19.1848,60.1253],[19.2903,60.0926],[19.4311,60.1149],[19.5381,60.0675],[19.7247,60.0161],[19.7994,59.9744],[19.8617,59.9097],[19.7537,59.8715],[19.7174,59.8234],[19.7426,59.7863],[19.7914,59.7654],[19.9758,59.7709],[20.0537,59.7936],[20.0905,59.8335],[20.2041,59.8446],[20.2711,59.7992],[20.3698,59.7906],[20.4619,59.7587],[20.641,59.7573],[20.7993,59.7959],[20.8462,59.7558],[20.9535,59.7064],[21.2921,59.7004],[21.3521,59.6746],[21.4007,59.6269],[21.495,59.6088],[21.5779,59.6248],[21.6245,59.6713],[21.6508,59.6773],[21.7551,59.6665],[22.0109,59.7009],[22.1684,59.6852],[22.2574,59.7107],[22.3379,59.6667],[22.4223,59.6528],[22.5576,59.6611],[22.6309,59.7024],[22.7073,59.6913],[22.8503,59.7061],[22.9763,59.6833],[23.0804,59.7205],[23.2426,59.7302],[23.3019,59.7005],[23.39,59.6952],[23.501,59.7256],[23.6281,59.7285],[23.7021,59.758],[23.7336,59.791],[24.0376,59.8446],[24.1708,59.8437],[24.2561,59.8062],[24.357,59.8075],[24.568,59.8976],[24.709,59.9356],[24.7899,59.9906],[24.9128,60.0261],[25.0365,60.0098],[25.2748,60.0515],[25.4578,60.0404],[25.5494,60.077],[25.6995,60.062],[25.7852,60.0931],[25.9685,60.1258],[26.2994,60.0984],[26.377,60.1317],[26.3849,60.1817],[26.3998,60.1883],[26.4877,60.2008],[26.6159,60.1849],[26.7557,60.2449],[26.8943,60.2533],[26.9456,60.3677],[26.9199,60.4596],[26.8472,60.5549],[26.7792,60.5826],[26.7709,60.5934],[26.7867,60.6065],[26.7421,60.6527],[26.7414,60.6671],[26.7682,60.6772],[26.8417,60.6513],[26.8149,60.7256],[26.7236,60.8292],[26.6013,60.8583],[26.6158,60.9007],[26.6844,60.8991],[26.6776,60.9208],[26.6061,60.9314],[26.5292,61.027],[26.6329,61.0749],[26.8272,61.1247],[27.1795,61.1426],[27.3415,61.186],[27.4081,61.2511],[27.5228,61.263],[27.6059,61.2537],[27.6505,61.2643],[27.7473,61.3388],[27.9382,61.3671],[28.033,61.446],[28.1071,61.4732],[28.1744,61.5243],[28.2108,61.5217],[28.2294,61.561],[28.2912,61.5982],[28.5418,61.6279],[28.5562,61.6495],[28.515,61.738],[28.6613,61.7894],[28.7203,61.7747],[28.9819,61.6286],[29.0842,61.6508],[29.179,61.6429],[29.2223,61.6612],[29.258,61.7153],[29.3369,61.751],[29.4681,61.8578],[29.604,61.9331],[29.398,62.0897],[29.3692,62.1649],[29.4942,62.2769],[29.5127,62.3196],[29.5601,62.3334],[29.613,62.3735],[29.775,62.413],[29.7922,62.4397],[29.786,62.4724],[29.7201,62.5639],[29.7784,62.6031],[29.9,62.6252],[29.9007,62.6369],[29.8402,62.6647],[29.8499,62.7044],[29.8725,62.7088],[29.9426,62.6801],[30.0538,62.6993],[30.071,62.7154],[30.0469,62.7296],[30.0517,62.7396],[30.1465,62.767],[30.13,62.7918],[30.2014,62.8135],[30.222,62.8627],[30.3902,62.8],[30.5907,62.8379],[30.8029,62.9221],[30.8407,63.04],[30.8702,63.0668],[30.9636,63.0991],[31.1504,63.1125],[31.2183,63.1463],[31.2553,63.1462],[31.2326,63.221],[30.9865,63.3073],[30.9344,63.3555],[30.8542,63.3677],[30.7877,63.4053],[30.484,63.4667],[30.3845,63.5455],[30.255,63.5867],[30.2442,63.6073],[29.9792,63.7533],[30.2604,63.822],[30.3209,63.9095],[30.4919,64.017],[30.5536,64.1017],[30.5534,64.1322],[30.4664,64.2044],[30.5096,64.2217],[30.4824,64.2623],[30.3883,64.2691],[30.2855,64.3298],[30.1099,64.365],[30.0523,64.3978],[30.0583,64.4509],[30.0244,64.483],[30.0297,64.5006],[29.9871,64.5337],[29.9894,64.5876],[30.1301,64.6347],[30.1358,64.649],[30.0537,64.713],[30.0414,64.7412],[30.0856,64.7643],[30.0429,64.7929],[29.7396,64.7898],[29.6875,64.8188],[29.6997,64.8372],[29.6449,64.8665],[29.611,64.9273],[29.6192,64.9597],[29.5993,64.9951],[29.627,65.0606],[29.7327,65.0913],[29.8969,65.1051],[29.8193,65.1443],[29.8936,65.193],[29.8857,65.2063],[29.6429,65.2315],[29.6018,65.2599],[29.7466,65.3474],[29.7274,65.4003],[29.733,65.4725],[29.8639,65.5604],[29.7219,65.6371],[30.0158,65.6962],[30.1385,65.6687],[30.1194,65.7522],[30.0685,65.895],[29.9971,65.9788],[29.9891,66.0198],[29.9233,66.1271],[29.6992,66.2674],[29.7068,66.2739],[29.5196,66.4963],[29.4181,66.5912],[29.3826,66.5984],[29.3573,66.6399],[29.1494,66.7804],[29.1059,66.7904],[29.1107,66.8091],[29.0651,66.849],[29.0358,66.9183],[29.039,66.9564],[29.0715,66.9943],[29.5088,67.2754],[29.5226,67.3099],[29.6422,67.3356],[29.6301,67.3531],[29.9221,67.5189],[30.0156,67.6711],[29.6594,67.803],[29.3335,68.0694],[28.6462,68.1963],[28.4339,68.5397],[28.7064,68.7322],[28.8008,68.8693],[28.6613,68.8864],[28.468,68.8854],[28.4158,68.9155],[28.9288,69.0518],[28.8047,69.1112],[28.8305,69.1726],[28.8315,69.2241],[29.2178,69.3964],[29.3376,69.4786],[29.1712,69.6371],[29.1336,69.6956],[28.4036,69.8194],[28.3308,69.848],[28.3442,69.8798],[28.1631,69.9181],[27.9846,70.0133],[27.9561,70.0918],[27.7348,70.0633],[27.6955,70.0776],[27.6075,70.0752],[27.5528,70.0597],[27.529,70.024],[27.4243,70.0205],[27.2762,69.9788],[27.3024,69.9614],[27.0353,69.9099],[26.9716,69.9396],[26.871,69.9353],[26.8555,69.9608],[26.7266,69.9453],[26.6799,69.9637],[26.4898,69.9451],[26.4071,69.9013],[26.4184,69.8902],[26.3847,69.8552],[26.2424,69.8136],[26.2438,69.7923],[26.1475,69.7442],[26.0073,69.723],[25.9011,69.6724],[25.8925,69.6613],[25.9546,69.6467],[25.976,69.6117],[25.9346,69.5718],[25.849,69.5523],[25.8417,69.5418],[25.8749,69.5206],[25.8467,69.4929],[25.8629,69.4738],[25.8346,69.4681],[25.7963,69.4238],[25.8434,69.3984],[25.8157,69.3656],[25.7599,69.3402],[25.74,69.3181],[25.7418,69.2761],[25.7031,69.2548],[25.7123,69.2114],[25.6934,69.2027],[25.744,69.1396],[25.7199,69.1113],[25.7284,69.083],[25.7511,69.0332],[25.7755,69.0166],[25.727,68.9923],[25.6534,68.9074],[25.5911,68.8833],[25.4834,68.9046],[25.2442,68.8408],[25.1398,68.7834],[25.123,68.7514],[25.1301,68.7187],[25.1069,68.6802],[25.1181,68.6431],[25.076,68.6222],[24.9185,68.6058],[24.9029,68.5548],[24.8576,68.5613],[24.7826,68.6355],[24.6027,68.6851],[24.2728,68.7219],[24.1531,68.7533],[24.1583,68.79],[24.0757,68.78],[23.9835,68.8269],[23.8724,68.8373],[23.7724,68.8118],[23.7324,68.7519],[23.6725,68.7043],[23.4374,68.6919],[23.168,68.6291],[23.0452,68.689],[22.7997,68.6871],[22.5332,68.7442],[22.3761,68.7166],[22.3413,68.8285],[22.1929,68.9174],[22.1765,68.9562],[21.6276,69.2763],[21.2812,69.3113],[21.0026,69.2224],[20.9868,69.1922],[21.0566,69.1232],[21.109,69.1034],[21.0582,69.0367],[20.7179,69.1198],[20.5533,69.0603],[20.0598,69.0466],[20.306,68.9295],[20.334,68.8004],[20.2035,68.6673],[20.0518,68.5901],[19.936,68.5582],[20.2275,68.4916],[19.9214,68.3572],[18.9858,68.5169],[18.6212,68.5063],[18.4082,68.5808],[18.1261,68.5356],[18.1008,68.4051],[18.1527,68.1975],[17.8985,67.9699],[17.6443,68.0431],[17.2823,68.119],[17.1831,68.0519],[16.7433,67.9167],[16.5597,67.6519],[16.5025,67.6],[16.408,67.5334],[16.1591,67.5188],[16.0886,67.4349],[16.404,67.202],[16.388,67.045],[16.0406,66.9133],[15.6254,66.5952],[15.3779,66.4847],[15.483,66.2824],[15.0401,66.1549],[14.5178,66.1339],[14.582,65.9071],[14.6249,65.8112],[14.5409,65.7008],[14.4964,65.5197],[14.5047,65.3106],[14.3779,65.2447],[14.3268,65.1179],[14.7052,64.9805],[14.8151,64.8991],[14.9771,64.8478],[15.0238,64.8139],[15.1089,64.5496],[15.1007,64.4029],[15.1639,64.3137],[15.227,64.2601],[15.282,64.1478],[15.3424,64.1094],[15.3644,64.0758],[15.3616,64.0265],[15.4413,63.9699],[15.5017,63.8939],[15.5347,63.8007],[15.5951,63.7485],[15.8972,63.5926],[15.9494,63.4959],[16.0126,63.4309],[16.2296,63.309],[16.8256,63.0512],[16.9958,62.9452],[16.6745,62.9115],[16.5372,62.8539],[16.3834,62.7635],[16.3586,62.6905],[16.1884,62.6994],[16.095,62.6855],[15.9604,62.7157],[15.6061,62.6262],[15.26,62.5997],[15.1254,62.563],[14.8837,62.582],[14.7299,62.5529],[14.7656,62.4781],[15.0018,62.296],[15.1804,62.2615],[15.282,62.2909],[15.3452,62.2641],[15.4138,62.1873],[15.4166,62.1309],[15.1062,62.0048],[15.1089,61.8432],[14.9744,61.838],[14.662,61.875],[14.7848,61.609],[14.7739,61.5201],[14.7025,61.4899],[14.7491,61.2702],[14.7079,61.1936],[14.6228,61.1247],[14.5404,61.0104],[14.3289,61.0596],[14.1641,61.1326],[14.024,61.2372],[13.9169,61.2702],[13.6464,61.321],[13.0229,61.3586],[12.8719,61.357],[12.7923,61.198],[12.7073,61.1431],[12.6818,61.0594],[12.6147,61.046],[12.4474,61.0498],[12.2251,61.0108],[12.3325,60.8913],[12.3356,60.8499],[12.3956,60.733],[12.5112,60.6421],[12.5157,60.5997],[12.5828,60.5504],[12.6064,60.5124],[12.6061,60.4053],[12.499,60.3244],[12.5415,60.1928],[12.5,60.0988],[12.4488,60.0384],[12.395,60.0151],[12.3407,59.9647],[12.2316,59.9276],[12.174,59.8895],[12.0531,59.8857],[11.987,59.8994],[11.8906,59.8725],[11.8891,59.8594],[11.8447,59.8429],[11.9256,59.7946],[11.9239,59.7508],[11.9461,59.7006],[11.8896,59.6936],[11.8627,59.6529],[11.7803,59.6432],[11.6989,59.6097],[11.6911,59.5889],[11.7538,59.4788],[11.761,59.428],[11.8171,59.3441],[11.8296,59.2415],[11.7828,59.2055],[11.7784,59.1361],[11.7631,59.1147],[11.7773,59.089],[11.7179,59.0375],[11.6898,58.992],[11.6895,58.9573],[11.652,58.9062],[11.573,58.8886],[11.5531,58.8988],[11.5377,58.8781],[11.5604,58.8532],[11.5762,58.778],[11.5698,58.486],[11.5974,58.4046],[11.6855,58.371],[11.7159,58.3327],[11.794,58.305],[11.85,58.2348],[11.8534,58.1573],[11.7834,58.0767],[11.7885,58.0288],[11.6946,57.9387],[11.5283,57.9047],[11.417,57.8298],[11.3998,57.7583],[11.4758,57.6989],[11.4686,57.64],[11.4819,57.6034],[11.539,57.5717],[11.6306,57.5596],[11.603,57.5235],[11.6055,57.4968],[11.6401,57.4643],[11.7053,57.4438],[11.7859,57.4758],[11.8319,57.5344],[12.2978,57.6013],[12.3459,57.5755],[12.3294,57.473],[12.42,57.3525],[12.4269,57.3109],[12.4763,57.2872],[12.6233,57.3191],[12.7304,57.3087],[12.9007,57.2397],[12.9543,57.1735],[13.0449,57.1504],[13.1355,57.031],[13.3209,56.9315],[13.3415,56.873],[13.3443,56.7565],[13.4486,56.4466],[13.5056,56.4139],[13.8538,56.439],[14.0371,56.4724],[14.0495,56.5156],[14.0893,56.5334],[14.2012,56.4996],[14.2863,56.5057],[14.6063,56.4416],[14.7031,56.3862],[14.8652,56.363],[14.9476,56.3843],[14.9908,56.4416],[15.0265,56.4507],[15.1227,56.456],[15.1604,56.4318],[15.2119,56.4333],[15.2394,56.4447],[15.2236,56.464],[15.2552,56.4735],[15.3197,56.4587],[15.3692,56.4784],[15.3795,56.497],[15.5127,56.4811],[15.5285,56.5],[15.5539,56.5004],[15.6967,56.4219],[15.7427,56.4124],[15.8389,56.3245],[15.9027,56.3116],[16.0153,56.3017],[16.0277,56.3181],[16.0757,56.3219],[16.1881,56.3093],[16.2487,56.3733],[16.2544,56.3999],[16.2791,56.3534],[16.2648,56.306],[16.2702,56.1798],[16.3349,56.1304],[16.4431,56.1268],[16.5732,56.1868],[16.6888,56.3451],[16.7694,56.5215],[16.831,56.5839],[16.8427,56.6408],[16.8975,56.7496],[16.9492,56.7766],[16.9902,56.8239],[16.9926,56.8674],[17.0187,56.8976],[17.0268,56.9417],[17.1929,57.1497],[17.2058,57.2464],[17.2767,57.2945],[17.2776,57.3212],[17.235,57.3916],[17.1771,57.4237],[17.1062,57.4382],[17.0256,57.4325],[16.9548,57.4072],[16.8434,57.3217],[16.7466,57.3193],[16.821,57.3937],[16.903,57.4426],[16.9163,57.6052],[16.9749,57.6528],[16.9691,57.692],[16.9085,57.728],[16.9385,57.7508],[16.9752,57.8287],[16.957,57.9048],[16.9715,57.9875],[17.0156,58.0242],[17.0274,58.0808],[17.138,58.1267],[17.1891,58.1975],[17.2136,58.3023],[17.1977,58.3359],[17.2266,58.384],[17.1616,58.4594],[17.2391,58.4698],[17.3108,58.5128],[17.4487,58.549],[17.5171,58.6037],[17.6691,58.6179],[17.7359,58.6725],[17.8863,58.6707],[17.9776,58.7058],[18.1072,58.7095],[18.1669,58.7418],[18.1803,58.792],[18.2871,58.8117],[18.3331,58.8499],[18.4457,58.8515],[18.5164,58.8869],[18.6009,58.8886],[18.6925,58.9184],[18.7993,59.0158],[18.959,59.0974],[19.0209,59.1777],[19.277,59.261],[19.3422,59.3372],[19.5165,59.351],[19.589,59.3822],[19.6462,59.4364],[19.6475,59.4738],[19.6898,59.5182],[19.7115,59.5695],[19.7121,59.5978],[19.6773,59.6567],[19.636,59.6807],[19.5664,59.6922],[19.5877,59.7435],[19.5611,59.778],[19.4537,59.8424],[19.2868,59.8663],[19.1925,59.9328],[19.0533,59.9801],[18.987,60.0697],[18.9685,60.1426],[19.0468,60.192],[19.0605,60.2894],[19.0395,60.3148],[18.9678,60.3477],[18.9651,60.4407],[18.9266,60.4767],[18.8388,60.4975],[18.7429,60.4855],[18.6692,60.529],[18.4199,60.6024],[18.3113,60.593],[18.2275,60.547],[18.2207,60.5898],[18.1322,60.6381],[18.1218,60.6678],[18.0684,60.6997],[17.9312,60.7112],[17.8098,60.677],[17.7072,60.7119],[17.6976,60.7507],[17.6717,60.7746],[17.5671,60.8027],[17.4719,60.8548],[17.4595,60.9146],[17.3877,60.9556],[17.4288,60.9935],[17.4368,61.0796],[17.4823,61.1609],[17.4755,61.1905],[17.4403,61.2191],[17.4565,61.2927],[17.4902,61.3455],[17.4489,61.3937],[17.3629,61.4198],[17.358,61.4457],[17.5286,61.4755],[17.6004,61.5143],[17.6131,61.545],[17.6023,61.5709],[17.7003,61.7318],[17.6538,61.7815],[17.5798,61.8005],[17.5873,61.8532],[17.5714,61.8782],[17.6447,61.9038],[17.6805,61.9443],[17.7573,61.9754],[17.7834,62.0113],[17.778,62.0372],[17.7383,62.068],[17.6175,62.0875],[17.6572,62.1155],[17.8011,62.1378],[17.8902,62.2126],[17.8847,62.2383],[17.8495,62.266],[17.6879,62.3053],[17.7117,62.3224],[17.8507,62.3453],[17.8809,62.375],[17.885,62.4169],[18.1686,62.5599],[18.2036,62.5974]]]},"properties":{"id":"Q2460755","names":{"cs":"Švédské království","da":"Kongeriget Sverige","de":"Königriech Schweden","en":"Kingdom of Sweden","es":"Reino de Suecia","is":"Konungsríkið Svíþjóð","ko":"스웨덴 왕국","nds":"Königriek Sweden","nds-nl":"Keunenkriek Sveden","nl":"Koninkrijk Zweden","nn":"Kongedømet Sverige","sco":"Kinrick o Swaden","sv":"Konungariket Sverige"},"from":1323.6129032258063,"to":1561,"wikidata":"Q2460755","adminLevel":2,"source":"OpenHistoricalMap","sourceUrl":"https://www.openhistoricalmap.org"}},{"type":"Feature","geometry":{"type":"MultiPolygon","coordinates":[[[[4.2194,39.7756],[4.2827,39.7584],[4.3241,39.7653],[4.3454,39.7855],[4.3796,39.8826],[4.3375,39.9324],[4.3116,40.0211],[4.2386,40.0537],[4.2068,40.0921],[4.0609,40.1336],[4.0028,40.0999],[3.8011,40.0885],[3.743,40.0354],[3.7442,39.99],[3.7733,39.9621],[3.7678,39.9202],[3.7957,39.8873],[3.9594,39.8916],[4.0082,39.8795],[4.2194,39.7756]]],[[[2.2535,39.5873],[2.2632,39.5461],[2.3101,39.5315],[2.3312,39.4988],[2.3984,39.481],[2.4462,39.435],[2.5014,39.4178],[2.5597,39.4286],[2.5933,39.492],[2.6634,39.5127],[2.6787,39.5018],[2.6686,39.4762],[2.6916,39.3929],[2.7555,39.3301],[2.9281,39.3132],[3.0176,39.2326],[3.0596,39.2231],[3.2697,39.3322],[3.32,39.3942],[3.3516,39.486],[3.4466,39.5554],[3.456,39.5875],[3.5053,39.6411],[3.5305,39.7188],[3.4933,39.7806],[3.3617,39.8288],[3.3109,39.8207],[3.2493,39.7754],[3.1975,39.7958],[3.2484,39.8512],[3.2572,39.8927],[3.2426,39.9176],[3.2672,39.9683],[3.2417,39.997],[3.1758,40.0029],[3.0998,39.9767],[2.9312,39.957],[2.7557,39.8926],[2.629,39.8194],[2.5505,39.7489],[2.5026,39.7377],[2.3742,39.6569],[2.2843,39.6207],[2.2535,39.5873]]],[[[1.2803,38.8228],[1.3583,38.7923],[1.3659,38.7735],[1.3271,38.7236],[1.3306,38.6432],[1.3547,38.6072],[1.4018,38.6003],[1.4733,38.6352],[1.5249,38.6109],[1.6115,38.6227],[1.6365,38.6543],[1.6218,38.7071],[1.5792,38.7323],[1.5319,38.7256],[1.5115,38.753],[1.533,38.8096],[1.5038,38.838],[1.4576,38.8405],[1.4592,38.8579],[1.5696,38.9196],[1.6329,38.9828],[1.6824,38.9995],[1.7016,39.0214],[1.6967,39.0537],[1.6318,39.1261],[1.5258,39.1593],[1.3312,39.1099],[1.2395,39.038],[1.1841,39.0299],[1.1377,38.9681],[1.1403,38.9419],[1.1646,38.9208],[1.1399,38.8498],[1.1714,38.8251],[1.2803,38.8228]]],[[[2.8675,39.1566],[2.8874,39.0996],[2.9815,39.0901],[3.0238,39.1458],[3.0271,39.2192],[2.9937,39.2445],[2.9623,39.2443],[2.877,39.1841],[2.8675,39.1566]]],[[[-2.9768,35.9283],[-2.9829,35.9644],[-3.0188,35.9865],[-3.0635,35.9815],[-3.0908,35.9524],[-3.0846,35.9163],[-3.0487,35.8942],[-3.004,35.8992],[-2.9768,35.9283]]],[[[-18.0144,28.6544],[-17.9376,28.5292],[-17.9274,28.4681],[-17.9016,28.4305],[-17.8658,28.4105],[-17.8178,28.4121],[-17.7851,28.4333],[-17.7104,28.5435],[-17.6933,28.6213],[-17.7077,28.67],[-17.6715,28.7497],[-17.748,28.8799],[-17.9393,28.9052],[-18.0145,28.857],[-18.0638,28.7821],[-18.0585,28.7382],[-18.0144,28.6544]]],[[[-18.0758,27.6419],[-18.0141,27.5939],[-17.9592,27.5961],[-17.9321,27.6126],[-17.9076,27.6836],[-17.8833,27.699],[-17.8278,27.7899],[-17.8333,27.8414],[-17.8609,27.8781],[-17.9126,27.9024],[-17.9743,27.899],[-18.0502,27.8619],[-18.072,27.81],[-18.1337,27.8276],[-18.1992,27.7914],[-18.221,27.7261],[-18.2072,27.6822],[-18.1693,27.6584],[-18.0758,27.6419]]],[[[-17.2117,27.9791],[-17.1546,27.9942],[-17.0566,28.065],[-17.0417,28.1065],[-17.0547,28.1676],[-17.1764,28.2453],[-17.252,28.2677],[-17.3466,28.2502],[-17.4087,28.1544],[-17.4012,28.0733],[-17.3131,27.9936],[-17.252,27.973],[-17.2117,27.9791]]],[[[-16.4016,28.0971],[-16.3028,28.3062],[-16.3097,28.3521],[-16.2493,28.3828],[-16.1916,28.4421],[-16.0817,28.517],[-16.0668,28.5726],[-16.1211,28.6486],[-16.1631,28.6575],[-16.217,28.6244],[-16.3572,28.6215],[-16.4467,28.5683],[-16.5401,28.4717],[-16.6019,28.4519],[-16.6822,28.4536],[-16.7664,28.4218],[-16.8497,28.441],[-16.9741,28.386],[-16.9812,28.337],[-16.9039,28.2523],[-16.8841,28.1702],[-16.7219,27.9639],[-16.6627,27.9586],[-16.5805,27.9845],[-16.5139,27.9839],[-16.4016,28.0971]]],[[[-15.8191,28.0697],[-15.8775,28.0283],[-15.8938,27.9555],[-15.8851,27.8895],[-15.8259,27.7989],[-15.6857,27.6997],[-15.5676,27.6855],[-15.5318,27.6986],[-15.5131,27.7241],[-15.4112,27.7563],[-15.3491,27.8142],[-15.3264,27.8537],[-15.3284,27.8861],[-15.301,27.9162],[-15.3197,27.9703],[-15.3135,28.0024],[-15.3544,28.068],[-15.3382,28.1817],[-15.3654,28.2224],[-15.3953,28.235],[-15.4399,28.2334],[-15.4888,28.2009],[-15.5669,28.1962],[-15.6754,28.2296],[-15.7364,28.2169],[-15.767,28.1822],[-15.7704,28.1077],[-15.8191,28.0697]]],[[[-13.8472,28.8079],[-13.9615,28.7949],[-14.0591,28.7442],[-14.0965,28.6055],[-14.1505,28.5032],[-14.1987,28.4623],[-14.2281,28.3752],[-14.256,28.347],[-14.2763,28.2404],[-14.3894,28.1681],[-14.5275,28.1505],[-14.5683,28.0849],[-14.5584,28.0361],[-14.5167,28.0161],[-14.4723,28.0288],[-14.3138,27.9973],[-14.2149,28.0783],[-14.185,28.1223],[-14.009,28.1572],[-13.9174,28.1868],[-13.8809,28.2151],[-13.7969,28.386],[-13.8024,28.4691],[-13.765,28.5884],[-13.7602,28.7886],[-13.6895,28.8689],[-13.6155,28.877],[-13.5006,28.9208],[-13.4414,28.9619],[-13.4096,29.0036],[-13.3934,29.1129],[-13.3701,29.148],[-13.3719,29.2276],[-13.3251,29.2249],[-13.2866,29.2465],[-13.2744,29.2732],[-13.2885,29.3129],[-13.3271,29.3303],[-13.3757,29.3182],[-13.3984,29.2822],[-13.3925,29.2494],[-13.4766,29.3402],[-13.4352,29.3901],[-13.4451,29.4382],[-13.5153,29.4648],[-13.5709,29.4408],[-13.5907,29.4103],[-13.5771,29.3569],[-13.5979,29.3175],[-13.5927,29.2697],[-13.6085,29.2316],[-13.5929,29.1886],[-13.6837,29.1709],[-13.8477,29.0824],[-13.8856,29.0219],[-13.895,28.9433],[-13.9429,28.8976],[-13.9191,28.8262],[-13.8472,28.8079]]],[[[-0.6661,37.9142],[-0.5949,37.9957],[-0.5932,38.0854],[-0.5746,38.1408],[-0.5375,38.1476],[-0.4763,38.1208],[-0.4165,38.1482],[-0.4222,38.1877],[-0.4542,38.2074],[-0.4659,38.284],[-0.4305,38.3112],[-0.3663,38.3223],[-0.3387,38.4075],[-0.1872,38.4725],[-0.0996,38.4666],[-0.0117,38.5333],[0.0061,38.5845],[0.1074,38.5945],[0.1362,38.6336],[0.1843,38.6479],[0.2159,38.6863],[0.2643,38.7003],[0.2835,38.7235],[0.2821,38.7687],[0.2297,38.8373],[0.1177,38.8915],[0.0101,38.9088],[-0.0853,38.9878],[-0.1353,39.0518],[-0.1817,39.1417],[-0.1642,39.1968],[-0.2739,39.3987],[-0.2489,39.4395],[-0.2673,39.5045],[-0.209,39.5984],[-0.1612,39.6238],[-0.1383,39.7082],[-0.0764,39.7897],[0.0388,39.8936],[0.091,40.004],[0.1848,40.0536],[0.2362,40.1492],[0.3073,40.1847],[0.3243,40.2175],[0.4554,40.338],[0.4606,40.372],[0.5195,40.4333],[0.572,40.5259],[0.6389,40.5137],[0.6967,40.5251],[0.7991,40.6148],[0.9179,40.6755],[0.9391,40.7094],[0.9364,40.7354],[0.9032,40.7679],[0.8567,40.7734],[0.8046,40.8221],[0.9951,40.9927],[1.0568,41.0209],[1.1164,41.0308],[1.187,41.0164],[1.2327,41.0552],[1.3086,41.0847],[1.398,41.0918],[1.5392,41.1418],[1.7452,41.1674],[1.9499,41.224],[2.0427,41.2286],[2.1458,41.2572],[2.2137,41.3166],[2.3002,41.4277],[2.5661,41.5386],[2.7941,41.6104],[2.8526,41.6545],[2.962,41.6808],[3.2474,41.8697],[3.2859,41.9426],[3.2853,41.9728],[3.2511,42.0068],[3.2787,42.0528],[3.2229,42.1316],[3.1742,42.1557],[3.1674,42.2078],[3.2135,42.1931],[3.2933,42.2048],[3.3364,42.2491],[3.3738,42.3294],[3.3295,42.3628],[3.2231,42.3905],[3.2307,42.4386],[3.1916,42.5298],[3.0992,42.5737],[3.0881,42.6609],[3.096,42.8294],[2.9196,42.8835],[2.8647,42.9185],[2.7641,42.8734],[2.6831,42.875],[2.6683,42.8968],[2.6072,42.8883],[2.5832,42.9102],[2.5179,42.9104],[2.4568,42.8885],[2.4139,42.8956],[2.3809,42.8674],[2.3847,42.8498],[2.2972,42.8639],[2.2852,42.8425],[2.2457,42.8417],[2.267,42.7987],[2.2313,42.7798],[2.2477,42.7664],[2.2882,42.7717],[2.2453,42.6802],[2.1794,42.6499],[2.1307,42.6716],[2.0033,42.6606],[1.9722,42.6174],[1.9044,42.6122],[1.8742,42.5803],[1.7469,42.5624],[1.7094,42.4916],[1.67,42.5042],[1.655,42.4675],[1.5938,42.465],[1.5808,42.45],[1.5616,42.4582],[1.5465,42.4327],[1.5165,42.4288],[1.45,42.438],[1.441,42.4751],[1.4233,42.4826],[1.465,42.5154],[1.4476,42.5412],[1.4166,42.5354],[1.4409,42.564],[1.4283,42.5796],[1.4405,42.5952],[1.3892,42.687],[1.3271,42.7244],[1.2785,42.7141],[1.232,42.7274],[1.1654,42.7093],[1.0815,42.7865],[0.9826,42.7873],[0.9592,42.8054],[0.9234,42.7906],[0.852,42.8267],[0.7045,42.8595],[0.6603,42.8394],[0.67,42.8065],[0.6492,42.7852],[0.6656,42.7757],[0.643,42.7549],[0.6768,42.7282],[0.6764,42.6919],[0.5983,42.7048],[0.4275,42.6904],[0.3672,42.7208],[0.2965,42.6739],[0.2565,42.7166],[0.1799,42.7362],[-0.0125,42.685],[-0.1053,42.7214],[-0.1544,42.793],[-0.1816,42.7867],[-0.3114,42.8474],[-0.392,42.8006],[-0.4481,42.7994],[-0.5098,42.8253],[-0.5287,42.7931],[-0.5705,42.783],[-0.5661,42.8037],[-0.5967,42.805],[-0.6061,42.8334],[-0.678,42.8838],[-0.7264,42.8926],[-0.7312,42.9475],[-0.7516,42.9667],[-0.8194,42.951],[-0.9092,42.9643],[-0.947,42.9549],[-1.0154,42.9931],[-1.1097,43.0194],[-1.137,43.0093],[-1.2192,43.0532],[-1.2599,43.0437],[-1.3051,43.0786],[-1.2726,43.1161],[-1.3324,43.1078],[-1.3518,43.0331],[-1.4412,43.0463],[-1.4713,43.091],[-1.4269,43.1176],[-1.3859,43.1873],[-1.3856,43.2549],[-1.4102,43.2719],[-1.4385,43.2666],[-1.5353,43.2947],[-1.5564,43.2911],[-1.5762,43.2498],[-1.6058,43.2524],[-1.6273,43.2777],[-1.6275,43.3068],[-1.6683,43.3148],[-1.73,43.2958],[-1.7384,43.3251],[-1.7815,43.3481],[-1.7888,43.3679],[-1.7718,43.3881],[-1.7719,43.4284],[-1.8738,43.4083],[-1.9372,43.3705],[-2.1484,43.3287],[-2.1917,43.3471],[-2.2931,43.3322],[-2.4319,43.3726],[-2.4923,43.4112],[-2.6995,43.4629],[-2.7513,43.4931],[-2.8346,43.4692],[-2.9658,43.4683],[-3.035,43.4162],[-3.1004,43.4124],[-3.1449,43.3898],[-3.2053,43.4278],[-3.3191,43.4552],[-3.3772,43.4523],[-3.4062,43.4932],[-3.5873,43.5491],[-3.739,43.5118],[-3.821,43.53],[-3.9617,43.505],[-3.9948,43.4811],[-4.0579,43.4803],[-4.1443,43.4494],[-4.2783,43.4289],[-4.337,43.4417],[-4.608,43.4336],[-4.91,43.4963],[-5.0299,43.4967],[-5.1207,43.5207],[-5.1934,43.5141],[-5.2805,43.5692],[-5.409,43.5903],[-5.6377,43.5906],[-5.7099,43.6082],[-5.75,43.6566],[-5.8431,43.6945],[-5.8804,43.6871],[-5.9885,43.6157],[-6.0476,43.6269],[-6.1171,43.5973],[-6.2469,43.6323],[-6.3589,43.5919],[-6.4667,43.6065],[-6.5136,43.5897],[-6.6215,43.6086],[-6.8023,43.598],[-6.9484,43.6105],[-7.1394,43.5929],[-7.2546,43.6209],[-7.3218,43.6963],[-7.389,43.7225],[-7.41,43.7479],[-7.5142,43.7718],[-7.5703,43.7643],[-7.6823,43.8257],[-7.8111,43.7688],[-7.8489,43.8047],[-7.9191,43.8021],[-7.9997,43.7492],[-8.075,43.7429],[-8.1388,43.678],[-8.2205,43.6474],[-8.2747,43.5961],[-8.349,43.5951],[-8.3704,43.5754],[-8.3901,43.5123],[-8.3976,43.4667],[-8.3815,43.4247],[-8.4756,43.4131],[-8.5316,43.3833],[-8.558,43.3507],[-8.6184,43.3576],[-8.7354,43.3315],[-8.8137,43.3951],[-8.8794,43.3907],[-8.8992,43.3597],[-9.0158,43.3107],[-9.0763,43.2326],[-9.1711,43.2318],[-9.2471,43.1918],[-9.2633,43.1714],[-9.2627,43.1337],[-9.3451,43.07],[-9.3495,43.041],[-9.3136,42.9857],[-9.3465,42.9282],[-9.3296,42.8828],[-9.2906,42.8464],[-9.2295,42.86],[-9.1905,42.8319],[-9.1995,42.7895],[-9.1541,42.7315],[-9.0824,42.7024],[-9.0905,42.648],[-9.1394,42.5892],[-9.1399,42.5661],[-9.0963,42.5286],[-9.1006,42.4918],[-9.0506,42.4397],[-8.967,42.428],[-8.9996,42.3723],[-8.993,42.3466],[-8.9626,42.3115],[-8.9081,42.3008],[-8.9573,42.2709],[-8.9669,42.2445],[-8.9586,42.1842],[-8.9145,42.1556],[-8.9498,42.1122],[-8.9296,41.8712],[-8.8732,41.8634],[-8.7527,41.9358],[-8.7438,41.9656],[-8.6629,42.0025],[-8.654,42.0334],[-8.6283,42.0504],[-8.5515,42.0533],[-8.5205,42.0778],[-8.3335,42.084],[-8.247,42.139],[-8.2012,42.1476],[-8.1828,42.0661],[-8.1235,42.0812],[-8.0986,42.0731],[-8.0843,42.0429],[-8.086,42.0165],[-8.1578,41.9842],[-8.2164,41.914],[-8.2004,41.8779],[-8.1693,41.8765],[-8.165,41.8181],[-8.1018,41.8098],[-8.0205,41.8314],[-7.9761,41.8742],[-7.9212,41.8778],[-7.9102,41.9183],[-7.8927,41.927],[-7.8747,41.8471],[-7.8481,41.8625],[-7.8452,41.8813],[-7.7028,41.9075],[-7.6539,41.8812],[-7.592,41.8806],[-7.6096,41.8296],[-7.5239,41.8413],[-7.4913,41.8712],[-7.4477,41.86],[-7.4281,41.8087],[-7.3696,41.8488],[-7.3143,41.8435],[-7.1978,41.8798],[-7.1773,41.9161],[-7.1832,41.9742],[-7.1482,41.9881],[-7.0955,41.9769],[-7.0683,41.949],[-7.0146,41.9501],[-6.9794,41.9738],[-6.9377,41.9453],[-6.8944,41.94],[-6.8211,41.9471],[-6.8108,41.9869],[-6.7874,41.9887],[-6.7405,41.9404],[-6.6255,41.9398],[-6.5892,41.9629],[-6.5494,41.9445],[-6.5712,41.8835],[-6.5168,41.8736],[-6.5435,41.7785],[-6.568,41.745],[-6.5433,41.6997],[-6.5528,41.692],[-6.5125,41.6612],[-6.4574,41.6666],[-6.446,41.6846],[-6.3528,41.6757],[-6.283,41.6524],[-6.1993,41.5925],[-6.1959,41.5713],[-6.3006,41.4542],[-6.2949,41.4363],[-6.3333,41.4103],[-6.3177,41.3857],[-6.3874,41.3858],[-6.3842,41.3545],[-6.414,41.3484],[-6.4453,41.3008],[-6.4869,41.2913],[-6.4963,41.2662],[-6.5254,41.2708],[-6.5779,41.2388],[-6.589,41.2543],[-6.6466,41.2481],[-6.6978,41.1842],[-6.7669,41.1353],[-6.76,41.0974],[-6.8166,41.0336],[-6.9307,41.0297],[-6.9202,41.0015],[-6.8594,40.9501],[-6.8461,40.9007],[-6.8033,40.8636],[-6.8212,40.8334],[-6.8299,40.7551],[-6.7964,40.6631],[-6.8432,40.5727],[-6.807,40.5546],[-6.7964,40.5153],[-6.8494,40.4528],[-6.8368,40.4119],[-6.7811,40.3652],[-6.7933,40.3297],[-6.8614,40.2996],[-6.8763,40.26],[-6.9493,40.2573],[-7.0112,40.2266],[-7.028,40.1911],[-7.0104,40.1308],[-6.9422,40.1126],[-6.8668,40.0154],[-6.8842,39.9439],[-6.9066,39.9238],[-6.9088,39.8648],[-6.9869,39.8072],[-6.9777,39.7785],[-7.0146,39.6727],[-7.1513,39.6532],[-7.2482,39.6669],[-7.3349,39.6409],[-7.5362,39.6665],[-7.4933,39.5858],[-7.4313,39.5357],[-7.3911,39.5301],[-7.382,39.4914],[-7.2978,39.4606],[-7.3209,39.3873],[-7.3091,39.3386],[-7.2366,39.2813],[-7.241,39.2107],[-7.2072,39.1872],[-7.1383,39.1721],[-7.1409,39.1078],[-7.0309,39.1168],[-6.9613,39.0581],[-6.9562,39.0195],[-7.0482,38.9091],[-7.039,38.871],[-7.0902,38.8199],[-7.1561,38.7917],[-7.064,38.7426],[-7.0225,38.6907],[-7.0188,38.6256],[-6.9619,38.5893],[-6.9543,38.5493],[-6.97,38.4611],[-6.9951,38.4608],[-7.0661,38.5729],[-7.2468,38.6095],[-7.3037,38.5405],[-7.3214,38.481],[-7.2988,38.4702],[-7.3357,38.4361],[-7.2811,38.4203],[-7.1518,38.2724],[-7.0987,38.18],[-7.0275,38.1832],[-7.0065,38.2047],[-6.9388,38.2195],[-6.936,38.1994],[-6.9649,38.1688],[-6.9588,38.1357],[-6.9891,38.0973],[-7.0072,38.0208],[-7.0468,38.0143],[-7.0981,38.0435],[-7.1314,38.0225],[-7.1307,38.0015],[-7.2008,38.0032],[-7.2542,37.9829],[-7.2555,37.9261],[-7.2866,37.8655],[-7.3237,37.8169],[-7.4209,37.7594],[-7.4543,37.653],[-7.4973,37.607],[-7.5208,37.5491],[-7.4635,37.4859],[-7.4456,37.4193],[-7.4566,37.4045],[-7.4378,37.3751],[-7.4415,37.3086],[-7.423,37.27],[-7.4335,37.2497],[-7.4139,37.2266],[-7.3954,37.1294],[-7.2692,37.162],[-7.0395,37.164],[-6.7866,37.0719],[-6.5398,36.936],[-6.4921,36.8859],[-6.4416,36.7909],[-6.4926,36.7403],[-6.434,36.6103],[-6.375,36.5781],[-6.3177,36.5754],[-6.3645,36.5426],[-6.3587,36.5053],[-6.3235,36.4868],[-6.2624,36.3748],[-6.2183,36.3374],[-6.1868,36.2773],[-6.138,36.254],[-6.0628,36.1484],[-5.9189,36.1358],[-5.8291,36.0476],[-5.6813,36.0179],[-5.6351,35.9653],[-5.589,35.9638],[-5.4211,36.0241],[-5.3747,36.0771],[-5.3342,36.0701],[-5.3057,36.0849],[-5.2726,36.2102],[-5.1572,36.3715],[-4.9835,36.4242],[-4.9027,36.4645],[-4.7405,36.4424],[-4.619,36.4706],[-4.559,36.5381],[-4.4729,36.5681],[-4.401,36.6633],[-4.3712,36.6791],[-4.1701,36.6762],[-4.0603,36.7061],[-3.9501,36.6868],[-3.8356,36.7126],[-3.74,36.6803],[-3.6298,36.7028],[-3.4911,36.6584],[-3.4135,36.6547],[-3.2573,36.7106],[-2.9294,36.7071],[-2.8706,36.6599],[-2.7013,36.6437],[-2.6133,36.6734],[-2.5389,36.7764],[-2.4801,36.7895],[-2.421,36.7718],[-2.3629,36.7993],[-2.3092,36.7791],[-2.2158,36.6862],[-2.1017,36.6975],[-2.0297,36.7479],[-2.0023,36.7955],[-1.9656,36.8119],[-1.9492,36.8629],[-1.8483,36.9363],[-1.8492,36.9656],[-1.8035,37.0547],[-1.7591,37.2001],[-1.6487,37.3139],[-1.5719,37.3616],[-1.4385,37.4051],[-1.4181,37.4618],[-1.3091,37.5218],[-1.2546,37.5164],[-1.2205,37.5303],[-1.1863,37.5062],[-1.1236,37.4951],[-1.0799,37.5026],[-1.0578,37.5353],[-0.9151,37.5151],[-0.7097,37.5662],[-0.6521,37.6061],[-0.6433,37.6513],[-0.6843,37.6914],[-0.6558,37.7311],[-0.6879,37.7718],[-0.7114,37.8466],[-0.6661,37.9142]]],[[[15.2464,38.8495],[15.1911,38.848],[15.1458,38.8195],[15.1346,38.7878],[15.1466,38.7623],[15.2007,38.7316],[15.2685,38.7519],[15.294,38.8149],[15.2464,38.8495]]],[[[15.0038,38.6119],[15.0341,38.5865],[15.078,38.5841],[15.1183,38.6074],[15.1297,38.6451],[15.1002,38.6821],[15.0564,38.6879],[15.0096,38.6587],[15.0038,38.6119]]],[[[14.8638,38.4475],[14.8902,38.4277],[14.8872,38.3916],[14.9033,38.3645],[14.957,38.3312],[15.0143,38.3288],[15.055,38.3603],[15.0512,38.4003],[15.0176,38.4415],[15.0322,38.4929],[14.9991,38.552],[14.9272,38.5639],[14.9162,38.6042],[14.8887,38.6212],[14.7719,38.6146],[14.7447,38.574],[14.7459,38.5486],[14.7757,38.5195],[14.8464,38.4938],[14.8638,38.4475]]],[[[14.491,38.596],[14.4939,38.5535],[14.5303,38.5212],[14.6046,38.5143],[14.6436,38.5423],[14.6391,38.5796],[14.5946,38.6201],[14.5254,38.624],[14.491,38.596]]],[[[14.4,38.5842],[14.3203,38.5897],[14.2907,38.5639],[14.2917,38.5197],[14.3269,38.4925],[14.3931,38.4995],[14.4189,38.5414],[14.4,38.5842]]],[[[13.1561,38.758],[13.1131,38.7305],[13.1004,38.6946],[13.1107,38.669],[13.1681,38.649],[13.2169,38.6624],[13.2517,38.6982],[13.2468,38.7309],[13.1875,38.7619],[13.1561,38.758]]],[[[15.5958,38.1504],[15.6114,38.238],[15.6804,38.262],[15.692,38.2922],[15.5443,38.3434],[15.3066,38.2532],[15.261,38.3071],[15.1991,38.3067],[15.176,38.2866],[15.1813,38.2325],[15.1692,38.2115],[15.1022,38.1722],[15.061,38.1917],[14.9986,38.193],[14.9135,38.2335],[14.797,38.1979],[14.7276,38.2041],[14.6226,38.1197],[14.4715,38.0761],[14.4177,38.0817],[14.3036,38.0508],[14.1439,38.072],[14.1078,38.0592],[14.0153,38.0833],[13.7616,38.0141],[13.6028,38.0716],[13.5905,38.1213],[13.5638,38.1492],[13.5059,38.1614],[13.4349,38.1408],[13.3993,38.219],[13.327,38.2656],[13.2197,38.2423],[13.1923,38.2209],[13.0774,38.2263],[13.0067,38.1578],[13.0131,38.1079],[12.9162,38.0684],[12.8463,38.1194],[12.809,38.2066],[12.7292,38.2316],[12.6749,38.2054],[12.6582,38.1544],[12.5911,38.1111],[12.5261,38.0967],[12.4429,38.0354],[12.3885,38.0293],[12.3393,38.0625],[12.2972,38.0514],[12.2731,38.0223],[12.2693,37.9881],[12.2291,37.96],[12.222,37.9287],[12.261,37.8797],[12.3845,37.867],[12.3916,37.8428],[12.3709,37.8013],[12.4179,37.7343],[12.4223,37.6873],[12.4964,37.6231],[12.566,37.6075],[12.6354,37.5291],[12.6801,37.5176],[12.7833,37.5385],[12.9254,37.5319],[12.9894,37.4607],[13.1476,37.4478],[13.2429,37.3539],[13.3486,37.308],[13.4191,37.2582],[13.568,37.2168],[13.6068,37.1941],[13.6257,37.1624],[13.7326,37.1094],[13.8092,37.0998],[13.8452,37.0695],[13.925,37.0446],[13.9696,37.0478],[13.9955,37.0672],[14.0665,37.0677],[14.2292,37.0224],[14.3296,36.943],[14.3976,36.8454],[14.415,36.7933],[14.471,36.7481],[14.5681,36.7356],[14.6699,36.6817],[14.7658,36.6628],[14.8611,36.6689],[14.8851,36.6863],[14.9468,36.6524],[15.0027,36.6558],[15.054,36.6116],[15.0867,36.6064],[15.1554,36.6286],[15.1857,36.6571],[15.1918,36.6961],[15.1525,36.7803],[15.1949,36.8839],[15.3123,36.9599],[15.3677,36.9675],[15.3893,37.0012],[15.3514,37.0674],[15.3437,37.1253],[15.2736,37.1877],[15.298,37.2101],[15.3074,37.2565],[15.2432,37.3238],[15.1457,37.3504],[15.1395,37.4592],[15.2244,37.5591],[15.2284,37.6142],[15.2709,37.7028],[15.2687,37.7462],[15.5241,38.0347],[15.5958,38.1504]]],[[[12.0099,38.0319],[11.9758,37.9966],[12.0073,37.9287],[12.071,37.9048],[12.133,37.9212],[12.1433,37.9597],[12.1013,38.0171],[12.0099,38.0319]]],[[[8.2327,39.8612],[8.2558,39.8461],[8.2993,39.8473],[8.3252,39.8734],[8.3228,39.8962],[8.29,39.9191],[8.2487,39.9145],[8.2253,39.8845],[8.2327,39.8612]]],[[[8.2686,40.5343],[8.2914,40.4803],[8.328,40.4604],[8.3438,40.4209],[8.3261,40.3546],[8.3365,40.3186],[8.4003,40.2956],[8.4258,40.2681],[8.4052,40.1709],[8.433,40.0925],[8.3479,40.0724],[8.3232,40.0371],[8.2601,40.016],[8.2476,39.9791],[8.2801,39.9456],[8.348,39.9524],[8.3581,39.8754],[8.3933,39.8328],[8.451,39.8134],[8.4095,39.7946],[8.3921,39.7636],[8.3894,39.6833],[8.4102,39.5859],[8.3284,39.4643],[8.342,39.4172],[8.3206,39.3672],[8.3708,39.2912],[8.3145,39.228],[8.2489,39.219],[8.1828,39.1857],[8.1684,39.1392],[8.2046,39.0842],[8.307,39.045],[8.3658,38.9321],[8.4409,38.8966],[8.4707,38.8994],[8.4982,38.9247],[8.507,39.0155],[8.5636,38.8687],[8.6054,38.8337],[8.6515,38.8235],[8.6974,38.8402],[8.7143,38.8742],[8.7349,38.8819],[8.7876,38.844],[8.8701,38.8367],[9.0486,38.95],[9.0981,39.0484],[9.0687,39.1125],[9.0825,39.1491],[9.1709,39.1412],[9.2208,39.1789],[9.2668,39.1725],[9.3634,39.11],[9.4567,39.083],[9.5177,39.0429],[9.5606,39.046],[9.5855,39.0681],[9.5883,39.0926],[9.641,39.1072],[9.6555,39.1546],[9.6222,39.2238],[9.6351,39.2549],[9.6708,39.2674],[9.6862,39.2937],[9.6519,39.3517],[9.694,39.4292],[9.6874,39.5149],[9.7299,39.7062],[9.7236,39.7871],[9.7479,39.841],[9.7374,39.8863],[9.7686,39.9237],[9.7446,39.9706],[9.7876,40.0686],[9.7793,40.1075],[9.7058,40.1616],[9.68,40.2071],[9.6783,40.2511],[9.731,40.3183],[9.8098,40.3684],[9.8706,40.4814],[9.8812,40.5327],[9.7974,40.6373],[9.8125,40.7021],[9.771,40.7307],[9.7649,40.7691],[9.7372,40.7891],[9.7799,40.8359],[9.8238,40.8579],[9.8241,40.8906],[9.761,40.9637],[9.7262,40.9669],[9.6868,40.947],[9.7143,40.9805],[9.713,41.0132],[9.6537,41.0444],[9.6604,41.0946],[9.6473,41.1107],[9.536,41.1955],[9.5403,41.2301],[9.5233,41.2636],[9.3821,41.348],[9.3165,41.3361],[9.2698,41.2918],[9.1182,41.2817],[9.086,41.2419],[9.0938,41.1897],[8.9826,41.1574],[8.9114,41.0843],[8.8267,41.0422],[8.8163,40.9995],[8.7919,40.976],[8.7571,40.958],[8.6893,40.9552],[8.5954,40.91],[8.5718,40.8812],[8.4896,40.8606],[8.3902,40.8911],[8.3243,40.8887],[8.2901,40.9181],[8.3161,41.0102],[8.3704,41.0219],[8.4033,41.0931],[8.3576,41.1484],[8.3307,41.1594],[8.2442,41.1367],[8.2135,41.0855],[8.1727,41.0582],[8.1271,40.9523],[8.1265,40.9193],[8.1612,40.872],[8.1117,40.809],[8.082,40.7399],[8.0916,40.7075],[8.135,40.6682],[8.0916,40.6275],[8.1151,40.5407],[8.1682,40.5199],[8.2686,40.5343]]]]},"properties":{"id":"Q29","names":{"de":"Spanien","en":"Spain","es":"España","ko":"스페인","nl":"Spanje","pdt":"Spanien"},"from":1540.75,"to":1659.8494623655913,"wikidata":"Q29","adminLevel":2,"source":"OpenHistoricalMap","sourceUrl":"https://www.openhistoricalmap.org"}},{"type":"Feature","geometry":{"type":"MultiPolygon","coordinates":[[[[32.7769,34.604],[32.8519,34.6136],[32.8749,34.5856],[32.8748,34.5504],[32.9162,34.5179],[33.0393,34.5136],[33.0942,34.5522],[33.0727,34.6212],[33.0923,34.6483],[33.1519,34.6667],[33.3406,34.675],[33.5219,34.7391],[33.5715,34.7736],[33.6317,34.779],[33.6893,34.8523],[33.692,34.9016],[33.7118,34.9356],[33.7938,34.9292],[33.8492,34.9001],[33.9659,34.9394],[34.0516,34.917],[34.1178,34.9215],[34.1407,34.958],[34.1288,35.0013],[33.9616,35.1856],[33.9563,35.236],[33.983,35.2755],[34.0927,35.2911],[34.173,35.3857],[34.3136,35.4435],[34.4505,35.5296],[34.4751,35.5689],[34.5996,35.6099],[34.6581,35.6987],[34.6523,35.7303],[34.6029,35.7518],[34.424,35.697],[34.3121,35.655],[34.2786,35.6244],[34.1576,35.6025],[34.092,35.5429],[33.9585,35.4902],[33.842,35.4561],[33.7577,35.4552],[33.62,35.4002],[33.3569,35.3791],[33.1221,35.4113],[33.0747,35.3983],[32.9079,35.4452],[32.87,35.4172],[32.884,35.2822],[32.8579,35.2062],[32.8333,35.1926],[32.6842,35.2358],[32.6069,35.2341],[32.5156,35.2075],[32.4439,35.1085],[32.4021,35.0855],[32.3146,35.1419],[32.2442,35.1348],[32.2167,35.0759],[32.2244,35.0255],[32.2559,34.9869],[32.2486,34.9519],[32.2641,34.8916],[32.3002,34.837],[32.3337,34.8152],[32.3551,34.7311],[32.4721,34.6631],[32.6866,34.5994],[32.7769,34.604]]],[[[11.3528,34.7064],[11.3969,34.7184],[11.4166,34.7517],[11.3886,34.801],[11.3888,34.8375],[11.3417,34.8748],[11.2509,34.8814],[11.2061,34.868],[11.0741,34.725],[10.9497,34.705],[10.9131,34.6587],[10.9363,34.6172],[10.9983,34.5856],[11.063,34.5756],[11.3528,34.7064]]],[[[11.1003,35.7873],[11.0785,35.8395],[11.0151,35.8529],[10.9704,35.8253],[10.9492,35.7515],[10.9791,35.7241],[11.0241,35.7219],[11.1003,35.7873]]],[[[9.0097,37.507],[9.0113,37.5756],[8.9912,37.5976],[8.9476,37.6066],[8.8633,37.5595],[8.8262,37.5241],[8.8148,37.4895],[8.8376,37.4586],[8.8812,37.4495],[8.9778,37.4762],[9.0097,37.507]]],[[[10.1802,37.3446],[10.1741,37.3801],[10.1381,37.4018],[10.0935,37.3969],[10.0662,37.3684],[10.0724,37.3329],[10.1083,37.3112],[10.153,37.3161],[10.1802,37.3446]]],[[[51.655,24.7283],[51.6578,24.7666],[51.6301,24.7955],[51.5879,24.7981],[51.5561,24.7729],[51.5532,24.7346],[51.581,24.7057],[51.6231,24.7031],[51.655,24.7283]]],[[[50.4468,26.3112],[50.4048,26.2793],[50.387,26.2429],[50.3904,26.1503],[50.4295,26.0618],[50.4007,25.9895],[50.4051,25.9422],[50.4674,25.8892],[50.5147,25.7691],[50.5781,25.7534],[50.6289,25.7868],[50.6652,25.8722],[50.6828,25.9485],[50.6845,26.0975],[50.7435,26.2078],[50.7395,26.2646],[50.7148,26.326],[50.6696,26.3553],[50.6005,26.3545],[50.5401,26.3076],[50.4468,26.3112]]],[[[50.4423,26.4363],[50.4228,26.4169],[50.42,26.3792],[50.458,26.3474],[50.5086,26.358],[50.5509,26.4191],[50.5374,26.4549],[50.5102,26.47],[50.4683,26.4651],[50.4423,26.4363]]],[[[50.005,27.1771],[50.0077,27.2145],[49.9799,27.2427],[49.928,27.2412],[49.9023,27.2114],[49.9078,27.1742],[49.9413,27.1514],[49.9732,27.1523],[50.005,27.1771]]],[[[49.9483,27.3492],[49.9476,27.3972],[49.9142,27.42],[49.8636,27.4095],[49.8394,27.3689],[49.853,27.3334],[49.8801,27.3184],[49.922,27.3233],[49.9483,27.3492]]],[[[50.2219,27.9729],[50.2247,28.01],[50.1969,28.038],[50.1449,28.0365],[50.1193,28.007],[50.1248,27.9701],[50.1582,27.9474],[50.1902,27.9483],[50.2219,27.9729]]],[[[50.2254,27.7565],[50.2281,27.7937],[50.2003,27.8218],[50.1484,27.8203],[50.1227,27.7907],[50.1282,27.7536],[50.1617,27.7309],[50.1937,27.7318],[50.2254,27.7565]]],[[[49.7823,27.7525],[49.7653,27.7284],[49.7748,27.6786],[49.7639,27.6425],[49.7942,27.6051],[49.8363,27.6026],[49.8718,27.6362],[49.8663,27.6733],[49.8866,27.7309],[49.8462,27.7717],[49.7823,27.7525]]],[[[48.7014,28.6572],[48.7041,28.6941],[48.6763,28.7219],[48.6244,28.7204],[48.5987,28.6911],[48.6042,28.6544],[48.6377,28.6318],[48.6696,28.6327],[48.7014,28.6572]]],[[[48.5417,29.0517],[48.5445,29.0885],[48.5167,29.1162],[48.4647,29.1147],[48.439,29.0854],[48.4445,29.0489],[48.478,29.0264],[48.51,29.0273],[48.5417,29.0517]]],[[[42.6889,14.0866],[42.6345,14.0447],[42.6227,14.0085],[42.6696,13.9226],[42.664,13.8686],[42.6939,13.8441],[42.7236,13.8437],[42.7357,13.8179],[42.6689,13.7714],[42.618,13.687],[42.6165,13.6551],[42.6785,13.5746],[42.7261,13.5598],[42.785,13.5933],[42.7914,13.6586],[42.8379,13.6719],[42.8631,13.701],[42.8321,13.8194],[42.8702,13.8803],[42.8386,13.9218],[42.83,13.963],[42.8441,14.0336],[42.8714,14.0745],[42.8453,14.1234],[42.7624,14.1419],[42.7248,14.1314],[42.6889,14.0866]]],[[[42.2178,14.9895],[42.2486,15.0454],[42.2343,15.0943],[42.1705,15.1397],[42.1679,15.1873],[42.1435,15.2168],[42.1069,15.2273],[42.0794,15.2167],[42.0502,15.1618],[42.0528,15.1183],[42.0982,15.0507],[42.1064,14.9957],[42.1612,14.9614],[42.2178,14.9895]]],[[[41.9022,15.5264],[41.8934,15.5837],[41.8533,15.6055],[41.7966,15.5945],[41.7632,15.5409],[41.7802,15.4953],[41.8213,15.4735],[41.8813,15.4939],[41.9022,15.5264]]],[[[42.6918,16.4152],[42.6849,16.4547],[42.6508,16.4779],[42.6096,16.4712],[42.5854,16.4386],[42.5924,16.399],[42.6264,16.3758],[42.6676,16.3825],[42.6918,16.4152]]],[[[42.7221,16.1594],[42.7151,16.199],[42.681,16.2223],[42.6398,16.2156],[42.6156,16.1829],[42.6226,16.1433],[42.6566,16.12],[42.6978,16.1267],[42.7221,16.1594]]],[[[42.0176,16.3416],[41.98,16.3719],[41.9305,16.3632],[41.9063,16.3305],[41.9147,16.2765],[41.9597,16.2506],[42.0009,16.2573],[42.0285,16.2972],[42.0176,16.3416]]],[[[41.8513,16.4299],[41.8656,16.3883],[41.9037,16.3719],[41.9428,16.3861],[41.9599,16.4227],[41.9248,16.5028],[41.8801,16.5273],[41.841,16.513],[41.8253,16.4866],[41.8275,16.4563],[41.8513,16.4299]]],[[[41.5749,16.632],[41.6198,16.6327],[41.6449,16.6513],[41.6542,16.6903],[41.632,16.7242],[41.5735,16.7351],[41.5381,16.7138],[41.5315,16.6649],[41.5749,16.632]]],[[[42.3173,16.4265],[42.314,16.4422],[42.354,16.485],[42.347,16.5245],[42.4083,16.5595],[42.4047,16.6087],[42.3528,16.6451],[42.3116,16.6384],[42.285,16.6755],[42.3115,16.7069],[42.3127,16.7469],[42.2143,16.8504],[42.1843,16.8601],[42.1319,16.8485],[42.0887,16.8898],[41.9985,16.9337],[42.0243,17.055],[41.9345,17.151],[41.8658,17.138],[41.85,17.1118],[41.857,17.0724],[41.833,17.0668],[41.7903,17.1116],[41.7259,17.1167],[41.6818,17.0691],[41.6408,17.0708],[41.6054,17.0496],[41.5919,16.9939],[41.6042,16.946],[41.546,16.9394],[41.5156,16.912],[41.4868,16.9383],[41.4554,16.9421],[41.4146,16.912],[41.4134,16.872],[41.4523,16.8397],[41.4546,16.7892],[41.4833,16.7601],[41.5732,16.7728],[41.6349,16.7635],[41.6756,16.7937],[41.7001,16.7588],[41.6797,16.7248],[41.6812,16.636],[41.708,16.5676],[41.7319,16.5477],[41.7832,16.5511],[41.8088,16.5939],[41.8368,16.6038],[41.9741,16.5412],[42.0103,16.4942],[42.0555,16.4759],[42.0945,16.4902],[42.1253,16.5524],[42.1602,16.5339],[42.2013,16.5405],[42.2024,16.4853],[42.1824,16.426],[42.2247,16.3718],[42.1694,16.3645],[42.1444,16.3459],[42.1329,16.3065],[42.144,16.2633],[42.1829,16.2308],[42.255,16.2494],[42.3139,16.2318],[42.3074,16.1974],[42.2426,16.1738],[42.2408,16.1156],[42.2647,16.0956],[42.3528,16.0792],[42.3911,16.0481],[42.4328,16.0469],[42.4748,16.107],[42.4665,16.1364],[42.4325,16.1596],[42.4301,16.2347],[42.4726,16.2091],[42.5255,16.2151],[42.571,16.2636],[42.622,16.2885],[42.6285,16.3375],[42.5998,16.3666],[42.5455,16.3796],[42.5348,16.451],[42.4496,16.4898],[42.3622,16.4564],[42.3458,16.4096],[42.3173,16.4265]]],[[[42.5047,16.7081],[42.5045,16.6525],[42.5598,16.6287],[42.6005,16.6589],[42.6155,16.7265],[42.5933,16.7604],[42.5526,16.7693],[42.5172,16.748],[42.5047,16.7081]]],[[[41.3762,18.221],[41.3693,18.2602],[41.3352,18.2831],[41.294,18.2765],[41.2698,18.2442],[41.2768,18.2051],[41.3108,18.1821],[41.352,18.1887],[41.3762,18.221]]],[[[41.2209,18.3621],[41.2471,18.3379],[41.2786,18.3341],[41.3069,18.3475],[41.324,18.3837],[41.3092,18.4207],[41.2209,18.4786],[41.1819,18.4645],[41.1648,18.4283],[41.1886,18.3776],[41.2209,18.3621]]],[[[40.7938,18.4211],[40.7433,18.3905],[40.7565,18.3242],[40.7165,18.3234],[40.6861,18.2962],[40.6704,18.2099],[40.7019,18.1713],[40.7533,18.1747],[40.7997,18.2368],[40.809,18.2755],[40.7871,18.3089],[40.8451,18.331],[40.8595,18.2903],[40.8338,18.2491],[40.836,18.219],[40.8647,18.1902],[40.8961,18.1864],[40.9368,18.2163],[40.9267,18.2731],[40.949,18.3046],[41.0019,18.3054],[41.0357,18.3423],[41.0335,18.3723],[41.0048,18.4011],[40.963,18.4023],[40.9215,18.3731],[40.8905,18.377],[40.8891,18.4093],[40.8604,18.4381],[40.829,18.4419],[40.7938,18.4211]]],[[[40.7174,18.5022],[40.7104,18.5413],[40.6764,18.5642],[40.6352,18.5576],[40.611,18.5254],[40.6179,18.4863],[40.652,18.4633],[40.6932,18.4699],[40.7174,18.5022]]],[[[40.8798,18.6484],[40.8582,18.7021],[40.8175,18.7109],[40.7891,18.6975],[40.7552,18.6009],[40.7621,18.5618],[40.8068,18.5376],[40.8458,18.5517],[40.8798,18.6484]]],[[[41.0229,18.5328],[41.0034,18.4791],[41.0248,18.4182],[41.0588,18.3953],[41.1,18.4019],[41.1428,18.471],[41.1179,18.6185],[41.0741,18.6538],[41.0681,18.6956],[41.0293,18.7276],[41.0132,18.7838],[40.9644,18.7993],[40.929,18.7783],[40.9197,18.7397],[40.9613,18.698],[40.9661,18.6587],[40.9948,18.6299],[40.9994,18.5588],[41.0229,18.5328]]],[[[40.9371,18.8808],[40.9302,18.9198],[40.8961,18.9427],[40.8549,18.9361],[40.8307,18.9039],[40.8377,18.8649],[40.8717,18.842],[40.9129,18.8486],[40.9371,18.8808]]],[[[40.794,18.8831],[40.787,18.922],[40.7529,18.9449],[40.7117,18.9383],[40.6875,18.9061],[40.6945,18.8671],[40.7285,18.8442],[40.7697,18.8508],[40.794,18.8831]]],[[[40.4712,18.7921],[40.4643,18.8311],[40.4302,18.854],[40.389,18.8474],[40.3648,18.8152],[40.3718,18.7762],[40.4058,18.7532],[40.447,18.7598],[40.4712,18.7921]]],[[[40.095,19.9278],[40.1339,19.8956],[40.1906,19.9159],[40.1986,19.9722],[40.1619,20.0248],[40.1212,20.0336],[40.0769,20.0108],[40.0676,19.9725],[40.095,19.9278]]],[[[38.9029,22.5118],[38.8629,22.491],[38.8564,22.4438],[38.9015,22.4081],[38.9433,22.407],[38.9737,22.4335],[38.9749,22.4721],[38.95,22.5048],[38.9029,22.5118]]],[[[35.2115,27.6459],[35.2452,27.6089],[35.2884,27.5963],[35.3291,27.6145],[35.3433,27.6528],[35.3022,27.7113],[35.2589,27.7239],[35.2116,27.6973],[35.2115,27.6459]]],[[[35.0646,27.8602],[35.0441,27.8349],[35.0433,27.8043],[35.0982,27.7451],[35.1765,27.7337],[35.2238,27.7604],[35.2314,27.7902],[35.2189,27.8187],[35.1078,27.8706],[35.1236,27.9266],[35.0735,27.9647],[35.0296,27.9539],[35.0072,27.9189],[35.0194,27.8801],[35.0646,27.8602]]],[[[34.9647,27.9268],[34.9525,27.9655],[34.9128,27.9853],[34.869,27.9745],[34.8466,27.9395],[34.8588,27.9008],[34.8984,27.881],[34.9423,27.8917],[34.9647,27.9268]]],[[[34.8199,26.2654],[34.8558,26.2489],[34.8996,26.2598],[34.922,26.2953],[34.9161,26.3258],[34.8631,26.3643],[34.8079,26.3556],[34.7852,26.3097],[34.8199,26.2654]]],[[[36.2542,23.6039],[36.242,23.6441],[36.2024,23.6647],[36.1585,23.6535],[36.1361,23.6172],[36.1483,23.577],[36.1879,23.5564],[36.2318,23.5676],[36.2542,23.6039]]],[[[35.7048,23.7547],[35.6702,23.7703],[35.6263,23.7591],[35.6039,23.7228],[35.6161,23.6826],[35.6949,23.6464],[35.7388,23.6576],[35.7594,23.7151],[35.7409,23.7418],[35.7048,23.7547]]],[[[26.8424,35.4847],[26.8071,35.4739],[26.7816,35.4446],[26.7928,35.4002],[26.7701,35.3642],[26.7845,35.3309],[26.8615,35.2977],[26.9039,35.2995],[26.9619,35.3275],[27.0669,35.4021],[27.1212,35.3558],[27.17,35.3612],[27.2262,35.4277],[27.2773,35.4533],[27.2913,35.5114],[27.2484,35.597],[27.2156,35.6281],[27.2699,35.7218],[27.2932,35.8497],[27.2782,35.9323],[27.2127,35.9471],[27.1431,35.8874],[27.1384,35.841],[27.1104,35.8108],[27.1047,35.7426],[27.0591,35.6613],[27.0015,35.603],[27.0518,35.5245],[27.0525,35.4872],[27.0374,35.4727],[26.959,35.47],[26.9208,35.4975],[26.8424,35.4847]]],[[[27.6314,36.1602],[27.6707,36.0846],[27.7064,36.0697],[27.7029,36.0228],[27.6652,35.9401],[27.7049,35.8532],[27.7613,35.8334],[27.8245,35.8528],[27.9029,35.8987],[27.9816,36.0059],[28.0235,36.0274],[28.1023,36.0127],[28.1346,36.0349],[28.1529,36.1079],[28.1388,36.1336],[28.183,36.1641],[28.2262,36.2368],[28.2315,36.2769],[28.2954,36.3692],[28.2882,36.4636],[28.2474,36.495],[28.2087,36.5],[28.1635,36.4667],[28.0957,36.4584],[27.8911,36.38],[27.7792,36.3075],[27.6973,36.327],[27.6115,36.2895],[27.5051,36.2797],[27.4725,36.2592],[27.4643,36.2151],[27.4929,36.1697],[27.6381,36.1742],[27.6314,36.1602]]],[[[27.3718,36.3357],[27.48,36.321],[27.5152,36.3524],[27.5215,36.3904],[27.4852,36.4412],[27.3877,36.5177],[27.2533,36.5195],[27.2296,36.481],[27.2425,36.4102],[27.3718,36.3357]]],[[[26.9643,36.454],[27.0301,36.4891],[27.0339,36.5184],[27.0164,36.5409],[26.9487,36.5467],[26.9153,36.5216],[26.9154,36.4743],[26.9643,36.454]]],[[[26.7914,35.931],[26.7601,35.8873],[26.7803,35.8473],[26.827,35.8298],[26.872,35.8513],[26.8809,35.8751],[26.8664,35.9204],[26.8327,35.9364],[26.7914,35.931]]],[[[26.4764,35.8811],[26.5118,35.8741],[26.555,35.891],[26.5704,35.9177],[26.5584,35.9553],[26.5171,35.975],[26.4616,35.9586],[26.4476,35.9121],[26.4764,35.8811]]],[[[26.5218,35.8349],[26.4953,35.8632],[26.4531,35.8712],[26.4098,35.851],[26.3976,35.8175],[26.4175,35.7885],[26.4729,35.7784],[26.5113,35.7973],[26.5218,35.8349]]],[[[26.1866,35.8223],[26.2555,35.8191],[26.2889,35.8498],[26.2859,35.8848],[26.2375,35.9089],[26.1914,35.8954],[26.1684,35.857],[26.1866,35.8223]]],[[[26.3484,36.1086],[26.3375,36.0743],[26.3639,36.022],[26.4038,36.0018],[26.4522,36.0168],[26.4646,36.0432],[26.4419,36.1091],[26.3908,36.1263],[26.3484,36.1086]]],[[[26.6269,36.3033],[26.7369,36.2398],[26.7818,36.2487],[26.8154,36.2915],[26.7895,36.3372],[26.7526,36.3451],[26.709,36.397],[26.6735,36.4041],[26.6773,36.4258],[26.6565,36.4567],[26.5761,36.4594],[26.5462,36.4366],[26.5422,36.4108],[26.5579,36.3871],[26.6003,36.3746],[26.6269,36.3033]]],[[[26.3991,36.4753],[26.4188,36.4982],[26.4622,36.4833],[26.498,36.4917],[26.5297,36.5242],[26.5098,36.6177],[26.4184,36.6821],[26.3578,36.6849],[26.301,36.6424],[26.2489,36.6384],[26.188,36.5949],[26.1273,36.6025],[26.0816,36.5694],[26.0947,36.5095],[26.1291,36.4854],[26.163,36.4863],[26.1963,36.5138],[26.3123,36.4653],[26.3991,36.4753]]],[[[26.4175,37.0523],[26.3357,37.0298],[26.2483,37.0271],[26.2186,36.9995],[26.2173,36.9651],[26.2417,36.938],[26.2904,36.9271],[26.3711,36.9504],[26.5172,36.9584],[26.5426,36.976],[26.5506,37.0017],[26.5257,37.0404],[26.4667,37.0659],[26.4175,37.0523]]],[[[27.0314,37.312],[27.0289,37.2697],[27.0595,37.2382],[27.1145,37.2363],[27.1544,37.2675],[27.1461,37.3227],[27.1083,37.3471],[27.059,37.3419],[27.0314,37.312]]],[[[26.878,37.4558],[26.9406,37.3937],[26.9888,37.3845],[27.0302,37.4048],[27.0625,37.4696],[27.0321,37.5155],[26.9535,37.5273],[26.8884,37.5055],[26.8728,37.4815],[26.878,37.4558]]],[[[25.459,38.5672],[25.4494,38.5161],[25.5216,38.4784],[25.6499,38.5065],[25.6736,38.5925],[25.6218,38.6426],[25.5651,38.6518],[25.4942,38.6275],[25.459,38.5672]]],[[[25.4871,40.5364],[25.4088,40.5012],[25.3961,40.4643],[25.4263,40.4266],[25.5306,40.3618],[25.6183,40.3557],[25.7458,40.4067],[25.7482,40.4811],[25.6761,40.5313],[25.5577,40.5504],[25.4871,40.5364]]],[[[25.8056,40.253],[25.7572,40.2448],[25.6316,40.1811],[25.6147,40.1508],[25.6164,40.108],[25.7366,40.05],[25.9849,40.0863],[26.0649,40.1371],[26.0616,40.1814],[26.0278,40.2027],[26.0213,40.2388],[25.9615,40.2794],[25.8056,40.253]]],[[[25.0894,39.7866],[25.1599,39.7578],[25.3832,39.7478],[25.4254,39.8091],[25.4132,39.8667],[25.4468,39.9291],[25.4958,39.9743],[25.4926,40.0559],[25.4401,40.0768],[25.3418,40.0538],[25.3129,40.0233],[25.1328,40.0668],[25.0701,40.0328],[25.0026,40.0192],[24.9825,39.9842],[25.0067,39.9071],[24.9942,39.8255],[25.0247,39.7957],[25.0894,39.7866]]],[[[25.0202,39.6017],[24.9582,39.5887],[24.9244,39.5371],[24.9219,39.4736],[24.9685,39.4231],[25.022,39.4311],[25.1067,39.5142],[25.0972,39.558],[25.0202,39.6017]]],[[[24.3849,39.3737],[24.3551,39.4064],[24.3118,39.4083],[24.2793,39.3924],[24.2593,39.3323],[24.2854,39.2992],[24.3432,39.2926],[24.3765,39.32],[24.3849,39.3737]]],[[[24.0784,39.1403],[24.0497,39.1205],[24.04,39.0765],[24.0086,39.0472],[24.0093,39.0208],[24.0431,38.993],[24.0743,38.992],[24.155,39.0283],[24.1792,39.0585],[24.1549,39.1331],[24.0784,39.1403]]],[[[24.5296,38.7304],[24.5852,38.7093],[24.6435,38.7085],[24.7198,38.7438],[24.737,38.8019],[24.7043,38.8525],[24.6286,38.9008],[24.62,38.9526],[24.5555,38.9889],[24.4972,39.0553],[24.4519,39.0612],[24.4171,39.0374],[24.4013,38.918],[24.3786,38.8862],[24.339,38.8899],[24.3106,38.8748],[24.2894,38.8305],[24.3232,38.7928],[24.4377,38.7801],[24.5296,38.7304]]],[[[25.3366,38.1293],[25.3629,38.1721],[25.3322,38.2118],[25.2731,38.2138],[25.23,38.1777],[25.2327,38.14],[25.2573,38.119],[25.3048,38.1137],[25.3366,38.1293]]],[[[25.806,36.2272],[25.9069,36.2274],[25.9397,36.2491],[25.9468,36.2895],[25.8893,36.3175],[25.9092,36.3406],[25.8991,36.3843],[25.7942,36.442],[25.7469,36.4448],[25.6867,36.3958],[25.6759,36.3558],[25.7011,36.3224],[25.7456,36.3056],[25.806,36.2272]]],[[[25.1585,36.2823],[25.1434,36.2375],[25.1777,36.1994],[25.2325,36.1917],[25.2654,36.218],[25.2678,36.2459],[25.2368,36.2931],[25.1867,36.2999],[25.1585,36.2823]]],[[[25.2977,36.4861],[25.2715,36.4163],[25.3029,36.3446],[25.3333,36.3163],[25.4465,36.289],[25.5362,36.3455],[25.5355,36.4236],[25.4493,36.5101],[25.3829,36.5243],[25.2977,36.4861]]],[[[25.7133,36.5833],[25.7463,36.6177],[25.7249,36.6595],[25.6696,36.6738],[25.6255,36.6504],[25.6187,36.6272],[25.6417,36.592],[25.6754,36.5765],[25.7133,36.5833]]],[[[24.9543,36.6732],[24.8482,36.7092],[24.8039,36.6925],[24.784,36.6553],[24.8217,36.6025],[24.8876,36.5606],[24.9457,36.5498],[25.1498,36.6188],[25.2267,36.6819],[25.338,36.6024],[25.4029,36.6114],[25.434,36.6342],[25.456,36.7168],[25.3977,36.7848],[25.3397,36.8265],[25.3,36.8351],[25.2374,36.819],[25.2048,36.7541],[25.1127,36.7524],[25.0506,36.7174],[25.0277,36.6813],[24.9727,36.6611],[24.9543,36.6732]]],[[[25.8959,37.1953],[25.9313,37.1884],[25.9745,37.205],[25.9903,37.2411],[25.9778,37.2683],[25.9365,37.2877],[25.881,37.2715],[25.8652,37.2355],[25.8959,37.1953]]],[[[25.0332,37.7201],[25.0525,37.7782],[25.0086,37.8553],[25.0037,37.9166],[24.9808,37.937],[24.885,37.9495],[24.8755,37.9835],[24.8045,38.0398],[24.7356,38.0337],[24.6431,37.9824],[24.6273,37.9185],[24.6701,37.843],[24.849,37.7288],[24.8689,37.6918],[24.9527,37.6139],[25.0758,37.5204],[25.147,37.4891],[25.1934,37.4824],[25.2574,37.4989],[25.2553,37.4799],[25.2078,37.4815],[25.1499,37.4473],[25.1491,37.4083],[25.183,37.3364],[25.2853,37.333],[25.3331,37.3655],[25.4168,37.3734],[25.461,37.4023],[25.5066,37.4032],[25.5202,37.3806],[25.5592,37.3666],[25.6035,37.3759],[25.6236,37.3986],[25.6263,37.4262],[25.6084,37.4497],[25.5485,37.4546],[25.5368,37.4838],[25.4894,37.5105],[25.4057,37.5383],[25.2844,37.5271],[25.3072,37.6056],[25.273,37.6524],[25.0332,37.7201]]],[[[24.6774,37.5576],[24.7451,37.5402],[24.7967,37.5563],[24.8077,37.5907],[24.7895,37.6541],[24.7274,37.6761],[24.6094,37.6334],[24.6039,37.5846],[24.6774,37.5576]]],[[[24.8681,37.3211],[25.0091,37.351],[25.0481,37.3842],[24.9861,37.5129],[24.9564,37.5384],[24.896,37.5551],[24.8343,37.5358],[24.8248,37.5057],[24.8371,37.4668],[24.8104,37.4394],[24.802,37.3984],[24.8333,37.3383],[24.8681,37.3211]]],[[[25.0286,37.1515],[25.0639,37.1446],[25.1072,37.1612],[25.123,37.1973],[25.1105,37.2245],[25.0692,37.2439],[25.0137,37.2278],[24.9978,37.1917],[25.0286,37.1515]]],[[[25.6874,36.7949],[25.7276,36.7389],[25.8227,36.7279],[25.9019,36.7558],[26.0367,36.8545],[26.1934,36.8681],[26.2203,36.8954],[26.2196,36.9232],[26.1841,36.9524],[26.1464,36.9518],[26.1178,36.9321],[25.9941,36.9802],[25.8572,36.9242],[25.7961,36.8687],[25.7431,36.8575],[25.7394,36.8967],[25.68,36.9441],[25.6886,37.0055],[25.6329,37.0302],[25.6351,37.041],[25.6438,37.055],[25.7075,37.0232],[25.7479,37.0363],[25.7627,37.0593],[25.8555,37.0511],[25.8949,37.1066],[25.8854,37.1445],[25.8556,37.174],[25.8254,37.1788],[25.756,37.1632],[25.725,37.1318],[25.6566,37.1273],[25.614,37.1965],[25.5423,37.2455],[25.474,37.228],[25.4226,37.1799],[25.3515,37.1494],[25.338,37.1822],[25.3064,37.1961],[25.1936,37.1895],[25.0448,37.0924],[24.9023,36.9588],[24.9059,36.9252],[24.9413,36.9022],[25.0289,36.9132],[25.0767,36.8966],[25.1565,36.9362],[25.2729,36.9546],[25.3045,37.0096],[25.4056,36.885],[25.3629,36.8414],[25.3672,36.8116],[25.393,36.7879],[25.4646,36.7775],[25.5476,36.7945],[25.5955,36.8375],[25.6506,36.7946],[25.6874,36.7949]]],[[[24.6412,36.9016],[24.6802,36.8624],[24.7382,36.8573],[24.7767,36.8793],[24.8143,36.9338],[24.8126,36.9729],[24.7218,37.0645],[24.6524,37.0825],[24.6076,37.0769],[24.5856,37.0533],[24.5835,37.0185],[24.6412,36.9016]]],[[[24.1949,36.5295],[24.1955,36.5718],[24.1543,36.5962],[24.1079,36.5836],[24.0914,36.5534],[24.0984,36.5292],[24.1343,36.5078],[24.1949,36.5295]]],[[[24.2046,36.7375],[24.2479,36.7257],[24.2786,36.7365],[24.2657,36.6169],[24.3232,36.5883],[24.3773,36.6116],[24.555,36.6374],[24.5897,36.6677],[24.6007,36.7053],[24.6738,36.7058],[24.719,36.7514],[24.7044,36.8002],[24.6583,36.8254],[24.6399,36.8597],[24.5505,36.8886],[24.4792,36.8496],[24.4673,36.8039],[24.3851,36.8269],[24.3119,36.7781],[24.2914,36.8325],[24.245,36.8481],[24.2078,36.8425],[24.1672,36.8012],[24.1717,36.7688],[24.2046,36.7375]]],[[[24.4093,37.0795],[24.5033,37.0665],[24.5973,37.1082],[24.6181,37.1411],[24.5846,37.2031],[24.6356,37.2134],[24.6654,37.2453],[24.6526,37.2817],[24.5841,37.3014],[24.5609,37.3383],[24.4996,37.3443],[24.5361,37.387],[24.5321,37.4249],[24.489,37.4662],[24.4755,37.5125],[24.4317,37.5254],[24.3607,37.4911],[24.3116,37.4239],[24.3317,37.3712],[24.309,37.3157],[24.3274,37.2697],[24.3891,37.2585],[24.4643,37.3016],[24.4989,37.2625],[24.5293,37.2569],[24.5312,37.2457],[24.44,37.2407],[24.3875,37.1993],[24.36,37.1137],[24.4093,37.0795]]],[[[23.9871,37.4862],[23.9526,37.52],[23.9088,37.533],[23.8605,37.5209],[23.8437,37.4909],[23.8844,37.4371],[23.9297,37.4189],[23.9887,37.44],[23.9871,37.4862]]],[[[24.2948,37.7149],[24.2505,37.6822],[24.2117,37.5833],[24.2273,37.5053],[24.2756,37.4802],[24.3227,37.489],[24.3958,37.5456],[24.4632,37.6473],[24.4522,37.68],[24.4166,37.7112],[24.3452,37.7292],[24.2948,37.7149]]],[[[23.9503,36.8403],[23.9186,36.8815],[23.8761,36.8895],[23.8423,36.8788],[23.8217,36.8449],[23.8316,36.8198],[23.8824,36.7949],[23.9266,36.8036],[23.9503,36.8403]]],[[[23.5688,36.7264],[23.6042,36.7195],[23.6474,36.7362],[23.6633,36.7725],[23.6508,36.7999],[23.6095,36.8194],[23.554,36.8031],[23.5381,36.7669],[23.5688,36.7264]]],[[[23.4968,36.8713],[23.5217,36.9118],[23.4957,36.9604],[23.4518,36.9753],[23.4064,36.9555],[23.3964,36.9295],[23.4172,36.8844],[23.454,36.8651],[23.4968,36.8713]]],[[[23.9885,34.9835],[23.9426,34.9608],[23.9369,34.9302],[23.9888,34.8783],[24.003,34.8183],[24.1054,34.7614],[24.1689,34.7765],[24.1843,34.8127],[24.1584,34.8918],[24.0656,34.9163],[24.0516,34.9573],[23.9885,34.9835]]],[[[25.6784,34.9232],[25.629,34.8819],[25.6507,34.8342],[25.7248,34.8239],[25.794,34.857],[25.7984,34.8842],[25.7749,34.9138],[25.6784,34.9232]]],[[[25.543,35.5559],[25.5783,35.5489],[25.6215,35.5658],[25.6369,35.5927],[25.6249,35.6305],[25.5836,35.6503],[25.5281,35.6338],[25.5141,35.5871],[25.543,35.5559]]],[[[25.1873,35.5035],[25.1381,35.4698],[25.1358,35.423],[25.2212,35.383],[25.2788,35.3941],[25.3015,35.4475],[25.291,35.4776],[25.241,35.5061],[25.1873,35.5035]]],[[[25.5791,35.3754],[25.4612,35.3377],[25.3919,35.3812],[25.2411,35.3761],[25.1438,35.3938],[25.1015,35.3824],[25.0746,35.4408],[24.9715,35.4755],[24.9293,35.4573],[24.6875,35.4694],[24.5257,35.4157],[24.3242,35.3964],[24.3053,35.4756],[24.2486,35.5178],[24.2541,35.5456],[24.2094,35.6198],[24.1158,35.6448],[24.0496,35.6281],[24.0004,35.5619],[23.9364,35.5845],[23.8674,35.5681],[23.8306,35.5795],[23.8194,35.6906],[23.7385,35.7378],[23.676,35.6999],[23.6521,35.6378],[23.6139,35.683],[23.5593,35.6895],[23.5256,35.6611],[23.521,35.6151],[23.4546,35.6289],[23.4207,35.5848],[23.4344,35.5545],[23.4612,35.5411],[23.5161,35.5534],[23.5029,35.4439],[23.4609,35.3078],[23.4781,35.2435],[23.5522,35.1993],[23.6789,35.1797],[23.8271,35.2018],[23.9125,35.1788],[23.9578,35.1829],[24.0296,35.1525],[24.1881,35.1543],[24.2749,35.1321],[24.3483,35.1396],[24.4888,35.1047],[24.5266,35.0654],[24.5853,35.0542],[24.5437,35.0432],[24.5183,35.0076],[24.5371,34.9724],[24.5728,34.9599],[24.6277,34.9647],[24.6569,34.9899],[24.6573,35.0289],[24.6267,35.0534],[24.69,35.0511],[24.7033,35.0361],[24.68,34.9111],[24.7005,34.887],[24.7375,34.8784],[24.8418,34.896],[24.9125,34.8825],[25.1081,34.8908],[25.1503,34.9093],[25.2645,34.9155],[25.3811,34.9521],[25.5125,34.9388],[25.7013,34.9681],[25.7964,34.9545],[25.9341,34.9902],[26.0502,34.9746],[26.0705,34.9579],[26.0882,34.8896],[26.1432,34.8748],[26.2002,34.914],[26.2103,34.9468],[26.1987,34.9687],[26.2656,34.9999],[26.3229,35.075],[26.3388,35.1379],[26.3711,35.1764],[26.3568,35.226],[26.3897,35.2387],[26.4052,35.2635],[26.4015,35.2888],[26.3496,35.3481],[26.2969,35.3594],[26.2424,35.3358],[26.2196,35.4065],[26.1693,35.4273],[26.1295,35.4088],[26.1016,35.332],[26.117,35.2941],[26.1678,35.2802],[26.1594,35.2656],[26.0511,35.279],[25.9202,35.2266],[25.8452,35.2375],[25.8152,35.2185],[25.7935,35.164],[25.7776,35.1712],[25.816,35.266],[25.817,35.3647],[25.7885,35.383],[25.6631,35.3915],[25.5791,35.3754]]],[[[20.0463,39.5925],[20.1493,39.4636],[20.2003,39.3628],[20.2317,39.3481],[20.2503,39.3017],[20.3254,39.2469],[20.4243,39.2316],[20.4406,39.1895],[20.4997,39.1597],[20.5601,39.096],[20.662,39.0281],[20.6523,38.9851],[20.705,38.8973],[20.7281,38.7851],[20.8356,38.6276],[20.8719,38.5079],[20.9334,38.5073],[20.9562,38.5479],[20.9657,38.5148],[20.9499,38.4731],[20.9721,38.4131],[20.9417,38.38],[20.9491,38.3431],[21.0407,38.309],[21.0512,38.2667],[21.0806,38.246],[21.2791,38.2694],[21.3457,38.2602],[21.3202,38.2294],[21.3154,38.141],[21.2641,38.0562],[21.1751,37.9749],[21.1232,37.9839],[21.0812,37.9611],[21.0528,37.8417],[21.085,37.8058],[21.2461,37.7494],[21.2581,37.7132],[21.2523,37.6346],[21.2669,37.6092],[21.3168,37.5902],[21.3738,37.6105],[21.5135,37.5236],[21.6112,37.4033],[21.6414,37.3136],[21.5351,37.2194],[21.5128,37.159],[21.5223,37.0983],[21.4862,37.0618],[21.5145,37.0017],[21.5768,36.9887],[21.6023,36.9665],[21.6483,36.8142],[21.6389,36.7435],[21.6514,36.7118],[21.7754,36.656],[21.8252,36.6778],[21.8671,36.6484],[21.915,36.6536],[21.9381,36.6739],[21.9419,36.7082],[22.0194,36.7849],[21.9799,36.8582],[21.9874,36.9629],[22.0866,36.9837],[22.0763,36.8999],[22.1316,36.8577],[22.195,36.8467],[22.2465,36.7898],[22.2526,36.7522],[22.3082,36.6706],[22.3199,36.5698],[22.2968,36.5399],[22.2984,36.4951],[22.3435,36.4397],[22.4151,36.4139],[22.4596,36.3471],[22.51,36.3481],[22.5515,36.3873],[22.5551,36.4995],[22.531,36.5365],[22.5351,36.5573],[22.6007,36.6347],[22.5941,36.6927],[22.618,36.707],[22.6289,36.7568],[22.6456,36.7628],[22.7412,36.7627],[22.7589,36.7116],[22.7534,36.6655],[22.7755,36.6299],[22.8745,36.5675],[22.8987,36.5301],[23.0186,36.508],[23.0323,36.4371],[23.0639,36.4024],[23.122,36.3853],[23.212,36.3936],[23.2477,36.4191],[23.249,36.4691],[23.1981,36.5147],[23.1939,36.563],[23.1201,36.6067],[23.0821,36.6494],[23.1353,36.7134],[23.1627,36.7818],[23.0911,36.8951],[23.0352,37.0943],[22.9995,37.1426],[22.9545,37.1612],[22.9636,37.1992],[22.8241,37.4018],[22.8235,37.4335],[22.7924,37.4892],[22.9163,37.4469],[22.9167,37.4164],[22.9444,37.3921],[23.0099,37.3937],[23.0126,37.3452],[23.0508,37.3109],[23.0379,37.2792],[23.0476,37.2526],[23.0914,37.2055],[23.1528,37.1749],[23.1996,37.1756],[23.2241,37.1919],[23.2238,37.2438],[23.2713,37.2176],[23.3431,37.2435],[23.3907,37.2434],[23.4286,37.2108],[23.4771,37.2156],[23.4996,37.2365],[23.5,37.2729],[23.6024,37.323],[23.6336,37.3669],[23.6211,37.3935],[23.587,37.4092],[23.6003,37.4423],[23.571,37.4809],[23.588,37.5124],[23.5792,37.5362],[23.5121,37.5963],[23.4714,37.6017],[23.4654,37.6271],[23.5663,37.6658],[23.618,37.7589],[23.6022,37.7991],[23.5298,37.8151],[23.5044,37.8481],[23.5803,37.8922],[23.6555,37.8866],[23.7053,37.801],[23.7089,37.7446],[23.7655,37.7214],[23.8296,37.7665],[23.8504,37.737],[23.8489,37.6863],[23.8862,37.6653],[23.8868,37.6342],[23.9053,37.6142],[23.9594,37.6015],[24.0622,37.6157],[24.1212,37.6047],[24.1547,37.6279],[24.2071,37.7396],[24.182,37.7854],[24.1378,37.7982],[24.1132,37.8321],[24.0958,37.9267],[24.0696,37.9547],[24.0838,37.9986],[24.0483,38.0823],[24.0898,38.0905],[24.1141,38.1226],[24.1033,38.0718],[24.1325,38.0458],[24.1889,38.0404],[24.1767,37.9748],[24.2116,37.9405],[24.3081,37.9439],[24.3904,37.9182],[24.4287,37.9349],[24.5347,37.8907],[24.575,37.9153],[24.6295,38.0054],[24.645,38.1557],[24.6057,38.1979],[24.4419,38.1889],[24.3137,38.2342],[24.3081,38.2918],[24.2689,38.351],[24.2443,38.4575],[24.2818,38.5156],[24.2795,38.5417],[24.1828,38.6069],[24.2048,38.6315],[24.2526,38.6169],[24.2958,38.6332],[24.3116,38.6686],[24.2908,38.7023],[24.2334,38.7132],[24.1899,38.682],[24.1547,38.7075],[24.0579,38.7277],[23.9306,38.7102],[23.7999,38.7398],[23.7311,38.8052],[23.6553,38.7979],[23.5069,38.8687],[23.4748,38.9762],[23.4409,38.9952],[23.3767,39.0794],[23.3336,39.0916],[23.2425,39.0678],[23.3481,39.1139],[23.5113,39.0745],[23.5486,39.0924],[23.5711,39.1305],[23.617,39.0555],[23.7053,39.0315],[23.7598,39.0379],[23.8329,39.0937],[23.8749,39.0948],[23.9221,39.1241],[23.9433,39.0723],[24.0118,39.0712],[24.0443,39.1236],[24.0405,39.1952],[24.0601,39.2303],[24.0485,39.2527],[24.0954,39.2574],[24.1772,39.3064],[24.2317,39.3733],[24.2381,39.4049],[24.2146,39.4595],[24.2378,39.4951],[24.2302,39.5269],[24.1843,39.5475],[24.1372,39.5289],[24.1222,39.489],[24.1356,39.4668],[24.1021,39.4069],[24.0278,39.3957],[23.9853,39.3259],[23.9428,39.3334],[23.9113,39.3194],[23.8123,39.2211],[23.801,39.1886],[23.7692,39.1711],[23.6136,39.2515],[23.5436,39.2238],[23.4535,39.2517],[23.3929,39.2142],[23.323,39.3324],[23.1426,39.519],[22.9719,39.6085],[22.8923,39.8268],[22.7773,39.8994],[22.7685,39.951],[22.7418,39.9851],[22.6404,40.041],[22.6046,40.1551],[22.6395,40.1933],[22.6552,40.2679],[22.7154,40.3592],[22.7096,40.3839],[22.6645,40.4195],[22.7545,40.4698],[22.8103,40.4363],[22.8543,40.3421],[22.9239,40.3406],[22.9979,40.2871],[23.2662,40.1948],[23.255,40.0837],[23.3196,40.0016],[23.3023,39.9491],[23.3268,39.9193],[23.4517,39.929],[23.584,39.8809],[23.7136,39.8674],[23.7743,39.8805],[23.7991,39.9024],[23.7843,39.9618],[23.7403,39.975],[23.6862,40.0198],[23.525,40.0677],[23.4539,40.1559],[23.4018,40.1799],[23.3901,40.2071],[23.4,40.2231],[23.4122,40.2337],[23.5174,40.1977],[23.6211,40.1868],[23.7077,40.1067],[23.6683,40.0765],[23.6713,40.0382],[23.7036,40.0191],[23.744,40.0187],[23.789,39.9747],[23.846,39.961],[23.8962,39.9056],[23.9265,39.8968],[24.0109,39.9123],[24.0415,39.9338],[24.0741,40.0077],[24.0436,40.091],[24.0475,40.118],[24.0111,40.1574],[23.8465,40.2235],[23.8234,40.2569],[23.7538,40.2842],[23.7594,40.3015],[23.8305,40.3156],[23.9067,40.2728],[24.1229,40.2456],[24.1831,40.1683],[24.2372,40.1326],[24.2476,40.102],[24.2917,40.0738],[24.4274,40.1046],[24.4535,40.1399],[24.4375,40.1917],[24.332,40.2709],[24.2796,40.3419],[24.1877,40.3919],[24.0938,40.4111],[24.05,40.4782],[24.0197,40.4907],[23.9616,40.4753],[23.9404,40.449],[23.9435,40.4234],[23.9038,40.4422],[23.8759,40.478],[23.9719,40.5027],[23.9773,40.5504],[23.9232,40.5893],[23.8352,40.6212],[23.7547,40.6959],[23.8393,40.7409],[24.0454,40.6777],[24.11,40.6851],[24.3714,40.7928],[24.392,40.8161],[24.404,40.8723],[24.4517,40.9008],[24.5178,40.9114],[24.5917,40.8287],[24.5161,40.7822],[24.4835,40.7274],[24.4579,40.663],[24.4668,40.6161],[24.5067,40.5839],[24.5475,40.5821],[24.5767,40.535],[24.6257,40.5173],[24.8056,40.5739],[24.8244,40.5922],[24.838,40.7412],[24.765,40.8068],[24.8279,40.811],[24.9188,40.8804],[25.0113,40.8944],[25.0719,40.9524],[25.0944,40.9258],[25.1564,40.902],[25.2633,40.8819],[25.3218,40.9025],[25.3469,40.8778],[25.531,40.8215],[25.9026,40.794],[25.9321,40.8029],[25.976,40.7543],[25.9744,40.7251],[26.011,40.6712],[26.0079,40.6331],[26.0279,40.5991],[26.1032,40.5567],[26.3122,40.5506],[26.4633,40.5711],[26.5423,40.5514],[26.6259,40.5947],[26.7737,40.6105],[26.7748,40.5957],[26.7259,40.5958],[26.669,40.5529],[26.5835,40.5394],[26.429,40.4762],[26.2316,40.379],[26.1645,40.3279],[26.1811,40.272],[26.218,40.2446],[26.2147,40.2005],[26.1184,40.0714],[26.1133,40.0459],[26.1357,40.015],[26.1151,39.9723],[26.0375,39.9774],[26.0049,39.9445],[26.0231,39.9034],[26.0997,39.8969],[26.0935,39.8775],[25.9527,39.8798],[25.9236,39.8667],[25.9092,39.8392],[25.9344,39.7945],[26.0263,39.7508],[26.0898,39.7403],[26.1094,39.6705],[26.0977,39.6354],[26.0595,39.6055],[26.0094,39.4788],[26.053,39.4323],[26.1542,39.4137],[26.1132,39.3691],[26.0534,39.3383],[25.8701,39.3278],[25.8072,39.2722],[25.7826,39.2303],[25.7785,39.1841],[25.8416,39.1183],[25.93,39.0687],[26,39.0631],[26.0799,39.0309],[26.1536,38.9652],[26.2195,38.9759],[26.3002,38.941],[26.4077,38.921],[26.5355,38.9321],[26.5885,38.9668],[26.6476,38.9818],[26.6688,39.0227],[26.6611,39.0615],[26.6197,39.1066],[26.5861,39.189],[26.5405,39.2117],[26.4809,39.2724],[26.5016,39.3064],[26.4854,39.3434],[26.3543,39.4297],[26.2543,39.4216],[26.2874,39.442],[26.3776,39.44],[26.47,39.4804],[26.645,39.5123],[26.8851,39.5273],[26.8228,39.5074],[26.7535,39.4556],[26.7447,39.4059],[26.7229,39.3952],[26.6982,39.4247],[26.6349,39.4357],[26.5797,39.4377],[26.5376,39.4187],[26.5229,39.3859],[26.544,39.3255],[26.5248,39.2725],[26.5614,39.2377],[26.6831,39.2251],[26.6893,39.1858],[26.7269,39.1399],[26.7807,39.1222],[26.8167,39.09],[26.7629,39.0635],[26.7459,39.0332],[26.7438,38.9563],[26.7714,38.8857],[26.816,38.8691],[26.9489,38.8888],[26.8565,38.8552],[26.8403,38.8093],[26.7074,38.7742],[26.6645,38.7253],[26.6569,38.6818],[26.7234,38.5835],[26.6807,38.5863],[26.6408,38.5671],[26.5591,38.681],[26.5001,38.7111],[26.412,38.722],[26.3131,38.678],[26.3003,38.6433],[26.3085,38.5567],[26.2522,38.5621],[26.0874,38.6314],[25.9966,38.6459],[25.8259,38.6141],[25.7815,38.5619],[25.7793,38.53],[25.8206,38.4668],[25.8964,38.4307],[25.9331,38.367],[25.8287,38.2937],[25.8157,38.2267],[25.8536,38.1822],[25.9827,38.1112],[26.0338,38.1089],[26.0773,38.1608],[26.1391,38.1823],[26.1652,38.2168],[26.1684,38.2625],[26.2089,38.2276],[26.2588,38.2229],[26.3127,38.1878],[26.3693,38.1828],[26.4639,38.1449],[26.488,38.1019],[26.5708,38.064],[26.6392,38.0704],[26.6667,38.1004],[26.6855,38.157],[26.7184,38.1658],[26.7409,38.1292],[26.7865,38.1096],[26.7956,38.0566],[26.8326,37.995],[26.8779,37.988],[26.964,38.033],[27.1224,37.9451],[27.2128,37.9452],[27.2104,37.8905],[27.1825,37.838],[27.213,37.7908],[27.1985,37.7566],[27.161,37.7421],[27.1207,37.7318],[27.1197,37.7891],[27.0863,37.8185],[26.9963,37.8382],[26.9074,37.8211],[26.8578,37.8475],[26.7319,37.8544],[26.5696,37.7979],[26.5147,37.7413],[26.5257,37.7016],[26.4714,37.6849],[26.4451,37.6496],[26.3894,37.6375],[26.4108,37.6606],[26.4163,37.7032],[26.3619,37.7335],[26.272,37.7174],[26.1955,37.6737],[26.0624,37.6746],[25.9652,37.6],[25.9213,37.5295],[25.925,37.5021],[25.9553,37.474],[26.0616,37.4728],[26.1413,37.5173],[26.2428,37.532],[26.3456,37.5916],[26.368,37.5068],[26.495,37.4612],[26.5866,37.4871],[26.6003,37.5271],[26.5765,37.5542],[26.6187,37.5844],[26.622,37.638],[26.677,37.6647],[26.7122,37.6632],[26.7512,37.5959],[26.7748,37.5852],[26.9009,37.6027],[26.948,37.6461],[26.986,37.6116],[27.0878,37.5918],[27.1321,37.5062],[27.1321,37.4592],[27.1673,37.434],[27.1385,37.3567],[27.1466,37.332],[27.2256,37.2968],[27.3379,37.3006],[27.398,37.2637],[27.4206,37.22],[27.4734,37.1962],[27.4445,37.1688],[27.4118,37.2004],[27.3631,37.2174],[27.2349,37.1702],[27.1722,37.062],[27.2031,36.9922],[27.1064,36.9989],[27.1002,37.0141],[27.1358,37.0218],[27.1602,37.0532],[27.1537,37.0794],[27.1195,37.1019],[27.0691,37.1077],[27.021,37.0781],[26.9621,37.106],[26.9532,37.1425],[26.9058,37.2043],[26.8436,37.2534],[26.8542,37.2843],[26.8201,37.3405],[26.8211,37.37],[26.7444,37.4493],[26.6832,37.4446],[26.6458,37.3767],[26.6114,37.4093],[26.5488,37.4204],[26.5095,37.4522],[26.4616,37.4474],[26.4346,37.4141],[26.4414,37.3872],[26.4793,37.366],[26.4754,37.2796],[26.5186,37.2372],[26.5973,37.2344],[26.6578,37.2936],[26.6666,37.2866],[26.6642,37.2482],[26.7079,37.2109],[26.7185,37.1524],[26.8424,37.0425],[26.8283,36.9991],[26.8557,36.9682],[26.8736,36.92],[26.8674,36.8765],[26.8872,36.8512],[26.9371,36.8434],[26.9755,36.8795],[27.0355,36.9039],[27.0761,36.8947],[27.0405,36.8822],[26.9737,36.8204],[26.8893,36.7959],[26.8652,36.7559],[26.8768,36.6858],[26.9249,36.6416],[26.9625,36.6299],[27.0143,36.645],[27.0373,36.7189],[27.0978,36.7139],[27.0559,36.6825],[27.0527,36.6437],[27.0082,36.6339],[26.9794,36.606],[26.9858,36.5658],[27.0279,36.5338],[27.1896,36.5143],[27.2301,36.527],[27.2558,36.5549],[27.2671,36.5816],[27.2286,36.6478],[27.2316,36.6968],[27.1917,36.7245],[27.1459,36.7238],[27.2084,36.7728],[27.3481,36.8073],[27.3988,36.8363],[27.4048,36.8784],[27.3784,36.9205],[27.3495,36.9332],[27.3583,36.9522],[27.3869,36.957],[27.4816,36.9175],[27.5315,36.9373],[27.6677,36.9401],[27.6899,36.9553],[27.8182,36.9551],[27.8832,36.9806],[28.0596,36.9815],[27.9816,36.9537],[27.9612,36.9053],[27.9714,36.881],[27.9417,36.8405],[27.8113,36.8549],[27.7247,36.8274],[27.6313,36.8493],[27.5209,36.796],[27.4502,36.8032],[27.3212,36.736],[27.3105,36.6774],[27.3747,36.6274],[27.4706,36.6048],[27.5908,36.6374],[27.6881,36.6157],[27.7269,36.639],[27.7494,36.7111],[27.7979,36.7124],[27.8222,36.7037],[27.7201,36.6277],[27.6988,36.5601],[27.7327,36.5307],[27.779,36.5259],[27.8327,36.4785],[27.878,36.4717],[27.9098,36.4855],[27.9256,36.5331],[27.9759,36.5109],[28.1189,36.5466],[28.2062,36.6409],[28.3455,36.7039],[28.3485,36.7551],[28.403,36.7423],[28.4533,36.767],[28.4854,36.7502],[28.5575,36.7474],[28.5667,36.6931],[28.5877,36.6684],[28.6686,36.6489],[28.7329,36.6598],[28.7918,36.5749],[28.8413,36.5458],[28.9017,36.5692],[28.9914,36.6635],[29.005,36.6603],[28.9552,36.5421],[28.9822,36.5068],[29.0547,36.4971],[29.0474,36.4726],[29.062,36.4424],[29.0466,36.3878],[29.0619,36.3585],[29.323,36.194],[29.4421,36.1774],[29.4353,36.1398],[29.4572,36.1157],[29.6386,36.0641],[29.6845,36.0875],[29.7512,36.0801],[29.8487,36.1241],[29.9035,36.1302],[29.9621,36.1746],[30.0055,36.179],[30.065,36.2105],[30.1434,36.2104],[30.2204,36.2714],[30.2764,36.2703],[30.3391,36.2355],[30.3728,36.1742],[30.4371,36.1749],[30.5242,36.2479],[30.5413,36.2902],[30.5825,36.331],[30.5397,36.4024],[30.6432,36.5794],[30.6397,36.6152],[30.6114,36.6378],[30.6398,36.7981],[30.6845,36.8353],[30.7523,36.8045],[30.999,36.8153],[31.3157,36.7677],[31.3622,36.7261],[31.5286,36.6771],[31.7536,36.5651],[31.935,36.5156],[31.9802,36.4874],[32.0138,36.489],[32.1237,36.3902],[32.1671,36.3177],[32.2225,36.2732],[32.2512,36.2109],[32.3151,36.1758],[32.3632,36.1256],[32.4609,36.0722],[32.6505,36.0032],[32.8073,35.9725],[32.8986,36.0336],[32.965,36.0555],[33.0997,36.0293],[33.1607,36.0915],[33.3545,36.0956],[33.3959,36.0818],[33.4649,36.1112],[33.5632,36.0825],[33.5918,36.0903],[33.624,36.126],[33.6581,36.0955],[33.7026,36.0931],[33.7522,36.136],[33.8183,36.1568],[33.8865,36.2598],[33.9244,36.1979],[33.9924,36.1963],[34.0347,36.2526],[34.1128,36.2892],[34.1312,36.323],[34.1306,36.3851],[34.2039,36.435],[34.3028,36.5448],[34.46,36.6287],[34.5974,36.7349],[34.6773,36.7635],[34.8086,36.7525],[34.8711,36.6908],[34.9761,36.6732],[35.3437,36.4959],[35.4497,36.5463],[35.5541,36.5265],[35.6433,36.5559],[35.6757,36.5827],[35.7048,36.6457],[35.7629,36.6852],[35.7711,36.7182],[35.8866,36.7683],[36.0143,36.8793],[36.1124,36.81],[36.1359,36.7741],[36.1452,36.6492],[35.8914,36.4949],[35.7348,36.3442],[35.7369,36.2686],[35.8606,36.1121],[35.9071,36.0251],[35.8618,35.9778],[35.8334,35.9096],[35.752,35.8733],[35.7512,35.8233],[35.7815,35.7546],[35.7238,35.7],[35.7137,35.6404],[35.6582,35.5895],[35.7102,35.4823],[35.7388,35.4604],[35.8047,35.4481],[35.8546,35.3843],[35.8645,35.2528],[35.8845,35.2209],[35.8338,35.1306],[35.8324,35.0283],[35.7983,34.8642],[35.8331,34.7594],[35.8745,34.7408],[35.9284,34.5699],[35.8634,34.5128],[35.7856,34.5416],[35.7333,34.525],[35.721,34.4798],[35.75,34.4414],[35.6879,34.4095],[35.6064,34.3154],[35.5707,34.1542],[35.5838,34.095],[35.5379,33.9763],[35.4176,33.926],[35.4238,33.855],[35.3263,33.5987],[35.1959,33.4097],[35.1457,33.2944],[35.1492,33.2171],[35.0503,33.1157],[35.016,33.0122],[35.0092,32.8868],[34.9625,32.8885],[34.9013,32.8433],[34.7724,32.2793],[34.7083,32.0998],[34.5723,31.8114],[34.4447,31.6217],[34.1583,31.3485],[34.0568,31.2917],[33.8245,31.2007],[33.6673,31.1711],[33.5434,31.1736],[33.4867,31.1866],[33.3827,31.2423],[33.1193,31.2794],[33.0056,31.2541],[32.752,31.1354],[32.629,31.1164],[32.592,31.1229],[32.4998,31.1889],[32.3586,31.3146],[32.2458,31.3353],[32.0581,31.4428],[32.0327,31.5092],[31.9449,31.5676],[31.8224,31.573],[31.7213,31.5314],[31.5552,31.5009],[31.3763,31.5851],[31.0917,31.6571],[30.8756,31.6133],[30.565,31.522],[30.4582,31.5109],[30.3913,31.5376],[30.3428,31.529],[30.3041,31.4923],[30.2673,31.3956],[30.2,31.3398],[30.1434,31.3322],[30.1393,31.376],[30.1112,31.4067],[30.0352,31.4054],[29.9814,31.3599],[29.9625,31.3104],[29.8104,31.2435],[29.5381,31.0349],[29.279,30.92],[29.0733,30.8759],[28.9758,30.9077],[28.8485,31.0014],[28.5659,31.1054],[28.4357,31.14],[28.2077,31.1323],[28.1597,31.1511],[27.986,31.1464],[27.9513,31.1679],[27.9151,31.2798],[27.8692,31.3073],[27.7047,31.2465],[27.4796,31.2711],[27.4442,31.2915],[27.3946,31.4006],[27.3708,31.4219],[27.1098,31.438],[26.9807,31.4978],[26.877,31.4963],[26.7758,31.5284],[26.5893,31.5557],[26.5067,31.5483],[26.1379,31.6384],[25.9047,31.6785],[25.7992,31.6677],[25.5328,31.58],[25.3637,31.5618],[25.2655,31.5724],[25.2332,31.595],[25.1816,31.7556],[25.0826,31.8687],[25.0992,31.921],[25.0232,32.0031],[24.7628,32.0686],[24.6551,32.0723],[24.5335,32.0407],[24.1504,32.066],[24.0924,32.0833],[24.02,32.1416],[23.7209,32.2304],[23.5255,32.2244],[23.3862,32.2496],[23.2493,32.3222],[23.2851,32.3477],[23.2927,32.3762],[23.2626,32.4162],[23.2065,32.4173],[23.2094,32.4777],[23.1634,32.5554],[23.1794,32.6206],[23.1342,32.6772],[22.9505,32.7199],[22.3861,32.9213],[22.2436,32.9352],[22.1876,32.9806],[22.1069,32.991],[22.0296,32.9593],[21.9188,32.949],[21.6798,32.9945],[21.6066,32.9766],[21.4025,32.844],[21.0806,32.8153],[20.9296,32.769],[20.6453,32.6425],[20.4785,32.5557],[20.1581,32.3159],[20.0503,32.2073],[19.9021,32.0102],[19.8844,31.9767],[19.8665,31.836],[19.8636,31.7404],[19.9056,31.5662],[19.9654,31.407],[20.0916,31.2146],[20.1081,31.1575],[20.1088,31.1009],[20.015,30.9108],[19.8767,30.7198],[19.6405,30.5015],[19.5158,30.456],[19.3324,30.3595],[19.2211,30.3275],[19.0076,30.3258],[18.8531,30.3932],[18.8097,30.4335],[18.7279,30.4546],[18.6002,30.5573],[18.3833,30.689],[18.237,30.8194],[17.9302,30.9127],[17.9086,30.9531],[17.8673,30.9784],[17.7268,30.9964],[17.5425,31.059],[17.3983,31.1278],[17.2221,31.1535],[16.9241,31.2316],[16.6879,31.2651],[16.2512,31.275],[16.0936,31.3092],[15.9755,31.3468],[15.7484,31.4564],[15.6551,31.5347],[15.5253,31.7206],[15.4147,31.9885],[15.4221,32.1468],[15.4099,32.1942],[15.3241,32.3382],[15.2405,32.422],[15.1361,32.4576],[14.8868,32.4907],[14.7533,32.4902],[14.6517,32.5406],[14.4962,32.5642],[14.3986,32.6305],[14.3725,32.6675],[14.3085,32.6916],[14.2947,32.7263],[14.2665,32.743],[14.0863,32.7702],[13.9078,32.8334],[13.7976,32.8511],[13.6019,32.8523],[13.4631,32.9048],[13.4147,32.9385],[13.2995,32.9597],[13.1831,32.9614],[12.9914,32.8892],[12.762,32.852],[12.504,32.8531],[12.2833,32.9011],[11.8697,33.1152],[11.6955,33.1807],[11.6508,33.1755],[11.5025,33.2266],[11.3726,33.3071],[11.2291,33.3633],[11.1563,33.4367],[11.1797,33.4949],[11.1587,33.5765],[11.0929,33.6632],[11.0454,33.6872],[11.0489,33.722],[11.1148,33.7697],[11.1086,33.8442],[10.8983,33.9741],[10.7145,33.9315],[10.6872,33.8893],[10.6901,33.8197],[10.6501,33.7473],[10.6194,33.7244],[10.4852,33.7028],[10.421,33.7226],[10.3413,33.7755],[10.2044,33.8738],[10.1246,33.9692],[10.0958,34.0284],[10.085,34.133],[10.1351,34.259],[10.2091,34.2952],[10.2552,34.2725],[10.2999,34.2776],[10.4953,34.4725],[10.6285,34.507],[10.6972,34.5998],[10.7638,34.6274],[10.7977,34.6873],[10.9186,34.7733],[10.9782,34.8744],[10.9842,34.9483],[11.0654,35.0095],[11.0838,35.0582],[11.0808,35.1033],[11.138,35.1215],[11.1577,35.1546],[11.2139,35.1773],[11.2257,35.2035],[11.2041,35.2674],[11.0984,35.3465],[11.1067,35.4531],[11.1337,35.5042],[11.1244,35.5328],[11.088,35.5615],[11.1003,35.6186],[11.0859,35.653],[11.0103,35.7163],[10.8892,35.7299],[10.8971,35.7961],[10.8569,35.8313],[10.8073,35.8384],[10.7444,35.8173],[10.7047,35.8353],[10.6637,35.917],[10.5971,35.9674],[10.5634,36.0454],[10.5227,36.0802],[10.516,36.1219],[10.5377,36.2403],[10.5938,36.3555],[10.6595,36.3604],[10.8506,36.4285],[11.0677,36.7672],[11.161,36.8116],[11.1889,36.8899],[11.1429,36.9912],[11.119,37.0127],[11.1292,37.0705],[11.0895,37.122],[11.0243,37.1362],[10.9376,37.1062],[10.9073,37.1485],[10.7929,37.1844],[10.7444,37.1575],[10.7336,37.1067],[10.7724,37.0743],[10.8567,37.0656],[10.8332,37.0122],[10.6816,36.9303],[10.5837,36.917],[10.5227,36.8662],[10.4929,36.795],[10.3862,36.7737],[10.3535,36.7822],[10.3959,36.8392],[10.4027,36.8989],[10.349,36.9567],[10.2675,36.995],[10.2414,37.0479],[10.2733,37.1273],[10.3741,37.1544],[10.3855,37.1891],[10.3529,37.225],[10.292,37.226],[10.1267,37.2821],[10.0812,37.3156],[9.9875,37.2947],[9.9421,37.3018],[9.8908,37.3762],[9.7509,37.3936],[9.6522,37.3849],[9.586,37.3478],[9.5299,37.3522],[9.4615,37.3183],[9.3713,37.3134],[9.3176,37.2819],[9.271,37.2742],[9.2286,37.2919],[9.1837,37.2812],[9.0813,37.2066],[8.9889,37.1757],[8.8125,37.0229],[8.7835,37.009],[8.7151,37.0228],[8.6294,36.9908],[8.6364,36.8955],[8.6733,36.8309],[8.4131,36.7839],[8.4067,36.768],[8.4618,36.7328],[8.4304,36.6626],[8.1699,36.5258],[8.1679,36.492],[8.3338,36.4564],[8.3577,36.4304],[8.3554,36.3561],[8.3071,36.2436],[8.3171,36.1459],[8.2756,36.0368],[8.2414,35.8277],[8.2577,35.7503],[8.3236,35.6522],[8.337,35.5379],[8.29,35.4026],[8.2944,35.3251],[8.3174,35.2895],[8.4313,35.2417],[8.3137,35.1031],[8.3005,35.0677],[8.2489,34.902],[8.2666,34.7503],[8.2106,34.6812],[8.2365,34.6477],[8.2288,34.6364],[8.0941,34.5301],[7.8315,34.4144],[7.7653,34.2447],[7.6315,34.1991],[7.5175,34.095],[7.4798,33.8939],[7.4849,33.855],[7.553,33.6587],[7.6932,33.4541],[7.725,33.2314],[7.7507,33.2077],[7.872,33.1841],[8.0022,33.1084],[8.0868,33.0943],[8.2829,32.8364],[8.3313,32.5276],[9.0199,32.1049],[9.045,32.0718],[9.4914,30.339],[9.5564,30.228],[9.2865,30.1171],[9.5497,29.8023],[9.6677,29.6083],[9.8261,29.1285],[9.8483,28.9757],[9.8513,28.786],[9.777,28.2676],[9.9359,27.8669],[10.5029,27.7419],[11.1181,27.3718],[11.3379,26.9417],[11.3818,26.2343],[11.3379,25.0856],[11.5136,24.3671],[12.1069,25.006],[12.3926,25.5623],[13.3154,26.254],[14.2602,26.6475],[15.8203,26.9025],[16.5014,26.7653],[17.0727,26.3525],[17.8637,26.3328],[18.6108,26.6671],[19.1821,27.0591],[20.6103,27.0591],[21.3574,27.2351],[21.7749,27.9556],[22.8735,28.4977],[23.4668,28.0914],[23.7964,27.3718],[24.6753,26.9025],[24.895,26.4903],[25.5981,26.2146],[26.0595,25.9976],[26.5649,25.6019],[27.1802,25.2248],[27.9162,24.5271],[28.6523,23.9059],[28.916,23.4633],[28.96,23.0393],[29.2566,22.7661],[29.3884,22.3196],[29.8389,21.9838],[30.6079,22.0449],[31.5417,22.0449],[31.9043,21.7289],[32.4316,21.6268],[32.8711,21.8105],[33.6291,21.8003],[35.8044,21.8513],[36.4526,22.0449],[36.9295,21.8887],[36.929,21.9696],[36.9465,22.0278],[36.9359,22.0893],[36.8004,22.2148],[36.7228,22.2439],[36.7128,22.2845],[36.6727,22.3317],[36.5965,22.3436],[36.4894,22.3937],[36.459,22.4623],[36.3646,22.5181],[36.2963,22.6481],[36.2085,22.7109],[35.9434,22.7585],[35.8593,22.8258],[35.793,22.9431],[35.7302,22.9706],[35.706,23.0975],[35.6234,23.2375],[35.5934,23.4161],[35.5447,23.4926],[35.5602,23.571],[35.5596,23.7117],[35.5704,23.7662],[35.6196,23.764],[35.6521,23.7921],[35.6581,23.8379],[35.643,23.8657],[35.7291,23.8764],[35.7702,23.7908],[35.8069,23.7778],[35.8525,23.7939],[35.8725,23.8347],[35.8467,23.9256],[35.7833,24.0166],[35.7315,24.0488],[35.6659,24.0533],[35.619,24.1301],[35.4875,24.1985],[35.453,24.2797],[35.4443,24.3792],[35.4212,24.4155],[35.3804,24.4322],[35.3104,24.4159],[35.2705,24.4438],[35.207,24.5282],[35.2209,24.5668],[35.2118,24.5995],[35.2373,24.6417],[35.2222,24.684],[35.1853,24.7259],[35.1411,24.7348],[35.0686,24.8238],[35.042,24.9084],[34.9991,24.965],[34.9939,25.0149],[34.9354,25.1034],[34.9105,25.1759],[34.8527,25.243],[34.7484,25.43],[34.7405,25.4813],[34.7018,25.5364],[34.6812,25.6045],[34.638,25.6461],[34.6077,25.745],[34.4702,25.8958],[34.4443,25.9693],[34.3814,26.0369],[34.2736,26.2283],[34.2225,26.3569],[34.1532,26.4424],[34.1198,26.5457],[34.0316,26.6741],[34.0542,26.7202],[34.0347,26.8004],[34.0569,26.8406],[34.0486,26.8971],[33.9839,26.9747],[33.9502,27.0728],[33.9117,27.1229],[33.9911,27.1179],[34.0215,27.1313],[34.0384,27.1575],[34.0353,27.2206],[33.9438,27.3122],[33.9117,27.3218],[33.8556,27.3094],[33.7527,27.369],[33.7151,27.4615],[33.6099,27.5967],[33.6753,27.5862],[33.6991,27.5349],[33.7364,27.506],[33.79,27.4967],[33.8346,27.5265],[33.8497,27.5213],[33.8988,27.4636],[34.0185,27.3998],[34.0523,27.4019],[34.0849,27.4292],[34.0912,27.47],[34.0728,27.5206],[33.9806,27.5842],[33.9343,27.5881],[33.8753,27.6203],[33.8664,27.6722],[33.8344,27.7221],[33.7541,27.7534],[33.737,27.8107],[33.638,27.8617],[33.5281,28.0219],[33.4543,28.074],[33.4015,28.086],[33.3743,28.128],[33.3087,28.1733],[33.2179,28.2682],[33.165,28.3355],[33.152,28.3843],[33.106,28.4211],[33.0772,28.4743],[32.9816,28.5866],[32.923,28.6197],[32.8595,28.8009],[32.7881,28.847],[32.7358,28.9043],[32.7156,28.9621],[32.6829,28.9988],[32.7193,29.1133],[32.6456,29.3626],[32.6115,29.4177],[32.4166,29.5861],[32.4337,29.6248],[32.4326,29.6825],[32.4666,29.7465],[32.5504,29.8174],[32.6282,29.7258],[32.6158,29.602],[32.659,29.5429],[32.6584,29.4467],[32.672,29.4198],[32.7483,29.3867],[32.7637,29.3168],[32.8451,29.1957],[32.9725,29.1118],[33.0408,29.0247],[33.1066,28.9852],[33.117,28.8392],[33.1614,28.7789],[33.1362,28.7207],[33.1349,28.6592],[33.1746,28.5506],[33.2454,28.4697],[33.3107,28.4283],[33.3732,28.3471],[33.5121,28.2577],[33.6718,28.0336],[33.835,27.8966],[33.9607,27.8312],[34.0533,27.7605],[34.1647,27.7368],[34.1886,27.701],[34.24,27.6848],[34.2892,27.7065],[34.3309,27.8096],[34.3709,27.8407],[34.3826,27.8797],[34.4506,27.9356],[34.5127,27.8759],[34.5589,27.8604],[34.7224,27.8616],[34.767,27.8755],[34.7929,27.9077],[34.7913,27.9557],[34.7582,27.9952],[34.8244,28.0243],[34.9064,28.0218],[34.9662,28.0435],[35.0129,28.0056],[35.1001,28.0008],[35.1646,27.8971],[35.2414,27.8828],[35.2779,27.8461],[35.308,27.7746],[35.3789,27.741],[35.4075,27.7023],[35.4614,27.5899],[35.4822,27.5033],[35.5402,27.4113],[35.5993,27.3454],[35.6852,27.2922],[35.7449,27.2149],[35.6907,27.1489],[35.7105,27.0731],[35.7477,27.0381],[35.8043,27.0321],[35.9062,26.946],[35.9794,26.8558],[36.0093,26.7914],[35.9846,26.7566],[35.992,26.7174],[36.0283,26.6943],[36.0723,26.7009],[36.1068,26.6712],[36.1156,26.6566],[36.0555,26.6209],[36.0593,26.5719],[36.0956,26.5488],[36.1294,26.5509],[36.1561,26.5694],[36.1661,26.6083],[36.194,26.5724],[36.3751,26.2423],[36.3097,26.2178],[36.3078,26.1597],[36.4341,26.102],[36.4245,26.0569],[36.4581,26.0179],[36.5351,26.0286],[36.6428,26.0089],[36.6351,25.9341],[36.5658,25.9227],[36.5483,25.8758],[36.5095,25.8566],[36.4826,25.8183],[36.4884,25.7175],[36.4387,25.6933],[36.4219,25.6669],[36.4206,25.6315],[36.4411,25.5944],[36.4899,25.5651],[36.5345,25.564],[36.5833,25.5885],[36.6021,25.6441],[36.6263,25.6557],[36.6698,25.6222],[36.6339,25.6148],[36.6117,25.5918],[36.6225,25.5342],[36.6939,25.5123],[36.8477,25.3302],[36.9028,25.3131],[36.9349,25.2842],[36.9684,25.2803],[37.0098,25.2994],[37.0266,25.3259],[37.0192,25.3656],[37.0296,25.3644],[37.0533,25.2949],[37.087,25.2527],[37.0982,25.1384],[37.1503,25.1088],[37.2027,25.1213],[37.1828,25.0656],[37.2213,24.9795],[37.157,24.993],[37.0798,25.037],[37.008,25.0126],[36.9905,24.9654],[37.0241,24.926],[37.1433,24.8963],[37.1033,24.8564],[37.0993,24.8047],[37.1559,24.7258],[37.1662,24.6844],[37.2595,24.6214],[37.3654,24.4658],[37.3654,24.3701],[37.3845,24.3345],[37.4629,24.2462],[37.557,24.1935],[37.6386,24.1971],[37.6763,24.2187],[37.7101,24.2123],[37.7997,24.1266],[37.9027,24.1021],[38.0156,24.0261],[38.0649,24.0097],[38.1905,23.9078],[38.2572,23.8817],[38.3906,23.7663],[38.4225,23.662],[38.4791,23.575],[38.488,23.5193],[38.5245,23.4883],[38.5745,23.4774],[38.632,23.2785],[38.6796,23.1839],[38.7402,23.1261],[38.7377,23.0013],[38.9574,22.6813],[39.0182,22.5509],[39.0128,22.5011],[39.027,22.4637],[39.0086,22.3764],[39.0134,22.3059],[38.9626,22.3059],[38.9302,22.2776],[38.9289,22.2364],[38.9703,22.2031],[38.9723,22.1805],[38.9518,22.1325],[38.9081,22.1048],[38.8678,22.0236],[38.8785,21.9251],[39.0353,21.6708],[39.0471,21.5297],[39.0842,21.467],[39.089,21.4095],[39.0498,21.3475],[39.0464,21.2816],[38.9993,21.2622],[38.9736,21.2048],[38.9952,21.1414],[38.9771,21.1081],[38.9845,21.0672],[39.0321,21.0418],[39.0737,21.0566],[39.1069,21.1698],[39.1294,21.0832],[39.1982,21.0229],[39.1476,21.025],[39.1153,20.9965],[39.117,20.8902],[39.15,20.8631],[39.1835,20.8591],[39.2413,20.9104],[39.297,20.8708],[39.3626,20.8087],[39.3937,20.7343],[39.4627,20.663],[39.5372,20.519],[39.6445,20.4005],[39.8693,20.23],[40.1118,20.1536],[40.2061,20.1041],[40.2679,20.0519],[40.3566,20.0222],[40.4766,19.9357],[40.4811,19.8829],[40.5117,19.8525],[40.5274,19.8042],[40.5268,19.7534],[40.5951,19.6888],[40.5456,19.6553],[40.5494,19.6038],[40.6268,19.565],[40.6801,19.5665],[40.6963,19.4857],[40.7551,19.4568],[40.8192,19.3445],[40.8453,19.2418],[40.8708,19.2209],[40.9254,19.2245],[40.9808,19.198],[41.0149,19.1011],[40.9898,19.0693],[40.9886,19.0273],[41.0191,18.9967],[41.0332,18.9407],[41.0738,18.9234],[41.1201,18.8387],[41.1681,18.808],[41.1504,18.6956],[41.2168,18.5682],[41.2615,18.5387],[41.3109,18.5326],[41.3477,18.5011],[41.415,18.258],[41.488,18.1159],[41.5702,18.0245],[41.6281,17.9219],[41.7374,17.8023],[41.839,17.7538],[42.0587,17.5896],[42.0862,17.5412],[42.1607,17.5],[42.2509,17.3997],[42.3076,16.9983],[42.3602,16.9625],[42.4044,16.973],[42.4302,17.0076],[42.4732,16.9915],[42.4818,16.9288],[42.4729,16.8794],[42.4536,16.9222],[42.4243,16.9382],[42.3805,16.9311],[42.3584,16.9068],[42.2959,16.9143],[42.26,16.8748],[42.2674,16.8328],[42.3149,16.8068],[42.3696,16.8396],[42.3979,16.83],[42.3856,16.7976],[42.401,16.7506],[42.4536,16.7148],[42.5026,16.7381],[42.5188,16.8095],[42.6187,16.7553],[42.6471,16.6981],[42.6674,16.6439],[42.6555,16.5651],[42.6757,16.4966],[42.7113,16.4541],[42.7058,16.3825],[42.741,16.3261],[42.7682,16.1806],[42.7827,16.061],[42.7643,15.8943],[42.6933,15.7942],[42.61,15.819],[42.5492,15.7585],[42.5048,15.8153],[42.599,15.8177],[42.639,15.8903],[42.6402,15.9345],[42.6749,15.9606],[42.685,15.9895],[42.6339,16.0661],[42.5828,16.0724],[42.5346,16.0153],[42.5562,15.9608],[42.5299,15.8897],[42.4839,15.9106],[42.4055,15.8829],[42.3866,15.8499],[42.4128,15.8014],[42.362,15.7956],[42.3278,15.7613],[42.2937,15.7706],[42.2661,15.76],[42.2356,15.7186],[42.2352,15.6808],[42.2629,15.632],[42.3041,15.6085],[42.3416,15.619],[42.3601,15.6647],[42.4524,15.6521],[42.5365,15.6603],[42.5373,15.6299],[42.4885,15.6346],[42.4579,15.6111],[42.4627,15.5566],[42.4402,15.5278],[42.4003,15.5775],[42.3651,15.5861],[42.3116,15.5542],[42.3073,15.5167],[42.3473,15.4546],[42.3863,15.4246],[42.429,15.4242],[42.4596,15.4478],[42.5286,15.4408],[42.4826,15.3085],[42.4916,15.2794],[42.5482,15.2221],[42.5205,15.1823],[42.5467,15.1336],[42.6542,15.1367],[42.7053,15.1621],[42.813,15.1097],[42.8209,15.016],[42.849,14.9687],[42.822,14.9339],[42.8223,14.8693],[42.894,14.7641],[42.9088,14.6907],[42.8555,14.6639],[42.851,14.6171],[42.8906,14.5657],[43.0189,14.2143],[43.0505,14.0405],[43.0963,13.9871],[43.1233,13.9177],[43.174,13.8677],[43.227,13.7012],[43.2249,13.5804],[43.1734,13.2918],[43.2112,13.1836],[43.3105,13.0412],[43.3911,12.8685],[43.4343,12.8182],[43.4153,12.7294],[43.3545,12.6999],[43.338,12.6476],[43.3734,12.6044],[43.4333,12.5849],[43.5472,12.6396],[43.5951,12.6896],[43.6178,12.6881],[43.7695,13.0046],[43.7585,13.7634],[43.8684,14.743],[44.0552,15.3054],[44.0662,15.5384],[44.2969,16.1092],[44.2969,16.415],[44.1211,16.6467],[44.4287,17.0148],[44.8462,17.1618],[44.8885,17.435],[44.1101,17.8324],[43.7036,18.1145],[43.4399,18.3962],[43.0554,18.8751],[41.9568,20.715],[41.4514,21.4326],[41.0669,22.0551],[40.7153,22.5633],[40.3528,23.2414],[40.0781,23.8858],[39.8804,24.4672],[39.6387,24.8266],[39.0674,25.4929],[38.5071,26.0963],[37.9907,26.7358],[37.3535,27.8002],[37.0239,28.256],[36.5735,29.3439],[36.4966,29.6499],[36.5076,30.1451],[36.6614,31.2786],[36.8262,31.7655],[37.0019,32.4078],[37.1228,32.7041],[37.3755,33.0916],[37.6611,33.3305],[38.0676,33.6238],[39.0234,34.0436],[39.6277,34.0254],[40.0781,33.9889],[40.3747,33.8795],[41.001,33.5872],[41.1877,33.459],[41.6272,32.9165],[41.9238,32.6301],[42.3303,32.2964],[42.6929,31.9335],[43.0554,31.6253],[43.1103,31.3818],[43.3081,31.2692],[44.0332,30.5055],[44.1431,30.3729],[44.6155,29.9549],[44.8682,29.793],[45.2856,29.6403],[45.9119,29.3822],[46.1975,29.1426],[46.3183,29.1138],[46.56,29.0178],[47.417,28.6424],[47.7246,28.3044],[47.8674,28.072],[48.241,27.6738],[48.3838,27.3962],[48.5706,27.1618],[48.7958,27.0151],[49.3835,26.4657],[49.4275,26.3033],[49.389,25.9827],[49.5154,25.5226],[49.5758,25.3887],[49.6692,25.3043],[49.834,25.2099],[49.9438,25.0956],[50.0153,24.9661],[50.2185,24.7568],[50.4547,24.5621],[50.6305,24.4722],[50.7623,24.4922],[51.0985,24.4708],[51.3027,24.5056],[51.3722,24.5774],[51.3961,24.6283],[51.4918,24.6435],[51.5578,24.8309],[51.5936,24.8604],[51.7017,25.0307],[51.6712,25.1207],[51.6713,25.23],[51.6927,25.3166],[51.6386,25.3606],[51.6169,25.4415],[51.6371,25.5027],[51.5646,25.5709],[51.6042,25.6115],[51.6402,25.6955],[51.6516,25.7948],[51.6406,25.9332],[51.6144,25.9653],[51.5379,26.0013],[51.4622,26.0013],[51.4139,26.0621],[51.3902,26.1431],[51.2454,26.2069],[51.1522,26.1853],[51.1036,26.1294],[50.9946,26.082],[50.9749,26.0275],[50.9326,26.0003],[50.9377,25.9349],[50.9079,25.8886],[50.9007,25.844],[50.8557,25.8008],[50.853,25.7629],[50.8247,25.796],[50.7776,25.8098],[50.7129,25.7767],[50.6809,25.6053],[50.6885,25.5702],[50.7164,25.5439],[50.6933,25.4157],[50.7132,25.3214],[50.7166,25.1095],[50.7545,25.0497],[50.7465,24.9824],[50.7991,24.8882],[50.7938,24.8511],[50.7709,24.8984],[50.7239,24.943],[50.705,24.9924],[50.6064,25.1255],[50.6137,25.1872],[50.5768,25.2482],[50.5794,25.3046],[50.5447,25.414],[50.4584,25.5275],[50.3207,25.6264],[50.3088,25.6905],[50.17,25.8864],[50.186,25.9386],[50.165,25.9882],[50.1979,26.0219],[50.2158,26.0986],[50.27,26.1675],[50.2847,26.3397],[50.3336,26.3587],[50.353,26.4083],[50.3389,26.4558],[50.3011,26.4725],[50.2611,26.4603],[50.2202,26.5253],[50.1243,26.5278],[50.1414,26.5787],[50.2121,26.5972],[50.2144,26.6627],[50.0262,26.8637],[49.9689,26.897],[49.8968,26.9078],[49.8043,26.9475],[49.7247,27.0039],[49.7038,27.0517],[49.6375,27.114],[49.6387,27.1835],[49.6019,27.2528],[49.6949,27.25],[49.7364,27.2654],[49.7547,27.3086],[49.7275,27.3478],[49.5475,27.4032],[49.4853,27.3998],[49.425,27.3613],[49.3977,27.2834],[49.3766,27.3002],[49.3612,27.349],[49.3588,27.4698],[49.3048,27.5667],[49.2141,27.6009],[49.1177,27.5932],[49.0097,27.6604],[48.9445,27.6796],[48.9272,27.7163],[48.9435,27.7667],[48.9359,27.8469],[48.8217,27.9584],[48.8449,27.9879],[48.8394,28.0248],[48.816,28.0441],[48.7139,28.0705],[48.6677,28.1114],[48.6643,28.1581],[48.6829,28.2121],[48.5792,28.321],[48.57,28.3516],[48.5943,28.4177],[48.5613,28.4608],[48.55,28.5084],[48.4549,28.5851],[48.4365,28.7066],[48.4442,28.7561],[48.4256,28.7789],[48.3337,28.8175],[48.335,28.8963],[48.2613,28.9447],[48.2252,28.999],[48.1481,29.2611],[48.1493,29.3745],[48.1158,29.3969],[48.066,29.3947],[48.0163,29.4405],[47.9761,29.439],[47.9226,29.412],[47.8932,29.4342],[47.837,29.4412],[47.9426,29.5045],[47.9941,29.4599],[48.0394,29.4575],[48.0741,29.5021],[48.0981,29.5089],[48.195,29.482],[48.2471,29.3804],[48.3285,29.3687],[48.4198,29.3304],[48.4757,29.341],[48.4905,29.3927],[48.4497,29.4396],[48.3701,29.5028],[48.2657,29.5328],[48.2612,29.5484],[48.3621,29.6286],[48.3983,29.6763],[48.4372,29.7588],[48.4377,29.8411],[48.649,29.8741],[48.6898,29.8992],[48.461,29.9931],[48.4425,30.0659],[48.3812,30.1255],[48.4134,30.168],[48.4107,30.1972],[48.2711,30.3352],[48.203,30.3187],[48.1585,30.4297],[48.0244,30.4774],[48.0322,30.9963],[47.6828,30.9978],[47.683,31.3946],[47.8659,31.7836],[47.8547,31.8146],[47.8082,31.8421],[47.8085,31.8778],[47.7341,31.9387],[47.7118,31.9733],[47.7124,32.0189],[47.6848,32.0179],[47.6134,32.1092],[47.5654,32.1125],[47.5292,32.1455],[47.5687,32.2189],[47.5021,32.2765],[47.5216,32.2985],[47.4651,32.3161],[47.4443,32.3485],[47.4609,32.3949],[47.3898,32.4668],[47.285,32.4959],[47.2474,32.4641],[47.1684,32.4573],[46.8872,32.632],[46.7206,32.786],[46.6226,32.8222],[46.5187,32.8982],[46.3315,32.9652],[46.2664,32.9724],[46.1736,32.9533],[46.0965,32.9817],[46.0964,33.0113],[46.133,33.0235],[46.1568,33.0652],[46.0432,33.0939],[46.0468,33.1114],[46.0537,33.1281],[46.1217,33.1175],[46.1979,33.1821],[46.2082,33.1969],[46.1832,33.2042],[46.1911,33.2604],[46.1303,33.2962],[46.0864,33.3475],[46.078,33.3879],[46.0055,33.5081],[45.9407,33.4827],[45.863,33.4931],[45.9602,33.5608],[45.9072,33.6062],[45.9088,33.6362],[45.8179,33.6274],[45.7575,33.5944],[45.7717,33.6369],[45.6656,33.7089],[45.6403,33.74],[45.6403,33.7772],[45.607,33.8003],[45.5066,33.9502],[45.4361,33.947],[45.4091,33.9768],[45.4667,34.0096],[45.4792,34.0786],[45.5816,34.1461],[45.5557,34.1921],[45.5817,34.2439],[45.5836,34.3027],[45.5389,34.351],[45.4986,34.3353],[45.4399,34.4581],[45.463,34.4749],[45.5203,34.4801],[45.5266,34.5301],[45.5146,34.5457],[45.5318,34.6018],[45.6043,34.549],[45.6907,34.5554],[45.7375,34.5375],[45.7397,34.5847],[45.698,34.6696],[45.7015,34.6895],[45.6539,34.7242],[45.7021,34.7879],[45.6899,34.8157],[45.7911,34.8521],[45.7876,34.9114],[45.8643,34.896],[45.8938,34.9652],[45.878,35.0328],[45.9289,35.0451],[45.922,35.0955],[45.9982,35.0619],[46.0136,35.0715],[46.065,35.0409],[46.0796,35.0854],[46.1166,35.0741],[46.19,35.1102],[46.1559,35.1326],[46.1567,35.163],[46.1979,35.1924],[46.1903,35.2164],[46.1132,35.2342],[46.1521,35.2809],[46.146,35.3112],[46.0516,35.3873],[45.9878,35.494],[45.9928,35.5195],[46.0125,35.5189],[45.9724,35.58],[46.0254,35.5841],[46.0115,35.6286],[45.9941,35.6388],[46.011,35.6496],[46.0091,35.6787],[46.0401,35.7041],[46.1675,35.6903],[46.2032,35.7235],[46.2709,35.728],[46.3339,35.7679],[46.3445,35.8056],[46.2963,35.8353],[46.2084,35.7961],[46.182,35.8099],[46.1654,35.8012],[46.1385,35.8397],[46.0908,35.8578],[46.0248,35.8367],[45.9686,35.8421],[45.9366,35.8239],[45.8979,35.8372],[45.8798,35.8162],[45.8292,35.8118],[45.8018,35.8264],[45.7642,35.799],[45.6634,35.928],[45.5508,36.0015],[45.4409,35.9993],[45.3999,35.9704],[45.348,35.9795],[45.3434,36.0072],[45.381,36.0787],[45.3268,36.1456],[45.3165,36.1833],[45.3332,36.2078],[45.3097,36.2383],[45.2713,36.2501],[45.3015,36.2727],[45.2611,36.302],[45.2815,36.335],[45.2707,36.3882],[45.2321,36.4332],[45.1459,36.4055],[45.0815,36.4265],[45.0501,36.5071],[45.0117,36.5209],[45.0024,36.5393],[45.0391,36.5679],[45.0278,36.6048],[45.0697,36.6294],[45.0652,36.69],[45.0312,36.7397],[44.9754,36.7489],[44.9414,36.785],[44.8439,36.7822],[44.8437,36.8206],[44.8996,36.8564],[44.9107,36.8942],[44.883,36.9538],[44.901,37.0214],[44.8486,37.0464],[44.8103,37.0449],[44.7493,37.122],[44.7833,37.1437],[44.7528,37.1931],[44.783,37.2588],[44.8201,37.2937],[44.6484,37.4138],[44.5853,37.4901],[44.6265,37.5751],[44.6017,37.7012],[44.5056,37.7707],[44.2969,37.8553],[44.2419,37.9507],[44.3573,38.1583],[44.3765,38.2252],[44.5166,38.305],[44.5056,38.3417],[44.4342,38.3718],[44.3161,38.374],[44.2998,38.3944],[44.3196,38.4084],[44.3023,38.447],[44.3228,38.4841],[44.3102,38.5304],[44.321,38.6251],[44.2704,38.6514],[44.2823,38.6764],[44.2556,38.7186],[44.2808,38.7337],[44.2879,38.7837],[44.3145,38.8071],[44.2998,38.8406],[44.2459,38.8515],[44.245,38.8704],[44.2117,38.8989],[44.2153,38.9206],[44.1919,38.9347],[44.189,38.98],[44.1723,38.9896],[44.1794,39.0102],[44.2126,39.0209],[44.1913,39.0732],[44.2241,39.1027],[44.1669,39.1776],[44.0984,39.204],[44.1034,39.2406],[44.0888,39.2477],[44.1072,39.2842],[44.08,39.2943],[44.0742,39.3355],[44.0335,39.377],[44.0717,39.4129],[44.1856,39.403],[44.2193,39.4187],[44.2941,39.377],[44.3765,39.4129],[44.4215,39.4113],[44.4342,39.4423],[44.4085,39.4717],[44.4387,39.5022],[44.416,39.5565],[44.4802,39.6106],[44.4812,39.6714],[44.4673,39.6841],[44.4267,39.6608],[44.3197,39.6672],[44.2552,39.6985],[44.1774,39.7127],[44.1305,39.744],[43.999,39.7278],[43.9766,39.7475],[43.8389,39.7774],[43.7458,39.7663],[43.6078,39.8012],[43.5512,39.8404],[43.5077,39.8283],[43.4757,39.7754],[43.4436,39.774],[43.4176,39.7992],[43.4052,39.8645],[43.3664,39.9251],[43.3781,39.982],[43.2858,39.9967],[43.321,40.0429],[43.3579,40.0438],[43.3665,40.0662],[43.3423,40.0933],[43.3462,40.118],[43.3759,40.1308],[43.4787,40.1056],[43.6063,40.1189],[43.6671,40.1542],[43.7157,40.1622],[43.6591,40.2208],[43.6761,40.225],[43.68,40.2546],[43.6441,40.2706],[43.5964,40.3391],[43.6185,40.3937],[43.6095,40.4345],[43.5487,40.473],[43.5717,40.5041],[43.6376,40.5221],[43.6428,40.5554],[43.6701,40.5701],[43.7478,40.6792],[43.7473,40.7338],[43.6824,40.8416],[43.6715,40.937],[43.5783,40.9931],[43.4684,41.0312],[43.4714,41.0682],[43.4474,41.0993],[43.4741,41.123],[43.4489,41.1755],[43.3705,41.2021],[43.2315,41.1739],[43.195,41.2522],[43.1324,41.2521],[43.2057,41.2876],[43.2135,41.3058],[43.1394,41.3178],[43.1017,41.3536],[43.0253,41.3733],[42.9642,41.4515],[42.9052,41.4769],[42.8906,41.5027],[42.8479,41.4731],[42.8009,41.4969],[42.8309,41.5865],[42.7809,41.5769],[42.7007,41.6002],[42.6091,41.5861],[42.502,41.715],[42.5171,41.7426],[42.502,41.7969],[42.4622,41.8061],[42.4127,41.846],[42.2411,41.7857],[42.1944,41.8194],[42.1147,41.8235],[42.0818,41.802],[41.9633,41.8519],[41.9606,41.8839],[41.9376,41.8954],[41.8782,41.8859],[41.7832,41.8936],[41.77,41.9117],[41.7187,41.908],[41.7225,41.8189],[41.6755,41.7272],[41.6477,41.6946],[41.5935,41.6804],[41.5272,41.6212],[41.4845,41.5111],[41.4326,41.4822],[41.3804,41.4176],[41.2419,41.3747],[41.0286,41.2471],[40.7788,41.195],[40.6977,41.1238],[40.5861,41.085],[40.3637,41.0599],[40.1783,40.9551],[40.1104,40.9542],[40.0587,40.9934],[39.9928,41.0025],[39.8815,40.992],[39.8468,41.0206],[39.7229,41.0495],[39.6652,41.0352],[39.5976,41.0599],[39.5104,41.1248],[39.4141,41.1447],[39.2764,41.0873],[39.1615,41.1168],[39.0374,41.0732],[38.9102,41.0763],[38.858,41.0493],[38.7886,41.0414],[38.6966,40.9864],[38.6669,41.0051],[38.6119,41.0099],[38.5238,40.9566],[38.4327,40.9521],[38.3566,40.9553],[38.2897,40.9822],[38.205,40.9761],[37.9218,41.0232],[37.8338,41.0684],[37.839,41.1117],[37.8163,41.1468],[37.693,41.1663],[37.6249,41.1476],[37.5657,41.0696],[37.5383,41.0609],[37.5076,41.0934],[37.4104,41.1404],[37.3437,41.1502],[37.3064,41.1817],[37.1454,41.1865],[37.0799,41.2062],[37.0741,41.2597],[37.0478,41.2997],[36.9028,41.3681],[36.6597,41.4204],[36.588,41.3953],[36.5048,41.2992],[36.4277,41.2833],[36.3887,41.3381],[36.2875,41.3744],[36.1745,41.4816],[36.1813,41.5585],[36.1646,41.6307],[36.0844,41.7178],[35.9864,41.7667],[35.941,41.7708],[35.7398,41.7013],[35.5665,41.6685],[35.314,41.7437],[35.2598,41.7834],[35.2498,41.8198],[35.1412,41.9267],[35.1581,41.9803],[35.2211,41.9774],[35.2533,41.9978],[35.2608,42.0232],[35.2386,42.0554],[35.1899,42.0789],[35.1056,42.0603],[35.0483,42.1215],[34.9586,42.1341],[34.9017,42.1169],[34.8917,42.0741],[34.8221,42.0128],[34.7213,41.9822],[34.5584,41.9866],[34.4856,42.0134],[34.3052,41.9789],[34.1116,42.0148],[33.6875,42.0172],[33.3277,42.0562],[33.1389,41.9867],[33.0089,41.9614],[32.898,41.9087],[32.5743,41.864],[32.3976,41.7892],[32.255,41.7501],[32.1838,41.7066],[32.1179,41.6371],[31.8568,41.5471],[31.5899,41.414],[31.3718,41.3465],[31.3418,41.3061],[31.3532,41.2201],[31.2826,41.1534],[31.0522,41.1147],[30.7749,41.1238],[30.6647,41.1652],[30.4699,41.1909],[30.2786,41.2501],[30.1976,41.2185],[30.1481,41.1794],[29.8492,41.1799],[29.6198,41.2189],[29.575,41.2107],[29.2673,41.2718],[29.1526,41.2597],[29.0867,41.2912],[29.0127,41.2842],[28.8613,41.3214],[28.7018,41.383],[28.647,41.3863],[28.3008,41.5268],[28.147,41.6473],[28.1454,41.6942],[28.0279,41.845],[28.0789,41.8484],[28.1076,41.8814],[28.0827,42.0065],[28.0418,42.0762],[27.8196,42.2657],[27.8451,42.2954],[27.8445,42.3195],[27.8274,42.3592],[27.7738,42.3861],[27.7727,42.4328],[27.6467,42.4975],[27.5372,42.4965],[27.5417,42.514],[27.6471,42.5131],[27.6884,42.5272],[27.705,42.5597],[27.685,42.5971],[27.7698,42.6272],[27.7938,42.656],[27.9058,42.6597],[27.9482,42.6852],[27.9525,42.7812],[27.9386,42.8223],[27.9555,42.8483],[27.9599,42.9269],[27.9428,43.0236],[27.9925,43.1288],[27.9978,43.1794],[28.0615,43.2097],[28.13,43.3465],[28.1605,43.3621],[28.3142,43.3786],[28.4768,43.3228],[28.505,43.3343],[28.631,43.4702],[28.6596,43.547],[28.6257,43.5966],[28.6317,43.6425],[28.6178,43.6774],[28.6322,43.7665],[28.6535,43.7912],[28.6444,43.8217],[28.6625,43.8793],[28.7207,43.9847],[28.7012,44.0511],[28.7389,44.0698],[28.7606,44.1018],[28.6758,44.255],[28.6771,44.2843],[28.7388,44.2994],[28.7534,44.3517],[28.9,44.489],[29.0129,44.6348],[29.1186,44.7196],[29.2577,44.76],[29.4113,44.7754],[29.4477,44.7419],[29.5302,44.7378],[29.5909,44.7656],[29.6537,44.8284],[29.6751,44.8815],[29.7052,45.0872],[29.7631,45.1517],[29.764,45.1781],[29.8128,45.2229],[29.7922,45.2663],[29.8166,45.3248],[29.8097,45.407],[29.8369,45.4559],[29.784,45.522],[29.7136,45.5217],[30.2691,45.8434],[30.5171,46.0521],[30.6086,46.1467],[30.7288,46.3077],[30.7971,46.3579],[30.8248,46.4456],[30.7914,46.5198],[30.8571,46.5178],[31.1699,46.5899],[31.4081,46.5577],[31.4954,46.5919],[31.826,46.5813],[31.9345,46.5985],[32.313,46.497],[32.5151,46.5937],[32.5901,46.598],[32.6668,46.6564],[32.789,46.6738],[32.9186,46.7319],[33.0314,46.74],[33.1437,46.7843],[33.2634,46.753],[33.3406,46.7576],[33.4113,46.826],[33.5672,46.8355],[33.5995,46.8629],[33.449,46.8892],[33.2901,46.9437],[32.7747,47.2241],[32.3218,47.5018],[32.223,47.524],[32.0057,47.5263],[31.8443,47.5507],[31.3982,47.7223],[31.3519,47.7332],[31.3297,47.7219],[31.2741,47.75],[31.1875,47.7431],[31.1696,47.8132],[31.1181,47.8279],[31.1092,47.886],[31.0474,47.9301],[31.0209,47.9864],[30.9482,48.0315],[30.8742,48.0328],[30.849,48.0496],[30.7945,48.0005],[30.806,47.9747],[30.7937,47.9339],[30.7148,47.9397],[30.5454,47.893],[30.3454,47.9392],[30.1084,47.8947],[29.8887,47.9322],[29.7427,47.9219],[29.4434,47.838],[29.2969,47.7556],[29.0285,47.5678],[28.9846,47.6117],[28.9971,47.65],[28.9676,47.7138],[28.9945,47.8007],[29.0241,47.8417],[29.0128,47.8621],[28.8262,47.9013],[28.8359,47.9367],[28.7911,47.9832],[28.7367,47.9786],[28.6949,48.0248],[28.5936,48.0347],[28.5685,47.9956],[28.5317,48.0028],[28.5467,48.0385],[28.5816,48.0442],[28.6,48.0752],[28.6237,48.065],[28.6324,48.0863],[28.5133,48.1209],[28.4961,48.1115],[28.5005,48.0692],[28.458,48.0765],[28.4213,48.125],[28.437,48.15],[28.4161,48.1762],[28.3767,48.1697],[28.3564,48.1388],[28.3139,48.1355],[28.3099,48.1628],[28.3658,48.2022],[28.3561,48.245],[28.3059,48.2418],[28.2083,48.2048],[28.1675,48.2594],[28.1475,48.263],[28.0973,48.2322],[28.0793,48.2461],[28.0907,48.2989],[28.0705,48.3193],[27.9584,48.3267],[27.8941,48.3617],[27.8758,48.402],[27.789,48.4453],[27.7541,48.4575],[27.6488,48.441],[27.5898,48.4638],[27.6047,48.4845],[27.5936,48.4923],[27.5196,48.4705],[27.4786,48.5068],[27.4824,48.5367],[27.452,48.5966],[27.3739,48.6291],[27.3274,48.6027],[27.2597,48.6233],[27.2469,48.6105],[27.2597,48.5833],[27.2503,48.5684],[27.1706,48.581],[27.0755,48.5596],[26.9935,48.5753],[26.9784,48.5988],[26.9647,48.5759],[26.9219,48.5745],[26.9065,48.5516],[26.8752,48.5423],[26.8414,48.5592],[26.8223,48.6078],[26.8045,48.61],[26.7823,48.5988],[26.7944,48.5615],[26.7848,48.5497],[26.7204,48.5842],[26.7425,48.562],[26.7329,48.5339],[26.6582,48.5601],[26.6256,48.5558],[26.6272,48.5364],[26.6761,48.5389],[26.7133,48.5018],[26.6708,48.4853],[26.6121,48.5059],[26.6255,48.4601],[26.6028,48.4511],[26.5537,48.4651],[26.48,48.5465],[26.3938,48.5363],[26.3569,48.5077],[26.3061,48.5081],[26.2735,48.5396],[26.1698,48.5289],[26.153,48.5368],[26.1454,48.5977],[26.12,48.6195],[26.0956,48.5993],[26.1289,48.555],[26.0936,48.5385],[26.0451,48.5842],[26.0636,48.6122],[26.0483,48.6486],[26.02,48.6099],[25.9766,48.6212],[25.9018,48.5877],[25.8493,48.597],[25.8482,48.6254],[25.7797,48.676],[25.742,48.6343],[25.7127,48.6621],[25.6406,48.6696],[25.5852,48.6342],[25.6087,48.5321],[25.6104,48.3782],[25.5127,48.3979],[25.4223,48.3958],[25.3051,48.3653],[25.1871,48.2525],[25.1146,48.2281],[25.1359,48.1968],[25.1311,48.1786],[25.0889,48.1821],[25.0905,48.1666],[25.0628,48.154],[25.0615,48.1293],[25.04,48.1283],[25.0314,48.1102],[24.9876,48.1168],[24.9917,48.084],[24.9138,48.027],[24.9185,47.9483],[24.9573,47.9201],[24.9484,47.8916],[24.9983,47.8568],[24.9465,47.7937],[24.9237,47.7366],[24.8951,47.7291],[24.8402,47.7785],[24.8171,47.822],[24.7081,47.8399],[24.6707,47.8655],[24.6732,47.8934],[24.6234,47.9518],[24.6026,47.9464],[24.5687,47.9689],[24.5773,48.0178],[24.6271,48.0475],[24.5953,48.0906],[24.5038,48.1532],[24.5096,48.1861],[24.5453,48.2161],[24.4855,48.2434],[24.4881,48.2797],[24.3608,48.3499],[24.3575,48.3729],[24.332,48.3895],[24.2881,48.3985],[24.2889,48.3796],[24.2583,48.3485],[24.1776,48.366],[24.1414,48.4089],[24.1458,48.4349],[24.1322,48.4381],[24.127,48.4679],[24.1406,48.4816],[24.115,48.4984],[24.1318,48.5296],[23.9937,48.5018],[23.9809,48.4655],[23.9631,48.4575],[23.9252,48.4652],[23.9076,48.4842],[23.9284,48.5531],[23.8605,48.554],[23.8046,48.5803],[23.7878,48.6035],[23.7968,48.6324],[23.7794,48.6439],[23.706,48.6385],[23.6259,48.7062],[23.511,48.735],[23.4691,48.7182],[23.3964,48.7328],[23.3563,48.7676],[23.3254,48.7533],[23.3169,48.7286],[23.2936,48.7201],[23.295,48.6945],[23.2284,48.645],[23.2876,48.6243],[23.3303,48.5739],[23.3094,48.5974],[23.2884,48.5942],[23.3035,48.6032],[23.2718,48.6128],[23.286,48.6188],[23.2414,48.6374],[23.2061,48.6178],[23.2164,48.5969],[23.1674,48.5716],[23.1542,48.5399],[23.1484,48.5091],[23.171,48.4762],[23.1448,48.4519],[23.1461,48.4204],[23.1858,48.4259],[23.1714,48.3876],[23.1849,48.3366],[23.2545,48.3208],[23.2829,48.2761],[23.2565,48.2685],[23.238,48.2394],[23.2303,48.1911],[23.198,48.1904],[23.2466,48.1745],[23.2407,48.156],[23.2618,48.1536],[23.2713,48.1333],[23.3502,48.1268],[23.348,48.0872],[23.2921,48.0721],[23.2836,48.0511],[23.4123,47.9895],[23.5632,47.9441],[23.5889,47.8979],[23.6123,47.8982],[23.6403,47.8699],[23.6344,47.858],[23.6846,47.8415],[23.7107,47.8111],[23.6767,47.8065],[23.6996,47.7442],[23.6908,47.734],[23.7535,47.6991],[23.8635,47.6935],[23.751,47.5815],[23.7034,47.5917],[23.6881,47.5779],[23.5902,47.5782],[23.5587,47.6052],[23.4903,47.6177],[23.51,47.6738],[23.3765,47.6252],[23.4014,47.5999],[23.3649,47.5647],[23.3539,47.5812],[23.2877,47.5731],[23.2796,47.6099],[23.1477,47.6274],[23.0652,47.5714],[23.0349,47.4873],[22.9404,47.4888],[22.9096,47.4467],[22.8004,47.4481],[22.776,47.4168],[22.6737,47.3765],[22.6521,47.3937],[22.643,47.4592],[22.6951,47.4682],[22.722,47.4569],[22.7593,47.4869],[22.8005,47.4955],[22.807,47.5469],[22.7568,47.5666],[22.7578,47.5878],[22.6308,47.5968],[22.6255,47.6206],[22.4828,47.5837],[22.3984,47.5075],[22.3746,47.5097],[22.3545,47.4882],[22.2998,47.5978],[21.3135,47.5636],[21.2359,47.3523],[21.0237,47.2326],[20.9702,47.57],[20.8545,47.6004],[20.8389,47.6618],[20.4379,47.7695],[19.9608,48.1304],[19.8262,48.38],[19.8245,48.5187],[19.6406,48.6234],[18.3156,47.862],[18.503,47.5167],[18.0783,47.2813],[18.1961,47.0252],[17.9729,46.9367],[17.9017,46.886],[17.4731,46.7481],[17.277,46.7232],[17.2214,46.655],[17.2262,46.5115],[17.1701,46.4458],[17.1606,46.4744],[17.1415,46.4752],[17.0823,46.4476],[17.0231,46.4485],[16.8914,46.3574],[16.8743,46.3143],[16.9049,46.2687],[17.2636,46.027],[17.0261,45.9034],[17.0837,45.7714],[16.6141,45.3541],[16.2364,45.3261],[16.1032,45.385],[15.5923,45.2033],[15.5244,44.7516],[15.3362,44.5831],[15.1584,44.6452],[15.0496,44.6455],[14.9737,44.5775],[15.2777,44.3464],[15.244,44.2927],[15.1815,44.3072],[15.1741,44.2795],[15.0048,44.3599],[14.9738,44.3452],[14.9646,44.3165],[14.9978,44.2668],[15.0853,44.2237],[15.0933,44.19],[15.513,43.8782],[15.558,43.7711],[15.6368,43.7463],[15.6132,43.7015],[15.5752,43.6923],[15.5149,43.6396],[15.5508,43.59],[15.7417,43.5861],[15.7916,43.6066],[15.8584,43.6029],[15.8219,43.5666],[15.8454,43.5145],[16.1146,43.3776],[16.1304,43.3764],[16.1524,43.4114],[16.2265,43.4397],[16.4968,43.4632],[16.5977,43.4177],[16.8878,43.3617],[16.9647,43.2727],[17.0761,43.1793],[17.1819,43.1506],[17.4942,42.9447],[17.6438,42.8925],[17.6912,42.9256],[17.7872,42.8916],[17.8091,42.9171],[17.8297,42.9094],[17.8573,42.8876],[17.8702,42.8466],[17.9002,42.8325],[17.8913,42.8098],[17.9502,42.799],[18.0032,42.7579],[18.0984,42.7172],[18.1028,42.6867],[18.1376,42.6799],[18.1573,42.6539],[18.1766,42.6612],[18.2441,42.6027],[18.2866,42.617],[18.3707,42.612],[18.4376,42.5565],[18.4414,42.4815],[18.542,42.4042],[18.5455,42.3544],[18.5961,42.3278],[18.653,42.3238],[18.7466,42.2354],[18.8499,42.2203],[18.9762,42.1041],[19.0173,42.0949],[19.0249,42.0672],[19.089,42.0178],[19.0865,41.9695],[19.1292,41.9095],[19.2813,41.8528],[19.3545,41.8068],[19.4338,41.8195],[19.5231,41.7923],[19.5256,41.6108],[19.4514,41.6248],[19.4033,41.6038],[19.3964,41.5826],[19.4131,41.5396],[19.4587,41.5001],[19.4055,41.452],[19.3639,41.4478],[19.3387,41.4194],[19.3731,41.3093],[19.4653,41.2524],[19.387,41.16],[19.4038,41.1025],[19.3882,41.0065],[19.4027,40.9705],[19.3116,40.8354],[19.3145,40.7297],[19.2613,40.6619],[19.2615,40.6385],[19.3247,40.5373],[19.2441,40.5498],[19.2182,40.5306],[19.215,40.4867],[19.2423,40.4465],[19.2413,40.4025],[19.2948,40.3576],[19.322,40.2939],[19.4025,40.2102],[19.4782,40.1628],[19.6968,40.0711],[19.7699,40.0115],[19.8279,40.0048],[19.8714,39.9411],[19.8552,39.9111],[19.868,39.8804],[19.9487,39.8398],[19.9776,39.7909],[19.9321,39.6924],[20.0463,39.5925]]]]},"properties":{"id":"Q12560","names":{"ar":"الدولة العثمانية","da":"Det Osmanniske Rige","de":"Osmanisches Reich","el":"Οθωμανική Αυτοκρατορία","en":"Ottoman Empire","es":"Imperio otomano","fa":"امپراتوری عثمانی","fr":"Empire Ottoman","frr":"Osmaansk Rik","fy":"Osmaanske Ryk","ga":"An Impireacht Otamánach","gd":"Impireachd nan Otomanach","he":"האימפריה העות'מאנית","hi":"उस्मानी साम्राज्य","is":"Ósmanska ríkið","it":"Impero Ottomano","ja":"オスマン帝国","kk":"Осман империясы","ko":"오스만 제국","la":"Imperium Ottomanicum","nb":"Det osmanske riket","nds":"Osmaansch Riek","nl":"Ottomaanse Rijk","nn":"Det osmanske riket","no":"Det osmanske riket","ota":"دولتْ علیّه عثمانیّه","ota-Latn":"Devlet-i ʿAlīye-i ʿOs̱mānīye","pl":"Imperium Osmańskie","pt":"Império Otomano","ro":"Imperiul Otoman","ru":"Османская империя","sw":"Milki ya Osmani","tr":"Osmanlı İmparatorluğu","ur":"سلطنت عثمانیہ","zh":"奥斯曼帝国"},"from":1540.75,"to":1699.0672043010752,"wikidata":"Q12560","adminLevel":2,"source":"OpenHistoricalMap","sourceUrl":"https://www.openhistoricalmap.org"}},{"type":"Feature","geometry":{"type":"Polygon","coordinates":[[[-5.3821,35.9124],[-5.3735,35.884],[-5.2812,35.8473],[-5.2426,35.8595],[-5.216,35.9001],[-5.2518,35.952],[-5.316,35.9519],[-5.3869,35.9741],[-5.3821,35.9124]]]},"properties":{"id":"Q5823","names":{"en":"Portuguese Ceuta","ko":"포르투갈령 세우타"},"from":1415,"to":1668,"wikidata":"Q5823","adminLevel":2,"source":"OpenHistoricalMap","sourceUrl":"https://www.openhistoricalmap.org"}},{"type":"Feature","geometry":{"type":"Polygon","coordinates":[[[8.642,36.941],[8.6294,36.9908],[8.4384,36.9499],[8.2998,36.9697],[8.2166,37.0004],[7.9656,36.9021],[7.8759,36.8921],[7.8379,36.8999],[7.8436,36.9766],[7.811,37.0125],[7.6481,37.019],[7.6074,37.032],[7.5418,37.0838],[7.4488,37.0944],[7.4067,37.1269],[7.3284,37.1224],[7.225,37.1404],[7.1368,37.1242],[7.1095,37.0956],[7.1293,37.0443],[7.1949,37.0074],[7.1299,36.9641],[7.0878,36.9702],[6.9303,36.9406],[6.8525,36.9987],[6.665,37.0062],[6.5388,37.1217],[6.4765,37.1393],[6.346,37.1231],[6.2217,37.0624],[6.1826,36.9997],[6.1768,36.9543],[5.9557,36.8846],[5.8225,36.8599],[5.772,36.8811],[5.6827,36.8731],[5.5317,36.8028],[5.4748,36.7222],[5.3445,36.6887],[5.2701,36.6941],[5.1504,36.7336],[5.167,36.7772],[5.1374,36.8188],[5.0692,36.8363],[5.028,36.8742],[4.983,36.8764],[4.7791,36.9442],[4.598,36.9362],[4.4516,36.9618],[4.2091,36.9467],[4.151,36.9559],[4.1076,36.9429],[3.966,36.951],[3.8853,36.9735],[3.7182,36.9351],[3.6146,36.8753],[3.4664,36.8219],[3.2172,36.8642],[3.1782,36.846],[3.1573,36.8008],[3.1305,36.8003],[3.0926,36.8397],[3.0334,36.8615],[2.891,36.8577],[2.7882,36.7927],[2.7652,36.7406],[2.5632,36.647],[2.4653,36.6458],[2.4277,36.6817],[2.328,36.6943],[2.0111,36.6179],[1.9098,36.6293],[1.5875,36.5897],[1.4349,36.5875],[1.3323,36.6029],[1.2628,36.558],[1.1799,36.5659],[0.986,36.5152],[0.8996,36.4805],[0.8556,36.4236],[0.7314,36.3863],[0.6461,36.3788],[0.4278,36.2632],[0.307,36.2316],[0.2572,36.1766],[0.1556,36.1328],[0.0753,36.0496],[-0.0137,35.8996],[-0.1142,35.8468],[-0.2393,35.8686],[-0.2478,35.8976],[-0.3057,35.9449],[-0.3754,35.9574],[-0.5129,35.9203],[-0.5391,35.8955],[-0.5542,35.8331],[-0.6049,35.8146],[-0.6439,35.7747],[-0.793,35.8276],[-0.8523,35.819],[-0.8962,35.7775],[-0.9787,35.7711],[-1.0192,35.7353],[-1.0712,35.7193],[-1.0939,35.7643],[-1.1593,35.7674],[-1.1825,35.7471],[-1.1852,35.7105],[-1.1553,35.6831],[-1.1113,35.6807],[-1.2458,35.5969],[-1.2984,35.4382],[-1.4055,35.3578],[-1.4769,35.3765],[-1.5101,35.3701],[-1.5392,35.3315],[-1.6939,35.2364],[-1.7571,35.2143],[-1.7875,35.1836],[-1.8375,35.1778],[-1.9427,35.1312],[-2.0852,35.1309],[-2.1388,35.1568],[-2.2023,35.1458],[-2.2211,35.05],[-2.1938,35.0036],[-2.0612,34.9297],[-2.0163,34.9262],[-1.9797,34.8653],[-1.7695,34.7413],[-1.8711,34.5966],[-1.7507,34.4942],[-1.703,34.4797],[-1.8096,34.3725],[-1.7461,34.2903],[-1.6696,34.0792],[-1.7187,33.8981],[-1.7032,33.7618],[-1.7468,33.7024],[-1.6624,33.6447],[-1.6173,33.5544],[-1.6127,33.5215],[-1.6832,33.3692],[-1.6834,33.2708],[-1.6742,33.238],[-1.6236,33.1966],[-1.5714,33.112],[-1.4995,33.0602],[-1.503,32.9746],[-1.5588,32.9336],[-1.4233,32.7424],[-1.327,32.6989],[-1.032,32.4944],[-1.1232,32.4179],[-1.218,32.3926],[-1.2441,32.3569],[-1.2766,32.2009],[-1.3057,32.1737],[-1.3052,32.1512],[-1.2118,32.1583],[-1.1906,32.1252],[-1.2103,32.0897],[-1.4358,32.0867],[-1.409,31.8239],[-1.2524,31.7469],[-0.9943,31.6814],[-0.7059,31.7212],[-0.2884,31.8332],[-0.1016,31.8566],[0.0989,31.8612],[0.368,31.8099],[0.4806,31.7562],[0.6949,31.8169],[0.8707,31.8449],[1.2057,31.8099],[1.3596,31.8402],[1.4996,31.9242],[1.6974,32.0151],[1.9308,32.157],[2.2467,32.2546],[2.8509,32.3011],[2.9004,32.2012],[3.0789,32.0849],[3.5458,31.9149],[4.01,31.6487],[4.4192,31.5996],[4.7681,31.6417],[5.3174,31.6627],[5.5344,31.6277],[5.8228,31.616],[6.0864,31.6908],[6.3831,31.8636],[6.8198,32.157],[7.2153,32.4518],[7.4432,32.526],[7.7014,32.7342],[7.8497,32.875],[8.1712,32.9843],[8.0868,33.0943],[8.0022,33.1084],[7.872,33.1841],[7.7507,33.2077],[7.725,33.2314],[7.6932,33.4541],[7.553,33.6587],[7.5342,33.7362],[7.4985,33.8],[7.4798,33.8939],[7.5175,34.095],[7.6315,34.1991],[7.7653,34.2447],[7.8315,34.4144],[8.0941,34.5301],[8.2365,34.6477],[8.2106,34.6812],[8.2666,34.7503],[8.2489,34.902],[8.3005,35.0677],[8.3137,35.1031],[8.4313,35.2417],[8.3174,35.2895],[8.2944,35.3251],[8.29,35.4026],[8.337,35.5379],[8.3236,35.6522],[8.2577,35.7503],[8.2414,35.8277],[8.2756,36.0368],[8.3171,36.1459],[8.3071,36.2436],[8.3544,36.3509],[8.3577,36.4304],[8.3492,36.4488],[8.2956,36.4687],[8.1679,36.4914],[8.1699,36.5258],[8.4304,36.6626],[8.4618,36.7328],[8.4067,36.768],[8.4131,36.7839],[8.6733,36.8309],[8.6364,36.8955],[8.642,36.941]]]},"properties":{"id":"Q3045696","names":{"ar":"إيالة الجزائر","az":"Osmanlı Əlcəzairi","ca":"Regència d'Alger","cs":"Osmanský Alžír","de":"Regentschaft Algier","el":"Εγιαλέτι του Αλγερίου","en":"Regency of Algiers","es":"Regencia de Argel","fa":"الجزایر عثمانی","fr":"Régence d'Alger","he":"אלג'יריה העות'מאנית","hu":"Algíri Kormányzóság","id":"Aljazair Utsmaniyah","it":"Reggenza di Algeri","ja":"アルジェ摂政領","ko":"알제리 섭정국","lv":"Alžīrijas ejālets","mk":"Отомански Алжир","ms":"Algeria Uthmaniyah","nl":"Ottomaans Algerije","pt":"Argélia otomana","ru":"Османский Алжир","sv":"Osmanska Algeriet","tr":"Cezâyir-i Garp (eyalet)","uk":"Алжирський еялет","ur":"دولت الجزائر","vi":"Algérie thuộc Ottoman","zh":"阿爾及爾攝政領"},"from":1516,"to":1830.510752688172,"wikidata":"Q3045696","adminLevel":2,"source":"OpenHistoricalMap","sourceUrl":"https://www.openhistoricalmap.org"}},{"type":"Feature","geometry":{"type":"Polygon","coordinates":[[[14.4609,35.9951],[14.4258,36.0038],[14.34,36.0947],[14.2652,36.1217],[14.1684,36.115],[14.1325,36.082],[14.1389,36.0168],[14.1945,35.9837],[14.2642,35.9684],[14.2887,35.8607],[14.3342,35.8236],[14.3947,35.7889],[14.4988,35.7654],[14.5926,35.7843],[14.6249,35.8324],[14.6236,35.8857],[14.4609,35.9951]]]},"properties":{"id":"Q187549","names":{"af":"Orde van die Johanniters","an":"Orden d'o Hespital","ar":"فرسان الإسبتارية","az":"Malta ordeni","be":"Гаспітальеры","bg":"Хоспиталиери","bn":"নাইটস হস্পিটালার","br":"Urzh Sant Yann Jeruzalem","ca":"Orde de Sant Joan de Jerusalem","cs":"Maltézský řád","cy":"Marchogion yr Ysbyty","da":"Johanniterordenen","de":"Geschichte des Johanniterordens","el":"Ιωαννίτες Ιππότες","en":"Knights Hospitaller","eo":"Ordeno de Sankta Johano","es":"Orden de San Juan de Jerusalén","eu":"Ospitaleko Zaldunak","fa":"شوالیه‌های مهمان‌نواز","fi":"Johanniittain ritarikunta","fr":"Ordre de Saint-Jean de Jérusalem","he":"הוספיטלרים","hr":"Ivanovci","hy":"Հիվանդախնամների միաբանություն","id":"Kesatria Hospitalaria","is":"Jóhannesarriddarar","it":"Cavalieri ospitalieri","ja":"聖ヨハネ騎士団","ka":"ჰოსპიტალიერები","ko":"구호기사단","la":"Ordo Hospitalis","lv":"Maltas ordeņa vēsture","mk":"Болничари","ms":"Kesateria Hospital","nb":"Johanitterordenen","nl":"Orde van Sint-Jan","oc":"Òrdre de Sant Joan de Jerusalèm","pl":"Szpitalnicy","ro":"Ordinul Ospitalierilor","ru":"Госпитальеры","sl":"Malteški viteški red","sq":"Kalorësit Hospitaler","sr":"Хоспиталци","sv":"Johanniterorden","th":"คณะอัศวินบริบาล","tr":"Hospitalier Şövalyeleri","uk":"Госпітальєри","vi":"Hiệp sĩ Cứu tế","zh":"医院骑士团"},"from":1530,"to":1651,"wikidata":"Q187549","adminLevel":2,"source":"OpenHistoricalMap","sourceUrl":"https://www.openhistoricalmap.org"}},{"type":"Feature","geometry":{"type":"Polygon","coordinates":[[[-7.6742,53.0345],[-7.7073,53.0092],[-7.7076,52.9801],[-7.732,52.9557],[-7.6623,52.9296],[-7.7251,52.8843],[-7.7344,52.8532],[-7.6983,52.8268],[-7.6472,52.7346],[-7.548,52.7009],[-7.4553,52.5832],[-7.4618,52.5204],[-7.4515,52.5068],[-7.4213,52.5104],[-7.4618,52.4771],[-7.3838,52.419],[-7.3965,52.3666],[-7.3066,52.3213],[-7.2767,52.2755],[-7.2194,52.2446],[-7.1686,52.2803],[-7.0852,52.2528],[-6.9849,52.2751],[-6.9794,52.2463],[-6.9241,52.184],[-6.9779,52.113],[-6.9648,52.1006],[-6.9002,52.0969],[-6.7749,52.1724],[-6.6773,52.1782],[-6.6344,52.1517],[-6.6686,52.1309],[-6.6681,52.0949],[-6.618,52.0787],[-6.546,52.1134],[-6.5244,52.156],[-6.3629,52.1424],[-6.1618,52.1886],[-6.16,52.2149],[-6.1767,52.2278],[-6.2502,52.2398],[-6.3397,52.2977],[-6.3087,52.3381],[-6.3074,52.396],[-6.1553,52.5379],[-6.1452,52.5715],[-6.1711,52.6465],[-6.0937,52.7241],[-6.0871,52.7902],[-6.0627,52.8204],[-6.0156,52.8417],[-5.9502,52.9576],[-5.9591,52.9848],[-6,53.009],[-5.9847,53.0723],[-5.9917,53.1193],[-6.0562,53.2248],[-6.0327,53.2663],[-6.0721,53.3303],[-6.3334,53.3449],[-6.4157,53.368],[-6.4582,53.3566],[-6.7425,53.4274],[-6.8742,53.4129],[-6.9621,53.4527],[-7.0785,53.3839],[-7.2091,53.4222],[-7.213,53.409],[-7.2748,53.3988],[-7.3921,53.3331],[-7.5057,53.2999],[-7.5416,53.181],[-7.6235,53.1711],[-7.6434,53.1492],[-7.5888,53.1035],[-7.6742,53.0345]]]},"properties":{"id":"Q4671762","names":{"ca":"Regne de Leinster","de":"Königreich Leinster","en":"Kingdom of Leinster","es":"Reino de Leinster","eu":"Leinsterko erresuma","fr":"royaume de Leinster","ga":"Ríocht Laighean","ja":"レンスター王国","ko":"렌스터 왕국","pt":"Reino de Leinster","ru":"Лейнстерское королевство","zh":"倫斯特王國"},"from":800,"to":1603,"wikidata":"Q4671762","adminLevel":2,"source":"OpenHistoricalMap","sourceUrl":"https://www.openhistoricalmap.org"}},{"type":"Feature","geometry":{"type":"MultiPolygon","coordinates":[[[[-9.581,39.4174],[-9.5681,39.3928],[-9.5152,39.3702],[-9.4581,39.3871],[-9.4437,39.4109],[-9.4523,39.4371],[-9.4914,39.4583],[-9.4914,39.4962],[-9.5306,39.5172],[-9.564,39.5129],[-9.6037,39.4804],[-9.581,39.4174]]],[[[-6.8071,40.8766],[-6.8425,40.8971],[-6.8622,40.9525],[-6.9303,41.0146],[-6.9233,41.034],[-6.8076,41.0386],[-6.7545,41.1032],[-6.7709,41.1301],[-6.7004,41.181],[-6.6441,41.2482],[-6.5692,41.2404],[-6.5219,41.2758],[-6.4837,41.272],[-6.4849,41.2925],[-6.4421,41.3031],[-6.4201,41.3432],[-6.3797,41.3563],[-6.3913,41.3827],[-6.3197,41.3859],[-6.3337,41.4093],[-6.2984,41.4309],[-6.3043,41.4509],[-6.1934,41.5728],[-6.2015,41.5946],[-6.2987,41.6604],[-6.445,41.6848],[-6.4574,41.6666],[-6.4996,41.6571],[-6.546,41.6838],[-6.5645,41.7517],[-6.5184,41.8672],[-6.5671,41.8825],[-6.5472,41.9407],[-6.5837,41.9656],[-6.6214,41.9397],[-6.7,41.9333],[-6.7436,41.9411],[-6.7718,41.9851],[-6.8052,41.9909],[-6.8203,41.9489],[-6.892,41.9398],[-6.946,41.9475],[-6.9794,41.9738],[-7.0146,41.9501],[-7.0654,41.9489],[-7.0955,41.9769],[-7.1468,41.9886],[-7.1832,41.9742],[-7.1762,41.9168],[-7.1967,41.88],[-7.3094,41.8456],[-7.3727,41.849],[-7.4197,41.8115],[-7.4466,41.8589],[-7.4958,41.8706],[-7.5213,41.8418],[-7.6096,41.8296],[-7.6019,41.8665],[-7.5841,41.8757],[-7.6516,41.881],[-7.6973,41.9072],[-7.8397,41.881],[-7.8729,41.8466],[-7.8918,41.8588],[-7.8847,41.9243],[-7.8991,41.9266],[-7.9285,41.8779],[-7.9887,41.8675],[-8.0129,41.8318],[-8.1268,41.8087],[-8.158,41.8183],[-8.1705,41.8778],[-8.1997,41.8821],[-8.2166,41.9071],[-8.1632,41.9804],[-8.086,42.0165],[-8.0839,42.0386],[-8.0961,42.0711],[-8.1181,42.082],[-8.183,42.0666],[-8.1975,42.1538],[-8.3385,42.0841],[-8.4253,42.0725],[-8.4855,42.0819],[-8.5273,42.0761],[-8.5444,42.0547],[-8.6328,42.0489],[-8.6663,42.0005],[-8.7398,41.9681],[-8.7586,41.9321],[-8.8732,41.8634],[-8.9313,41.8645],[-8.9289,41.7441],[-8.8427,41.5465],[-8.8285,41.4718],[-8.8354,41.3888],[-8.7924,41.3181],[-8.765,41.1977],[-8.7193,41.1303],[-8.6987,40.9862],[-8.879,40.3807],[-8.9565,40.1989],[-8.9548,40.1702],[-8.915,40.127],[-9.0964,39.7337],[-9.1338,39.5929],[-9.3008,39.435],[-9.4224,39.4033],[-9.4549,39.3735],[-9.4533,39.342],[-9.3922,39.2862],[-9.3919,39.2328],[-9.4703,39.0825],[-9.4668,38.9495],[-9.5494,38.7809],[-9.5305,38.6912],[-9.5133,38.6755],[-9.4307,38.6512],[-9.3884,38.6563],[-9.2714,38.6102],[-9.2326,38.5257],[-9.2714,38.4118],[-9.2489,38.3809],[-9.1938,38.3708],[-9.1487,38.3914],[-9.0566,38.3971],[-8.9301,38.4467],[-8.8688,38.4],[-8.8403,38.3425],[-8.8254,38.258],[-8.8376,38.1552],[-8.8835,38.0392],[-8.9398,37.9501],[-8.9289,37.9179],[-8.8538,37.8867],[-8.8433,37.8661],[-8.861,37.7506],[-8.8461,37.6812],[-8.8684,37.5962],[-8.84,37.5262],[-8.8568,37.425],[-8.9267,37.3251],[-8.9153,37.2621],[-8.9594,37.2181],[-8.9584,37.1674],[-9.0467,37.0279],[-9.0312,36.9938],[-8.9803,36.9626],[-8.919,36.9613],[-8.8128,37.0258],[-8.6526,37.0421],[-8.6062,37.082],[-8.449,37.047],[-8.3721,37.0561],[-8.2965,37.0327],[-8.1877,37.0494],[-8.1114,37.0257],[-7.9617,36.9377],[-7.8776,36.9211],[-7.5524,37.1051],[-7.4647,37.1357],[-7.3977,37.129],[-7.4126,37.2215],[-7.4332,37.2563],[-7.4217,37.2738],[-7.442,37.316],[-7.4405,37.391],[-7.4599,37.4061],[-7.4457,37.4199],[-7.4639,37.4872],[-7.5227,37.5531],[-7.5026,37.6024],[-7.4548,37.6463],[-7.4219,37.7534],[-7.3013,37.8419],[-7.2558,37.9265],[-7.2543,37.9832],[-7.1959,38.0014],[-7.136,37.9995],[-7.1033,38.0411],[-7.0615,38.0183],[-7.0106,38.0211],[-6.9522,38.1528],[-6.9687,38.1628],[-6.9338,38.2019],[-6.9587,38.2143],[-7.0055,38.2046],[-7.0272,38.1834],[-7.0987,38.18],[-7.1521,38.2761],[-7.2843,38.4224],[-7.3309,38.4377],[-7.2964,38.4752],[-7.3213,38.4798],[-7.314,38.5128],[-7.2593,38.6064],[-7.2116,38.6078],[-7.0722,38.5726],[-6.9938,38.4596],[-6.9696,38.462],[-6.9582,38.5835],[-7.0188,38.6188],[-7.0223,38.6873],[-7.0507,38.7282],[-7.1368,38.7694],[-7.1523,38.7959],[-7.0926,38.8183],[-7.0694,38.8526],[-7.0415,38.8633],[-7.0445,38.9116],[-6.952,39.0229],[-6.996,39.0993],[-7.0442,39.1182],[-7.1044,39.1002],[-7.1371,39.1068],[-7.1492,39.122],[-7.134,39.1698],[-7.2372,39.2061],[-7.2395,39.2829],[-7.3071,39.3357],[-7.3221,39.3856],[-7.2945,39.4563],[-7.3775,39.4894],[-7.3976,39.5328],[-7.4289,39.5341],[-7.4613,39.5729],[-7.4982,39.5894],[-7.5319,39.6619],[-7.3349,39.6409],[-7.2499,39.667],[-7.0588,39.6593],[-7.018,39.6701],[-7.0076,39.6873],[-6.9773,39.7716],[-6.9864,39.8105],[-6.9082,39.8665],[-6.9041,39.9264],[-6.8868,39.9396],[-6.8865,39.9781],[-6.8649,40.0102],[-6.9327,40.1012],[-7.0146,40.1318],[-7.0285,40.1888],[-7.0025,40.2319],[-6.9507,40.2575],[-6.8763,40.26],[-6.8631,40.2974],[-6.7907,40.3338],[-6.79,40.3715],[-6.8363,40.411],[-6.8494,40.4505],[-6.7958,40.5112],[-6.8012,40.5499],[-6.8413,40.5766],[-6.7967,40.6576],[-6.8294,40.74],[-6.8071,40.8766]]]]},"properties":{"id":"Q45670","names":{"an":"Reino de Portugal","ast":"Reinu de Portugal","az":"Portuqaliya krallığı","be":"Каралеўства Партугалія","bg":"Кралство Португалия","ca":"Regne de Portugal","cs":"Portugalské království","da":"Kongeriget Portugal","de":"Königreich Portugal","en":"Kingdom of Portugal","eo":"Reĝlando Portugalio","es":"Reino de Portugal","et":"Portugali kuningriik","eu":"Portugalgo Erresuma","fi":"Portugalin kuningaskunta","fr":"Royaume de Portugal","ga":"Ríocht na Portaingéile","gl":"Reino de Portugal","hr":"Kraljevina Portugal","hu":"Portugál Királyság","id":"Kerajaan Portugal","it":"Regno del Portogallo","ko":"포르투갈 왕국","la":"Regnum Portugalliae","lv":"Portugāles Karaliste","ms":"Kerajaan Beraja Portugal","mwl":"Reino de Pertual","nl":"Koninkrijk Portugal","nn":"Kongedømet Portugal","oc":"Reialme de Portugal","pl":"Królestwo Portugalii","pt":"Reino de Portugal","ro":"Regatul Portugaliei","ru":"Королевство Португалия","sco":"Kinrick o Portugal","sk":"Portugalské kráľovstvo","sr":"Краљевина Португалија","sv":"Kungariket Portugal","tk":"Portugaliýa korollygy","tr":"Portekiz Krallığı","uk":"Португальське королівство","vec":"Regno del Portogało"},"from":1415,"to":1801.4301075268818,"wikidata":"Q45670","adminLevel":2,"source":"OpenHistoricalMap","sourceUrl":"https://www.openhistoricalmap.org"}},{"type":"Feature","geometry":{"type":"MultiPolygon","coordinates":[[[[21.0312,37.2975],[20.9829,37.3024],[20.9541,37.286],[20.9507,37.2326],[20.9746,37.2078],[21.0249,37.1996],[21.0702,37.2262],[21.0711,37.2622],[21.0312,37.2975]]],[[[9.7693,45.4302],[9.7651,45.4513],[9.7312,45.4771],[9.7684,45.515],[9.8459,45.5268],[9.8875,45.4732],[9.8855,45.3705],[9.9114,45.3376],[10.0775,45.2783],[10.1259,45.2468],[10.2198,45.2247],[10.2665,45.2512],[10.3177,45.2047],[10.361,45.2153],[10.3965,45.1724],[10.3934,45.1938],[10.4856,45.1795],[10.5046,45.216],[10.4923,45.2238],[10.5127,45.2406],[10.5095,45.2672],[10.435,45.2739],[10.4244,45.2969],[10.4305,45.3133],[10.4661,45.3254],[10.4688,45.3596],[10.4504,45.3835],[10.4673,45.4064],[10.4498,45.4169],[10.5122,45.4122],[10.5481,45.3858],[10.6249,45.3822],[10.6618,45.419],[10.7024,45.4228],[10.6959,45.3826],[10.7224,45.3659],[10.7104,45.3412],[10.7278,45.2936],[10.7834,45.3157],[10.8461,45.2569],[10.9356,45.2326],[10.9295,45.2194],[10.9984,45.1845],[10.9972,45.1562],[11.0472,45.1533],[11.0286,45.1272],[11.0697,45.1011],[11.0974,45.0961],[11.1019,45.1134],[11.1273,45.1029],[11.1467,45.126],[11.2041,45.1124],[11.2263,45.0829],[11.3181,45.0886],[11.36,45.0575],[11.4033,45.0533],[11.446,45.0689],[11.5453,44.9835],[11.7245,44.9443],[11.8109,44.9783],[11.8344,44.973],[11.8494,44.9973],[11.8347,45.0134],[11.8903,45.0303],[11.9274,44.9961],[12.0032,45.0124],[11.9991,44.9976],[12.0232,45.007],[12.0596,44.9769],[12.0908,44.9891],[12.0678,45.0068],[12.0747,45.0189],[12.2374,44.9743],[12.2925,44.9306],[12.2828,44.9127],[12.294,44.8607],[12.3342,44.8524],[12.354,44.8162],[12.4449,44.7731],[12.5111,44.8202],[12.5506,44.9548],[12.5374,44.9932],[12.3841,45.1142],[12.3851,45.1661],[12.3529,45.2154],[12.3535,45.2524],[12.4102,45.3813],[12.747,45.4927],[12.9343,45.5775],[13.1222,45.6028],[13.2058,45.6748],[13.426,45.6389],[13.5807,45.6926],[13.6064,45.7213],[13.5812,45.7551],[13.5851,45.8],[13.5022,45.8691],[13.474,45.8741],[13.4281,45.8337],[13.4428,45.7889],[13.4196,45.7575],[13.4603,45.7519],[13.4513,45.7468],[13.2531,45.7486],[13.2511,45.7613],[13.3022,45.7787],[13.3051,45.8069],[13.3488,45.8398],[13.3457,45.8108],[13.3583,45.8095],[13.4169,45.8496],[13.3902,45.8721],[13.3604,45.8541],[13.3304,45.8586],[13.3333,45.9159],[13.3644,45.9249],[13.3857,45.9136],[13.4785,45.976],[13.5189,46.0125],[13.5017,46.0246],[13.5427,46.0641],[13.5335,46.0704],[13.6448,46.1384],[13.6655,46.1718],[13.5846,46.2156],[13.4393,46.2269],[13.4524,46.2787],[13.4002,46.296],[13.4433,46.3284],[13.4374,46.3558],[13.5145,46.3764],[13.4921,46.4124],[13.4418,46.432],[13.4558,46.4747],[13.352,46.4766],[13.2821,46.5188],[13.2105,46.5281],[13.1592,46.5739],[13.0726,46.596],[12.8477,46.6054],[12.8288,46.6312],[12.7843,46.645],[12.7301,46.6347],[12.6906,46.657],[12.6191,46.6618],[12.569,46.6514],[12.5178,46.6775],[12.4725,46.6783],[12.3817,46.6436],[12.3899,46.6274],[12.371,46.6198],[12.3388,46.6327],[12.2844,46.6173],[12.2607,46.6297],[12.2112,46.61],[12.1915,46.5902],[12.241,46.5661],[12.2485,46.5281],[12.151,46.4699],[12.125,46.4618],[12.0591,46.4982],[12.0281,46.4454],[12.0066,46.4385],[11.9505,46.4775],[11.8867,46.4649],[11.892,46.4436],[11.8513,46.4345],[11.8343,46.3718],[11.774,46.3577],[11.8279,46.3269],[11.8409,46.2701],[11.8836,46.2789],[11.8948,46.2509],[11.9216,46.2478],[11.9137,46.2272],[11.955,46.1991],[11.9623,46.1773],[11.9286,46.1758],[11.8869,46.1179],[11.689,46.0948],[11.6823,46.0786],[11.7044,46.0537],[11.666,46.0362],[11.6851,45.971],[11.5877,45.9694],[11.5773,46.0069],[11.5431,46.0144],[11.4966,46.0088],[11.4471,45.981],[11.3771,45.9843],[11.3818,45.9426],[11.3636,45.9425],[11.3661,45.9044],[11.3507,45.8919],[11.2361,45.9323],[11.217,45.9168],[11.2321,45.854],[11.1978,45.8179],[11.2043,45.7838],[11.1734,45.7865],[11.1783,45.7364],[11.123,45.6892],[11.0561,45.7185],[11.0263,45.7046],[11.0176,45.7193],[10.9427,45.6728],[10.92,45.6802],[10.9067,45.7071],[10.8433,45.7184],[10.8854,45.776],[10.8843,45.808],[10.8253,45.8379],[10.6607,45.8314],[10.6484,45.8078],[10.6668,45.7817],[10.6503,45.7588],[10.6033,45.7333],[10.5633,45.7312],[10.567,45.7565],[10.526,45.8054],[10.5443,45.8168],[10.5025,45.8304],[10.5045,45.8741],[10.4915,45.8824],[10.5109,45.9155],[10.4861,45.9429],[10.4884,45.9721],[10.4535,45.9765],[10.4533,45.9909],[10.4663,46.018],[10.5012,46.0392],[10.5353,46.0317],[10.5923,46.0814],[10.5915,46.1612],[10.515,46.161],[10.5142,46.172],[10.582,46.2437],[10.5597,46.2831],[10.5797,46.2988],[10.5658,46.3263],[10.5184,46.3428],[10.4977,46.3351],[10.4712,46.3546],[10.367,46.2931],[10.3307,46.2875],[10.291,46.2213],[10.161,46.1584],[10.1538,46.1348],[10.1805,46.0841],[10.173,46.0647],[10.1098,46.0536],[10.0972,46.0571],[10.0988,46.0824],[9.8718,46.044],[9.7496,46.0625],[9.6259,46.0515],[9.5769,46.0217],[9.4915,46.0116],[9.5027,45.9701],[9.5377,45.954],[9.5383,45.9365],[9.5134,45.8826],[9.4666,45.8494],[9.4968,45.796],[9.4568,45.7888],[9.4511,45.684],[9.4824,45.6677],[9.5334,45.5882],[9.5552,45.5974],[9.6321,45.5578],[9.6732,45.5635],[9.6876,45.5549],[9.6951,45.5052],[9.7248,45.4994],[9.684,45.4409],[9.6266,45.4561],[9.5788,45.4386],[9.5607,45.3697],[9.5942,45.3467],[9.606,45.2865],[9.6231,45.2981],[9.633,45.2714],[9.6551,45.2924],[9.6513,45.2751],[9.6807,45.2692],[9.6621,45.2599],[9.6717,45.2566],[9.7346,45.2719],[9.7354,45.3264],[9.7907,45.3548],[9.7498,45.3789],[9.7693,45.4302]],[[11.0076,45.1764],[11.0189,45.1656],[11.0098,45.1581],[11.0076,45.1764]],[[13.0239,45.7929],[13.0864,45.7943],[13.059,45.7584],[13.0806,45.7584],[13.0892,45.7218],[13.0521,45.7127],[13.0583,45.7311],[13.0239,45.7929]],[[12.9573,45.9626],[12.9405,45.9674],[12.9975,45.9843],[12.9573,45.9626]],[[12.9654,45.8883],[12.9469,45.9095],[12.9752,45.9045],[12.9654,45.8883]],[[13.0593,45.9075],[13.0741,45.9461],[13.0844,45.9371],[13.0593,45.9075]],[[13.0377,45.8331],[13.0301,45.8506],[13.0476,45.846],[13.0377,45.8331]],[[13.0827,45.8097],[13.0542,45.8302],[13.0373,45.8238],[13.0655,45.8508],[13.0816,45.8482],[13.0641,45.831],[13.0864,45.8259],[13.0827,45.8097]],[[13.0545,45.8769],[13.0452,45.8967],[13.0854,45.9041],[13.0792,45.8718],[13.0545,45.8769]],[[13.1331,45.7724],[13.1316,45.7937],[13.1607,45.804],[13.1572,45.8188],[13.2129,45.8692],[13.2057,45.8842],[13.2381,45.9189],[13.2482,45.9062],[13.279,45.9109],[13.2983,45.8902],[13.2766,45.8891],[13.2737,45.8748],[13.2907,45.808],[13.2504,45.8316],[13.245,45.7534],[13.2191,45.7727],[13.1331,45.7724]],[[13.4914,46.0624],[13.4969,46.0567],[13.4888,46.0549],[13.4914,46.0624]],[[13.4717,46.0196],[13.4918,46.0392],[13.4944,46.0297],[13.4717,46.0196]],[[13.4963,46.0093],[13.5016,46.0084],[13.4972,46.0046],[13.4963,46.0093]]],[[[15.9705,42.9191],[16.0409,42.924],[16.0753,42.9644],[16.2423,42.9769],[16.2808,42.9943],[16.3091,43.0246],[16.3028,43.0913],[16.2662,43.1113],[16.1724,43.1196],[16.0287,43.0918],[15.9968,43.0621],[15.9999,43.0382],[15.9511,43.006],[15.9423,42.9539],[15.9705,42.9191]]],[[[15.7548,43.0736],[15.6857,43.0492],[15.6722,43.0243],[15.6846,42.9954],[15.7514,42.9777],[15.815,43.0101],[15.8124,43.0535],[15.7548,43.0736]]],[[[22.9305,36.4222],[22.88,36.4037],[22.8435,36.3411],[22.8405,36.3061],[22.8609,36.2835],[22.8476,36.2302],[22.8557,36.193],[22.9043,36.1278],[22.9439,36.109],[22.9579,36.0622],[23.0129,36.0495],[23.0944,36.1102],[23.1106,36.1454],[23.102,36.1704],[23.1593,36.1976],[23.1687,36.2507],[23.1148,36.3081],[23.033,36.3464],[22.9933,36.4118],[22.9305,36.4222]]],[[[23.3084,35.9364],[23.3006,35.9935],[23.2698,36.0176],[23.2213,36.0162],[23.1921,35.9906],[23.195,35.9536],[23.2228,35.9323],[23.2177,35.8896],[23.2452,35.8292],[23.2978,35.7858],[23.3414,35.781],[23.3798,35.816],[23.3772,35.8677],[23.3517,35.9154],[23.3084,35.9364]]],[[[25.6784,34.9232],[25.629,34.8819],[25.6507,34.8342],[25.7248,34.8239],[25.794,34.857],[25.7984,34.8842],[25.7749,34.9138],[25.6784,34.9232]]],[[[25.1873,35.5035],[25.1381,35.4698],[25.1358,35.423],[25.2212,35.383],[25.2788,35.3941],[25.3015,35.4475],[25.291,35.4776],[25.241,35.5061],[25.1873,35.5035]]],[[[25.5791,35.3754],[25.4612,35.3377],[25.3919,35.3812],[25.2411,35.3761],[25.1438,35.3938],[25.1015,35.3824],[25.0746,35.4408],[24.9715,35.4755],[24.9293,35.4573],[24.6875,35.4694],[24.5257,35.4157],[24.3242,35.3964],[24.3053,35.4756],[24.2486,35.5178],[24.2541,35.5456],[24.2094,35.6198],[24.1158,35.6448],[24.0496,35.6281],[24.0004,35.5619],[23.9364,35.5845],[23.8674,35.5681],[23.8306,35.5795],[23.8194,35.6906],[23.7385,35.7378],[23.676,35.6999],[23.6521,35.6378],[23.6139,35.683],[23.5593,35.6895],[23.5256,35.6611],[23.521,35.6151],[23.4546,35.6289],[23.4207,35.5848],[23.4344,35.5545],[23.4612,35.5411],[23.5161,35.5534],[23.5029,35.4439],[23.4609,35.3078],[23.4781,35.2435],[23.5522,35.1993],[23.6789,35.1797],[23.8271,35.2018],[23.9125,35.1788],[23.9578,35.1829],[24.0296,35.1525],[24.1881,35.1543],[24.2749,35.1321],[24.3483,35.1396],[24.4888,35.1047],[24.5266,35.0654],[24.5853,35.0542],[24.5437,35.0432],[24.5183,35.0076],[24.5371,34.9724],[24.5728,34.9599],[24.6277,34.9647],[24.6569,34.9899],[24.6573,35.0289],[24.6267,35.0534],[24.69,35.0511],[24.7033,35.0361],[24.68,34.9111],[24.7005,34.887],[24.7375,34.8784],[24.8418,34.896],[24.9125,34.8825],[25.1081,34.8908],[25.1503,34.9093],[25.2645,34.9155],[25.3811,34.9521],[25.5125,34.9388],[25.7013,34.9681],[25.7964,34.9545],[25.9341,34.9902],[26.0502,34.9746],[26.0705,34.9579],[26.0882,34.8896],[26.1432,34.8748],[26.2002,34.914],[26.2103,34.9468],[26.1987,34.9687],[26.2656,34.9999],[26.3229,35.075],[26.3388,35.1379],[26.3711,35.1764],[26.3568,35.226],[26.3897,35.2387],[26.4052,35.2635],[26.4015,35.2888],[26.3496,35.3481],[26.2969,35.3594],[26.2424,35.3358],[26.2196,35.4065],[26.1693,35.4273],[26.1295,35.4088],[26.1016,35.332],[26.117,35.2941],[26.1678,35.2802],[26.1594,35.2656],[26.0511,35.279],[25.9202,35.2266],[25.8452,35.2375],[25.8152,35.2185],[25.7935,35.164],[25.7776,35.1712],[25.816,35.266],[25.817,35.3647],[25.7885,35.383],[25.6631,35.3915],[25.5791,35.3754]]],[[[20.8105,37.6075],[20.8742,37.6118],[20.9219,37.6656],[20.9868,37.6552],[21.0245,37.6669],[21.0434,37.6889],[21.0452,37.7358],[20.9562,37.8006],[20.9305,37.8411],[20.7871,37.8882],[20.7386,37.9634],[20.6754,37.9709],[20.589,37.9085],[20.5664,37.871],[20.5644,37.8152],[20.6779,37.693],[20.8105,37.6075]]],[[[20.147,39.1447],[20.1904,39.1111],[20.2479,39.0962],[20.2877,39.1097],[20.305,39.1368],[20.2299,39.2368],[20.171,39.273],[20.1172,39.2812],[20.0745,39.2481],[20.0749,39.2132],[20.0962,39.1779],[20.147,39.1447]]],[[[18.5474,42.3972],[18.5455,42.3544],[18.5961,42.3278],[18.653,42.3238],[18.7466,42.2354],[18.8499,42.2203],[18.9762,42.1041],[19.0173,42.0949],[19.1074,42.1149],[19.0856,42.1534],[19.006,42.1909],[18.9704,42.23],[18.935,42.3062],[18.834,42.3413],[18.7679,42.3931],[18.7874,42.4105],[18.7801,42.5151],[18.6948,42.6342],[18.6036,42.6215],[18.5969,42.5949],[18.5433,42.5737],[18.562,42.5508],[18.5465,42.5311],[18.4753,42.5027],[18.5474,42.3972]]],[[[15.4658,43.6456],[15.5124,43.6368],[15.5508,43.59],[15.7417,43.5861],[15.7916,43.6066],[15.8584,43.6029],[15.8219,43.5666],[15.838,43.5231],[15.863,43.5035],[16.1624,43.3548],[16.4597,43.2536],[16.2839,43.2073],[16.2585,43.1805],[16.2587,43.158],[16.3431,43.113],[16.4784,43.1196],[16.5994,43.0928],[16.6246,43.0585],[16.705,43.0364],[16.5882,43.0214],[16.5536,42.9836],[16.6033,42.8966],[16.6743,42.8659],[16.8742,42.855],[16.9928,42.8847],[17.1235,42.8682],[17.2082,42.875],[17.248,42.8992],[17.2267,42.9476],[17.1887,42.9665],[17.0782,42.9773],[16.9554,43.0113],[16.948,43.0524],[16.976,43.0777],[17.1675,43.0794],[17.2423,43.1045],[17.2975,43.0832],[17.3544,43.0273],[17.5063,42.9405],[17.614,42.9418],[17.7121,42.973],[17.6412,43.0892],[17.4352,43.179],[17.4219,43.2296],[17.3321,43.2699],[17.2511,43.4037],[17.2823,43.4313],[17.2759,43.473],[17.2295,43.4964],[17.1594,43.4938],[17.0094,43.5752],[16.8116,43.7555],[16.7528,43.7696],[16.7272,43.7938],[16.7063,43.8576],[16.6261,43.902],[16.5875,43.9432],[16.5502,43.9536],[16.5022,44.0244],[16.4366,44.0307],[16.4277,44.0832],[16.3774,44.0801],[16.3185,44.1145],[16.3062,44.1478],[16.2211,44.2105],[16.1395,44.214],[16.1326,44.139],[16.0756,44.118],[15.9913,44.1523],[15.9196,44.2257],[15.8496,44.2245],[15.6483,44.2908],[15.5707,44.2934],[15.5417,44.3392],[15.3385,44.4143],[15.3192,44.42],[15.2777,44.3464],[15.2305,44.3803],[14.9273,44.6208],[14.8693,44.6503],[14.883,44.7039],[14.8487,44.8264],[14.8663,44.9288],[14.8593,44.9881],[14.7892,45.0811],[14.5607,45.2613],[14.4833,45.2471],[14.4824,45.1759],[14.4281,45.1456],[14.3958,45.1915],[14.3171,45.2127],[14.2784,45.1866],[14.2586,45.1479],[14.1726,45.171],[14.0888,45.1475],[14.0358,45.1528],[14.02,45.1068],[13.9345,45.0896],[13.8535,45.1145],[13.8442,45.1604],[13.7972,45.1627],[13.779,45.1992],[13.7937,45.2279],[13.8157,45.2304],[13.8814,45.2888],[13.8833,45.3299],[13.909,45.3356],[13.9875,45.2957],[14.0188,45.3136],[14.0238,45.3343],[14.0718,45.3274],[14.0851,45.3792],[14.1101,45.3862],[14.1519,45.3541],[14.1813,45.364],[14.181,45.3849],[14.2064,45.4008],[14.1072,45.4598],[14.0048,45.4705],[13.9262,45.5462],[13.8594,45.5456],[13.8833,45.5601],[13.8591,45.587],[13.6948,45.6358],[13.6606,45.6122],[13.6511,45.5825],[13.5394,45.5638],[13.4496,45.5136],[13.4369,45.4826],[13.4592,45.4547],[13.4883,45.3181],[13.5238,45.2782],[13.5317,45.1666],[13.5727,45.0825],[13.5668,45.0385],[13.6922,44.9639],[13.6723,44.9097],[13.7077,44.8651],[13.7476,44.8505],[13.8744,44.7386],[13.9691,44.7352],[14.0506,44.7876],[14.0416,44.8349],[14.0879,44.9036],[14.1144,44.9209],[14.1698,44.923],[14.2119,44.9566],[14.2245,44.9811],[14.2161,45.048],[14.2429,45.0749],[14.2997,45.0282],[14.301,44.9926],[14.2596,44.96],[14.2439,44.9128],[14.2749,44.8524],[14.2794,44.8184],[14.2493,44.7591],[14.2736,44.7277],[14.1981,44.6846],[14.1787,44.6345],[14.1943,44.595],[14.2656,44.5557],[14.2314,44.5202],[14.247,44.4864],[14.28,44.4637],[14.3258,44.4622],[14.3924,44.5163],[14.5146,44.4104],[14.5194,44.3554],[14.55,44.3157],[14.7135,44.2253],[14.7347,44.1929],[14.7781,44.1801],[14.7673,44.1454],[14.7849,44.12],[14.9441,44.0317],[15.0606,43.9044],[15.2249,43.7728],[15.4658,43.6456]]],[[[19.9892,39.6404],[19.9335,39.6832],[19.9776,39.7909],[19.9584,39.825],[19.893,39.8541],[19.8424,39.8632],[19.7874,39.839],[19.6665,39.839],[19.6199,39.8101],[19.565,39.8069],[19.509,39.8266],[19.4571,39.7976],[19.4556,39.7696],[19.4826,39.7316],[19.5126,39.7172],[19.58,39.7236],[19.6353,39.6518],[19.7833,39.5519],[19.8297,39.4285],[20.0613,39.3292],[20.1379,39.3249],[20.1816,39.389],[20.1493,39.4636],[20.0463,39.5925],[19.9892,39.6404]]],[[[33.9408,34.9349],[33.9949,34.9385],[34.0914,34.9127],[34.1178,34.9215],[34.1407,34.958],[34.1083,35.037],[33.9616,35.1856],[33.9563,35.236],[33.983,35.2755],[34.0927,35.2911],[34.173,35.3857],[34.3136,35.4435],[34.4505,35.5296],[34.4751,35.5689],[34.5996,35.6099],[34.6581,35.6987],[34.6431,35.7398],[34.6029,35.7518],[34.424,35.697],[34.3121,35.655],[34.2786,35.6244],[34.1576,35.6025],[34.092,35.5429],[33.9585,35.4902],[33.842,35.4561],[33.7577,35.4552],[33.62,35.4002],[33.3569,35.3791],[33.1221,35.4113],[33.0747,35.3983],[32.9079,35.4452],[32.87,35.4172],[32.884,35.2822],[32.8579,35.2062],[32.8333,35.1926],[32.6842,35.2358],[32.6069,35.2341],[32.5156,35.2075],[32.4439,35.1085],[32.4128,35.088],[32.3895,35.0858],[32.2918,35.1485],[32.2442,35.1348],[32.2167,35.0759],[32.2244,35.0255],[32.2559,34.9869],[32.2486,34.9519],[32.2641,34.8916],[32.3002,34.837],[32.3337,34.8152],[32.3483,34.7437],[32.3673,34.7203],[32.4721,34.6631],[32.6866,34.5994],[32.8519,34.6136],[32.8749,34.5856],[32.8851,34.5358],[32.9362,34.5162],[33.0393,34.5136],[33.0843,34.5368],[33.0969,34.5723],[33.0727,34.6212],[33.0923,34.6483],[33.1519,34.6667],[33.3406,34.675],[33.5219,34.7391],[33.5715,34.7736],[33.6317,34.779],[33.6893,34.8523],[33.692,34.9016],[33.7118,34.9356],[33.7744,34.9339],[33.8651,34.8997],[33.9408,34.9349]]],[[[20.7033,38.893],[20.6161,38.8664],[20.5552,38.8024],[20.5032,38.6826],[20.491,38.5494],[20.5278,38.5212],[20.4856,38.4808],[20.4855,38.4179],[20.4737,38.3952],[20.3919,38.399],[20.3533,38.3763],[20.2845,38.1858],[20.2936,38.1578],[20.3515,38.1148],[20.4018,38.0939],[20.4463,38.0951],[20.4929,38.0622],[20.5746,38.0481],[20.6121,38.0675],[20.685,38.0295],[20.7928,38.0156],[20.8434,38.0473],[20.8684,38.1096],[20.7526,38.2662],[20.8077,38.2911],[20.8212,38.3148],[20.804,38.3842],[20.7606,38.4429],[20.8443,38.4408],[20.8715,38.4641],[20.8761,38.504],[20.8356,38.6276],[20.7281,38.7851],[20.7033,38.893]]]]},"properties":{"id":"Q4948","names":{"af":"Republiek Venesië","an":"Republica de Venecia","ar":"جمهورية البندقية","az":"Venesiya Respublikası","be":"Венецыянская рэспубліка","bg":"Венецианска република","br":"Republik Venezia","bs":"Mletačka Republika","ca":"República de Venècia","cs":"Benátská republika","cy":"Gweriniaeth Fenis","da":"Republikken Venedig","de":"Republik Venedig","el":"Βενετική Δημοκρατία","en":"Republic of Venice","eo":"Venecia respubliko","es":"República de Venecia","et":"Veneetsia vabariik","eu":"Veneziako Errepublika","fa":"جمهوری ونیز","fi":"Venetsian tasavalta","fo":"Lýðveldið Venesia","fr":"République de Venise","fy":"Republyk Feneesje","ga":"Poblacht na Veinéise","gl":"República de Venecia","he":"הרפובליקה של ונציה","hi":"वेनिस गणराज्य","hr":"Mletačka Republika","hu":"Velencei Köztársaság","hy":"Վենետիկի հանրապետություն","id":"Republik Venesia","io":"Republiko Venezia","is":"Lýðveldið Feneyjar","it":"Repubblica di Venezia","ja":"ヴェネツィア共和国","ka":"ვენეციის რესპუბლიკა","ko":"베네치아 공화국","la":"Res publica Veneta","lmo":"Republica de Venezia","lt":"Venecijos respublika","lv":"Venēcijas Republika","mk":"Венецијанска Република","ml":"റിപ്പബ്ലിക്ക് ഓഫ് വെനീസ്","mr":"व्हेनिसचे प्रजासत्ताक","ms":"Republik Venezia","nb":"Republikken Venezia","nl":"Republiek Venetië","nn":"Republikken Venezia","oc":"Republica de Venècia","pl":"Republika Wenecka","pt":"República de Veneza","ro":"Republica Venețiană","ru":"Венецианская республика","sc":"Repùblica de Venètzia","sk":"Benátska republika","sl":"Beneška republika","sq":"Republika e Venedikut","sr":"Млетачка република","su":"Républik Vénésia","sv":"Republiken Venedig","sw":"Jamhuri ya Venice","th":"สาธารณรัฐเวนิส","tl":"Republika ng Venecia","tr":"Venedik Cumhuriyeti","uk":"Венеційська республіка","ur":"جمہوریہ وینس","vi":"Cộng hòa Venezia","zh":"威尼斯共和国"},"from":1538,"to":1572,"wikidata":"Q4948","adminLevel":2,"source":"OpenHistoricalMap","sourceUrl":"https://www.openhistoricalmap.org"}}]}
