{"type":"FeatureCollection","features":[{"type":"Feature","geometry":{"type":"Polygon","coordinates":[[[-5.3394,36.1482],[-5.3511,36.1549],[-5.3546,36.1288],[-5.3639,36.1339],[-5.346,36.1089],[-5.3394,36.1482]]]},"properties":{"id":"Q1410","names":{"am":"ጅብራልታር","an":"Chibraltar","ar":"جبل طارق","az":"Cəbəllüttariq","ba":"Гибралтар","be":"Гібралтар","bg":"Гибралтар","bn":"জিব্রাল্টার","br":"Jibraltar","cv":"Гибралтар","de":"Gibraltar","dv":"ޖަބަލްޠާރިޤު","el":"Γιβραλτάρ","en":"Gibraltar","eo":"Ĝibraltaro","es":"Gibraltar","fa":"جبل‌الطارق","fr":"Gibraltar","ga":"Giobráltar","gd":"Giobraltair","gl":"Xibraltar","gu":"જિબ્રાલ્ટર","gv":"Gibraaltar","he":"גיברלטר","hi":"जिब्राल्टर","hu":"Gibraltár (brit tengerentúli terület)","hy":"Ջիբրալթար","is":"Gíbraltar","it":"Gibilterra","ja":"ジブラルタル","ka":"გიბრალტარი","kk":"Гибралтар","ko":"지브롤터","ku":"Cîbraltar","kw":"Jibraltar","ky":"Гибралтар","la":"Gibraltaria","lo":"ກິບຣາທາ","lt":"Gibraltaras","lv":"Gibraltārs","mg":"Gibraltara","mi":"Kāmaka","mk":"Гибралтар","ml":"ജിബ്രാൾട്ടർ","mn":"Гибралтар","mr":"जिब्राल्टर","mt":"Ġibiltà","my":"ဂျီဘရော်လ်တာ","ne":"जिब्राल्टार","oc":"Gibartar","or":"ଜିବ୍ରାଲ୍ଟର","os":"Гибралтар","pa":"ਜਿਬਰਾਲਟਰ","ps":"جبل الطارق","ru":"Гибралтар","rw":"Giburalitari","sd":"جبل الطارق","si":"ජිබ්‍රෝල්ටාව","sk":"Gibraltár","so":"Jibraltaar","sq":"Gjibraltari","sr":"Гибралтар","ta":"ஜிப்ரால்ட்டர்","te":"జిబ్రాల్టర్","tg":"Ҷабалутториқ","th":"ยิบรอลตาร์","tr":"Cebelitarık","tt":"Гибралтар","uk":"Гібралтар","ur":"جبل‌الطارق","wa":"Djibraltar","wo":"Jibraltaar","xh":"Gilbhraltha","yi":"גיבראלטאר","zh":"直布罗陀"},"from":1713,"to":null,"wikidata":"Q1410","adminLevel":2,"source":"OpenHistoricalMap","sourceUrl":"https://www.openhistoricalmap.org"}},{"type":"Feature","geometry":{"type":"Polygon","coordinates":[[[-4.2432,54.2627],[-4.2264,54.3116],[-4.2918,54.3523],[-4.2785,54.4216],[-4.3024,54.4516],[-4.3627,54.4666],[-4.5147,54.4413],[-4.6079,54.3953],[-4.6872,54.2969],[-4.7844,54.2431],[-4.8227,54.1869],[-4.821,54.148],[-4.9115,54.0749],[-4.9198,54.0413],[-4.8807,54.0066],[-4.8208,53.9945],[-4.7078,54.0195],[-4.5866,54.0122],[-4.3411,54.1527],[-4.2432,54.2627]]]},"properties":{"id":"Q9676","names":{"ace":"Pulo Man","af":"Man","an":"Isla de Man","ang":"Manīeġ","ast":"Islla de Man","az":"Men adası","ba":"Мэн Утрауы","ban":"Nusa Man","bcl":"Isla nin Man","be":"Востраў Мэн","be-x-old":"Мэн","bew":"Pulo Man","bg":"Ман","br":"Manav","bs":"Ostrvo Man","ca":"Illa de Man","cdo":"Man Dō̤","ceb":"Pulo sa Mans","cs":"Man","cv":"Мэн утравĕ","cy":"Ynys Manaw","de":"Insel Man","diq":"Adey Mani","dsb":"Man","el":"Νήσος του Μαν","en":"Isle of Man","eo":"Manksinsulo","es":"Isla de Man","et":"Man","eu":"Man","ext":"Man","fa":"جزیره من","fi":"Mansaari","fo":"Mann","fr":"Île de Man","frp":"Ila de Man","frr":"Eilun Man","fy":"Man","ga":"Oileán Mhanann","gd":"Eilean Mhanainn","gl":"Illa de Man","gv":"Ellan Vannin","hak":"Man Tó","he":"האי מאן","hi":"आइल ऑफ़ मैन","hr":"Otok Man","hsb":"Man","hu":"Man-sziget","ia":"Insula de Man","id":"Pulau Man","io":"Insulo Man","is":"Mön","it":"Isola di Man","ja":"マン島","jv":"Pulo Man","kaa":"Men atawı","kab":"Tigzirt n Man","kk":"Мэн аралы","ko":"맨섬","kw":"Ynys Manow","ky":"Мэн аралы","la":"Monapia","lb":"Insel Man","li":"Man","lij":"Izoa de Man","lmo":"Isula de Man","ln":"Esanga ya Man","lt":"Meno sala","lv":"Menas Sala","mg":"Nosin'i Man","mi":"Motu o Mana","mk":"Ман","ms":"Pulau Man","nds-nl":"Man","nl":"Eiland Man","nn":"Øya Man","no":"Man","nov":"Isle de Man","nrm":"Île dé Man","oc":"Illa de Man","olo":"Manninsuari","os":"Мэн","pl":"Wyspa Man","pms":"Ìsola ëd Man","pt":"Ilha de Man","qu":"Man wat'a","ro":"Insula Man","ru":"Остров Мэн","rue":"Остров Мен","rw":"Ikirwa cya Man","sc":"Ìsula de Man","scn":"Ìsula di Man","sco":"Isle o Man","se":"Mannin","sh":"Man","sk":"Ostrov Man","sl":"Man","sq":"Ishulli i Manit","sr":"Острво Мен","stq":"Man","su":"Pulo Man","sw":"Kisiwa cha Man","ta":"மாண் தீவு","th":"ไอล์ออฟแมน","tk":"Man Adasy","tl":"Pulo ng Man","tok":"ma Manin","tr":"Man Adası","tt":"Мэн утравы","uk":"Острів Мен","uz":"Men oroli","vec":"Ìzoła de Man","vi":"Đảo Man","vls":"Eyland Man","war":"Isla han Man","yo":"Erékùṣù ilẹ̀ Man","zea":"Eiland Man","zh":"马恩岛"},"from":1333.6048387096773,"to":1987.3709677419354,"wikidata":"Q9676","adminLevel":2,"source":"OpenHistoricalMap","sourceUrl":"https://www.openhistoricalmap.org"}},{"type":"Feature","geometry":{"type":"MultiPolygon","coordinates":[[[[51.3172,46.9339],[51.4634,46.9315],[51.3839,47.1068],[51.3435,47.3],[51.4157,47.5549],[51.2205,47.8902],[51.3834,48.0434],[51.5621,48.3488],[51.6373,48.6841],[51.6067,49.0293],[51.3145,49.323],[51.1263,49.6467],[50.9984,49.9297],[50.9305,50.2735],[51.0525,50.5374],[51.2559,50.7507],[51.5092,50.9535],[51.8763,51.0039],[52.1786,50.9916],[52.4608,51.0018],[52.8316,51.1297],[52.9361,51.209],[53.164,51.2961],[53.3634,51.2792],[53.6084,51.2917],[55.0168,51.4298],[55.6449,51.4659],[56.1203,51.2719],[56.5217,51.214],[57.006,51.1707],[57.4146,50.994],[57.9037,50.8312],[58.4375,50.8391],[58.7067,50.9125],[58.5988,51.1488],[58.5854,51.2647],[58.6493,51.4569],[58.7314,51.5598],[59.0379,51.8237],[59.0422,51.9723],[58.9326,52.2231],[58.9246,52.3656],[59.1354,52.8585],[59.0935,52.9356],[59.0909,53.0439],[59.3253,53.0617],[59.2643,53.3093],[59.1774,53.4501],[59.2551,53.6205],[59.2905,53.7464],[59.3917,53.9118],[59.4468,54.0447],[59.6078,54.1603],[61.8021,54.4023],[63.0423,54.5561],[63.1961,54.545],[63.5289,54.6531],[63.6781,54.6778],[63.8429,54.6794],[64.1148,54.765],[64.4678,54.7214],[65.5343,54.7251],[66.485,54.9644],[67.7746,55.1102],[69.4973,55.0532],[70.2361,54.9248],[73.013,54.5539],[73.8287,54.4591],[74.6627,54.4962],[75.4829,54.7714],[76.3637,54.9494],[76.7552,54.9712],[77.7623,54.9234],[79.1736,54.7952],[80.3017,54.8314],[81.7082,54.8006],[82.8569,54.8539],[83.6477,54.8419],[84.1716,54.9445],[85.9495,54.5111],[86.504,54.3003],[86.9116,53.9726],[87.1159,53.7103],[87.2953,53.2808],[87.5205,53.2993],[87.9123,53.2925],[88.0245,53.2796],[88.4087,53.182],[88.5869,53.1709],[88.6586,53.1363],[88.6906,53.0755],[88.8787,52.9904],[89.2179,52.8733],[89.5489,52.8144],[89.7768,52.7242],[90.2403,52.6845],[90.2953,52.6391],[90.3294,52.5331],[90.3167,52.415],[90.378,52.3355],[90.3924,52.223],[90.4867,52.1959],[90.5314,52.1459],[90.633,52.0937],[90.7144,52.0903],[90.7518,52.0703],[90.7671,52.0404],[90.7602,52.0153],[90.8182,51.968],[90.8374,51.904],[91.0707,51.9514],[91.1688,51.8979],[91.2524,51.883],[91.2754,51.8958],[91.4632,51.8915],[91.5479,51.9089],[91.7392,51.8657],[91.8044,51.8866],[91.8314,51.8642],[91.8971,51.8594],[91.9389,51.8074],[92.0757,51.7731],[92.2598,51.8219],[92.5388,51.7915],[92.5981,51.8141],[92.6392,51.8105],[92.6964,51.8513],[92.8703,51.8366],[92.9533,51.9099],[93.076,51.9359],[93.1556,52.019],[93.2425,52.0409],[93.2663,52.0842],[93.325,52.1225],[93.3948,52.1272],[93.4722,52.171],[93.58,52.1679],[93.5935,52.1896],[93.6633,52.2036],[93.6582,52.247],[93.6785,52.2639],[93.6792,52.3031],[93.7654,52.3811],[93.7536,52.4246],[93.7678,52.4445],[93.808,52.4509],[93.8324,52.4785],[93.8337,52.5042],[93.9434,52.5662],[93.9652,52.6017],[93.9415,52.6133],[94.1029,52.6859],[94.095,52.7327],[94.1403,52.7561],[94.1377,52.7882],[94.1594,52.8132],[94.1418,52.8312],[94.3034,52.9],[94.3474,52.8952],[94.3951,52.9145],[94.4932,52.8917],[94.5259,52.91],[94.5178,52.9443],[94.5833,52.9965],[94.5702,53.0207],[94.6005,53.0466],[94.5767,53.0725],[94.5902,53.12],[94.6209,53.1264],[94.6045,53.1648],[94.6542,53.185],[94.6525,53.2075],[94.6983,53.2152],[94.7161,53.2371],[94.6704,53.2872],[94.601,53.3019],[94.6183,53.3311],[94.7203,53.3763],[94.9189,53.3984],[94.9398,53.3883],[94.9601,53.4052],[94.9911,53.4003],[95.0042,53.371],[95.0359,53.3661],[95.0615,53.3945],[95.1127,53.398],[95.2128,53.4682],[95.3046,53.4449],[95.3097,53.4217],[95.2841,53.4101],[95.3226,53.3807],[95.4021,53.3667],[95.4284,53.3754],[95.4238,53.3951],[95.4953,53.395],[95.4908,53.4157],[95.5225,53.4339],[95.6481,53.4548],[95.6569,53.4864],[95.7322,53.5252],[95.8075,53.4913],[95.9468,53.4941],[96.0401,53.4555],[96.1031,53.4514],[96.1128,53.5126],[96.2335,53.5196],[96.2381,53.5495],[96.2222,53.5689],[96.2375,53.6158],[96.2793,53.6138],[96.2725,53.5908],[96.3747,53.5938],[96.359,53.5673],[96.4339,53.5411],[96.448,53.5124],[96.5174,53.5524],[96.5527,53.5443],[96.6536,53.5634],[96.706,53.6235],[96.6883,53.6463],[96.7107,53.6727],[96.717,53.7168],[96.894,53.7282],[97.0099,53.653],[97.0697,53.6565],[97.1263,53.6148],[97.2028,53.6191],[97.2191,53.593],[97.3212,53.5891],[97.346,53.5573],[97.4264,53.5081],[97.45,53.461],[97.5444,53.4507],[97.6008,53.4264],[97.597,53.3716],[97.6486,53.359],[97.7272,53.3765],[97.7783,53.3631],[97.8058,53.3737],[97.8713,53.3467],[97.9832,53.3475],[97.9896,53.3297],[97.9584,53.3033],[98.0026,53.2756],[98.0089,53.2485],[98.1257,53.2357],[98.1871,53.2475],[98.244,53.2085],[98.2946,53.2269],[98.3135,53.217],[98.3156,53.1868],[98.2982,53.1755],[98.314,53.1615],[98.2931,53.141],[98.3129,53.0951],[98.6371,53.1012],[98.674,53.1561],[98.896,53.119],[98.8904,53.1461],[98.9209,53.1545],[99.009,53.1034],[99.0614,53.1045],[99.056,53.0873],[99.004,53.06],[98.9952,53.0317],[99.1337,52.9847],[99.204,52.9769],[99.2722,52.9388],[99.223,52.9134],[99.2327,52.8842],[99.2203,52.867],[99.1474,52.8673],[98.9741,52.9341],[98.9254,52.9321],[98.8515,52.8366],[98.8662,52.8108],[98.849,52.7973],[98.9235,52.802],[98.9498,52.7871],[98.9311,52.7702],[98.9549,52.71],[98.9324,52.7054],[98.9314,52.6575],[98.8667,52.6558],[98.861,52.6261],[98.8085,52.6195],[98.7848,52.5987],[98.7932,52.568],[98.7816,52.5671],[98.8295,52.5346],[98.8123,52.5338],[98.804,52.5097],[98.7389,52.4973],[98.6807,52.4346],[98.6308,52.4169],[98.6326,52.396],[98.6854,52.356],[98.657,52.3108],[98.6581,52.2628],[98.7178,52.2908],[98.783,52.2691],[98.8326,52.2744],[98.8316,52.1871],[98.8946,52.2067],[98.9838,52.1678],[98.9692,52.1426],[98.9986,52.0847],[99.0302,52.067],[99.0717,52.0695],[99.1325,52.0242],[99.1692,52.0346],[99.2795,52.0165],[99.2692,51.9702],[99.3602,51.9406],[99.401,51.9659],[99.4705,51.9494],[99.5454,51.961],[99.54,51.9523],[99.5937,51.9259],[99.6127,51.885],[99.665,51.9044],[99.6859,51.8887],[99.7952,51.915],[99.8225,51.8884],[99.826,51.8399],[99.8465,51.8355],[99.8308,51.8068],[99.8685,51.7993],[99.8632,51.7862],[99.9085,51.74],[99.9779,51.7537],[100.0614,51.7327],[100.1387,51.7593],[100.2806,51.7375],[100.4104,51.7478],[100.4103,51.73],[100.436,51.73],[100.5289,51.7501],[100.5316,51.738],[100.5826,51.7407],[100.5974,51.7186],[100.6562,51.7268],[100.6685,51.7067],[100.6929,51.7102],[100.7345,51.6797],[100.8485,51.6485],[100.9223,51.6095],[100.9902,51.6128],[101.0223,51.5872],[101.0174,51.5703],[101.0762,51.5623],[101.1017,51.5905],[101.1433,51.5201],[101.2563,51.5441],[101.2842,51.5081],[101.3382,51.4907],[101.3757,51.4553],[101.429,51.4564],[101.4588,51.4707],[101.4596,51.4912],[101.5357,51.4999],[101.6223,51.4692],[101.6205,51.4433],[101.7491,51.4553],[101.8937,51.4012],[101.9519,51.4137],[101.9744,51.3917],[102.0152,51.3948],[102.1243,51.3616],[102.1819,51.2963],[102.1474,51.2804],[102.1198,51.2887],[102.1053,51.2477],[102.143,51.2204],[102.1336,51.2016],[102.1663,51.1787],[102.1414,51.1755],[102.1233,51.1391],[102.1452,51.0968],[102.1694,51.0967],[102.1501,51.0612],[102.1976,51.0393],[102.243,50.9749],[102.2138,50.9538],[102.243,50.9099],[102.212,50.8758],[102.2103,50.8199],[102.295,50.7797],[102.3403,50.7325],[102.3059,50.7021],[102.3058,50.6803],[102.3842,50.663],[102.3999,50.6416],[102.4459,50.6457],[102.4469,50.6195],[102.4696,50.601],[102.5298,50.5924],[102.5539,50.556],[102.5412,50.5334],[102.6065,50.5075],[102.6477,50.4022],[102.6981,50.3942],[102.7269,50.4081],[102.8477,50.332],[102.8988,50.3291],[102.9332,50.3074],[103.0861,50.3187],[103.1429,50.3067],[103.1966,50.3331],[103.2381,50.3219],[103.2764,50.2849],[103.2498,50.2494],[103.276,50.2262],[103.2563,50.1929],[103.4641,50.2064],[103.5182,50.1964],[103.5572,50.1627],[103.5946,50.1668],[103.6099,50.1493],[103.7097,50.1275],[103.7513,50.1638],[103.7977,50.1544],[103.8196,50.1654],[103.8466,50.1976],[103.8833,50.1786],[103.9436,50.1814],[103.9986,50.1503],[104.1322,50.1397],[104.275,50.1997],[104.3001,50.2432],[104.3369,50.2433],[104.3633,50.2632],[104.3919,50.3116],[104.6227,50.3165],[104.6992,50.3672],[104.762,50.3405],[104.8117,50.341],[104.8686,50.371],[104.8898,50.4078],[105.0081,50.3869],[105.1362,50.3948],[105.264,50.4435],[105.2776,50.4661],[105.3587,50.4769],[105.4435,50.4421],[105.5214,50.4575],[105.6288,50.4274],[105.8442,50.4404],[105.8991,50.4126],[106.0574,50.4045],[106.0747,50.3896],[106.0806,50.3354],[106.183,50.3397],[106.2612,50.2981],[106.4687,50.3181],[106.5246,50.3441],[106.5916,50.3385],[106.8157,50.2982],[107.0125,50.1991],[106.9979,50.1854],[107.0023,50.1631],[107.0537,50.0913],[107.0753,50.0895],[107.078,50.0631],[107.1507,50.0439],[107.1558,50.0245],[107.2159,49.9991],[107.2667,49.9897],[107.3226,50.0032],[107.4253,49.9725],[107.5448,49.9857],[107.585,49.971],[107.6821,49.9731],[107.7066,49.988],[107.8035,49.9328],[107.8359,49.9612],[107.8485,49.9389],[107.9745,49.937],[107.9202,49.8681],[107.9439,49.8469],[107.9329,49.8256],[107.9816,49.8028],[107.9485,49.7848],[107.9694,49.7402],[107.9339,49.7042],[107.9446,49.6752],[107.9753,49.6555],[108.023,49.6734],[108.0275,49.6223],[108.1611,49.5618],[108.2936,49.5416],[108.3036,49.5103],[108.3456,49.4735],[108.3533,49.4333],[108.4258,49.4135],[108.431,49.3721],[108.5175,49.3227],[108.6608,49.3464],[108.8137,49.3431],[108.8488,49.3266],[108.9416,49.3462],[109.0581,49.3232],[109.1946,49.3523],[109.3455,49.3249],[109.4222,49.2944],[109.4325,49.2729],[109.4711,49.269],[109.4996,49.2362],[109.5508,49.2225],[109.7581,49.2204],[110.0924,49.1831],[110.1998,49.1542],[110.3281,49.1991],[110.3905,49.2515],[110.4252,49.223],[110.5244,49.1901],[110.6836,49.1709],[110.807,49.1802],[111.2768,49.3104],[111.3748,49.3577],[111.5148,49.323],[111.689,49.3842],[111.9575,49.3823],[112.1946,49.4466],[112.2783,49.4844],[112.4741,49.5225],[112.6889,49.5041],[112.7226,49.52],[112.7553,49.5096],[112.8234,49.5193],[112.9433,49.583],[113.0269,49.5978],[113.0598,49.6241],[113.1283,49.7335],[113.1597,49.7536],[113.1623,49.7805],[113.2184,49.8371],[113.4739,49.9354],[113.493,49.9744],[113.6361,49.991],[113.7341,50.0706],[113.8958,50.1116],[114.1784,50.243],[114.3388,50.2827],[114.4677,50.2335],[114.6535,50.2472],[114.8567,50.217],[115.0075,50.1639],[115.0793,50.0833],[115.2239,49.9884],[115.3313,49.947],[115.5067,49.9071],[115.7445,49.8876],[116.0727,50.0137],[116.233,50.0359],[116.3982,49.9809],[116.6216,49.9311],[116.7068,49.8519],[117.0614,49.6856],[117.2733,49.6308],[117.4716,49.6264],[117.7929,49.5202],[117.8278,49.541],[117.8681,49.5083],[117.8909,49.5936],[117.942,49.594],[117.9827,49.6214],[118.0716,49.6132],[118.1095,49.6643],[118.1642,49.6586],[118.2347,49.7309],[118.3762,49.7823],[118.3907,49.7998],[118.3867,49.8275],[118.4722,49.8277],[118.4855,49.8394],[118.4783,49.8642],[118.5514,49.903],[118.5657,49.9295],[118.6036,49.9268],[118.6102,49.9451],[118.6391,49.9358],[118.647,49.9479],[118.8268,49.9597],[118.9439,49.99],[119.0855,49.9857],[119.1696,50.0401],[119.1808,50.0855],[119.2222,50.0738],[119.2796,50.1087],[119.3071,50.16],[119.349,50.1922],[119.3117,50.2143],[119.3391,50.2534],[119.3236,50.2755],[119.378,50.3196],[119.3501,50.3261],[119.364,50.3401],[119.342,50.3577],[119.2983,50.3447],[119.2721,50.3634],[119.2468,50.3417],[119.214,50.3625],[119.1802,50.3462],[119.1514,50.3581],[119.1667,50.3717],[119.1449,50.3881],[119.1815,50.4224],[119.2059,50.4092],[119.2568,50.4686],[119.2523,50.4899],[119.2273,50.498],[119.2556,50.5099],[119.275,50.5522],[119.2614,50.5677],[119.2914,50.5826],[119.2748,50.5984],[119.2834,50.6093],[119.3345,50.6399],[119.3517,50.6299],[119.3833,50.6596],[119.3713,50.6774],[119.4231,50.6829],[119.4896,50.7446],[119.4958,50.7845],[119.5096,50.7886],[119.4879,50.8436],[119.5143,50.8492],[119.5053,50.8541],[119.5263,50.8801],[119.5151,50.9046],[119.557,50.9291],[119.5834,50.9752],[119.6296,51.0101],[119.6875,51.0291],[119.699,51.0179],[119.6999,51.0427],[119.7218,51.0604],[119.7122,51.0678],[119.7575,51.0961],[119.7443,51.1121],[119.7696,51.1327],[119.7753,51.1532],[119.7591,51.158],[119.7813,51.172],[119.7525,51.2127],[119.7781,51.2245],[119.8132,51.2129],[119.7912,51.242],[119.8203,51.2625],[119.8039,51.2803],[119.8746,51.2969],[119.8783,51.3375],[119.9331,51.3542],[119.9392,51.3633],[119.9021,51.3847],[119.9609,51.3975],[119.9683,51.4352],[119.9953,51.4578],[119.9778,51.5019],[120.0441,51.5557],[120.0328,51.5792],[120.0516,51.6323],[120.0953,51.649],[120.0806,51.6729],[120.1667,51.6781],[120.2935,51.7572],[120.3047,51.781],[120.3558,51.7874],[120.3683,51.8063],[120.397,51.8114],[120.394,51.832],[120.4698,51.8515],[120.4697,51.8825],[120.5306,51.8775],[120.5505,51.9122],[120.6476,51.9227],[120.6542,51.9548],[120.7038,51.992],[120.7076,52.0168],[120.68,52.0315],[120.6852,52.0466],[120.7465,52.0836],[120.7365,52.0888],[120.7635,52.1177],[120.7565,52.1422],[120.7795,52.1585],[120.7415,52.2022],[120.7516,52.2554],[120.7108,52.2589],[120.6968,52.2827],[120.631,52.3122],[120.6142,52.3535],[120.6476,52.3696],[120.651,52.3968],[120.6836,52.4289],[120.6766,52.4659],[120.6984,52.4881],[120.6864,52.5177],[120.7271,52.5362],[120.459,52.6435],[120.3909,52.6152],[120.282,52.6221],[120.1846,52.577],[120.062,52.5861],[120.0268,52.6355],[120.0601,52.6986],[120.0244,52.7728],[120.0859,52.7838],[120.1374,52.8127],[120.1792,52.8081],[120.2115,52.8394],[120.2808,52.861],[120.2872,52.8882],[120.3426,52.9043],[120.3529,52.9375],[120.4059,52.9581],[120.4369,53.0024],[120.5199,53.0428],[120.5553,53.0805],[120.6374,53.1057],[120.6539,53.1355],[120.6844,53.1429],[120.6948,53.1774],[120.8263,53.2375],[120.8332,53.2476],[120.8126,53.2664],[120.875,53.2927],[121.0416,53.2876],[121.0875,53.3053],[121.1218,53.2752],[121.2265,53.2792],[121.299,53.2988],[121.3196,53.3202],[121.4102,53.3172],[121.5581,53.3451],[121.5141,53.3829],[121.4103,53.3674],[121.4027,53.3839],[121.4185,53.4159],[121.3848,53.4574],[121.2369,53.504],[121.2039,53.4993],[121.1953,53.4404],[121.1658,53.4306],[121.0453,53.4744],[120.8942,53.4942],[120.7682,53.4617],[120.6275,53.4756],[120.4194,53.42],[120.1218,53.4613],[119.969,53.3872],[119.8025,53.3631],[119.7592,53.3424],[119.6868,53.2582],[119.5721,53.1793],[119.4104,53.1447],[119.2896,53.0616],[119.271,53.0625],[119.133,53.155],[119.1206,53.1953],[119.0808,53.2208],[119.0739,53.3046],[119.0492,53.3325],[119.0437,53.3768],[119.214,53.5738],[119.3156,53.6585],[119.3472,53.7081],[119.3307,54.0005],[119.3761,54.0392],[119.4708,54.0602],[119.7839,54.0005],[119.854,54.0005],[120.0696,54.0771],[120.2618,54.1093],[120.461,54.1809],[120.9087,54.3846],[121.1682,54.4333],[121.4758,54.3582],[121.5829,54.3614],[122.1089,54.4884],[122.6733,54.681],[122.9576,54.7016],[123.1911,54.7524],[123.2927,54.8046],[123.3669,54.9256],[123.4094,54.9563],[123.5124,54.98],[123.6525,55.0996],[124.1016,55.2337],[124.2444,55.3166],[124.2979,55.3705],[124.4106,55.6024],[124.482,55.6683],[124.6138,55.7403],[124.7374,55.8422],[124.8528,55.8638],[125.0148,55.9354],[125.1398,55.9338],[125.3242,55.8762],[125.4108,55.8728],[125.4528,55.8449],[125.4522,55.8084],[125.5065,55.7863],[125.5257,55.7478],[125.5659,55.7393],[125.6212,55.781],[125.7052,55.8002],[125.8389,55.8036],[125.9872,55.7697],[125.9938,55.7209],[126.0438,55.7311],[126.0863,55.7148],[126.0676,55.7072],[126.0827,55.6721],[126.1246,55.6688],[126.1411,55.6512],[126.1416,55.6407],[126.067,55.6452],[126.0809,55.594],[126.3001,55.6087],[126.3261,55.584],[126.3825,55.5956],[126.3876,55.5745],[126.4201,55.5599],[126.5242,55.5807],[126.5323,55.5889],[126.5106,55.6132],[126.5887,55.6566],[126.6928,55.6667],[126.6884,55.6278],[126.7225,55.6],[126.7842,55.6263],[126.8595,55.6121],[126.9286,55.635],[126.9101,55.6719],[126.9386,55.6915],[127.1314,55.6928],[127.1835,55.7134],[127.2606,55.6806],[127.3215,55.6878],[127.3187,55.6554],[127.3458,55.6395],[127.3425,55.6171],[127.4224,55.5798],[127.4675,55.5798],[127.536,55.6066],[127.5938,55.5948],[127.5465,55.6614],[127.6256,55.6745],[127.6775,55.7154],[127.7264,55.7311],[127.7868,55.7233],[127.8031,55.6928],[127.7875,55.6748],[127.8251,55.6639],[128.07,55.669],[128.2002,55.701],[128.2992,55.6924],[128.3404,55.6752],[128.3869,55.6288],[128.4762,55.5947],[128.5059,55.5478],[128.6324,55.5498],[128.691,55.5701],[128.7016,55.5623],[128.6939,55.5225],[128.7625,55.5105],[128.7782,55.4879],[128.8285,55.5201],[128.8582,55.4989],[128.9056,55.514],[129.0012,55.4964],[129.0867,55.5247],[129.104,55.5491],[129.1005,55.6228],[129.0485,55.6681],[129.0578,55.693],[129.2089,55.7046],[129.2613,55.73],[129.3601,55.7166],[129.3851,55.7332],[129.4429,55.7254],[129.4939,55.7651],[129.5224,55.7438],[129.6551,55.7825],[129.7077,55.7635],[129.7884,55.7736],[129.8174,55.7489],[129.8634,55.7432],[129.9116,55.7792],[129.9643,55.7543],[130,55.7142],[130.0717,55.7126],[130.0974,55.7322],[130.1481,55.7123],[130.3777,55.7465],[130.501,55.7286],[130.6464,55.7618],[130.6805,55.744],[130.7439,55.7526],[130.8827,55.7063],[130.9365,55.7149],[131.0971,55.6969],[131.4239,55.4695],[131.45,55.4173],[131.5434,55.308],[131.6904,55.1593],[131.9101,55.0327],[131.9225,55.0202],[131.9142,54.9729],[131.7123,54.8426],[131.6721,54.7766],[131.6345,54.7724],[131.6164,54.7929],[131.5642,54.7737],[131.5524,54.7434],[131.3976,54.7361],[131.3578,54.7221],[131.2883,54.6602],[131.1677,54.6329],[131.1909,54.5685],[131.2316,54.5587],[131.2154,54.5135],[131.1944,54.5106],[131.167,54.4707],[131.1721,54.4356],[131.1491,54.4212],[131.1349,54.3712],[131.1068,54.3544],[131.1203,54.3367],[131.0839,54.3298],[131.037,54.2916],[130.9737,54.3044],[130.9729,54.326],[130.9392,54.3393],[130.871,54.3217],[130.815,54.2846],[130.736,54.2988],[130.7176,54.2862],[130.7186,54.265],[130.6749,54.2582],[130.6609,54.2175],[130.6282,54.1984],[130.6351,54.1879],[130.5273,54.1389],[130.5052,54.1022],[130.4974,53.9909],[130.4324,53.967],[130.3867,53.9276],[130.4375,53.8901],[130.5434,53.9065],[130.5878,53.8785],[130.687,53.9002],[130.7478,53.8483],[130.8462,53.8499],[130.8474,53.8047],[130.9027,53.7743],[131.0136,53.8237],[131.0825,53.8103],[131.1027,53.8212],[131.2523,53.7864],[131.3098,53.7936],[131.4419,53.7406],[131.4426,53.7046],[131.4186,53.684],[131.4887,53.5981],[131.4612,53.5831],[131.478,53.559],[131.4534,53.5082],[131.4801,53.4883],[131.4845,53.4535],[131.5038,53.4493],[131.4965,53.3972],[131.5214,53.3755],[131.5117,53.3577],[131.5334,53.3337],[131.5139,53.272],[131.4779,53.2635],[131.4422,53.2303],[131.4501,53.2207],[131.5033,53.2079],[131.7997,53.256],[131.8547,53.2316],[131.8338,53.2089],[131.831,53.1656],[131.873,53.1588],[131.8968,53.1358],[131.9583,53.1612],[132.0131,53.1392],[132.0482,53.1773],[132.044,53.1973],[132.1056,53.2405],[132.1597,53.2211],[132.2306,53.2258],[132.2778,53.2552],[132.3004,53.2392],[132.385,53.2336],[132.3996,53.2175],[132.5141,53.2155],[132.6615,53.2455],[132.7002,53.225],[132.7736,53.2499],[132.8582,53.2371],[132.897,53.2593],[132.883,53.2841],[132.8929,53.2992],[132.9504,53.2987],[132.9668,53.2845],[133.0348,53.3059],[133.1336,53.303],[133.1442,53.3327],[133.1232,53.3378],[133.1612,53.3609],[133.1573,53.4011],[133.1984,53.4319],[133.3537,53.4708],[133.417,53.5164],[133.4919,53.5071],[133.5659,53.5493],[133.599,53.5513],[133.7148,53.4677],[133.792,53.4925],[133.814,53.4633],[133.8681,53.4744],[133.951,53.4405],[134.0935,53.4565],[134.1216,53.497],[134.1925,53.4822],[134.2178,53.5232],[134.276,53.5463],[134.3044,53.5341],[134.3284,53.5558],[134.403,53.5775],[134.4376,53.5571],[134.4514,53.6018],[134.5385,53.6216],[134.645,53.7485],[135.011,53.8574],[135.1854,53.9585],[135.3941,54.0989],[135.585,54.2684],[135.7857,54.6144],[135.7748,54.6702],[135.741,54.6947],[135.6637,54.7178],[135.5592,54.722],[135.3094,54.786],[135.2736,54.8331],[135.3025,54.8724],[135.399,54.9409],[135.5075,54.9902],[135.5783,55.047],[135.747,55.067],[135.8581,55.1227],[135.9505,55.1476],[136.0364,55.2008],[136.2024,55.258],[136.3815,55.4061],[136.4316,55.4948],[136.4929,55.531],[136.5788,55.5398],[136.7253,55.6009],[136.8475,55.6201],[136.8959,55.6821],[136.9734,55.7362],[137.1137,55.751],[137.1672,55.8206],[137.2256,55.8564],[137.296,55.877],[137.3299,55.9044],[137.444,55.9129],[137.484,55.9461],[137.523,56.011],[137.6072,56.0604],[137.771,56.0939],[137.8588,56.1805],[137.9287,56.2211],[137.9869,56.3229],[138.0964,56.3465],[138.152,56.3807],[138.2354,56.3771],[138.2982,56.395],[138.3498,56.4495],[138.3482,56.4827],[138.3041,56.5131],[138.2208,56.5212],[138.2048,56.5575],[138.3267,56.591],[138.3531,56.6171],[138.3505,56.6433],[138.4601,56.6605],[138.4873,56.6847],[138.4851,56.7183],[138.5032,56.7448],[138.5838,56.7311],[138.6581,56.7594],[138.674,56.7925],[138.6622,56.8552],[138.6912,56.9258],[138.9398,56.977],[138.9927,57.0223],[139.0234,57.0927],[139.1021,57.1194],[139.1662,57.1908],[139.2673,57.2339],[139.344,57.2351],[139.4833,57.2691],[139.584,57.3244],[139.6698,57.4172],[139.764,57.4328],[139.7982,57.4044],[139.8512,57.3932],[139.9357,57.4124],[139.9579,57.4508],[139.9084,57.4923],[140.0037,57.6165],[140.0558,57.6575],[140.1598,57.6952],[140.3635,57.7056],[140.4158,57.7454],[140.5799,57.8187],[140.6095,57.9112],[140.7564,58.1679],[140.8529,58.2701],[141.0669,58.3918],[141.3562,58.4596],[141.6362,58.5795],[141.7972,58.679],[142.0394,58.9131],[142.1758,59.0121],[142.3884,59.1183],[142.6169,59.1881],[143.2654,59.3121],[143.3577,59.2807],[143.5081,59.2714],[143.8881,59.3533],[144.1045,59.3472],[144.4443,59.3101],[144.9601,59.3126],[145.224,59.3541],[145.3457,59.3391],[145.5858,59.3664],[145.662,59.3603],[145.7512,59.3218],[145.7268,59.2477],[145.7648,59.2002],[145.8695,59.164],[145.9259,59.111],[146.0613,59.0899],[146.2147,59.1411],[146.3612,59.1394],[146.4504,59.1839],[146.4694,59.2137],[146.4219,59.2719],[146.4327,59.33],[146.4203,59.3869],[146.4585,59.4072],[146.5082,59.4082],[146.584,59.3948],[146.621,59.3554],[146.6736,59.3387],[146.8339,59.3109],[146.9794,59.315],[147.1421,59.2714],[147.2468,59.2774],[147.3132,59.2608],[147.4371,59.1982],[147.4942,59.1889],[147.5942,59.1941],[147.6559,59.2316],[147.7705,59.2101],[147.8558,59.2209],[147.9405,59.2809],[147.9233,59.3341],[148.174,59.3545],[148.2994,59.3488],[148.3168,59.3333],[148.3124,59.2489],[148.3562,59.2146],[148.5536,59.19],[148.7812,59.1862],[148.8385,59.1978],[148.8851,59.1828],[148.853,59.1442],[148.8678,59.1038],[148.9213,59.0726],[149.0021,59.0643],[149.0724,59.0776],[149.1683,59.1275],[149.2437,59.203],[149.2216,59.2424],[149.1572,59.2617],[149.1988,59.2967],[149.194,59.328],[149.1061,59.3725],[149.0747,59.4131],[149.1007,59.4299],[149.1769,59.41],[149.245,59.4126],[149.3154,59.4472],[149.332,59.5238],[149.2924,59.561],[149.2143,59.5828],[149.2053,59.6044],[149.3821,59.6659],[149.648,59.7064],[149.8297,59.6822],[150.1157,59.6114],[150.2617,59.5983],[150.2951,59.5463],[150.4106,59.5205],[150.4047,59.4774],[150.4332,59.4498],[150.5135,59.4285],[150.6309,59.4376],[150.6681,59.4015],[150.7345,59.3841],[150.9835,59.4069],[151.0443,59.4607],[151.0535,59.4919],[151.036,59.5202],[151.1324,59.5289],[151.4035,59.5027],[151.4429,59.4734],[151.5206,59.4578],[151.5855,59.4253],[151.5901,59.3911],[151.6307,59.3546],[151.618,59.3267],[151.6276,59.2931],[151.6746,59.2564],[151.856,59.2466],[151.9938,59.2126],[152.0951,59.223],[152.0585,59.1991],[151.9904,59.2063],[151.9101,59.191],[151.7939,59.2119],[151.7211,59.202],[151.4369,59.2188],[151.3395,59.1973],[151.2939,59.1621],[151.1923,59.1466],[151.0772,59.1564],[151.0097,59.1256],[151.0083,59.0754],[151.1258,58.9806],[151.1585,58.9258],[151.2369,58.8554],[151.2445,58.8149],[151.3441,58.7828],[151.4963,58.8104],[151.7128,58.789],[151.8503,58.8201],[152.0796,58.8366],[152.1954,58.8663],[152.246,58.9001],[152.2712,58.9507],[152.3328,58.9607],[152.4134,58.9564],[152.5042,58.9022],[152.6212,58.889],[152.6797,58.8622],[152.748,58.8547],[152.8165,58.869],[152.9247,58.8532],[153.0049,58.8881],[153.0405,58.9772],[153.0991,59.0264],[153.3378,59.0367],[153.4214,59.0625],[153.4551,59.0999],[153.4504,59.154],[153.482,59.1781],[153.6087,59.1387],[153.7727,59.1254],[153.8683,59.0357],[154.035,58.9931],[154.1162,59.0012],[154.2286,59.0415],[154.3033,59.0371],[154.3738,59.0543],[154.4321,59.0919],[154.4484,59.142],[154.4804,59.1636],[154.6159,59.1072],[154.7863,59.0821],[154.8631,59.0935],[154.9026,59.1321],[155.2014,59.1251],[155.4197,59.1854],[155.4747,59.1518],[155.5626,59.1445],[155.6252,59.1701],[155.64,59.2238],[155.5972,59.2584],[155.5314,59.268],[155.6234,59.2718],[155.6859,59.2972],[155.6986,59.3384],[155.6525,59.3776],[155.51,59.3878],[155.4032,59.347],[155.385,59.3171],[155.3928,59.2966],[155.4305,59.2728],[155.4877,59.2635],[155.4268,59.229],[155.3788,59.2581],[155.2993,59.2627],[155.288,59.2702],[155.322,59.317],[155.2845,59.3821],[155.2139,59.4271],[155.1302,59.453],[155.0831,59.5106],[154.9599,59.5489],[154.8156,59.5285],[154.6503,59.5947],[154.5355,59.5769],[154.4614,59.599],[154.3331,59.73],[154.3226,59.7645],[154.4301,59.7843],[154.5587,59.8546],[154.5892,59.8944],[154.6095,60.0061],[154.6468,60.0539],[154.7857,60.1815],[154.8674,60.2209],[154.9478,60.2841],[155.0195,60.323],[155.2045,60.3744],[155.3728,60.4707],[155.4698,60.4655],[155.5533,60.4948],[155.5955,60.5487],[155.6526,60.5872],[155.7966,60.6198],[155.8528,60.6595],[155.9261,60.6577],[155.9765,60.6736],[156.0168,60.7222],[156.0129,60.8046],[156.0317,60.8526],[156.1627,60.9664],[156.5204,61.1447],[156.5651,61.1576],[156.664,61.1476],[156.7371,61.1713],[156.7672,61.2117],[156.7434,61.2861],[156.7546,61.3581],[156.7346,61.3883],[156.7623,61.4605],[156.9905,61.5106],[157.1189,61.6095],[157.4275,61.6446],[157.5338,61.7361],[157.7798,61.7291],[157.9193,61.6941],[158.0936,61.6819],[158.3389,61.7726],[158.4009,61.7415],[158.4611,61.7325],[158.6239,61.7819],[158.8543,61.7673],[158.9365,61.7947],[158.9583,61.8376],[159.0997,61.8673],[159.2475,61.8527],[159.209,61.8142],[159.2334,61.7751],[159.4068,61.7195],[159.4137,61.664],[159.4438,61.6368],[159.5232,61.6082],[159.5992,61.6022],[159.7829,61.6519],[159.9484,61.6653],[160.0271,61.7043],[160.115,61.7978],[160.2676,61.8485],[160.2391,61.8003],[160.2503,61.7609],[160.1307,61.7165],[160.0989,61.689],[160.1046,61.6585],[160.1565,61.6312],[160.1314,61.5591],[159.9492,61.4944],[159.9232,61.4666],[159.9299,61.4348],[159.8431,61.4115],[159.826,61.3705],[159.7238,61.3151],[159.6304,61.2329],[159.6801,61.1874],[159.8251,61.1801],[159.8558,61.1566],[159.8622,61.1169],[159.8394,61.0667],[159.7492,61.0163],[159.6824,60.9473],[159.6821,60.926],[159.7188,60.8879],[159.8303,60.8458],[159.9035,60.8434],[160.1668,60.9683],[160.2378,60.9684],[160.0732,60.8456],[160.0757,60.8048],[160.1301,60.7488],[160.0434,60.6805],[160.0262,60.5914],[160.0844,60.5382],[160.1616,60.5249],[160.2459,60.5314],[160.3659,60.571],[160.4513,60.6451],[160.7007,60.6752],[160.8111,60.6669],[160.8763,60.6848],[161.0053,60.8489],[161.1136,60.9051],[161.2707,60.96],[161.3101,61.0004],[161.37,61.0134],[161.5192,61.0842],[161.5697,61.1308],[161.6562,61.1493],[161.7239,61.2206],[162.0727,61.3453],[162.3934,61.5448],[162.4816,61.5176],[162.6037,61.5078],[162.6821,61.5146],[162.7496,61.5411],[162.8352,61.5445],[162.8936,61.5033],[162.8708,61.4482],[162.9103,61.4116],[163.0153,61.396],[163.1166,61.4234],[163.1377,61.4526],[163.1297,61.4839],[163.208,61.5245],[163.2189,61.558],[163.2977,61.569],[163.3905,61.617],[163.4278,61.6417],[163.4505,61.6958],[163.4284,61.7352],[163.3365,61.7739],[163.1082,61.8134],[163.1751,61.9345],[163.2925,62.0535],[163.2071,62.1964],[163.3551,62.272],[163.5595,62.3048],[163.6129,62.36],[163.602,62.3902],[163.5577,62.412],[163.4811,62.4181],[163.407,62.4003],[163.3465,62.4223],[163.3778,62.4513],[163.3753,62.4938],[163.529,62.5025],[163.8089,62.5537],[163.9543,62.5397],[164.0224,62.5621],[164.0747,62.6004],[164.2968,62.6114],[164.4073,62.6415],[164.5749,62.6091],[164.5681,62.5792],[164.5848,62.5605],[164.7502,62.5068],[164.6212,62.509],[164.4677,62.482],[164.3742,62.4375],[164.3307,62.3952],[164.1539,62.3516],[164.0258,62.2654],[163.9923,62.1649],[164.0009,62.1385],[163.9691,62.104],[163.985,62.0343],[163.9596,61.9825],[163.9762,61.9034],[163.9287,61.8452],[163.9556,61.8031],[163.949,61.7384],[163.9395,61.7186],[163.8182,61.6992],[163.7591,61.6662],[163.7418,61.6019],[163.636,61.4729],[163.6282,61.4311],[163.6469,61.4008],[163.6889,61.3779],[163.7809,61.3653],[163.8758,61.3875],[163.9042,61.3528],[163.8506,61.3014],[163.8404,61.257],[163.6978,61.22],[163.5688,61.1657],[163.5247,61.1306],[163.5176,61.0989],[163.4145,61.0585],[163.3825,61.0172],[163.3899,60.9804],[163.4339,60.9481],[163.5548,60.9157],[163.4102,60.8715],[163.3541,60.9191],[163.2498,60.9302],[163.1881,60.9085],[163.1577,60.8673],[163.084,60.829],[162.973,60.8298],[162.8928,60.8121],[162.8592,60.8655],[162.736,60.8791],[162.6843,60.859],[162.6439,60.7967],[162.6761,60.7576],[162.7539,60.7412],[162.6957,60.6855],[162.62,60.6595],[162.4852,60.6617],[162.3422,60.597],[162.246,60.5904],[162.1455,60.6053],[162.076,60.5899],[161.9674,60.489],[161.8827,60.466],[161.8385,60.4345],[161.7877,60.3297],[161.7343,60.2831],[161.7462,60.2515],[161.7953,60.2275],[161.735,60.1833],[161.4132,60.0798],[161.3144,59.9927],[161.2386,59.9481],[161.1819,59.8817],[161.095,59.8446],[161.0476,59.7993],[160.8622,59.7364],[160.8402,59.6906],[160.8003,59.6578],[160.4745,59.6091],[160.4063,59.5838],[160.3448,59.5043],[160.3407,59.4673],[160.3,59.4139],[160.2496,59.3889],[160.1266,59.3689],[159.9094,59.223],[159.776,59.162],[159.6228,59.0014],[159.6203,58.9659],[159.6533,58.9382],[159.6387,58.9002],[159.5453,58.8636],[159.4659,58.7741],[159.2435,58.6398],[159.1418,58.5967],[159.047,58.4982],[158.9866,58.4583],[158.6045,58.3068],[158.3323,58.1705],[158.2574,58.1143],[158.0815,58.051],[157.9935,58.0376],[157.8794,58.0281],[157.7684,58.0674],[157.6229,58.0581],[157.49,57.9541],[157.4881,57.8958],[157.4443,57.8546],[157.3368,57.8185],[157.1481,57.8311],[157.1263,57.8379],[157.088,57.8896],[157.0273,57.9096],[156.96,57.9027],[156.7941,57.8394],[156.6949,57.7502],[156.6829,57.7168],[156.7196,57.684],[156.8082,57.6654],[156.8855,57.5591],[156.9096,57.4444],[156.8509,57.3485],[156.6756,57.1608],[156.6728,57.1961],[156.6259,57.2253],[156.5619,57.229],[156.516,57.2141],[156.4906,57.1835],[156.4973,57.1481],[156.4459,57.1081],[156.4538,57.0598],[156.4091,56.9897],[156.0498,56.8487],[155.9122,56.7199],[155.8608,56.6409],[155.7885,56.4449],[155.5609,55.9738],[155.5363,55.7151],[155.466,55.424],[155.4641,55.199],[155.4964,55.0176],[155.6494,54.4208],[155.838,53.9162],[155.9423,53.4305],[155.9845,53.3118],[156.0504,52.8698],[156.1139,52.7214],[156.2973,52.3876],[156.3608,52.2167],[156.39,52.075],[156.4166,51.7709],[156.404,51.4966],[156.4415,51.3983],[156.4586,51.2908],[156.5011,51.24],[156.595,51.2113],[156.6344,51.1739],[156.621,51.0865],[156.6603,51.0438],[156.6759,50.9991],[156.5788,50.9032],[156.5726,50.8682],[156.6076,50.8258],[156.6897,50.814],[156.7801,50.8549],[156.9334,50.9822],[157.0088,51.0129],[157.0844,51.071],[157.2214,51.1473],[157.3705,51.2043],[157.3888,51.2317],[157.3863,51.2632],[157.4209,51.2995],[157.4779,51.304],[157.5483,51.3371],[157.5689,51.3665],[157.5739,51.4152],[157.6211,51.462],[157.6779,51.4479],[157.7536,51.4613],[157.9012,51.5647],[157.9639,51.589],[158.1006,51.7544],[158.1589,51.77],[158.2308,51.8528],[158.3455,51.9312],[158.4154,52.0839],[158.4897,52.1481],[158.4939,52.1977],[158.5826,52.2387],[158.638,52.2928],[158.6354,52.3413],[158.6548,52.3852],[158.6048,52.458],[158.6095,52.5308],[158.5886,52.5758],[158.6846,52.6789],[158.6634,52.7302],[158.7025,52.7636],[158.7046,52.8109],[158.7312,52.8378],[158.7961,52.8608],[158.9174,52.9611],[159.1393,53.0635],[159.3219,53.1163],[159.4232,53.106],[159.5103,53.1625],[159.5804,53.164],[159.6308,53.1926],[159.9269,53.0633],[160.0436,53.0407],[160.1095,53.0673],[160.1407,53.1414],[160.1059,53.2481],[160.1091,53.2818],[160.0574,53.3149],[160.0429,53.3619],[160.0034,53.3857],[159.9749,53.4278],[160.0332,53.4695],[160.0349,53.568],[160.0264,53.6015],[159.9833,53.6515],[159.9842,53.6896],[159.9295,53.723],[159.9296,53.8002],[159.9646,53.9058],[160.0421,54.0129],[160.0771,54.0915],[160.1263,54.1409],[160.3781,54.2694],[160.465,54.3382],[160.6205,54.4203],[160.9065,54.5189],[161.1105,54.5421],[161.1503,54.4782],[161.266,54.4323],[161.4722,54.4603],[161.726,54.4556],[161.7885,54.477],[161.9011,54.5634],[162.2139,54.7273],[162.2282,54.757],[162.2186,54.7925],[162.2465,54.8329],[162.2416,54.8643],[162.2199,54.8932],[162.1531,54.9235],[162.1332,54.9652],[162.0222,55.0713],[161.956,55.1005],[161.8948,55.1877],[161.838,55.3451],[161.8303,55.4985],[161.9086,55.6774],[161.9889,55.7513],[162.0183,55.8232],[162.1089,55.9249],[162.1135,55.9568],[162.1582,56.006],[162.161,56.0555],[162.2735,56.112],[162.5735,56.1764],[162.7679,56.0189],[162.8752,55.976],[163.0482,55.9566],[163.1228,55.9832],[163.2278,56.0875],[163.3249,56.106],[163.4431,56.168],[163.4498,56.2019],[163.4298,56.2661],[163.4456,56.3203],[163.4074,56.4033],[163.3636,56.4467],[163.3638,56.4912],[163.3431,56.5241],[163.3687,56.5673],[163.3288,56.6175],[163.3653,56.6908],[163.3257,56.7566],[163.2274,56.7923],[163.054,56.7919],[162.9153,56.7524],[162.8803,56.7753],[162.8769,56.86],[162.9267,56.9595],[162.9423,57.0513],[162.8769,57.1544],[162.8599,57.2845],[162.8742,57.3324],[162.9415,57.3797],[163.1546,57.4459],[163.1969,57.4784],[163.2175,57.52],[163.2965,57.5522],[163.3361,57.6011],[163.3345,57.6419],[163.4072,57.6995],[163.4155,57.7398],[163.2612,57.8639],[163.0843,57.8715],[162.9364,57.9368],[162.727,58.0008],[162.5024,57.9726],[162.3501,57.8462],[162.2997,57.8523],[162.1417,57.9307],[162.0952,58.0065],[162.0912,58.089],[162.1046,58.1377],[162.2252,58.3488],[162.4398,58.5945],[162.6024,58.7097],[162.8106,58.7759],[162.9378,58.8718],[163.0729,58.9077],[163.1696,58.9784],[163.2761,58.9951],[163.3186,59.022],[163.3426,59.0853],[163.3151,59.1612],[163.4256,59.2433],[163.4449,59.3089],[163.4251,59.419],[163.3211,59.5025],[163.5139,59.6134],[163.5255,59.6461],[163.4786,59.7155],[163.4771,59.7474],[163.5104,59.8042],[163.5701,59.8396],[163.5976,59.8471],[163.6881,59.8244],[163.7588,59.8326],[163.795,59.8547],[163.8547,59.9303],[163.9586,59.9679],[164.0452,59.9565],[163.9678,59.8981],[164.0015,59.8371],[164.1739,59.8053],[164.249,59.8098],[164.2921,59.8275],[164.3183,59.8641],[164.2964,59.8952],[164.2415,59.916],[164.4003,59.9536],[164.4411,59.9844],[164.4632,60.0381],[164.5578,59.9816],[164.6242,59.966],[164.6721,59.921],[164.702,59.8724],[164.7033,59.8117],[164.7472,59.757],[164.8221,59.7365],[164.8787,59.7396],[165.1502,59.8268],[165.2158,59.8788],[165.2475,59.9316],[165.3097,59.9719],[165.309,60.0108],[165.2831,60.0361],[165.2922,60.0469],[165.3878,60.1026],[165.8388,60.2281],[165.9074,60.2757],[166.0626,60.3192],[166.1466,60.3809],[166.1814,60.3052],[166.1743,60.2392],[166.1974,60.2088],[166.1034,60.1411],[166.0578,60.0146],[166.0581,59.9704],[166.003,59.8961],[165.9807,59.8027],[166.0082,59.7744],[166.0667,59.752],[166.3121,59.7619],[166.405,59.8014],[166.496,59.8926],[166.7245,60.0138],[167.0618,60.2506],[167.1809,60.2884],[167.4358,60.3356],[167.4776,60.3588],[167.6802,60.3879],[168.1108,60.5076],[168.4809,60.5443],[168.5819,60.5098],[168.7084,60.4901],[168.8082,60.5172],[169.2304,60.4942],[169.6213,60.3786],[169.6388,60.3603],[169.6323,60.327],[169.6857,60.246],[169.7688,60.2047],[169.7857,60.1591],[169.8318,60.1179],[169.8716,60.0461],[169.9237,60.0194],[170.0219,60.0008],[170.0233,59.9604],[170.0733,59.928],[170.2498,59.879],[170.3482,59.8841],[170.465,59.914],[170.5133,59.9501],[170.5673,60.0698],[170.592,60.2048],[170.6231,60.2324],[170.7236,60.2512],[170.7804,60.2863],[170.7942,60.3051],[170.7933,60.3623],[170.8641,60.3909],[170.9299,60.4415],[171.0462,60.4617],[171.1299,60.4969],[171.2474,60.5078],[171.4511,60.5745],[171.5586,60.6659],[171.6638,60.6671],[171.7142,60.6854],[171.7704,60.7686],[171.924,60.7697],[172.1719,60.8081],[172.2095,60.8463],[172.2123,60.8827],[172.3111,60.9274],[172.3307,60.9575],[172.4808,60.9704],[172.5624,61.008],[172.594,61.0444],[172.6003,61.1028],[172.7281,61.1333],[172.786,61.1859],[172.8439,61.2055],[173.0018,61.2339],[173.0539,61.2662],[173.0851,61.3247],[173.2091,61.3451],[173.4083,61.4193],[173.4356,61.4438],[173.4408,61.4828],[173.563,61.5142],[173.6032,61.5474],[173.5987,61.611],[173.6188,61.6705],[173.7801,61.6054],[173.8521,61.6003],[173.9136,61.6113],[173.9723,61.6452],[174.0629,61.669],[174.1265,61.7126],[174.2535,61.7477],[174.693,61.7894],[174.9596,61.9001],[175.269,61.9632],[175.414,62.0388],[175.6648,62.1219],[176.0212,62.2045],[176.3684,62.2571],[176.4307,62.2817],[176.494,62.3331],[176.5738,62.3627],[176.9889,62.4715],[177.5627,62.5191],[178.0261,62.4867],[178.1142,62.4492],[178.2763,62.4148],[178.9439,62.3019],[179.0162,62.2424],[179.1111,62.2242],[179.2347,62.2532],[179.2845,62.3003],[179.2876,62.3255],[179.262,62.3539],[179.2948,62.3946],[179.264,62.4298],[179.3809,62.4265],[179.4558,62.445],[179.5153,62.4824],[179.5639,62.5583],[179.687,62.5961],[179.7354,62.6638],[179.7336,62.7509],[179.6987,62.7948],[179.6927,62.8411],[179.5958,62.9079],[179.4338,62.9346],[179.4064,62.9797],[179.4119,62.9942],[179.5094,63.0081],[179.5559,63.031],[179.5767,63.0629],[179.5585,63.1294],[179.439,63.2227],[179.174,63.3122],[178.9908,63.469],[178.9352,63.573],[178.865,63.8393],[178.7836,64.007],[178.6133,64.1699],[178.3922,64.4154],[178.2862,64.4816],[178.2183,64.4892],[178.1464,64.4764],[178.1111,64.451],[178.1114,64.4267],[178.2071,64.3277],[177.9781,64.2622],[177.9161,64.2745],[177.6021,64.4251],[177.5316,64.5044],[177.5277,64.5275],[177.5521,64.5777],[177.5983,64.6102],[177.5994,64.6453],[177.8979,64.6327],[177.921,64.6051],[177.9981,64.5856],[178.1456,64.6111],[178.2509,64.5859],[178.4038,64.59],[178.4154,64.5528],[178.4566,64.5292],[178.5337,64.5124],[178.6206,64.5165],[178.9161,64.6103],[179.1472,64.706],[179.334,64.7426],[179.5777,64.7637],[179.6804,64.8322],[179.7962,64.8745],[179.922,64.9547],[179.9999,64.9791],[180,69.0557],[179.459,69.2912],[178.9318,69.4281],[178.4627,69.5075],[178.0549,69.5191],[177.5469,69.6412],[177.1872,69.6564],[177.0107,69.6824],[176.5547,69.7766],[176.164,69.9245],[175.7704,69.9308],[175.1342,69.8931],[174.6266,69.8948],[174.4964,69.9015],[174.1849,69.9575],[173.6525,69.945],[173.5503,69.9777],[173.4468,69.9826],[173.2059,69.9608],[173.0637,69.9072],[172.9685,69.9324],[172.9164,70.0042],[172.8297,70.0313],[172.7258,70.0312],[172.4826,69.9928],[172.2596,70.0229],[171.8743,70.0464],[171.4631,70.1034],[171.2298,70.1106],[171.0176,70.1399],[170.7905,70.1386],[170.5425,70.1767],[170.3676,70.1585],[170.2808,70.1156],[170.3192,70.0671],[170.4188,70.0451],[170.3675,69.9112],[170.4183,69.8616],[170.413,69.8088],[170.265,69.826],[170.0284,69.8221],[169.828,69.7643],[169.8084,69.7447],[169.8091,69.7166],[169.9194,69.6596],[170.0202,69.6387],[170.0008,69.6076],[170.0157,69.5736],[170.1007,69.5385],[170.31,69.5239],[170.4906,69.5479],[170.532,69.5075],[170.5441,69.4544],[170.6119,69.4177],[170.6186,69.3456],[170.7277,69.3086],[170.7838,69.2662],[170.781,69.2313],[170.7437,69.1682],[170.7531,69.1471],[170.8676,69.091],[170.6991,69.0069],[170.4938,68.9579],[170.4183,68.9177],[170.2217,68.8857],[170.1398,68.8555],[169.7593,68.8215],[169.6869,68.8212],[169.5915,68.8496],[169.5635,68.8781],[169.5948,68.9303],[169.5607,69.0414],[169.5286,69.0761],[169.4244,69.1221],[169.1997,69.133],[168.9984,69.206],[168.7675,69.255],[168.4094,69.2692],[168.3699,69.3744],[168.438,69.5259],[168.4202,69.5691],[168.8733,69.5074],[169.1797,69.5047],[169.2774,69.5175],[169.3931,69.5714],[169.4653,69.6566],[169.4525,69.7106],[169.547,69.7437],[169.614,69.8089],[169.5821,69.8724],[169.4956,69.9291],[169.4173,69.9548],[169.1285,69.9989],[168.9679,69.9908],[168.5709,70.0683],[168.1651,70.0509],[167.9051,69.9882],[167.7776,69.9309],[167.622,69.8168],[167.492,69.7489],[167.1,69.5846],[166.971,69.561],[166.719,69.5873],[166.5522,69.5571],[166.4065,69.5538],[166.2045,69.5653],[165.8285,69.6212],[165.2607,69.6448],[164.9577,69.6198],[164.6738,69.6284],[164.383,69.7006],[164.2455,69.7823],[164.0646,69.8028],[163.8977,69.7926],[163.7846,69.7373],[163.6929,69.7248],[163.2775,69.7576],[162.8044,69.6948],[162.6356,69.7209],[162.4782,69.7112],[162.341,69.7282],[162.141,69.6809],[162.0829,69.7033],[161.9935,69.711],[161.2826,69.6546],[161.1762,69.7024],[160.9807,69.7356],[160.8755,69.7319],[160.7975,69.7007],[160.4377,69.729],[159.9437,69.8249],[159.9302,69.913],[160.0091,69.9654],[160.0925,70.057],[160.157,70.1588],[160.2275,70.2127],[160.2508,70.2618],[160.1793,70.419],[160.0432,70.5465],[159.7818,70.6967],[159.3052,70.8523],[158.5793,71.0021],[158.1274,71.0581],[157.2956,71.1142],[156.0226,71.1315],[154.5104,71.0172],[153.9212,70.9415],[153.1095,70.8787],[152.5645,70.8761],[152.4526,70.892],[152.3156,70.9456],[152.2449,70.9846],[152.1704,71.063],[152.0797,71.1074],[151.9732,71.2061],[151.8078,71.3059],[151.7094,71.3447],[151.3793,71.4596],[151.1312,71.5024],[150.9108,71.5146],[150.352,71.6945],[150.2328,71.7119],[150.2229,71.7968],[150.2805,71.8369],[150.2922,71.8854],[150.223,71.9726],[149.9662,72.1011],[149.7138,72.1781],[149.4084,72.244],[148.4824,72.3711],[147.6748,72.3901],[147.061,72.3644],[146.8809,72.4073],[146.0282,72.5316],[144.3995,72.6929],[143.3604,72.7442],[142.1144,72.7651],[141.7308,72.8091],[141.4903,72.8818],[140.8871,72.9313],[140.6187,72.9129],[140.5318,72.8749],[140.5531,72.819],[140.5917,72.7781],[140.802,72.6822],[140.8088,72.5989],[140.7676,72.5743],[140.5191,72.5369],[140.276,72.5793],[140.1745,72.5687],[140.0441,72.53],[139.8626,72.5493],[139.4945,72.5339],[139.1462,72.4022],[138.9998,72.3104],[138.9604,72.2499],[138.9747,72.2039],[139.0044,72.1741],[139.0987,72.1384],[139.2321,72.1251],[139.2502,72.0457],[139.193,71.9683],[139.1894,71.9262],[139.2086,71.9014],[139.335,71.8654],[139.5492,71.8718],[139.5978,71.8129],[139.6103,71.6878],[139.6634,71.6248],[139.633,71.5486],[139.4146,71.555],[139.2932,71.6174],[139.2189,71.6338],[139.1523,71.7236],[139.0677,71.7652],[138.9769,71.7831],[138.9108,71.8676],[138.876,71.887],[138.6458,71.9349],[138.4649,71.9492],[138.35,71.9349],[138.1724,71.8626],[138.1613,71.8406],[138.1972,71.809],[138.206,71.7232],[138.0688,71.6539],[138.0207,71.6459],[137.7976,71.6585],[137.4278,71.6508],[137.2219,71.6399],[136.9288,71.5982],[136.6598,71.6494],[136.4991,71.6464],[136.0863,71.7041],[135.7765,71.7106],[135.5387,71.6858],[134.8851,71.5562],[134.7314,71.5191],[134.5736,71.439],[134.3283,71.4143],[134.1484,71.4243],[133.7025,71.5034],[133.4983,71.5591],[133.2989,71.6416],[133.1714,71.7332],[133.2186,71.8038],[133.4173,71.794],[133.4962,71.8157],[133.5237,71.8473],[133.4527,71.9247],[133.3095,71.9874],[133.2001,72.0167],[133.0888,72.0259],[132.7137,72.0043],[132.5669,71.9756],[132.4648,71.9335],[132.16,71.7239],[132,71.5495],[131.8417,71.2748],[131.7772,71.2216],[131.6964,71.1836],[131.6398,71.1308],[131.6358,71.0212],[131.6008,70.9758],[131.3671,70.8285],[131.2532,70.7823],[131.1806,70.7752],[131.0474,70.8935],[131.0032,70.9811],[130.9529,71.0064],[130.8066,71.0161],[130.6645,70.975],[130.5015,70.9617],[130.2694,71.1069],[129.9828,71.1386],[129.91,71.2381],[129.8688,71.262],[129.6502,71.3109],[129.5226,71.4692],[129.4954,71.5376],[129.453,71.5783],[129.4747,71.6607],[129.6922,71.6515],[129.8009,71.5734],[129.8584,71.478],[129.937,71.4476],[130.1359,71.4502],[130.2002,71.4766],[130.2282,71.5203],[130.2159,71.5792],[130.1352,71.6325],[130.0197,71.6651],[129.8603,71.6641],[129.7748,71.7318],[129.5773,71.8201],[129.4853,71.8906],[129.4829,71.9814],[129.5725,72.0468],[129.751,72.1242],[129.7962,72.231],[129.7801,72.2676],[129.792,72.3518],[129.8104,72.3719],[129.811,72.4594],[129.7742,72.5745],[129.7517,72.5948],[129.7354,72.6755],[129.7199,72.817],[129.7595,72.8835],[129.724,73.0128],[129.6057,73.0721],[129.2175,73.1844],[129.0629,73.2481],[128.7248,73.3343],[128.6096,73.3831],[128.3172,73.4657],[127.9285,73.5503],[127.668,73.5738],[127.0176,73.5714],[126.8293,73.5454],[126.7095,73.5118],[126.6492,73.5143],[126.3686,73.5976],[126.2588,73.6806],[126.034,73.7308],[125.9086,73.7349],[125.727,73.703],[125.4816,73.6886],[125.2314,73.7487],[125.0077,73.7542],[125.0065,73.84],[125.1187,73.8758],[125.1371,73.8943],[125.1289,73.9139],[125.0529,73.941],[124.776,73.9809],[124.6437,73.9841],[124.3347,73.9575],[124.1419,73.9125],[123.9886,73.8574],[123.6945,73.8726],[123.6039,73.8578],[123.5574,73.8309],[123.4699,73.8425],[123.494,73.9267],[123.404,74.0184],[123.3099,74.0406],[123.1558,74.0405],[123.0002,74.0022],[122.9697,73.9761],[122.9128,73.8763],[122.9182,73.8469],[122.9425,73.8282],[123.0868,73.792],[123.1227,73.7119],[123.0549,73.6524],[122.9838,73.489],[123.1666,73.2057],[123.2224,73.1652],[123.2378,73.0808],[123.2092,73.0567],[123.1202,73.0379],[122.9971,73.0975],[122.8335,73.1306],[122.323,73.1268],[122.0077,73.066],[121.8835,72.997],[121.7864,73.0195],[121.5952,73.0255],[121.1387,72.9817],[120.9203,73],[120.6945,73.0406],[120.6568,73.0578],[120.6158,73.1417],[120.5734,73.1696],[120.108,73.2349],[119.5585,73.2098],[119.1756,73.15],[118.8222,73.1849],[118.8142,73.2729],[118.9561,73.3063],[119.056,73.4006],[119.1603,73.4318],[119.197,73.4533],[119.2162,73.486],[119.1746,73.5247],[119.0923,73.5511],[118.6929,73.6113],[117.4229,73.633],[116.6403,73.7196],[116.3061,73.7133],[115.4962,73.7656],[115.1819,73.7416],[114.7484,73.6481],[114.2023,73.6491],[113.7204,73.5859],[113.3373,73.8939],[113.1391,73.9549],[113.0433,74.0097],[113.0553,74.0845],[113.0908,74.1108],[113.3963,74.1797],[113.6535,74.3215],[113.6903,74.3706],[113.6824,74.4039],[113.6493,74.4371],[113.4978,74.5061],[113.2365,74.5564],[113.2043,74.6379],[113.2187,74.6598],[113.2014,74.6931],[113.0376,74.7371],[112.8918,74.7377],[112.748,74.707],[112.7172,74.6808],[112.7206,74.6308],[112.656,74.5734],[112.1269,74.6106],[112.1067,74.6947],[112.3336,74.8194],[112.4041,74.8396],[112.63,74.8457],[112.9533,74.9125],[113.6905,75.1751],[113.8364,75.2467],[113.8954,75.2973],[113.9655,75.4294],[113.9382,75.5038],[113.9323,75.5926],[114.0037,75.6773],[114.1351,75.7801],[114.126,75.8929],[114.0874,75.9361],[113.8366,76.0071],[113.766,76.0443],[113.6879,76.1625],[113.6257,76.2053],[113.6286,76.2881],[113.7183,76.3357],[113.7216,76.3605],[113.7043,76.3829],[113.564,76.4535],[113.3959,76.5036],[113.19,76.5263],[112.9367,76.5309],[112.8195,76.6133],[112.6342,76.6668],[112.345,76.6954],[112.0019,76.6806],[111.3471,76.8157],[110.7979,76.8458],[109.9179,76.7525],[109.4614,76.8077],[108.6867,76.757],[108.3572,76.7984],[107.9787,76.7929],[107.7895,76.7677],[107.7144,76.7356],[107.705,76.7242],[107.7233,76.648],[107.6851,76.5701],[107.444,76.5879],[107.1194,76.5762],[107.0828,76.6533],[107.1068,76.6759],[107.3344,76.7488],[107.4549,76.7704],[107.6591,76.8598],[107.7898,76.8912],[107.9929,76.8847],[108.3631,76.936],[108.4524,76.9601],[108.472,76.9874],[108.3371,77.039],[108.174,77.0645],[107.8415,77.0496],[107.6377,76.9912],[107.4815,77.0478],[107.1644,77.0745],[107.1737,77.1601],[107.5063,77.1614],[107.8387,77.2112],[107.9517,77.2427],[108.0116,77.3037],[107.9687,77.3468],[107.7105,77.4437],[107.4577,77.4518],[107.353,77.4351],[107.3016,77.4108],[107.2215,77.4457],[107.1945,77.4768],[107.0627,77.5068],[106.8528,77.5218],[106.6624,77.5089],[106.479,77.5674],[106.2238,77.5702],[106.0167,77.6028],[105.3831,77.6064],[105.1772,77.6313],[104.9844,77.7062],[104.8396,77.731],[104.5289,77.7428],[104.3266,77.7711],[104.0846,77.7702],[103.9254,77.7558],[103.589,77.6802],[103.3387,77.687],[103.1522,77.6742],[102.7949,77.6107],[102.6646,77.5612],[102.522,77.5675],[102.3705,77.5519],[102.2499,77.5192],[102.1815,77.4389],[101.8878,77.3972],[101.6998,77.3042],[101.1642,77.1375],[101.0045,77.0365],[100.8365,76.978],[100.7747,76.9293],[100.4607,76.974],[100.2997,76.961],[100.2153,76.9282],[100.2311,76.8962],[100.3253,76.871],[100.595,76.8716],[100.6679,76.8475],[100.7638,76.7721],[100.8877,76.7174],[100.9224,76.6408],[100.9148,76.6281],[100.8298,76.5803],[100.717,76.5498],[100.4355,76.5183],[100.061,76.5244],[99.6793,76.5058],[99.4864,76.5099],[99.0319,76.5591],[98.7966,76.5468],[98.6441,76.5125],[98.5942,76.4783],[98.61,76.4451],[98.7179,76.3973],[98.6996,76.3115],[98.2763,76.23],[98.0828,76.2187],[97.668,76.1428],[97.5669,76.1395],[97.3627,76.1613],[97.3245,76.2241],[97.4337,76.353],[97.5653,76.3658],[97.6717,76.4006],[97.6928,76.5237],[97.8487,76.5558],[97.8891,76.5851],[97.9079,76.6357],[97.9558,76.6518],[98.1838,76.6574],[98.3056,76.6976],[98.3158,76.7197],[98.3054,76.7348],[98.2398,76.7638],[98.1889,76.8237],[98.2167,76.9189],[98.1118,76.9612],[97.9412,76.9744],[97.6709,76.9553],[97.4898,76.918],[97.2322,76.9018],[97.1173,76.9017],[96.8781,76.9412],[96.602,76.9244],[96.6114,77.0097],[96.7733,77.0786],[96.8165,77.1178],[96.8175,77.1393],[96.7263,77.1986],[96.6541,77.2206],[96.3523,77.2307],[95.8245,77.1294],[95.5988,77.1127],[95.3335,77.0707],[95.114,77.0182],[95.0271,76.9779],[95.0429,76.946],[95.1153,76.9245],[95.3967,76.9126],[95.4708,76.8527],[95.4463,76.7782],[95.0905,76.7829],[94.6391,76.8276],[94.3914,76.8208],[94.1941,76.7586],[94.1243,76.6846],[93.9763,76.688],[93.8513,76.6723],[93.7982,76.6536],[93.6976,76.58],[93.729,76.5364],[93.8231,76.5105],[94.4207,76.4793],[94.4377,76.3933],[94.3391,76.3622],[94.3262,76.2503],[94.196,76.22],[94.1104,76.2122],[93.8737,76.233],[93.7496,76.2182],[93.5077,76.158],[93.1889,76.1646],[92.658,76.0575],[92.5243,76.0523],[92.2589,76.1086],[92.1204,76.1219],[91.3844,76.101],[91.2415,76.0733],[91.2224,76.0432],[91.2508,76.0241],[91.4415,75.999],[91.4483,75.9144],[91.4195,75.8795],[91.5046,75.845],[91.4998,75.7601],[91.408,75.7263],[91.2377,75.7449],[90.9848,75.7178],[90.8233,75.7192],[90.373,75.6461],[89.8183,75.6588],[89.648,75.6363],[89.5081,75.5945],[89.3862,75.5862],[89.3558,75.5869],[89.3342,75.7033],[89.2879,75.7263],[89.1812,75.743],[88.9467,75.7311],[88.7727,75.7559],[88.6204,75.7579],[88.2824,75.7403],[87.7516,75.6777],[87.685,75.658],[87.6517,75.6133],[87.7538,75.5753],[87.9415,75.5678],[88.1656,75.5878],[88.3184,75.6377],[88.5311,75.6522],[88.7264,75.611],[88.9434,75.6214],[88.9889,75.5496],[88.9288,75.4881],[88.5947,75.434],[88.4722,75.3656],[88.3286,75.3163],[88.0362,75.323],[87.8944,75.3017],[87.8522,75.2722],[87.864,75.251],[87.8334,75.1681],[87.091,75.2095],[86.7598,75.1527],[86.7111,75.1276],[86.6222,75.0343],[86.1902,75.015],[86.0117,74.95],[85.1846,74.9385],[85.0724,74.925],[84.9109,74.8667],[84.8834,74.7589],[84.8952,74.7371],[84.8875,74.6477],[84.7133,74.6134],[84.5987,74.5594],[84.2425,74.5234],[84.0929,74.4927],[84.0507,74.4616],[84.0566,74.4384],[84.1175,74.3821],[84.1748,74.3587],[84.3268,74.3434],[84.5008,74.3621],[84.6785,74.3566],[84.7331,74.2876],[84.7689,74.267],[85.0172,74.2371],[85.0471,74.1637],[84.9801,74.0849],[84.6013,74.1008],[84.1279,74.0677],[83.8784,74.0779],[83.6449,74.1569],[83.3001,74.1894],[83.0918,74.1768],[82.9149,74.1445],[82.8337,74.1489],[82.719,74.1871],[82.535,74.1901],[82.3575,74.1596],[82.2612,74.1103],[82.263,74.0867],[82.2962,74.0551],[82.4719,74.01],[82.7153,74.0006],[83.0439,74.027],[83.3479,73.9963],[83.6244,74.0169],[83.8017,73.958],[84.3298,73.9143],[84.3918,73.8412],[84.3704,73.7622],[83.3787,73.6919],[82.3942,73.7015],[81.5737,73.6735],[81.2013,73.635],[81.0613,73.6376],[80.8696,73.6146],[80.6202,73.6196],[80.2208,73.5892],[79.9817,73.5362],[79.9619,73.4686],[79.9721,73.4485],[80.1508,73.3842],[80.1856,73.3047],[80.1428,73.1621],[80.1951,73.1333],[80.301,73.114],[80.4312,73.0377],[80.5458,73.0196],[80.6489,72.9587],[80.6614,72.8665],[80.6156,72.7927],[80.5052,72.7259],[80.5265,72.6202],[80.5669,72.5889],[80.5886,72.5185],[80.5459,72.4331],[80.6005,72.3843],[80.7242,72.3447],[80.7835,72.2878],[80.8905,72.2245],[80.8844,72.1263],[80.179,72.2242],[79.83,72.3348],[79.5549,72.3987],[78.5998,72.4357],[78.4449,72.5629],[78.2481,72.609],[77.901,72.6453],[77.5911,72.6546],[77.3504,72.6096],[77.1452,72.5354],[77.0229,72.4594],[76.8514,72.4271],[76.7605,72.3868],[76.6771,72.3093],[76.7071,72.186],[76.6802,72.1041],[76.1955,72.0371],[75.8997,71.9499],[75.8141,71.9039],[75.8175,71.8817],[75.8769,71.8397],[75.9557,71.7429],[76.1527,71.5625],[76.2358,71.5244],[76.5772,71.4248],[77.0103,71.3588],[77.1436,71.304],[77.1313,71.2182],[75.9356,71.2687],[75.5386,71.3334],[75.5335,71.4169],[75.6592,71.5138],[75.6726,71.6481],[75.6337,71.6896],[75.4755,71.7376],[75.4264,71.7738],[75.4223,71.8576],[75.5732,71.9525],[75.6833,72.1178],[75.8709,72.167],[75.9144,72.2052],[75.8525,72.3269],[75.7592,72.3708],[75.768,72.4539],[75.8169,72.4695],[75.8523,72.5023],[75.8338,72.5447],[75.6622,72.6289],[75.6478,72.7106],[75.6584,72.7475],[75.6359,72.7676],[75.0849,72.9216],[75.0658,73.0064],[75.0933,73.036],[75.0301,73.0768],[74.7085,73.1449],[74.4915,73.1684],[74.2035,73.1508],[74.0432,73.1013],[73.9746,73.0637],[73.9409,73.0255],[73.9408,72.9861],[73.9701,72.958],[74.1739,72.8817],[74.5681,72.7842],[74.7483,72.6743],[74.7985,72.6091],[74.866,72.4663],[74.889,72.3122],[74.8711,72.2392],[74.7481,72.1552],[74.6107,72.1076],[74.2832,72.0294],[73.5534,71.8942],[73.3391,71.8275],[73.2786,71.7744],[73.3053,71.6575],[73.2521,71.5918],[72.9902,71.4983],[72.8657,71.4061],[72.88,71.3759],[72.9278,71.3511],[73.218,71.283],[73.4271,71.195],[73.592,71.0275],[73.6841,70.9824],[73.7491,70.8667],[73.7882,70.8297],[74.1007,70.6761],[74.1529,70.6015],[74.1446,70.5085],[74.0848,70.4485],[73.5512,70.1382],[73.5475,70.1073],[73.603,70.0059],[73.5975,69.9848],[73.5448,69.8931],[73.4926,69.8299],[73.4252,69.7936],[73.3983,69.7393],[73.5103,69.5998],[73.663,69.5207],[73.7428,69.4373],[73.7368,69.3352],[73.6545,69.2286],[73.6408,69.1682],[73.7667,69.0529],[73.8754,69.0282],[74.0683,69.0292],[74.3587,69.0815],[74.5357,69.0749],[74.6574,69.0374],[74.8037,69.0248],[75.2144,69.0664],[75.3351,69.1363],[75.5314,69.1927],[75.6058,69.2029],[75.7743,69.1869],[75.9952,69.19],[76.2854,69.1163],[76.2694,69.0283],[76.0942,69.0188],[75.6006,68.9475],[75.3804,68.9389],[74.7715,68.8443],[74.5223,68.7841],[74.3594,68.7249],[74.3227,68.6933],[74.303,68.6484],[74.2934,68.4731],[74.1975,68.385],[74.1929,68.3545],[74.2346,68.318],[74.4685,68.2135],[74.6385,68.0287],[74.6779,67.9604],[74.6761,67.8886],[74.6563,67.8008],[74.6033,67.7147],[74.4043,67.6139],[74.0501,67.4902],[73.9714,67.4436],[73.7829,67.2949],[73.7823,67.1508],[73.7193,67.0468],[73.6493,66.9984],[73.5246,66.9653],[73.3791,66.8692],[72.9181,66.7607],[72.8143,66.6994],[72.3686,66.634],[72.1707,66.5248],[72.1297,66.4118],[71.9833,66.3036],[71.9113,66.3041],[71.6653,66.3692],[71.2953,66.4047],[71.2896,66.4904],[71.711,66.6187],[71.7797,66.6909],[71.7566,66.7455],[71.7724,66.8282],[72.1331,67.0047],[72.2377,67.0848],[72.3327,67.1177],[72.3657,67.1517],[72.3664,67.2],[72.4212,67.2682],[72.5215,67.2986],[72.616,67.4607],[72.7508,67.553],[72.9053,67.5768],[73.2362,67.6756],[73.2597,67.7027],[73.2755,67.8034],[73.3307,67.8484],[73.335,67.9204],[73.2168,68.0324],[73.2078,68.1182],[73.2898,68.2261],[73.3253,68.2495],[73.5109,68.3291],[73.7029,68.3766],[73.7558,68.4196],[73.7665,68.4663],[73.7462,68.5177],[73.7023,68.5613],[73.2257,68.7617],[72.891,68.854],[72.7754,68.9231],[72.6704,69.0187],[72.64,69.0751],[72.6326,69.166],[72.7658,69.2738],[72.7503,69.3312],[72.8006,69.4742],[72.7892,69.5077],[72.7189,69.5829],[72.7221,69.6689],[72.8074,69.736],[72.8325,69.8034],[72.7894,69.8873],[72.6994,69.9562],[72.6884,70.0413],[72.7486,70.1364],[72.7154,70.1964],[72.6682,70.2259],[72.6657,70.3121],[72.8435,70.3597],[72.8936,70.4169],[72.9018,70.5056],[72.8734,70.5542],[72.8688,70.6445],[72.9131,70.7223],[72.9332,70.8642],[72.82,70.9503],[72.8283,71.0665],[72.7083,71.1574],[72.2374,71.2934],[72.0599,71.4228],[72.0623,71.5132],[72.2648,71.5602],[72.4712,71.6741],[72.5308,71.8176],[72.6435,71.8681],[72.7287,72.0112],[72.7921,72.0601],[72.8671,72.091],[72.9209,72.2028],[73.0167,72.2469],[73.0234,72.277],[72.9649,72.3772],[72.988,72.456],[73.1782,72.5337],[73.159,72.6782],[73.0739,72.7181],[72.9223,72.7497],[71.7849,72.9211],[71.792,73.0073],[71.8795,73.0256],[71.9168,73.0593],[71.8806,73.1436],[71.7908,73.2462],[71.4363,73.4399],[71.1857,73.4975],[70.9958,73.5229],[70.7712,73.5282],[70.2333,73.486],[69.9497,73.4318],[69.8529,73.3945],[69.8268,73.3654],[69.8552,73.2675],[69.85,73.1834],[69.7772,73.0633],[69.7164,73.0066],[69.458,73.0064],[69.2698,72.9783],[69.2143,72.9522],[69.0579,72.8217],[68.8453,72.7042],[68.662,72.4374],[68.5982,72.2697],[68.3903,71.9191],[68.1898,71.7495],[67.8763,71.575],[67.4744,71.466],[67.2457,71.3855],[66.8079,71.3016],[66.6999,71.1979],[66.4549,71.0225],[66.2931,70.8286],[66.2661,70.7572],[66.2602,70.6737],[66.2716,70.6128],[66.3259,70.5404],[66.4652,70.4558],[66.7259,70.3618],[66.841,70.3363],[66.9551,70.3349],[66.9914,70.2551],[66.9739,70.2179],[66.9844,70.1873],[66.9749,70.1213],[66.7905,70.0386],[66.6949,69.9085],[66.6497,69.7944],[66.6401,69.7149],[66.663,69.5512],[66.847,69.3726],[67.0335,69.3172],[67.1847,69.3094],[67.2751,69.328],[67.4333,69.4097],[67.8409,69.4382],[67.8769,69.3609],[67.8775,69.3217],[67.9612,69.2109],[68.1858,69.0722],[68.334,68.9484],[68.5525,68.8747],[68.9214,68.8376],[68.77,68.6191],[68.4414,68.3799],[68.418,68.3424],[68.3019,68.4267],[67.9824,68.4971],[67.732,68.6132],[67.4581,68.7079],[67.5303,68.7321],[67.5509,68.7715],[67.5207,68.8073],[67.416,68.8549],[66.7042,68.9328],[66.5627,69.0213],[66.3329,69.1063],[65.386,69.2362],[65.2408,69.3011],[65.1096,69.3215],[64.6309,69.4795],[64.3911,69.5451],[63.9527,69.6339],[62.7639,69.7731],[62.2237,69.7812],[61.8811,69.8005],[61.7655,69.8238],[61.5576,69.8201],[61.4838,69.8302],[61.3007,69.9023],[61.1984,69.9169],[61.0021,69.8979],[60.8253,69.9166],[60.6217,69.878],[60.6391,69.9136],[60.5793,69.958],[60.365,70.0162],[60.2104,70.0818],[60.2063,70.106],[60.1569,70.1322],[59.9748,70.1471],[59.9056,70.1909],[59.7064,70.2508],[59.553,70.3345],[59.5136,70.3732],[59.2378,70.46],[59.1832,70.5022],[59.0703,70.5208],[58.981,70.5147],[58.8553,70.4797],[58.7031,70.5124],[58.5596,70.5005],[58.5054,70.4601],[58.5456,70.4128],[58.3755,70.4216],[58.2616,70.3978],[58.2398,70.3788],[58.2415,70.3538],[58.2971,70.3044],[58.2014,70.2888],[58.158,70.2514],[58.2072,70.1859],[58.3876,70.1344],[58.4773,70.0349],[58.5561,69.9894],[58.6797,69.9324],[58.8347,69.8934],[58.8925,69.8489],[58.9763,69.8185],[59.0889,69.8003],[59.2015,69.803],[59.305,69.7646],[59.4128,69.7643],[59.3645,69.7338],[59.3754,69.7031],[59.5093,69.6635],[59.9397,69.6071],[60.0369,69.6088],[60.0267,69.5561],[60.0585,69.5291],[60.0786,69.4843],[60.4807,69.2347],[60.4917,69.2134],[60.4816,69.1443],[60.5287,69.0892],[60.619,69.0526],[60.7814,69.0352],[60.8075,68.9754],[60.7851,68.9256],[60.6617,68.8836],[60.5916,68.8227],[60.4215,68.7479],[60.1243,68.7311],[60.0184,68.7591],[59.9183,68.7622],[59.8475,68.7461],[59.6922,68.6738],[59.6561,68.6394],[59.6769,68.5807],[59.8031,68.5014],[59.8305,68.4537],[59.7305,68.4046],[59.6414,68.3841],[59.2666,68.4394],[59.3268,68.5202],[59.2715,68.5639],[59.3296,68.6156],[59.5466,68.6281],[59.607,68.6503],[59.629,68.6813],[59.6208,68.7017],[59.5546,68.737],[59.5685,68.7787],[59.5474,68.8055],[59.4486,68.8345],[59.3069,68.9086],[59.4041,68.9223],[59.4554,68.9458],[59.5649,68.9415],[59.6532,68.9606],[59.6874,68.9902],[59.657,69.0511],[59.4917,69.1254],[59.4622,69.1539],[59.4496,69.2325],[59.3991,69.2729],[59.222,69.3295],[58.9243,69.3853],[58.8466,69.4304],[58.7308,69.4453],[58.7245,69.4881],[58.6571,69.5238],[58.4367,69.5361],[58.3403,69.5043],[58.3067,69.4679],[58.3141,69.4468],[58.3777,69.4158],[58.4903,69.3985],[58.4858,69.3779],[58.5135,69.3526],[58.7621,69.2573],[59.0465,69.2028],[59.0928,69.1208],[59.1543,69.0829],[59.2383,69.0628],[59.2638,69.0328],[59.0329,69.0388],[58.7462,69.0144],[57.7206,68.8238],[57.2091,68.7731],[57.1269,68.7496],[57.023,68.6854],[57.0173,68.6599],[57.0323,68.6399],[57.1395,68.6085],[57.2477,68.6151],[57.3536,68.6582],[57.3469,68.6161],[57.2662,68.584],[57.0938,68.5799],[56.9708,68.5983],[56.8638,68.645],[56.6603,68.6744],[56.3268,68.6413],[56.1771,68.6845],[56.0439,68.6973],[55.8812,68.6836],[55.603,68.6048],[55.3401,68.6019],[54.8925,68.457],[54.8112,68.3736],[54.7105,68.3307],[54.7124,68.2869],[54.7651,68.2552],[54.7535,68.2411],[54.6346,68.3248],[54.5649,68.3435],[54.5514,68.3759],[54.4949,68.3986],[54.3689,68.4039],[54.2295,68.3753],[54.1216,68.3845],[54.0933,68.3994],[54.0781,68.4769],[54.041,68.5311],[53.8799,68.628],[53.9884,68.6763],[54.0047,68.696],[54.0047,68.7423],[54.1065,68.7773],[54.191,68.7542],[54.4107,68.7335],[54.4997,68.7472],[54.5567,68.7821],[54.5539,68.8027],[54.5186,68.8274],[54.3877,68.8649],[54.092,68.8774],[54.4326,68.9045],[54.5617,68.8836],[54.7804,68.9005],[54.9159,68.8624],[55.0335,68.8592],[55.1472,68.8772],[55.2716,68.8473],[55.4034,68.8487],[55.5808,68.8195],[55.7137,68.8459],[55.7467,68.8875],[55.7439,68.9112],[55.6696,68.9465],[55.5069,68.9756],[55.224,68.9773],[55.1379,68.9646],[55.0191,68.9846],[54.9123,69.0243],[54.7798,69.0188],[54.5401,69.0428],[54.0418,69.0318],[53.6128,68.9839],[53.357,68.9432],[52.9203,68.8428],[52.0686,68.6052],[51.6917,68.5471],[51.1798,68.5439],[50.96,68.511],[50.781,68.4553],[50.5802,68.3403],[50.0701,68.1595],[49.205,67.9155],[48.9258,67.8818],[48.8537,67.8937],[48.6827,67.9586],[48.5112,67.9541],[48.4625,67.9261],[48.4634,67.9011],[48.6413,67.8213],[48.6294,67.7506],[48.4621,67.6991],[48.3856,67.7173],[48.2956,67.7154],[48.1209,67.6714],[48.0247,67.6931],[47.9461,67.6915],[47.72,67.6055],[47.7024,67.5728],[47.7294,67.5163],[47.8017,67.4608],[47.7598,67.4101],[47.6342,67.3378],[47.6439,67.2557],[47.5582,67.1975],[47.5914,67.1414],[47.6244,67.1221],[47.6223,67.0486],[47.5364,66.9795],[47.4857,66.9657],[47.3339,66.9655],[46.9151,66.8941],[46.7083,66.8797],[46.6409,66.9094],[46.5685,66.9197],[46.3998,66.9123],[46.1984,66.8784],[45.9698,66.9092],[45.9149,66.932],[45.8319,67.0043],[45.8141,67.0467],[45.759,67.0866],[45.7504,67.1389],[45.6902,67.1898],[45.1839,67.3035],[45.0455,67.3571],[45.039,67.3766],[45.0628,67.4318],[45.1292,67.4841],[45.2492,67.5293],[45.3416,67.5283],[45.4227,67.5551],[45.4813,67.6378],[45.4703,67.6725],[45.5504,67.6995],[45.8746,67.7048],[45.9943,67.7335],[46.3497,67.7683],[46.7035,67.7544],[46.8186,67.7893],[46.8476,67.846],[46.8342,67.8996],[46.6705,68.035],[46.6607,68.1334],[46.4301,68.2586],[46.4968,68.284],[46.5136,68.3139],[46.5011,68.3451],[46.4637,68.3714],[46.3891,68.3982],[46.2792,68.4101],[46.0573,68.4816],[45.5044,68.5718],[45.038,68.5997],[44.0896,68.5822],[43.892,68.6255],[43.8151,68.6591],[43.5223,68.7096],[43.2461,68.7123],[43.1734,68.693],[43.1421,68.6598],[43.2046,68.5905],[43.4486,68.4905],[43.8809,68.3641],[44.0824,68.281],[44.0884,68.2076],[44.0565,68.0838],[44.009,68.0095],[44.0279,67.9576],[43.9732,67.8512],[43.9759,67.8121],[44.0058,67.7838],[44.0023,67.761],[43.9378,67.6962],[43.9066,67.6271],[43.8163,67.5477],[43.6731,67.364],[43.6327,67.2625],[43.6452,67.194],[43.6895,67.1591],[43.8589,67.1055],[44.0531,67.1041],[44.1636,67.0455],[44.2007,67.0063],[44.3547,66.9114],[44.3363,66.8792],[44.3498,66.8453],[44.2638,66.8176],[44.2246,66.7786],[44.2633,66.7092],[44.3271,66.667],[44.2507,66.5765],[44.2447,66.5404],[44.1062,66.453],[44.0654,66.3931],[44.0109,66.3514],[43.943,66.2376],[43.81,66.2484],[43.686,66.3321],[43.4637,66.3754],[43.4116,66.4219],[43.3179,66.4583],[43.1298,66.4684],[42.7522,66.4509],[42.6621,66.4907],[42.3772,66.554],[42.2301,66.5676],[42.1138,66.5543],[41.997,66.5144],[41.8465,66.3885],[41.7412,66.3518],[41.6196,66.255],[41.482,66.2017],[41.3822,66.1435],[41.0026,66.0624],[40.6331,66.0185],[40.3218,65.8226],[40.0634,65.7308],[39.7862,65.6674],[39.6755,65.6116],[39.6101,65.5471],[39.5725,65.4495],[39.5873,65.3436],[39.6568,65.2857],[39.7983,65.2101],[39.9057,65.1246],[39.9261,65.0906],[40.0257,65.0315],[40.0841,64.9345],[40.0889,64.8971],[40.1368,64.8433],[39.8753,64.8016],[39.7278,64.7142],[39.6542,64.6075],[39.5801,64.6048],[39.3684,64.6858],[39.1672,64.7144],[38.9522,64.7858],[38.6097,64.8211],[38.4064,64.8968],[38.1544,64.8995],[37.9847,64.93],[37.8399,64.9817],[37.8233,65.0376],[37.7429,65.0799],[37.2468,65.1932],[37.0661,65.2212],[36.9715,65.2199],[36.9212,65.2511],[36.8438,65.2645],[36.7562,65.2581],[36.6799,65.2288],[36.6624,65.1894],[36.7068,65.1539],[36.6976,65.1138],[36.7302,65.0783],[36.6746,64.9927],[36.6081,64.9757],[36.503,64.9875],[36.396,64.977],[36.3192,64.9357],[36.3157,64.8983],[36.3459,64.8408],[36.3779,64.8167],[36.4261,64.6912],[36.5002,64.6653],[36.6145,64.6648],[36.8118,64.4986],[37.0246,64.3617],[37.3132,64.2885],[37.2349,64.246],[37.2397,64.213],[37.2908,64.1837],[37.4028,64.1726],[37.4884,64.2001],[37.5028,64.2204],[37.4885,64.2516],[37.3823,64.2893],[37.4952,64.3251],[37.6239,64.3024],[37.718,64.3214],[37.7948,64.3026],[37.8256,64.2749],[37.7784,64.2416],[37.7729,64.1949],[37.8279,64.1323],[37.8774,64.1123],[37.9144,64.0752],[37.9122,64.0566],[37.814,64.0948],[37.6973,64.0789],[37.6634,64.0504],[37.664,64.0291],[37.7425,63.9839],[37.7647,63.955],[37.5709,63.9308],[37.5191,63.8964],[37.5129,63.8539],[37.4695,63.8443],[37.3942,63.8478],[37.4183,63.8764],[37.4116,63.9079],[37.3059,63.9419],[37.2971,63.9655],[37.2603,63.9874],[37.2794,64.0306],[37.2579,64.0585],[37.3016,64.0733],[37.3291,64.1023],[37.3341,64.1365],[37.3067,64.1654],[37.1772,64.2041],[37.0639,64.189],[37.0211,64.1517],[37.0355,64.121],[37.0967,64.0799],[37.0575,64.0671],[37.0245,64.0937],[36.9699,64.1078],[36.9584,64.1644],[36.8731,64.1996],[36.8272,64.2507],[36.6414,64.3063],[36.6121,64.3461],[36.5458,64.3764],[36.4309,64.3944],[36.334,64.3783],[36.2937,64.4196],[36.2142,64.4425],[36.0272,64.4333],[35.7155,64.4616],[35.6888,64.4791],[35.7375,64.5078],[35.7415,64.545],[35.8177,64.577],[35.832,64.6079],[35.7666,64.6631],[35.6342,64.733],[35.4659,64.738],[35.3651,64.6865],[35.3656,64.6551],[35.389,64.6368],[35.4859,64.6176],[35.5479,64.5788],[35.496,64.5444],[35.4955,64.5121],[35.5288,64.4855],[35.4956,64.4709],[35.4321,64.4614],[35.3502,64.4963],[35.3612,64.5178],[35.352,64.5384],[35.2895,64.5674],[35.2041,64.5727],[35.1317,64.5532],[35.0688,64.5644],[35.2018,64.6452],[35.2058,64.6725],[35.1761,64.7019],[35.2183,64.7229],[35.2326,64.7539],[35.3151,64.7625],[35.3654,64.7915],[35.3666,64.8226],[35.348,64.8417],[35.2315,64.8651],[35.3524,64.8984],[35.4759,64.8943],[35.5389,64.9182],[35.6307,64.9027],[35.8022,64.9042],[36.0748,64.9689],[36.1432,65.0169],[36.1421,65.0495],[36.1185,65.0757],[36.3301,65.1099],[36.3813,65.1329],[36.3951,65.169],[36.3677,65.1968],[36.3194,65.212],[36.1262,65.2131],[36.0159,65.2446],[35.8442,65.2198],[35.6357,65.2183],[35.4882,65.193],[35.4074,65.1625],[35.3749,65.1089],[35.4418,65.0358],[35.3195,64.9967],[35.1656,65.025],[35.1443,65.0871],[35.0974,65.1121],[34.9242,65.1204],[34.9242,65.1584],[34.9056,65.1773],[34.7505,65.2777],[34.6894,65.2948],[34.7009,65.3224],[34.6885,65.3401],[34.8089,65.4033],[34.8297,65.4732],[34.9091,65.5225],[34.9186,65.5629],[35.0435,65.5843],[35.0662,65.6038],[35.068,65.6276],[35.1467,65.6688],[35.1841,65.7482],[35.1667,65.7797],[35.1681,65.8293],[34.9898,65.8965],[34.9478,65.932],[34.8553,65.9502],[34.8215,66.0044],[34.6434,66.102],[34.1976,66.2683],[34.1212,66.2836],[34.0048,66.3529],[33.9939,66.3798],[34.0111,66.4222],[33.9647,66.4569],[33.8821,66.485],[33.7597,66.4869],[33.6767,66.5188],[33.6557,66.5416],[33.809,66.5619],[33.8357,66.5907],[33.8164,66.6219],[34.006,66.6322],[34.1774,66.611],[34.3503,66.5105],[34.4414,66.4881],[34.5903,66.4904],[34.8384,66.5422],[35.1049,66.433],[35.2101,66.4165],[35.3005,66.3723],[35.4838,66.3368],[36.5162,66.2229],[36.7528,66.2309],[36.9276,66.2113],[37.2909,66.1541],[37.5863,66.0692],[37.8482,66.0381],[38.3899,66.0034],[38.7491,66.0125],[38.9589,66.0554],[39.1524,66.0525],[39.5184,66.1322],[39.8026,66.162],[40.063,66.209],[40.3487,66.3255],[40.4669,66.3417],[40.6825,66.4279],[40.764,66.4411],[40.8287,66.4826],[40.824,66.5273],[40.843,66.5499],[41.207,66.715],[41.3628,66.8216],[41.4225,66.9391],[41.5038,67.0106],[41.5074,67.0349],[41.4878,67.0569],[41.5303,67.0907],[41.5376,67.1188],[41.4737,67.16],[41.494,67.1991],[41.4437,67.2456],[41.3428,67.2687],[41.2231,67.2717],[41.2495,67.3338],[41.2562,67.4017],[41.2208,67.4549],[41.1443,67.4992],[41.1332,67.5546],[41.1768,67.6273],[41.1057,67.7209],[40.9863,67.7699],[40.856,67.7797],[40.75,67.8372],[40.5228,67.8855],[40.3914,67.949],[40.2309,67.9844],[40.108,68.0381],[40.0424,68.1067],[39.9714,68.1527],[39.8484,68.1952],[39.738,68.2087],[39.6443,68.1943],[39.6017,68.1596],[39.6275,68.1156],[39.4622,68.1485],[39.2965,68.2224],[39.1145,68.2671],[39.0764,68.3064],[38.8497,68.3606],[38.7358,68.4171],[38.4501,68.4524],[38.2219,68.5287],[38.0772,68.6135],[37.9598,68.6509],[37.9202,68.6789],[37.9222,68.7006],[37.9012,68.7204],[37.8074,68.7496],[37.6922,68.7558],[37.6636,68.7928],[37.6276,68.8094],[37.1846,68.9004],[36.8332,69.01],[36.5673,69.073],[36.5092,69.1046],[36.111,69.1867],[35.9588,69.2407],[35.2499,69.3073],[35.0843,69.3006],[35.0077,69.2658],[34.8698,69.3004],[34.5498,69.3128],[34.5441,69.3482],[34.4972,69.3743],[34.2749,69.4224],[34.1227,69.4379],[33.9588,69.4265],[33.868,69.3977],[33.82,69.3619],[33.6222,69.3569],[33.6376,69.3878],[33.6281,69.419],[33.5207,69.4626],[33.2494,69.4773],[32.9047,69.5214],[33.0654,69.5501],[33.2046,69.6141],[33.2689,69.698],[33.2694,69.7301],[33.1577,69.7893],[32.9571,69.8246],[32.6553,69.8522],[32.1388,70.0021],[31.8564,70.005],[31.7773,69.9787],[31.716,69.8924],[31.5855,69.9069],[31.4377,69.8899],[31.3822,69.8513],[31.4014,69.7929],[30.8953,69.845],[30.8176,69.7948],[30.8887,69.7381],[30.8836,69.7089],[30.9458,69.6784],[30.9263,69.6727],[30.9542,69.6323],[30.9444,69.5802],[30.9395,69.5619],[30.8125,69.5287],[30.5228,69.5406],[30.224,69.6531],[30.1578,69.668],[30.0853,69.6581],[30.0913,69.6428],[30.1378,69.6435],[30.1881,69.5692],[30.1857,69.5509],[30.1241,69.5186],[30.1175,69.4714],[30.0335,69.4242],[29.9427,69.4054],[29.85,69.4227],[29.7277,69.3903],[29.6929,69.3626],[29.5736,69.3187],[29.3896,69.3217],[29.2963,69.2989],[29.2767,69.2533],[29.3137,69.236],[29.2855,69.1689],[29.2537,69.1626],[29.2421,69.113],[29.0567,69.0152],[28.9293,69.0519],[28.4158,68.9155],[28.468,68.8854],[28.6613,68.8864],[28.8008,68.8693],[28.7064,68.7322],[28.4339,68.5397],[28.6462,68.1963],[29.3271,68.0745],[29.6594,67.803],[30.017,67.6736],[29.9302,67.5225],[29.6209,67.3489],[29.6349,67.3329],[29.5276,67.3113],[29.4905,67.2628],[29.0717,66.9944],[29.039,66.9564],[29.0332,66.9255],[29.0605,66.8531],[29.1167,66.8036],[29.1036,66.7957],[29.3546,66.6412],[29.3826,66.5984],[29.4163,66.5924],[29.5196,66.4963],[29.7035,66.2756],[29.6947,66.2707],[29.9233,66.1271],[29.9811,66.044],[29.9971,65.9788],[30.0242,65.9667],[30.0685,65.895],[30.1171,65.7593],[30.1385,65.6687],[30.0171,65.6965],[29.7219,65.6371],[29.8639,65.5604],[29.733,65.4725],[29.7314,65.374],[29.7466,65.3474],[29.6018,65.2599],[29.634,65.2316],[29.7641,65.2289],[29.8857,65.2063],[29.8936,65.193],[29.8193,65.1443],[29.8924,65.1074],[29.7327,65.0913],[29.627,65.0606],[29.5993,64.9951],[29.6192,64.9597],[29.611,64.9273],[29.6449,64.8665],[29.6997,64.8372],[29.6875,64.8188],[29.7396,64.7898],[30.0429,64.7929],[30.0865,64.774],[30.0414,64.7412],[30.0537,64.713],[30.1358,64.649],[30.1301,64.6347],[29.9894,64.5876],[29.987,64.5339],[30.0297,64.5006],[30.0244,64.483],[30.0583,64.4509],[30.0449,64.402],[30.1099,64.365],[30.2102,64.3505],[30.3669,64.2997],[30.3608,64.2813],[30.3883,64.2691],[30.4824,64.2623],[30.5078,64.2242],[30.4664,64.2044],[30.5534,64.1322],[30.5536,64.1017],[30.528,64.0489],[30.4919,64.017],[30.3209,63.9095],[30.2604,63.822],[29.9723,63.7573],[30.2442,63.6073],[30.2643,63.5818],[30.3845,63.5455],[30.4835,63.467],[30.7877,63.4053],[30.8492,63.3694],[30.9299,63.3566],[30.9791,63.3078],[31.1426,63.2628],[31.2376,63.2197],[31.2553,63.1462],[31.2266,63.1491],[31.1504,63.1125],[30.9636,63.0991],[30.8702,63.0668],[30.8407,63.04],[30.8029,62.9221],[30.5907,62.8379],[30.3902,62.8],[30.222,62.8627],[30.2014,62.8135],[30.13,62.7918],[30.1465,62.767],[30.0517,62.7396],[30.0469,62.7296],[30.071,62.7154],[30.0538,62.6993],[29.9426,62.6801],[29.8725,62.7088],[29.8499,62.7044],[29.8402,62.6647],[29.9007,62.6369],[29.9,62.6252],[29.7784,62.6031],[29.7201,62.5639],[29.786,62.4724],[29.7922,62.4397],[29.775,62.413],[29.613,62.3735],[29.5601,62.3334],[29.5127,62.3196],[29.4942,62.2769],[29.3692,62.1649],[29.398,62.0897],[29.604,61.9331],[29.4681,61.8578],[29.3369,61.751],[29.258,61.7153],[29.2223,61.6612],[29.179,61.6429],[29.0842,61.6508],[28.9819,61.6286],[28.7203,61.7747],[28.6613,61.7894],[28.515,61.738],[28.5562,61.6495],[28.5418,61.6279],[28.2912,61.5982],[28.2294,61.561],[28.2108,61.5217],[28.1744,61.5243],[28.1071,61.4732],[28.033,61.446],[27.9382,61.3671],[27.7473,61.3388],[27.6505,61.2643],[27.6059,61.2537],[27.5228,61.263],[27.4081,61.2511],[27.3415,61.186],[27.1795,61.1426],[26.9096,61.1356],[26.7565,61.1111],[26.6329,61.0749],[26.5265,61.0164],[26.591,60.9641],[26.6061,60.9314],[26.6611,60.9298],[26.6879,60.9081],[26.6295,60.9074],[26.6006,60.868],[26.7236,60.8292],[26.8087,60.7327],[26.8417,60.6513],[26.7682,60.6772],[26.7414,60.6671],[26.7421,60.6527],[26.7867,60.6065],[26.7709,60.5934],[26.7792,60.5826],[26.8472,60.5549],[26.9378,60.4277],[26.9456,60.3677],[26.9044,60.276],[26.9325,60.2162],[26.9704,60.1948],[27.045,60.1885],[27.1485,60.2119],[27.3043,60.217],[27.4874,60.2785],[27.5787,60.2545],[27.5358,60.2155],[27.5594,60.1746],[27.6416,60.1553],[27.7146,60.1633],[27.7724,60.1882],[27.7749,60.2301],[27.737,60.2523],[27.6376,60.2664],[27.7113,60.3046],[27.7267,60.3444],[27.8204,60.3896],[27.903,60.3536],[27.9604,60.3544],[28.0425,60.381],[28.1015,60.3576],[28.1771,60.3585],[28.2302,60.386],[28.2445,60.4303],[28.3319,60.397],[28.3224,60.3474],[28.4447,60.2642],[28.6493,60.2108],[28.7203,60.2152],[28.7919,60.2411],[28.8741,60.2172],[28.9385,60.1541],[28.9904,60.1362],[29.1272,60.113],[29.3724,60.1102],[29.482,60.1144],[29.5932,60.1463],[29.7735,60.1341],[29.5665,60.0692],[29.5356,60.0444],[29.5328,60.0118],[29.2135,60.0414],[29.066,60.0276],[28.905,59.9303],[28.9101,59.8879],[28.9527,59.8548],[28.7459,59.8381],[28.5948,59.8879],[28.5145,59.8953],[28.3917,59.8504],[28.3265,59.7562],[28.1614,59.8518],[28.1027,59.8656],[28.0339,59.8579],[27.9973,59.8379],[27.9824,59.7926],[27.9396,59.7664],[27.9033,59.7099],[27.9049,59.6345],[27.9991,59.5933],[28.0028,59.5702],[27.9402,59.4781],[27.8884,59.4498],[27.6189,59.4632],[27.4141,59.4934],[26.9762,59.4834],[26.7976,59.5614],[26.5963,59.6098],[26.6251,59.6433],[26.6237,59.6702],[26.571,59.7126],[26.5221,59.7248],[26.4528,59.7165],[26.4199,59.6946],[26.417,59.6672],[26.4764,59.6021],[26.4217,59.5985],[26.2815,59.6329],[26.174,59.6306],[26.0811,59.6741],[25.9172,59.6771],[25.8622,59.7181],[25.8074,59.7334],[25.6519,59.7117],[25.5732,59.6809],[25.4569,59.6937],[25.3948,59.6549],[25.2899,59.6711],[25.2162,59.6315],[25.1707,59.6297],[25.0232,59.6879],[24.9472,59.6925],[24.8818,59.6631],[24.8775,59.6109],[24.7439,59.6369],[24.6234,59.5993],[24.5963,59.6309],[24.5542,59.6474],[24.4492,59.6385],[24.3854,59.5891],[24.3825,59.5616],[24.4047,59.5267],[24.294,59.5071],[24.2464,59.461],[24.1093,59.4309],[24.0333,59.4365],[23.9555,59.4089],[23.8038,59.3867],[23.7708,59.3645],[23.7682,59.3311],[23.5634,59.2688],[23.5227,59.2757],[23.4843,59.3211],[23.4202,59.3453],[23.3148,59.3443],[23.2779,59.3239],[23.2715,59.2919],[23.311,59.2581],[23.4006,59.224],[23.3899,59.1813],[23.4337,59.1306],[23.3512,59.1021],[23.1673,59.0985],[23.0704,59.0737],[23.0182,59.0373],[22.9265,59.0335],[22.7813,59.0495],[22.7798,59.0951],[22.7207,59.1238],[22.5665,59.1394],[22.5087,59.1176],[22.4867,59.0759],[22.4137,59.0594],[22.2943,58.9974],[22.2034,58.9832],[22.0632,58.9956],[21.9973,58.9818],[21.9501,58.9363],[21.9843,58.889],[22.1772,58.8333],[22.3519,58.8402],[22.3415,58.8067],[22.3774,58.7606],[22.3733,58.7148],[22.4388,58.6575],[22.4234,58.6282],[22.2671,58.6192],[22.1527,58.586],[22.0763,58.5359],[21.9101,58.5672],[21.7915,58.5431],[21.7481,58.5131],[21.7455,58.4747],[21.7749,58.4431],[21.6801,58.3548],[21.6757,58.3078],[21.8496,58.2006],[21.9578,58.1787],[22.033,58.1274],[21.8867,57.9725],[21.894,57.938],[21.9678,57.8676],[22.0117,57.8501],[22.0825,57.8518],[22.2807,57.9579],[22.2935,57.9758],[22.2852,58.0085],[22.3355,58.0783],[22.3407,58.1371],[22.4513,58.0733],[22.5498,58.046],[22.6433,58.0688],[22.6567,58.101],[22.6411,58.1237],[22.6674,58.1689],[22.7458,58.1128],[22.8527,58.1086],[22.8929,58.1274],[22.9064,58.1595],[22.833,58.2114],[22.9138,58.2504],[23.0343,58.2632],[23.0662,58.3091],[23.15,58.3401],[23.1756,58.3668],[23.3626,58.3823],[23.4658,58.484],[23.5068,58.4992],[23.5493,58.4922],[23.5481,58.4342],[23.6126,58.391],[23.6916,58.3033],[23.8222,58.2856],[23.9014,58.2574],[23.8389,58.2341],[23.8144,58.1981],[23.8617,58.0913],[23.9209,58.056],[23.9735,58.049],[24.056,58.0654],[24.0969,58.0968],[24.1165,58.1547],[24.1912,58.1717],[24.2459,58.2256],[24.376,58.2486],[24.3577,58.1773],[24.3755,58.1446],[24.3659,58.0975],[24.3806,58.0712],[24.3125,57.9838],[24.2382,57.8416],[24.2533,57.7734],[24.2451,57.6998],[24.2706,57.6609],[24.2657,57.5494],[24.3109,57.3673],[24.3141,57.2688],[24.2685,57.2266],[24.141,57.1584],[23.9636,57.1057],[23.8988,57.0593],[23.7437,57.0232],[23.6034,57.0209],[23.5528,57.0765],[23.4049,57.0908],[23.33,57.1231],[23.3257,57.1703],[23.2705,57.245],[23.2685,57.2828],[23.2088,57.3851],[23.0079,57.4482],[22.8743,57.5392],[22.731,57.5971],[22.6648,57.6704],[22.689,57.7742],[22.641,57.8029],[22.5591,57.8049],[21.9904,57.6539],[21.8086,57.6447],[21.6434,57.605],[21.5177,57.4635],[21.4483,57.4293],[21.423,57.3848],[21.3372,57.3093],[21.3301,57.0874],[21.2928,57.0243],[21.1921,56.9621],[21.0124,56.8828],[20.9673,56.8427],[20.9677,56.7059],[20.9004,56.5276],[20.9119,56.4519],[20.8851,56.3509],[20.8963,56.2085],[20.9835,56.0419],[20.9657,55.8972],[21.0956,55.8929],[21.1437,55.8725],[21.2295,55.8719],[21.2904,55.852],[21.3645,55.7824],[21.3704,55.7589],[21.348,55.7398],[21.4089,55.6892],[21.458,55.6091],[21.4967,55.5803],[21.5157,55.5017],[21.5962,55.4314],[21.5881,55.4021],[21.6067,55.3728],[21.6686,55.3555],[21.7061,55.3217],[21.7143,55.2928],[21.7575,55.2877],[21.7739,55.3134],[21.8422,55.3217],[21.8662,55.3141],[21.8624,55.2821],[22.0508,55.2306],[22.2137,55.2124],[22.187,55.1981],[22.1855,55.1781],[22.1568,55.175],[22.1837,55.1747],[22.192,55.1528],[22.5383,55.1356],[22.5918,55.1128],[22.6035,55.0956],[22.592,55.0735],[22.65,55.0493],[22.8406,55.087],[22.9463,55.0837],[23.0527,55.1057],[23.314,55.0679],[23.4139,55.0742],[23.5822,55.0343],[23.6014,54.962],[23.6398,54.9344],[23.7583,54.9305],[23.9172,54.8877],[23.9474,54.859],[23.9739,54.8948],[24.0285,54.8634],[24.0415,54.8853],[24.0879,54.9003],[24.2355,54.827],[24.241,54.8096],[24.2156,54.8027],[24.139,54.8137],[24.151,54.7753],[24.0831,54.7002],[24.1318,54.6633],[24.0734,54.6482],[24.0662,54.6057],[24.0425,54.5945],[23.9962,54.6419],[23.9694,54.6456],[23.9499,54.6283],[24.0068,54.6047],[24.0092,54.5862],[23.8865,54.536],[23.99,54.4914],[24.0079,54.5015],[23.9917,54.5141],[24.0113,54.5456],[24.0686,54.5545],[24.0999,54.5414],[24.1006,54.5171],[24.0484,54.5045],[24.0731,54.4449],[24.0477,54.4301],[24.0453,54.4091],[24.0765,54.3962],[24.0934,54.3682],[24.0656,54.3604],[24.0141,54.3786],[24.035,54.3466],[24.0268,54.3181],[24.0405,54.3111],[23.9897,54.3009],[23.9996,54.2654],[23.9708,54.2494],[23.9509,54.1938],[23.9907,54.1675],[24.0638,54.1857],[24.1212,54.1606],[24.1823,54.1566],[24.1713,54.1389],[24.127,54.1315],[24.1555,54.1109],[24.1601,54.0729],[24.1362,54.0636],[24.0361,54.0793],[23.9907,54.0221],[23.9677,54.0312],[23.9359,54.0155],[23.9005,53.9496],[23.831,53.9517],[23.8023,53.9368],[23.8123,53.908],[23.7553,53.8788],[23.8514,53.808],[23.8373,53.7773],[23.7782,53.7299],[23.7775,53.6733],[23.7455,53.6446],[23.761,53.6175],[23.7504,53.5942],[23.8127,53.5865],[23.8105,53.565],[23.852,53.5397],[23.8383,53.5215],[23.7631,53.5328],[23.7483,53.5126],[23.8063,53.494],[23.7603,53.475],[23.76,53.4612],[23.8098,53.4524],[23.7816,53.3471],[23.7936,53.3079],[23.7188,53.2816],[23.7706,53.1737],[23.7318,53.0802],[23.749,53.0542],[23.6185,52.9571],[23.6185,52.9298],[23.6494,52.9308],[23.6797,52.8865],[23.7394,52.8528],[23.6785,52.8124],[23.6192,52.8091],[23.5957,52.7514],[23.5145,52.7155],[23.4853,52.5947],[23.358,52.5728],[23.3535,52.521],[23.3017,52.5104],[23.0625,52.6339],[23.0826,52.5936],[23.0686,52.5697],[23.0832,52.5296],[23.0733,52.4984],[23.1185,52.4814],[23.1255,52.4644],[23.0792,52.4116],[23.0823,52.3813],[23.1547,52.3681],[23.1365,52.3437],[23.1763,52.3288],[23.1894,52.3073],[23.1785,52.2832],[23.2035,52.2772],[23.2072,52.2258],[23.365,52.2083],[23.4256,52.176],[23.5073,52.1752],[23.4836,52.1676],[23.4881,52.1527],[23.557,52.1116],[23.6187,52.1088],[23.61,52.1012],[23.6537,52.0733],[23.6427,52.0608],[23.6656,52.0386],[23.6594,52.0191],[23.6886,51.9919],[23.6319,51.9512],[23.645,51.936],[23.6168,51.9237],[23.6179,51.9032],[23.6385,51.896],[23.6285,51.8746],[23.6079,51.8771],[23.6024,51.8307],[23.6426,51.8027],[23.6264,51.7806],[23.532,51.7436],[23.5592,51.6662],[23.5406,51.6608],[23.5401,51.6021],[23.5781,51.5576],[23.5657,51.5508],[23.5721,51.5319],[23.6115,51.5289],[23.6309,51.4911],[23.668,51.484],[23.649,51.4517],[23.6835,51.4453],[23.7023,51.4106],[23.6398,51.332],[23.6503,51.2945],[23.6972,51.2891],[23.7269,51.2613],[23.7396,51.2148],[23.8666,51.1503],[23.8523,51.1199],[23.879,51.0774],[23.9083,51.0779],[23.9298,51.0385],[23.9223,51.013],[23.9614,50.9839],[23.9748,50.9492],[24.052,50.8917],[24.1433,50.8593],[24.0965,50.8365],[23.9963,50.8394],[23.9579,50.7955],[23.9749,50.7737],[24.0177,50.7699],[24.0213,50.7221],[24.0745,50.7142],[24.064,50.6792],[24.0827,50.6714],[24.0873,50.6382],[24.1538,50.6465],[24.229,50.5861],[24.296,50.5744],[24.3856,50.6065],[24.413,50.5866],[24.3989,50.5742],[24.4061,50.5609],[24.4501,50.5403],[24.5297,50.5519],[24.5554,50.5135],[24.5228,50.4797],[24.4686,50.4855],[24.4964,50.4601],[24.5004,50.4162],[24.5459,50.4064],[24.5712,50.4283],[24.6547,50.4103],[24.7222,50.3731],[24.7131,50.3436],[24.7802,50.3395],[24.8665,50.3608],[24.8854,50.3588],[24.8854,50.3459],[24.9372,50.3455],[24.9297,50.379],[24.9405,50.3889],[25.0167,50.3418],[25.059,50.3426],[25.0526,50.306],[25.0751,50.2934],[25.2047,50.279],[25.2037,50.2553],[25.1659,50.211],[25.2151,50.18],[25.1971,50.1311],[25.3201,50.0159],[25.4028,49.9861],[25.4009,49.9546],[25.4265,49.9429],[25.4201,49.9156],[25.4612,49.8871],[25.4766,49.8247],[25.5075,49.8147],[25.5395,49.7762],[25.6312,49.7857],[25.6514,49.7429],[25.7407,49.7136],[25.7644,49.7411],[25.8192,49.7549],[25.8223,49.7402],[25.7979,49.7438],[25.8298,49.7276],[25.8709,49.7378],[25.9361,49.7172],[25.9254,49.716],[25.9386,49.7045],[25.9769,49.7183],[26.1234,49.725],[26.1607,49.7137],[26.1753,49.7244],[26.268,49.6712],[26.2662,49.6421],[26.2079,49.6098],[26.2192,49.5522],[26.1753,49.5497],[26.1413,49.5109],[26.1818,49.4878],[26.194,49.4294],[26.2354,49.3987],[26.2226,49.3772],[26.2446,49.3549],[26.2268,49.3502],[26.2264,49.3251],[26.2601,49.2902],[26.2412,49.2781],[26.2594,49.264],[26.2429,49.2416],[26.2051,49.2458],[26.183,49.196],[26.2111,49.1617],[26.1981,49.1626],[26.2039,49.0983],[26.1921,49.0776],[26.2128,49.0744],[26.1842,49.0576],[26.2149,49.013],[26.213,49.0004],[26.1792,48.9989],[26.2077,48.9886],[26.2058,48.9765],[26.1763,48.9717],[26.2036,48.9584],[26.1996,48.9206],[26.1847,48.9179],[26.2245,48.903],[26.2051,48.8981],[26.2027,48.8628],[26.2393,48.8183],[26.259,48.8155],[26.2256,48.8136],[26.236,48.7951],[26.2114,48.8015],[26.2122,48.7832],[26.2344,48.7792],[26.2313,48.7605],[26.246,48.756],[26.2324,48.7505],[26.2438,48.7388],[26.2244,48.6831],[26.2802,48.6681],[26.2738,48.6537],[26.309,48.6547],[26.2879,48.6405],[26.3227,48.6273],[26.2923,48.6261],[26.3528,48.5881],[26.3595,48.5794],[26.3402,48.5747],[26.3622,48.5609],[26.3603,48.5418],[26.3771,48.5478],[26.3754,48.563],[26.4435,48.5387],[26.48,48.5465],[26.5537,48.4651],[26.6028,48.4511],[26.6255,48.4601],[26.6121,48.5059],[26.6821,48.4852],[26.7133,48.5018],[26.6694,48.5408],[26.6208,48.5399],[26.6203,48.5523],[26.6582,48.5601],[26.7329,48.5339],[26.7425,48.562],[26.7204,48.5842],[26.7312,48.5876],[26.7786,48.547],[26.7959,48.5678],[26.7798,48.5935],[26.8045,48.61],[26.8265,48.603],[26.8414,48.5592],[26.8752,48.5423],[26.9065,48.5516],[26.9219,48.5745],[26.9647,48.5759],[26.9762,48.5934],[27.0053,48.572],[27.1078,48.558],[27.1706,48.581],[27.2503,48.5684],[27.2469,48.6105],[27.2597,48.6233],[27.3183,48.6021],[27.3521,48.6277],[27.4038,48.6217],[27.452,48.5966],[27.4857,48.4989],[27.5196,48.4705],[27.5936,48.4923],[27.6041,48.4881],[27.5912,48.4615],[27.6421,48.4421],[27.7485,48.4579],[27.7863,48.447],[27.8735,48.405],[27.8821,48.373],[27.9584,48.3267],[28.0705,48.3193],[28.0907,48.2989],[28.0793,48.2461],[28.0973,48.2322],[28.1582,48.2617],[28.1799,48.255],[28.1927,48.21],[28.2138,48.2052],[28.353,48.2464],[28.3658,48.2022],[28.3057,48.1582],[28.3139,48.1355],[28.3517,48.1366],[28.3851,48.1755],[28.4161,48.1762],[28.437,48.15],[28.4213,48.125],[28.4635,48.0742],[28.4973,48.0655],[28.4961,48.1115],[28.5133,48.1209],[28.6324,48.0863],[28.6237,48.065],[28.608,48.0757],[28.5816,48.0442],[28.5467,48.0385],[28.5295,48.006],[28.5433,47.9975],[28.5685,47.9956],[28.5936,48.0347],[28.6858,48.0267],[28.7367,47.9786],[28.7885,47.9854],[28.8317,47.9439],[28.8206,47.907],[28.8332,47.8983],[29.0055,47.8673],[29.0244,47.849],[28.9669,47.7205],[28.9976,47.6465],[28.986,47.6088],[29.0285,47.5678],[29.0275,47.5165],[29.1188,47.4635],[29.0757,47.4183],[29.1641,47.3462],[29.1308,47.3265],[29.0843,47.3575],[29.072,47.344],[29.1796,47.2137],[29.1432,47.1621],[29.104,47.1486],[29.0687,47.1136],[29.0719,47.1007],[29.1223,47.0747],[29.1586,47.1227],[29.1846,47.1123],[29.1795,47.1545],[29.2043,47.1633],[29.238,47.1515],[29.2302,47.165],[29.2469,47.165],[29.2893,47.1427],[29.3036,47.1049],[29.3508,47.0994],[29.3889,47.0605],[29.3822,47.0259],[29.3615,47.0344],[29.377,47.0013],[29.3087,46.986],[29.2945,46.9974],[29.2926,46.9837],[29.3609,46.9341],[29.4277,46.9643],[29.4689,46.9508],[29.4651,46.9058],[29.4989,46.8381],[29.4944,46.798],[29.5549,46.7817],[29.5827,46.7989],[29.581,46.8229],[29.6141,46.8332],[29.5998,46.818],[29.6616,46.8105],[29.668,46.7517],[29.6935,46.7058],[29.6693,46.6807],[29.7243,46.6593],[29.7228,46.6697],[29.7598,46.6693],[29.7777,46.6387],[29.7298,46.6005],[29.7883,46.5792],[29.8164,46.6012],[29.8137,46.5893],[29.8319,46.5993],[29.8302,46.5867],[29.8742,46.587],[29.8618,46.5693],[29.8961,46.5513],[29.8748,46.5582],[29.9126,46.5225],[29.9047,46.516],[29.9497,46.4964],[29.9579,46.5062],[29.9556,46.4936],[29.992,46.5028],[29.9911,46.4787],[30.0232,46.4688],[29.9969,46.4647],[30.0261,46.4528],[30.0218,46.443],[30.061,46.4432],[30.055,46.4343],[30.0774,46.4239],[30.1007,46.4365],[30.131,46.4118],[30.1494,46.4268],[30.1721,46.4159],[30.1908,46.4429],[30.2456,46.429],[30.2596,46.3899],[30.2994,46.3482],[30.2857,46.3416],[30.2694,46.2649],[30.372,46.2257],[30.4548,46.1142],[30.4635,46.0786],[30.5142,46.0533],[30.6086,46.1467],[30.7288,46.3077],[30.7971,46.3579],[30.8248,46.4456],[30.7914,46.5198],[30.8571,46.5178],[31.1699,46.5899],[31.4081,46.5577],[31.4551,46.5726],[31.5085,46.5148],[31.6865,46.397],[31.7283,46.3457],[31.6687,46.2861],[31.6287,46.281],[31.5997,46.2957],[31.5845,46.3794],[31.5517,46.4024],[31.4918,46.3958],[31.4619,46.358],[31.4638,46.31],[31.4919,46.2669],[31.6172,46.1995],[32.0124,46.1394],[32.4728,46.0391],[32.9149,45.9745],[33.0323,45.9706],[33.1096,45.9851],[33.1283,46.0097],[33.108,46.0428],[32.9823,46.0721],[33.0558,46.0764],[33.0898,46.0958],[33.1363,46.0873],[33.1493,46.0478],[33.1855,46.0303],[33.2502,46.0494],[33.3383,46.0393],[33.4254,45.9926],[33.5266,45.9928],[33.566,46.0182],[33.578,45.9721],[33.5647,45.9485],[33.5804,45.9203],[33.5138,45.9126],[33.2425,45.7893],[33.2063,45.8378],[33.1451,45.8365],[33.1182,45.8079],[33.104,45.7514],[32.9219,45.6902],[32.7702,45.5974],[32.5284,45.4972],[32.4375,45.4254],[32.4264,45.3906],[32.4441,45.3325],[32.4741,45.3119],[32.6533,45.2772],[32.7687,45.328],[32.8875,45.326],[33.0209,45.253],[33.1187,45.1724],[33.2399,45.1125],[33.3013,45.1123],[33.4035,45.1533],[33.4715,45.1095],[33.5456,45.0052],[33.5555,44.8829],[33.5095,44.8607],[33.4823,44.8003],[33.4916,44.6723],[33.4637,44.649],[33.3356,44.6065],[33.3271,44.5714],[33.4559,44.4664],[33.5859,44.4528],[33.6141,44.3986],[33.7174,44.3522],[33.8709,44.367],[33.9737,44.355],[34.1525,44.3948],[34.2067,44.4615],[34.266,44.47],[34.3186,44.5064],[34.3849,44.5215],[34.4529,44.6396],[34.4953,44.6832],[34.7407,44.7739],[34.9173,44.7791],[34.9753,44.7954],[35.0313,44.7661],[35.103,44.7592],[35.169,44.7989],[35.1964,44.8675],[35.2754,44.892],[35.302,44.9251],[35.3791,44.9101],[35.4191,44.9203],[35.4427,44.9486],[35.4383,44.9698],[35.4745,44.9999],[35.4612,45.0559],[35.5622,45.0918],[35.7031,45.0596],[35.8286,44.9611],[35.9699,44.976],[36.0458,45.013],[36.2304,44.9907],[36.2847,45.0171],[36.411,45.0315],[36.4911,45.0699],[36.5059,45.1071],[36.4772,45.1399],[36.4576,45.1999],[36.4977,45.2523],[36.5405,45.2179],[36.5762,45.1364],[36.6143,45.1051],[36.7193,45.0734],[36.8833,45.0695],[37.1182,45.0006],[37.244,44.9338],[37.2467,44.8776],[37.3273,44.7743],[37.3275,44.7447],[37.4568,44.6611],[37.7299,44.6113],[37.8519,44.6475],[37.8587,44.6117],[37.8905,44.5801],[38.0484,44.5039],[38.1687,44.3873],[38.2681,44.3732],[38.3588,44.3326],[38.5512,44.313],[38.7514,44.2538],[38.8387,44.1642],[38.967,44.1275],[39.0007,44.0681],[39.0451,44.0572],[39.1136,43.9936],[39.2615,43.9107],[39.569,43.6411],[39.6515,43.6044],[39.6919,43.5428],[39.828,43.477],[39.8703,43.4034],[39.9146,43.3703],[40.0609,43.3395],[40.2035,43.2874],[40.2366,43.1631],[40.3087,43.1156],[40.3521,43.1072],[40.3929,43.1282],[40.5011,43.1014],[40.575,43.0525],[40.8181,43.0421],[40.9485,42.9455],[41.0209,42.9475],[41.0578,42.8275],[41.112,42.7691],[41.2617,42.7524],[41.4075,42.7026],[41.4639,42.5746],[41.5033,42.3841],[41.5522,42.3403],[41.5855,42.2493],[41.5818,42.1866],[41.6073,42.1258],[41.6994,42.0036],[41.7154,41.908],[41.7681,41.9121],[41.7832,41.8936],[41.8782,41.8859],[41.9376,41.8954],[41.9606,41.8839],[41.9633,41.8519],[42.0818,41.802],[42.1147,41.8235],[42.1944,41.8194],[42.2411,41.7857],[42.4127,41.846],[42.4622,41.8061],[42.502,41.7969],[42.5171,41.7426],[42.502,41.715],[42.5871,41.6206],[42.6009,41.5849],[42.6981,41.6007],[42.7752,41.5783],[42.8279,41.5874],[42.833,41.5685],[42.7972,41.5165],[42.8013,41.498],[42.8577,41.4726],[42.8722,41.4999],[42.8961,41.5017],[42.8987,41.4807],[42.9678,41.4508],[43.0221,41.3743],[43.0929,41.3581],[43.1422,41.3174],[43.2146,41.3017],[43.1356,41.2572],[43.152,41.2455],[43.195,41.2522],[43.2311,41.1762],[43.3751,41.2033],[43.4416,41.1784],[43.4719,41.1278],[43.4474,41.0993],[43.4714,41.0682],[43.4684,41.0312],[43.5783,40.9931],[43.6715,40.937],[44.1423,40.848],[44.4005,40.8243],[44.7415,40.7028],[44.9496,40.7275],[45.1413,40.6933],[45.4121,40.5734],[45.5036,40.4829],[45.6653,40.3684],[46.0438,40.7569],[46.1366,40.8224],[46.267,40.8821],[46.3692,40.9026],[46.6122,40.9358],[46.7268,40.9233],[46.7546,40.9816],[46.8197,41.3477],[47.0353,41.2507],[47.1193,41.2432],[47.1983,41.263],[47.2711,41.3524],[47.2601,41.3956],[47.2242,41.3985],[47.2422,41.4448],[47.2184,41.4456],[47.1919,41.4883],[47.1581,41.4991],[47.1719,41.5219],[47.1354,41.5478],[47.1129,41.5948],[47.0753,41.5784],[47.0725,41.559],[47.0195,41.556],[47.0163,41.58],[46.9911,41.5998],[47.0089,41.6228],[46.9995,41.6413],[46.9274,41.6767],[46.915,41.7266],[46.869,41.719],[46.8312,41.7601],[46.8078,41.7615],[46.7716,41.7953],[46.7809,41.8119],[46.7613,41.8559],[46.7229,41.8485],[46.7115,41.8271],[46.6243,41.8346],[46.5853,41.8028],[46.5568,41.8216],[46.5539,41.8603],[46.527,41.8843],[46.5008,41.8877],[46.4485,41.8632],[46.3991,41.9402],[46.3565,41.9334],[46.3389,41.9463],[46.3243,41.932],[46.2849,41.9443],[46.2336,42.0155],[46.1595,41.9897],[46.1305,42.006],[46.1082,41.9858],[46.0789,42.0357],[46.0435,42.02],[45.9831,42.0428],[45.9492,42.0272],[45.9124,42.0627],[45.9206,42.0798],[45.9006,42.1027],[45.8039,42.1168],[45.7891,42.1031],[45.7412,42.1331],[45.7395,42.1519],[45.6519,42.1858],[45.607,42.224],[45.6501,42.2899],[45.7264,42.2914],[45.7514,42.3069],[45.7388,42.3822],[45.7753,42.432],[45.7754,42.482],[46.1247,43.3472],[46.3867,43.4799],[46.3813,43.4949],[46.4071,43.5022],[46.4136,43.5301],[46.4335,43.5383],[46.4308,43.5749],[46.4125,43.5942],[46.4459,43.6281],[46.4551,43.6631],[46.5136,43.7047],[46.5525,43.7564],[46.6433,43.7829],[46.6587,43.8343],[46.7029,43.8741],[47.2852,43.9731],[47.4171,44.0402],[47.3377,44.1355],[47.2882,44.2512],[47.2303,44.284],[47.1395,44.2833],[47.0905,44.3804],[46.9772,44.4657],[46.9342,44.619],[46.9986,44.6545],[47.0339,44.7764],[47.0737,44.7518],[47.1269,44.7509],[47.1752,44.769],[47.2596,44.8416],[47.3008,44.9317],[47.3075,44.9945],[47.3558,45.0764],[47.3688,45.1442],[47.4265,45.2168],[47.4847,45.2488],[47.5343,45.4047],[47.6097,45.4799],[47.6316,45.5296],[47.7073,45.5841],[47.7369,45.648],[47.8454,45.7015],[48.1376,45.7034],[48.2631,45.7333],[48.4324,45.9286],[48.5107,45.9769],[48.5823,45.9045],[48.6464,45.8978],[48.736,45.9252],[48.7715,45.9588],[48.7978,46.0251],[48.9749,46.1107],[49.0839,46.2236],[49.1221,46.306],[49.1253,46.4099],[49.1475,46.4329],[49.236,46.4317],[49.3249,46.4065],[49.5987,46.4455],[49.7598,46.4001],[49.8275,46.4083],[49.928,46.4543],[49.9676,46.4927],[49.9843,46.5415],[50.0681,46.5616],[50.175,46.6609],[50.2285,46.6522],[50.2777,46.6638],[50.352,46.7355],[50.4021,46.7282],[50.4669,46.7474],[50.5008,46.725],[50.5787,46.7199],[50.6297,46.7449],[50.6647,46.8165],[50.7618,46.813],[50.8271,46.8758],[50.9112,46.9117],[51.0469,46.8861],[51.2079,46.9412],[51.3172,46.9339]]],[[[101.0405,77.7176],[100.9292,77.6894],[100.9131,77.6526],[100.9777,77.6277],[101.3338,77.5595],[101.71,77.5494],[101.8349,77.569],[101.889,77.5998],[101.8575,77.635],[101.6043,77.7181],[101.2561,77.7311],[101.0405,77.7176]]],[[[98.2992,76.8725],[98.3785,76.8333],[98.5412,76.8183],[98.7184,76.8372],[98.7621,76.8554],[98.7717,76.8759],[98.6963,76.915],[98.5324,76.931],[98.3646,76.9153],[98.3239,76.9027],[98.2992,76.8725]]],[[[86.6704,75.2731],[86.6928,75.2979],[86.6753,75.3174],[86.498,75.3506],[86.1152,75.3345],[86.037,75.3186],[85.9974,75.2909],[86.0083,75.2699],[86.0541,75.2479],[86.2089,75.2279],[86.5099,75.2434],[86.6704,75.2731]]],[[[84.4839,74.6343],[84.4969,74.6546],[84.457,74.6908],[84.2994,74.7151],[84.0935,74.7011],[84.0458,74.6844],[84.0187,74.6507],[84.0634,74.6016],[84.1738,74.5809],[84.326,74.5947],[84.4839,74.6343]]],[[[78.4975,72.7664],[78.812,72.6919],[79.2184,72.6746],[79.3753,72.6538],[79.6519,72.6815],[79.6995,72.7017],[79.7479,72.7486],[79.7058,72.8565],[79.7031,72.9367],[79.5021,73.0471],[79.2963,73.1204],[79.3036,73.2101],[79.3407,73.227],[79.348,73.2553],[79.2912,73.2825],[79.187,73.2957],[78.8236,73.29],[78.7153,73.2663],[78.6512,73.2352],[78.6185,73.1986],[78.6307,73.1664],[78.7126,73.1425],[78.847,73.1391],[78.8811,73.0546],[78.7676,72.9909],[78.4903,72.8831],[78.4446,72.834],[78.4552,72.7928],[78.4975,72.7664]]],[[[56.6922,68.8033],[56.6894,68.8238],[56.6501,68.8499],[56.517,68.869],[56.3895,68.8442],[56.332,68.8014],[56.3424,68.7773],[56.3867,68.7546],[56.4929,68.7405],[56.6053,68.7557],[56.6922,68.8033]]],[[[48.0575,68.9211],[48.0746,68.8068],[48.1042,68.7607],[48.3261,68.6711],[49.1325,68.6088],[49.5224,68.6101],[49.66,68.6341],[49.7183,68.6544],[49.7607,68.6891],[49.755,68.7102],[49.718,68.7326],[49.5977,68.7481],[49.9697,68.8697],[50.0844,68.882],[50.2264,68.9227],[50.4159,69.0463],[50.4535,69.0853],[50.4592,69.1141],[50.4389,69.1689],[50.3923,69.2112],[50.1757,69.3167],[49.3817,69.542],[48.9625,69.5497],[48.629,69.499],[48.4089,69.4147],[48.2086,69.3007],[48.1255,69.1999],[48.0821,69.1176],[48.0575,68.9211]]],[[[42.5436,66.6304],[42.6322,66.6122],[42.7331,66.6194],[42.7855,66.6417],[42.8123,66.6942],[42.7909,66.7394],[42.7401,66.7808],[42.5666,66.8279],[42.392,66.8187],[42.3012,66.7645],[42.3032,66.7294],[42.3283,66.709],[42.4456,66.6541],[42.5436,66.6304]]],[[[35.6625,64.7754],[35.7276,64.8168],[35.723,64.8375],[35.6823,64.8634],[35.5418,64.876],[35.4903,64.8626],[35.4564,64.835],[35.4657,64.8023],[35.5128,64.7783],[35.6625,64.7754]]],[[[164.7331,59.6662],[164.6629,59.6807],[164.5971,59.6709],[164.5575,59.6503],[164.5437,59.6112],[164.5725,59.5728],[164.6156,59.5484],[164.7382,59.5486],[164.7777,59.5684],[164.7896,59.5973],[164.7636,59.6452],[164.7331,59.6662]]],[[[163.6858,58.9003],[163.6686,58.8198],[163.6403,58.7712],[163.5731,58.7193],[163.5076,58.6255],[163.3573,58.5981],[163.3114,58.5635],[163.3091,58.5285],[163.4062,58.4174],[163.4725,58.3995],[163.5521,58.4084],[163.5977,58.4429],[163.5976,58.4759],[163.6652,58.5319],[163.8235,58.5961],[163.8919,58.645],[164.006,58.6603],[164.2163,58.7598],[164.304,58.7598],[164.3954,58.7952],[164.6489,58.8191],[164.7181,58.8403],[164.7938,58.9186],[164.7884,58.9594],[164.8328,59.0368],[164.7449,59.1241],[164.7263,59.1898],[164.6896,59.2247],[164.681,59.2604],[164.6347,59.2843],[164.5579,59.2881],[164.318,59.2117],[164.2654,59.16],[163.9679,59.0834],[163.7554,59.0687],[163.6526,59.042],[163.6019,59.0107],[163.5907,58.9789],[163.644,58.9397],[163.7203,58.9369],[163.6858,58.9003]]],[[[167.6487,54.634],[167.7043,54.6044],[167.8001,54.5837],[167.9067,54.5121],[168.0586,54.4474],[168.144,54.4492],[168.1925,54.4895],[168.1769,54.5379],[168.0346,54.6292],[168.0077,54.6869],[167.8415,54.7457],[167.7881,54.8008],[167.6489,54.8425],[167.458,54.9362],[167.3947,54.9401],[167.338,54.9158],[167.3281,54.8756],[167.3863,54.7833],[167.6487,54.634]]],[[[165.9391,55.1476],[165.9787,55.1151],[165.9877,55.0517],[166.0811,54.9723],[166.1037,54.9273],[166.3029,54.7891],[166.4012,54.7739],[166.4747,54.73],[166.4979,54.6955],[166.6331,54.627],[166.7185,54.6288],[166.762,54.6605],[166.7689,54.751],[166.7361,54.8736],[166.666,54.9488],[166.5178,55.0028],[166.4345,55.1178],[166.3364,55.19],[166.3498,55.2505],[166.3897,55.2945],[166.3775,55.3246],[166.3275,55.3678],[166.2642,55.3856],[166.1913,55.3693],[166.002,55.4152],[165.9397,55.4138],[165.8618,55.3727],[165.7053,55.3309],[165.6737,55.3066],[165.6693,55.2813],[165.702,55.2445],[165.6988,55.2058],[165.7213,55.1784],[165.7838,55.161],[165.8606,55.174],[165.9391,55.1476]]],[[[-168.977,65.8652],[-169.0866,65.8743],[-169.1868,65.85],[-169.2191,65.8223],[-169.2458,65.755],[-169.1642,65.7033],[-168.9334,65.6861],[-168.8288,65.6958],[-168.7706,65.7303],[-168.7763,65.7795],[-168.8016,65.8011],[-168.977,65.8652]]],[[[-168.6664,65.6701],[-168.8151,65.6718],[-168.8651,65.6476],[-168.8742,65.6155],[-168.7953,65.5743],[-168.669,65.5784],[-168.6198,65.6016],[-168.6081,65.6228],[-168.6276,65.6532],[-168.6664,65.6701]]],[[[-174.7543,67.4509],[-174.7045,67.4103],[-174.6012,67.3957],[-174.4939,67.4181],[-174.4523,67.4562],[-174.5077,67.5038],[-174.6665,67.535],[-174.7354,67.5245],[-174.7781,67.5005],[-174.7833,67.4813],[-174.7543,67.4509]]],[[[-179.9998,69.0406],[-180,64.9765],[-179.8462,65.018],[-179.7068,65.0842],[-179.5737,65.1103],[-179.428,65.2242],[-179.4068,65.3004],[-179.3603,65.3525],[-179.3532,65.3978],[-179.1433,65.5238],[-179.1493,65.5545],[-179.1925,65.5774],[-179.1536,65.6247],[-179.1666,65.6572],[-179.2358,65.6914],[-179.5207,65.7685],[-179.5992,65.824],[-179.6657,65.9283],[-179.6659,65.9569],[-179.6315,66.0195],[-179.6364,66.0539],[-179.2891,66.0697],[-179.1695,66.1081],[-179.1036,66.1469],[-178.9542,66.1053],[-178.818,66.1121],[-178.8583,66.0879],[-178.9889,66.0905],[-179.05,66.0599],[-179.0496,66.0303],[-178.9707,65.9639],[-178.9679,65.9511],[-179.0061,65.9269],[-179.0057,65.8972],[-178.9465,65.8564],[-178.8428,65.8255],[-178.8199,65.7807],[-178.7006,65.7037],[-178.5576,65.6827],[-178.6078,65.6096],[-178.6166,65.5652],[-178.6644,65.5223],[-178.7694,65.5302],[-178.8562,65.5035],[-178.8656,65.4634],[-178.8237,65.4378],[-178.4362,65.3911],[-177.7488,65.3974],[-177.2169,65.4471],[-177.0917,65.4883],[-177.0246,65.5417],[-176.9652,65.5509],[-176.1718,65.4077],[-176.1562,65.3776],[-176.016,65.2871],[-176.0147,65.2498],[-175.8812,65.1461],[-175.9148,65.1098],[-175.9202,65.0663],[-176.0164,65.0223],[-176.0078,64.9804],[-175.8588,64.9032],[-175.6712,64.8674],[-175.6124,64.84],[-175.5723,64.8092],[-175.5519,64.7624],[-175.51,64.7361],[-175.0527,64.7102],[-174.883,64.7265],[-174.1668,64.5118],[-174.1692,64.4683],[-174.0895,64.3864],[-173.8743,64.3209],[-173.6704,64.2742],[-173.4909,64.2829],[-173.4279,64.2458],[-173.1918,64.1978],[-172.9181,64.2068],[-172.7463,64.2691],[-172.6961,64.3277],[-172.5473,64.3237],[-172.3893,64.3521],[-172.1998,64.3475],[-172.1355,64.3623],[-172.1011,64.3892],[-172.1,64.4106],[-172.1249,64.4388],[-172.2651,64.5051],[-172.2932,64.5324],[-172.3018,64.5565],[-172.2272,64.5821],[-172.2052,64.6119],[-172.2142,64.6328],[-172.2595,64.6572],[-172.1714,64.6899],[-171.9878,64.7155],[-171.9506,64.7363],[-171.9421,64.7671],[-171.9711,64.7979],[-172.0302,64.8218],[-172.2175,64.8747],[-172.3044,64.883],[-172.0048,65.0247],[-171.9734,65.0536],[-171.9694,65.1106],[-172.075,65.2021],[-172.0614,65.2954],[-172.0894,65.3245],[-172.0328,65.416],[-171.5854,65.4616],[-171.3191,65.4723],[-171.1003,65.4186],[-170.9663,65.4291],[-170.871,65.4802],[-170.8379,65.5619],[-170.5465,65.5544],[-170.4192,65.6088],[-170.3723,65.6574],[-170.3864,65.7727],[-170.3514,65.812],[-170.3684,65.856],[-170.3403,65.877],[-170.1721,65.9173],[-170.0668,65.9682],[-169.9519,65.988],[-169.8107,65.9538],[-169.652,65.9626],[-169.5811,66.0018],[-169.5261,66.0823],[-169.5439,66.1271],[-169.6209,66.1803],[-169.9986,66.2452],[-170.1695,66.335],[-170.47,66.3899],[-170.5959,66.4621],[-171.2611,66.7051],[-171.2139,66.7444],[-171.2281,66.7777],[-171.5458,66.8751],[-171.5031,66.9072],[-171.504,66.9317],[-171.5371,66.9618],[-171.6039,66.9855],[-171.9208,67.0305],[-172.1028,67.005],[-172.6456,67.0664],[-172.7396,67.1003],[-172.8769,67.0873],[-173.0486,67.0987],[-173.4681,67.1373],[-173.6292,67.1678],[-173.7161,67.1601],[-173.7868,67.1263],[-174.5498,67.1274],[-174.5501,67.2159],[-174.6009,67.2639],[-174.6268,67.3229],[-174.691,67.4],[-175.1103,67.5743],[-175.1583,67.622],[-175.1321,67.6502],[-175.1626,67.6912],[-175.6393,67.8269],[-175.7125,67.889],[-175.8945,67.9051],[-176.1907,67.9756],[-177.2485,68.2842],[-177.4553,68.3273],[-177.7944,68.4522],[-178.4219,68.6428],[-178.7557,68.7936],[-179.176,68.8868],[-179.2977,68.9266],[-179.3662,68.9698],[-179.539,68.9867],[-179.6915,68.9548],[-179.9998,69.0406]]],[[[143.3999,56.4001],[143.3902,56.4178],[143.3732,56.4099],[143.3999,56.4001]]],[[[150.7662,59.018],[150.8695,59.0669],[150.8767,59.1265],[150.8489,59.1545],[150.7732,59.1858],[150.6957,59.1984],[150.6138,59.1748],[150.59,59.1362],[150.4393,59.0896],[150.3767,59.0438],[150.3587,59.0107],[150.3639,58.986],[150.3974,58.9595],[150.4901,58.9464],[150.6407,58.9604],[150.7662,59.018]]],[[[-141.002,60.3917],[-141.0028,69.7037],[-141.3779,69.7441],[-141.5915,69.8146],[-142.0578,69.9034],[-142.4803,70.0339],[-143.1679,70.1935],[-143.2962,70.2017],[-143.4115,70.1836],[-143.5757,70.1994],[-143.9406,70.1697],[-144.0569,70.1387],[-144.5291,70.0791],[-144.6815,70.0158],[-144.9266,70.04],[-145.065,70.0876],[-145.3355,70.0987],[-145.9818,70.2423],[-146.2061,70.2547],[-146.378,70.2838],[-146.7033,70.2827],[-146.9266,70.3508],[-147.165,70.3509],[-147.226,70.389],[-147.3284,70.4074],[-147.3726,70.4305],[-147.4552,70.4457],[-147.6129,70.4386],[-147.6725,70.4637],[-147.7795,70.4719],[-147.7757,70.4849],[-147.8186,70.52],[-147.8997,70.5421],[-148.052,70.5388],[-148.1236,70.5042],[-148.2925,70.5375],[-148.4115,70.5332],[-148.5028,70.5043],[-148.5155,70.4775],[-148.4938,70.4591],[-148.5043,70.4588],[-148.6518,70.4782],[-148.7873,70.5254],[-148.9803,70.5352],[-149.0905,70.5654],[-149.4074,70.6038],[-149.7192,70.6219],[-149.9295,70.6148],[-150.0336,70.5877],[-150.1179,70.6062],[-150.2381,70.6044],[-150.3232,70.5786],[-150.3453,70.5532],[-150.7952,70.5484],[-150.9298,70.5143],[-151.1899,70.4929],[-151.315,70.4634],[-151.5489,70.4911],[-151.5105,70.5309],[-151.5168,70.5714],[-151.6128,70.5936],[-152.0464,70.8132],[-152.0582,70.8412],[-152.1519,70.8751],[-152.5098,70.9347],[-152.6799,70.9346],[-152.8169,70.9605],[-153.0001,70.9699],[-153.2743,70.971],[-153.5124,70.9359],[-153.9085,70.9377],[-154.4377,71.0236],[-154.6263,71.1007],[-155.0034,71.2001],[-155.4589,71.2686],[-155.7591,71.2852],[-155.8274,71.3287],[-155.9265,71.3577],[-156.4007,71.4354],[-156.5823,71.4277],[-156.6423,71.3961],[-156.7609,71.3729],[-156.9409,71.3112],[-157.3483,71.088],[-157.5325,71.0076],[-157.9315,70.9022],[-158.1715,70.871],[-158.3237,70.872],[-158.546,70.9016],[-158.64,70.9502],[-158.734,70.9631],[-159.2385,70.9203],[-159.7555,70.8305],[-160.4142,70.5613],[-160.6652,70.4764],[-160.9079,70.4157],[-161.3152,70.3473],[-161.8604,70.3819],[-161.9487,70.3747],[-162.4653,70.2172],[-162.6059,70.1468],[-162.8188,69.999],[-163.1336,69.8387],[-163.2837,69.6386],[-163.2896,69.4304],[-163.3332,69.3593],[-163.3806,69.3202],[-163.6508,69.1687],[-164.0204,69.0331],[-164.2794,68.9796],[-164.6387,68.9664],[-165.3571,68.9089],[-165.6209,68.9037],[-166.2002,68.9338],[-166.2784,68.9271],[-166.3475,68.9004],[-166.3661,68.8689],[-166.3273,68.7818],[-166.3333,68.6961],[-166.3713,68.6513],[-166.3677,68.575],[-166.4349,68.5306],[-166.444,68.4785],[-166.5029,68.4561],[-166.9129,68.3853],[-166.9716,68.3561],[-166.9721,68.3224],[-166.8606,68.2875],[-166.652,68.2883],[-166.3648,68.2443],[-166.1776,68.185],[-166.0959,68.1183],[-165.9661,68.0725],[-165.4996,68.0188],[-164.6552,67.6924],[-164.2813,67.5917],[-164.1755,67.5476],[-164.0045,67.3978],[-163.8826,67.215],[-164.0027,67.1726],[-163.9913,67.1479],[-163.9114,67.1047],[-163.7816,67.0698],[-163.0495,66.9866],[-162.8322,66.9269],[-163.6262,66.6242],[-163.9008,66.6427],[-164.4615,66.6265],[-165.1388,66.5285],[-165.7778,66.3974],[-166.7195,66.148],[-167.5208,65.8782],[-168.0772,65.7561],[-168.2002,65.6994],[-168.2293,65.6503],[-168.2187,65.5961],[-168.153,65.5389],[-167.9381,65.4999],[-167.6064,65.3856],[-167.4009,65.3473],[-166.949,65.3079],[-167.0086,65.2767],[-167.0725,65.1998],[-167.0844,65.1557],[-167.073,65.1384],[-166.979,65.0694],[-166.8245,65.0175],[-166.829,64.9993],[-166.7619,64.9635],[-166.5892,64.9083],[-166.5227,64.8711],[-166.5172,64.8574],[-166.5822,64.8221],[-166.5902,64.7389],[-166.4913,64.619],[-166.2863,64.5466],[-166.3539,64.5064],[-166.3512,64.4779],[-166.272,64.4378],[-166.1336,64.4382],[-166.0709,64.4902],[-166.0778,64.5205],[-165.3359,64.4444],[-165.0322,64.388],[-164.7548,64.4078],[-164.3554,64.5084],[-164.1809,64.5196],[-163.9762,64.5083],[-163.8141,64.5312],[-163.5362,64.5036],[-163.3638,64.4456],[-163.242,64.3607],[-162.7958,64.2757],[-162.7281,64.2875],[-162.5579,64.3558],[-162.5179,64.3849],[-162.472,64.4868],[-162.3135,64.5428],[-161.5909,64.3355],[-161.4935,64.3284],[-161.4139,64.3586],[-161.3268,64.334],[-161.0754,64.2067],[-161.0706,64.085],[-161.049,64.0313],[-160.9447,63.9215],[-160.877,63.7969],[-160.8862,63.7714],[-161.0085,63.6777],[-161.0981,63.6561],[-161.14,63.6252],[-161.1424,63.6046],[-161.2021,63.5874],[-161.2852,63.5234],[-161.5934,63.5053],[-161.6878,63.5146],[-161.8404,63.4933],[-161.8962,63.5082],[-161.957,63.5572],[-162.2228,63.5969],[-162.2546,63.6465],[-162.3044,63.672],[-162.3944,63.6883],[-162.5843,63.6914],[-162.7307,63.6512],[-162.8258,63.5849],[-162.7729,63.5297],[-162.6799,63.4916],[-162.4378,63.492],[-162.7003,63.2912],[-162.7395,63.2689],[-162.8709,63.2536],[-162.9377,63.2151],[-162.9582,63.1768],[-163.1187,63.1016],[-163.2525,63.0925],[-163.4552,63.175],[-163.5847,63.2058],[-163.6581,63.2497],[-164.0513,63.3174],[-164.2501,63.3035],[-164.4957,63.2512],[-164.6093,63.1995],[-164.7468,63.1104],[-164.7444,63.0965],[-164.8802,63.0654],[-164.9068,63.0449],[-164.893,63.0191],[-164.9106,63.0052],[-164.8956,62.9486],[-164.918,62.9283],[-164.9159,62.9026],[-164.9966,62.8666],[-165.0363,62.8289],[-164.9867,62.7607],[-165.063,62.734],[-165.1653,62.7359],[-165.2473,62.7099],[-165.259,62.6922],[-165.2481,62.648],[-165.2131,62.6144],[-165.277,62.6092],[-165.3387,62.576],[-165.3462,62.5267],[-165.3884,62.4853],[-165.3796,62.4696],[-165.4468,62.3954],[-165.7336,62.2117],[-165.899,62.127],[-166.0058,62.1234],[-166.0962,62.0735],[-166.1298,62.0253],[-166.076,61.983],[-166.1125,61.8731],[-166.1718,61.8522],[-166.2298,61.7983],[-166.2865,61.6031],[-166.2808,61.5629],[-166.1945,61.4599],[-166.0313,61.3953],[-165.9904,61.3164],[-165.9264,61.267],[-165.8418,61.2396],[-165.7869,61.1981],[-165.7434,61.1252],[-165.6637,61.0578],[-165.4167,61.0125],[-165.3466,61.0154],[-165.2366,61.0501],[-165.3012,60.9902],[-165.3022,60.9664],[-165.263,60.9231],[-165.1705,60.8769],[-165.1775,60.848],[-165.1575,60.8293],[-165.1762,60.7963],[-165.1298,60.7404],[-165.1643,60.7077],[-165.3402,60.6383],[-165.4641,60.6137],[-165.5183,60.566],[-165.5015,60.5262],[-165.3875,60.4595],[-165.2456,60.4427],[-165.1415,60.358],[-164.9719,60.277],[-164.7488,60.2403],[-164.667,60.1802],[-164.5974,60.1582],[-164.4882,60.055],[-164.3429,60.0029],[-164.4497,59.9533],[-164.4157,59.8849],[-164.3543,59.8535],[-164.2746,59.7783],[-164.1345,59.7174],[-164.0133,59.6378],[-163.812,59.6208],[-163.761,59.6397],[-163.7414,59.6644],[-163.7489,59.6864],[-163.7878,59.7092],[-163.8912,59.7138],[-163.9998,59.755],[-163.9937,59.7638],[-163.7077,59.7411],[-163.1508,59.7944],[-163.0256,59.7675],[-162.9533,59.7693],[-162.8687,59.7804],[-162.8261,59.8007],[-162.8181,59.8403],[-162.6986,59.89],[-162.5627,59.8968],[-162.4504,59.8846],[-162.4417,59.8441],[-162.3644,59.8109],[-162.2279,59.8065],[-162.1867,59.8189],[-162.1051,59.75],[-162.0426,59.6707],[-161.8713,59.5248],[-161.9145,59.4693],[-162.0536,59.409],[-162.0648,59.36],[-162.1116,59.3329],[-162.1696,59.2561],[-162.1638,59.2245],[-162.0881,59.1148],[-162.0077,59.0553],[-162.0012,59.0702],[-161.9025,58.9776],[-161.8818,58.9441],[-161.8872,58.8713],[-161.8512,58.808],[-161.963,58.7262],[-162.1656,58.7105],[-162.2598,58.6727],[-162.2777,58.6329],[-162.2303,58.5986],[-162.0818,58.5649],[-161.8637,58.5687],[-161.8609,58.5391],[-161.8176,58.5057],[-161.7042,58.4969],[-161.617,58.5068],[-161.4579,58.586],[-161.2412,58.6399],[-161.1845,58.6118],[-161.1774,58.5426],[-161.141,58.5033],[-161.0958,58.49],[-161.0156,58.5031],[-160.9335,58.4961],[-160.8742,58.5101],[-160.7933,58.5601],[-160.6016,58.7933],[-160.5935,58.8217],[-160.6061,58.8412],[-160.3431,58.8805],[-160.3106,58.8126],[-160.2735,58.7887],[-160.1723,58.7693],[-160.0892,58.8063],[-159.9391,58.7179],[-159.8117,58.7355],[-159.7057,58.7916],[-159.553,58.7805],[-159.4047,58.666],[-159.1514,58.4158],[-159.1622,58.4036],[-159.1484,58.3703],[-159.0789,58.3393],[-158.7727,58.3549],[-158.6382,58.4132],[-158.6019,58.4563],[-158.2131,58.5426],[-158.1489,58.5437],[-158.0728,58.4924],[-158.8927,57.0014],[-158.8936,56.9498],[-159.1739,56.8145],[-159.4258,56.7402],[-159.581,56.6729],[-159.8702,56.5909],[-160.0692,56.4803],[-160.2254,56.4336],[-160.3056,56.3692],[-160.4395,56.2988],[-160.5137,56.203],[-160.5457,56.1153],[-160.6114,56.0692],[-160.9296,56.0794],[-161.2111,56.0674],[-161.4287,56.0116],[-161.8258,55.9427],[-161.9062,55.9122],[-162,55.8499],[-162.1342,55.8091],[-162.1723,55.7735],[-162.2898,55.7249],[-162.5709,55.5158],[-162.6816,55.4632],[-162.8302,55.4294],[-162.9352,55.3821],[-162.9828,55.3356],[-163.1505,55.2295],[-163.568,55.1002],[-163.7703,55.1088],[-163.9127,55.0906],[-164.0475,55.0207],[-164.1579,55.0157],[-164.3042,54.9523],[-164.4182,54.9796],[-164.5311,54.9641],[-164.6278,54.9115],[-164.6512,54.8442],[-164.7793,54.6949],[-164.8769,54.6754],[-164.9995,54.6262],[-165.0362,54.5766],[-164.9956,54.4573],[-164.9013,54.3747],[-164.8054,54.3455],[-164.6171,54.3389],[-164.4871,54.3696],[-164.415,54.3688],[-164.2767,54.4372],[-164.2279,54.5237],[-164.1227,54.5561],[-163.7579,54.572],[-163.5641,54.5396],[-163.5262,54.5517],[-163.5011,54.582],[-163.4359,54.6028],[-163.2251,54.6173],[-163.0257,54.6112],[-162.9548,54.6598],[-162.9686,54.7087],[-163.0709,54.7887],[-163.1418,54.8203],[-163.1373,54.8298],[-163.0623,54.8734],[-163.0195,54.8809],[-162.9678,54.8825],[-162.8939,54.8442],[-162.8468,54.8484],[-162.8043,54.8664],[-162.7908,54.8888],[-162.7326,54.8958],[-162.643,54.9333],[-162.5801,54.9084],[-162.6146,54.8779],[-162.619,54.8452],[-162.6,54.8268],[-162.4831,54.7927],[-162.5332,54.7766],[-162.5549,54.7493],[-162.5263,54.6947],[-162.4674,54.6678],[-162.4904,54.6224],[-162.4642,54.5875],[-162.4798,54.5409],[-162.4285,54.5077],[-162.3659,54.5076],[-162.3218,54.5319],[-162.3173,54.5724],[-162.2794,54.5823],[-162.2314,54.6368],[-162.1067,54.6186],[-162.048,54.6319],[-162.0285,54.6591],[-162.0566,54.7045],[-161.9669,54.7148],[-161.9359,54.6952],[-161.841,54.6845],[-161.6984,54.7474],[-161.6399,54.7362],[-161.5903,54.7498],[-161.5663,54.7848],[-161.5768,54.8142],[-161.6301,54.8403],[-161.6524,54.875],[-161.71,54.8916],[-161.6667,54.9281],[-161.6712,54.9546],[-161.5914,54.9637],[-161.4701,54.9497],[-161.3849,54.974],[-161.3579,54.996],[-161.3613,55.0338],[-161.4176,55.0621],[-161.3754,55.0892],[-161.3136,55.0866],[-161.2547,55.1134],[-161.2532,55.1867],[-161.1591,55.2185],[-161.0586,55.2201],[-161.0129,55.263],[-161.0311,55.2947],[-161.09,55.3166],[-161.1819,55.2893],[-161.2387,55.296],[-160.9028,55.4201],[-160.8606,55.4198],[-160.9513,55.3311],[-160.944,55.2638],[-160.9224,55.2381],[-160.9415,55.1885],[-160.9051,55.1595],[-160.8997,55.0954],[-160.8368,55.0682],[-160.7864,55.0708],[-160.7097,55.1121],[-160.5987,55.0941],[-160.5917,55.0528],[-160.5195,55.0251],[-160.4609,55.0358],[-160.4309,55.0649],[-160.4394,55.1197],[-160.3769,55.1654],[-160.3669,55.1965],[-160.2784,55.2051],[-160.2426,55.2411],[-160.2158,55.3083],[-160.239,55.3403],[-160.2036,55.3358],[-160.156,55.2538],[-160.1301,55.2387],[-160.1497,55.1964],[-160.2853,55.1246],[-160.2619,55.0352],[-160.2444,55.0226],[-160.2929,55.0007],[-160.2977,54.9765],[-160.3434,54.9309],[-160.3432,54.8944],[-160.3158,54.8433],[-160.2581,54.8069],[-160.2077,54.8073],[-160.1554,54.829],[-160.1131,54.8549],[-160.098,54.8854],[-159.9868,54.8912],[-159.953,54.9294],[-159.875,54.9042],[-159.8161,54.9095],[-159.7758,54.9378],[-159.7249,55.0162],[-159.6766,54.9872],[-159.5648,54.9914],[-159.5433,54.9764],[-159.5415,54.924],[-159.5033,54.9008],[-159.4329,54.8945],[-159.3623,54.8283],[-159.2774,54.8112],[-159.2266,54.8207],[-159.1327,54.8855],[-159.1133,54.9303],[-159.1416,54.9605],[-159.2551,55.0062],[-159.2045,55.0408],[-159.2166,55.0874],[-159.2913,55.1146],[-159.4028,55.1242],[-159.4081,55.1744],[-159.4271,55.2011],[-159.4198,55.2499],[-159.398,55.2684],[-159.4153,55.3154],[-159.4826,55.3363],[-159.5444,55.3284],[-159.6091,55.2678],[-159.7327,55.2278],[-159.774,55.3001],[-159.8042,55.324],[-159.8433,55.34],[-159.9371,55.3418],[-159.9964,55.3902],[-160.0506,55.3958],[-160.0593,55.4162],[-160.0412,55.4489],[-159.9519,55.5022],[-159.5382,55.532],[-159.5051,55.5581],[-159.5177,55.5958],[-159.4469,55.6385],[-158,55.6394],[-156.3286,56.75],[-156.3165,57.1055],[-156.2278,57.1625],[-156.2145,57.1952],[-156.2471,57.2438],[-156.1672,57.3459],[-156.0984,57.3798],[-155.9398,57.4129],[-155.8445,57.4975],[-155.668,57.5084],[-155.6455,57.5224],[-155.6395,57.6023],[-155.4599,57.6376],[-155.3609,57.625],[-155.3004,57.6429],[-155.1501,57.75],[-155.1574,57.7847],[-155.0435,57.8124],[-154.994,57.8632],[-154.9423,57.9729],[-154.8938,57.9835],[-154.8009,57.9591],[-154.709,57.9823],[-154.3908,57.9993],[-154.2655,58.0382],[-154.2118,58.0803],[-154.1337,58.1001],[-154.1089,58.146],[-154.059,58.1752],[-154.0391,58.2304],[-153.9701,58.3127],[-153.926,58.3198],[-153.8586,58.3743],[-153.8841,58.4488],[-153.8211,58.4878],[-153.8121,58.5107],[-153.6924,58.4935],[-153.628,58.5083],[-153.5927,58.5423],[-153.4918,58.5555],[-153.447,58.5984],[-153.4788,58.6417],[-153.3716,58.6733],[-153.318,58.713],[-153.2448,58.7075],[-153.187,58.7293],[-153.1659,58.765],[-153.2025,58.8013],[-153.1712,58.8197],[-153.1517,58.8576],[-153.1841,58.9057],[-153.0253,59],[-151.4442,59.0997],[-150.9922,59.1808],[-149.6213,59.5275],[-149.4675,59.7338],[-149.2696,59.8454],[-148.9802,59.8937],[-148.4373,59.8928],[-148.2185,59.8756],[-148.0396,59.769],[-147.9564,59.7441],[-147.6872,59.7417],[-147.5209,59.7741],[-147.3348,59.8339],[-147.281,59.8787],[-147.2712,59.9634],[-147.2434,59.9963],[-147.102,60.0813],[-146.9428,60.1036],[-145.9766,60.3147],[-145.8243,60.3151],[-145.318,60.1798],[-145.0979,60.1461],[-144.776,60.1296],[-144.6073,60.0783],[-144.5397,60.0101],[-144.7778,59.8299],[-144.7781,59.7785],[-144.6768,59.7274],[-144.5422,59.7193],[-144.4105,59.7463],[-144.144,59.9195],[-143.8512,59.9437],[-143.6427,59.9888],[-142.8261,60.0511],[-142.578,60.0435],[-142.2973,60.0118],[-141.9139,59.9583],[-140.9129,59.6985],[-140.4251,59.657],[-139.9029,59.498],[-139.3929,59.3182],[-138.967,59.2116],[-138.6301,59.0773],[-138.2525,58.9894],[-138.0215,58.8615],[-138.0117,58.8418],[-138.0293,58.8056],[-137.996,58.7495],[-137.7759,58.6408],[-137.7622,58.5964],[-137.7208,58.571],[-137.6026,58.5418],[-137.1204,58.3297],[-137.0723,58.3236],[-137.0145,58.3443],[-136.9748,58.2961],[-136.876,58.2476],[-136.8145,58.1888],[-136.6584,58.1456],[-136.5154,58.1806],[-136.5103,58.1534],[-136.6502,58.1026],[-136.6791,58.0143],[-136.6511,57.9938],[-136.6622,57.9203],[-136.6446,57.8838],[-136.4545,57.8308],[-135.8496,56.9852],[-134.846,56.234],[-134.6664,56.1476],[-134.4941,55.9996],[-134.5124,55.9559],[-134.6017,55.9229],[-134.6385,55.8892],[-134.6452,55.8652],[-134.6024,55.8225],[-134.4211,55.7486],[-134.192,55.693],[-134.0467,55.8504],[-134.027,55.892],[-133.9959,55.7952],[-133.9366,55.776],[-133.838,55.7933],[-133.8485,55.7634],[-133.8345,55.7443],[-133.8795,55.7155],[-133.8877,55.6837],[-133.8674,55.6573],[-133.7982,55.6332],[-133.8348,55.5333],[-133.9072,55.434],[-133.874,55.3988],[-133.7691,55.3889],[-133.7614,55.3462],[-133.7784,55.3196],[-133.7756,55.2822],[-133.7076,55.2294],[-133.6912,55.1985],[-133.6115,55.1764],[-133.7905,55.0005],[-133.7416,54.8229],[-133.6489,54.632],[-131.2032,54.6913],[-130.7266,54.6699],[-130.6479,54.6489],[-130.6257,54.738],[-130.659,54.763],[-130.5682,54.7921],[-130.3444,54.9188],[-130.1876,55.0628],[-130.1029,55.1926],[-129.9742,55.2819],[-130.0211,55.3379],[-130.0412,55.4517],[-130.0899,55.498],[-130.1279,55.581],[-130.1116,55.6829],[-130.1477,55.7149],[-130.1524,55.7663],[-130.0038,55.9074],[-130.0175,55.9119],[-129.9298,56.0935],[-129.9628,56.1792],[-130.1001,56.2861],[-130.9296,56.5746],[-131.2647,56.7075],[-132.0996,57.1124],[-132.193,57.2583],[-132.3303,57.7716],[-132.4017,57.9498],[-132.8412,58.4822],[-133.2202,58.8677],[-133.3136,58.9387],[-133.3905,58.9727],[-134.6429,59.3556],[-135.2527,59.9247],[-135.3351,59.9605],[-135.4834,59.9633],[-135.6262,59.9275],[-136.9061,59.4339],[-137.2522,59.3416],[-137.4664,59.3108],[-137.6038,59.322],[-137.7576,59.3836],[-137.8619,59.4646],[-137.8894,59.6344],[-137.9883,59.8172],[-138.4607,60.2071],[-138.7683,60.4084],[-139.2572,60.6301],[-139.3561,60.6409],[-139.4659,60.6139],[-140.2295,60.3677],[-140.3339,60.365],[-140.4602,60.3949],[-140.592,60.3867],[-141.002,60.3064],[-141.002,60.3917]]],[[[28.0571,60.2438],[28.0277,60.2828],[27.9521,60.2976],[27.8825,60.2822],[27.8541,60.242],[27.8855,60.2075],[27.9558,60.1943],[28.0283,60.2096],[28.0571,60.2438]]],[[[178.6988,51.7096],[178.6073,51.7165],[178.5595,51.7017],[178.5306,51.6247],[178.5935,51.5782],[178.7902,51.4925],[178.8929,51.4903],[178.9693,51.4288],[179.122,51.3532],[179.1506,51.3163],[179.2555,51.2937],[179.2968,51.3067],[179.5109,51.3083],[179.5784,51.3543],[179.5532,51.4],[179.4252,51.4628],[179.2871,51.4698],[179.2268,51.5129],[179.1703,51.523],[179.0947,51.576],[179.0888,51.6062],[179.0606,51.6325],[178.6988,51.7096]]],[[[-161.0717,55.2075],[-161.1603,55.1944],[-161.1946,55.159],[-161.189,55.1454],[-161.1516,55.1151],[-161.1025,55.1038],[-161.02,55.1292],[-161.0075,55.1706],[-161.0717,55.2075]]],[[[-166.0058,60.4196],[-166.0849,60.4859],[-166.1525,60.5107],[-166.2086,60.5052],[-166.271,60.4786],[-166.2764,60.4516],[-166.3437,60.4227],[-166.478,60.4488],[-166.5289,60.4443],[-166.6663,60.3858],[-166.7633,60.3813],[-166.9385,60.2859],[-167.0181,60.2662],[-167.1026,60.29],[-167.3099,60.2907],[-167.5081,60.2631],[-167.5508,60.2406],[-167.5603,60.206],[-167.4365,60.1088],[-167.4408,60.0565],[-167.4008,60.0261],[-167.2228,59.9939],[-167.1379,59.944],[-166.9406,59.9119],[-166.8289,59.8523],[-166.7368,59.8383],[-166.6544,59.8024],[-166.4297,59.8016],[-166.3219,59.7731],[-166.2421,59.7171],[-166.1793,59.7002],[-166.0125,59.7054],[-165.7355,59.8399],[-165.5604,59.8529],[-165.4609,59.895],[-165.4026,59.9679],[-165.5666,60.0587],[-165.5621,60.1402],[-165.5845,60.1763],[-165.5671,60.2076],[-165.5813,60.2368],[-165.5615,60.2996],[-165.5745,60.3212],[-165.6495,60.3488],[-165.6715,60.3835],[-165.7385,60.4056],[-165.8285,60.39],[-165.8994,60.4032],[-165.9814,60.3741],[-166.0096,60.3877],[-166.0058,60.4196]]],[[[-172.4997,60.4321],[-172.6879,60.4801],[-172.7603,60.5142],[-172.8153,60.5579],[-172.8289,60.6222],[-172.9439,60.6507],[-172.9623,60.7098],[-173.0125,60.7404],[-173.1004,60.7452],[-173.1587,60.7288],[-173.2323,60.6543],[-173.2323,60.6368],[-173.1448,60.5821],[-173.1705,60.4965],[-173.1583,60.4675],[-172.9315,60.3897],[-172.9254,60.3526],[-172.8778,60.3263],[-172.8024,60.3186],[-172.5961,60.2586],[-172.4075,60.2788],[-172.2955,60.2388],[-172.1895,60.2508],[-172.1088,60.3034],[-172.1451,60.3402],[-172.3476,60.4277],[-172.4997,60.4321]]],[[[-165.5828,54.3433],[-165.6556,54.3471],[-165.6962,54.3322],[-165.7434,54.2889],[-165.769,54.2392],[-165.9372,54.277],[-166.034,54.261],[-166.1376,54.2143],[-166.1651,54.1951],[-166.2024,54.1198],[-166.1409,54.0469],[-166.2864,54.0337],[-166.3496,54.0604],[-166.7558,54.0688],[-167.0748,53.9992],[-167.0957,53.9759],[-167.1608,53.9539],[-167.1763,53.9119],[-167.2301,53.8883],[-167.2429,53.8547],[-167.2341,53.8142],[-167.1679,53.7762],[-167.1382,53.7094],[-167.1602,53.677],[-167.2152,53.6582],[-167.2444,53.6294],[-167.2349,53.5717],[-167.2963,53.5397],[-167.3927,53.5283],[-167.4342,53.496],[-167.5027,53.4953],[-167.5743,53.4628],[-167.7468,53.4263],[-167.7612,53.4316],[-167.7117,53.4717],[-167.696,53.5146],[-167.7113,53.5415],[-167.7623,53.568],[-167.8751,53.569],[-167.9484,53.6104],[-168.0804,53.6205],[-168.284,53.5711],[-168.3264,53.54],[-168.4153,53.5094],[-168.4767,53.4506],[-168.4964,53.4211],[-168.4776,53.3787],[-168.6669,53.3152],[-168.8195,53.2217],[-168.8831,53.1502],[-168.8907,53.1085],[-168.8728,53.0817],[-168.9654,53.0507],[-168.9922,53.0241],[-169.0012,52.9881],[-169.1036,52.9634],[-169.1972,52.9649],[-169.2339,52.9459],[-169.2589,52.9133],[-169.2554,52.8845],[-169.1938,52.8514],[-169.2943,52.8116],[-169.3266,52.7535],[-169.2676,52.7163],[-169.1889,52.7247],[-168.8271,52.8584],[-168.743,52.8547],[-168.6097,52.9157],[-168.6044,52.9354],[-168.5571,52.9582],[-168.4763,52.9195],[-168.4027,52.9293],[-168.3185,52.9749],[-168.3304,53.079],[-168.2577,53.1419],[-168.1699,53.1586],[-168.157,53.2043],[-168.0498,53.2392],[-167.7685,53.182],[-167.5925,53.174],[-167.4486,53.2139],[-167.3644,53.2765],[-167.2552,53.2873],[-167.2191,53.3213],[-167.1068,53.367],[-166.7248,53.3942],[-166.5223,53.4933],[-166.3787,53.6021],[-166.175,53.6598],[-165.9764,53.7711],[-165.9227,53.846],[-165.9608,53.9154],[-165.8869,53.9703],[-165.8326,53.9776],[-165.789,54.0162],[-165.6572,54.0363],[-165.6067,53.9768],[-165.5633,53.9673],[-165.3911,54.0171],[-165.2697,53.9807],[-165.1732,54.0175],[-165.0273,54.0129],[-164.9228,54.0285],[-164.8811,54.0434],[-164.822,54.1308],[-164.7762,54.1359],[-164.6921,54.1822],[-164.6796,54.2188],[-164.6878,54.2501],[-164.7089,54.264],[-164.8181,54.28],[-165.0315,54.2089],[-165.0756,54.1807],[-165.1503,54.1805],[-165.321,54.1445],[-165.2428,54.1779],[-165.2315,54.2107],[-165.2414,54.2259],[-165.3452,54.251],[-165.4314,54.3407],[-165.5828,54.3433]]],[[[-172.7618,60.1407],[-172.6557,60.1785],[-172.6381,60.1958],[-172.6492,60.2369],[-172.7298,60.2617],[-172.8857,60.2088],[-172.8904,60.1821],[-172.8565,60.1537],[-172.7618,60.1407]]],[[[-155.5281,55.7058],[-155.4748,55.7415],[-155.4852,55.8186],[-155.4531,55.8839],[-155.4744,55.9136],[-155.6341,55.9255],[-155.8048,55.8364],[-155.8368,55.8008],[-155.8263,55.7593],[-155.7944,55.7296],[-155.7198,55.7118],[-155.5281,55.7058]]],[[[-162.723,54.7532],[-162.6778,54.7627],[-162.6441,54.7891],[-162.6377,54.8011],[-162.6618,54.8356],[-162.7375,54.8578],[-162.807,54.8295],[-162.819,54.8112],[-162.8026,54.7758],[-162.723,54.7532]]],[[[-162.8104,54.5442],[-162.8807,54.5532],[-162.9389,54.5211],[-162.9632,54.4313],[-163.0085,54.4002],[-163.0048,54.3516],[-162.9526,54.3257],[-162.8789,54.3357],[-162.8212,54.3149],[-162.7466,54.2526],[-162.7001,54.238],[-162.547,54.248],[-162.4923,54.2938],[-162.2822,54.331],[-162.2384,54.3699],[-162.2482,54.3993],[-162.3544,54.4567],[-162.8104,54.5442]]],[[[-171.6475,63.8409],[-171.7764,63.8377],[-171.8436,63.8016],[-171.8559,63.7857],[-171.8354,63.7434],[-171.8652,63.7055],[-171.8602,63.6747],[-171.905,63.6392],[-171.9447,63.5706],[-171.9653,63.4729],[-171.8849,63.3776],[-171.8108,63.3285],[-171.5946,63.2695],[-171.4356,63.2527],[-171.2514,63.2926],[-171.1661,63.3482],[-171.0484,63.3737],[-170.9083,63.3699],[-170.5969,63.3116],[-170.4391,63.2516],[-170.3835,63.2108],[-170.4005,63.1822],[-170.3594,63.1477],[-170.1154,63.1272],[-169.9528,63.0641],[-169.8838,63.0201],[-169.8633,62.9801],[-169.8646,62.9447],[-169.7279,62.8963],[-169.5911,62.8879],[-169.5254,62.9247],[-169.4616,62.9328],[-169.4199,62.9739],[-169.4511,63.0385],[-169.368,63.0611],[-169.2823,63.1144],[-169.2307,63.1235],[-169.0278,63.1245],[-168.9228,63.0996],[-168.9487,63.0625],[-168.9175,63.0311],[-168.8374,63.0162],[-168.7641,63.0276],[-168.7007,63.0569],[-168.6828,63.0847],[-168.7335,63.1316],[-168.6093,63.2294],[-168.5786,63.3087],[-168.6084,63.3351],[-168.7047,63.3547],[-169.4556,63.415],[-169.6023,63.4806],[-169.793,63.4907],[-169.9266,63.5267],[-169.9857,63.623],[-170.1681,63.7199],[-170.2969,63.7556],[-170.5041,63.7534],[-170.6567,63.7235],[-170.9592,63.6259],[-171.5356,63.7219],[-171.5207,63.7502],[-171.5489,63.8005],[-171.6475,63.8409]]],[[[-152.3825,58.696],[-152.393,58.7305],[-152.4346,58.7508],[-152.4973,58.7553],[-152.5603,58.7357],[-152.61,58.6923],[-152.7191,58.6354],[-152.7676,58.5866],[-152.7784,58.5489],[-152.8469,58.5315],[-152.8766,58.4941],[-153.2001,58.2663],[-153.2714,58.2385],[-153.3103,58.1968],[-153.3675,58.1793],[-153.4702,58.1087],[-153.5066,58.0662],[-153.4875,58.0223],[-153.4974,58.0158],[-153.7866,57.9177],[-153.8706,57.9288],[-153.9172,57.9166],[-153.9783,57.8615],[-154.2401,57.7155],[-154.407,57.6905],[-154.481,57.6319],[-154.5727,57.6206],[-154.6069,57.6033],[-154.6252,57.5729],[-154.723,57.528],[-154.8253,57.4087],[-154.8886,57.3819],[-154.9156,57.3499],[-154.9312,57.2824],[-154.8311,57.2306],[-154.6952,57.2153],[-154.6198,57.1624],[-154.6011,57.0364],[-154.6286,57.002],[-154.6086,56.9703],[-154.3877,56.8956],[-154.3855,56.8303],[-154.2178,56.7205],[-154.2393,56.6929],[-154.2367,56.6676],[-154.3521,56.6325],[-154.43,56.6546],[-154.5405,56.6558],[-154.7581,56.5598],[-154.8867,56.4557],[-154.8948,56.4346],[-154.8817,56.4014],[-154.795,56.3593],[-154.7258,56.3552],[-154.6571,56.3732],[-154.582,56.4268],[-154.4982,56.4558],[-154.4299,56.4411],[-154.3406,56.4644],[-154.2336,56.4435],[-153.9047,56.462],[-153.8066,56.5094],[-153.7625,56.5567],[-153.765,56.5881],[-153.7909,56.6101],[-153.8421,56.6206],[-153.9821,56.609],[-153.9998,56.635],[-153.9199,56.6425],[-153.8816,56.6718],[-153.8005,56.6899],[-153.7476,56.745],[-153.7567,56.7706],[-153.6661,56.7948],[-153.6152,56.8344],[-153.4887,56.8637],[-153.451,56.9003],[-153.4704,56.9393],[-153.4491,56.9708],[-153.32,56.9409],[-153.195,56.9558],[-153.1215,57.0015],[-153.0983,57.0403],[-152.8342,57.0944],[-152.7746,57.1529],[-152.7852,57.1925],[-152.829,57.2148],[-152.6427,57.2354],[-152.5377,57.3008],[-152.5288,57.3273],[-152.4156,57.3845],[-152.3832,57.3354],[-152.3149,57.3186],[-152.2274,57.332],[-152.1701,57.3678],[-152.1565,57.4059],[-152.2165,57.4382],[-152.2225,57.4753],[-152.0635,57.5712],[-152.031,57.6286],[-152.0349,57.6533],[-152.0748,57.6817],[-152.1336,57.8252],[-152.2553,57.8663],[-152.2202,57.9302],[-152.2356,57.9499],[-152.4145,58.0366],[-152.4745,58.0454],[-152.4534,58.0593],[-152.3123,58.0496],[-152.2608,58.0734],[-152.0553,58.1045],[-151.9664,58.1537],[-151.9343,58.1259],[-151.8842,58.113],[-151.7822,58.1288],[-151.7066,58.1878],[-151.6966,58.2598],[-151.7552,58.3034],[-151.7073,58.3313],[-151.704,58.3573],[-151.7505,58.3947],[-151.824,58.3989],[-151.8952,58.3717],[-152.0719,58.44],[-152.1733,58.4497],[-152.182,58.4579],[-152.0798,58.4786],[-152.0609,58.5008],[-152.0655,58.5268],[-152.1135,58.5617],[-152.1828,58.574],[-152.1893,58.6203],[-152.2477,58.6807],[-152.3126,58.7004],[-152.3825,58.696]]],[[[-163.1398,55.3432],[-163.0591,55.3719],[-163.03,55.4128],[-163.0332,55.4428],[-163.076,55.4887],[-163.1462,55.5285],[-163.2018,55.5287],[-163.26,55.5062],[-163.2709,55.4317],[-163.256,55.3855],[-163.1963,55.3508],[-163.1398,55.3432]]],[[[-161.2523,64.066],[-161.1845,64.1062],[-161.1768,64.1403],[-161.2236,64.1764],[-161.3557,64.1838],[-161.4202,64.1584],[-161.4369,64.1336],[-161.4145,64.0868],[-161.3732,64.0697],[-161.2523,64.066]]],[[[-168.0026,64.9162],[-167.9531,64.933],[-167.9139,64.9699],[-167.9243,65.0027],[-167.9531,65.0235],[-168.0954,65.0409],[-168.1691,65.0241],[-168.214,64.9843],[-168.2101,64.9514],[-168.1371,64.9184],[-168.0026,64.9162]]],[[[-146.3138,59.3449],[-146.1752,59.3959],[-146.1455,59.4352],[-146.1838,59.4955],[-146.2429,59.52],[-146.2394,59.5497],[-146.2617,59.571],[-146.3244,59.5873],[-146.3868,59.58],[-146.4292,59.5514],[-146.4282,59.4671],[-146.4964,59.4175],[-146.5054,59.3778],[-146.4205,59.3373],[-146.3138,59.3449]]],[[[-168.007,53.9897],[-168.1027,53.9853],[-168.1334,53.9566],[-168.1325,53.9274],[-168.0729,53.8795],[-167.9912,53.8836],[-167.9632,53.9013],[-167.9535,53.9365],[-167.97,53.9774],[-168.007,53.9897]]],[[[-169.94,57.2389],[-170.0422,57.205],[-170.044,57.1651],[-170.0037,57.135],[-169.9556,57.1282],[-169.8869,57.1454],[-169.8564,57.1698],[-169.8477,57.1849],[-169.8712,57.2215],[-169.94,57.2389]]],[[[-159.9524,58.5385],[-159.8681,58.5725],[-159.8643,58.6027],[-159.8946,58.6399],[-160.0047,58.6656],[-160.0828,58.6305],[-160.0976,58.5999],[-160.0659,58.5544],[-160.0086,58.5347],[-159.9524,58.5385]]],[[[-170.0165,57.2666],[-170.0654,57.2979],[-170.1589,57.3044],[-170.2534,57.2665],[-170.3345,57.2724],[-170.4382,57.2549],[-170.5099,57.2083],[-170.5195,57.1622],[-170.4707,57.1137],[-170.4202,57.1057],[-170.4921,57.0802],[-170.5085,57.0464],[-170.4873,57.0125],[-170.4442,56.9961],[-170.3542,57.0023],[-170.3061,57.0295],[-170.3054,57.0567],[-170.2233,57.0766],[-170.1118,57.1367],[-170.0788,57.1868],[-170.0298,57.2209],[-170.0165,57.2666]]],[[[-160.3332,58.7818],[-160.4161,58.7984],[-160.4904,58.7736],[-160.5258,58.7302],[-160.5395,58.6643],[-160.4754,58.6272],[-160.3876,58.6276],[-160.4143,58.5869],[-160.397,58.554],[-160.301,58.5358],[-160.2256,58.5655],[-160.2133,58.5922],[-160.1612,58.626],[-160.1528,58.6582],[-160.097,58.6973],[-160.1166,58.739],[-160.1376,58.7489],[-160.3332,58.7818]]],[[[-169.6253,56.6616],[-169.8294,56.6698],[-169.8715,56.643],[-169.8803,56.602],[-169.8304,56.5603],[-169.7089,56.507],[-169.5813,56.4832],[-169.5267,56.493],[-169.3776,56.5877],[-169.3823,56.6147],[-169.4223,56.6488],[-169.5093,56.6675],[-169.6253,56.6616]]],[[[-156.7322,55.9535],[-156.6478,55.9623],[-156.612,55.9829],[-156.5533,56.0271],[-156.5502,56.0766],[-156.6023,56.127],[-156.672,56.1484],[-156.6511,56.201],[-156.6906,56.2573],[-156.7703,56.2798],[-156.842,56.2701],[-156.898,56.2017],[-156.8974,56.1377],[-156.8172,56.1041],[-156.8465,56.0302],[-156.8264,56.0076],[-156.8222,55.9676],[-156.7322,55.9535]]],[[[-159.6432,54.8746],[-159.7611,54.8913],[-159.8721,54.8566],[-159.9117,54.8093],[-159.8351,54.7455],[-159.7654,54.7398],[-159.6915,54.7642],[-159.6525,54.7178],[-159.5516,54.6996],[-159.4693,54.721],[-159.4182,54.7752],[-159.4244,54.8016],[-159.4976,54.8555],[-159.5726,54.8837],[-159.6432,54.8746]]],[[[-152.0913,59.007],[-152.1702,59.017],[-152.2426,58.9942],[-152.3235,59.0075],[-152.406,58.9942],[-152.4374,58.9735],[-152.4375,58.9484],[-152.4665,58.915],[-152.4015,58.8367],[-152.3146,58.82],[-152.1387,58.8569],[-152.0172,58.8285],[-151.8832,58.8807],[-151.8539,58.9088],[-151.8678,58.9464],[-151.9372,58.9883],[-152.0297,59.0118],[-152.0913,59.007]]],[[[-161.746,63.6536],[-161.8403,63.6351],[-161.8559,63.6216],[-161.8571,63.588],[-161.8124,63.5599],[-161.752,63.5521],[-161.6993,63.558],[-161.6416,63.5885],[-161.6396,63.6177],[-161.6612,63.6354],[-161.746,63.6536]]],[[[178.0664,51.8272],[178.1013,51.863],[178.0937,51.8945],[178.069,51.9145],[177.997,51.922],[177.9548,51.9035],[177.9343,51.8758],[177.939,51.8549],[177.9827,51.8273],[178.0664,51.8272]]],[[[-178.2554,51.5358],[-178.3901,51.5292],[-178.423,51.509],[-178.4309,51.4766],[-178.3703,51.4318],[-178.279,51.4199],[-178.2181,51.4315],[-178.191,51.4564],[-178.1921,51.489],[-178.2554,51.5358]]],[[[177.7695,52.0978],[177.7456,52.1416],[177.7154,52.1578],[177.644,52.1844],[177.5732,52.1872],[177.4981,52.1516],[177.403,52.034],[177.3208,52.0212],[177.2539,51.9785],[177.1396,51.9356],[177.1213,51.9179],[177.1155,51.8673],[177.2986,51.7629],[177.3453,51.7577],[177.4165,51.795],[177.4153,51.8654],[177.5464,51.8616],[177.7347,51.901],[177.8192,51.8954],[177.8741,51.9439],[177.8619,51.9697],[177.8115,51.9953],[177.7031,52.007],[177.7604,52.0612],[177.7695,52.0978]]],[[[-170.5375,52.7314],[-170.6805,52.7496],[-170.7861,52.714],[-170.8889,52.6493],[-170.9235,52.575],[-170.9129,52.5303],[-170.8283,52.4919],[-170.7638,52.4898],[-170.6744,52.5399],[-170.5362,52.5738],[-170.474,52.6384],[-170.4733,52.6581],[-170.4965,52.7083],[-170.5375,52.7314]]],[[[-178.7713,51.696],[-178.7093,51.712],[-178.6635,51.7474],[-178.6468,51.7903],[-178.6903,51.8495],[-178.7649,51.8827],[-178.8451,51.8879],[-178.9396,51.8336],[-178.9573,51.7808],[-178.9461,51.7572],[-178.8411,51.6983],[-178.7713,51.696]]],[[[-169.62,52.9361],[-169.5753,52.9937],[-169.5993,53.0554],[-169.7307,53.1278],[-169.8141,53.1266],[-169.8608,53.105],[-169.8832,53.0452],[-169.833,53.01],[-169.8433,52.9784],[-169.8178,52.9374],[-169.9082,52.9225],[-169.9418,52.9588],[-170.0461,52.9731],[-170.1165,52.9631],[-170.1769,52.9351],[-170.1986,52.9164],[-170.1997,52.8801],[-170.1554,52.8371],[-170.2068,52.8228],[-170.2673,52.7642],[-170.2636,52.6973],[-170.2134,52.669],[-170.0866,52.6626],[-170.0193,52.6824],[-169.9741,52.735],[-169.8488,52.7631],[-169.7385,52.7211],[-169.6597,52.7262],[-169.5886,52.8006],[-169.5879,52.8729],[-169.6336,52.9291],[-169.62,52.9361]]],[[[175.8969,52.4329],[175.8113,52.4327],[175.7825,52.4172],[175.7635,52.3807],[175.8624,52.2896],[175.9027,52.2809],[175.9977,52.2958],[176.0629,52.3502],[176.031,52.3978],[175.8969,52.4329]]],[[[-175.489,52.2366],[-175.5793,52.2202],[-175.6098,52.183],[-175.6031,52.1519],[-175.5124,52.1074],[-175.437,52.1328],[-175.4102,52.1648],[-175.4107,52.1968],[-175.489,52.2366]]],[[[178.2671,52.0374],[178.2474,52.0675],[178.1888,52.0987],[178.122,52.1074],[178.0462,52.0886],[178.0004,52.0333],[178.0163,51.9787],[178.0597,51.9481],[178.1959,51.9488],[178.2605,51.9102],[178.3633,51.9036],[178.5021,51.8469],[178.5807,51.8596],[178.6446,51.9061],[178.6702,51.9441],[178.6639,51.9828],[178.6433,51.9976],[178.5124,52.0434],[178.4043,52.0218],[178.2671,52.0374]]],[[[-171.0188,52.5858],[-171.0312,52.6101],[-171.068,52.6263],[-171.1894,52.6351],[-171.252,52.5812],[-171.3124,52.5707],[-171.3744,52.5371],[-171.3937,52.4681],[-171.3584,52.4125],[-171.2943,52.3931],[-171.2063,52.3989],[-171.1365,52.4457],[-171.102,52.5083],[-171.0495,52.531],[-171.0188,52.5858]]],[[[-175.1322,52.1632],[-175.0642,52.1861],[-175.0363,52.2176],[-175.0427,52.2369],[-175.1122,52.2791],[-175.2047,52.2591],[-175.2248,52.233],[-175.2053,52.1912],[-175.1322,52.1632]]],[[[177.3685,52.0724],[177.443,52.1053],[177.446,52.1351],[177.4258,52.1572],[177.3603,52.174],[177.2836,52.1385],[177.2835,52.1142],[177.3052,52.0903],[177.3685,52.0724]]],[[[-172.3795,52.4413],[-172.4649,52.4409],[-172.6333,52.3879],[-172.7144,52.2948],[-172.7075,52.2342],[-172.6364,52.202],[-172.5106,52.1999],[-172.3779,52.2284],[-172.215,52.3094],[-172.2313,52.3799],[-172.3795,52.4413]]],[[[173.9589,52.8141],[173.8527,52.8324],[173.8058,52.8212],[173.7738,52.7816],[173.7887,52.7497],[173.8379,52.716],[174.018,52.6718],[174.1625,52.6567],[174.2344,52.6951],[174.2327,52.7573],[174.1993,52.7803],[174.1223,52.8022],[174.0463,52.7909],[173.9589,52.8141]]],[[[178.252,51.8833],[178.1555,51.8753],[178.1238,51.844],[178.125,51.814],[178.2499,51.7245],[178.4004,51.7036],[178.4692,51.7187],[178.4963,51.7445],[178.4928,51.7769],[178.4082,51.8416],[178.252,51.8833]]],[[[172.8083,53.0565],[172.7344,53.0636],[172.5862,53.0439],[172.3764,52.9596],[172.3478,52.9067],[172.4194,52.8597],[172.4791,52.8552],[172.5873,52.8091],[172.6928,52.7417],[172.8155,52.7292],[172.9015,52.6816],[173.036,52.7285],[173.0458,52.7488],[173.1033,52.7298],[173.2019,52.7392],[173.3063,52.6989],[173.362,52.6958],[173.4143,52.7281],[173.4217,52.7556],[173.4057,52.7715],[173.416,52.778],[173.526,52.7745],[173.5779,52.809],[173.5676,52.8419],[173.4895,52.9001],[173.4316,52.9175],[173.3906,52.9091],[173.3714,52.9603],[173.3219,52.9921],[173.2383,52.9998],[173.2159,53.0204],[173.1322,53.044],[172.9541,53.0389],[172.8083,53.0565]]],[[[-174.0922,52.4607],[-174.1579,52.473],[-174.3289,52.4507],[-174.4099,52.381],[-174.5249,52.3482],[-174.5377,52.317],[-174.4944,52.2653],[-174.5535,52.2595],[-174.589,52.2287],[-174.6685,52.2252],[-174.7316,52.1714],[-174.7947,52.1502],[-174.9252,52.1639],[-174.9932,52.1364],[-175.0594,52.1366],[-175.1024,52.1086],[-175.2966,52.0888],[-175.3843,52.0633],[-175.4124,52.0361],[-175.4704,52.0428],[-175.5492,52.0099],[-175.7521,52.0284],[-175.8065,52.0437],[-175.8303,52.0854],[-175.8537,52.0965],[-175.9278,52.0911],[-175.9919,52.1497],[-176.1484,52.1715],[-176.2245,52.1531],[-176.2854,52.0941],[-176.2914,52.0534],[-176.2471,51.9653],[-176.2453,51.9302],[-176.2629,51.9209],[-176.446,51.9109],[-176.4885,52.026],[-176.5412,52.0509],[-176.6013,52.0566],[-176.6906,52.0205],[-176.827,52.0091],[-176.8755,51.9597],[-176.9102,51.8896],[-176.9663,51.8654],[-176.9676,51.9158],[-177.0169,51.965],[-177.1547,51.9989],[-177.2062,51.9931],[-177.2675,51.9596],[-177.2829,51.8631],[-177.3074,51.8401],[-177.4062,51.8362],[-177.5373,51.7893],[-177.5611,51.7956],[-177.5383,51.8209],[-177.5349,51.8659],[-177.5678,51.8972],[-177.8119,51.8908],[-177.8899,51.9526],[-177.947,51.9713],[-178.065,51.9648],[-178.1073,51.9765],[-178.2285,51.9569],[-178.2989,51.9037],[-178.3095,51.8711],[-178.2561,51.812],[-178.1321,51.7579],[-178.1924,51.7208],[-178.206,51.6793],[-178.1956,51.6414],[-177.9713,51.5524],[-177.8994,51.5402],[-177.8305,51.57],[-177.8179,51.5981],[-177.8249,51.6311],[-177.7834,51.6479],[-177.7277,51.611],[-177.6577,51.5987],[-177.5812,51.6133],[-177.5414,51.6412],[-177.452,51.6402],[-177.403,51.6704],[-177.3723,51.6416],[-177.2895,51.6288],[-177.1269,51.6534],[-177.08,51.6742],[-177.0341,51.7327],[-177.0403,51.8077],[-176.9885,51.828],[-177.0015,51.7737],[-176.9711,51.7487],[-177.0455,51.6907],[-177.0743,51.6209],[-177.0426,51.5661],[-176.9428,51.5371],[-176.867,51.5636],[-176.6987,51.5784],[-176.4566,51.6764],[-176.2552,51.6954],[-176.2114,51.7331],[-176.1332,51.7216],[-176.0401,51.7549],[-175.9647,51.7554],[-175.9134,51.7962],[-175.8271,51.8054],[-175.7987,51.8391],[-175.806,51.8665],[-175.712,51.8732],[-175.6359,51.9112],[-175.5854,51.9049],[-175.5131,51.9268],[-175.41,51.9302],[-175.3487,51.9626],[-175.0564,51.9482],[-174.8767,51.9859],[-174.7451,51.9556],[-174.5943,51.9784],[-174.4809,51.9525],[-174.3504,51.9803],[-174.314,52.0362],[-174.2772,52.0454],[-174.0565,52.0516],[-173.9707,52.0142],[-173.854,51.9913],[-173.7101,52.0068],[-173.6201,52.0014],[-173.5186,51.9716],[-173.3567,51.9808],[-173.2432,52.0094],[-173.2249,51.9746],[-173.1513,51.9471],[-173.0852,51.9749],[-173.07,52.026],[-172.9231,52.0242],[-172.8392,52.0716],[-172.8203,52.1003],[-172.8425,52.1364],[-172.8949,52.1555],[-173.3098,52.155],[-173.4451,52.1727],[-173.479,52.2071],[-173.5063,52.2131],[-173.6017,52.2125],[-173.7321,52.1833],[-173.8718,52.2029],[-173.9859,52.1826],[-173.9827,52.208],[-173.9046,52.2937],[-173.9229,52.3781],[-174.0922,52.4607]]],[[[179.7851,51.8626],[179.825,51.892],[179.857,51.9776],[179.771,52.0408],[179.679,52.0753],[179.5408,52.0642],[179.5083,52.0397],[179.4296,52.0236],[179.4087,52.0054],[179.3887,51.9419],[179.3897,51.9238],[179.4568,51.8599],[179.5749,51.8268],[179.6717,51.8257],[179.7851,51.8626]]],[[[173.7821,52.5655],[173.6082,52.5599],[173.4839,52.5077],[173.3936,52.4997],[173.3073,52.458],[173.2744,52.4166],[173.2777,52.382],[173.3138,52.3523],[173.4623,52.3277],[173.5337,52.3318],[173.6386,52.2942],[173.7665,52.3067],[173.8141,52.3533],[173.7839,52.4456],[173.8446,52.4889],[173.8563,52.522],[173.7821,52.5655]]],[[[-178.6032,51.6603],[-178.7259,51.6527],[-178.7688,51.618],[-178.8699,51.6336],[-178.9442,51.5961],[-179.0201,51.6393],[-179.0783,51.6436],[-179.1413,51.6096],[-179.1489,51.5542],[-179.1273,51.5234],[-179.0711,51.5093],[-178.9901,51.5261],[-178.953,51.5597],[-178.8882,51.5162],[-178.8002,51.4859],[-178.7148,51.4938],[-178.6364,51.5248],[-178.5502,51.5085],[-178.4267,51.5618],[-178.4217,51.5873],[-178.4522,51.621],[-178.6032,51.6603]]],[[[-177.4298,51.8411],[-177.3524,51.8717],[-177.3363,51.889],[-177.3364,51.9216],[-177.3744,51.9626],[-177.4596,51.9829],[-177.4937,51.9746],[-177.5426,51.9354],[-177.5492,51.8954],[-177.4867,51.8436],[-177.4298,51.8411]]],[[[-178.824,51.3581],[-178.8732,51.4248],[-178.9367,51.4507],[-179.0051,51.4527],[-179.0875,51.3946],[-179.1076,51.3537],[-179.16,51.348],[-179.2077,51.3209],[-179.2302,51.2839],[-179.2206,51.228],[-179.1838,51.1838],[-179.0736,51.179],[-178.9786,51.2517],[-178.8565,51.3049],[-178.8328,51.3236],[-178.824,51.3581]]],[[[28.2096,60.0418],[28.2059,60.0028],[28.2244,59.9848],[28.3563,59.949],[28.4311,59.9536],[28.5004,59.9987],[28.4818,60.0513],[28.4121,60.0833],[28.2666,60.0772],[28.2096,60.0418]]],[[[28.1505,60.0402],[28.0248,60.0861],[27.9172,60.0685],[27.7975,60.0873],[27.7112,60.0497],[27.6954,60.0019],[27.7618,59.9308],[27.8514,59.9185],[27.9525,59.9435],[27.9951,59.9719],[28.1183,59.977],[28.1576,60.0071],[28.1505,60.0402]]],[[[27.7873,59.7596],[27.806,59.8011],[27.7449,59.8373],[27.6669,59.8363],[27.6094,59.7986],[27.6218,59.765],[27.6638,59.7453],[27.7393,59.7426],[27.7873,59.7596]]],[[[27.0779,59.8264],[27.1397,59.7914],[27.2143,59.785],[27.2889,59.8062],[27.3279,59.8445],[27.319,59.873],[27.2794,59.8994],[27.1739,59.9159],[27.0886,59.8842],[27.0779,59.8264]]],[[[27.0514,59.8091],[26.9907,59.8544],[26.9172,59.8744],[26.9833,59.9129],[26.9804,59.9612],[27.0597,59.9692],[27.1141,59.9957],[27.1286,60.0141],[27.1248,60.0467],[27.0579,60.1225],[27.0116,60.1477],[26.9347,60.1542],[26.8627,60.128],[26.8453,60.1104],[26.8457,60.0774],[26.8836,59.999],[26.8032,59.9871],[26.7615,59.9525],[26.7852,59.9113],[26.8784,59.8734],[26.8077,59.8392],[26.804,59.7916],[26.8497,59.7633],[26.9727,59.7491],[27.0355,59.7713],[27.0514,59.8091]]],[[[23.3698,57.7894],[23.3354,57.8428],[23.2458,57.8747],[23.1567,57.8583],[23.1164,57.8064],[23.1513,57.7545],[23.2461,57.7316],[23.3396,57.7466],[23.3698,57.7894]]]]},"properties":{"id":"Q34266","names":{"ar":"الإمبراطورية الروسية","de":"Russisches Kaiserreich","en":"Russian Empire","es":"Imperio Ruso","fi":"Venäjän keisarikunta","fr":"Empire Russe","it":"Impero Russo","ja":"ロシア帝国","ko":"러시아 제국","pdt":"Russlaunt","pl":"Imperium Rosyjskie","pt":"Império Russo","ru":"Российская империя","uk":"Російська імперія","zh":"俄罗斯帝国"},"from":1795.8118279569892,"to":1801.6962365591398,"wikidata":"Q34266","adminLevel":2,"source":"OpenHistoricalMap","sourceUrl":"https://www.openhistoricalmap.org"}},{"type":"Feature","geometry":{"type":"MultiPolygon","coordinates":[[[[60.9463,25.1735],[61.1263,25.1251],[61.1687,25.0775],[61.4245,25.01],[61.519,25.0699],[61.549,25.1327],[61.6083,25.1259],[61.6526,25.3101],[61.6786,25.655],[61.7331,25.7394],[61.7974,25.718],[61.8401,25.7448],[61.8505,25.8178],[61.8204,25.8492],[61.8418,25.8765],[61.8896,25.887],[61.8399,25.9134],[61.8192,25.9686],[61.8459,26.0181],[61.8301,26.0303],[61.835,26.0642],[61.8893,26.252],[61.9611,26.2602],[62.002,26.2862],[62.0326,26.3339],[62.0885,26.3157],[62.1054,26.2821],[62.2132,26.2676],[62.2275,26.3275],[62.27,26.3256],[62.2501,26.3466],[62.2808,26.386],[62.2601,26.4079],[62.2578,26.4457],[62.2771,26.4409],[62.3071,26.4637],[62.3033,26.5083],[62.365,26.5373],[62.4158,26.5337],[62.4407,26.5653],[62.5973,26.576],[62.6504,26.6103],[62.6892,26.6005],[62.7363,26.6134],[62.7473,26.6391],[62.7947,26.651],[62.824,26.6382],[62.9948,26.6484],[63.0483,26.6277],[63.1111,26.6518],[63.1949,26.6463],[63.1885,26.6953],[63.2064,26.7712],[63.1867,26.8345],[63.2441,26.8465],[63.251,27.0917],[63.2999,27.1244],[63.3302,27.1188],[63.2774,27.2168],[63.2287,27.2255],[63.1928,27.2595],[63.1171,27.2362],[63.0406,27.2373],[62.9389,27.2034],[62.8772,27.2263],[62.8198,27.2196],[62.7752,27.2592],[62.8171,27.2785],[62.8252,27.3071],[62.7933,27.342],[62.8484,27.463],[62.8289,27.7645],[62.7616,28.0257],[62.7933,28.279],[62.5972,28.2484],[62.5105,28.3253],[62.4888,28.3734],[62.3895,28.4322],[62.0439,28.5101],[61.9114,28.5633],[61.7264,28.7406],[61.6828,28.7606],[61.5762,28.9154],[61.5334,29.0102],[61.4789,29.0236],[61.5107,29.0478],[61.4749,29.089],[61.4746,29.1188],[61.4209,29.1355],[61.4135,29.1744],[61.4302,29.1985],[61.3746,29.2408],[61.3559,29.2748],[61.3708,29.3358],[61.3548,29.3831],[61.3086,29.3956],[61.1646,29.5337],[60.8736,29.8578],[61.8014,30.8321],[61.7848,30.9411],[61.835,30.9738],[61.8291,31.092],[61.7745,31.2047],[61.7785,31.303],[61.7067,31.3762],[60.8561,31.4865],[60.8134,31.7083],[60.8323,31.9793],[60.8161,32.0264],[60.8831,32.1978],[60.815,32.4811],[60.7095,32.6961],[60.6296,33.0211],[60.5832,33.1298],[60.6341,33.228],[60.8245,33.3998],[60.8667,33.4217],[60.8511,33.4822],[60.8825,33.5052],[60.922,33.4974],[60.9463,33.5137],[60.9027,33.54],[60.7034,33.5455],[60.5813,33.597],[60.5515,33.64],[60.5469,33.7314],[60.5822,33.8054],[60.5176,34.0618],[60.5227,34.1065],[60.5655,34.1926],[60.6705,34.2738],[60.683,34.3086],[60.9184,34.3048],[60.8485,34.3707],[60.8438,34.4074],[60.8074,34.4654],[60.7419,34.5108],[60.7423,34.5269],[60.8487,34.5421],[60.8973,34.5673],[60.9222,34.623],[60.9829,34.62],[61.0005,34.6426],[61.0038,34.7112],[61.0681,34.8123],[61.0781,34.8799],[61.0611,34.9098],[61.1171,35.001],[61.101,35.0273],[61.1109,35.0526],[61.1448,35.0844],[61.1267,35.0945],[61.1306,35.1297],[61.1073,35.1633],[61.0871,35.1648],[61.1156,35.2043],[61.101,35.2166],[61.0955,35.2688],[61.1097,35.2829],[61.1557,35.2767],[61.1897,35.2976],[61.1759,35.3446],[61.1978,35.3844],[61.1919,35.4034],[61.226,35.4211],[61.2833,35.5437],[61.2703,35.5605],[61.274,35.6061],[61.247,35.6444],[61.2288,35.6451],[61.2157,35.6828],[61.2484,35.7224],[61.2478,35.781],[61.2686,35.7992],[61.2446,35.8865],[61.2112,35.9303],[61.1174,35.9609],[61.1702,35.9934],[61.1626,36.0331],[61.2113,36.1092],[61.2303,36.1159],[61.2105,36.1269],[61.227,36.1755],[61.1934,36.225],[61.1967,36.2627],[61.1505,36.3161],[61.1604,36.3316],[61.1433,36.3969],[61.1651,36.4132],[61.1719,36.4689],[61.1566,36.4861],[61.1841,36.5682],[61.1523,36.6371],[60.6823,36.6223],[60.348,36.6289],[60.263,36.7624],[60.1633,36.8538],[60.0974,36.9331],[60.083,36.98],[60.0386,37.0231],[59.9903,37.0454],[59.8986,37.0523],[59.8434,37.0958],[59.7747,37.1237],[59.755,37.109],[59.6802,37.141],[59.6287,37.119],[59.5519,37.1359],[59.5529,37.1736],[59.4798,37.212],[59.4841,37.2476],[59.4375,37.2842],[59.4352,37.3039],[59.3966,37.3173],[59.3778,37.4078],[59.4113,37.4357],[59.3874,37.4451],[59.3886,37.4848],[59.3506,37.5288],[59.2289,37.5124],[59.0563,37.616],[58.8875,37.6593],[58.8143,37.6983],[58.8041,37.6519],[58.7865,37.6425],[58.7501,37.6564],[58.7326,37.6327],[58.6278,37.6594],[58.5597,37.7034],[58.4867,37.6394],[58.3868,37.6273],[58.3645,37.6558],[58.2276,37.6824],[58.207,37.7716],[58.158,37.7913],[58.1277,37.7834],[58.0767,37.8056],[58.0348,37.8046],[57.8824,37.8723],[57.8303,37.8644],[57.7875,37.9019],[57.7538,37.8977],[57.7217,37.9217],[57.5784,37.9384],[57.5097,37.921],[57.3568,37.9819],[57.3769,38.0798],[57.2945,38.162],[57.2993,38.202],[57.2502,38.2357],[57.2468,38.2691],[57.2077,38.2798],[57.1588,38.2709],[57.1465,38.2435],[57.0647,38.181],[57.0047,38.1894],[56.989,38.2147],[56.8396,38.2291],[56.7567,38.2835],[56.6778,38.2692],[56.6034,38.2342],[56.5659,38.2626],[56.417,38.256],[56.3233,38.1798],[56.3514,38.1194],[56.3254,38.0804],[56.203,38.073],[56.1572,38.092],[55.9837,38.0787],[55.9569,38.0936],[55.8771,38.0951],[55.8128,38.1257],[55.5034,38.085],[55.4649,38.094],[55.412,38.0468],[55.2212,37.9749],[55.1938,37.9474],[55.165,37.9577],[55.1272,37.9479],[55.0368,37.8782],[55.0172,37.8429],[54.9279,37.7845],[54.8557,37.7582],[54.7888,37.649],[54.7913,37.6186],[54.8175,37.6062],[54.7996,37.53],[54.6734,37.4372],[54.5882,37.4595],[54.4869,37.4183],[54.3975,37.3608],[54.2853,37.3518],[54.2446,37.32],[53.833,37.3568],[53.9463,37.0135],[53.9243,36.9795],[53.8893,36.9664],[53.2171,36.8923],[52.8799,36.8065],[52.5339,36.7515],[51.9798,36.6243],[51.7209,36.6403],[51.5231,36.7158],[51.2821,36.7493],[51.0061,36.817],[50.3778,37.1669],[50.3133,37.2582],[50.2707,37.374],[50.211,37.4318],[50.0468,37.4618],[49.9452,37.5212],[49.7907,37.5054],[49.4179,37.5419],[49.2105,37.6289],[49.1144,37.6974],[49.0443,37.781],[49.0011,37.916],[48.9489,38.3244],[48.9304,38.7435],[48.9022,38.8195],[48.9688,38.8862],[49.0023,38.9701],[48.9939,39.1402],[49.0313,39.1535],[49.0934,39.0936],[49.171,39.08],[49.1394,39.0733],[49.0529,39.0098],[49.0172,38.9495],[49.078,38.8996],[49.146,38.8984],[49.1992,38.9216],[49.2411,38.975],[49.2414,39.0749],[49.2862,39.1382],[49.3001,39.2522],[49.319,39.253],[49.3399,39.1998],[49.4021,39.1857],[49.4429,39.1998],[49.4807,39.2376],[49.4907,39.3035],[49.4644,39.3725],[49.3355,39.4961],[49.3358,39.5499],[49.3791,39.629],[49.4409,39.5888],[49.4931,39.6044],[49.5099,39.6298],[49.4532,39.7616],[49.5102,39.7589],[49.5792,39.7051],[49.6489,39.7397],[49.6541,39.7655],[49.604,39.8212],[49.6012,39.8589],[49.4938,39.8847],[49.4793,39.896],[49.4855,39.9132],[49.5446,39.9213],[49.5645,39.9645],[49.5803,39.9676],[49.6881,39.9482],[49.7063,39.9824],[49.6627,40.0571],[49.5123,40.1369],[49.5576,40.1802],[49.6345,40.1938],[49.7955,40.2599],[50.0139,40.2413],[50.1183,40.2772],[50.1639,40.3206],[50.2745,40.2866],[50.3019,40.2473],[50.3139,40.1694],[50.3898,40.1511],[50.4331,40.1873],[50.4595,40.2531],[50.4248,40.3591],[50.4777,40.3408],[50.4753,40.2633],[50.5213,40.2376],[50.6003,40.2337],[50.6549,40.2549],[50.6851,40.2787],[50.6926,40.3285],[50.6583,40.3714],[50.4097,40.4684],[50.3418,40.5485],[50.3033,40.5629],[50.2254,40.5495],[50.155,40.5615],[50.0928,40.6348],[49.7797,40.6093],[49.7255,40.6223],[49.7039,40.6611],[49.6184,40.6668],[49.5902,40.6856],[49.5796,40.7405],[49.6149,40.7821],[49.6108,40.8148],[49.5847,40.839],[49.4498,40.8832],[49.3987,40.9161],[49.295,41.025],[49.2078,41.1905],[49.159,41.3382],[49.0395,41.4937],[48.6876,41.8379],[48.518,41.9414],[48.4535,41.9531],[48.4054,41.984],[48.3464,42.1183],[48.2818,42.1591],[48.1479,42.3423],[48.0037,42.464],[47.9612,42.5242],[47.9505,42.5857],[47.9299,42.614],[47.8039,42.6711],[47.7819,42.7278],[47.7644,42.883],[47.5323,43.0358],[47.5281,43.072],[47.5516,43.1556],[47.6257,43.2882],[47.5584,43.418],[47.5874,43.5375],[47.6238,43.5858],[47.6257,43.65],[47.682,43.7597],[47.7452,43.835],[47.9128,43.9483],[47.9309,43.9873],[47.8956,44.0284],[47.6299,44.0442],[47.5804,44.0042],[47.5674,43.9572],[47.5104,43.9197],[47.4905,43.9281],[47.4171,44.0402],[47.2852,43.9731],[46.7029,43.8741],[46.6477,43.8164],[46.6539,43.7959],[46.632,43.7731],[46.5562,43.7594],[46.4519,43.658],[46.4133,43.59],[46.4285,43.58],[46.4332,43.5362],[46.4096,43.5263],[46.3867,43.4799],[46.1247,43.3472],[45.7756,42.4884],[45.7059,42.48],[45.6778,42.5054],[45.6094,42.5087],[45.5719,42.5481],[45.4943,42.5353],[45.4049,42.5497],[45.3406,42.5224],[45.3213,42.5674],[45.3,42.572],[45.2782,42.6062],[45.2578,42.6052],[45.1585,42.7072],[45.0875,42.7111],[45.0409,42.6924],[44.9797,42.7451],[44.945,42.7509],[44.8939,42.7482],[44.8714,42.7281],[44.8643,42.6879],[44.8381,42.6749],[44.8236,42.6371],[44.8291,42.6175],[44.7987,42.6176],[44.7666,42.6431],[44.7458,42.7212],[44.7127,42.7425],[44.6829,42.7546],[44.5791,42.7455],[44.5547,42.7636],[44.502,42.7378],[44.5207,42.6993],[44.3159,42.7224],[44.249,42.6794],[44.2336,42.6326],[44.1939,42.6351],[44.1648,42.6078],[44.1162,42.618],[44.0269,42.5977],[43.9642,42.5471],[43.8414,42.5975],[43.7742,42.5888],[43.7499,42.6175],[43.6794,42.6414],[43.6482,42.6398],[43.58,42.5794],[43.6157,42.2041],[43.3864,41.9848],[43.2024,41.8747],[43.2024,41.717],[43.6089,41.419],[43.4483,41.1761],[43.4727,41.1257],[43.4474,41.0993],[43.4714,41.0682],[43.4684,41.0312],[43.5783,40.9931],[43.6715,40.937],[43.678,40.8449],[43.705,40.8227],[43.7452,40.7399],[43.743,40.6754],[43.6773,40.5787],[43.6439,40.5621],[43.6503,40.5388],[43.5583,40.4947],[43.5469,40.4676],[43.6169,40.4233],[43.6178,40.3929],[43.5916,40.347],[43.6398,40.2784],[43.6768,40.2583],[43.6838,40.2409],[43.6564,40.2276],[43.714,40.166],[43.6026,40.118],[43.4714,40.1052],[43.3672,40.1268],[43.3462,40.118],[43.3423,40.0933],[43.3665,40.0662],[43.3579,40.0438],[43.321,40.0429],[43.2844,40.0022],[43.3781,39.982],[43.3664,39.9251],[43.4046,39.8713],[43.4176,39.7992],[43.4436,39.774],[43.4757,39.7754],[43.5077,39.8283],[43.5512,39.8404],[43.6078,39.8012],[43.7458,39.7663],[43.8389,39.7774],[43.9766,39.7475],[43.999,39.7278],[44.1242,39.7442],[44.3197,39.6672],[44.4424,39.6627],[44.4673,39.6841],[44.4812,39.6714],[44.4802,39.6106],[44.416,39.5565],[44.4356,39.5205],[44.4315,39.4919],[44.4085,39.4717],[44.4342,39.4423],[44.4215,39.4113],[44.3765,39.4129],[44.2941,39.377],[44.2193,39.4187],[44.1856,39.403],[44.0717,39.4129],[44.0335,39.377],[44.0742,39.3355],[44.08,39.2943],[44.1072,39.2842],[44.0888,39.2477],[44.1,39.2451],[44.0984,39.204],[44.1669,39.1776],[44.2241,39.1027],[44.1913,39.0732],[44.2126,39.0209],[44.1794,39.0102],[44.1723,38.9896],[44.189,38.98],[44.1919,38.9347],[44.2153,38.9206],[44.2117,38.8989],[44.2412,38.859],[44.2998,38.8406],[44.3145,38.8071],[44.2879,38.7837],[44.2808,38.7337],[44.2556,38.7186],[44.2823,38.6764],[44.2704,38.6514],[44.321,38.6251],[44.3102,38.5304],[44.3248,38.5024],[44.3088,38.4514],[44.3196,38.4084],[44.2998,38.3944],[44.3161,38.374],[44.4342,38.3718],[44.5056,38.3417],[44.5166,38.305],[44.3765,38.2252],[44.3573,38.1583],[44.2419,37.9507],[44.2969,37.8553],[44.5056,37.7707],[44.6017,37.7012],[44.6265,37.5751],[44.5853,37.4901],[44.6484,37.4138],[44.8201,37.2937],[44.783,37.2588],[44.7528,37.1931],[44.7849,37.145],[44.75,37.1153],[44.7839,37.0924],[44.8073,37.0441],[44.8564,37.0457],[44.8976,37.0243],[44.9046,37.0055],[44.8837,36.96],[44.9108,36.9194],[44.9028,36.8605],[44.8658,36.8455],[44.8375,36.7957],[44.8582,36.7731],[44.9451,36.7818],[44.9703,36.751],[45.0257,36.7427],[45.0567,36.7028],[45.0704,36.6342],[45.0634,36.6151],[45.0264,36.6007],[45.0377,36.5629],[45.0096,36.5523],[45.0047,36.5328],[45.0482,36.5095],[45.0881,36.4221],[45.1436,36.405],[45.2348,36.4327],[45.267,36.3948],[45.2821,36.3396],[45.2618,36.3053],[45.3011,36.2769],[45.2681,36.2546],[45.314,36.2347],[45.3364,36.2044],[45.3232,36.1886],[45.327,36.1401],[45.3815,36.0825],[45.342,36.0038],[45.3535,35.9747],[45.3708,35.982],[45.3928,35.9678],[45.4416,35.999],[45.5519,35.9987],[45.662,35.9292],[45.7628,35.8012],[45.8084,35.8235],[45.8772,35.8121],[45.893,35.8357],[45.9519,35.8231],[45.9626,35.8404],[46.0218,35.8354],[46.0774,35.8582],[46.1373,35.8435],[46.1383,35.823],[46.1709,35.7999],[46.1882,35.8093],[46.2153,35.7981],[46.2933,35.8352],[46.3402,35.8199],[46.346,35.8004],[46.3314,35.763],[46.277,35.7289],[46.1964,35.721],[46.1595,35.6889],[46.0351,35.7047],[46.0091,35.6774],[46.0107,35.6487],[45.9945,35.6372],[46.0125,35.628],[46.0257,35.5832],[45.9801,35.5838],[45.9971,35.5342],[46.0149,35.5233],[45.9854,35.496],[46.0509,35.3893],[46.145,35.3132],[46.1573,35.2858],[46.1153,35.2334],[46.1844,35.2247],[46.1954,35.2069],[46.1961,35.1867],[46.1553,35.1577],[46.155,35.1295],[46.1808,35.1052],[46.1166,35.0741],[46.071,35.0812],[46.0788,35.0597],[46.0586,35.038],[46.0095,35.0715],[45.9231,35.0949],[45.9313,35.0493],[45.8804,35.038],[45.8753,35.0085],[45.8943,34.9638],[45.8648,34.9027],[45.7895,34.912],[45.7926,34.8536],[45.6948,34.8198],[45.6988,34.7728],[45.6574,34.7271],[45.7033,34.6914],[45.6967,34.6718],[45.7288,34.6224],[45.7418,34.5407],[45.6871,34.5576],[45.601,34.5511],[45.5336,34.6022],[45.5136,34.5469],[45.5268,34.5215],[45.5216,34.482],[45.4407,34.4594],[45.4962,34.3369],[45.5395,34.351],[45.5836,34.3027],[45.5787,34.2327],[45.5552,34.197],[45.5802,34.1481],[45.4788,34.0764],[45.4673,34.0153],[45.4127,33.9784],[45.4349,33.9464],[45.5119,33.9441],[45.607,33.8003],[45.6426,33.7736],[45.6475,33.728],[45.72,33.6613],[45.7717,33.6369],[45.7547,33.5992],[45.8131,33.6266],[45.9166,33.6276],[45.9053,33.6063],[45.9599,33.5639],[45.863,33.4931],[45.943,33.4835],[46.0066,33.5079],[46.0816,33.3527],[46.1321,33.2949],[46.1849,33.2658],[46.1806,33.2073],[46.215,33.2036],[46.1975,33.1816],[46.1214,33.1175],[46.0621,33.1241],[46.0407,33.0954],[46.1566,33.0725],[46.1261,33.0207],[46.0989,33.014],[46.1022,32.9776],[46.1736,32.9533],[46.3123,32.9688],[46.4474,32.9333],[46.6226,32.8222],[46.7206,32.786],[46.8872,32.632],[47.1684,32.4573],[47.2497,32.4652],[47.2911,32.4936],[47.3775,32.4737],[47.464,32.389],[47.4354,32.3521],[47.4777,32.311],[47.5162,32.3047],[47.5074,32.2708],[47.5705,32.2118],[47.5302,32.172],[47.5291,32.1426],[47.567,32.112],[47.615,32.1077],[47.6474,32.0833],[47.6521,32.0539],[47.6901,32.0134],[47.7081,32.0208],[47.7116,31.9706],[47.7487,31.9217],[47.8076,31.8824],[47.8052,31.8456],[47.8529,31.8173],[47.8659,31.7836],[47.683,31.3946],[47.6828,30.9978],[48.0322,30.9963],[48.0264,30.4825],[48.1585,30.4297],[48.1986,30.3221],[48.2738,30.3334],[48.4047,30.204],[48.4162,30.1764],[48.3814,30.1225],[48.44,30.0704],[48.4581,29.9953],[48.5142,29.9611],[48.6898,29.8992],[48.736,29.9671],[48.8536,29.9621],[48.947,29.9904],[48.9842,30.0334],[49.011,30.1077],[49.0525,30.0676],[49.113,30.0541],[49.1992,30.0896],[49.3047,30.0921],[49.3541,30.1157],[49.4123,30.1195],[49.4374,30.1077],[49.4498,30.0461],[49.4912,29.9942],[49.5689,29.9626],[49.6146,29.9722],[49.9535,30.1659],[50.0293,30.1573],[50.0757,30.0721],[50.0801,29.9615],[50.1066,29.9017],[50.1964,29.8208],[50.2959,29.6607],[50.4069,29.5887],[50.4966,29.4949],[50.6003,29.4175],[50.6099,29.3473],[50.5752,29.1684],[50.5913,29.1099],[50.6277,29.0763],[50.6911,29.0586],[50.7757,29.0919],[50.8049,29.0859],[50.807,29.0556],[50.7634,29.0145],[50.7463,28.9065],[50.8123,28.8159],[50.8735,28.777],[50.9718,28.7716],[50.9965,28.7532],[51.0576,28.447],[51.1231,28.3326],[51.2196,28.217],[51.2201,28.1354],[51.3062,28.0396],[51.3465,27.9205],[51.4142,27.8055],[51.4481,27.7834],[51.5072,27.7788],[52.0192,27.7817],[52.1583,27.6726],[52.2297,27.6388],[52.3186,27.6048],[52.3869,27.6041],[52.445,27.5832],[52.5294,27.4754],[52.5082,27.3784],[52.5523,27.3328],[52.9874,27.0786],[53.4042,26.9481],[53.4214,26.9313],[53.42,26.8795],[53.3987,26.8639],[53.2035,26.9011],[53.1272,26.887],[53.117,26.8189],[53.2056,26.7579],[53.3264,26.7395],[53.439,26.7432],[53.5213,26.7778],[53.5443,26.7619],[53.5233,26.6895],[53.5367,26.6461],[53.6156,26.6067],[53.6991,26.6322],[53.7465,26.6689],[53.8519,26.6685],[54.0043,26.7042],[54.1395,26.6649],[54.2525,26.6628],[54.2804,26.6484],[54.3552,26.5498],[54.4077,26.5244],[54.5193,26.5351],[54.5763,26.4712],[54.6161,26.4574],[54.8558,26.4675],[54.9796,26.562],[55.1551,26.6659],[55.1847,26.6689],[55.2163,26.6435],[55.2128,26.5337],[55.2516,26.5],[55.2964,26.4968],[55.7615,26.634],[55.8256,26.5735],[55.9234,26.5751],[56.0319,26.6968],[56.1572,26.7863],[56.2102,26.8639],[56.2517,26.882],[56.2723,26.87],[56.2699,26.8158],[56.3178,26.774],[56.381,26.7797],[56.4357,26.817],[56.4615,26.8671],[56.448,26.913],[56.417,26.9317],[56.3348,26.938],[56.3259,26.9769],[56.2701,27.0198],[56.129,27.0457],[56.0292,27.0304],[56.1031,27.0799],[56.2109,27.0903],[56.3619,27.1386],[56.3712,27.0398],[56.392,27.0127],[56.4661,26.9812],[56.5483,27.0236],[56.5576,27.0642],[56.5433,27.0994],[56.5614,27.1181],[56.7018,27.0943],[56.7948,27.0232],[56.9799,26.7753],[57.0245,26.6069],[57.0266,26.5471],[56.9988,26.4524],[57.0146,26.3279],[57.0949,26.2204],[57.1512,26.1835],[57.1307,26.0154],[57.211,25.9395],[57.2421,25.7851],[57.273,25.7477],[57.5756,25.6951],[57.6947,25.7096],[57.7235,25.6935],[57.7088,25.6678],[57.7121,25.6221],[57.746,25.5996],[57.923,25.6548],[58.0051,25.5579],[58.0934,25.5153],[58.5546,25.5412],[58.679,25.513],[58.792,25.5183],[58.8864,25.4743],[58.9587,25.3962],[59.0503,25.3626],[59.4415,25.4303],[59.5768,25.3409],[59.8021,25.3524],[59.859,25.3003],[59.8894,25.2915],[59.97,25.3219],[60.0582,25.3295],[60.1051,25.2981],[60.1982,25.277],[60.2642,25.3103],[60.3035,25.2826],[60.4632,25.2416],[60.5148,25.2554],[60.5323,25.2903],[60.5238,25.3245],[60.4764,25.3749],[60.5386,25.3901],[60.5504,25.3798],[60.5424,25.3401],[60.5913,25.2423],[60.9463,25.1735]]],[[[50.3847,29.229],[50.4117,29.3458],[50.3775,29.3896],[50.3262,29.3961],[50.2374,29.3029],[50.2273,29.2673],[50.2675,29.1849],[50.3014,29.1631],[50.3517,29.1742],[50.3847,29.229]]],[[[54.0458,26.4624],[54.075,26.4856],[54.0851,26.5222],[54.0438,26.5867],[53.9564,26.618],[53.883,26.6102],[53.8574,26.5932],[53.8403,26.5215],[53.8855,26.4752],[53.9581,26.4534],[54.0458,26.4624]]],[[[54.5694,26.2284],[54.5952,26.2763],[54.5782,26.3414],[54.514,26.3697],[54.4411,26.3448],[54.4364,26.2836],[54.4707,26.2196],[54.5196,26.204],[54.5694,26.2284]]],[[[54.5927,25.892],[54.5928,25.9428],[54.5425,25.9875],[54.4652,25.9708],[54.4402,25.9403],[54.4418,25.8845],[54.4803,25.8532],[54.5438,25.8497],[54.5927,25.892]]],[[[55.0824,25.9287],[55.021,25.9464],[54.9701,25.9205],[54.9528,25.8766],[54.9683,25.8436],[55.0255,25.8099],[55.0758,25.8214],[55.1031,25.856],[55.1015,25.9057],[55.0824,25.9287]]],[[[55.209,26.2394],[55.1948,26.2749],[55.1459,26.2905],[55.1099,26.271],[55.0997,26.2343],[55.1215,26.202],[55.1515,26.1924],[55.1911,26.2052],[55.209,26.2394]]],[[[55.3761,26.2769],[55.342,26.3294],[55.2844,26.339],[55.2376,26.319],[55.2255,26.276],[55.2618,26.2134],[55.2999,26.1973],[55.3686,26.2309],[55.3761,26.2769]]]]},"properties":{"id":"Q63158027","names":{"ar":"الدولة القاجارية","de":"Persien","el":"Αυτοκρατορία Κατζάρ","en":"Qajar Iran","es":"Imperio kayar","fa":"ایران قاجاری","fr":"Perse qadjare","it":"Impero qajar","ja":"ガージャール朝イラン","ko":"카자르 왕조 이란","pt":"Irã Cajar","ru":"Каджарский Иран","zh":"伊朗"},"from":1789,"to":1813.8118279569892,"wikidata":"Q63158027","adminLevel":2,"source":"OpenHistoricalMap","sourceUrl":"https://www.openhistoricalmap.org"}},{"type":"Feature","geometry":{"type":"MultiPolygon","coordinates":[[[[5.9813,51.8795],[5.9885,51.8859],[5.9801,51.8858],[5.9813,51.8795]]],[[[6.2031,51.9373],[6.2585,51.9511],[6.2145,51.982],[6.1316,51.9786],[6.2031,51.9373]]],[[[8.6437,47.7584],[8.6522,47.7575],[8.653,47.7649],[8.6437,47.7584]]],[[[10.1953,46.7697],[10.2175,46.7542],[10.2171,46.6955],[10.2774,46.6909],[10.2547,46.7093],[10.2962,46.789],[10.1953,46.7697]]],[[[13.0239,45.7929],[13.0583,45.7311],[13.0483,45.7194],[13.0827,45.7148],[13.0751,45.7515],[13.059,45.7584],[13.0864,45.7943],[13.0239,45.7929]]],[[[12.9573,45.9626],[12.9975,45.9843],[12.9367,45.9748],[12.9573,45.9626]]],[[[12.9654,45.8883],[12.9774,45.895],[12.9469,45.9095],[12.9654,45.8883]]],[[[13.0593,45.9075],[13.0827,45.9457],[13.0741,45.9461],[13.0593,45.9075]]],[[[13.0377,45.8331],[13.0476,45.846],[13.0363,45.8561],[13.0239,45.8398],[13.0377,45.8331]]],[[[13.0827,45.8097],[13.0864,45.8259],[13.0641,45.831],[13.0816,45.8482],[13.071,45.8582],[13.0353,45.8269],[13.0827,45.8097]]],[[[13.0545,45.8769],[13.0792,45.8718],[13.0854,45.9041],[13.0391,45.8988],[13.0545,45.8769]]],[[[13.1331,45.7724],[13.2126,45.7728],[13.245,45.7534],[13.2562,45.8046],[13.2416,45.8301],[13.2907,45.808],[13.2707,45.8824],[13.2887,45.8914],[13.2879,45.9092],[13.2303,45.9152],[13.2038,45.8862],[13.2129,45.8692],[13.1905,45.8558],[13.1953,45.8407],[13.1799,45.8427],[13.1486,45.7962],[13.1316,45.7937],[13.1331,45.7724]]],[[[13.4914,46.0624],[13.4882,46.0569],[13.497,46.054],[13.4914,46.0624]]],[[[13.4717,46.0196],[13.4983,46.0338],[13.4785,46.0359],[13.4717,46.0196]]],[[[13.4963,46.0093],[13.4972,46.0046],[13.5021,46.0068],[13.4963,46.0093]]],[[[15.3795,45.4911],[15.3525,45.4837],[15.3596,45.4769],[15.3795,45.4911]]],[[[8.6694,47.6849],[8.7149,47.6895],[8.6985,47.715],[8.6703,47.7112],[8.6694,47.6849]]],[[[8.2715,53.9249],[8.2811,53.9127],[8.2218,53.873],[8.2229,53.8365],[8.1758,53.8197],[8.0784,53.8173],[7.8994,53.8464],[7.6831,53.8352],[7.6097,53.8144],[7.1811,53.7756],[7.059,53.7414],[6.8419,53.722],[6.724,53.6687],[6.6123,53.6529],[6.5724,53.6312],[6.5512,53.5827],[6.6155,53.5374],[6.7262,53.4869],[6.8924,53.4392],[6.8968,53.3646],[6.9245,53.3396],[7.0479,53.3071],[7.1918,53.315],[7.2192,53.2059],[7.208,53.1885],[7.2276,53.1803],[7.1909,53.1619],[7.1806,53.1293],[7.2028,53.1134],[7.213,53.0109],[7.1815,52.9416],[7.0873,52.85],[7.0548,52.6445],[7.0421,52.6329],[6.8734,52.6527],[6.7506,52.6472],[6.7101,52.6279],[6.7271,52.6152],[6.7256,52.5851],[6.7667,52.5635],[6.6895,52.5521],[6.7053,52.521],[6.6975,52.4863],[6.7448,52.4676],[6.9417,52.4354],[6.9941,52.4643],[7.0722,52.3736],[7.026,52.2835],[7.0658,52.2412],[6.985,52.225],[6.9529,52.1824],[6.8805,52.156],[6.8629,52.1251],[6.7631,52.1188],[6.7509,52.085],[6.6962,52.0702],[6.6879,52.0399],[6.753,52.0284],[6.8266,51.9935],[6.8297,51.9793],[6.77,51.9162],[6.722,51.8961],[6.6843,51.9162],[6.4757,51.8562],[6.394,51.8727],[6.387,51.8653],[6.4077,51.8544],[6.4017,51.8273],[6.34,51.8507],[6.2736,51.8341],[6.1972,51.8581],[6.2085,51.8658],[6.1837,51.8943],[6.1005,51.9265],[6.0952,51.9608],[6.0563,51.9855],[5.9864,51.9701],[5.9744,51.939],[5.948,51.9663],[5.9027,51.9557],[5.9351,51.9022],[5.9624,51.9251],[6.0881,51.9034],[6.1301,51.8883],[6.1389,51.8626],[6.085,51.8815],[6.042,51.8737],[6.0981,51.8498],[6.2639,51.8225],[6.3149,51.7954],[6.3419,51.7579],[6.4062,51.7549],[6.4191,51.7485],[6.4124,51.7148],[6.4644,51.6989],[6.4806,51.6366],[6.5145,51.6598],[6.595,51.6557],[6.5985,51.5752],[6.6866,51.5681],[6.6783,51.5345],[6.7248,51.5059],[6.6836,51.4755],[6.7214,51.463],[6.7165,51.4318],[6.7451,51.4046],[6.7276,51.3819],[6.6545,51.3558],[6.7338,51.3187],[6.7027,51.2731],[6.7685,51.2347],[6.7561,51.2202],[6.7235,51.2259],[6.7359,51.1841],[6.7903,51.1831],[6.7924,51.1541],[6.8089,51.1428],[6.8489,51.1623],[6.8486,51.1356],[6.8835,51.1035],[6.8568,51.0759],[6.9736,51.0238],[6.9662,50.9907],[6.998,50.9751],[6.9672,50.9459],[6.975,50.9141],[7.0519,50.881],[6.9876,50.8471],[6.9824,50.8298],[7.0199,50.8218],[7.04,50.783],[7.1681,50.7032],[7.2098,50.6517],[7.2205,50.5842],[7.2678,50.5727],[7.3028,50.5123],[7.3816,50.4489],[7.4401,50.4416],[7.4688,50.4133],[7.5438,50.4207],[7.6077,50.3885],[7.5909,50.3125],[7.6527,50.2568],[7.5766,50.2409],[7.6422,50.2026],[7.6443,50.1791],[7.689,50.1693],[7.6873,50.1918],[7.7165,50.1973],[7.7172,50.2233],[7.7343,50.2312],[7.7146,50.2411],[7.7407,50.2658],[7.7618,50.2663],[7.7784,50.2465],[7.9376,50.3029],[7.9617,50.2909],[7.9606,50.2597],[7.9476,50.2555],[8.0986,50.2215],[8.0588,50.1778],[8.0956,50.1597],[8.1179,50.0924],[8.0839,50.103],[8.0118,50.0869],[8.0059,50.1094],[7.9555,50.1065],[7.9254,50.1226],[7.9342,50.1463],[7.9016,50.1542],[7.8477,50.1507],[7.7605,50.1065],[7.732,50.1231],[7.7215,50.114],[7.7735,50.076],[7.784,50.05],[7.8497,50.014],[7.8711,49.9772],[7.9375,49.9728],[8.1689,50.0328],[8.2337,50.0308],[8.3423,49.949],[8.3546,49.9182],[8.3409,49.8848],[8.3824,49.8574],[8.3791,49.823],[8.4054,49.8165],[8.4422,49.8365],[8.4759,49.8222],[8.4376,49.811],[8.4168,49.7804],[8.4798,49.7607],[8.4327,49.7194],[8.361,49.6971],[8.3571,49.6751],[8.4219,49.5848],[8.4202,49.5448],[8.4681,49.5285],[8.4423,49.501],[8.462,49.4772],[8.446,49.447],[8.5097,49.436],[8.4973,49.4041],[8.4602,49.3811],[8.476,49.371],[8.5117,49.3869],[8.5255,49.3729],[8.4702,49.3601],[8.4502,49.3247],[8.4855,49.2872],[8.4234,49.287],[8.4674,49.2587],[8.4021,49.2443],[8.4048,49.2215],[8.3711,49.1716],[8.3801,49.1543],[8.3583,49.1367],[8.3733,49.1014],[8.3646,49.0904],[8.3434,49.0695],[8.2739,49.0578],[8.305,49.0388],[8.2769,49.0147],[8.3057,49.0036],[8.2988,48.9933],[8.1982,48.9559],[8.1705,48.9099],[8.1266,48.9119],[8.1207,48.9024],[8.1505,48.8842],[8.1201,48.8692],[8.1098,48.8107],[8.0883,48.8137],[8.0195,48.7641],[7.971,48.756],[7.9818,48.7489],[7.954,48.7326],[7.9507,48.7061],[7.902,48.6629],[7.8281,48.6283],[7.8039,48.5842],[7.8031,48.5112],[7.7825,48.4982],[7.7274,48.3804],[7.7213,48.3568],[7.74,48.3217],[7.5774,48.1205],[7.5682,48.0357],[7.6219,47.9767],[7.5831,47.9313],[7.5778,47.8925],[7.5575,47.8804],[7.5627,47.8411],[7.5302,47.7837],[7.549,47.7345],[7.5112,47.6975],[7.5201,47.6653],[7.6139,47.5781],[7.6883,47.5986],[7.6721,47.5852],[7.687,47.5683],[7.634,47.5612],[7.668,47.5357],[7.7886,47.5209],[7.7907,47.4945],[7.8312,47.513],[7.8346,47.533],[7.8593,47.5339],[7.9026,47.4819],[7.9438,47.4829],[7.9876,47.4286],[8.0186,47.4313],[8.0288,47.4611],[8.11,47.4565],[8.0725,47.5046],[8.1428,47.5293],[8.1458,47.5544],[8.1754,47.5691],[8.2264,47.5459],[8.2528,47.5637],[8.2238,47.6064],[8.2876,47.6106],[8.3201,47.5754],[8.381,47.566],[8.4919,47.5805],[8.4581,47.597],[8.5157,47.6336],[8.5744,47.6123],[8.5736,47.5967],[8.6025,47.6101],[8.5955,47.6408],[8.6283,47.6531],[8.6037,47.6725],[8.5425,47.6655],[8.5238,47.6449],[8.475,47.6499],[8.478,47.6398],[8.4078,47.6716],[8.4125,47.7054],[8.457,47.7297],[8.4708,47.7615],[8.5773,47.7817],[8.562,47.7926],[8.5731,47.8061],[8.6202,47.7957],[8.6268,47.7608],[8.6529,47.7734],[8.6542,47.8001],[8.6796,47.7868],[8.689,47.7582],[8.7283,47.7613],[8.7364,47.7541],[8.713,47.7344],[8.7355,47.7172],[8.7272,47.6989],[8.7924,47.675],[8.7981,47.7013],[8.7712,47.7145],[8.8023,47.7365],[8.8729,47.6991],[8.8531,47.6872],[8.8959,47.6481],[9.0252,47.6864],[9.1779,47.6548],[9.2562,47.659],[9.4451,47.5948],[9.5147,47.5369],[9.5507,47.5371],[9.5645,47.4933],[9.5941,47.4644],[9.6558,47.4539],[9.6443,47.4348],[9.6734,47.3815],[9.6107,47.3557],[9.533,47.273],[9.4863,47.1841],[9.5193,47.0966],[9.4719,47.0642],[9.4758,47.0518],[9.6748,47.0606],[9.8335,47.0145],[9.8794,47.0196],[9.8712,47.0131],[9.8923,46.9904],[9.8724,46.9652],[9.8761,46.9346],[10.0176,46.9016],[10.0549,46.8617],[10.0914,46.859],[10.1052,46.8409],[10.2672,46.8691],[10.2886,46.9216],[10.3095,46.9258],[10.3093,46.9502],[10.3465,46.9896],[10.3893,47.0005],[10.4266,46.9757],[10.4182,46.9259],[10.4763,46.9146],[10.4715,46.8493],[10.4482,46.8033],[10.4198,46.7927],[10.4426,46.7538],[10.4018,46.7346],[10.4188,46.719],[10.3907,46.6882],[10.3921,46.6551],[10.4066,46.6353],[10.4461,46.6413],[10.4923,46.6151],[10.4704,46.5423],[10.4532,46.5308],[10.4579,46.5108],[10.6009,46.4685],[10.622,46.4481],[10.6328,46.4015],[10.5157,46.3433],[10.5658,46.3263],[10.5754,46.3064],[10.5597,46.2831],[10.5854,46.245],[10.5138,46.1634],[10.5871,46.1624],[10.5923,46.0814],[10.5393,46.0322],[10.5012,46.0392],[10.4716,46.0213],[10.4527,45.9846],[10.4863,45.971],[10.4847,45.9457],[10.5109,45.9155],[10.4905,45.8874],[10.5025,45.8304],[10.5399,45.821],[10.526,45.8054],[10.5657,45.7582],[10.57,45.7268],[10.6628,45.7721],[10.6429,45.802],[10.6532,45.8328],[10.7773,45.8427],[10.8835,45.817],[10.877,45.7695],[10.8445,45.7226],[10.9179,45.7013],[10.9286,45.6766],[10.9684,45.6946],[10.9684,45.6799],[11.0176,45.7193],[11.0167,45.7062],[11.0528,45.7165],[11.0944,45.6925],[11.1385,45.6968],[11.1783,45.7364],[11.1741,45.782],[11.2043,45.7838],[11.1891,45.813],[11.2335,45.8603],[11.2226,45.9266],[11.3507,45.8919],[11.3661,45.9044],[11.3584,45.9435],[11.3818,45.9426],[11.3736,45.9835],[11.4471,45.981],[11.4966,46.0088],[11.5431,46.0144],[11.5773,46.0069],[11.5877,45.9694],[11.67,45.9638],[11.6899,45.9888],[11.666,46.0362],[11.7044,46.0537],[11.6824,46.0898],[11.8818,46.1173],[11.9295,46.172],[11.9624,46.1684],[11.9617,46.1925],[11.9165,46.2216],[11.9241,46.2421],[11.8895,46.2548],[11.8778,46.2775],[11.8329,46.2778],[11.832,46.3251],[11.774,46.3577],[11.822,46.3762],[11.8323,46.3662],[11.8513,46.4345],[11.892,46.4436],[11.8867,46.4649],[11.9448,46.4741],[12.0197,46.4425],[12.0545,46.4949],[12.1361,46.4641],[12.197,46.5086],[12.2298,46.5053],[12.2544,46.5371],[12.229,46.5733],[12.1907,46.5899],[12.2112,46.61],[12.2607,46.6297],[12.2844,46.6173],[12.3376,46.6292],[12.371,46.6198],[12.4342,46.6684],[12.5036,46.6803],[12.569,46.6514],[12.6191,46.6618],[12.7378,46.6348],[12.7843,46.645],[12.8288,46.6312],[12.8477,46.6054],[13.0717,46.5961],[13.1521,46.5763],[13.2149,46.5254],[13.2871,46.5176],[13.352,46.4766],[13.4584,46.4695],[13.4339,46.4358],[13.4921,46.4124],[13.5169,46.383],[13.4412,46.3602],[13.4483,46.3311],[13.4002,46.296],[13.4524,46.2787],[13.4393,46.2269],[13.5846,46.2156],[13.6553,46.186],[13.6634,46.1692],[13.6424,46.1367],[13.5452,46.0832],[13.5017,46.0246],[13.5189,46.0125],[13.4863,46.002],[13.4785,45.976],[13.427,45.9539],[13.3857,45.9136],[13.369,45.9263],[13.3362,45.9166],[13.3327,45.8578],[13.3961,45.8712],[13.4169,45.8496],[13.3901,45.8463],[13.3846,45.8246],[13.3485,45.8059],[13.3488,45.8398],[13.3062,45.8113],[13.3022,45.7787],[13.2507,45.7568],[13.4082,45.7302],[13.4578,45.7486],[13.4272,45.7559],[13.4288,45.8369],[13.474,45.8741],[13.5022,45.8691],[13.5851,45.8],[13.5812,45.7551],[13.7011,45.666],[13.6948,45.6358],[13.8591,45.587],[13.8833,45.5601],[13.8594,45.5456],[13.8711,45.5377],[13.9262,45.5462],[14.0048,45.4705],[14.1072,45.4598],[14.205,45.4043],[14.181,45.3849],[14.1813,45.364],[14.1519,45.3541],[14.1101,45.3862],[14.0877,45.3833],[14.0718,45.3274],[14.031,45.337],[13.9846,45.2897],[13.909,45.3356],[13.8833,45.3299],[13.8814,45.2888],[13.8234,45.2336],[13.7832,45.2229],[13.779,45.1992],[13.789,45.1671],[13.8442,45.1604],[13.8641,45.1096],[13.9345,45.0896],[14.0189,45.0993],[14.0409,45.1541],[14.1069,45.15],[14.1618,45.171],[14.2586,45.1479],[14.335,45.2938],[14.4373,45.3879],[14.4174,45.4009],[14.4254,45.4108],[14.4062,45.4399],[14.4576,45.4795],[14.4736,45.5325],[14.4987,45.5485],[14.5013,45.6078],[14.5396,45.6188],[14.5689,45.6708],[14.6075,45.6647],[14.6015,45.6241],[14.6906,45.58],[14.6918,45.5272],[14.7204,45.5342],[14.7965,45.5028],[14.8228,45.4605],[14.9075,45.4771],[14.9134,45.5163],[14.9297,45.529],[14.9852,45.4973],[15.0862,45.4828],[15.0917,45.4645],[15.1625,45.4238],[15.2274,45.4283],[15.2738,45.466],[15.3476,45.4597],[15.3497,45.4777],[15.306,45.4927],[15.3267,45.5171],[15.3041,45.5341],[15.3001,45.5767],[15.2797,45.601],[15.3061,45.6128],[15.3054,45.6321],[15.406,45.6503],[15.371,45.6837],[15.3524,45.6718],[15.3583,45.7131],[15.3384,45.7123],[15.3249,45.6799],[15.3113,45.6972],[15.2911,45.6916],[15.2833,45.7103],[15.2642,45.6981],[15.2456,45.7161],[15.3967,45.79],[15.4686,45.7951],[15.4675,45.8147],[15.491,45.8311],[15.519,45.8213],[15.5708,45.8506],[15.646,45.8237],[15.7008,45.8461],[15.6784,45.8683],[15.6904,45.8831],[15.6819,45.8999],[15.7118,45.9393],[15.7004,45.999],[15.7234,46.0516],[15.6189,46.0916],[15.5996,46.1429],[15.6462,46.1892],[15.6472,46.2172],[15.6761,46.2268],[15.7794,46.213],[15.8015,46.2598],[16.009,46.3094],[16.0346,46.3353],[16.0731,46.3426],[16.0554,46.3868],[16.0695,46.3916],[16.1485,46.4046],[16.2,46.377],[16.3015,46.3783],[16.3071,46.3978],[16.275,46.4219],[16.2416,46.494],[16.2455,46.5233],[16.2648,46.5339],[16.1971,46.582],[16.107,46.6032],[16.0404,46.648],[16.0401,46.6893],[15.9873,46.7463],[15.9869,46.825],[16.0135,46.8847],[16.0729,46.9356],[16.0952,46.9346],[16.1231,46.9901],[16.1523,46.9927],[16.0898,47.0746],[16.1132,47.1612],[16.0565,47.3151],[16.0159,47.368],[16.0789,47.4053],[16.0954,47.4085],[16.093,47.3903],[16.1015,47.4125],[16.2239,47.4273],[16.302,47.4674],[16.2974,47.4787],[16.3334,47.5049],[16.3394,47.5228],[16.3113,47.5457],[16.3501,47.6173],[16.3703,47.6228],[16.3669,47.6483],[16.349,47.6797],[16.3126,47.6885],[16.2955,47.7236],[16.3004,47.7783],[16.2717,47.7909],[16.2838,47.8109],[16.3093,47.8073],[16.3156,47.7846],[16.3771,47.8274],[16.3846,47.8469],[16.3483,47.867],[16.4124,47.8814],[16.437,47.9275],[16.4883,47.9431],[16.5187,47.9436],[16.5737,47.8917],[16.6595,47.961],[16.6998,47.9668],[16.7012,48.01],[16.8366,48.0318],[16.8287,48.0384],[16.8723,48.0708],[16.912,48.0691],[16.9197,48.0509],[16.9682,48.0413],[16.9792,48.0234],[17.0165,48.0747],[16.9718,48.0955],[16.9757,48.1059],[17.0291,48.0999],[17.0023,48.0927],[17.036,48.0843],[17.0627,48.1144],[17.0509,48.1404],[17.0563,48.1313],[17.0287,48.129],[16.9622,48.1694],[16.9759,48.1823],[16.9471,48.2339],[16.9526,48.2732],[16.9198,48.2739],[16.8898,48.3044],[16.905,48.3202],[16.8753,48.3469],[16.8436,48.3508],[16.8338,48.3791],[16.8559,48.3839],[16.8473,48.4432],[16.8901,48.4921],[16.9109,48.494],[16.9072,48.5124],[16.9498,48.5362],[16.9343,48.5581],[16.9448,48.5878],[16.9349,48.6043],[16.9638,48.6259],[16.9707,48.674],[17.0005,48.6946],[16.9965,48.7075],[17.0449,48.7655],[17.0909,48.7847],[17.1091,48.8335],[17.1984,48.876],[17.3618,48.8159],[17.471,48.8448],[17.5204,48.8132],[17.5932,48.8277],[17.6327,48.8548],[17.7072,48.8635],[17.7829,48.9253],[17.8858,48.9282],[17.9263,49.0145],[18.0656,49.0325],[18.0979,49.0802],[18.1123,49.1575],[18.1528,49.2306],[18.1467,49.2494],[18.184,49.287],[18.3769,49.3297],[18.4143,49.3665],[18.4039,49.3956],[18.4754,49.4084],[18.5439,49.465],[18.5353,49.4832],[18.5515,49.501],[18.6834,49.506],[18.7542,49.4885],[18.8124,49.5164],[18.9523,49.522],[18.9524,49.543],[18.9748,49.5485],[18.9839,49.587],[19.017,49.6282],[18.9564,49.673],[18.963,49.6887],[18.99,49.7086],[18.9932,49.739],[19.079,49.7685],[19.0468,49.8121],[19.0341,49.9214],[19.0132,49.9438],[18.9464,49.9206],[18.9056,49.9361],[18.8138,49.9355],[18.7774,49.9197],[18.7185,49.9357],[18.7222,49.8982],[18.6615,49.8791],[18.5433,49.9263],[18.5425,49.9055],[18.5237,49.8995],[18.4251,49.9309],[18.4258,49.9459],[18.4089,49.9321],[18.3335,49.9463],[18.3425,49.9313],[18.3198,49.9114],[18.3254,49.8917],[18.2274,49.8531],[18.2214,49.8323],[18.2009,49.8369],[18.1756,49.8891],[17.9351,49.932],[17.9335,49.9684],[17.8687,49.9726],[17.7778,50.0202],[17.7715,50.0473],[17.7265,50.0943],[17.7465,50.1022],[17.6787,50.1177],[17.6699,50.1055],[17.6103,50.1413],[17.6007,50.1685],[17.7585,50.2066],[17.7651,50.2358],[17.725,50.2567],[17.7474,50.2943],[17.7181,50.3207],[17.6926,50.327],[17.6815,50.297],[17.6197,50.268],[17.497,50.2743],[17.4337,50.2533],[17.4051,50.2736],[17.4174,50.2905],[17.3661,50.2821],[17.3653,50.2629],[17.3461,50.269],[17.3516,50.3096],[17.3293,50.3134],[17.3452,50.3229],[17.2545,50.3296],[17.1936,50.3676],[17.1939,50.3883],[17.1442,50.3805],[17.1109,50.4045],[16.9731,50.4195],[16.903,50.4482],[16.9088,50.4568],[16.8646,50.4145],[16.9091,50.3904],[16.9436,50.3188],[17.0092,50.295],[17.0189,50.224],[16.9989,50.2159],[16.97,50.2422],[16.9498,50.2213],[16.888,50.2158],[16.8772,50.1986],[16.8376,50.2034],[16.7101,50.0991],[16.634,50.1113],[16.5586,50.1696],[16.5606,50.2052],[16.5366,50.239],[16.434,50.3221],[16.3907,50.3234],[16.3646,50.3469],[16.3591,50.3798],[16.3074,50.3829],[16.2809,50.3675],[16.2535,50.404],[16.2136,50.4064],[16.1978,50.4299],[16.2052,50.448],[16.2336,50.446],[16.2267,50.4554],[16.2562,50.4778],[16.2972,50.4829],[16.3085,50.5066],[16.3605,50.5013],[16.4106,50.5478],[16.4036,50.567],[16.4492,50.5731],[16.3403,50.6623],[16.2373,50.6709],[16.2172,50.6332],[16.1854,50.6274],[16.1012,50.6628],[16.0574,50.6169],[16.0179,50.6018],[15.9872,50.6126],[16.0179,50.6295],[15.9898,50.6803],[15.956,50.6914],[15.8654,50.674],[15.8104,50.755],[15.7026,50.7361],[15.6754,50.7557],[15.5257,50.7774],[15.4387,50.8145],[15.3921,50.7604],[15.3844,50.7676],[15.3692,50.8351],[15.2771,50.891],[15.3335,50.9416],[15.3278,50.9626],[15.407,51.0068],[15.4128,51.0276],[15.3963,51.0237],[15.3973,51.0499],[15.3678,51.0523],[15.3493,51.0455],[15.3747,51.0194],[15.2634,51.0297],[15.2919,51.0809],[15.3328,51.0911],[15.3001,51.0994],[15.2991,51.129],[15.3197,51.1608],[15.3864,51.1901],[15.433,51.2931],[15.4193,51.3087],[15.4227,51.3874],[15.3926,51.459],[15.3709,51.4749],[15.3286,51.4295],[15.3337,51.4098],[15.302,51.4052],[15.2524,51.448],[15.2253,51.5091],[15.2058,51.5118],[15.1975,51.4623],[15.0954,51.4254],[14.992,51.4429],[14.9859,51.4638],[14.8912,51.487],[14.8969,51.469],[14.8777,51.4607],[14.7697,51.4684],[14.8384,51.4872],[14.8321,51.504],[14.787,51.5172],[14.797,51.5207],[14.7745,51.5596],[14.7459,51.5741],[14.7547,51.58],[14.7753,51.5695],[14.8006,51.5925],[14.8176,51.5892],[14.8115,51.565],[14.8482,51.5538],[14.8931,51.5959],[14.9493,51.6123],[15.0437,51.6031],[15.1052,51.5468],[15.1742,51.5515],[15.1632,51.585],[15.2332,51.5833],[15.2593,51.6067],[15.2686,51.6617],[15.2343,51.7055],[15.2178,51.7755],[15.2401,51.7823],[15.1941,51.8561],[15.2023,51.8903],[15.3673,51.9338],[15.3372,51.9713],[15.2786,51.9721],[15.2583,52.004],[15.2778,52.0216],[15.2655,52.0635],[15.3218,52.0508],[15.3301,52.0052],[15.4059,51.9967],[15.4983,52.0387],[15.5832,52.033],[15.6046,52.0102],[15.6781,52.0001],[15.7704,52.0195],[15.8007,52.0411],[15.8102,52.0649],[15.7376,52.1056],[15.7636,52.1328],[15.7252,52.169],[15.6714,52.161],[15.6436,52.1738],[15.5754,52.1523],[15.5359,52.1609],[15.3975,52.1148],[15.306,52.1314],[15.2919,52.1478],[15.311,52.2052],[15.2741,52.2381],[15.3314,52.2975],[15.3983,52.3146],[15.3658,52.3295],[15.3776,52.3478],[15.4811,52.346],[15.4969,52.3611],[15.4554,52.3604],[15.4358,52.3757],[15.4498,52.3861],[15.3952,52.4549],[15.3551,52.4438],[15.3275,52.4544],[15.3165,52.4303],[15.2739,52.4121],[15.2375,52.4159],[15.2272,52.4486],[15.2935,52.459],[15.3038,52.4732],[15.2659,52.485],[15.2852,52.4946],[15.2761,52.5296],[15.3574,52.5357],[15.3484,52.6041],[15.3981,52.6582],[15.4622,52.6362],[15.5074,52.6523],[15.5138,52.6962],[15.5684,52.6966],[15.6036,52.7142],[15.624,52.7026],[15.7307,52.7129],[15.7716,52.702],[15.9019,52.714],[15.9467,52.7332],[15.9272,52.7785],[15.9571,52.81],[15.9478,52.8286],[15.9884,52.8648],[15.9672,52.9001],[15.961,52.9709],[15.9462,52.9718],[15.9573,53.0318],[15.988,53.0549],[15.9823,53.1098],[16.032,53.1506],[16.0157,53.1781],[16.0618,53.2038],[16.0612,53.2448],[16.1365,53.2826],[16.0666,53.2926],[16.069,53.3114],[16.025,53.3172],[15.9697,53.2995],[15.9501,53.3234],[15.9173,53.3269],[15.9142,53.352],[16.0221,53.403],[16.0549,53.3621],[16.3634,53.4214],[16.3245,53.4721],[16.2864,53.4756],[16.2248,53.533],[16.1672,53.5192],[16.0999,53.5508],[16.0649,53.5414],[16.0699,53.5653],[16.0527,53.5769],[16.0747,53.5764],[16.0717,53.6016],[16.1044,53.6213],[16.059,53.6581],[16.027,53.6621],[16.0324,53.6773],[16.106,53.7035],[16.1853,53.7642],[16.2453,53.7507],[16.2649,53.7204],[16.2476,53.6805],[16.2828,53.6529],[16.3521,53.6359],[16.4685,53.5325],[16.4996,53.5441],[16.5936,53.5166],[16.652,53.4831],[16.6518,53.4538],[16.7204,53.4397],[16.7068,53.4203],[16.7306,53.4005],[16.7481,53.3967],[16.776,53.445],[16.8178,53.4675],[16.8523,53.4618],[16.8631,53.4434],[16.8937,53.4471],[16.949,53.5155],[16.949,53.5585],[16.8932,53.6285],[16.8577,53.7468],[16.789,53.8101],[16.7906,53.8487],[16.8238,53.8684],[16.8179,53.8927],[16.7731,53.8682],[16.7279,53.9111],[16.7605,53.9063],[16.7783,53.9274],[16.8585,53.9471],[16.982,53.9048],[17.0195,53.9397],[17.0061,53.9534],[17.0193,53.9697],[17.099,53.9758],[17.1212,54.0111],[17.2048,54.0046],[17.211,54.0356],[17.2702,54.0454],[17.2478,54.0733],[17.3117,54.1333],[17.277,54.1455],[17.2818,54.2396],[17.3361,54.2373],[17.4224,54.2689],[17.5421,54.2572],[17.5637,54.2833],[17.6135,54.2973],[17.6129,54.3243],[17.6457,54.3346],[17.7321,54.3202],[17.7545,54.3387],[17.7167,54.3542],[17.727,54.4061],[17.7141,54.4249],[17.6268,54.4202],[17.6004,54.4425],[17.5979,54.4635],[17.6832,54.4878],[17.6737,54.5006],[17.5468,54.5491],[17.6181,54.6351],[17.5087,54.6622],[17.4158,54.7124],[17.5381,54.7545],[17.4801,54.8106],[17.2255,54.7826],[17.0044,54.7178],[16.8567,54.6452],[16.4762,54.5893],[16.3659,54.5296],[16.2058,54.3927],[16.0583,54.3208],[15.8112,54.2927],[15.4762,54.2219],[15.2408,54.197],[14.6793,54.0706],[14.3455,53.9667],[14.2611,53.9801],[14.0614,54.1001],[13.9714,54.1208],[13.9317,54.148],[13.9109,54.1676],[14.0076,54.2178],[14.0067,54.2707],[13.9428,54.3047],[13.8452,54.2948],[13.8636,54.3353],[13.8509,54.365],[13.7419,54.4395],[13.6821,54.4595],[13.7403,54.4829],[13.7701,54.5148],[13.7569,54.5912],[13.6573,54.6351],[13.5053,54.6326],[13.5268,54.6739],[13.5148,54.7058],[13.4787,54.7288],[13.4159,54.7374],[13.2475,54.722],[13.194,54.7033],[13.1405,54.6613],[13.0604,54.6449],[13.0132,54.6143],[13.0064,54.5654],[12.9736,54.5106],[12.6678,54.4969],[12.5599,54.5418],[12.476,54.5339],[12.423,54.5037],[12.378,54.4348],[12.3236,54.401],[12.2723,54.3337],[12.1499,54.2888],[12.0822,54.2438],[11.838,54.1983],[11.6446,54.1975],[11.4908,54.1345],[11.4295,54.0789],[11.3133,54.0352],[11.1665,54.0693],[11.0696,54.0661],[10.9133,54.0342],[11.0292,54.1071],[11.1668,54.1683],[11.1848,54.2128],[11.1664,54.3248],[11.2228,54.3564],[11.3501,54.3538],[11.4064,54.4036],[11.392,54.4452],[11.2921,54.5471],[11.0685,54.5927],[11.0042,54.5765],[10.9341,54.5206],[10.9133,54.4776],[10.916,54.4319],[10.7526,54.3656],[10.6556,54.4089],[10.4158,54.4765],[10.2666,54.4911],[10.1666,54.3643],[10.0758,54.3786],[10.0638,54.3606],[9.9401,54.3406],[9.8525,54.3759],[9.8226,54.3719],[9.8271,54.3446],[9.7928,54.3614],[9.7485,54.3418],[9.6756,54.3527],[9.6817,54.3306],[9.656,54.3263],[9.5954,54.3444],[9.5471,54.3098],[9.5445,54.2835],[9.5849,54.2413],[9.4964,54.2013],[9.43,54.2067],[9.4444,54.2402],[9.3779,54.2935],[9.2901,54.2748],[9.26,54.3045],[9.2716,54.3184],[9.2576,54.344],[9.2199,54.3464],[9.2276,54.3265],[9.1985,54.3204],[9.1722,54.3341],[9.1596,54.3176],[9.0896,54.3704],[9.0097,54.379],[8.9866,54.3668],[8.9949,54.3393],[8.9703,54.317],[8.8716,54.2641],[8.7944,54.2692],[8.5312,54.2211],[8.535,54.1691],[8.5055,54.0915],[8.5167,54.0122],[8.3781,54.0284],[8.3131,54.0198],[8.2634,53.9784],[8.2715,53.9249]],[[14.4693,51.5825],[14.47,51.6032],[14.5004,51.5877],[14.4693,51.5825]],[[14.5445,51.5736],[14.5477,51.5635],[14.5054,51.5573],[14.5164,51.5768],[14.5445,51.5736]],[[14.6095,51.5501],[14.6394,51.5605],[14.6019,51.57],[14.6282,51.5907],[14.6879,51.5777],[14.6912,51.5653],[14.6457,51.5541],[14.6438,51.5314],[14.6031,51.538],[14.6095,51.5501]],[[15.3085,45.4988],[15.3037,45.4937],[15.2997,45.4952],[15.3085,45.4988]],[[15.3036,45.6893],[15.3015,45.6897],[15.3065,45.6912],[15.3036,45.6893]],[[15.3048,45.6937],[15.3014,45.6928],[15.304,45.6965],[15.3048,45.6937]]],[[[7.9561,54.1337],[8.0059,54.1819],[8.0007,54.2086],[7.9705,54.2316],[7.842,54.2397],[7.7998,54.2244],[7.7794,54.198],[7.7914,54.1651],[7.8411,54.1274],[7.9047,54.1187],[7.9561,54.1337]]]]},"properties":{"id":"Q12548","names":{"br":"Impalaeriezh santel roman german","cs":"Svatá říše římská","cy":"yr Ymerodraeth Lân Rufeinig","de":"Heiliges Römisches Reich","dsb":"Swěte romske mócnaŕstwo","el":"Αγία Ρωμαϊκή Αυτοκρατορία","en":"Holy Roman Empire","es":"Sacro Imperio Romano Germánico","fo":"Heilaga rómverska ríkið","fr":"Saint-Empire romain germanique","frr":"Halag Röömsk Rik","fy":"Hillige Roomske Ryk","ga":"an Impireacht Naofa Rómhánach","gd":"an Ìmpireachd Naomh na Ròimhe","gv":"yn Impiraght Raueagh Vannee","hsb":"Swjate romske mócnarstwo","is":"Heilaga rómverska ríkið","it":"Sacro Romano Impero","ko":"신성로마제국","la":"Sacrum Imperium Romanum","li":"Heilig Roeams Riek","lij":"Sacro Impêo Roman","lmo":"Sacr Roman Imper","nb":"Det hellige romerske rike","nds":"Hillig Röömsch Riek","nds_nl":"Heilige Roomse Riek","nl":"Heilige Roomse Rijk","nn":"Det heilage romerske riket","no":"Det hellige romerske rike","pdt":"Heilich Römisch Rikj","pl":"Święte Cesarstwo Rzymskie","pt":"Sacro Imperio Romano-Germânico","rm":"Sontg Imperi roman","sl":"Sveto rimsko cesarstvo","sv":"Tysk-romerska riket","vls":"Illig Rôoms Ryk"},"from":1797.7930107526881,"to":1803.3198924731182,"wikidata":"Q12548","adminLevel":2,"source":"OpenHistoricalMap","sourceUrl":"https://www.openhistoricalmap.org"}},{"type":"Feature","geometry":{"type":"MultiPolygon","coordinates":[[[[12.3312,67.5732],[12.1891,67.6078],[11.9211,67.5897],[11.7307,67.4981],[11.6687,67.4234],[11.6683,67.3976],[11.6999,67.3644],[11.7768,67.3399],[12.0205,67.3449],[12.0941,67.3752],[12.1263,67.414],[12.3123,67.4377],[12.3862,67.4647],[12.4088,67.4963],[12.4027,67.5354],[12.3312,67.5732]]],[[[-6.5585,61.8846],[-6.5679,61.8939],[-6.5153,61.9124],[-6.4786,61.9565],[-6.4975,62.0017],[-6.5453,62.0491],[-6.4645,62.11],[-6.3559,62.1325],[-6.3055,62.1771],[-6.2028,62.2169],[-6.1178,62.3196],[-6.1126,62.3444],[-6.1281,62.3683],[-6.2088,62.4054],[-6.3057,62.4183],[-6.392,62.409],[-6.5285,62.4558],[-6.7307,62.4293],[-6.8421,62.4355],[-6.9399,62.4001],[-7.0234,62.4002],[-7.2892,62.3577],[-7.3595,62.3151],[-7.3806,62.2569],[-7.3705,62.2336],[-7.3908,62.2083],[-7.4882,62.2084],[-7.5645,62.1819],[-7.7062,62.1667],[-7.7982,62.1377],[-7.8285,62.1023],[-7.8065,62.0611],[-7.7491,62.035],[-7.5482,62.0247],[-7.2522,61.9566],[-7.1334,61.9655],[-7.0904,61.9407],[-7.0907,61.9012],[-6.9975,61.7876],[-6.9796,61.735],[-6.9531,61.7161],[-7.0868,61.6871],[-7.1346,61.6311],[-7.1278,61.5921],[-6.9839,61.4355],[-6.8645,61.3692],[-6.7535,61.3318],[-6.5982,61.3406],[-6.5523,61.365],[-6.5308,61.3988],[-6.6145,61.5774],[-6.5617,61.6232],[-6.5636,61.6499],[-6.6008,61.6953],[-6.5359,61.7383],[-6.5026,61.8215],[-6.5172,61.8584],[-6.5585,61.8846]]],[[[-17.8575,66.5816],[-17.9466,66.6198],[-18.0588,66.6251],[-18.1437,66.6023],[-18.1809,66.5462],[-18.1587,66.5133],[-18.0949,66.4832],[-17.9441,66.4677],[-17.88,66.4813],[-17.8349,66.5109],[-17.826,66.547],[-17.8575,66.5816]]],[[[-13.4139,64.5677],[-13.3405,64.5367],[-13.2361,64.5326],[-13.1523,64.5566],[-13.1231,64.6045],[-13.1936,64.6511],[-13.3153,64.6591],[-13.4152,64.6238],[-13.4294,64.5987],[-13.4139,64.5677]]],[[[-18.9423,63.3455],[-18.6802,63.3264],[-18.0595,63.4072],[-17.7907,63.5],[-17.6681,63.6261],[-17.5302,63.674],[-17.2307,63.7177],[-16.5975,63.7348],[-16.5279,63.7553],[-16.4033,63.8413],[-16.1957,63.9474],[-15.8527,64.089],[-15.6843,64.1121],[-15.5886,64.1492],[-15.3897,64.1718],[-14.8987,64.184],[-14.826,64.2111],[-14.7479,64.284],[-14.6525,64.2967],[-14.5955,64.334],[-14.4392,64.3555],[-14.3628,64.4159],[-14.356,64.4552],[-14.3224,64.501],[-14.2693,64.5383],[-14.1442,64.5249],[-14.0347,64.5506],[-13.9954,64.5905],[-14.0031,64.6153],[-14.0361,64.6387],[-13.8919,64.6772],[-13.8349,64.7241],[-13.7353,64.7558],[-13.6325,64.8268],[-13.5021,64.8647],[-13.4623,64.9081],[-13.3806,64.9498],[-13.3702,64.996],[-13.3898,65.02],[-13.3483,65.0837],[-13.374,65.1191],[-13.3701,65.1785],[-13.4043,65.2062],[-13.4659,65.2236],[-13.4257,65.2634],[-13.4372,65.2994],[-13.5508,65.338],[-13.4905,65.399],[-13.4676,65.525],[-13.5643,65.5902],[-13.7075,65.6195],[-13.8142,65.6683],[-14.0029,65.6723],[-14.2056,65.7307],[-14.1634,65.7674],[-14.1598,65.7913],[-14.1967,65.8243],[-14.2509,65.8414],[-14.3901,65.8477],[-14.5819,65.8213],[-14.4782,65.9005],[-14.457,65.944],[-14.4672,66.0043],[-14.5324,66.0643],[-14.5945,66.0981],[-14.6857,66.1154],[-14.7842,66.1193],[-14.9145,66.0968],[-14.9239,66.1134],[-14.8312,66.1415],[-14.7872,66.1744],[-14.7752,66.2137],[-14.7988,66.2477],[-14.4862,66.313],[-14.3987,66.3536],[-14.385,66.3879],[-14.4322,66.4243],[-14.5119,66.4397],[-14.7085,66.4254],[-14.7997,66.4451],[-14.8881,66.4435],[-15.0975,66.3942],[-15.2308,66.3194],[-15.3933,66.3113],[-15.4757,66.2708],[-15.5489,66.2879],[-15.5266,66.3365],[-15.5582,66.4151],[-15.6148,66.4435],[-15.749,66.4714],[-15.7595,66.508],[-15.8282,66.5495],[-15.9801,66.5947],[-16.1855,66.5996],[-16.326,66.5685],[-16.5498,66.5683],[-16.6879,66.5257],[-16.7089,66.4788],[-16.6718,66.4225],[-16.67,66.3633],[-16.6172,66.2903],[-16.5809,66.271],[-16.6116,66.2387],[-16.8389,66.1893],[-16.8993,66.2382],[-16.9691,66.2596],[-17.2061,66.2622],[-17.3965,66.1992],[-17.4303,66.1432],[-17.5148,66.0914],[-17.5239,66.0437],[-17.6791,66.1326],[-17.6918,66.1827],[-17.7169,66.2048],[-17.854,66.2331],[-17.9671,66.2192],[-18.287,66.2324],[-18.4243,66.1968],[-18.4735,66.1445],[-18.5583,66.1978],[-18.6693,66.238],[-18.84,66.2591],[-18.9734,66.2474],[-19.1391,66.2082],[-19.2359,66.1434],[-19.431,66.1264],[-19.6442,66.0787],[-19.6899,66.0558],[-19.7023,66.0202],[-19.787,66.0028],[-19.9253,66.1266],[-20.0261,66.1721],[-20.2005,66.1871],[-20.4874,66.143],[-20.5566,66.1053],[-20.5843,66.0203],[-20.5426,65.9756],[-20.526,65.9142],[-20.4776,65.8696],[-20.4724,65.8126],[-20.423,65.7453],[-20.4536,65.7112],[-20.4551,65.6739],[-20.4812,65.6636],[-20.5088,65.7085],[-20.6235,65.7447],[-20.7937,65.7366],[-21.04,65.63],[-21.0894,65.5912],[-21.0967,65.5531],[-21.1277,65.5132],[-21.1552,65.5081],[-21.139,65.5624],[-21.1483,65.6001],[-21.1831,65.6333],[-21.249,65.6544],[-21.1942,65.746],[-21.2038,65.7718],[-21.151,65.823],[-21.1282,65.8889],[-21.1305,65.9292],[-21.1752,65.976],[-21.1868,66.027],[-21.2119,66.0492],[-21.3708,66.0907],[-21.4175,66.124],[-21.5088,66.1467],[-21.6612,66.2231],[-21.7901,66.2496],[-21.8548,66.3115],[-22.0363,66.3469],[-22.0808,66.3784],[-22.243,66.4378],[-22.2715,66.4795],[-22.3574,66.5186],[-22.6106,66.528],[-22.7458,66.5015],[-22.874,66.5308],[-22.9782,66.5311],[-23.2123,66.4809],[-23.2591,66.4567],[-23.2701,66.419],[-23.3512,66.3791],[-23.341,66.3304],[-23.2984,66.3],[-23.1156,66.2566],[-23.1305,66.2374],[-23.1252,66.2116],[-23.2956,66.2465],[-23.4571,66.2597],[-23.684,66.2051],[-23.7988,66.1315],[-23.9147,66.0979],[-23.9636,66.062],[-23.9702,66.0104],[-23.9146,65.9669],[-24.0006,65.9149],[-24.0133,65.8658],[-24.1426,65.861],[-24.252,65.8178],[-24.2701,65.7653],[-24.2232,65.6987],[-24.3506,65.7018],[-24.4304,65.686],[-24.5402,65.5868],[-24.6861,65.5139],[-24.6887,65.489],[-24.6686,65.4662],[-24.6026,65.4417],[-24.458,65.4275],[-24.19,65.4388],[-24.1201,65.42],[-24.0401,65.3679],[-23.878,65.3457],[-23.6617,65.3614],[-23.5309,65.412],[-23.3927,65.4304],[-23.2873,65.4223],[-23.3063,65.3993],[-23.3028,65.3751],[-23.2564,65.3436],[-23.1776,65.3285],[-23.0805,65.3364],[-23.002,65.3084],[-23.0423,65.2789],[-23.0449,65.2537],[-22.9514,65.1794],[-22.9835,65.1262],[-23.0783,65.0748],[-23.2582,65.0696],[-23.6954,64.9647],[-23.7981,64.9862],[-23.9572,64.9837],[-24.1536,64.9319],[-24.2028,64.8743],[-24.1458,64.7988],[-24.0455,64.715],[-23.8278,64.6651],[-23.5874,64.6841],[-23.5269,64.7013],[-23.4854,64.7327],[-23.3817,64.728],[-23.2524,64.7583],[-22.8368,64.7321],[-22.7066,64.7097],[-22.5749,64.7109],[-22.5637,64.7046],[-22.5963,64.6725],[-22.5928,64.6476],[-22.5089,64.5996],[-22.5263,64.5772],[-22.5328,64.5145],[-22.5182,64.4902],[-22.4704,64.4656],[-22.2012,64.3987],[-22.1762,64.3803],[-22.2444,64.3402],[-22.2396,64.3019],[-22.1798,64.2604],[-22.0536,64.2338],[-22.1453,64.1972],[-22.1798,64.1607],[-22.1862,64.0979],[-22.2063,64.0944],[-22.4383,64.0646],[-22.609,64.1424],[-22.7486,64.1464],[-22.8335,64.1214],[-22.8709,64.0703],[-22.8652,64.0319],[-22.8984,63.9987],[-22.8965,63.9578],[-22.8647,63.9264],[-22.8928,63.8819],[-22.8837,63.8565],[-22.8954,63.8204],[-22.8807,63.7954],[-22.8184,63.7585],[-22.6567,63.7425],[-22.2905,63.7723],[-22.1101,63.7595],[-21.7971,63.7847],[-21.6144,63.7595],[-21.2332,63.8085],[-21.042,63.7673],[-20.8334,63.7096],[-20.4598,63.5551],[-20.5789,63.5532],[-20.661,63.5085],[-20.6636,63.4817],[-20.6342,63.4511],[-20.5169,63.4247],[-20.5197,63.3887],[-20.6811,63.3642],[-20.7556,63.3218],[-20.764,63.2951],[-20.7494,63.2697],[-20.6294,63.2268],[-20.5428,63.2289],[-20.4225,63.2644],[-20.295,63.2807],[-20.0651,63.4081],[-19.998,63.4708],[-19.74,63.4528],[-19.182,63.3404],[-19.0216,63.3331],[-18.9423,63.3455]]],[[[11.0856,57.3837],[11.0542,57.3834],[11.0165,57.4117],[10.9567,57.428],[10.8238,57.4051],[10.7854,57.3679],[10.8021,57.3239],[10.7513,57.2913],[10.7477,57.2436],[10.8227,57.1409],[10.9282,57.1158],[11.0978,57.1526],[11.1542,57.199],[11.2393,57.2143],[11.3005,57.2632],[11.3171,57.3255],[11.2809,57.3696],[11.1774,57.3892],[11.0856,57.3837]]],[[[11.6921,56.6691],[11.7579,56.7031],[11.7762,56.7391],[11.7553,56.7739],[11.7017,56.797],[11.4804,56.7822],[11.4218,56.7597],[11.3924,56.7268],[11.3939,56.7019],[11.4334,56.6602],[11.5004,56.6287],[11.6141,56.6299],[11.6921,56.6691]]],[[[11.7181,56.264],[11.6043,56.2517],[11.5717,56.2255],[11.5675,56.1885],[11.6058,56.1525],[11.6917,56.1287],[11.7714,56.1369],[11.8214,56.1657],[11.8333,56.19],[11.8183,56.2286],[11.7181,56.264]]],[[[15.2654,55.3752],[15.1957,55.3939],[15.1277,55.3881],[15.0712,55.3592],[15.0559,55.3118],[15.1218,55.2618],[15.2384,55.2584],[15.2804,55.2764],[15.3092,55.3117],[15.2995,55.3504],[15.2654,55.3752]]],[[[14.8154,54.9763],[14.9562,54.9335],[15.1451,54.9335],[15.2232,54.988],[15.2731,55.0695],[15.2756,55.1346],[15.2255,55.1889],[15.1385,55.2127],[15.0326,55.2709],[14.9176,55.2994],[14.8376,55.3572],[14.771,55.3667],[14.7111,55.3561],[14.6519,55.322],[14.5916,55.2263],[14.5863,55.1417],[14.5651,55.0939],[14.6167,55.0366],[14.8154,54.9763]]],[[[7.976,54.1215],[8.0173,54.1478],[8.0351,54.1928],[8.0231,54.2206],[7.9771,54.2491],[7.8239,54.2539],[7.7529,54.2067],[7.7572,54.168],[7.8243,54.1138],[7.8982,54.1013],[7.976,54.1215]]],[[[12.4704,56.1462],[12.3764,56.1843],[12.2359,56.1909],[12.1171,56.1632],[11.8266,56.0453],[11.6656,56.0136],[11.4355,56.028],[11.3142,56.0718],[11.2464,56.0744],[11.1641,56.0339],[11.1563,56.0063],[11.1802,55.9633],[11.0794,55.9867],[10.992,55.9636],[10.9627,55.9302],[10.9718,55.8925],[11.0941,55.8175],[10.8341,55.8074],[10.7727,55.7801],[10.7553,55.7432],[10.8517,55.6238],[11.002,55.5841],[10.9664,55.5411],[10.9539,55.4884],[10.9677,55.4464],[11.0213,55.415],[10.9966,55.394],[10.8932,55.3869],[10.8327,55.4424],[10.91,55.485],[10.9162,55.535],[10.8723,55.5701],[10.7876,55.585],[10.7007,55.6653],[10.5911,55.685],[10.4775,55.6465],[10.3566,55.6846],[10.4464,55.7418],[10.4988,55.7121],[10.5815,55.7011],[10.6928,55.7174],[10.7403,55.7628],[10.7565,55.8116],[10.8031,55.8729],[10.8928,55.9083],[10.9042,55.9451],[10.8766,55.9798],[10.7739,56.0133],[10.6838,56.003],[10.6604,56.0407],[10.6278,56.0582],[10.6477,56.0808],[10.8333,56.0672],[10.9114,56.0985],[10.927,56.1471],[10.8695,56.1941],[11.0236,56.3228],[11.0393,56.396],[11.0723,56.4429],[11.0387,56.4995],[10.8641,56.5941],[10.7647,56.6034],[10.5328,56.5782],[10.4615,56.5905],[10.4811,56.6658],[10.4689,56.7244],[10.409,56.7812],[10.3905,56.8271],[10.3866,56.9222],[10.4448,56.9631],[10.5297,57.1255],[10.657,57.2187],[10.6638,57.2558],[10.6399,57.3963],[10.7162,57.4413],[10.7406,57.4753],[10.7213,57.5156],[10.6636,57.5518],[10.5553,57.5618],[10.5398,57.5762],[10.595,57.6386],[10.7273,57.6973],[10.7585,57.727],[10.7563,57.7743],[10.7024,57.8044],[10.6097,57.8153],[10.5269,57.8043],[10.2263,57.6771],[10.1378,57.6545],[9.9495,57.6594],[9.8885,57.6447],[9.7029,57.5107],[9.6056,57.3952],[9.47,57.2782],[9.334,57.2221],[9.2078,57.2017],[8.9537,57.2201],[8.7597,57.1644],[8.623,57.1898],[8.5365,57.1823],[8.2676,56.9965],[8.1697,56.8865],[8.0424,56.6478],[8.0013,56.5279],[8.0025,56.3043],[8.0166,56.234],[7.9848,56.0942],[7.9856,56.0315],[8.0249,55.9532],[8.063,55.7757],[8.0327,55.6952],[7.9582,55.5754],[7.9597,55.55],[7.994,55.5167],[8.133,55.4711],[8.2665,55.3888],[8.2948,55.3547],[8.3088,55.2938],[8.3449,55.2627],[8.3408,55.2231],[8.3635,55.1899],[8.3487,55.1185],[8.2907,55.0812],[8.1927,54.9443],[8.1641,54.7762],[8.1801,54.7206],[8.1403,54.6851],[8.1362,54.6468],[8.1804,54.6066],[8.34,54.5478],[8.3291,54.4765],[8.3403,54.4247],[8.3885,54.3848],[8.4694,54.3586],[8.4756,54.2766],[8.5013,54.2245],[8.5253,54.2212],[8.7944,54.2692],[8.8716,54.2641],[8.9927,54.332],[8.9822,54.3609],[9.0097,54.379],[9.0989,54.3661],[9.1596,54.3176],[9.1722,54.3341],[9.1941,54.3327],[9.1904,54.3187],[9.2216,54.3229],[9.2201,54.344],[9.2671,54.3408],[9.2624,54.3096],[9.2951,54.2749],[9.3935,54.2889],[9.4446,54.2423],[9.4284,54.2084],[9.4507,54.1965],[9.5807,54.2366],[9.5445,54.2835],[9.5471,54.3098],[9.5954,54.3444],[9.6901,54.3274],[9.6756,54.3527],[9.7425,54.3512],[9.7397,54.3414],[9.8525,54.3759],[9.9401,54.3406],[10.0638,54.3606],[10.0758,54.3786],[10.1666,54.3643],[10.2001,54.3894],[10.2781,54.5045],[10.1392,54.5543],[10.1506,54.7044],[10.0694,54.7999],[10.1459,54.8262],[10.1814,54.8586],[10.3737,54.7563],[10.4383,54.7537],[10.538,54.7784],[10.5745,54.7046],[10.6443,54.6658],[10.7193,54.661],[10.7946,54.6804],[10.8386,54.712],[10.8706,54.7622],[10.944,54.7087],[11.213,54.6372],[11.4471,54.5345],[11.7018,54.5273],[11.8552,54.4947],[12.0247,54.5039],[12.0839,54.5549],[12.0892,54.6689],[12.1462,54.7296],[12.2608,54.8005],[12.3317,54.8715],[12.3829,54.8985],[12.5623,54.8818],[12.6198,54.9013],[12.6648,54.9433],[12.6556,54.9991],[12.5971,55.0572],[12.5011,55.084],[12.3779,55.0941],[12.3461,55.1275],[12.2581,55.1667],[12.3892,55.1754],[12.4654,55.1999],[12.5423,55.2445],[12.5628,55.2772],[12.5645,55.3421],[12.5378,55.388],[12.4278,55.4489],[12.333,55.4678],[12.3235,55.4896],[12.3338,55.5033],[12.4337,55.5423],[12.5615,55.4964],[12.6549,55.5029],[12.8645,55.5966],[12.8959,55.6361],[12.8773,55.6807],[12.6068,55.9034],[12.6075,55.9407],[12.6604,56.013],[12.6508,56.0463],[12.4704,56.1462]]],[[[11.24,65.3375],[11.1826,65.2965],[11.2021,65.2196],[11.2547,65.1589],[11.3574,65.1129],[11.2662,65.1059],[11.2058,65.0803],[11.133,65.1062],[11.1138,65.1572],[11.1495,65.1867],[11.1499,65.2108],[11.1166,65.243],[11.0307,65.2741],[10.9151,65.2789],[10.806,65.2421],[10.79,65.2069],[10.8265,65.1669],[10.785,65.128],[10.7797,65.1039],[10.8084,65.0729],[10.7457,65.0618],[10.6353,65.071],[10.5486,65.0491],[10.4916,64.9823],[10.3889,64.9448],[10.3729,64.9092],[10.4024,64.8504],[10.3354,64.8307],[10.2931,64.7887],[10.3109,64.7523],[10.3825,64.724],[10.3828,64.6858],[10.4311,64.6556],[10.5247,64.6414],[10.7138,64.6534],[10.5775,64.6076],[10.4958,64.5514],[10.3859,64.5265],[10.3431,64.4944],[10.2274,64.5284],[10.0958,64.5053],[10.0629,64.4581],[10.1174,64.4146],[10.0902,64.3785],[10.1072,64.3423],[10.0133,64.301],[9.9976,64.2637],[9.9036,64.2377],[9.7805,64.1711],[9.7049,64.101],[9.69,64.0393],[9.5413,64.0402],[9.4108,63.9899],[9.3888,63.9548],[9.4288,63.9092],[9.2628,63.8537],[9.2095,63.8035],[9.217,63.7465],[9.0733,63.7541],[9.0961,63.8334],[9.0565,63.8749],[9.2828,63.9443],[9.3342,63.9743],[9.3837,64.0323],[9.5433,64.0782],[9.5654,64.1014],[9.5608,64.1393],[9.5903,64.1717],[9.5712,64.2115],[9.5101,64.2385],[9.3987,64.2461],[9.3247,64.2757],[9.1956,64.273],[9.1344,64.246],[9.1182,64.222],[9.1241,64.1973],[8.9803,64.131],[8.9448,64.072],[8.9483,64.0494],[8.9113,64.0362],[8.7753,64.0391],[8.6738,64.012],[8.6278,63.9826],[8.4838,63.9798],[8.291,63.911],[8.2116,63.862],[8.1473,63.7762],[8.1669,63.7284],[8.1047,63.6713],[8.1226,63.6334],[8.1677,63.6096],[8.1323,63.5637],[8.014,63.5911],[7.8415,63.5959],[7.7503,63.5767],[7.7083,63.5384],[7.6514,63.5226],[7.6079,63.4901],[7.6089,63.4511],[7.5759,63.4197],[7.528,63.3225],[7.5348,63.2955],[7.4237,63.2651],[7.3826,63.2036],[7.1464,63.1666],[7.0877,63.1254],[7.0946,63.0749],[7.0295,63.0489],[6.9128,63.0429],[6.7652,62.9894],[6.65,62.9944],[6.5427,62.9517],[6.4007,62.9369],[6.3298,62.8794],[6.1472,62.8227],[6.1198,62.7683],[6.0165,62.6993],[5.8943,62.7132],[5.7908,62.682],[5.7664,62.6503],[5.7925,62.6049],[5.7629,62.5699],[5.7657,62.5018],[5.5443,62.4983],[5.487,62.4785],[5.4448,62.4315],[5.3547,62.388],[5.2643,62.4009],[5.1675,62.385],[5.1141,62.3381],[5.1436,62.2863],[4.9713,62.2256],[4.9369,62.1738],[4.9664,62.1143],[4.8535,62.069],[4.8373,62.0432],[4.8402,61.983],[4.7217,61.9356],[4.6447,61.8017],[4.6246,61.6742],[4.549,61.6359],[4.5208,61.598],[4.5179,61.5594],[4.5539,61.5165],[4.7134,61.4765],[4.6294,61.472],[4.5679,61.4502],[4.5107,61.3686],[4.4263,61.3179],[4.421,61.2904],[4.4466,61.2557],[4.5212,61.2199],[4.4964,61.1829],[4.5058,61.1443],[4.3873,61.1107],[4.3468,61.0391],[4.3721,60.9866],[4.5091,60.8782],[4.4864,60.8128],[4.5538,60.7316],[4.5445,60.6961],[4.572,60.6544],[4.5746,60.615],[4.6737,60.5009],[4.7133,60.4134],[4.7508,60.3832],[4.733,60.3422],[4.7387,60.3157],[4.7718,60.2803],[4.7772,60.231],[4.8255,60.1959],[4.8485,60.1343],[4.903,60.0971],[4.8757,60.0095],[4.941,59.9323],[4.9107,59.8767],[4.9261,59.7832],[4.9705,59.7322],[4.9605,59.6485],[4.9858,59.577],[4.9429,59.5433],[4.9576,59.4933],[4.9404,59.4291],[4.8839,59.3837],[4.811,59.3738],[4.7448,59.3378],[4.7196,59.2872],[4.7403,59.2379],[4.8281,59.2075],[4.9302,59.2227],[4.9604,59.1912],[5.047,59.1613],[5.0854,59.0994],[5.1644,59.074],[5.2569,59.0664],[5.2406,59.0009],[5.302,58.9517],[5.3162,58.8472],[5.39,58.7979],[5.3612,58.7497],[5.422,58.6504],[5.5597,58.5179],[5.7366,58.4293],[5.7833,58.3826],[6.3813,58.2037],[6.4581,58.1604],[6.4312,58.1268],[6.4419,58.0885],[6.5552,58.015],[6.7766,57.9836],[7.0402,57.9123],[7.1359,57.9253],[7.2316,57.9109],[7.3016,57.9246],[7.3966,57.9197],[7.4892,57.8931],[7.6051,57.8933],[7.7452,57.9379],[7.8323,57.9462],[8.3299,58.0633],[8.5047,58.1778],[8.5919,58.1895],[8.7145,58.2708],[8.8381,58.3155],[8.9244,58.3884],[9.0987,58.4826],[9.1244,58.5163],[9.3536,58.6688],[9.545,58.7654],[9.6578,58.7967],[9.8063,58.8937],[9.9532,58.8742],[10.0186,58.8896],[10.0557,58.9189],[10.1763,58.9005],[10.3123,58.9273],[10.3601,58.9614],[10.5666,58.9634],[10.6393,58.9965],[10.6595,59.0667],[10.6948,59.0453],[10.6525,59.0004],[10.6846,58.9536],[10.7639,58.9214],[10.9175,58.9424],[11.0922,58.9917],[11.1537,59.0792],[11.3399,59.115],[11.4646,58.9912],[11.4565,58.8951],[11.5335,58.8789],[11.5482,58.896],[11.652,58.9062],[11.6878,58.9556],[11.6849,58.9878],[11.7105,59.0341],[11.7718,59.0852],[11.7828,59.2055],[11.8233,59.2371],[11.8171,59.3441],[11.7805,59.386],[11.7538,59.4788],[11.6911,59.5889],[11.718,59.6241],[11.8551,59.6485],[11.8896,59.6936],[11.9402,59.6948],[11.9264,59.7912],[11.8428,59.837],[11.8853,59.856],[11.8906,59.8725],[11.9855,59.9007],[12.0531,59.8857],[12.174,59.8895],[12.2316,59.9276],[12.3407,59.9647],[12.395,60.0151],[12.4488,60.0384],[12.5,60.0988],[12.5415,60.1928],[12.499,60.3244],[12.6061,60.4053],[12.6064,60.5124],[12.5828,60.5504],[12.5157,60.5997],[12.5112,60.6421],[12.3956,60.733],[12.3386,60.843],[12.3325,60.8913],[12.2251,61.0108],[12.4474,61.0498],[12.6147,61.046],[12.6818,61.0594],[12.7073,61.1431],[12.7923,61.198],[12.8719,61.357],[12.5685,61.5686],[12.4181,61.5632],[12.1374,61.7232],[12.3003,62.266],[12.2696,62.333],[12.0589,62.6122],[12.1363,62.7488],[12.0747,62.9021],[12.2185,63.0006],[11.9749,63.2681],[12.2131,63.4783],[12.1506,63.5955],[12.2996,63.6713],[12.3302,63.7152],[12.6829,63.9734],[12.9278,64.0599],[13.2108,64.0961],[13.9665,64.0077],[14.158,64.1949],[14.1142,64.4628],[14.0856,64.4789],[13.8911,64.5063],[13.658,64.5785],[13.7016,64.6359],[13.9309,64.8224],[14.3268,65.1179],[14.3779,65.2447],[14.5047,65.3106],[14.4964,65.5197],[14.5409,65.7008],[14.6249,65.8112],[14.582,65.9071],[14.5178,66.1339],[15.0399,66.1547],[15.483,66.2824],[15.3779,66.4847],[15.6254,66.5952],[16.0406,66.9133],[16.388,67.045],[16.404,67.202],[16.0886,67.4349],[16.1591,67.5188],[16.408,67.5334],[16.5597,67.6519],[16.7433,67.9167],[17.1831,68.0519],[17.2823,68.119],[17.6443,68.0431],[17.8985,67.9699],[18.1527,68.1975],[18.1008,68.4051],[18.1261,68.5356],[18.4082,68.5808],[18.6212,68.5063],[18.9858,68.5169],[19.9214,68.3572],[20.2275,68.4916],[19.936,68.5582],[20.0518,68.5901],[20.2035,68.6673],[20.334,68.8004],[20.306,68.9295],[20.0598,69.0466],[20.5497,69.0602],[20.7179,69.1198],[21.0582,69.0367],[21.109,69.1034],[21.0566,69.1232],[20.9868,69.1922],[21.0026,69.2224],[21.2812,69.3113],[21.6276,69.2763],[22.1765,68.9562],[22.1929,68.9174],[22.3413,68.8285],[22.3732,68.7223],[22.5332,68.7442],[22.7997,68.6871],[23.0452,68.689],[23.168,68.6291],[23.4374,68.6919],[23.6725,68.7043],[23.7324,68.7519],[23.7724,68.8118],[23.8724,68.8373],[23.9835,68.8269],[24.0757,68.78],[24.1583,68.79],[24.1531,68.7533],[24.2728,68.7219],[24.6027,68.6851],[24.7826,68.6355],[24.8576,68.5613],[24.9029,68.5548],[24.9185,68.6058],[25.0679,68.6201],[25.1142,68.6388],[25.1214,68.7454],[25.1499,68.795],[25.3036,68.8621],[25.4169,68.8918],[25.4834,68.9046],[25.5911,68.8833],[25.6279,68.8932],[25.727,68.9923],[25.7751,69.0136],[25.7242,69.0787],[25.7312,69.1028],[25.7199,69.1113],[25.744,69.1396],[25.6948,69.193],[25.7123,69.2114],[25.7031,69.2548],[25.7418,69.2761],[25.74,69.3181],[25.7599,69.3402],[25.8194,69.3605],[25.8369,69.3924],[25.8129,69.4049],[25.8236,69.4127],[25.7936,69.4196],[25.8346,69.4681],[25.8629,69.4738],[25.8497,69.4983],[25.8749,69.5206],[25.8417,69.5418],[25.849,69.5523],[25.9346,69.5718],[25.976,69.6117],[25.9553,69.6426],[25.8925,69.6613],[25.9011,69.6724],[26.0073,69.723],[26.1079,69.73],[26.1843,69.7598],[26.1956,69.7782],[26.2438,69.7923],[26.2424,69.8136],[26.3847,69.8552],[26.4163,69.8815],[26.4082,69.8962],[26.4898,69.9451],[26.6799,69.9637],[26.7266,69.9453],[26.8555,69.9608],[26.871,69.9353],[26.9716,69.9396],[27.0353,69.9099],[27.3001,69.9537],[27.2766,69.9743],[27.2894,69.985],[27.3496,69.9891],[27.4243,70.0205],[27.529,70.024],[27.5528,70.0597],[27.6075,70.0752],[27.6955,70.0776],[27.7348,70.0633],[27.9561,70.0918],[27.9846,70.0133],[28.1631,69.9181],[28.3442,69.8798],[28.3308,69.848],[28.4036,69.8194],[29.1324,69.6957],[29.1712,69.6371],[29.3376,69.4786],[29.2178,69.3964],[28.8315,69.2241],[28.8305,69.1726],[28.8047,69.1112],[28.8553,69.0765],[29.0414,69.0108],[29.2421,69.113],[29.2487,69.1609],[29.2794,69.1677],[29.3142,69.2344],[29.2772,69.2504],[29.2923,69.2979],[29.3971,69.3237],[29.573,69.3185],[29.6903,69.3616],[29.7238,69.3895],[29.8563,69.4237],[29.9659,69.4058],[30.1163,69.4688],[30.1231,69.5175],[30.1777,69.5388],[30.1879,69.5651],[30.1382,69.6421],[30.0913,69.6428],[30.0859,69.6565],[30.0989,69.661],[30.1517,69.6694],[30.2289,69.6516],[30.4212,69.5883],[30.516,69.5404],[30.8151,69.529],[30.9329,69.5602],[30.9538,69.6305],[30.9238,69.6685],[30.9438,69.6839],[30.8807,69.7113],[30.8887,69.7381],[30.822,69.7878],[30.915,69.8577],[30.5309,69.8922],[30.3335,69.951],[30.1429,69.9508],[30.0224,69.9797],[29.8839,69.9825],[29.8794,69.9941],[30.3485,70.0225],[30.4204,70.0458],[30.5703,70.1479],[30.6538,70.1783],[30.9651,70.1849],[31.1915,70.2345],[31.255,70.2681],[31.2593,70.3136],[31.3446,70.3542],[31.3647,70.3924],[31.3355,70.4285],[31.2856,70.4484],[31.1442,70.4701],[31.0462,70.5075],[30.8307,70.5298],[30.8298,70.5696],[30.7644,70.6013],[30.5343,70.6168],[30.3521,70.721],[30.1938,70.7607],[29.9354,70.7728],[29.7714,70.8015],[29.5892,70.7906],[29.5544,70.8244],[29.4535,70.8497],[29.3632,70.9042],[29.1744,70.9359],[28.9583,70.953],[28.7333,70.9329],[28.742,70.9895],[28.6954,71.023],[28.4699,71.0638],[28.454,71.0971],[28.4165,71.1191],[28.2365,71.1585],[27.9067,71.1544],[27.7215,71.1955],[27.5646,71.1942],[27.3129,71.1089],[27.1976,71.1057],[27.0963,71.082],[26.9665,71.0116],[26.9158,70.956],[26.8716,71.0006],[26.8217,71.0199],[26.6081,71.033],[26.3725,70.9817],[26.1096,70.867],[26.0866,70.9138],[26.2459,70.942],[26.3658,70.9826],[26.4149,71.016],[26.4304,71.0768],[26.3599,71.1137],[26.2404,71.1293],[26.1929,71.1653],[26.1025,71.1966],[25.6696,71.2499],[25.1835,71.1982],[25.1195,71.1738],[25.0664,71.1141],[24.9258,71.1646],[24.6357,71.1758],[24.4112,71.1022],[24.3662,71.0446],[24.3475,71.0468],[24.3708,71.1128],[24.2719,71.1566],[24.0844,71.1701],[23.8835,71.1567],[23.8076,71.1374],[23.7472,71.0998],[23.7282,71.0641],[23.6519,71.0173],[23.6468,70.9884],[23.524,70.9641],[23.4739,70.9158],[23.3481,70.936],[23.1666,70.9169],[22.9051,70.941],[22.7172,70.9196],[22.6058,70.8765],[22.6007,70.8511],[22.6404,70.8195],[22.5296,70.7885],[22.3196,70.7864],[22.1836,70.7448],[22.0799,70.7332],[21.8984,70.7358],[21.7799,70.7014],[21.7207,70.6525],[21.729,70.6121],[21.7548,70.587],[21.9139,70.5255],[21.88,70.4977],[21.8749,70.4718],[21.9236,70.4359],[22.0861,70.4074],[22.3063,70.4182],[22.1652,70.3743],[21.946,70.3966],[21.8523,70.4402],[21.7532,70.4591],[21.5462,70.4445],[21.4008,70.4566],[21.2441,70.4231],[21.1469,70.3301],[21.0408,70.3021],[20.9798,70.246],[20.8802,70.2847],[20.7744,70.3013],[20.4767,70.2897],[20.324,70.3611],[20.1441,70.389],[20.017,70.3723],[19.9452,70.3341],[19.7521,70.3652],[19.5308,70.3531],[19.4117,70.3232],[19.3011,70.3615],[19.1657,70.3673],[18.8673,70.2863],[18.6786,70.2926],[18.5048,70.2619],[18.4272,70.224],[18.4205,70.1992],[18.4405,70.1718],[18.3096,70.1428],[18.2614,70.1134],[18.2563,70.087],[18.2859,70.0592],[18.1658,70.0238],[18.1556,69.9893],[18.1963,69.961],[18.0006,69.9782],[17.8716,69.9421],[17.7675,69.8357],[17.7963,69.8022],[17.8678,69.7758],[17.8802,69.7204],[17.7692,69.7018],[17.7098,69.6701],[17.3702,69.6487],[17.3025,69.6036],[17.1848,69.5845],[16.9309,69.4737],[16.8071,69.4459],[16.707,69.4011],[16.6971,69.36],[16.5969,69.3274],[16.5786,69.3097],[16.5799,69.2834],[16.3463,69.2277],[16.3208,69.1828],[16.3704,69.1449],[16.2039,69.0995],[16.1639,69.0716],[16.1559,69.0472],[16.0453,68.999],[16.0316,69.0004],[16.0659,69.0384],[16.2715,69.149],[16.2852,69.2107],[16.3423,69.2425],[16.3567,69.2756],[16.314,69.3496],[16.1878,69.3898],[15.9792,69.3846],[15.8605,69.3385],[15.7281,69.312],[15.6058,69.2181],[15.4197,69.1494],[15.3547,69.0918],[15.2127,69.1334],[15.0448,69.1143],[14.9734,69.0719],[14.9003,69.0565],[14.7675,68.9944],[14.5573,68.9372],[14.4776,68.8898],[14.2944,68.8233],[14.2567,68.795],[14.254,68.7468],[14.1587,68.7257],[14.062,68.6643],[14.0618,68.6395],[14.1077,68.6073],[14.0995,68.5812],[14.1189,68.5573],[14.2213,68.5259],[14.3442,68.5282],[14.3537,68.4913],[14.4037,68.4661],[14.3899,68.4598],[14.2941,68.4412],[14.2272,68.41],[13.987,68.4408],[13.7925,68.4001],[13.5948,68.3828],[13.2891,68.2709],[13.2482,68.2308],[13.1438,68.1896],[13.004,68.1728],[12.9199,68.1423],[12.8981,68.111],[12.8024,68.0523],[12.6564,67.894],[12.6125,67.8674],[12.5991,67.8423],[12.6106,67.8186],[12.4983,67.7714],[12.4765,67.7395],[12.487,67.7169],[12.4011,67.6769],[12.3876,67.6515],[12.4081,67.6135],[12.4646,67.5823],[12.5553,67.5661],[12.801,67.5827],[12.894,67.6298],[12.9454,67.6887],[12.954,67.7384],[12.9991,67.7838],[13.0556,67.8156],[13.1732,67.8433],[13.3257,67.9307],[13.4333,67.9663],[13.9341,68.0437],[14.0146,68.087],[14.1634,68.0651],[14.5001,68.0968],[14.6802,68.0735],[14.861,68.1215],[14.8952,68.1443],[14.9023,68.1711],[15.0419,68.1518],[15.1826,68.1861],[15.2637,68.1842],[15.1333,68.1027],[14.6532,67.9746],[14.2716,67.8267],[14.2248,67.7812],[14.235,67.7425],[14.1796,67.7195],[14.1578,67.6875],[14.1967,67.6454],[14.2916,67.6224],[14.3321,67.5973],[14.2557,67.5507],[14.2677,67.51],[14.065,67.5319],[13.8211,67.5059],[13.6646,67.4381],[13.6312,67.3865],[13.5775,67.3697],[13.4157,67.3653],[13.3368,67.3409],[13.3059,67.3038],[13.3338,67.2597],[13.4115,67.2345],[13.5447,67.2275],[13.5069,67.1971],[13.5177,67.1275],[13.4256,67.0858],[13.4034,67.0492],[13.3686,67.0371],[13.3176,67.0739],[13.2273,67.0935],[13.0373,67.0752],[12.9432,67.0324],[12.927,67.0027],[12.9423,66.9745],[12.8934,66.9391],[12.8934,66.8971],[12.7034,66.9057],[12.3462,66.8328],[12.2802,66.8014],[12.258,66.7298],[12.0578,66.6923],[11.8728,66.6256],[11.8545,66.6057],[11.8509,66.5669],[11.7614,66.4911],[11.7896,66.4121],[11.8981,66.3626],[12.0565,66.3635],[12.0663,66.3234],[11.9824,66.3011],[11.9392,66.2583],[11.8876,66.2432],[11.7619,66.2607],[11.5767,66.2468],[11.4998,66.2324],[11.4477,66.2044],[11.4342,66.1774],[11.4472,66.1504],[11.5834,66.0886],[11.5074,66.0418],[11.4898,66.0077],[11.5028,65.9805],[11.5527,65.9525],[11.6448,65.9363],[11.4141,65.8126],[11.374,65.752],[11.3751,65.7229],[11.23,65.7196],[11.1317,65.6894],[11.094,65.6572],[11.0817,65.5908],[11.1011,65.5638],[11.1923,65.5279],[11.2881,65.5169],[11.2897,65.4723],[11.3718,65.4295],[11.3574,65.393],[11.3925,65.3538],[11.24,65.3375]]],[[[-60.0939,75.4285],[-59.9152,75.3972],[-59.6981,75.4115],[-59.6227,75.4374],[-59.6042,75.4561],[-59.6156,75.4827],[-59.5217,75.5078],[-59.4923,75.5452],[-59.5218,75.5696],[-59.6026,75.5938],[-59.8267,75.6069],[-59.9595,75.5884],[-60.0304,75.5522],[-60.1986,75.5642],[-60.3599,75.5548],[-60.4568,75.5308],[-60.4958,75.4989],[-60.4696,75.4653],[-60.3853,75.4394],[-60.0939,75.4285]]],[[[-72.6393,76.6443],[-72.3519,76.6536],[-72.265,76.6769],[-72.2326,76.7125],[-72.2564,76.7372],[-72.3408,76.7618],[-72.8137,76.8093],[-73.3494,76.8011],[-73.5058,76.7699],[-73.545,76.7346],[-73.469,76.688],[-73.1686,76.6227],[-72.8404,76.6136],[-72.6393,76.6443]]],[[[-66.0277,80.8246],[-66.0535,80.8495],[-66.1569,80.8748],[-66.4562,80.896],[-66.7906,80.8697],[-66.8624,80.8485],[-66.8806,80.8211],[-66.7269,80.7746],[-66.4398,80.7574],[-66.1626,80.7749],[-66.0614,80.7974],[-66.0277,80.8246]]],[[[-50.2605,82.7859],[-50.6323,82.8167],[-51.0311,82.8085],[-51.2822,82.7739],[-51.3061,82.7617],[-51.2998,82.7407],[-51.321,82.7193],[-51.2556,82.6883],[-51.1442,82.6691],[-50.7994,82.653],[-50.2418,82.6729],[-50.0489,82.702],[-49.9973,82.7316],[-50.066,82.7626],[-50.2605,82.7859]]],[[[-15.3664,79.3252],[-15.39,79.3599],[-15.4962,79.3892],[-15.7711,79.4129],[-16.0933,79.3921],[-16.1942,79.3653],[-16.2247,79.337],[-16.2022,79.3099],[-16.1308,79.2851],[-15.8529,79.2575],[-15.5225,79.2727],[-15.4207,79.2946],[-15.3664,79.3252]]],[[[-17.696,77.5438],[-17.4924,77.5696],[-17.3098,77.6264],[-17.2801,77.6529],[-17.2693,77.7051],[-17.1482,77.7609],[-17.1466,77.8033],[-17.2321,77.8717],[-17.3746,77.912],[-17.6099,77.9298],[-17.9198,77.9102],[-18.1352,77.8569],[-18.16,77.8283],[-18.1571,77.7763],[-18.3467,77.7081],[-18.4427,77.6396],[-18.4518,77.61],[-18.3637,77.5683],[-18.1308,77.5388],[-17.9107,77.5313],[-17.696,77.5438]]],[[[-21.1053,73.0611],[-20.996,73.0841],[-20.9501,73.1272],[-20.9911,73.1632],[-21.0688,73.1857],[-21.3909,73.2039],[-21.589,73.1938],[-21.6808,73.1676],[-21.7218,73.1372],[-21.7157,73.1116],[-21.6728,73.0787],[-21.4837,73.0285],[-21.3099,73.0259],[-21.1053,73.0611]]],[[[-23.8834,69.4646],[-23.6971,69.4678],[-23.4991,69.5314],[-23.4326,69.5866],[-23.2511,69.5912],[-23.1271,69.6182],[-23.0338,69.6629],[-23.0201,69.686],[-23.0309,69.7067],[-22.9325,69.7067],[-22.8509,69.7255],[-22.7619,69.7715],[-22.6962,69.8369],[-22.5256,69.8721],[-22.4415,69.9171],[-22.1945,69.9555],[-22.1283,69.9981],[-21.9744,70.0497],[-21.8869,70.1224],[-21.8797,70.1454],[-21.9316,70.1911],[-22.0727,70.2188],[-22.2213,70.2153],[-22.3947,70.1719],[-22.6357,70.1552],[-22.9408,70.1519],[-23.4688,70.1766],[-24.2715,70.2769],[-25.2066,70.4706],[-25.4681,70.4505],[-26.3516,70.2645],[-26.1553,70.3415],[-26.1416,70.3639],[-26.149,70.3898],[-25.9466,70.4589],[-25.7034,70.5267],[-25.1995,70.5995],[-25.1226,70.6273],[-25.0962,70.6501],[-25.0932,70.6844],[-25.1499,70.7778],[-25.1532,70.8229],[-25.1944,70.8588],[-25.1931,70.9178],[-25.2508,70.9564],[-25.147,70.9965],[-25.1371,71.028],[-25.174,71.0575],[-25.1703,71.0719],[-25.0815,71.1437],[-25.1346,71.1915],[-25.0696,71.2177],[-24.9315,71.1952],[-24.7847,71.2164],[-24.7167,71.1721],[-24.5562,71.1153],[-24.4585,71.0591],[-24.4414,71.0238],[-24.3961,70.9888],[-24.3986,70.9013],[-24.3384,70.7929],[-24.2394,70.6663],[-23.9924,70.5542],[-23.5739,70.44],[-23.1765,70.3835],[-22.7274,70.3762],[-22.4859,70.4202],[-22.3319,70.4015],[-22.1438,70.4129],[-22.0684,70.3719],[-21.924,70.3574],[-21.574,70.3941],[-21.4209,70.4571],[-21.3238,70.5325],[-21.3167,70.555],[-21.3312,70.5808],[-21.3195,70.6088],[-21.231,70.6452],[-21.2109,70.6776],[-21.2983,70.7474],[-21.4644,70.7829],[-21.4964,70.8239],[-21.4431,70.867],[-21.4617,70.9111],[-21.4471,70.9546],[-21.5155,70.9981],[-21.5172,71.0713],[-21.5566,71.1016],[-21.4276,71.2661],[-21.4061,71.3252],[-21.4179,71.3648],[-21.4775,71.4042],[-21.4802,71.4436],[-21.5002,71.47],[-21.4386,71.5264],[-21.4426,71.5543],[-21.4722,71.5848],[-21.6244,71.6238],[-21.862,71.6118],[-21.7103,71.6922],[-21.6972,71.7196],[-21.7153,71.7598],[-21.8327,71.8007],[-22.2164,71.8265],[-22.2897,71.8649],[-22.2767,71.8919],[-22.2894,71.9318],[-22.3818,71.9771],[-22.7977,72.055],[-22.9593,72.1261],[-23.4077,72.1963],[-23.436,72.2505],[-23.5058,72.2764],[-23.7495,72.3303],[-23.9312,72.3435],[-24.0636,72.3741],[-23.9189,72.3768],[-23.3717,72.2942],[-23.2591,72.2695],[-23.1598,72.2074],[-22.9703,72.1512],[-22.5274,72.0658],[-22.1861,72.0605],[-21.9656,72.1042],[-21.8863,72.158],[-21.9096,72.2005],[-21.82,72.2253],[-21.7764,72.257],[-21.7963,72.2974],[-21.8992,72.3293],[-21.7419,72.3754],[-21.705,72.4178],[-21.7109,72.4586],[-21.7862,72.5222],[-22.1038,72.5992],[-22.1309,72.6195],[-22.0674,72.633],[-21.8937,72.619],[-21.8131,72.587],[-21.6891,72.574],[-21.5616,72.5836],[-21.4728,72.6126],[-21.45,72.6455],[-21.4827,72.6776],[-21.58,72.7039],[-21.689,72.7104],[-21.7084,72.7526],[-21.8289,72.8003],[-21.6842,72.8611],[-21.6526,72.9171],[-21.7001,72.9583],[-21.8238,72.9998],[-21.8686,73.036],[-22.1772,73.0949],[-22.1973,73.1329],[-22.25,73.1534],[-22.4051,73.1796],[-22.6641,73.1948],[-22.9234,73.2602],[-22.7586,73.2458],[-22.5233,73.1936],[-22.1641,73.1879],[-22.0045,73.2169],[-21.8347,73.284],[-21.4435,73.342],[-21.3394,73.3954],[-21.0846,73.3843],[-20.8237,73.3961],[-20.571,73.3765],[-20.4163,73.3919],[-20.3071,73.4203],[-20.1777,73.4808],[-20.1481,73.5275],[-20.1703,73.5525],[-20.1118,73.5836],[-20.0987,73.6083],[-20.1438,73.6439],[-20.2464,73.6656],[-20.2789,73.6962],[-20.2709,73.7049],[-20.2306,73.7294],[-20.0437,73.7079],[-19.8602,73.7385],[-19.8291,73.7625],[-19.8489,73.7995],[-19.9829,73.8325],[-19.8534,73.856],[-19.8042,73.8829],[-19.7911,73.9071],[-19.8132,73.9315],[-19.8887,73.9582],[-20.122,74.0029],[-20.2763,73.9983],[-20.4467,73.9553],[-20.5829,73.9499],[-20.7245,73.9664],[-20.5952,74.0211],[-20.5814,74.0685],[-20.0977,74.1066],[-19.9331,74.1475],[-19.8675,74.1878],[-19.4917,74.1792],[-19.2078,74.2254],[-18.9761,74.3145],[-18.902,74.3864],[-18.7896,74.4411],[-18.5693,74.474],[-18.527,74.5008],[-18.4872,74.5582],[-18.3141,74.5561],[-18.1573,74.5868],[-18.096,74.6292],[-18.1091,74.66],[-18.0615,74.6772],[-18.0278,74.7106],[-18.0605,74.7448],[-18.1578,74.7681],[-18.5896,74.7861],[-18.7151,74.7736],[-18.8139,74.7377],[-19.1084,74.7023],[-19.2894,74.7406],[-19.4247,74.7457],[-19.5912,74.7281],[-19.7988,74.6712],[-19.8453,74.6751],[-19.8625,74.6807],[-19.5556,74.8209],[-19.5231,74.8455],[-19.5185,74.8685],[-19.5889,74.9143],[-19.7646,74.9504],[-19.7439,74.9677],[-19.748,75.0041],[-19.82,75.0397],[-20.0458,75.0798],[-20.3918,75.0955],[-20.3106,75.1158],[-20.2772,75.1491],[-20.3378,75.2033],[-20.4225,75.2419],[-20.2466,75.2703],[-20.2456,75.2479],[-20.2744,75.2176],[-20.2682,75.1951],[-20.1523,75.1291],[-19.9566,75.0902],[-19.6563,75.0727],[-19.4577,75.0899],[-19.2285,75.1742],[-19.1974,75.1961],[-19.1829,75.2554],[-19.1333,75.2818],[-19.0829,75.2204],[-19.1138,75.1789],[-19.08,75.1521],[-19.1445,75.1071],[-19.1554,75.069],[-19.1331,75.0114],[-19.1023,74.9861],[-18.9843,74.9532],[-18.5277,74.9144],[-18.3388,74.9176],[-17.9829,74.967],[-17.8926,74.9538],[-17.9003,74.9403],[-17.8856,74.9177],[-17.7873,74.8873],[-17.4956,74.8854],[-17.3431,74.915],[-17.2639,74.9577],[-17.1606,74.9876],[-17.1045,75.0338],[-17.1261,75.0895],[-17.0852,75.1152],[-17.0741,75.1505],[-17.1311,75.1816],[-17.3972,75.2198],[-17.6623,75.2045],[-17.6401,75.2549],[-17.5796,75.3017],[-17.5864,75.338],[-17.7395,75.4475],[-17.8789,75.4848],[-18.1144,75.4972],[-18.29,75.4679],[-18.3551,75.4378],[-18.5951,75.4469],[-19.0553,75.3999],[-19.0994,75.5471],[-19.2275,75.6519],[-19.0855,75.7012],[-19.0774,75.7284],[-19.0948,75.7541],[-19.166,75.7818],[-19.3004,75.8017],[-19.5012,75.9207],[-19.6295,75.9538],[-19.5304,76.0099],[-19.4771,76.0658],[-19.4702,76.1303],[-19.4859,76.1531],[-19.5867,76.2149],[-19.5957,76.2533],[-19.6392,76.2765],[-19.9668,76.3225],[-19.882,76.3614],[-19.8712,76.4377],[-19.9367,76.472],[-19.9289,76.4975],[-19.9697,76.5315],[-20.1665,76.5933],[-20.0161,76.6377],[-19.6557,76.6011],[-19.4838,76.6168],[-19.3968,76.6497],[-19.3405,76.6005],[-19.4263,76.52],[-19.4263,76.4714],[-19.3044,76.4059],[-19.2011,76.3189],[-19.1252,76.2782],[-19.094,76.2264],[-18.94,76.092],[-18.921,76.058],[-18.7802,75.9583],[-18.7456,75.9087],[-18.6287,75.8738],[-18.4746,75.864],[-18.3027,75.8806],[-18.2066,75.9187],[-18.1551,75.9907],[-18.1927,76.0625],[-18.1936,76.0934],[-18.2434,76.1626],[-18.2764,76.1785],[-18.2754,76.2209],[-18.3139,76.2914],[-18.3878,76.3369],[-18.4208,76.3858],[-18.416,76.4409],[-18.4686,76.4979],[-18.4317,76.551],[-18.3027,76.5895],[-18.2946,76.615],[-18.3066,76.6271],[-18.1461,76.7251],[-18.1277,76.7598],[-17.9896,76.8119],[-17.9189,76.9323],[-17.9361,76.9682],[-17.8923,77.0166],[-17.9084,77.0662],[-17.8991,77.0915],[-17.9191,77.1101],[-17.9005,77.1572],[-17.9176,77.2013],[-18.0017,77.2887],[-18.0561,77.3172],[-18.2879,77.3595],[-18.5986,77.354],[-18.7864,77.3935],[-18.9639,77.4066],[-19.1997,77.394],[-19.3581,77.3544],[-19.4466,77.373],[-19.2413,77.4056],[-19.1972,77.4385],[-19.2142,77.4632],[-18.9754,77.4719],[-18.6761,77.5169],[-18.5819,77.5519],[-18.5737,77.5651],[-18.5987,77.6049],[-18.685,77.6604],[-18.7804,77.6955],[-18.7413,77.7483],[-18.7718,77.798],[-18.3877,77.8646],[-18.3266,77.9036],[-18.1949,77.9294],[-18.1508,77.9609],[-18.1993,77.9987],[-18.3621,78.0346],[-18.2745,78.0545],[-18.2304,78.0858],[-18.2621,78.1168],[-18.3686,78.1423],[-18.2216,78.1778],[-18.2001,78.1906],[-18.1958,78.2158],[-18.3006,78.2545],[-18.546,78.2703],[-18.6672,78.2991],[-18.5325,78.3638],[-18.5906,78.4211],[-18.2786,78.4152],[-18.0891,78.4539],[-18.0694,78.499],[-18.1436,78.5411],[-18.0808,78.5623],[-18.0275,78.6208],[-17.9517,78.666],[-17.6524,78.7304],[-17.6289,78.7629],[-17.6293,78.7903],[-17.7071,78.8271],[-17.6316,78.865],[-17.6234,78.8769],[-17.6429,78.9004],[-17.5338,78.9622],[-17.3345,79.0117],[-17.269,79.0559],[-17.2609,79.0827],[-17.2948,79.1386],[-17.2856,79.1511],[-17.2976,79.1808],[-17.4519,79.2247],[-17.7115,79.2431],[-17.9445,79.2333],[-18.1433,79.1887],[-18.4456,79.0215],[-18.4366,78.9881],[-18.4073,78.9627],[-18.4243,78.9229],[-18.3902,78.9001],[-18.4185,78.8631],[-18.6213,78.8137],[-18.6617,78.7733],[-18.6372,78.7249],[-18.7318,78.6835],[-18.8987,78.6412],[-19.0874,78.5432],[-19.2479,78.5197],[-19.3848,78.4747],[-19.7905,78.4734],[-19.9973,78.4468],[-20.0542,78.411],[-19.9946,78.3509],[-20.0143,78.3246],[-20.1319,78.2964],[-20.1586,78.2711],[-20.1547,78.2547],[-20.5717,78.3117],[-20.8871,78.2991],[-20.7065,78.4815],[-20.5842,78.5428],[-20.5798,78.5814],[-20.6464,78.6338],[-20.4189,78.7049],[-20.3508,78.7624],[-20.3703,78.7861],[-20.439,78.8155],[-20.4194,78.8403],[-20.4461,78.8746],[-20.5123,78.8989],[-20.4994,78.936],[-20.0793,78.9479],[-19.9203,78.9664],[-19.7691,79.0055],[-19.4948,79.021],[-19.808,78.8761],[-20.0221,78.8031],[-20.0771,78.7526],[-20.0681,78.7178],[-19.9842,78.6858],[-19.5795,78.6161],[-19.242,78.6151],[-18.9892,78.6481],[-18.8369,78.6931],[-18.8072,78.7173],[-18.8285,78.742],[-18.8158,78.7957],[-18.8398,78.8156],[-18.8165,78.8538],[-18.8443,78.8709],[-18.8449,78.9079],[-18.8835,78.9251],[-18.8209,78.9496],[-18.8193,78.9879],[-18.8789,79.0323],[-18.9754,79.0581],[-18.7675,79.1239],[-18.7533,79.1535],[-18.8048,79.1815],[-18.6388,79.2333],[-18.6211,79.2481],[-18.6328,79.2763],[-18.3635,79.3217],[-18.3016,79.3473],[-18.2927,79.3692],[-18.3658,79.4063],[-18.5403,79.4339],[-18.8397,79.4387],[-19.0453,79.4184],[-19.2884,79.4488],[-19.0728,79.5044],[-19.0453,79.5481],[-19.082,79.573],[-18.9434,79.6659],[-18.2648,79.6116],[-17.6921,79.652],[-17.3837,79.7228],[-17.1846,79.8308],[-17.0651,79.862],[-16.9459,79.9291],[-16.7891,79.9811],[-16.7869,80.0185],[-16.8292,80.0426],[-17.0303,80.0977],[-16.6058,80.1093],[-16.1501,80.1691],[-15.9645,80.2092],[-15.7124,80.2984],[-15.3795,80.3603],[-15.2813,80.4003],[-15.3049,80.4315],[-15.5044,80.4879],[-16.1942,80.542],[-16.1805,80.546],[-15.3167,80.5567],[-15.0609,80.5956],[-14.9043,80.6645],[-14.1475,80.6904],[-14.3045,80.6561],[-14.3872,80.6074],[-14.3573,80.5831],[-14.2541,80.5574],[-13.999,80.5369],[-13.7768,80.5435],[-13.3047,80.589],[-13.2033,80.6151],[-13.1856,80.6279],[-13.1861,80.6545],[-13.4146,80.7204],[-13.7962,80.7394],[-13.723,80.7654],[-13.6977,80.8029],[-13.7393,80.8351],[-13.9427,80.8827],[-13.9777,80.9096],[-13.5114,80.8998],[-13.1316,80.9282],[-12.942,80.9746],[-12.7193,81.0067],[-12.6089,81.0442],[-12.2389,81.0736],[-11.9709,81.1459],[-11.3009,81.2311],[-10.9266,81.3239],[-10.8812,81.3449],[-10.887,81.373],[-10.996,81.4048],[-11.1754,81.4238],[-11.2005,81.4404],[-11.1826,81.462],[-11.1864,81.4881],[-11.2221,81.512],[-11.2763,81.5393],[-11.4335,81.5762],[-12.1988,81.6916],[-13.2476,81.8066],[-13.7149,81.822],[-14.1158,81.8101],[-14.4623,81.866],[-15.1939,81.8827],[-15.3716,81.9104],[-15.7234,81.9253],[-16.0149,81.917],[-16.2848,81.8888],[-16.9374,81.7298],[-17.0053,81.6829],[-17.3489,81.7666],[-17.7282,81.7937],[-18.0456,81.7928],[-18.0968,81.8591],[-17.6946,81.8254],[-17.3339,81.8296],[-17.0801,81.858],[-17.005,81.8847],[-16.9779,81.9114],[-17.0851,81.9755],[-17.2711,82.0539],[-17.2783,82.0809],[-17.3572,82.1255],[-17.3872,82.1627],[-17.5684,82.1968],[-17.7777,82.2124],[-18.2319,82.1995],[-18.3793,82.1749],[-18.4817,82.1344],[-18.4856,82.1215],[-18.4449,82.0984],[-18.4137,82.0463],[-18.1595,81.9312],[-18.1682,81.9249],[-18.6067,82.0808],[-18.6948,82.1387],[-18.9446,82.1841],[-19.4019,82.1939],[-19.9666,82.1277],[-20.0857,82.0744],[-20.0951,82.0493],[-20.0628,82.0016],[-19.5644,81.8137],[-19.4077,81.7743],[-19.1597,81.7447],[-18.6558,81.7235],[-18.6696,81.7027],[-18.6114,81.6611],[-18.9851,81.6775],[-19.3162,81.7518],[-19.4941,81.7734],[-19.7803,81.7799],[-20.0804,81.7628],[-20.4188,81.6989],[-20.4824,81.6554],[-20.4281,81.6263],[-20.5279,81.5923],[-20.5227,81.5414],[-20.5911,81.5136],[-20.5884,81.4899],[-20.8448,81.4431],[-20.7497,81.5046],[-20.6151,81.6271],[-20.6117,81.6711],[-20.5602,81.7024],[-20.5491,81.7413],[-20.5045,81.7774],[-20.5452,81.8099],[-20.51,81.8653],[-20.5357,81.9319],[-20.5797,81.9661],[-20.6998,82.007],[-20.7847,82.0658],[-20.9604,82.1026],[-21.2625,82.1204],[-22.4719,82.1112],[-23.4197,82.0613],[-23.6942,82.0085],[-23.7051,81.9791],[-23.7689,81.9399],[-23.7607,81.9152],[-23.8156,81.8808],[-23.8052,81.8431],[-24.081,81.8215],[-24.0833,81.8653],[-24.128,81.8983],[-24.1399,81.9348],[-24.0648,81.971],[-24.0586,81.996],[-24.1722,82.0387],[-24.4793,82.0678],[-25.5533,82.0849],[-24.6244,82.0782],[-24.1632,82.0909],[-23.4929,82.1403],[-23.1193,82.1954],[-22.8089,82.215],[-21.9326,82.2127],[-21.2446,82.2517],[-20.6891,82.3246],[-20.5151,82.3692],[-20.4979,82.4045],[-20.1683,82.4241],[-19.8007,82.4856],[-19.5077,82.5141],[-19.3726,82.5508],[-19.3208,82.5955],[-19.3897,82.6366],[-19.5579,82.6712],[-20.8857,82.8864],[-21.52,82.9106],[-21.7619,82.9504],[-22.3381,82.9841],[-22.5076,83.0154],[-22.892,83.0432],[-23.544,83.0505],[-23.5404,83.0743],[-23.5677,83.0943],[-23.8295,83.1605],[-23.7992,83.1734],[-23.7821,83.2007],[-23.7949,83.2139],[-23.9781,83.2723],[-24.4892,83.3164],[-25.1497,83.3089],[-25.0988,83.333],[-24.898,83.3682],[-24.8587,83.3936],[-24.9388,83.4312],[-25.081,83.4568],[-26.0649,83.5504],[-27.494,83.6259],[-28.6737,83.636],[-29.0843,83.6634],[-29.6253,83.6605],[-30.5931,83.7278],[-31.5988,83.715],[-31.9804,83.6846],[-33.2207,83.7219],[-33.977,83.7198],[-34.9872,83.6781],[-35.5234,83.6918],[-36.1328,83.6676],[-37.0672,83.6622],[-38.2047,83.5907],[-38.5463,83.6074],[-38.9531,83.6016],[-39.3226,83.5676],[-39.5354,83.5198],[-40.6981,83.4596],[-41.1536,83.4041],[-41.5136,83.4092],[-41.9084,83.3808],[-42.65,83.3732],[-43.0855,83.3336],[-43.2109,83.3073],[-43.8619,83.3031],[-44.4957,83.2791],[-45.2271,83.2378],[-45.4063,83.2179],[-45.5456,83.1829],[-46.5455,83.1537],[-46.8461,83.1083],[-47.6476,83.053],[-47.9522,82.9971],[-48.1694,82.9753],[-48.2889,82.9443],[-48.5512,82.92],[-48.6489,82.8941],[-49.3062,82.8898],[-49.4975,82.8651],[-49.9307,82.8446],[-50.0556,82.8241],[-50.1015,82.7948],[-49.9772,82.7573],[-49.605,82.7371],[-49.4631,82.693],[-49.1605,82.6637],[-47.9611,82.659],[-47.7343,82.6797],[-47.5918,82.7213],[-46.9665,82.7147],[-46.9762,82.7051],[-46.9617,82.6866],[-46.8771,82.6616],[-47.5208,82.6703],[-48.5156,82.6347],[-48.8277,82.6041],[-48.8831,82.5866],[-48.9013,82.5578],[-48.8386,82.5243],[-48.629,82.4729],[-49.1051,82.521],[-49.5386,82.5386],[-49.8665,82.5292],[-50.0811,82.4989],[-51.2772,82.5307],[-51.9406,82.5165],[-52.1689,82.4945],[-52.2811,82.4569],[-52.2823,82.4351],[-52.2578,82.4161],[-52.307,82.3767],[-52.2652,82.3474],[-52.111,82.3118],[-52.3828,82.3098],[-52.6118,82.287],[-52.8784,82.3043],[-53.2448,82.3018],[-53.5461,82.3486],[-53.8755,82.3632],[-54.1957,82.3504],[-54.4474,82.3091],[-54.9361,82.3897],[-55.4425,82.3972],[-57.2673,82.2776],[-59.6114,82.1593],[-60.5794,82.0417],[-60.7344,82.0083],[-60.7804,81.9787],[-61.1692,81.9584],[-62.0736,81.85],[-62.3438,81.7923],[-62.447,81.7614],[-62.4749,81.734],[-62.4092,81.6944],[-62.4123,81.6709],[-62.3891,81.6577],[-62.074,81.5677],[-62.0766,81.5406],[-62.0304,81.5139],[-61.8673,81.4856],[-62.2615,81.3932],[-62.405,81.3326],[-62.4041,81.2939],[-62.3809,81.2801],[-62.2241,81.2438],[-62.0527,81.1746],[-62.5687,81.2443],[-63.0379,81.2411],[-63.1078,81.2489],[-63.1339,81.2728],[-63.2203,81.2946],[-63.37,81.3121],[-63.6557,81.3152],[-63.8591,81.2988],[-63.966,81.2687],[-63.9692,81.244],[-63.9149,81.2192],[-64.0678,81.1858],[-64.4001,81.1573],[-64.589,81.1129],[-64.6299,81.0746],[-65.1235,81.0265],[-65.3196,80.9888],[-65.3585,80.972],[-65.372,80.9489],[-65.5715,80.9042],[-65.6055,80.8748],[-65.5813,80.8396],[-65.6125,80.8169],[-66.4249,80.7006],[-66.6702,80.7327],[-66.9015,80.7418],[-67.1318,80.7349],[-67.3104,80.7114],[-67.369,80.6888],[-67.3693,80.6519],[-67.1992,80.5758],[-67.4685,80.564],[-67.6322,80.5374],[-67.6849,80.5121],[-67.6852,80.4862],[-67.4739,80.4362],[-67.7766,80.3877],[-67.872,80.3473],[-67.8489,80.305],[-67.8611,80.2564],[-67.8417,80.2365],[-67.8692,80.2007],[-67.8544,80.1742],[-67.7144,80.1259],[-67.4924,80.1015],[-67.4314,80.0511],[-67.3354,80.017],[-66.9727,79.9885],[-66.4888,80.0081],[-66.3342,79.9694],[-66.0412,79.9444],[-65.728,79.9475],[-65.4079,79.9763],[-65.1803,79.9294],[-64.8457,79.9105],[-64.8236,79.8974],[-64.9343,79.8657],[-64.9657,79.8452],[-64.9661,79.8175],[-64.8311,79.7547],[-64.5873,79.725],[-64.556,79.7037],[-64.7593,79.6462],[-64.9813,79.5525],[-65.1461,79.523],[-65.3305,79.4657],[-65.4179,79.4172],[-65.657,79.3747],[-65.9428,79.2837],[-66.1974,79.2606],[-66.3413,79.2294],[-66.7573,79.2395],[-67.0203,79.2199],[-67.3773,79.2195],[-67.6332,79.2032],[-67.9245,79.15],[-68.1766,79.1515],[-68.5232,79.1294],[-69.3507,78.9842],[-69.4468,78.9388],[-69.4634,78.9222],[-69.4503,78.8971],[-69.5175,78.8685],[-69.8964,78.8617],[-70.124,78.839],[-70.2957,78.7965],[-70.8034,78.748],[-71.0082,78.6976],[-71.5299,78.6827],[-71.755,78.6568],[-71.9055,78.6167],[-72.22,78.6128],[-72.5969,78.5779],[-72.7537,78.5374],[-72.7803,78.5126],[-72.8663,78.4829],[-72.8887,78.4438],[-73.1009,78.4183],[-73.2069,78.386],[-73.2172,78.3543],[-73.1104,78.2848],[-73.1484,78.2549],[-73.1405,78.2303],[-73.2837,78.203],[-73.3297,78.1606],[-73.2608,78.1191],[-72.7735,78.0098],[-72.6143,77.991],[-72.5574,77.9662],[-72.5326,77.9249],[-72.4659,77.9032],[-72.0602,77.8358],[-71.8669,77.8276],[-71.7346,77.8017],[-71.6486,77.7517],[-71.4532,77.7201],[-70.9859,77.7052],[-70.9424,77.6701],[-70.8756,77.6479],[-70.5596,77.6106],[-70.5866,77.5877],[-70.5887,77.5603],[-70.5274,77.5308],[-71.1379,77.5387],[-71.3792,77.5168],[-71.5212,77.4814],[-72.1205,77.5229],[-72.5037,77.505],[-72.8105,77.517],[-73.0177,77.4912],[-73.0778,77.4678],[-73.0935,77.4471],[-73.0582,77.4145],[-72.9053,77.3705],[-72.4111,77.2969],[-72.2924,77.2621],[-71.8818,77.2433],[-71.5644,77.2505],[-71.1175,77.3043],[-69.939,77.3329],[-69.782,77.355],[-69.7095,77.3856],[-69.7014,77.399],[-69.7209,77.4256],[-69.8027,77.4523],[-69.4259,77.4018],[-69.2094,77.3928],[-68.9963,77.3958],[-68.5782,77.4324],[-68.8836,77.3778],[-69.2379,77.3457],[-69.3534,77.3218],[-69.4031,77.2964],[-70.2638,77.315],[-71.0634,77.2517],[-71.4572,77.1698],[-71.5083,77.1194],[-71.5918,77.085],[-71.5964,77.0605],[-71.6389,77.0158],[-71.6214,76.9884],[-71.5478,76.9594],[-71.2147,76.8819],[-71.1426,76.8433],[-70.7921,76.7493],[-70.5012,76.732],[-70.3332,76.703],[-70.0893,76.713],[-69.699,76.6671],[-70.019,76.6603],[-70.2155,76.6282],[-70.3191,76.5838],[-70.325,76.559],[-70.299,76.5395],[-70.4593,76.5143],[-70.4993,76.4971],[-70.5155,76.4724],[-70.4534,76.408],[-70.2537,76.3546],[-70.0432,76.3326],[-69.8421,76.3369],[-69.5204,76.2597],[-69.2263,76.2248],[-69.1883,76.1851],[-68.9573,76.1093],[-68.9772,76.0878],[-68.9719,76.0613],[-68.8695,76.0242],[-67.4697,75.9504],[-66.9314,75.8983],[-66.6153,75.8459],[-66.3894,75.8377],[-66.1919,75.8657],[-66.1168,75.9068],[-66.1301,75.9335],[-66.1958,75.9667],[-66.347,76.0173],[-66.3272,76.0219],[-66.0714,75.9704],[-65.7345,75.9524],[-65.4063,75.9584],[-65.3221,75.9245],[-65.1733,75.9002],[-64.9347,75.8979],[-64.7504,75.9332],[-64.716,75.9696],[-64.7258,75.9931],[-64.6254,76.0466],[-64.3589,76.0836],[-64.2873,76.0299],[-64.1807,76.0013],[-64.0124,75.987],[-63.8347,75.9993],[-63.6823,76.0568],[-63.5305,76.0847],[-63.437,76.1192],[-63.4043,76.1369],[-63.3874,76.1818],[-63.3119,76.2168],[-63.0949,76.2271],[-62.959,76.1253],[-62.7025,76.0884],[-62.696,76.0646],[-62.6349,76.0288],[-62.4833,75.99],[-62.3068,75.9737],[-61.9723,75.9835],[-61.7003,75.951],[-61.5496,75.9634],[-61.4204,75.9947],[-61.397,75.9626],[-61.4741,75.9351],[-61.4878,75.9028],[-61.4362,75.872],[-61.3088,75.8487],[-61.0313,75.8611],[-60.9461,75.8939],[-60.9381,75.9207],[-60.9527,75.9351],[-60.7485,75.9674],[-60.5989,75.9583],[-60.3724,75.9703],[-60.3305,75.9263],[-60.161,75.8956],[-60.1637,75.8836],[-60.3826,75.8303],[-60.4383,75.8],[-60.4444,75.7746],[-60.5887,75.7878],[-60.7499,75.7785],[-60.8595,75.749],[-60.8836,75.7102],[-60.796,75.6691],[-60.6258,75.6513],[-60.4076,75.6726],[-60.3419,75.7012],[-60.3338,75.7283],[-60.1864,75.7151],[-60.0408,75.7229],[-59.8376,75.6961],[-59.6232,75.7112],[-59.4679,75.6635],[-59.2985,75.6459],[-59.0889,75.6534],[-58.9318,75.6775],[-58.8365,75.6637],[-58.8207,75.6528],[-58.9688,75.5725],[-58.9747,75.5459],[-58.9584,75.5305],[-58.9951,75.5206],[-59.1667,75.5408],[-59.3309,75.5353],[-59.4515,75.5081],[-59.4824,75.4895],[-59.4883,75.4627],[-59.4367,75.431],[-59.3093,75.4069],[-59.1246,75.4063],[-58.9845,75.4333],[-58.8256,75.4102],[-58.8982,75.3686],[-58.8927,75.3344],[-58.8722,75.3184],[-58.7498,75.2881],[-58.599,75.2753],[-58.4161,75.2276],[-58.2692,75.2172],[-58.0976,75.2328],[-58.092,75.2213],[-58.1294,75.1976],[-58.1309,75.1732],[-58.3274,75.1385],[-58.4433,75.1712],[-58.6523,75.1763],[-58.6415,75.2049],[-58.6719,75.2334],[-58.822,75.2658],[-59.05,75.2548],[-59.1183,75.2328],[-59.1388,75.2102],[-59.1153,75.1827],[-59.0329,75.1535],[-58.8181,75.1382],[-58.8309,75.107],[-58.7563,75.0707],[-58.5402,75.0501],[-58.5363,75.0239],[-58.483,74.9991],[-58.1904,74.9671],[-58.1749,74.9599],[-58.3451,74.9259],[-58.3657,74.9028],[-58.3405,74.874],[-58.3844,74.8282],[-58.3506,74.8008],[-58.2097,74.7504],[-58.0468,74.7275],[-58.157,74.6956],[-58.1816,74.662],[-58.167,74.639],[-58.0335,74.6005],[-58.0112,74.5676],[-57.9364,74.5373],[-57.7362,74.5135],[-57.7504,74.494],[-57.7269,74.4653],[-57.5612,74.4242],[-57.5476,74.397],[-57.4962,74.3729],[-57.2474,74.3391],[-57.2078,74.3026],[-57.1542,74.2836],[-57.2662,74.2132],[-57.4698,74.159],[-57.5252,74.1046],[-57.6609,74.1247],[-57.8152,74.1202],[-58.029,74.0709],[-58.0663,74.0481],[-58.0687,74.0238],[-58.0387,73.9958],[-57.9686,73.9693],[-57.783,73.9541],[-57.664,73.9695],[-57.5269,74.0137],[-57.4811,74.0545],[-57.361,74.0315],[-57.2283,74.03],[-57.2221,74.0057],[-57.1819,73.9791],[-57.0379,73.95],[-57.0731,73.9235],[-57.0555,73.8902],[-57.079,73.8685],[-57.1786,73.8426],[-57.2089,73.8062],[-57.1858,73.7824],[-57.1144,73.7582],[-56.9357,73.7391],[-57.2256,73.6748],[-57.2698,73.6534],[-57.2817,73.6279],[-57.2353,73.5932],[-57.1229,73.568],[-57.1109,73.5383],[-57.0718,73.5159],[-56.9197,73.4855],[-56.9412,73.4651],[-56.9351,73.44],[-56.8019,73.3968],[-56.8396,73.3683],[-56.8335,73.343],[-56.7418,73.306],[-56.9763,73.2982],[-57.0528,73.2675],[-57.0573,73.2289],[-56.9881,73.1966],[-56.8688,73.1807],[-56.7389,73.1863],[-56.64,73.2122],[-56.6054,73.2036],[-56.5651,73.1573],[-56.406,73.0895],[-56.4458,73.0604],[-56.5712,73.0466],[-56.6722,73.0083],[-56.655,73.0445],[-56.6856,73.0695],[-56.8491,73.101],[-57.0711,73.0878],[-57.1394,73.0627],[-57.1594,73.0304],[-57.1256,72.9998],[-57.0655,72.9809],[-56.8441,72.9691],[-56.8602,72.9311],[-56.829,72.9068],[-56.6326,72.864],[-56.8125,72.8096],[-56.8413,72.7732],[-56.807,72.7356],[-56.6631,72.694],[-56.5329,72.6811],[-56.5306,72.6507],[-56.4994,72.6261],[-56.3455,72.5949],[-56.2898,72.5629],[-56.2508,72.5125],[-56.1523,72.479],[-56.0392,72.4663],[-56.0158,72.4357],[-55.8926,72.3816],[-56.0244,72.3753],[-56.1328,72.3417],[-56.178,72.2659],[-56.1649,72.2101],[-56.2338,72.1862],[-56.2645,72.153],[-56.2416,72.1153],[-56.1792,72.0875],[-56.1243,72.0349],[-55.9946,72.0039],[-55.8245,72.001],[-55.8152,71.9765],[-55.9361,71.9423],[-55.9871,71.9111],[-55.9963,71.8812],[-55.9697,71.8486],[-55.8797,71.8084],[-56.0778,71.7189],[-56.1011,71.6851],[-56.0776,71.6513],[-55.9916,71.6204],[-55.8864,71.6073],[-55.8447,71.5491],[-55.7125,71.4303],[-55.3862,71.328],[-55.0538,71.3243],[-54.9261,71.2954],[-54.7275,71.283],[-54.5183,71.3017],[-54.3074,71.2992],[-54.1013,71.336],[-53.918,71.2944],[-54.0187,71.2517],[-54.115,71.1883],[-54.1631,71.1429],[-54.1608,71.0971],[-53.8869,71.0063],[-53.6655,70.9734],[-53.4919,70.9824],[-53.3615,71.0094],[-53.2757,71.0428],[-53.2307,71.0921],[-53.2677,71.1651],[-53.4163,71.2738],[-53.4649,71.3301],[-53.6112,71.3667],[-53.6333,71.3947],[-53.7004,71.4211],[-53.6466,71.4789],[-53.634,71.5168],[-53.3938,71.4855],[-53.3954,71.4378],[-53.3545,71.407],[-53.4026,71.3481],[-53.405,71.3199],[-53.3314,71.2772],[-53.319,71.2313],[-53.2619,71.1799],[-53.1007,71.1172],[-53.0149,71.1014],[-52.8039,71.1129],[-52.3825,71.0945],[-52.3343,71.0699],[-52.4582,71.0172],[-52.4646,70.9952],[-52.4486,70.9771],[-52.4963,70.9357],[-52.4831,70.9013],[-52.1488,70.8203],[-51.9226,70.8097],[-51.9315,70.7886],[-52.0224,70.772],[-52.1239,70.7893],[-52.2404,70.7841],[-52.3703,70.7314],[-52.5693,70.7854],[-52.8578,70.82],[-53.1195,70.8332],[-53.3961,70.8099],[-53.646,70.8448],[-53.7734,70.8463],[-53.8974,70.8799],[-54.1289,70.8891],[-54.375,70.8494],[-54.7015,70.7604],[-54.7636,70.7142],[-54.7568,70.692],[-54.7933,70.6508],[-54.78,70.6294],[-54.4855,70.5467],[-54.3737,70.4974],[-54.3668,70.4755],[-54.3248,70.4454],[-54.1217,70.3678],[-54.3465,70.3895],[-54.5058,70.3747],[-54.4946,70.3948],[-54.5058,70.4213],[-54.5597,70.4569],[-54.8257,70.5305],[-55.0773,70.5404],[-55.2116,70.4976],[-55.2245,70.4753],[-55.2004,70.4217],[-55.0535,70.3354],[-54.9188,70.3124],[-54.7188,70.3225],[-54.8374,70.3004],[-54.9311,70.263],[-55.0108,70.1857],[-54.9916,70.0793],[-54.8908,69.9999],[-54.9933,69.9653],[-55.0146,69.9087],[-55.0935,69.8577],[-55.0933,69.823],[-55.0478,69.7937],[-55.1443,69.7254],[-55.1439,69.698],[-55.1093,69.6566],[-54.9631,69.5763],[-54.8654,69.5432],[-54.7499,69.5162],[-54.5009,69.4939],[-54.4236,69.4634],[-54.4499,69.4179],[-54.4183,69.3711],[-54.3839,69.3424],[-54.2542,69.2912],[-54.0193,69.2546],[-53.9686,69.2197],[-53.8339,69.1879],[-53.5386,69.1766],[-52.9041,69.2991],[-52.1787,69.3984],[-51.9272,69.4832],[-51.6733,69.6368],[-51.692,69.6784],[-51.773,69.7126],[-51.7598,69.7513],[-51.8018,69.8047],[-51.8707,69.8433],[-52.0554,69.8822],[-52.424,69.9218],[-52.5773,69.9625],[-52.7837,70.0626],[-53.0065,70.1966],[-53.4468,70.2973],[-53.3844,70.2961],[-52.9752,70.2342],[-52.8359,70.1968],[-52.5077,70.03],[-52.4144,70.0013],[-52.1534,69.9818],[-52.0018,69.952],[-51.7185,69.9543],[-51.6344,69.9248],[-51.6214,69.9005],[-51.5557,69.8638],[-51.536,69.8306],[-51.483,69.8037],[-51.5505,69.7438],[-51.5605,69.7037],[-51.4773,69.6325],[-51.4719,69.5982],[-51.4154,69.522],[-51.2608,69.4585],[-51.0849,69.4517],[-51.095,69.4136],[-51.1851,69.3616],[-51.1842,69.2995],[-51.2644,69.2681],[-51.3114,69.2227],[-51.314,69.1874],[-51.2634,69.1554],[-51.272,69.1189],[-51.3444,69.0658],[-51.3541,69.031],[-51.398,69.0009],[-51.3977,68.9766],[-51.3591,68.9488],[-51.4461,68.9131],[-51.4528,68.8558],[-51.5075,68.8107],[-51.4993,68.7798],[-51.4458,68.7507],[-51.6034,68.7221],[-51.6439,68.692],[-51.6501,68.6673],[-51.7695,68.6921],[-51.7743,68.7191],[-51.8276,68.7487],[-51.6596,68.7734],[-51.5912,68.8063],[-51.584,68.8307],[-51.5999,68.852],[-51.6753,68.8827],[-51.8814,68.9171],[-52.1025,68.9314],[-52.2117,68.9176],[-52.2714,68.882],[-52.2614,68.8461],[-52.1453,68.791],[-52.5442,68.8384],[-52.918,68.8393],[-52.901,68.8723],[-52.946,68.9158],[-53.1477,68.9419],[-53.1097,69.0011],[-53.1325,69.0365],[-53.1905,69.0714],[-53.3177,69.1096],[-53.478,69.1295],[-53.6469,69.1084],[-53.6955,69.0746],[-53.6952,69.0504],[-53.634,69.013],[-53.6083,68.9495],[-53.4912,68.9185],[-53.576,68.8865],[-53.5889,68.8624],[-53.5756,68.8392],[-53.4667,68.8039],[-53.3688,68.8041],[-53.2869,68.8237],[-53.2462,68.8065],[-53.2945,68.751],[-53.2849,68.7151],[-53.325,68.6765],[-53.5547,68.6914],[-53.6632,68.6717],[-53.7134,68.6472],[-53.7262,68.623],[-53.6986,68.5897],[-53.757,68.5385],[-53.7637,68.5015],[-53.7487,68.4818],[-53.7903,68.4599],[-53.7999,68.4241],[-53.8534,68.3766],[-53.8439,68.3404],[-53.9289,68.2924],[-53.9189,68.2556],[-53.8784,68.2341],[-53.9176,68.1922],[-53.9122,68.1567],[-53.8896,68.1358],[-53.9792,68.1145],[-54.0174,68.0737],[-54.0152,68.0491],[-53.9708,68.016],[-54.0072,67.9954],[-54.0388,67.933],[-54.0425,67.9028],[-54.0128,67.873],[-54.0311,67.8392],[-54.0021,67.8039],[-53.947,67.7826],[-53.9652,67.7052],[-53.9516,67.6805],[-53.956,67.6405],[-53.9266,67.6105],[-53.9451,67.5869],[-53.9422,67.5484],[-53.9151,67.5095],[-53.9437,67.4793],[-53.9382,67.4553],[-53.9757,67.4302],[-54.091,67.268],[-54.0933,67.2135],[-54.0685,67.1841],[-54.0805,67.1507],[-54.1131,67.1219],[-54.1285,67.0813],[-54.1952,67.0547],[-54.2142,67.0164],[-54.1837,66.9774],[-54.1403,66.957],[-53.9993,66.9437],[-53.9252,66.8874],[-53.8336,66.8552],[-53.8102,66.8146],[-53.7448,66.7854],[-53.8364,66.7601],[-53.8737,66.7244],[-53.8669,66.6977],[-53.7956,66.6519],[-53.7886,66.6268],[-53.8778,66.5157],[-53.8682,66.379],[-53.9465,66.3057],[-53.8875,66.205],[-53.8273,66.1705],[-53.86,66.1235],[-53.86,66.0787],[-53.8187,66.0213],[-53.7281,65.9735],[-53.7076,65.9225],[-53.5767,65.805],[-53.4545,65.7609],[-53.4749,65.7187],[-53.4241,65.5975],[-53.4625,65.5322],[-53.3982,65.4389],[-53.3273,65.3938],[-53.1546,65.3319],[-52.9836,65.3225],[-52.9128,65.2602],[-52.7741,65.2247],[-52.6851,65.1523],[-52.7105,65.1105],[-52.6909,65.0693],[-52.7059,65.0089],[-52.6926,64.9816],[-52.6395,64.9525],[-52.6323,64.9272],[-52.5885,64.8968],[-52.4187,64.8715],[-52.3926,64.8441],[-52.381,64.7883],[-52.417,64.7513],[-52.4234,64.7225],[-52.3729,64.678],[-52.3535,64.5985],[-52.3276,64.5722],[-52.406,64.4846],[-52.4134,64.4028],[-52.4001,64.3749],[-52.3539,64.3423],[-52.3005,64.2174],[-52.2387,64.1782],[-52.2708,64.089],[-52.3416,64.0402],[-52.3335,64.0018],[-52.2161,63.9445],[-52.077,63.9375],[-51.9269,63.8729],[-51.9104,63.8154],[-51.8519,63.7554],[-51.8778,63.7188],[-51.8665,63.6928],[-51.8123,63.6632],[-51.7137,63.6473],[-51.7092,63.6202],[-51.6676,63.5901],[-51.6496,63.5277],[-51.5431,63.4715],[-51.5512,63.4346],[-51.5288,63.4098],[-51.3498,63.3609],[-51.3413,63.3346],[-51.3603,63.2874],[-51.3228,63.2474],[-51.3238,63.2111],[-51.2992,63.1606],[-51.1634,63.0631],[-51.1251,63.0012],[-51.0309,62.9701],[-50.9026,62.9715],[-50.8501,62.9272],[-50.7878,62.9066],[-50.6812,62.8192],[-50.5975,62.7874],[-50.5467,62.6115],[-50.5563,62.5619],[-50.5191,62.5264],[-50.4599,62.5041],[-50.4656,62.4641],[-50.3881,62.4111],[-50.3969,62.3719],[-50.3746,62.3463],[-50.21,62.2809],[-50.1516,62.2227],[-50.1518,62.1969],[-50.1295,62.1711],[-50.0393,62.1344],[-50.0062,62.0937],[-49.9013,62.0393],[-49.9202,61.9994],[-49.9034,61.9454],[-49.8157,61.9007],[-49.8073,61.8587],[-49.739,61.8232],[-49.771,61.7713],[-49.7544,61.7305],[-49.6308,61.686],[-49.6032,61.6192],[-49.5722,61.5873],[-49.4413,61.5612],[-49.4303,61.5312],[-49.3903,61.5006],[-49.2368,61.4422],[-49.2017,61.377],[-49.0798,61.294],[-49.0991,61.2468],[-49.0586,61.196],[-48.8115,61.1356],[-48.7585,61.1017],[-48.7762,61.0537],[-48.7428,61.0072],[-48.6523,60.9785],[-48.557,60.9724],[-48.5127,60.9272],[-48.4662,60.9087],[-48.5235,60.8756],[-48.5327,60.8339],[-48.5855,60.8042],[-48.6121,60.7633],[-48.5873,60.7221],[-48.5162,60.676],[-48.402,60.6488],[-48.2861,60.6742],[-48.114,60.606],[-47.9174,60.5782],[-47.666,60.6134],[-47.4776,60.6676],[-47.3843,60.6561],[-47.2811,60.6748],[-47.2137,60.6619],[-47.1286,60.6146],[-47.0279,60.6116],[-46.9333,60.5823],[-46.8463,60.586],[-46.7473,60.5608],[-46.6388,60.5636],[-46.5487,60.5882],[-46.3369,60.5811],[-46.2434,60.4949],[-46.1599,60.4694],[-46.0781,60.4183],[-45.9575,60.3852],[-45.8707,60.3417],[-45.6431,60.2988],[-45.6304,60.2129],[-45.5738,60.1789],[-45.537,60.1185],[-45.4739,60.0873],[-45.5243,60.0186],[-45.5156,59.963],[-45.4932,59.9352],[-45.366,59.8884],[-45.2963,59.8791],[-45.2218,59.8418],[-45.1346,59.833],[-45.0938,59.796],[-45.0159,59.7743],[-44.7271,59.7856],[-44.6592,59.8122],[-44.6244,59.8574],[-44.5527,59.8477],[-44.538,59.8065],[-44.4954,59.7772],[-44.337,59.7465],[-44.3122,59.7043],[-44.2592,59.6797],[-44.1463,59.6732],[-44.0558,59.7093],[-43.9735,59.6768],[-43.8721,59.6701],[-43.7138,59.6953],[-43.6513,59.7362],[-43.5665,59.7353],[-43.4707,59.7566],[-43.358,59.8197],[-43.0999,59.8557],[-43.0492,59.8827],[-43.0309,59.9254],[-42.9057,59.992],[-42.8879,60.0196],[-42.9026,60.062],[-42.8901,60.0894],[-42.8425,60.1151],[-42.824,60.157],[-42.8548,60.197],[-42.917,60.2301],[-42.9365,60.2903],[-42.9346,60.3631],[-42.9749,60.4186],[-42.8547,60.4808],[-42.7181,60.5264],[-42.6509,60.6176],[-42.5995,60.6549],[-42.5805,60.7038],[-42.5418,60.7447],[-42.5461,60.7729],[-42.5719,60.7982],[-42.4945,60.8612],[-42.4944,60.9134],[-42.4594,60.9521],[-42.4637,60.9801],[-42.5145,61.0441],[-42.4532,61.0808],[-42.4384,61.1326],[-42.4066,61.159],[-42.3997,61.1867],[-42.3249,61.2427],[-42.318,61.2703],[-42.3428,61.3049],[-42.267,61.3352],[-42.227,61.3731],[-42.2257,61.4008],[-42.2609,61.4434],[-42.1003,61.502],[-42.0797,61.5355],[-42.0964,61.5776],[-42.0502,61.6076],[-42.0289,61.6465],[-42.0332,61.6739],[-42.059,61.6985],[-42.0019,61.7262],[-41.9218,61.7975],[-41.9443,61.8895],[-41.9163,61.9228],[-41.9195,61.9539],[-41.9615,61.9918],[-41.962,62.0645],[-41.9842,62.1046],[-42.0542,62.1695],[-41.9518,62.1998],[-41.9015,62.2571],[-41.9378,62.3186],[-42.0065,62.3503],[-41.9684,62.4142],[-41.9728,62.4409],[-41.9991,62.4651],[-41.9588,62.4866],[-41.9379,62.5276],[-41.9478,62.5539],[-42.0004,62.5853],[-41.9946,62.5983],[-41.7648,62.6705],[-41.7192,62.7123],[-41.6103,62.7395],[-41.5644,62.7833],[-41.4485,62.8215],[-41.3203,62.9217],[-41.2989,62.9732],[-41.0676,63.0754],[-41.0497,63.1003],[-41.0539,63.1261],[-40.9754,63.1607],[-40.9411,63.2032],[-40.8485,63.2518],[-40.8238,63.2908],[-40.8281,63.3167],[-40.7407,63.3579],[-40.6994,63.4282],[-40.5237,63.5078],[-40.4962,63.5592],[-40.3624,63.6739],[-40.3669,63.7465],[-40.4129,63.7912],[-40.3968,63.9233],[-40.4315,63.9561],[-40.427,63.9914],[-40.3947,64.0197],[-40.3758,64.0648],[-40.3911,64.109],[-40.4669,64.1652],[-40.4535,64.211],[-40.1838,64.2417],[-40.1022,64.2652],[-40.0458,64.3168],[-40.0557,64.3765],[-39.9872,64.4619],[-40.0135,64.5193],[-40.114,64.5779],[-40.086,64.6178],[-40.0986,64.6455],[-40.2001,64.7021],[-40.1283,64.7516],[-40.1249,64.8084],[-40.1647,64.8495],[-40.239,64.8762],[-40.1803,64.9073],[-39.78,64.8828],[-39.5704,64.9643],[-39.5417,64.9977],[-39.5548,65.0416],[-39.5363,65.0711],[-39.3537,65.1233],[-39.3048,65.1862],[-39.2233,65.2289],[-39.2161,65.2571],[-39.2622,65.3539],[-39.3454,65.3988],[-39.1835,65.3905],[-38.9737,65.4306],[-38.8297,65.4218],[-38.6097,65.4573],[-38.527,65.4922],[-38.306,65.5176],[-38.1082,65.5633],[-37.8378,65.506],[-37.7307,65.4978],[-37.4214,65.5364],[-37.4037,65.497],[-37.3531,65.4691],[-37.0893,65.4253],[-36.9791,65.4368],[-36.8926,65.483],[-36.7774,65.5155],[-36.6649,65.498],[-36.5579,65.5139],[-36.4383,65.6059],[-36.4374,65.6471],[-36.491,65.6809],[-36.4561,65.7089],[-36.3203,65.676],[-36.1596,65.677],[-36.0388,65.7005],[-35.9967,65.7213],[-35.9561,65.7674],[-35.9606,65.8429],[-35.7297,65.9293],[-35.5058,65.9742],[-35.4165,66.044],[-35.4016,66.0993],[-35.3118,66.1689],[-35.0834,66.1817],[-34.7561,66.244],[-34.5592,66.3266],[-34.4889,66.3952],[-34.3945,66.4537],[-34.3236,66.4709],[-34.26,66.5091],[-34.0456,66.5544],[-34.0169,66.5857],[-34.0177,66.6148],[-33.9698,66.6624],[-33.8594,66.6925],[-33.7088,66.7662],[-33.6777,66.8047],[-33.6781,66.8533],[-33.5393,66.8558],[-33.4547,66.8856],[-33.4346,66.924],[-33.4714,66.9595],[-33.4503,66.9968],[-33.3219,67.0257],[-33.2699,67.079],[-33.2698,67.1447],[-33.06,67.2261],[-33.0528,67.2522],[-33.07,67.2862],[-33.1429,67.3319],[-33.0916,67.3618],[-33.0906,67.4002],[-33.0213,67.4531],[-33.0261,67.4935],[-33.0676,67.5205],[-32.9854,67.5623],[-32.8911,67.5555],[-32.7905,67.5697],[-32.4736,67.5392],[-32.3964,67.5498],[-32.306,67.5859],[-32.2744,67.608],[-32.2673,67.6336],[-32.3388,67.6805],[-32.2702,67.7152],[-32.1277,67.7332],[-32.0534,67.79],[-31.9064,67.8489],[-31.8992,67.8744],[-31.9184,67.8984],[-31.8815,67.9322],[-31.8738,68.0168],[-31.8429,68.0617],[-31.6346,68.0267],[-31.3507,68.0373],[-31.1224,67.9995],[-30.926,68.0061],[-30.812,68.0261],[-30.4375,68.0277],[-30.3218,68.0596],[-30.1135,68.0646],[-29.923,68.1113],[-29.7149,68.1329],[-29.6177,68.1769],[-29.4551,68.1702],[-29.3399,68.1829],[-29.2616,68.2155],[-29.0885,68.2336],[-28.9659,68.286],[-28.85,68.2837],[-28.6852,68.3199],[-28.5297,68.3325],[-28.3886,68.3868],[-28.2362,68.3841],[-28.1323,68.4078],[-27.961,68.4164],[-27.8853,68.439],[-27.7578,68.4284],[-27.5866,68.4422],[-27.505,68.462],[-27.4549,68.4987],[-27.1921,68.5138],[-27.0823,68.5548],[-26.9435,68.5777],[-26.8734,68.6099],[-26.3695,68.6442],[-26.2196,68.6923],[-26.1663,68.734],[-25.9987,68.751],[-25.8906,68.792],[-25.5949,68.8301],[-25.5308,68.8603],[-25.505,68.9013],[-25.4246,68.9153],[-25.3522,68.9501],[-25.1939,68.9764],[-25.0574,69.0393],[-24.9163,69.0688],[-24.8179,69.17],[-24.6464,69.1787],[-24.5072,69.2082],[-24.4356,69.2567],[-24.442,69.2896],[-24.2875,69.3094],[-24.1855,69.3579],[-24.0663,69.3524],[-23.9635,69.3695],[-23.9069,69.4075],[-23.8834,69.4646]]]]},"properties":{"id":"Q62651","names":{"ast":"Reinu de Dinamarca y Noruega","az":"Danimarka-Norveç","be":"Данія-Нарвегія","bg":"Дания-Норвегия","br":"Rouantelezh Danmark ha Norvegia","ca":"Regne de Dinamarca i Noruega","ce":"Датхойн норвегийн уни","cs":"Dánsko-Norsko","cy":"Denmarc–Norwy","da":"Danmark-Norge","de":"Dänemark-Norwegen","el":"Δανία–Νορβηγία","en":"Denmark–Norway","eo":"Danio-Norvegio","es":"Reino de Dinamarca y Noruega","et":"Taani-Norra","eu":"Danimarka eta Norvegiako Erresuma","fi":"Tanska-Norja","fr":"Danemark-Norvège","ga":"An Danmhairg-an Iorua","gd":"An Danmhairg-Nirribhidh","gl":"Reino de Dinamarca e Noruega","hr":"Danska-Norveška","hu":"Dánia–Norvégia","id":"Denmark–Norwegia","io":"Dania-Norvegia","is":"Dansk-norska ríkið","it":"Danimarca-Norvegia","ko":"덴마크-노르웨이","lt":"Danija-Norvegija","lv":"Dānija—Norvēģija","mk":"Данска-Норвешка","ms":"Denmark–Norway","nb":"Danmark-Norge","nl":"Denemarken-Noorwegen","nn":"Danmark-Noreg","no":"Danmark-Norge","pl":"Królestwo Danii i Norwegii","pt":"Reino da Dinamarca e Noruega","ro":"Danemarca-Norvegia","ru":"Датско-норвежская уния","sk":"Dánsko-Nórsko","sq":"Danimarka-Norvegjia","sr":"Данска—Норвешка","sv":"Danmark-Norge","tl":"Dinamarka-Noruwega","tr":"Danimarka-Norveç","uk":"Данія-Норвегія","uz":"Daniya-Norvegiya","vec":"Danemarca-Norveja","vi":"Đan Mạch–Na Uy"},"from":1773.4166666666667,"to":1806.5967741935483,"wikidata":"Q62651","adminLevel":2,"source":"OpenHistoricalMap","sourceUrl":"https://www.openhistoricalmap.org"}},{"type":"Feature","geometry":{"type":"Polygon","coordinates":[[[-7.0018,55.2946],[-7.1045,55.3204],[-7.1433,55.3619],[-7.2544,55.3931],[-7.2627,55.4032],[-7.2058,55.4054],[-7.1713,55.4304],[-7.1886,55.4555],[-7.2494,55.4752],[-7.2965,55.462],[-7.3059,55.4472],[-7.2938,55.4241],[-7.4386,55.3958],[-7.4501,55.3762],[-7.4292,55.3506],[-7.4488,55.327],[-7.5577,55.3086],[-7.574,55.2719],[-7.6034,55.3008],[-7.6662,55.3057],[-7.7351,55.2834],[-7.8264,55.2794],[-7.9145,55.2373],[-8.0029,55.2529],[-8.1101,55.1888],[-8.1221,55.224],[-8.1588,55.2339],[-8.1425,55.2517],[-8.1483,55.2793],[-8.2228,55.302],[-8.277,55.2981],[-8.2986,55.2822],[-8.2921,55.2499],[-8.1988,55.2249],[-8.2353,55.1821],[-8.3165,55.1806],[-8.3873,55.1427],[-8.4408,55.0892],[-8.4763,55.0865],[-8.5155,55.0535],[-8.5631,55.0501],[-8.6097,55.0225],[-8.6195,54.9661],[-8.5432,54.9427],[-8.5023,54.9018],[-8.5791,54.8914],[-8.5874,54.8563],[-8.6156,54.8332],[-8.6121,54.8133],[-8.7777,54.7655],[-8.8473,54.7161],[-8.887,54.6665],[-8.8708,54.6418],[-8.7321,54.6168],[-8.6974,54.5923],[-8.553,54.5692],[-8.5108,54.5765],[-8.5036,54.5516],[-8.4693,54.5386],[-8.3464,54.5797],[-8.2713,54.5683],[-8.3177,54.5323],[-8.325,54.5071],[-8.4949,54.4946],[-8.568,54.4388],[-8.6379,54.4635],[-8.6972,54.4579],[-8.7221,54.4275],[-8.6883,54.3918],[-8.7436,54.3501],[-8.7286,54.3165],[-8.8209,54.2918],[-8.9378,54.3236],[-9.0687,54.3221],[-9.1006,54.3058],[-9.1873,54.3122],[-9.3341,54.3566],[-9.3932,54.3389],[-9.6756,54.3487],[-9.7351,54.367],[-9.7584,54.3923],[-9.8123,54.3954],[-9.8564,54.3583],[-9.9134,54.3406],[-10.0155,54.3388],[-10.0699,54.311],[-10.1293,54.3039],[-10.1429,54.2877],[-10.1363,54.2674],[-10.2509,54.1682],[-10.2933,54.1011],[-10.3601,54.0851],[-10.3695,54.0606],[-10.3431,54.0405],[-10.2354,54.0414],[-10.2452,54.0114],[-10.3084,53.9804],[-10.2991,53.9569],[-10.1951,53.9236],[-10.1128,53.9283],[-10.0864,53.8917],[-10.049,53.8839],[-10.0113,53.8536],[-10.0985,53.8073],[-10.0944,53.7747],[-10.0712,53.7622],[-10.0822,53.7438],[-10.1382,53.74],[-10.1808,53.7179],[-10.1896,53.6967],[-10.1724,53.6702],[-10.287,53.6597],[-10.3583,53.6171],[-10.3507,53.5809],[-10.2993,53.5676],[-10.3155,53.5306],[-10.2135,53.4891],[-10.2088,53.4743],[-10.2875,53.4099],[-10.2866,53.3887],[-10.2446,53.3668],[-10.1804,53.3724],[-10.0241,53.3409],[-10.0766,53.2976],[-10.0584,53.2726],[-10.0646,53.2563],[-10.0297,53.229],[-9.9701,53.2257],[-9.9308,53.2738],[-9.895,53.2671],[-9.8919,53.2368],[-9.8527,53.1879],[-9.9063,53.1642],[-9.9006,53.1303],[-9.5128,53.0018],[-9.5039,52.9778],[-9.5232,52.9235],[-9.4815,52.8913],[-9.5014,52.855],[-9.5837,52.8277],[-9.5754,52.7823],[-9.6668,52.7538],[-9.7062,52.7045],[-9.8593,52.6258],[-9.9478,52.5977],[-9.9885,52.5577],[-9.9641,52.5329],[-9.901,52.5247],[-9.7325,52.5501],[-9.7316,52.5104],[-9.8423,52.4664],[-9.9632,52.4521],[-9.9936,52.4289],[-9.9973,52.4062],[-10.1228,52.3266],[-10.2779,52.3],[-10.3843,52.2625],[-10.5171,52.1985],[-10.5292,52.1553],[-10.5977,52.1648],[-10.64,52.1398],[-10.6427,52.1139],[-10.7265,52.0882],[-10.7135,52.0518],[-10.5959,52.0029],[-10.5511,52.0202],[-10.548,52.0475],[-10.4842,52.0724],[-10.2603,52.0829],[-10.2406,52.0677],[-10.2345,52.0419],[-10.2531,52.0233],[-10.4491,51.9309],[-10.4824,51.8824],[-10.4567,51.8519],[-10.465,51.8299],[-10.5814,51.7921],[-10.5966,51.7647],[-10.5875,51.7471],[-10.5334,51.7351],[-10.3976,51.7815],[-10.3697,51.7576],[-10.3046,51.75],[-10.3156,51.7237],[-10.2827,51.6966],[-10.144,51.7048],[-10.1324,51.6927],[-10.1541,51.6555],[-10.2798,51.6003],[-10.2983,51.5693],[-10.2858,51.5496],[-10.241,51.5394],[-10.1082,51.5662],[-10.0369,51.558],[-9.9588,51.5826],[-9.8896,51.5789],[-9.8771,51.569],[-9.8958,51.5547],[-9.8967,51.528],[-9.8656,51.5112],[-9.8891,51.4856],[-9.8855,51.4685],[-9.8519,51.4244],[-9.7613,51.4171],[-9.6549,51.4566],[-9.5688,51.4572],[-9.5776,51.4286],[-9.5662,51.4074],[-9.5032,51.3895],[-9.433,51.4212],[-9.3233,51.4334],[-9.2916,51.4533],[-9.2055,51.4377],[-9.1612,51.4761],[-9.0896,51.4907],[-9.0697,51.5156],[-9.0129,51.5254],[-8.9704,51.4995],[-8.9294,51.5012],[-8.8521,51.5313],[-8.825,51.5613],[-8.7614,51.5393],[-8.6988,51.5396],[-8.6611,51.5575],[-8.6283,51.6027],[-8.6035,51.6076],[-8.5604,51.5775],[-8.5071,51.5776],[-8.4807,51.5978],[-8.4804,51.6369],[-8.2774,51.7088],[-8.2471,51.7617],[-8.1641,51.7543],[-7.9915,51.7946],[-7.9603,51.8083],[-7.9525,51.8363],[-7.8167,51.8602],[-7.8008,51.8844],[-7.8135,51.9042],[-7.7012,51.9107],[-7.6686,51.923],[-7.6577,51.9447],[-7.5456,51.9711],[-7.5281,52.0121],[-7.4856,52.0488],[-7.4922,52.0704],[-7.4178,52.0982],[-7.1477,52.1095],[-7.0847,52.0976],[-6.9779,52.113],[-6.9195,52.0929],[-6.7749,52.1724],[-6.6773,52.1782],[-6.6344,52.1517],[-6.6686,52.1309],[-6.6681,52.0949],[-6.618,52.0787],[-6.546,52.1134],[-6.5244,52.156],[-6.3629,52.1424],[-6.1618,52.1886],[-6.16,52.2149],[-6.1767,52.2278],[-6.2502,52.2398],[-6.3397,52.2977],[-6.3087,52.3381],[-6.3074,52.396],[-6.1553,52.5379],[-6.1452,52.5715],[-6.1711,52.6465],[-6.0937,52.7241],[-6.0871,52.7902],[-6.0627,52.8204],[-6.0156,52.8417],[-5.9502,52.9576],[-5.9591,52.9848],[-6,53.009],[-5.9847,53.0723],[-5.9917,53.1193],[-6.0562,53.2248],[-6.0327,53.2663],[-6.0721,53.3303],[-6.0048,53.3509],[-5.9966,53.3916],[-6.0398,53.4352],[-6.0267,53.4534],[-5.9776,53.461],[-5.9464,53.4953],[-5.9713,53.5201],[-6.0275,53.5296],[-6.0588,53.6026],[-6.1155,53.6151],[-6.1825,53.6728],[-6.1996,53.7494],[-6.1664,53.7958],[-6.2043,53.8357],[-6.1881,53.863],[-6.2175,53.8887],[-6.3133,53.9077],[-6.3211,53.9464],[-6.3045,53.974],[-6.1537,53.9483],[-6.1128,53.9548],[-6.0544,53.9934],[-6.0152,53.9818],[-5.827,54.0775],[-5.7883,54.1627],[-5.7925,54.1942],[-5.733,54.1984],[-5.6503,54.1763],[-5.5508,54.2129],[-5.4241,54.3083],[-5.3831,54.366],[-5.3505,54.4991],[-5.3934,54.5468],[-5.4034,54.5894],[-5.4459,54.6282],[-5.4327,54.7164],[-5.4993,54.7484],[-5.6209,54.7299],[-5.6041,54.8035],[-5.6307,54.8521],[-5.6705,54.8863],[-5.7543,54.909],[-5.879,55.0081],[-5.8872,55.0723],[-5.9493,55.1038],[-5.9456,55.1777],[-5.9965,55.2311],[-6.0918,55.2674],[-6.0859,55.3127],[-6.1191,55.3419],[-6.2583,55.362],[-6.3333,55.3421],[-6.385,55.2949],[-6.5131,55.2989],[-6.6127,55.2592],[-6.6941,55.2594],[-6.7936,55.2206],[-6.8827,55.2096],[-6.8819,55.2535],[-7.0018,55.2946]]]},"properties":{"id":"Q215530","names":{"ab":"Ирландиа Аҳра","af":"Koninkryk van Ierland","ar":"مملكة أيرلندا","be":"Каралеўства Ірландыя","bg":"Кралство Ирландия","bn":"আয়ারল্যান্ড রাজ্য","br":"Rouantelezh Iwerzhon","ca":"Regne d'Irlanda","cs":"Irské království","cy":"Teyrnas Iwerddon","da":"Kongeriget Irland","de":"Königreich Irland","el":"Βασίλειο της Ιρλανδίας","en":"Kingdom of Ireland","eo":"Reĝlando Irlando","es":"Reino de Irlanda","et":"Iirimaa kuningriik","eu":"Irlandako Erresuma","fa":"پادشاهی ایرلند","fi":"Irlannin kuningaskunta","fr":"Royaume d'Irlande","ga":"Ríoghacht Éireann","gd":"Rìoghachd na h-Èireann","ghc":"Ríoghacht Éireann","gl":"Reino de Irlanda","gv":"Reeriaght Nerin","he":"ממלכת אירלנד","hi":"आयरलैंड राजशाही","hr":"Irsko Kraljevstvo","hu":"Ír Királyság","id":"Kerajaan Irlandia","io":"Rejio Irlando","is":"Konungsríkið Írland","it":"Regno d'Irlanda","ja":"アイルランド王国","kk":"Ирландия патшалығы","ko":"아일랜드 왕국","lv":"Īrijas Karaliste","mk":"Кралство Ирска","mr":"आयर्लंडचे राजतंत्र","ms":"Kerajaan Ireland","nb":"Kongeriket Irland","nl":"Koninkrijk Ierland","pl":"Królestwo Irlandii","pt":"Reino da Irlanda","ro":"Regatul Irlandei","ru":"Королевство Ирландия","sc":"Rennu de Irlanda","sco":"Kinrick o Ireland","sd":"آئرلينڊ جي سلطنت","sk":"Írske kráľovstvo","sr":"Краљевство Ирска","sv":"Kungariket Irland","ta":"அயர்லாந்து இராச்சியம்","th":"ราชอาณาจักรไอร์แลนด์","tr":"İrlanda Krallığı","tt":"İrlandiä patşalığı","uk":"Ірландське королівство","ur":"مملکت آئرلینڈ","vi":"Vương quốc Ireland","zh":"愛爾蘭王國"},"from":1660.258064516129,"to":1800.997311827957,"wikidata":"Q215530","adminLevel":2,"source":"OpenHistoricalMap","sourceUrl":"https://www.openhistoricalmap.org"}},{"type":"Feature","geometry":{"type":"MultiPolygon","coordinates":[[[[-6.9767,57.6258],[-6.8668,57.7206],[-6.7947,57.7571],[-6.5856,57.82],[-6.5528,57.8637],[-6.4914,57.8747],[-6.3465,57.8333],[-6.2983,57.843],[-6.2514,57.8743],[-6.2391,57.8963],[-6.2565,57.9337],[-6.3274,57.9644],[-6.2666,58.0296],[-6.2811,58.1189],[-6.2695,58.1393],[-6.1809,58.1446],[-6.102,58.1797],[-6.0463,58.2545],[-6.0539,58.2812],[-6.1027,58.308],[-6.0716,58.3449],[-6.1042,58.3846],[-6.0798,58.4261],[-6.1075,58.4936],[-6.2029,58.5544],[-6.3156,58.5594],[-6.6089,58.4091],[-6.8643,58.3394],[-6.9803,58.3236],[-7.023,58.294],[-7.083,58.2831],[-7.1921,58.2013],[-7.2225,58.1389],[-7.2238,58.094],[-7.2564,58.0698],[-7.2602,58.037],[-7.3497,58.0236],[-7.3846,57.9875],[-7.3659,57.9568],[-7.3105,57.9369],[-7.2591,57.9388],[-7.1965,57.9665],[-7.1486,57.929],[-7.1781,57.8809],[-7.3394,57.8277],[-7.3564,57.7585],[-7.4107,57.7153],[-7.5707,57.6947],[-7.6181,57.7402],[-7.6844,57.7523],[-7.7963,57.7073],[-7.8039,57.684],[-7.7798,57.6548],[-7.6741,57.6385],[-7.6874,57.5885],[-7.7886,57.5716],[-7.8103,57.5418],[-7.8044,57.5229],[-7.7277,57.4821],[-7.6302,57.461],[-7.5197,57.4787],[-7.4925,57.4278],[-7.5217,57.3874],[-7.4859,57.3295],[-7.5224,57.303],[-7.5494,57.2406],[-7.497,57.1097],[-7.5463,57.0623],[-7.6148,57.0287],[-7.6189,57.0029],[-7.6673,56.9478],[-7.6701,56.8865],[-7.7484,56.822],[-7.7355,56.757],[-7.6534,56.7287],[-7.5673,56.7392],[-7.5288,56.767],[-7.5278,56.8038],[-7.3717,56.8849],[-7.3509,56.9277],[-7.2984,56.9485],[-7.1994,57.0376],[-7.1456,57.0642],[-7.1215,57.1117],[-7.1612,57.1596],[-7.1421,57.1939],[-7.1759,57.2337],[-7.1175,57.2668],[-7.105,57.3007],[-7.1186,57.36],[-7.098,57.39],[-7.101,57.4212],[-7.0096,57.5966],[-6.9767,57.6258]]],[[[-8.4012,57.8941],[-8.4536,57.9246],[-8.523,57.9297],[-8.5676,57.9148],[-8.5927,57.8837],[-8.7048,57.869],[-8.74,57.8327],[-8.713,57.7941],[-8.6289,57.7596],[-8.4892,57.7459],[-8.428,57.7763],[-8.4358,57.82],[-8.3904,57.8632],[-8.4012,57.8941]]],[[[-7.5105,58.2477],[-7.4711,58.2894],[-7.5223,58.3294],[-7.6835,58.3296],[-7.7438,58.2916],[-7.7324,58.256],[-7.6928,58.238],[-7.5812,58.2251],[-7.5105,58.2477]]],[[[-6.6033,56.1797],[-6.7022,56.1744],[-6.7332,56.1502],[-6.7344,56.1194],[-6.6723,56.0832],[-6.5719,56.0948],[-6.5454,56.1199],[-6.5456,56.1443],[-6.6033,56.1797]]],[[[-4.365,59.0326],[-4.3127,59.056],[-4.2957,59.0987],[-4.3401,59.1334],[-4.419,59.143],[-4.488,59.1255],[-4.5236,59.08],[-4.5956,59.055],[-4.6132,59.0224],[-4.5807,58.9835],[-4.4952,58.9683],[-4.4386,58.9805],[-4.3974,59.0267],[-4.365,59.0326]]],[[[-5.703,59.1087],[-5.7031,59.1297],[-5.7358,59.1662],[-5.8141,59.1906],[-5.9015,59.1745],[-5.9519,59.1226],[-5.9269,59.0825],[-5.8588,59.0605],[-5.7606,59.0652],[-5.703,59.1087]]],[[[-6.0511,59.0753],[-6.0454,59.1064],[-6.061,59.1259],[-6.1353,59.1528],[-6.2346,59.146],[-6.2809,59.1002],[-6.2405,59.0499],[-6.1791,59.0315],[-6.1089,59.0371],[-6.0511,59.0753]]],[[[-1.5111,59.5046],[-1.4921,59.5419],[-1.5168,59.5818],[-1.6187,59.6112],[-1.7148,59.591],[-1.7661,59.5218],[-1.7409,59.4795],[-1.6562,59.4537],[-1.5792,59.465],[-1.5111,59.5046]]],[[[-1.9494,60.1048],[-1.9348,60.1376],[-1.9548,60.1778],[-2.0218,60.2081],[-2.1352,60.204],[-2.2069,60.1723],[-2.2245,60.1425],[-2.2,60.1031],[-2.0934,60.058],[-2.0137,60.0621],[-1.9494,60.1048]]],[[[-0.6906,60.5603],[-0.6614,60.6092],[-0.7296,60.6719],[-0.6786,60.7408],[-0.6589,60.8158],[-0.6701,60.8465],[-0.715,60.8785],[-0.8266,60.9072],[-0.918,60.909],[-0.9873,60.8738],[-1.0696,60.7848],[-1.2087,60.7576],[-1.2415,60.6989],[-1.3557,60.7042],[-1.4155,60.6739],[-1.5172,60.6545],[-1.5456,60.6276],[-1.5487,60.599],[-1.6216,60.6013],[-1.6886,60.579],[-1.7389,60.483],[-1.6792,60.4032],[-1.849,60.4268],[-1.9159,60.4045],[-1.934,60.3637],[-1.9096,60.3357],[-1.8043,60.2881],[-1.8012,60.2355],[-1.7771,60.2079],[-1.4634,60.0796],[-1.4807,60.0487],[-1.4694,59.9553],[-1.4941,59.9182],[-1.4728,59.8666],[-1.3785,59.8045],[-1.2353,59.8042],[-1.1782,59.8331],[-1.1547,59.9169],[-1.0622,59.9756],[-1.0696,60.0522],[-1.0037,60.0656],[-0.9015,60.1265],[-0.907,60.1703],[-0.9903,60.2289],[-0.9871,60.2825],[-0.8861,60.2748],[-0.7943,60.3002],[-0.7678,60.3163],[-0.755,60.3474],[-0.6252,60.4064],[-0.6255,60.4369],[-0.6544,60.4642],[-0.809,60.4886],[-0.819,60.5018],[-0.6906,60.5603]]],[[[-7.134,56.3716],[-7.2,56.338],[-7.185,56.2921],[-7.1052,56.2732],[-7.0288,56.3058],[-7.0274,56.3388],[-7.0432,56.355],[-7.134,56.3716]]],[[[-5.909,57.6259],[-5.9886,57.6327],[-6.0573,57.6106],[-6.1432,57.6944],[-6.1955,57.7174],[-6.2273,57.7608],[-6.4678,57.7933],[-6.53,57.7621],[-6.5287,57.7293],[-6.4717,57.6968],[-6.5202,57.6464],[-6.6276,57.6563],[-6.698,57.6424],[-6.7247,57.6177],[-6.7454,57.5583],[-6.8222,57.5261],[-6.8725,57.4618],[-6.8744,57.4101],[-6.7502,57.3103],[-6.6889,57.2857],[-6.5724,57.2849],[-6.4029,57.1377],[-6.4062,57.1139],[-6.5151,57.1238],[-6.654,57.0989],[-6.6982,57.0647],[-6.6978,57.0269],[-6.7645,56.9986],[-6.7731,56.9527],[-6.7254,56.9248],[-6.6477,56.9213],[-6.6036,56.9362],[-6.5569,56.9846],[-6.3568,56.8862],[-6.3746,56.8529],[-6.3632,56.8147],[-6.2698,56.7775],[-6.316,56.7409],[-6.3166,56.7008],[-6.2914,56.6715],[-6.3159,56.6582],[-6.3641,56.653],[-6.3532,56.711],[-6.3761,56.7373],[-6.4637,56.7534],[-6.5917,56.7151],[-6.8179,56.595],[-7.0657,56.572],[-7.0995,56.5496],[-7.1071,56.5254],[-7.0689,56.4411],[-7.0231,56.409],[-6.8931,56.3916],[-6.8318,56.4076],[-6.6302,56.5112],[-6.5448,56.5148],[-6.5753,56.4431],[-6.5114,56.3979],[-6.5618,56.3549],[-6.5415,56.3146],[-6.5551,56.2818],[-6.4623,56.1921],[-6.3604,56.1759],[-6.2922,56.2141],[-6.1896,56.234],[-5.8855,56.2664],[-5.9059,56.2069],[-5.8379,56.1638],[-6.0394,56.0746],[-6.0519,56.1488],[-6.0987,56.1775],[-6.185,56.1805],[-6.2867,56.139],[-6.3848,56.0463],[-6.3547,55.9557],[-6.5311,55.8778],[-6.5759,55.8025],[-6.5668,55.7711],[-6.6207,55.7148],[-6.6166,55.6713],[-6.5418,55.6228],[-6.4177,55.6277],[-6.4174,55.5717],[-6.3547,55.5368],[-6.2283,55.5316],[-6.1572,55.5667],[-6.0469,55.5853],[-5.9526,55.6325],[-5.9272,55.6793],[-5.9376,55.7398],[-5.8908,55.7598],[-5.8063,55.8541],[-5.781,55.8602],[-5.7622,55.8483],[-5.7602,55.7947],[-5.828,55.7439],[-5.8675,55.6712],[-5.84,55.6041],[-5.8069,55.5823],[-5.8059,55.4683],[-5.8841,55.4086],[-5.8985,55.2987],[-5.875,55.272],[-5.815,55.2467],[-5.6778,55.2478],[-5.5883,55.2238],[-5.5141,55.2368],[-5.4794,55.2592],[-5.4722,55.3055],[-5.4211,55.3597],[-5.4345,55.4261],[-5.4211,55.4357],[-5.22,55.3795],[-5.1044,55.3739],[-5.0393,55.3966],[-4.9943,55.4452],[-4.994,55.4741],[-4.9671,55.5157],[-4.977,55.5472],[-5.0325,55.5964],[-5.051,55.6792],[-4.9484,55.6534],[-4.909,55.6112],[-4.81,55.5796],[-4.7979,55.5696],[-4.8243,55.5295],[-4.8169,55.5064],[-4.775,55.4723],[-4.8326,55.438],[-4.8673,55.3855],[-4.9252,55.3464],[-4.9375,55.3148],[-5.0032,55.2981],[-5.1477,55.3051],[-5.2073,55.2687],[-5.1983,55.2226],[-5.1128,55.1873],[-5.0798,55.15],[-5.1343,55.068],[-5.2296,55.0375],[-5.2703,54.9874],[-5.2692,54.9075],[-5.226,54.8394],[-5.0918,54.7512],[-5.0556,54.702],[-5.0599,54.6785],[-5.0345,54.635],[-4.97,54.6023],[-4.868,54.5835],[-4.7914,54.6006],[-4.7679,54.6312],[-4.7893,54.7038],[-4.8252,54.7303],[-4.8484,54.7801],[-4.828,54.7873],[-4.7584,54.7773],[-4.6726,54.7408],[-4.6358,54.7048],[-4.5457,54.6631],[-4.3893,54.6275],[-4.3039,54.656],[-4.2208,54.7329],[-4.0875,54.7138],[-3.9592,54.7204],[-3.7957,54.7724],[-3.6817,54.8293],[-3.5338,54.806],[-3.5282,54.774],[-3.5719,54.753],[-3.6604,54.6701],[-3.6687,54.5809],[-3.7135,54.5422],[-3.7245,54.5066],[-3.6954,54.4674],[-3.5145,54.3231],[-3.5008,54.2668],[-3.3614,54.146],[-3.3425,54.0828],[-3.2767,54.0169],[-3.1071,53.9779],[-3.1341,53.9267],[-3.1428,53.7779],[-3.1296,53.7388],[-3.0897,53.7074],[-3.1878,53.559],[-3.1837,53.5257],[-3.1381,53.4679],[-3.6078,53.3433],[-3.6639,53.3434],[-3.7491,53.3758],[-3.8698,53.3927],[-3.9219,53.382],[-3.9576,53.3557],[-4.0074,53.3709],[-4.144,53.3664],[-4.2371,53.4569],[-4.4507,53.4851],[-4.5176,53.4662],[-4.6558,53.4651],[-4.6962,53.4186],[-4.6523,53.3765],[-4.7169,53.3686],[-4.7731,53.3311],[-4.7836,53.3027],[-4.7504,53.2521],[-4.6553,53.2027],[-4.592,53.1896],[-4.5613,53.1494],[-4.4197,53.0744],[-4.5464,52.997],[-4.6116,52.9908],[-4.7877,52.8867],[-4.8846,52.767],[-4.8806,52.7314],[-4.8106,52.6955],[-4.608,52.7549],[-4.574,52.7353],[-4.5084,52.7297],[-4.4014,52.7687],[-4.3764,52.8066],[-4.3875,52.83],[-4.2265,52.8655],[-4.2163,52.8571],[-4.229,52.7929],[-4.1481,52.7156],[-4.1955,52.6547],[-4.2105,52.6093],[-4.1378,52.5074],[-4.1731,52.4097],[-4.2119,52.3501],[-4.2743,52.2969],[-4.4295,52.2542],[-4.5408,52.1936],[-4.7313,52.1769],[-4.7941,52.1496],[-4.8344,52.1046],[-4.8965,52.084],[-5.0996,52.0765],[-5.1491,52.0509],[-5.1911,52.0026],[-5.3507,51.9494],[-5.4326,51.9447],[-5.4716,51.9137],[-5.5162,51.8076],[-5.6034,51.7769],[-5.7021,51.7671],[-5.7476,51.7346],[-5.7435,51.7027],[-5.6704,51.6703],[-5.5879,51.6832],[-5.3588,51.6691],[-5.3073,51.6449],[-5.2362,51.6482],[-5.1515,51.6244],[-5.0856,51.5735],[-4.94,51.5469],[-4.8814,51.5547],[-4.8231,51.5902],[-4.6362,51.5898],[-4.5985,51.622],[-4.6036,51.6823],[-4.4422,51.683],[-4.3832,51.6448],[-4.4137,51.5671],[-4.3795,51.524],[-4.2084,51.4858],[-3.9327,51.5224],[-3.8915,51.5574],[-3.8421,51.5247],[-3.8149,51.4753],[-3.7722,51.4414],[-3.6549,51.402],[-3.6177,51.3675],[-3.5961,51.3169],[-3.6134,51.2929],[-3.6608,51.2762],[-3.8042,51.2946],[-4.1316,51.2622],[-4.2791,51.2274],[-4.4907,51.2258],[-4.6803,51.2524],[-4.734,51.2379],[-4.7562,51.2126],[-4.7531,51.1522],[-4.6139,51.0045],[-4.6479,50.9115],[-4.6371,50.8133],[-4.7208,50.7662],[-4.7445,50.7339],[-4.8183,50.7061],[-4.8448,50.6512],[-4.9591,50.639],[-5.0979,50.5807],[-5.1183,50.5484],[-5.1292,50.4719],[-5.2023,50.4407],[-5.2336,50.4014],[-5.2336,50.3791],[-5.2895,50.3538],[-5.3348,50.3076],[-5.4679,50.2685],[-5.5729,50.2611],[-5.7306,50.1998],[-5.7977,50.1349],[-5.8229,50.0775],[-5.8134,50.041],[-5.6744,49.985],[-5.5383,50.0086],[-5.4712,50.0524],[-5.3662,50.039],[-5.3007,49.9404],[-5.2387,49.9118],[-5.1674,49.9136],[-5.0439,49.9714],[-5.0009,50.0111],[-4.981,50.0458],[-4.9938,50.0859],[-4.8347,50.1735],[-4.742,50.1852],[-4.6805,50.2642],[-4.4382,50.2862],[-4.3713,50.3104],[-4.3093,50.3085],[-4.2849,50.28],[-4.2375,50.2623],[-4.1651,50.2709],[-4.0583,50.2446],[-3.9685,50.2485],[-3.9231,50.2038],[-3.8531,50.1709],[-3.6906,50.1558],[-3.5845,50.1872],[-3.5641,50.2129],[-3.5772,50.2517],[-3.5678,50.2728],[-3.4915,50.2953],[-3.4456,50.3275],[-3.4042,50.3977],[-3.4186,50.4289],[-3.4031,50.4705],[-3.4325,50.5049],[-3.3913,50.5554],[-3.309,50.5683],[-3.2005,50.6322],[-3.0876,50.6356],[-2.8915,50.6771],[-2.7847,50.6604],[-2.6376,50.6027],[-2.5344,50.5457],[-2.5359,50.5035],[-2.5168,50.4814],[-2.4537,50.4632],[-2.4067,50.4749],[-2.3492,50.519],[-2.345,50.5769],[-2.1804,50.5635],[-2.0605,50.5266],[-1.9436,50.5427],[-1.8816,50.5714],[-1.8495,50.6262],[-1.8534,50.6644],[-1.7429,50.6612],[-1.6805,50.686],[-1.638,50.6218],[-1.5223,50.6166],[-1.2985,50.525],[-1.1263,50.5636],[-1.0943,50.6153],[-1.0052,50.6553],[-0.992,50.7334],[-0.9108,50.721],[-0.834,50.6805],[-0.7775,50.6728],[-0.7343,50.6848],[-0.6807,50.7291],[-0.2236,50.7773],[0.2534,50.6851],[0.3057,50.6978],[0.4209,50.7781],[0.6928,50.8249],[0.7882,50.8777],[1.0116,50.8668],[1.0577,50.9014],[1.0439,50.9615],[1.0577,50.9926],[1.0983,51.0152],[1.3567,51.0648],[1.4621,51.1295],[1.4844,51.1698],[1.4688,51.2736],[1.5282,51.3662],[1.5228,51.3972],[1.4882,51.4278],[1.3813,51.4428],[1.0078,51.4132],[0.9487,51.4571],[0.8403,51.4789],[1.0284,51.5941],[1.0385,51.6166],[1.02,51.6505],[1.0328,51.7202],[1.1648,51.7296],[1.2922,51.7832],[1.3624,51.841],[1.3666,51.8911],[1.5314,52.0125],[1.6558,52.0695],[1.7015,52.1755],[1.7137,52.2674],[1.7551,52.3015],[1.8445,52.4798],[1.8184,52.5471],[1.8267,52.6323],[1.7691,52.7482],[1.6481,52.8361],[1.3469,52.9749],[0.9934,53.0292],[0.6544,53.0369],[0.4532,53.1363],[0.397,53.2897],[0.2512,53.4898],[0.1847,53.538],[0.23,53.5946],[0.2019,53.6721],[-0.0499,53.8899],[-0.1239,54.0036],[-0.1258,54.0447],[-0.0121,54.082],[0.0045,54.1005],[0.0013,54.1367],[-0.0497,54.1711],[-0.1769,54.2042],[-0.1957,54.2452],[-0.2989,54.2865],[-0.3855,54.4094],[-0.5165,54.5189],[-0.7278,54.5993],[-0.9602,54.638],[-1.0568,54.6704],[-1.1143,54.7329],[-1.2206,54.789],[-1.2355,54.8459],[-1.2681,54.8847],[-1.2713,54.9739],[-1.3958,55.1119],[-1.4269,55.1577],[-1.4118,55.1874],[-1.419,55.2118],[-1.4789,55.2729],[-1.4493,55.3343],[-1.4623,55.3619],[-1.5037,55.3827],[-1.4883,55.4377],[-1.5056,55.5038],[-1.5555,55.5936],[-1.5182,55.6412],[-1.5278,55.6651],[-1.587,55.6945],[-1.6846,55.6792],[-1.7265,55.7259],[-1.8826,55.7602],[-1.9691,55.8449],[-1.9931,55.8901],[-2.0841,55.9562],[-2.2003,55.9806],[-2.2965,55.981],[-2.409,56.0335],[-2.5366,56.0665],[-2.5502,56.1157],[-2.4696,56.1539],[-2.4551,56.1828],[-2.4739,56.212],[-2.5189,56.2361],[-2.4973,56.2888],[-2.6124,56.3606],[-2.7235,56.3795],[-2.7119,56.417],[-2.4424,56.5564],[-2.3942,56.6059],[-2.3933,56.64],[-2.3541,56.6719],[-2.3529,56.7185],[-2.2445,56.7708],[-2.13,56.8636],[-2.087,56.9775],[-1.9609,57.1137],[-1.9582,57.1531],[-1.981,57.1749],[-1.9575,57.2241],[-1.9014,57.2901],[-1.7754,57.3585],[-1.6813,57.4582],[-1.6774,57.5196],[-1.7345,57.589],[-1.7354,57.6277],[-1.8541,57.7096],[-1.9909,57.7483],[-2.1253,57.7509],[-2.2093,57.7296],[-2.318,57.7449],[-2.4011,57.7213],[-2.5181,57.7223],[-2.8406,57.7568],[-2.95,57.7453],[-3.0359,57.7172],[-3.2524,57.7724],[-3.3456,57.78],[-3.6214,57.7298],[-3.6955,57.754],[-3.7244,57.7826],[-3.6794,57.8743],[-3.7937,57.9564],[-3.7316,58.0094],[-3.4621,58.1173],[-3.312,58.2237],[-3.1345,58.2658],[-3.0168,58.3427],[-2.942,58.4564],[-2.95,58.4891],[-2.9903,58.5232],[-2.9369,58.5804],[-2.9248,58.6279],[-2.8509,58.6416],[-2.8105,58.6717],[-2.81,58.773],[-2.7742,58.8185],[-2.7476,58.8423],[-2.6533,58.8366],[-2.5698,58.8742],[-2.5518,58.9154],[-2.5914,58.96],[-2.4908,58.9841],[-2.4555,59.0152],[-2.4289,59.0748],[-2.4249,59.1088],[-2.4663,59.1671],[-2.42,59.1866],[-2.3918,59.2191],[-2.3196,59.2262],[-2.2674,59.2589],[-2.2723,59.3],[-2.3092,59.3257],[-2.26,59.3759],[-2.2876,59.426],[-2.3554,59.4551],[-2.4294,59.453],[-2.5178,59.4218],[-2.5603,59.3782],[-2.6872,59.3528],[-2.7536,59.3222],[-2.7718,59.4046],[-2.8585,59.4414],[-2.9224,59.438],[-3.146,59.3712],[-3.1767,59.3321],[-3.1251,59.2479],[-3.2047,59.2102],[-3.3985,59.1816],[-3.4434,59.1461],[-3.4747,58.995],[-3.464,58.9682],[-3.5194,58.9329],[-3.5434,58.8741],[-3.5263,58.8449],[-3.4721,58.8197],[-3.3624,58.7307],[-3.4542,58.7137],[-3.5088,58.6802],[-3.6809,58.6771],[-3.8104,58.6309],[-3.8753,58.6236],[-3.967,58.6545],[-4.039,58.6599],[-4.1321,58.6248],[-4.2576,58.6052],[-4.4085,58.613],[-4.4947,58.6354],[-4.6674,58.6316],[-4.7332,58.6579],[-4.9847,58.6821],[-5.0823,58.6664],[-5.1245,58.6054],[-5.1818,58.5944],[-5.221,58.5687],[-5.2522,58.4392],[-5.3125,58.3834],[-5.2894,58.3338],[-5.3178,58.3154],[-5.419,58.3184],[-5.4956,58.2771],[-5.5093,58.2416],[-5.4994,58.2182],[-5.4211,58.1631],[-5.5301,58.1204],[-5.5677,58.0337],[-5.6155,57.9756],[-5.675,57.9642],[-5.7297,57.9248],[-5.8564,57.9048],[-5.9,57.8777],[-5.9094,57.8282],[-5.8958,57.79],[-5.9157,57.7249],[-5.8844,57.6934],[-5.9104,57.6535],[-5.909,57.6259]]]]},"properties":{"id":"Q161885","names":{"af":"Koninkryk van Groot-Brittanje","an":"Reino de Gran Bretanya","ar":"مملكة بريطانيا العظمى","az":"Böyük Britaniya krallığı","be":"Каралеўства Вялікабрытанія","bg":"Кралство Великобритания","bn":"গ্রেট ব্রিটেন রাজ্য","br":"Rouantelezh Breizh-Veur","bs":"Kraljevina Velika Britanija","ca":"Regne de la Gran Bretanya","cs":"Království Velké Británie","cy":"Teyrnas Prydain Fawr","da":"Kongeriget Storbritannien","de":"Königreich Großbritannien","el":"Βασίλειο της Μεγάλης Βρετανίας","en":"Kingdom of Great Britain","eo":"Reĝlando de Granda Britio","es":"Reino de Gran Bretaña","et":"Suurbritannia kuningriik","eu":"Britainia Handiko Erresuma","fa":"پادشاهی بریتانیای کبیر","fi":"Ison-Britannian kuningaskunta","fr":"Grande-Bretagne","fy":"Keninkryk Grut-Brittanje","ga":"Ríocht na Breataine Móire","gl":"Reino de Gran Bretaña","gv":"Reeriaght y Vretyn Vooar","he":"ממלכת בריטניה הגדולה","hi":"ग्रेट ब्रिटेन राजशाही","hr":"Kraljevstvo Velike Britanije","ht":"Grann Bretay","hu":"Nagy-Britannia Királysága","hy":"Մեծ Բրիտանիայի թագավորություն","id":"Kerajaan Britania Raya","is":"Konungsríkið Stóra-Bretland","it":"Regno di Gran Bretagna","ja":"グレートブリテン王国","ka":"დიდი ბრიტანეთის სამეფო","kk":"Ұлыбритания Патшалығы","ko":"그레이트브리튼 왕국","lo":"ລາຊະອານາຈັກບຣິເຕນໃຫຍ່","lv":"Lielbritānijas Karaliste","mk":"Кралство Велика Британија","mr":"ग्रेट ब्रिटनचे राजतंत्र","ms":"Kerajaan Great Britain","nb":"Kongeriket Storbritannia","nl":"Koninkrijk Groot-Brittannië","pa":"ਗਰੇਟ ਬ੍ਰਿਟੇਨ ਦੀ ਬਾਦਸ਼ਾਹੀ","pdt":"Kjennichrikj von Enjlaunt","pl":"Królestwo Wielkiej Brytanii","ps":"د لويې بريتانيا پاچاهي","pt":"Reino da Grã-Bretanha","ro":"Regatul Marii Britanii","ru":"Королевство Великобритания","sd":"عظيم برطانيا جي بادشاهت","sk":"Kráľovstvo Veľkej Británie","sl":"Kraljevina Velika Britanija","sq":"Mbretëria e Britanisë së Madhe","sr":"Краљевство Велика Британија","sv":"Kungariket Storbritannien","ta":"பெரிய பிரித்தானிய இராச்சியம்","tg":"Подшоҳии Бритониёи Кабир","th":"ราชอาณาจักรบริเตนใหญ่","tl":"Kaharian ng Gran Britanya","tr":"Büyük Britanya Krallığı","uk":"Королівство Великої Британії","ur":"مملکت برطانیہ عظمی","vi":"Vương quốc Đại Anh","yo":"Ìlú-ọba Brítánì Olókìkí","zh":"大不列顛王國"},"from":1707.3333333333333,"to":1800.997311827957,"wikidata":"Q161885","adminLevel":2,"source":"OpenHistoricalMap","sourceUrl":"https://www.openhistoricalmap.org"}},{"type":"Feature","geometry":{"type":"Polygon","coordinates":[[[1.7257,42.5047],[1.7385,42.5536],[1.7867,42.5745],[1.7309,42.5878],[1.7384,42.6119],[1.6022,42.6255],[1.5543,42.6537],[1.4802,42.6512],[1.4775,42.6146],[1.4332,42.5897],[1.4439,42.5696],[1.4154,42.5411],[1.4457,42.5416],[1.4642,42.5171],[1.423,42.489],[1.4524,42.437],[1.5116,42.4291],[1.5525,42.4329],[1.5657,42.4588],[1.6503,42.4671],[1.6687,42.5028],[1.7094,42.4916],[1.7257,42.5047]]]},"properties":{"id":"Q228","names":{"ab":"Андорра","am":"አንዶራ","ar":"أندورا","av":"Андор","ba":"Андорра","be":"Андора","bg":"Андора","bh":"अंडोरा","bn":"অ্যান্ডোরা","bo":"ཨན་ཌོར་ར།","bs":"Andora","ce":"Андорра","cu":"Андора","cv":"Андорра","de":"Andorra","dv":"އެންޑޯރާ","el":"Ανδόρρα","en":"Andorra","eo":"Andoro","fa":"آندورا","ff":"Anndoora","fr":"Andorre","ga":"Andóra","gn":"Andórra","gu":"એન્ડોરા","he":"אנדורה","hi":"अण्डोरा","hr":"Andora","ht":"Andò","hy":"Անդորրա","io":"Andora","it":"Andorra","ja":"アンドラ","ka":"ანდორა","kg":"Andora","kk":"Андорра","km":"អង់ដូរ៉ា","kn":"ಅಂಡೋರ","ko":"안도라","kv":"Андорра","ky":"Андорра","ln":"Andora","lo":"ປະເທດອັງໂດລາ","lt":"Andora","lv":"Andora","mg":"Andôra","mi":"Ānatōra","mk":"Андора","ml":"അൻഡോറ","mn":"Андорра","mr":"आंदोरा","my":"အင်ဒိုရာနိုင်ငံ","ne":"एन्डोरा","oc":"Andòrra","om":"Andooraa","or":"ଆଣ୍ଡୋରା","os":"Андоррæ","pa":"ਅੰਡੋਰਾ","pl":"Andora","ps":"اندورا","qu":"Anthura","ru":"Андорра","rw":"Andora","sa":"अण्डोरा","sd":"انڊورا","sg":"Andôro","si":"ඇන්ඩෝරාව","sl":"Andora","sm":"Anatora","sn":"Andora","sr":"Андора","ss":"IYandola","ta":"அந்தோரா","te":"అండొర్రా","tg":"Андорра","th":"ประเทศอันดอร์รา","to":"ʻAnitola","tt":"Андорра","ug":"ئاندوررا","uk":"Андорра","ur":"انڈورا","vo":"Landorän","wa":"Andôre","wo":"Andoor","yi":"אנדארע","yo":"Àndórà","zh":"安道尔","zu":"I-Andora"},"from":1278,"to":null,"wikidata":"Q228","adminLevel":2,"source":"OpenHistoricalMap","sourceUrl":"https://www.openhistoricalmap.org"}},{"type":"Feature","geometry":{"type":"MultiPolygon","coordinates":[[[[32.7769,34.604],[32.8519,34.6136],[32.8749,34.5856],[32.8748,34.5504],[32.9162,34.5179],[33.0393,34.5136],[33.0942,34.5522],[33.0727,34.6212],[33.0923,34.6483],[33.1519,34.6667],[33.3406,34.675],[33.5219,34.7391],[33.5715,34.7736],[33.6317,34.779],[33.6893,34.8523],[33.692,34.9016],[33.7118,34.9356],[33.7938,34.9292],[33.8492,34.9001],[33.9659,34.9394],[34.0516,34.917],[34.1178,34.9215],[34.1407,34.958],[34.1288,35.0013],[33.9616,35.1856],[33.9563,35.236],[33.983,35.2755],[34.0927,35.2911],[34.173,35.3857],[34.3136,35.4435],[34.4505,35.5296],[34.4751,35.5689],[34.5996,35.6099],[34.6581,35.6987],[34.6523,35.7303],[34.6029,35.7518],[34.424,35.697],[34.3121,35.655],[34.2786,35.6244],[34.1576,35.6025],[34.092,35.5429],[33.9585,35.4902],[33.842,35.4561],[33.7577,35.4552],[33.62,35.4002],[33.3569,35.3791],[33.1221,35.4113],[33.0747,35.3983],[32.9079,35.4452],[32.87,35.4172],[32.884,35.2822],[32.8579,35.2062],[32.8333,35.1926],[32.6842,35.2358],[32.6069,35.2341],[32.5156,35.2075],[32.4439,35.1085],[32.4021,35.0855],[32.3146,35.1419],[32.2442,35.1348],[32.2167,35.0759],[32.2244,35.0255],[32.2559,34.9869],[32.2486,34.9519],[32.2641,34.8916],[32.3002,34.837],[32.3337,34.8152],[32.3551,34.7311],[32.4721,34.6631],[32.6866,34.5994],[32.7769,34.604]]],[[[11.3528,34.7064],[11.3969,34.7184],[11.4166,34.7517],[11.3886,34.801],[11.3888,34.8375],[11.3417,34.8748],[11.2509,34.8814],[11.2061,34.868],[11.0741,34.725],[10.9497,34.705],[10.9131,34.6587],[10.9363,34.6172],[10.9983,34.5856],[11.063,34.5756],[11.3528,34.7064]]],[[[11.1003,35.7873],[11.0785,35.8395],[11.0151,35.8529],[10.9704,35.8253],[10.9492,35.7515],[10.9791,35.7241],[11.0241,35.7219],[11.1003,35.7873]]],[[[9.0097,37.507],[9.0113,37.5756],[8.9912,37.5976],[8.9476,37.6066],[8.8633,37.5595],[8.8262,37.5241],[8.8148,37.4895],[8.8376,37.4586],[8.8812,37.4495],[8.9778,37.4762],[9.0097,37.507]]],[[[10.1802,37.3446],[10.1741,37.3801],[10.1381,37.4018],[10.0935,37.3969],[10.0662,37.3684],[10.0724,37.3329],[10.1083,37.3112],[10.153,37.3161],[10.1802,37.3446]]],[[[51.655,24.7283],[51.6578,24.7666],[51.6301,24.7955],[51.5879,24.7981],[51.5561,24.7729],[51.5532,24.7346],[51.581,24.7057],[51.6231,24.7031],[51.655,24.7283]]],[[[50.4468,26.3112],[50.4048,26.2793],[50.387,26.2429],[50.3904,26.1503],[50.4295,26.0618],[50.4007,25.9895],[50.4051,25.9422],[50.4674,25.8892],[50.5147,25.7691],[50.5781,25.7534],[50.6289,25.7868],[50.6652,25.8722],[50.6828,25.9485],[50.6845,26.0975],[50.7435,26.2078],[50.7395,26.2646],[50.7148,26.326],[50.6696,26.3553],[50.6005,26.3545],[50.5401,26.3076],[50.4468,26.3112]]],[[[50.4423,26.4363],[50.4228,26.4169],[50.42,26.3792],[50.458,26.3474],[50.5086,26.358],[50.5509,26.4191],[50.5374,26.4549],[50.5102,26.47],[50.4683,26.4651],[50.4423,26.4363]]],[[[50.005,27.1771],[50.0077,27.2145],[49.9799,27.2427],[49.928,27.2412],[49.9023,27.2114],[49.9078,27.1742],[49.9413,27.1514],[49.9732,27.1523],[50.005,27.1771]]],[[[49.9483,27.3492],[49.9476,27.3972],[49.9142,27.42],[49.8636,27.4095],[49.8394,27.3689],[49.853,27.3334],[49.8801,27.3184],[49.922,27.3233],[49.9483,27.3492]]],[[[50.2219,27.9729],[50.2247,28.01],[50.1969,28.038],[50.1449,28.0365],[50.1193,28.007],[50.1248,27.9701],[50.1582,27.9474],[50.1902,27.9483],[50.2219,27.9729]]],[[[50.2254,27.7565],[50.2281,27.7937],[50.2003,27.8218],[50.1484,27.8203],[50.1227,27.7907],[50.1282,27.7536],[50.1617,27.7309],[50.1937,27.7318],[50.2254,27.7565]]],[[[49.7823,27.7525],[49.7653,27.7284],[49.7748,27.6786],[49.7639,27.6425],[49.7942,27.6051],[49.8363,27.6026],[49.8718,27.6362],[49.8663,27.6733],[49.8866,27.7309],[49.8462,27.7717],[49.7823,27.7525]]],[[[48.7014,28.6572],[48.7041,28.6941],[48.6763,28.7219],[48.6244,28.7204],[48.5987,28.6911],[48.6042,28.6544],[48.6377,28.6318],[48.6696,28.6327],[48.7014,28.6572]]],[[[48.5417,29.0517],[48.5445,29.0885],[48.5167,29.1162],[48.4647,29.1147],[48.439,29.0854],[48.4445,29.0489],[48.478,29.0264],[48.51,29.0273],[48.5417,29.0517]]],[[[42.6889,14.0866],[42.6345,14.0447],[42.6227,14.0085],[42.6696,13.9226],[42.664,13.8686],[42.6939,13.8441],[42.7236,13.8437],[42.7357,13.8179],[42.6689,13.7714],[42.618,13.687],[42.6165,13.6551],[42.6785,13.5746],[42.7261,13.5598],[42.785,13.5933],[42.7914,13.6586],[42.8379,13.6719],[42.8631,13.701],[42.8321,13.8194],[42.8702,13.8803],[42.8386,13.9218],[42.83,13.963],[42.8441,14.0336],[42.8714,14.0745],[42.8453,14.1234],[42.7624,14.1419],[42.7248,14.1314],[42.6889,14.0866]]],[[[42.2178,14.9895],[42.2486,15.0454],[42.2343,15.0943],[42.1705,15.1397],[42.1679,15.1873],[42.1435,15.2168],[42.1069,15.2273],[42.0794,15.2167],[42.0502,15.1618],[42.0528,15.1183],[42.0982,15.0507],[42.1064,14.9957],[42.1612,14.9614],[42.2178,14.9895]]],[[[41.9022,15.5264],[41.8934,15.5837],[41.8533,15.6055],[41.7966,15.5945],[41.7632,15.5409],[41.7802,15.4953],[41.8213,15.4735],[41.8813,15.4939],[41.9022,15.5264]]],[[[42.6918,16.4152],[42.6849,16.4547],[42.6508,16.4779],[42.6096,16.4712],[42.5854,16.4386],[42.5924,16.399],[42.6264,16.3758],[42.6676,16.3825],[42.6918,16.4152]]],[[[42.7221,16.1594],[42.7151,16.199],[42.681,16.2223],[42.6398,16.2156],[42.6156,16.1829],[42.6226,16.1433],[42.6566,16.12],[42.6978,16.1267],[42.7221,16.1594]]],[[[42.0176,16.3416],[41.98,16.3719],[41.9305,16.3632],[41.9063,16.3305],[41.9147,16.2765],[41.9597,16.2506],[42.0009,16.2573],[42.0285,16.2972],[42.0176,16.3416]]],[[[41.8513,16.4299],[41.8656,16.3883],[41.9037,16.3719],[41.9428,16.3861],[41.9599,16.4227],[41.9248,16.5028],[41.8801,16.5273],[41.841,16.513],[41.8253,16.4866],[41.8275,16.4563],[41.8513,16.4299]]],[[[41.5749,16.632],[41.6198,16.6327],[41.6449,16.6513],[41.6542,16.6903],[41.632,16.7242],[41.5735,16.7351],[41.5381,16.7138],[41.5315,16.6649],[41.5749,16.632]]],[[[42.3173,16.4265],[42.314,16.4422],[42.354,16.485],[42.347,16.5245],[42.4083,16.5595],[42.4047,16.6087],[42.3528,16.6451],[42.3116,16.6384],[42.285,16.6755],[42.3115,16.7069],[42.3127,16.7469],[42.2143,16.8504],[42.1843,16.8601],[42.1319,16.8485],[42.0887,16.8898],[41.9985,16.9337],[42.0243,17.055],[41.9345,17.151],[41.8658,17.138],[41.85,17.1118],[41.857,17.0724],[41.833,17.0668],[41.7903,17.1116],[41.7259,17.1167],[41.6818,17.0691],[41.6408,17.0708],[41.6054,17.0496],[41.5919,16.9939],[41.6042,16.946],[41.546,16.9394],[41.5156,16.912],[41.4868,16.9383],[41.4554,16.9421],[41.4146,16.912],[41.4134,16.872],[41.4523,16.8397],[41.4546,16.7892],[41.4833,16.7601],[41.5732,16.7728],[41.6349,16.7635],[41.6756,16.7937],[41.7001,16.7588],[41.6797,16.7248],[41.6812,16.636],[41.708,16.5676],[41.7319,16.5477],[41.7832,16.5511],[41.8088,16.5939],[41.8368,16.6038],[41.9741,16.5412],[42.0103,16.4942],[42.0555,16.4759],[42.0945,16.4902],[42.1253,16.5524],[42.1602,16.5339],[42.2013,16.5405],[42.2024,16.4853],[42.1824,16.426],[42.2247,16.3718],[42.1694,16.3645],[42.1444,16.3459],[42.1329,16.3065],[42.144,16.2633],[42.1829,16.2308],[42.255,16.2494],[42.3139,16.2318],[42.3074,16.1974],[42.2426,16.1738],[42.2408,16.1156],[42.2647,16.0956],[42.3528,16.0792],[42.3911,16.0481],[42.4328,16.0469],[42.4748,16.107],[42.4665,16.1364],[42.4325,16.1596],[42.4301,16.2347],[42.4726,16.2091],[42.5255,16.2151],[42.571,16.2636],[42.622,16.2885],[42.6285,16.3375],[42.5998,16.3666],[42.5455,16.3796],[42.5348,16.451],[42.4496,16.4898],[42.3622,16.4564],[42.3458,16.4096],[42.3173,16.4265]]],[[[42.5047,16.7081],[42.5045,16.6525],[42.5598,16.6287],[42.6005,16.6589],[42.6155,16.7265],[42.5933,16.7604],[42.5526,16.7693],[42.5172,16.748],[42.5047,16.7081]]],[[[41.3762,18.221],[41.3693,18.2602],[41.3352,18.2831],[41.294,18.2765],[41.2698,18.2442],[41.2768,18.2051],[41.3108,18.1821],[41.352,18.1887],[41.3762,18.221]]],[[[41.2209,18.3621],[41.2471,18.3379],[41.2786,18.3341],[41.3069,18.3475],[41.324,18.3837],[41.3092,18.4207],[41.2209,18.4786],[41.1819,18.4645],[41.1648,18.4283],[41.1886,18.3776],[41.2209,18.3621]]],[[[40.7938,18.4211],[40.7433,18.3905],[40.7565,18.3242],[40.7165,18.3234],[40.6861,18.2962],[40.6704,18.2099],[40.7019,18.1713],[40.7533,18.1747],[40.7997,18.2368],[40.809,18.2755],[40.7871,18.3089],[40.8451,18.331],[40.8595,18.2903],[40.8338,18.2491],[40.836,18.219],[40.8647,18.1902],[40.8961,18.1864],[40.9368,18.2163],[40.9267,18.2731],[40.949,18.3046],[41.0019,18.3054],[41.0357,18.3423],[41.0335,18.3723],[41.0048,18.4011],[40.963,18.4023],[40.9215,18.3731],[40.8905,18.377],[40.8891,18.4093],[40.8604,18.4381],[40.829,18.4419],[40.7938,18.4211]]],[[[40.7174,18.5022],[40.7104,18.5413],[40.6764,18.5642],[40.6352,18.5576],[40.611,18.5254],[40.6179,18.4863],[40.652,18.4633],[40.6932,18.4699],[40.7174,18.5022]]],[[[40.8798,18.6484],[40.8582,18.7021],[40.8175,18.7109],[40.7891,18.6975],[40.7552,18.6009],[40.7621,18.5618],[40.8068,18.5376],[40.8458,18.5517],[40.8798,18.6484]]],[[[41.0229,18.5328],[41.0034,18.4791],[41.0248,18.4182],[41.0588,18.3953],[41.1,18.4019],[41.1428,18.471],[41.1179,18.6185],[41.0741,18.6538],[41.0681,18.6956],[41.0293,18.7276],[41.0132,18.7838],[40.9644,18.7993],[40.929,18.7783],[40.9197,18.7397],[40.9613,18.698],[40.9661,18.6587],[40.9948,18.6299],[40.9994,18.5588],[41.0229,18.5328]]],[[[40.9371,18.8808],[40.9302,18.9198],[40.8961,18.9427],[40.8549,18.9361],[40.8307,18.9039],[40.8377,18.8649],[40.8717,18.842],[40.9129,18.8486],[40.9371,18.8808]]],[[[40.794,18.8831],[40.787,18.922],[40.7529,18.9449],[40.7117,18.9383],[40.6875,18.9061],[40.6945,18.8671],[40.7285,18.8442],[40.7697,18.8508],[40.794,18.8831]]],[[[40.4712,18.7921],[40.4643,18.8311],[40.4302,18.854],[40.389,18.8474],[40.3648,18.8152],[40.3718,18.7762],[40.4058,18.7532],[40.447,18.7598],[40.4712,18.7921]]],[[[40.095,19.9278],[40.1339,19.8956],[40.1906,19.9159],[40.1986,19.9722],[40.1619,20.0248],[40.1212,20.0336],[40.0769,20.0108],[40.0676,19.9725],[40.095,19.9278]]],[[[38.9029,22.5118],[38.8629,22.491],[38.8564,22.4438],[38.9015,22.4081],[38.9433,22.407],[38.9737,22.4335],[38.9749,22.4721],[38.95,22.5048],[38.9029,22.5118]]],[[[35.2115,27.6459],[35.2452,27.6089],[35.2884,27.5963],[35.3291,27.6145],[35.3433,27.6528],[35.3022,27.7113],[35.2589,27.7239],[35.2116,27.6973],[35.2115,27.6459]]],[[[35.0646,27.8602],[35.0441,27.8349],[35.0433,27.8043],[35.0982,27.7451],[35.1765,27.7337],[35.2238,27.7604],[35.2314,27.7902],[35.2189,27.8187],[35.1078,27.8706],[35.1236,27.9266],[35.0735,27.9647],[35.0296,27.9539],[35.0072,27.9189],[35.0194,27.8801],[35.0646,27.8602]]],[[[34.9647,27.9268],[34.9525,27.9655],[34.9128,27.9853],[34.869,27.9745],[34.8466,27.9395],[34.8588,27.9008],[34.8984,27.881],[34.9423,27.8917],[34.9647,27.9268]]],[[[34.8199,26.2654],[34.8558,26.2489],[34.8996,26.2598],[34.922,26.2953],[34.9161,26.3258],[34.8631,26.3643],[34.8079,26.3556],[34.7852,26.3097],[34.8199,26.2654]]],[[[36.2542,23.6039],[36.242,23.6441],[36.2024,23.6647],[36.1585,23.6535],[36.1361,23.6172],[36.1483,23.577],[36.1879,23.5564],[36.2318,23.5676],[36.2542,23.6039]]],[[[35.7048,23.7547],[35.6702,23.7703],[35.6263,23.7591],[35.6039,23.7228],[35.6161,23.6826],[35.6949,23.6464],[35.7388,23.6576],[35.7594,23.7151],[35.7409,23.7418],[35.7048,23.7547]]],[[[26.8424,35.4847],[26.8071,35.4739],[26.7816,35.4446],[26.7928,35.4002],[26.7701,35.3642],[26.7845,35.3309],[26.8615,35.2977],[26.9039,35.2995],[26.9619,35.3275],[27.0669,35.4021],[27.1212,35.3558],[27.17,35.3612],[27.2262,35.4277],[27.2773,35.4533],[27.2913,35.5114],[27.2484,35.597],[27.2156,35.6281],[27.2699,35.7218],[27.2932,35.8497],[27.2782,35.9323],[27.2127,35.9471],[27.1431,35.8874],[27.1384,35.841],[27.1104,35.8108],[27.1047,35.7426],[27.0591,35.6613],[27.0015,35.603],[27.0518,35.5245],[27.0525,35.4872],[27.0374,35.4727],[26.959,35.47],[26.9208,35.4975],[26.8424,35.4847]]],[[[27.6314,36.1602],[27.6707,36.0846],[27.7064,36.0697],[27.7029,36.0228],[27.6652,35.9401],[27.7049,35.8532],[27.7613,35.8334],[27.8245,35.8528],[27.9029,35.8987],[27.9816,36.0059],[28.0235,36.0274],[28.1023,36.0127],[28.1346,36.0349],[28.1529,36.1079],[28.1388,36.1336],[28.183,36.1641],[28.2262,36.2368],[28.2315,36.2769],[28.2954,36.3692],[28.2882,36.4636],[28.2474,36.495],[28.2087,36.5],[28.1635,36.4667],[28.0957,36.4584],[27.8911,36.38],[27.7792,36.3075],[27.6973,36.327],[27.6115,36.2895],[27.5051,36.2797],[27.4725,36.2592],[27.4643,36.2151],[27.4929,36.1697],[27.6381,36.1742],[27.6314,36.1602]]],[[[27.3718,36.3357],[27.48,36.321],[27.5152,36.3524],[27.5215,36.3904],[27.4852,36.4412],[27.3877,36.5177],[27.2533,36.5195],[27.2296,36.481],[27.2425,36.4102],[27.3718,36.3357]]],[[[26.9643,36.454],[27.0301,36.4891],[27.0339,36.5184],[27.0164,36.5409],[26.9487,36.5467],[26.9153,36.5216],[26.9154,36.4743],[26.9643,36.454]]],[[[26.7914,35.931],[26.7601,35.8873],[26.7803,35.8473],[26.827,35.8298],[26.872,35.8513],[26.8809,35.8751],[26.8664,35.9204],[26.8327,35.9364],[26.7914,35.931]]],[[[26.4764,35.8811],[26.5118,35.8741],[26.555,35.891],[26.5704,35.9177],[26.5584,35.9553],[26.5171,35.975],[26.4616,35.9586],[26.4476,35.9121],[26.4764,35.8811]]],[[[26.5218,35.8349],[26.4953,35.8632],[26.4531,35.8712],[26.4098,35.851],[26.3976,35.8175],[26.4175,35.7885],[26.4729,35.7784],[26.5113,35.7973],[26.5218,35.8349]]],[[[26.1866,35.8223],[26.2555,35.8191],[26.2889,35.8498],[26.2859,35.8848],[26.2375,35.9089],[26.1914,35.8954],[26.1684,35.857],[26.1866,35.8223]]],[[[26.3484,36.1086],[26.3375,36.0743],[26.3639,36.022],[26.4038,36.0018],[26.4522,36.0168],[26.4646,36.0432],[26.4419,36.1091],[26.3908,36.1263],[26.3484,36.1086]]],[[[26.6269,36.3033],[26.7369,36.2398],[26.7818,36.2487],[26.8154,36.2915],[26.7895,36.3372],[26.7526,36.3451],[26.709,36.397],[26.6735,36.4041],[26.6773,36.4258],[26.6565,36.4567],[26.5761,36.4594],[26.5462,36.4366],[26.5422,36.4108],[26.5579,36.3871],[26.6003,36.3746],[26.6269,36.3033]]],[[[26.3991,36.4753],[26.4188,36.4982],[26.4622,36.4833],[26.498,36.4917],[26.5297,36.5242],[26.5098,36.6177],[26.4184,36.6821],[26.3578,36.6849],[26.301,36.6424],[26.2489,36.6384],[26.188,36.5949],[26.1273,36.6025],[26.0816,36.5694],[26.0947,36.5095],[26.1291,36.4854],[26.163,36.4863],[26.1963,36.5138],[26.3123,36.4653],[26.3991,36.4753]]],[[[26.4175,37.0523],[26.3357,37.0298],[26.2483,37.0271],[26.2186,36.9995],[26.2173,36.9651],[26.2417,36.938],[26.2904,36.9271],[26.3711,36.9504],[26.5172,36.9584],[26.5426,36.976],[26.5506,37.0017],[26.5257,37.0404],[26.4667,37.0659],[26.4175,37.0523]]],[[[27.0314,37.312],[27.0289,37.2697],[27.0595,37.2382],[27.1145,37.2363],[27.1544,37.2675],[27.1461,37.3227],[27.1083,37.3471],[27.059,37.3419],[27.0314,37.312]]],[[[26.878,37.4558],[26.9406,37.3937],[26.9888,37.3845],[27.0302,37.4048],[27.0625,37.4696],[27.0321,37.5155],[26.9535,37.5273],[26.8884,37.5055],[26.8728,37.4815],[26.878,37.4558]]],[[[25.459,38.5672],[25.4494,38.5161],[25.5216,38.4784],[25.6499,38.5065],[25.6736,38.5925],[25.6218,38.6426],[25.5651,38.6518],[25.4942,38.6275],[25.459,38.5672]]],[[[25.4871,40.5364],[25.4088,40.5012],[25.3961,40.4643],[25.4263,40.4266],[25.5306,40.3618],[25.6183,40.3557],[25.7458,40.4067],[25.7482,40.4811],[25.6761,40.5313],[25.5577,40.5504],[25.4871,40.5364]]],[[[25.8056,40.253],[25.7572,40.2448],[25.6316,40.1811],[25.6147,40.1508],[25.6164,40.108],[25.7366,40.05],[25.9849,40.0863],[26.0649,40.1371],[26.0616,40.1814],[26.0278,40.2027],[26.0213,40.2388],[25.9615,40.2794],[25.8056,40.253]]],[[[25.0894,39.7866],[25.1599,39.7578],[25.3832,39.7478],[25.4254,39.8091],[25.4132,39.8667],[25.4468,39.9291],[25.4958,39.9743],[25.4926,40.0559],[25.4401,40.0768],[25.3418,40.0538],[25.3129,40.0233],[25.1328,40.0668],[25.0701,40.0328],[25.0026,40.0192],[24.9825,39.9842],[25.0067,39.9071],[24.9942,39.8255],[25.0247,39.7957],[25.0894,39.7866]]],[[[25.0202,39.6017],[24.9582,39.5887],[24.9244,39.5371],[24.9219,39.4736],[24.9685,39.4231],[25.022,39.4311],[25.1067,39.5142],[25.0972,39.558],[25.0202,39.6017]]],[[[24.3849,39.3737],[24.3551,39.4064],[24.3118,39.4083],[24.2793,39.3924],[24.2593,39.3323],[24.2854,39.2992],[24.3432,39.2926],[24.3765,39.32],[24.3849,39.3737]]],[[[24.0784,39.1403],[24.0497,39.1205],[24.04,39.0765],[24.0086,39.0472],[24.0093,39.0208],[24.0431,38.993],[24.0743,38.992],[24.155,39.0283],[24.1792,39.0585],[24.1549,39.1331],[24.0784,39.1403]]],[[[24.5296,38.7304],[24.5852,38.7093],[24.6435,38.7085],[24.7198,38.7438],[24.737,38.8019],[24.7043,38.8525],[24.6286,38.9008],[24.62,38.9526],[24.5555,38.9889],[24.4972,39.0553],[24.4519,39.0612],[24.4171,39.0374],[24.4013,38.918],[24.3786,38.8862],[24.339,38.8899],[24.3106,38.8748],[24.2894,38.8305],[24.3232,38.7928],[24.4377,38.7801],[24.5296,38.7304]]],[[[25.3366,38.1293],[25.3629,38.1721],[25.3322,38.2118],[25.2731,38.2138],[25.23,38.1777],[25.2327,38.14],[25.2573,38.119],[25.3048,38.1137],[25.3366,38.1293]]],[[[25.806,36.2272],[25.9069,36.2274],[25.9397,36.2491],[25.9468,36.2895],[25.8893,36.3175],[25.9092,36.3406],[25.8991,36.3843],[25.7942,36.442],[25.7469,36.4448],[25.6867,36.3958],[25.6759,36.3558],[25.7011,36.3224],[25.7456,36.3056],[25.806,36.2272]]],[[[25.1585,36.2823],[25.1434,36.2375],[25.1777,36.1994],[25.2325,36.1917],[25.2654,36.218],[25.2678,36.2459],[25.2368,36.2931],[25.1867,36.2999],[25.1585,36.2823]]],[[[25.2977,36.4861],[25.2715,36.4163],[25.3029,36.3446],[25.3333,36.3163],[25.4465,36.289],[25.5362,36.3455],[25.5355,36.4236],[25.4493,36.5101],[25.3829,36.5243],[25.2977,36.4861]]],[[[25.7133,36.5833],[25.7463,36.6177],[25.7249,36.6595],[25.6696,36.6738],[25.6255,36.6504],[25.6187,36.6272],[25.6417,36.592],[25.6754,36.5765],[25.7133,36.5833]]],[[[24.9543,36.6732],[24.8482,36.7092],[24.8039,36.6925],[24.784,36.6553],[24.8217,36.6025],[24.8876,36.5606],[24.9457,36.5498],[25.1498,36.6188],[25.2267,36.6819],[25.338,36.6024],[25.4029,36.6114],[25.434,36.6342],[25.456,36.7168],[25.3977,36.7848],[25.3397,36.8265],[25.3,36.8351],[25.2374,36.819],[25.2048,36.7541],[25.1127,36.7524],[25.0506,36.7174],[25.0277,36.6813],[24.9727,36.6611],[24.9543,36.6732]]],[[[25.8959,37.1953],[25.9313,37.1884],[25.9745,37.205],[25.9903,37.2411],[25.9778,37.2683],[25.9365,37.2877],[25.881,37.2715],[25.8652,37.2355],[25.8959,37.1953]]],[[[25.0332,37.7201],[25.0525,37.7782],[25.0086,37.8553],[25.0037,37.9166],[24.9808,37.937],[24.885,37.9495],[24.8755,37.9835],[24.8045,38.0398],[24.7356,38.0337],[24.6431,37.9824],[24.6273,37.9185],[24.6701,37.843],[24.849,37.7288],[24.8689,37.6918],[24.9527,37.6139],[25.0758,37.5204],[25.147,37.4891],[25.1934,37.4824],[25.2574,37.4989],[25.2553,37.4799],[25.2078,37.4815],[25.1499,37.4473],[25.1491,37.4083],[25.183,37.3364],[25.2853,37.333],[25.3331,37.3655],[25.4168,37.3734],[25.461,37.4023],[25.5066,37.4032],[25.5202,37.3806],[25.5592,37.3666],[25.6035,37.3759],[25.6236,37.3986],[25.6263,37.4262],[25.6084,37.4497],[25.5485,37.4546],[25.5368,37.4838],[25.4894,37.5105],[25.4057,37.5383],[25.2844,37.5271],[25.3072,37.6056],[25.273,37.6524],[25.0332,37.7201]]],[[[24.6774,37.5576],[24.7451,37.5402],[24.7967,37.5563],[24.8077,37.5907],[24.7895,37.6541],[24.7274,37.6761],[24.6094,37.6334],[24.6039,37.5846],[24.6774,37.5576]]],[[[24.8681,37.3211],[25.0091,37.351],[25.0481,37.3842],[24.9861,37.5129],[24.9564,37.5384],[24.896,37.5551],[24.8343,37.5358],[24.8248,37.5057],[24.8371,37.4668],[24.8104,37.4394],[24.802,37.3984],[24.8333,37.3383],[24.8681,37.3211]]],[[[25.0286,37.1515],[25.0639,37.1446],[25.1072,37.1612],[25.123,37.1973],[25.1105,37.2245],[25.0692,37.2439],[25.0137,37.2278],[24.9978,37.1917],[25.0286,37.1515]]],[[[25.6874,36.7949],[25.7276,36.7389],[25.8227,36.7279],[25.9019,36.7558],[26.0367,36.8545],[26.1934,36.8681],[26.2203,36.8954],[26.2196,36.9232],[26.1841,36.9524],[26.1464,36.9518],[26.1178,36.9321],[25.9941,36.9802],[25.8572,36.9242],[25.7961,36.8687],[25.7431,36.8575],[25.7394,36.8967],[25.68,36.9441],[25.6886,37.0055],[25.6329,37.0302],[25.6351,37.041],[25.6438,37.055],[25.7075,37.0232],[25.7479,37.0363],[25.7627,37.0593],[25.8555,37.0511],[25.8949,37.1066],[25.8854,37.1445],[25.8556,37.174],[25.8254,37.1788],[25.756,37.1632],[25.725,37.1318],[25.6566,37.1273],[25.614,37.1965],[25.5423,37.2455],[25.474,37.228],[25.4226,37.1799],[25.3515,37.1494],[25.338,37.1822],[25.3064,37.1961],[25.1936,37.1895],[25.0448,37.0924],[24.9023,36.9588],[24.9059,36.9252],[24.9413,36.9022],[25.0289,36.9132],[25.0767,36.8966],[25.1565,36.9362],[25.2729,36.9546],[25.3045,37.0096],[25.4056,36.885],[25.3629,36.8414],[25.3672,36.8116],[25.393,36.7879],[25.4646,36.7775],[25.5476,36.7945],[25.5955,36.8375],[25.6506,36.7946],[25.6874,36.7949]]],[[[24.6412,36.9016],[24.6802,36.8624],[24.7382,36.8573],[24.7767,36.8793],[24.8143,36.9338],[24.8126,36.9729],[24.7218,37.0645],[24.6524,37.0825],[24.6076,37.0769],[24.5856,37.0533],[24.5835,37.0185],[24.6412,36.9016]]],[[[24.1949,36.5295],[24.1955,36.5718],[24.1543,36.5962],[24.1079,36.5836],[24.0914,36.5534],[24.0984,36.5292],[24.1343,36.5078],[24.1949,36.5295]]],[[[24.2046,36.7375],[24.2479,36.7257],[24.2786,36.7365],[24.2657,36.6169],[24.3232,36.5883],[24.3773,36.6116],[24.555,36.6374],[24.5897,36.6677],[24.6007,36.7053],[24.6738,36.7058],[24.719,36.7514],[24.7044,36.8002],[24.6583,36.8254],[24.6399,36.8597],[24.5505,36.8886],[24.4792,36.8496],[24.4673,36.8039],[24.3851,36.8269],[24.3119,36.7781],[24.2914,36.8325],[24.245,36.8481],[24.2078,36.8425],[24.1672,36.8012],[24.1717,36.7688],[24.2046,36.7375]]],[[[24.4093,37.0795],[24.5033,37.0665],[24.5973,37.1082],[24.6181,37.1411],[24.5846,37.2031],[24.6356,37.2134],[24.6654,37.2453],[24.6526,37.2817],[24.5841,37.3014],[24.5609,37.3383],[24.4996,37.3443],[24.5361,37.387],[24.5321,37.4249],[24.489,37.4662],[24.4755,37.5125],[24.4317,37.5254],[24.3607,37.4911],[24.3116,37.4239],[24.3317,37.3712],[24.309,37.3157],[24.3274,37.2697],[24.3891,37.2585],[24.4643,37.3016],[24.4989,37.2625],[24.5293,37.2569],[24.5312,37.2457],[24.44,37.2407],[24.3875,37.1993],[24.36,37.1137],[24.4093,37.0795]]],[[[23.9871,37.4862],[23.9526,37.52],[23.9088,37.533],[23.8605,37.5209],[23.8437,37.4909],[23.8844,37.4371],[23.9297,37.4189],[23.9887,37.44],[23.9871,37.4862]]],[[[24.2948,37.7149],[24.2505,37.6822],[24.2117,37.5833],[24.2273,37.5053],[24.2756,37.4802],[24.3227,37.489],[24.3958,37.5456],[24.4632,37.6473],[24.4522,37.68],[24.4166,37.7112],[24.3452,37.7292],[24.2948,37.7149]]],[[[23.9503,36.8403],[23.9186,36.8815],[23.8761,36.8895],[23.8423,36.8788],[23.8217,36.8449],[23.8316,36.8198],[23.8824,36.7949],[23.9266,36.8036],[23.9503,36.8403]]],[[[23.5688,36.7264],[23.6042,36.7195],[23.6474,36.7362],[23.6633,36.7725],[23.6508,36.7999],[23.6095,36.8194],[23.554,36.8031],[23.5381,36.7669],[23.5688,36.7264]]],[[[23.4968,36.8713],[23.5217,36.9118],[23.4957,36.9604],[23.4518,36.9753],[23.4064,36.9555],[23.3964,36.9295],[23.4172,36.8844],[23.454,36.8651],[23.4968,36.8713]]],[[[23.9885,34.9835],[23.9426,34.9608],[23.9369,34.9302],[23.9888,34.8783],[24.003,34.8183],[24.1054,34.7614],[24.1689,34.7765],[24.1843,34.8127],[24.1584,34.8918],[24.0656,34.9163],[24.0516,34.9573],[23.9885,34.9835]]],[[[25.6784,34.9232],[25.629,34.8819],[25.6507,34.8342],[25.7248,34.8239],[25.794,34.857],[25.7984,34.8842],[25.7749,34.9138],[25.6784,34.9232]]],[[[25.543,35.5559],[25.5783,35.5489],[25.6215,35.5658],[25.6369,35.5927],[25.6249,35.6305],[25.5836,35.6503],[25.5281,35.6338],[25.5141,35.5871],[25.543,35.5559]]],[[[25.1873,35.5035],[25.1381,35.4698],[25.1358,35.423],[25.2212,35.383],[25.2788,35.3941],[25.3015,35.4475],[25.291,35.4776],[25.241,35.5061],[25.1873,35.5035]]],[[[25.5791,35.3754],[25.4612,35.3377],[25.3919,35.3812],[25.2411,35.3761],[25.1438,35.3938],[25.1015,35.3824],[25.0746,35.4408],[24.9715,35.4755],[24.9293,35.4573],[24.6875,35.4694],[24.5257,35.4157],[24.3242,35.3964],[24.3053,35.4756],[24.2486,35.5178],[24.2541,35.5456],[24.2094,35.6198],[24.1158,35.6448],[24.0496,35.6281],[24.0004,35.5619],[23.9364,35.5845],[23.8674,35.5681],[23.8306,35.5795],[23.8194,35.6906],[23.7385,35.7378],[23.676,35.6999],[23.6521,35.6378],[23.6139,35.683],[23.5593,35.6895],[23.5256,35.6611],[23.521,35.6151],[23.4546,35.6289],[23.4207,35.5848],[23.4344,35.5545],[23.4612,35.5411],[23.5161,35.5534],[23.5029,35.4439],[23.4609,35.3078],[23.4781,35.2435],[23.5522,35.1993],[23.6789,35.1797],[23.8271,35.2018],[23.9125,35.1788],[23.9578,35.1829],[24.0296,35.1525],[24.1881,35.1543],[24.2749,35.1321],[24.3483,35.1396],[24.4888,35.1047],[24.5266,35.0654],[24.5853,35.0542],[24.5437,35.0432],[24.5183,35.0076],[24.5371,34.9724],[24.5728,34.9599],[24.6277,34.9647],[24.6569,34.9899],[24.6573,35.0289],[24.6267,35.0534],[24.69,35.0511],[24.7033,35.0361],[24.68,34.9111],[24.7005,34.887],[24.7375,34.8784],[24.8418,34.896],[24.9125,34.8825],[25.1081,34.8908],[25.1503,34.9093],[25.2645,34.9155],[25.3811,34.9521],[25.5125,34.9388],[25.7013,34.9681],[25.7964,34.9545],[25.9341,34.9902],[26.0502,34.9746],[26.0705,34.9579],[26.0882,34.8896],[26.1432,34.8748],[26.2002,34.914],[26.2103,34.9468],[26.1987,34.9687],[26.2656,34.9999],[26.3229,35.075],[26.3388,35.1379],[26.3711,35.1764],[26.3568,35.226],[26.3897,35.2387],[26.4052,35.2635],[26.4015,35.2888],[26.3496,35.3481],[26.2969,35.3594],[26.2424,35.3358],[26.2196,35.4065],[26.1693,35.4273],[26.1295,35.4088],[26.1016,35.332],[26.117,35.2941],[26.1678,35.2802],[26.1594,35.2656],[26.0511,35.279],[25.9202,35.2266],[25.8452,35.2375],[25.8152,35.2185],[25.7935,35.164],[25.7776,35.1712],[25.816,35.266],[25.817,35.3647],[25.7885,35.383],[25.6631,35.3915],[25.5791,35.3754]]],[[[22.9032,36.5273],[23.0186,36.508],[23.0368,36.4266],[23.0776,36.3968],[23.122,36.3853],[23.212,36.3936],[23.2514,36.4307],[23.249,36.4691],[23.1981,36.5147],[23.1939,36.563],[23.1201,36.6067],[23.0821,36.6494],[23.1353,36.7134],[23.1627,36.7818],[23.0911,36.8951],[23.0352,37.0943],[22.9995,37.1426],[22.9545,37.1612],[22.9636,37.1992],[22.8241,37.4018],[22.8235,37.4335],[22.7924,37.4892],[22.9163,37.4469],[22.9167,37.4164],[22.9444,37.3921],[23.0099,37.3937],[23.0126,37.3452],[23.0508,37.3109],[23.0379,37.2792],[23.0476,37.2526],[23.0914,37.2055],[23.1528,37.1749],[23.1996,37.1756],[23.2241,37.1919],[23.2238,37.2438],[23.2713,37.2176],[23.3431,37.2435],[23.3907,37.2434],[23.4286,37.2108],[23.4771,37.2156],[23.4996,37.2365],[23.5,37.2729],[23.6024,37.323],[23.6336,37.3669],[23.6211,37.3935],[23.587,37.4092],[23.6003,37.4423],[23.571,37.4809],[23.588,37.5124],[23.5792,37.5362],[23.5121,37.5963],[23.4714,37.6017],[23.4654,37.6271],[23.5663,37.6658],[23.618,37.7589],[23.6022,37.7991],[23.5298,37.8151],[23.5044,37.8481],[23.5803,37.8922],[23.6555,37.8866],[23.7053,37.801],[23.7089,37.7446],[23.7655,37.7214],[23.8296,37.7665],[23.8504,37.737],[23.8489,37.6863],[23.8862,37.6653],[23.8868,37.6342],[23.9053,37.6142],[23.9594,37.6015],[24.0622,37.6157],[24.1212,37.6047],[24.1547,37.6279],[24.2071,37.7396],[24.182,37.7854],[24.1378,37.7982],[24.1132,37.8321],[24.0958,37.9267],[24.0696,37.9547],[24.0838,37.9986],[24.0483,38.0823],[24.0898,38.0905],[24.1141,38.1226],[24.1033,38.0718],[24.1325,38.0458],[24.1889,38.0404],[24.1767,37.9748],[24.2116,37.9405],[24.3081,37.9439],[24.3904,37.9182],[24.4287,37.9349],[24.5347,37.8907],[24.575,37.9153],[24.6295,38.0054],[24.645,38.1557],[24.6057,38.1979],[24.4419,38.1889],[24.3137,38.2342],[24.3081,38.2918],[24.2689,38.351],[24.2443,38.4575],[24.2818,38.5156],[24.2795,38.5417],[24.1828,38.6069],[24.2048,38.6315],[24.2526,38.6169],[24.2958,38.6332],[24.3116,38.6686],[24.2908,38.7023],[24.2334,38.7132],[24.1899,38.682],[24.1547,38.7075],[24.0579,38.7277],[23.9306,38.7102],[23.7999,38.7398],[23.7311,38.8052],[23.6553,38.7979],[23.5069,38.8687],[23.4748,38.9762],[23.4409,38.9952],[23.3767,39.0794],[23.3336,39.0916],[23.2425,39.0678],[23.3481,39.1139],[23.5113,39.0745],[23.5486,39.0924],[23.5711,39.1305],[23.617,39.0555],[23.7053,39.0315],[23.7598,39.0379],[23.8329,39.0937],[23.8749,39.0948],[23.9221,39.1241],[23.9433,39.0723],[24.0118,39.0712],[24.0443,39.1236],[24.0405,39.1952],[24.0601,39.2303],[24.0485,39.2527],[24.0954,39.2574],[24.1772,39.3064],[24.2317,39.3733],[24.2381,39.4049],[24.2146,39.4595],[24.2378,39.4951],[24.2302,39.5269],[24.1843,39.5475],[24.1372,39.5289],[24.1222,39.489],[24.1356,39.4668],[24.1021,39.4069],[24.0278,39.3957],[23.9853,39.3259],[23.9428,39.3334],[23.9113,39.3194],[23.8123,39.2211],[23.801,39.1886],[23.7692,39.1711],[23.6136,39.2515],[23.5436,39.2238],[23.4535,39.2517],[23.3929,39.2142],[23.323,39.3324],[23.1426,39.519],[22.9719,39.6085],[22.8923,39.8268],[22.7773,39.8994],[22.7685,39.951],[22.7418,39.9851],[22.6404,40.041],[22.6046,40.1551],[22.6395,40.1933],[22.6552,40.2679],[22.7154,40.3592],[22.7096,40.3839],[22.6645,40.4195],[22.7545,40.4698],[22.8103,40.4363],[22.8543,40.3421],[22.9239,40.3406],[22.9979,40.2871],[23.2662,40.1948],[23.255,40.0837],[23.3196,40.0016],[23.3023,39.9491],[23.3268,39.9193],[23.4517,39.929],[23.584,39.8809],[23.7136,39.8674],[23.7743,39.8805],[23.8026,39.9141],[23.7843,39.9618],[23.7403,39.975],[23.7099,40.0074],[23.5122,40.0776],[23.4617,40.1487],[23.4018,40.1799],[23.3901,40.2071],[23.4122,40.2337],[23.5174,40.1977],[23.6211,40.1868],[23.7077,40.1067],[23.6637,40.0634],[23.6825,40.0283],[23.744,40.0187],[23.789,39.9747],[23.846,39.961],[23.8962,39.9056],[23.9672,39.9002],[24.0323,39.9242],[24.0715,39.9957],[24.0417,40.1299],[23.9358,40.1943],[23.862,40.2145],[23.8234,40.2569],[23.749,40.2965],[23.8305,40.3156],[23.9067,40.2728],[24.1229,40.2456],[24.1831,40.1683],[24.2372,40.1326],[24.2476,40.102],[24.2917,40.0738],[24.4274,40.1046],[24.4514,40.1286],[24.4502,40.1622],[24.4198,40.2137],[24.332,40.2709],[24.2796,40.3419],[24.1877,40.3919],[24.0938,40.4111],[24.0345,40.4866],[23.9729,40.4825],[23.9449,40.4602],[23.9435,40.4234],[23.9146,40.4328],[23.8759,40.478],[23.9561,40.493],[23.9811,40.5147],[23.9828,40.5404],[23.9232,40.5893],[23.8352,40.6212],[23.7547,40.6959],[23.7653,40.7121],[23.8393,40.7409],[24.0454,40.6777],[24.11,40.6851],[24.3714,40.7928],[24.392,40.8161],[24.404,40.8723],[24.5076,40.9141],[24.5917,40.8287],[24.5161,40.7822],[24.4618,40.6779],[24.4591,40.6335],[24.4907,40.592],[24.5475,40.5821],[24.5884,40.5268],[24.6433,40.5196],[24.8056,40.5739],[24.8355,40.618],[24.8341,40.7519],[24.765,40.8068],[24.8279,40.811],[24.9188,40.8804],[25.0113,40.8944],[25.0719,40.9524],[25.0944,40.9258],[25.1564,40.902],[25.2633,40.8819],[25.3218,40.9025],[25.3469,40.8778],[25.531,40.8215],[25.9026,40.794],[25.9321,40.8029],[25.976,40.7543],[25.9744,40.7251],[26.011,40.6712],[26.0079,40.6331],[26.0279,40.5991],[26.1032,40.5567],[26.3122,40.5506],[26.4633,40.5711],[26.5423,40.5514],[26.6259,40.5947],[26.7829,40.6018],[26.7259,40.5958],[26.669,40.5529],[26.5835,40.5394],[26.429,40.4762],[26.2316,40.379],[26.1645,40.3279],[26.1811,40.272],[26.218,40.2446],[26.2147,40.2005],[26.1184,40.0714],[26.1133,40.0459],[26.1357,40.015],[26.1151,39.9723],[26.0375,39.9774],[26.0049,39.9445],[26.0231,39.9034],[26.0997,39.8969],[26.0935,39.8775],[25.9527,39.8798],[25.9236,39.8667],[25.9092,39.8392],[25.9344,39.7945],[26.0263,39.7508],[26.0898,39.7403],[26.1094,39.6705],[26.0977,39.6354],[26.0595,39.6055],[26.0094,39.4788],[26.053,39.4323],[26.1542,39.4137],[26.1132,39.3691],[26.0534,39.3383],[25.8701,39.3278],[25.8072,39.2722],[25.7826,39.2303],[25.7785,39.1841],[25.8416,39.1183],[25.93,39.0687],[26,39.0631],[26.0799,39.0309],[26.1536,38.9652],[26.2195,38.9759],[26.3002,38.941],[26.4077,38.921],[26.5355,38.9321],[26.5885,38.9668],[26.6476,38.9818],[26.6688,39.0227],[26.6611,39.0615],[26.6197,39.1066],[26.5861,39.189],[26.5405,39.2117],[26.4809,39.2724],[26.5016,39.3064],[26.4854,39.3434],[26.3543,39.4297],[26.2543,39.4216],[26.2874,39.442],[26.3776,39.44],[26.47,39.4804],[26.645,39.5123],[26.8851,39.5273],[26.8228,39.5074],[26.7535,39.4556],[26.7447,39.4059],[26.7229,39.3952],[26.6982,39.4247],[26.6349,39.4357],[26.5797,39.4377],[26.5376,39.4187],[26.5229,39.3859],[26.544,39.3255],[26.5248,39.2725],[26.5614,39.2377],[26.6831,39.2251],[26.6893,39.1858],[26.7269,39.1399],[26.7807,39.1222],[26.8167,39.09],[26.7629,39.0635],[26.7459,39.0332],[26.7438,38.9563],[26.7714,38.8857],[26.816,38.8691],[26.9489,38.8888],[26.8565,38.8552],[26.8403,38.8093],[26.7074,38.7742],[26.6645,38.7253],[26.6569,38.6818],[26.7234,38.5835],[26.6807,38.5863],[26.6408,38.5671],[26.5591,38.681],[26.5001,38.7111],[26.412,38.722],[26.3131,38.678],[26.3003,38.6433],[26.3085,38.5567],[26.2522,38.5621],[26.0874,38.6314],[25.9966,38.6459],[25.8259,38.6141],[25.7815,38.5619],[25.7793,38.53],[25.8206,38.4668],[25.8964,38.4307],[25.9331,38.367],[25.8287,38.2937],[25.8157,38.2267],[25.8536,38.1822],[25.9827,38.1112],[26.0338,38.1089],[26.0773,38.1608],[26.1391,38.1823],[26.1652,38.2168],[26.1684,38.2625],[26.2089,38.2276],[26.2588,38.2229],[26.3127,38.1878],[26.3693,38.1828],[26.4639,38.1449],[26.488,38.1019],[26.5708,38.064],[26.6392,38.0704],[26.6667,38.1004],[26.6855,38.157],[26.7184,38.1658],[26.7409,38.1292],[26.7865,38.1096],[26.7956,38.0566],[26.8326,37.995],[26.8779,37.988],[26.964,38.033],[27.1224,37.9451],[27.2128,37.9452],[27.2104,37.8905],[27.1825,37.838],[27.213,37.7908],[27.1985,37.7566],[27.161,37.7421],[27.1207,37.7318],[27.1197,37.7891],[27.0863,37.8185],[26.9963,37.8382],[26.9074,37.8211],[26.8578,37.8475],[26.7319,37.8544],[26.5696,37.7979],[26.5147,37.7413],[26.5257,37.7016],[26.4714,37.6849],[26.4451,37.6496],[26.3894,37.6375],[26.4108,37.6606],[26.4163,37.7032],[26.3619,37.7335],[26.272,37.7174],[26.1955,37.6737],[26.0624,37.6746],[25.9652,37.6],[25.9213,37.5295],[25.925,37.5021],[25.9553,37.474],[26.0616,37.4728],[26.1413,37.5173],[26.2428,37.532],[26.3456,37.5916],[26.368,37.5068],[26.495,37.4612],[26.5866,37.4871],[26.6003,37.5271],[26.5765,37.5542],[26.6187,37.5844],[26.622,37.638],[26.677,37.6647],[26.7122,37.6632],[26.7512,37.5959],[26.7748,37.5852],[26.9009,37.6027],[26.948,37.6461],[26.986,37.6116],[27.0878,37.5918],[27.1321,37.5062],[27.1321,37.4592],[27.1673,37.434],[27.1385,37.3567],[27.1466,37.332],[27.2256,37.2968],[27.3379,37.3006],[27.398,37.2637],[27.4206,37.22],[27.4734,37.1962],[27.4445,37.1688],[27.4118,37.2004],[27.3631,37.2174],[27.2349,37.1702],[27.1722,37.062],[27.2031,36.9922],[27.1064,36.9989],[27.1002,37.0141],[27.1358,37.0218],[27.1602,37.0532],[27.1537,37.0794],[27.1195,37.1019],[27.0691,37.1077],[27.021,37.0781],[26.9621,37.106],[26.9532,37.1425],[26.9058,37.2043],[26.8436,37.2534],[26.8542,37.2843],[26.8201,37.3405],[26.8211,37.37],[26.7444,37.4493],[26.6832,37.4446],[26.6458,37.3767],[26.6114,37.4093],[26.5488,37.4204],[26.5095,37.4522],[26.4616,37.4474],[26.4346,37.4141],[26.4414,37.3872],[26.4793,37.366],[26.4754,37.2796],[26.5186,37.2372],[26.5973,37.2344],[26.6578,37.2936],[26.6666,37.2866],[26.6642,37.2482],[26.7079,37.2109],[26.7185,37.1524],[26.8424,37.0425],[26.8283,36.9991],[26.8557,36.9682],[26.8736,36.92],[26.8674,36.8765],[26.8872,36.8512],[26.9371,36.8434],[26.9755,36.8795],[27.0355,36.9039],[27.0761,36.8947],[27.0405,36.8822],[26.9737,36.8204],[26.8893,36.7959],[26.8652,36.7559],[26.8768,36.6858],[26.9249,36.6416],[26.9625,36.6299],[27.0143,36.645],[27.0373,36.7189],[27.0978,36.7139],[27.0559,36.6825],[27.0527,36.6437],[27.0082,36.6339],[26.9794,36.606],[26.9858,36.5658],[27.0398,36.5276],[27.1896,36.5143],[27.2301,36.527],[27.2558,36.5549],[27.2671,36.5816],[27.2286,36.6478],[27.2316,36.6968],[27.1917,36.7245],[27.1459,36.7238],[27.2084,36.7728],[27.3481,36.8073],[27.3988,36.8363],[27.4048,36.8784],[27.3784,36.9205],[27.3495,36.9332],[27.3583,36.9522],[27.3869,36.957],[27.4816,36.9175],[27.5315,36.9373],[27.6677,36.9401],[27.6899,36.9553],[27.8182,36.9551],[27.8832,36.9806],[28.0596,36.9815],[27.9816,36.9537],[27.9612,36.9053],[27.9714,36.881],[27.9417,36.8405],[27.8113,36.8549],[27.7247,36.8274],[27.6313,36.8493],[27.5209,36.796],[27.4502,36.8032],[27.3212,36.736],[27.3105,36.6774],[27.3747,36.6274],[27.4706,36.6048],[27.5908,36.6374],[27.6881,36.6157],[27.7269,36.639],[27.7494,36.7111],[27.7979,36.7124],[27.8222,36.7037],[27.7201,36.6277],[27.6988,36.5601],[27.7327,36.5307],[27.779,36.5259],[27.8327,36.4785],[27.878,36.4717],[27.9098,36.4855],[27.9256,36.5331],[27.9759,36.5109],[28.1189,36.5466],[28.2062,36.6409],[28.3455,36.7039],[28.3485,36.7551],[28.403,36.7423],[28.4533,36.767],[28.4854,36.7502],[28.5575,36.7474],[28.5667,36.6931],[28.5877,36.6684],[28.6686,36.6489],[28.7329,36.6598],[28.7918,36.5749],[28.8413,36.5458],[28.9017,36.5692],[28.9914,36.6635],[29.005,36.6603],[28.9552,36.5421],[28.9822,36.5068],[29.0547,36.4971],[29.0474,36.4726],[29.062,36.4424],[29.0466,36.3878],[29.0619,36.3585],[29.323,36.194],[29.4421,36.1774],[29.4353,36.1398],[29.4572,36.1157],[29.6386,36.0641],[29.6845,36.0875],[29.7512,36.0801],[29.8487,36.1241],[29.9035,36.1302],[29.9621,36.1746],[30.0055,36.179],[30.065,36.2105],[30.1434,36.2104],[30.2204,36.2714],[30.2764,36.2703],[30.3391,36.2355],[30.3728,36.1742],[30.4371,36.1749],[30.5242,36.2479],[30.5413,36.2902],[30.5825,36.331],[30.5397,36.4024],[30.6432,36.5794],[30.6397,36.6152],[30.6114,36.6378],[30.6398,36.7981],[30.6845,36.8353],[30.7523,36.8045],[30.999,36.8153],[31.3157,36.7677],[31.3622,36.7261],[31.5286,36.6771],[31.7536,36.5651],[31.935,36.5156],[31.9802,36.4874],[32.0138,36.489],[32.1237,36.3902],[32.1671,36.3177],[32.2225,36.2732],[32.2512,36.2109],[32.3151,36.1758],[32.3632,36.1256],[32.4609,36.0722],[32.6505,36.0032],[32.8073,35.9725],[32.8986,36.0336],[32.965,36.0555],[33.0997,36.0293],[33.1607,36.0915],[33.3545,36.0956],[33.3959,36.0818],[33.4649,36.1112],[33.5632,36.0825],[33.5918,36.0903],[33.624,36.126],[33.6581,36.0955],[33.7026,36.0931],[33.7522,36.136],[33.8183,36.1568],[33.8865,36.2598],[33.9244,36.1979],[33.9924,36.1963],[34.0347,36.2526],[34.1128,36.2892],[34.1312,36.323],[34.1306,36.3851],[34.2039,36.435],[34.3028,36.5448],[34.46,36.6287],[34.5974,36.7349],[34.6773,36.7635],[34.8086,36.7525],[34.8711,36.6908],[35.0126,36.6577],[35.3276,36.4968],[35.3908,36.5113],[35.4497,36.5463],[35.5541,36.5265],[35.6433,36.5559],[35.6757,36.5827],[35.7048,36.6457],[35.7629,36.6852],[35.7711,36.7182],[35.8866,36.7683],[36.0143,36.8793],[36.1124,36.81],[36.1359,36.7741],[36.1317,36.7084],[36.1475,36.6594],[36.1386,36.6387],[36.0225,36.5859],[35.9354,36.511],[35.8829,36.4884],[35.8232,36.4409],[35.7275,36.3265],[35.7452,36.2542],[35.8606,36.1121],[35.9071,36.0251],[35.8618,35.9778],[35.8334,35.9096],[35.752,35.8733],[35.7512,35.8233],[35.7815,35.7546],[35.7238,35.7],[35.7137,35.6404],[35.6654,35.6074],[35.6599,35.5707],[35.6978,35.5244],[35.7102,35.4823],[35.7388,35.4604],[35.8047,35.4481],[35.8546,35.3843],[35.8645,35.2528],[35.8845,35.2209],[35.8338,35.1306],[35.8324,35.0283],[35.7983,34.8642],[35.8331,34.7594],[35.8745,34.7408],[35.9284,34.5699],[35.8634,34.5128],[35.7856,34.5416],[35.7333,34.525],[35.721,34.4798],[35.75,34.4414],[35.6879,34.4095],[35.6064,34.3154],[35.5707,34.1542],[35.5838,34.095],[35.5379,33.9763],[35.4176,33.926],[35.4238,33.855],[35.3263,33.5987],[35.1959,33.4097],[35.1457,33.2944],[35.1492,33.2171],[35.0503,33.1157],[35.016,33.0122],[35.0092,32.8868],[34.9625,32.8885],[34.9013,32.8433],[34.7724,32.2793],[34.7083,32.0998],[34.5723,31.8114],[34.4447,31.6217],[34.1583,31.3485],[34.0568,31.2917],[33.8245,31.2007],[33.6673,31.1711],[33.5434,31.1736],[33.4867,31.1866],[33.3827,31.2423],[33.1193,31.2794],[33.0056,31.2541],[32.752,31.1354],[32.629,31.1164],[32.592,31.1229],[32.4998,31.1889],[32.3586,31.3146],[32.2458,31.3353],[32.0581,31.4428],[32.0327,31.5092],[31.9449,31.5676],[31.8224,31.573],[31.7213,31.5314],[31.5552,31.5009],[31.3763,31.5851],[31.0917,31.6571],[30.8756,31.6133],[30.565,31.522],[30.4582,31.5109],[30.3913,31.5376],[30.3428,31.529],[30.3041,31.4923],[30.2673,31.3956],[30.2,31.3398],[30.1434,31.3322],[30.1393,31.376],[30.1112,31.4067],[30.0352,31.4054],[29.9814,31.3599],[29.9625,31.3104],[29.8104,31.2435],[29.5381,31.0349],[29.279,30.92],[29.0733,30.8759],[28.9758,30.9077],[28.8485,31.0014],[28.5659,31.1054],[28.4357,31.14],[28.2077,31.1323],[28.1597,31.1511],[27.986,31.1464],[27.9513,31.1679],[27.9151,31.2798],[27.8692,31.3073],[27.7047,31.2465],[27.4796,31.2711],[27.4442,31.2915],[27.3946,31.4006],[27.3708,31.4219],[27.1098,31.438],[26.9807,31.4978],[26.877,31.4963],[26.7758,31.5284],[26.5893,31.5557],[26.5067,31.5483],[26.1379,31.6384],[25.9047,31.6785],[25.7992,31.6677],[25.5328,31.58],[25.3637,31.5618],[25.2655,31.5724],[25.2332,31.595],[25.1816,31.7556],[25.0826,31.8687],[25.0992,31.921],[25.0232,32.0031],[24.7628,32.0686],[24.6551,32.0723],[24.5335,32.0407],[24.1504,32.066],[24.0924,32.0833],[24.02,32.1416],[23.7209,32.2304],[23.5255,32.2244],[23.3862,32.2496],[23.2493,32.3222],[23.2851,32.3477],[23.2927,32.3762],[23.2626,32.4162],[23.2065,32.4173],[23.2094,32.4777],[23.1634,32.5554],[23.1794,32.6206],[23.1342,32.6772],[22.9505,32.7199],[22.3861,32.9213],[22.2436,32.9352],[22.1876,32.9806],[22.1069,32.991],[22.0296,32.9593],[21.9188,32.949],[21.6798,32.9945],[21.6066,32.9766],[21.4025,32.844],[21.0806,32.8153],[20.9296,32.769],[20.5506,32.5979],[20.3547,32.4711],[20.1581,32.3159],[20.0503,32.2073],[19.8844,31.9767],[19.8636,31.7404],[19.8994,31.5853],[19.9611,31.4162],[20.1027,31.1866],[20.1088,31.1009],[20.0676,31.0039],[19.8767,30.7198],[19.6405,30.5015],[19.5158,30.456],[19.3324,30.3595],[19.1996,30.3225],[19.0555,30.3239],[19.0076,30.3258],[18.8531,30.3932],[18.8097,30.4335],[18.7279,30.4546],[18.6002,30.5573],[18.3833,30.689],[18.2466,30.8136],[17.9302,30.9127],[17.9086,30.9531],[17.8673,30.9784],[17.7268,30.9964],[17.5425,31.059],[17.3983,31.1278],[17.2221,31.1535],[16.9241,31.2316],[16.6879,31.2651],[16.2512,31.275],[16.0936,31.3092],[15.9755,31.3468],[15.7484,31.4564],[15.6551,31.5347],[15.5253,31.7206],[15.4147,31.9885],[15.4221,32.1468],[15.4099,32.1942],[15.3241,32.3382],[15.2405,32.422],[15.1361,32.4576],[14.8868,32.4907],[14.7533,32.4902],[14.6517,32.5406],[14.4962,32.5642],[14.3986,32.6305],[14.3725,32.6675],[14.3085,32.6916],[14.2947,32.7263],[14.2665,32.743],[14.0863,32.7702],[13.9078,32.8334],[13.7976,32.8511],[13.6019,32.8523],[13.4631,32.9048],[13.4147,32.9385],[13.2995,32.9597],[13.1831,32.9614],[12.9914,32.8892],[12.762,32.852],[12.504,32.8531],[12.2833,32.9011],[11.8697,33.1152],[11.6955,33.1807],[11.6508,33.1755],[11.5025,33.2266],[11.3726,33.3071],[11.2291,33.3633],[11.1563,33.4367],[11.1797,33.4949],[11.1587,33.5765],[11.0929,33.6632],[11.0454,33.6872],[11.0489,33.722],[11.1148,33.7697],[11.1086,33.8442],[10.8983,33.9741],[10.7145,33.9315],[10.6872,33.8893],[10.6901,33.8197],[10.6501,33.7473],[10.6194,33.7244],[10.4852,33.7028],[10.421,33.7226],[10.3413,33.7755],[10.2044,33.8738],[10.1246,33.9692],[10.0958,34.0284],[10.085,34.133],[10.1351,34.259],[10.2091,34.2952],[10.2552,34.2725],[10.2999,34.2776],[10.4953,34.4725],[10.6285,34.507],[10.6972,34.5998],[10.7638,34.6274],[10.7977,34.6873],[10.9186,34.7733],[10.9782,34.8744],[10.9842,34.9483],[11.0654,35.0095],[11.0838,35.0582],[11.0808,35.1033],[11.138,35.1215],[11.1577,35.1546],[11.2139,35.1773],[11.2257,35.2035],[11.2041,35.2674],[11.0984,35.3465],[11.1067,35.4531],[11.1337,35.5042],[11.1244,35.5328],[11.088,35.5615],[11.1003,35.6186],[11.0859,35.653],[11.0103,35.7163],[10.8892,35.7299],[10.8971,35.7961],[10.8569,35.8313],[10.8073,35.8384],[10.7444,35.8173],[10.7047,35.8353],[10.6637,35.917],[10.5971,35.9674],[10.5634,36.0454],[10.5227,36.0802],[10.516,36.1219],[10.5377,36.2403],[10.5938,36.3555],[10.6595,36.3604],[10.8506,36.4285],[11.0677,36.7672],[11.161,36.8116],[11.1889,36.8899],[11.1429,36.9912],[11.119,37.0127],[11.1292,37.0705],[11.0895,37.122],[11.0243,37.1362],[10.9376,37.1062],[10.9073,37.1485],[10.7929,37.1844],[10.7444,37.1575],[10.7336,37.1067],[10.7724,37.0743],[10.8567,37.0656],[10.8332,37.0122],[10.6816,36.9303],[10.5837,36.917],[10.5227,36.8662],[10.4929,36.795],[10.3862,36.7737],[10.3535,36.7822],[10.3959,36.8392],[10.4027,36.8989],[10.349,36.9567],[10.2675,36.995],[10.2414,37.0479],[10.2733,37.1273],[10.3741,37.1544],[10.3855,37.1891],[10.3529,37.225],[10.292,37.226],[10.1267,37.2821],[10.0812,37.3156],[9.9875,37.2947],[9.9421,37.3018],[9.8908,37.3762],[9.7509,37.3936],[9.6522,37.3849],[9.586,37.3478],[9.5299,37.3522],[9.4615,37.3183],[9.3713,37.3134],[9.3176,37.2819],[9.271,37.2742],[9.2286,37.2919],[9.1837,37.2812],[9.0813,37.2066],[8.9889,37.1757],[8.8125,37.0229],[8.7835,37.009],[8.7151,37.0228],[8.6294,36.9908],[8.6364,36.8955],[8.6733,36.8309],[8.4131,36.7839],[8.4067,36.768],[8.4618,36.7328],[8.4304,36.6626],[8.1699,36.5258],[8.1679,36.492],[8.3338,36.4564],[8.3577,36.4304],[8.3554,36.3561],[8.3071,36.2436],[8.3171,36.1459],[8.2756,36.0368],[8.2414,35.8277],[8.2577,35.7503],[8.3236,35.6522],[8.337,35.5379],[8.29,35.4026],[8.2944,35.3251],[8.3174,35.2895],[8.4313,35.2417],[8.3137,35.1031],[8.3005,35.0677],[8.2489,34.902],[8.2666,34.7503],[8.2106,34.6812],[8.2365,34.6477],[8.2288,34.6364],[8.0941,34.5301],[7.8315,34.4144],[7.7653,34.2447],[7.6315,34.1991],[7.5175,34.095],[7.4798,33.8939],[7.4849,33.855],[7.553,33.6587],[7.6932,33.4541],[7.725,33.2314],[7.7507,33.2077],[7.872,33.1841],[8.0022,33.1084],[8.0868,33.0943],[8.2829,32.8364],[8.3313,32.5276],[9.0199,32.1049],[9.045,32.0718],[9.4914,30.339],[9.5564,30.228],[9.2865,30.1171],[9.5497,29.8023],[9.6677,29.6083],[9.8261,29.1285],[9.8483,28.9757],[9.8513,28.786],[9.777,28.2676],[9.9359,27.8669],[10.5029,27.7419],[11.1181,27.3718],[11.3379,26.9417],[11.3818,26.2343],[11.3379,25.0856],[11.5136,24.3671],[12.1069,25.006],[12.3926,25.5623],[13.3154,26.254],[14.2602,26.6475],[15.8203,26.9025],[16.5014,26.7653],[17.0727,26.3525],[17.8637,26.3328],[18.6108,26.6671],[19.1821,27.0591],[20.6103,27.0591],[21.3574,27.2351],[21.7749,27.9556],[22.8735,28.4977],[23.4668,28.0914],[23.7964,27.3718],[24.6753,26.9025],[24.895,26.4903],[25.5981,26.2146],[26.0595,25.9976],[26.5649,25.6019],[27.1802,25.2248],[27.9162,24.5271],[28.6523,23.9059],[28.916,23.4633],[28.96,23.0393],[29.2566,22.7661],[29.3884,22.3196],[29.8389,21.9838],[30.6079,22.0449],[31.5417,22.0449],[31.9043,21.7289],[32.4316,21.6268],[32.8711,21.8105],[33.6291,21.8003],[35.8044,21.8513],[36.4526,22.0449],[36.9295,21.8887],[36.929,21.9696],[36.9465,22.0278],[36.9359,22.0893],[36.8004,22.2148],[36.7228,22.2439],[36.7128,22.2845],[36.6727,22.3317],[36.5965,22.3436],[36.4894,22.3937],[36.459,22.4623],[36.3646,22.5181],[36.2963,22.6481],[36.2085,22.7109],[35.9434,22.7585],[35.8593,22.8258],[35.793,22.9431],[35.7302,22.9706],[35.706,23.0975],[35.6234,23.2375],[35.5934,23.4161],[35.5447,23.4926],[35.5602,23.571],[35.5596,23.7117],[35.5704,23.7662],[35.6196,23.764],[35.6521,23.7921],[35.6581,23.8379],[35.643,23.8657],[35.7291,23.8764],[35.7702,23.7908],[35.8069,23.7778],[35.8525,23.7939],[35.8725,23.8347],[35.8467,23.9256],[35.7833,24.0166],[35.7315,24.0488],[35.6659,24.0533],[35.619,24.1301],[35.4875,24.1985],[35.453,24.2797],[35.4443,24.3792],[35.4212,24.4155],[35.3804,24.4322],[35.3104,24.4159],[35.2705,24.4438],[35.207,24.5282],[35.2209,24.5668],[35.2118,24.5995],[35.2373,24.6417],[35.2222,24.684],[35.1853,24.7259],[35.1411,24.7348],[35.0686,24.8238],[35.042,24.9084],[34.9991,24.965],[34.9939,25.0149],[34.9354,25.1034],[34.9105,25.1759],[34.8527,25.243],[34.7484,25.43],[34.7405,25.4813],[34.7018,25.5364],[34.6812,25.6045],[34.638,25.6461],[34.6077,25.745],[34.4702,25.8958],[34.4443,25.9693],[34.3814,26.0369],[34.2736,26.2283],[34.2225,26.3569],[34.1532,26.4424],[34.1198,26.5457],[34.0316,26.6741],[34.0542,26.7202],[34.0347,26.8004],[34.0569,26.8406],[34.0486,26.8971],[33.9839,26.9747],[33.9502,27.0728],[33.9117,27.1229],[33.9911,27.1179],[34.0215,27.1313],[34.0384,27.1575],[34.0353,27.2206],[33.9438,27.3122],[33.9117,27.3218],[33.8556,27.3094],[33.7527,27.369],[33.7151,27.4615],[33.6099,27.5967],[33.6753,27.5862],[33.6991,27.5349],[33.7364,27.506],[33.79,27.4967],[33.8346,27.5265],[33.8497,27.5213],[33.8988,27.4636],[34.0185,27.3998],[34.0523,27.4019],[34.0849,27.4292],[34.0912,27.47],[34.0728,27.5206],[33.9806,27.5842],[33.9343,27.5881],[33.8753,27.6203],[33.8664,27.6722],[33.8344,27.7221],[33.7541,27.7534],[33.737,27.8107],[33.638,27.8617],[33.5281,28.0219],[33.4543,28.074],[33.4015,28.086],[33.3743,28.128],[33.3087,28.1733],[33.2179,28.2682],[33.165,28.3355],[33.152,28.3843],[33.106,28.4211],[33.0772,28.4743],[32.9816,28.5866],[32.923,28.6197],[32.8595,28.8009],[32.7881,28.847],[32.7358,28.9043],[32.7156,28.9621],[32.6829,28.9988],[32.7193,29.1133],[32.6456,29.3626],[32.6115,29.4177],[32.4166,29.5861],[32.4337,29.6248],[32.4326,29.6825],[32.4666,29.7465],[32.5504,29.8174],[32.6282,29.7258],[32.6158,29.602],[32.659,29.5429],[32.6584,29.4467],[32.672,29.4198],[32.7483,29.3867],[32.7637,29.3168],[32.8451,29.1957],[32.9725,29.1118],[33.0408,29.0247],[33.1066,28.9852],[33.117,28.8392],[33.1614,28.7789],[33.1362,28.7207],[33.1349,28.6592],[33.1746,28.5506],[33.2454,28.4697],[33.3107,28.4283],[33.3732,28.3471],[33.5121,28.2577],[33.6718,28.0336],[33.835,27.8966],[33.9607,27.8312],[34.0533,27.7605],[34.1647,27.7368],[34.1886,27.701],[34.24,27.6848],[34.2892,27.7065],[34.3309,27.8096],[34.3709,27.8407],[34.3826,27.8797],[34.4506,27.9356],[34.5127,27.8759],[34.5589,27.8604],[34.7224,27.8616],[34.767,27.8755],[34.7929,27.9077],[34.7913,27.9557],[34.7582,27.9952],[34.8244,28.0243],[34.9064,28.0218],[34.9662,28.0435],[35.0129,28.0056],[35.1001,28.0008],[35.1646,27.8971],[35.2414,27.8828],[35.2779,27.8461],[35.308,27.7746],[35.3789,27.741],[35.4075,27.7023],[35.4614,27.5899],[35.4822,27.5033],[35.5402,27.4113],[35.5993,27.3454],[35.6852,27.2922],[35.7449,27.2149],[35.6907,27.1489],[35.7105,27.0731],[35.7477,27.0381],[35.8043,27.0321],[35.9062,26.946],[35.9794,26.8558],[36.0093,26.7914],[35.9846,26.7566],[35.992,26.7174],[36.0283,26.6943],[36.0723,26.7009],[36.1068,26.6712],[36.1156,26.6566],[36.0555,26.6209],[36.0593,26.5719],[36.0956,26.5488],[36.1294,26.5509],[36.1561,26.5694],[36.1661,26.6083],[36.194,26.5724],[36.3751,26.2423],[36.3097,26.2178],[36.3078,26.1597],[36.4341,26.102],[36.4245,26.0569],[36.4581,26.0179],[36.5351,26.0286],[36.6428,26.0089],[36.6351,25.9341],[36.5658,25.9227],[36.5483,25.8758],[36.5095,25.8566],[36.4826,25.8183],[36.4884,25.7175],[36.4387,25.6933],[36.4219,25.6669],[36.4206,25.6315],[36.4411,25.5944],[36.4899,25.5651],[36.5345,25.564],[36.5833,25.5885],[36.6021,25.6441],[36.6263,25.6557],[36.6698,25.6222],[36.6339,25.6148],[36.6117,25.5918],[36.6225,25.5342],[36.6939,25.5123],[36.8477,25.3302],[36.9028,25.3131],[36.9349,25.2842],[36.9684,25.2803],[37.0098,25.2994],[37.0266,25.3259],[37.0192,25.3656],[37.0296,25.3644],[37.0533,25.2949],[37.087,25.2527],[37.0982,25.1384],[37.1503,25.1088],[37.2027,25.1213],[37.1828,25.0656],[37.2213,24.9795],[37.157,24.993],[37.0798,25.037],[37.008,25.0126],[36.9905,24.9654],[37.0241,24.926],[37.1433,24.8963],[37.1033,24.8564],[37.0993,24.8047],[37.1559,24.7258],[37.1662,24.6844],[37.2595,24.6214],[37.3654,24.4658],[37.3654,24.3701],[37.3845,24.3345],[37.4629,24.2462],[37.557,24.1935],[37.6386,24.1971],[37.6763,24.2187],[37.7101,24.2123],[37.7997,24.1266],[37.9027,24.1021],[38.0156,24.0261],[38.0649,24.0097],[38.1905,23.9078],[38.2572,23.8817],[38.3906,23.7663],[38.4225,23.662],[38.4791,23.575],[38.488,23.5193],[38.5245,23.4883],[38.5745,23.4774],[38.632,23.2785],[38.6796,23.1839],[38.7402,23.1261],[38.7377,23.0013],[38.9574,22.6813],[39.0182,22.5509],[39.0128,22.5011],[39.027,22.4637],[39.0086,22.3764],[39.0134,22.3059],[38.9626,22.3059],[38.9302,22.2776],[38.9289,22.2364],[38.9703,22.2031],[38.9723,22.1805],[38.9518,22.1325],[38.9081,22.1048],[38.8678,22.0236],[38.8785,21.9251],[39.0353,21.6708],[39.0471,21.5297],[39.0842,21.467],[39.089,21.4095],[39.0498,21.3475],[39.0464,21.2816],[38.9993,21.2622],[38.9736,21.2048],[38.9952,21.1414],[38.9771,21.1081],[38.9845,21.0672],[39.0321,21.0418],[39.0737,21.0566],[39.1069,21.1698],[39.1294,21.0832],[39.1982,21.0229],[39.1476,21.025],[39.1153,20.9965],[39.117,20.8902],[39.15,20.8631],[39.1835,20.8591],[39.2413,20.9104],[39.297,20.8708],[39.3626,20.8087],[39.3937,20.7343],[39.4627,20.663],[39.5372,20.519],[39.6445,20.4005],[39.8693,20.23],[40.1118,20.1536],[40.2061,20.1041],[40.2679,20.0519],[40.3566,20.0222],[40.4766,19.9357],[40.4811,19.8829],[40.5117,19.8525],[40.5274,19.8042],[40.5268,19.7534],[40.5951,19.6888],[40.5456,19.6553],[40.5494,19.6038],[40.6268,19.565],[40.6801,19.5665],[40.6963,19.4857],[40.7551,19.4568],[40.8192,19.3445],[40.8453,19.2418],[40.8708,19.2209],[40.9254,19.2245],[40.9808,19.198],[41.0149,19.1011],[40.9898,19.0693],[40.9886,19.0273],[41.0191,18.9967],[41.0332,18.9407],[41.0738,18.9234],[41.1201,18.8387],[41.1681,18.808],[41.1504,18.6956],[41.2168,18.5682],[41.2615,18.5387],[41.3109,18.5326],[41.3477,18.5011],[41.415,18.258],[41.488,18.1159],[41.5702,18.0245],[41.6281,17.9219],[41.7374,17.8023],[41.839,17.7538],[42.0587,17.5896],[42.0862,17.5412],[42.1607,17.5],[42.2509,17.3997],[42.3076,16.9983],[42.3602,16.9625],[42.4044,16.973],[42.4302,17.0076],[42.4732,16.9915],[42.4818,16.9288],[42.4729,16.8794],[42.4536,16.9222],[42.4243,16.9382],[42.3805,16.9311],[42.3584,16.9068],[42.2959,16.9143],[42.26,16.8748],[42.2674,16.8328],[42.3149,16.8068],[42.3696,16.8396],[42.3979,16.83],[42.3856,16.7976],[42.401,16.7506],[42.4536,16.7148],[42.5026,16.7381],[42.5188,16.8095],[42.6187,16.7553],[42.6471,16.6981],[42.6674,16.6439],[42.6555,16.5651],[42.6757,16.4966],[42.7113,16.4541],[42.7058,16.3825],[42.741,16.3261],[42.7682,16.1806],[42.7827,16.061],[42.7643,15.8943],[42.6933,15.7942],[42.61,15.819],[42.5492,15.7585],[42.5048,15.8153],[42.599,15.8177],[42.639,15.8903],[42.6402,15.9345],[42.6749,15.9606],[42.685,15.9895],[42.6339,16.0661],[42.5828,16.0724],[42.5346,16.0153],[42.5562,15.9608],[42.5299,15.8897],[42.4839,15.9106],[42.4055,15.8829],[42.3866,15.8499],[42.4128,15.8014],[42.362,15.7956],[42.3278,15.7613],[42.2937,15.7706],[42.2661,15.76],[42.2356,15.7186],[42.2352,15.6808],[42.2629,15.632],[42.3041,15.6085],[42.3416,15.619],[42.3601,15.6647],[42.4524,15.6521],[42.5365,15.6603],[42.5373,15.6299],[42.4885,15.6346],[42.4579,15.6111],[42.4627,15.5566],[42.4402,15.5278],[42.4003,15.5775],[42.3651,15.5861],[42.3116,15.5542],[42.3073,15.5167],[42.3473,15.4546],[42.3863,15.4246],[42.429,15.4242],[42.4596,15.4478],[42.5286,15.4408],[42.4826,15.3085],[42.4916,15.2794],[42.5482,15.2221],[42.5205,15.1823],[42.5467,15.1336],[42.6542,15.1367],[42.7053,15.1621],[42.813,15.1097],[42.8209,15.016],[42.849,14.9687],[42.822,14.9339],[42.8223,14.8693],[42.894,14.7641],[42.9088,14.6907],[42.8555,14.6639],[42.851,14.6171],[42.8906,14.5657],[43.0189,14.2143],[43.0505,14.0405],[43.0963,13.9871],[43.1233,13.9177],[43.174,13.8677],[43.227,13.7012],[43.2249,13.5804],[43.1734,13.2918],[43.2112,13.1836],[43.3105,13.0412],[43.3911,12.8685],[43.4343,12.8182],[43.4153,12.7294],[43.3545,12.6999],[43.338,12.6476],[43.3734,12.6044],[43.4333,12.5849],[43.5472,12.6396],[43.5951,12.6896],[43.6178,12.6881],[43.7695,13.0046],[43.7585,13.7634],[43.8684,14.743],[44.0552,15.3054],[44.0662,15.5384],[44.2969,16.1092],[44.2969,16.415],[44.1211,16.6467],[44.4287,17.0148],[44.8462,17.1618],[44.8885,17.435],[44.1101,17.8324],[43.7036,18.1145],[43.4399,18.3962],[43.0554,18.8751],[41.9568,20.715],[41.4514,21.4326],[41.0669,22.0551],[40.7153,22.5633],[40.3528,23.2414],[40.0781,23.8858],[39.8804,24.4672],[39.6387,24.8266],[39.0674,25.4929],[38.5071,26.0963],[37.9907,26.7358],[37.3535,27.8002],[37.0239,28.256],[36.5735,29.3439],[36.4966,29.6499],[36.5076,30.1451],[36.6614,31.2786],[36.8262,31.7655],[37.0019,32.4078],[37.1228,32.7041],[37.3755,33.0916],[37.6611,33.3305],[38.0676,33.6238],[39.0234,34.0436],[39.6277,34.0254],[40.0781,33.9889],[40.3747,33.8795],[41.001,33.5872],[41.1877,33.459],[41.6272,32.9165],[41.9238,32.6301],[42.3303,32.2964],[42.6929,31.9335],[43.0554,31.6253],[43.1103,31.3818],[43.3081,31.2692],[44.0332,30.5055],[44.1431,30.3729],[44.6155,29.9549],[44.8682,29.793],[45.2856,29.6403],[45.9119,29.3822],[46.1975,29.1426],[46.3183,29.1138],[46.56,29.0178],[47.417,28.6424],[47.7246,28.3044],[47.8674,28.072],[48.241,27.6738],[48.3838,27.3962],[48.5706,27.1618],[48.7958,27.0151],[49.3835,26.4657],[49.4275,26.3033],[49.389,25.9827],[49.5154,25.5226],[49.5758,25.3887],[49.6692,25.3043],[49.834,25.2099],[49.9438,25.0956],[50.0153,24.9661],[50.2185,24.7568],[50.4547,24.5621],[50.6305,24.4722],[50.7623,24.4922],[51.0985,24.4708],[51.3027,24.5056],[51.3722,24.5774],[51.3961,24.6283],[51.4918,24.6435],[51.5578,24.8309],[51.5936,24.8604],[51.7017,25.0307],[51.6712,25.1207],[51.6713,25.23],[51.6927,25.3166],[51.6386,25.3606],[51.6169,25.4415],[51.6371,25.5027],[51.5646,25.5709],[51.6042,25.6115],[51.6402,25.6955],[51.6516,25.7948],[51.6406,25.9332],[51.6144,25.9653],[51.5379,26.0013],[51.4622,26.0013],[51.4139,26.0621],[51.3902,26.1431],[51.2454,26.2069],[51.1522,26.1853],[51.1036,26.1294],[50.9946,26.082],[50.9749,26.0275],[50.9326,26.0003],[50.9377,25.9349],[50.9079,25.8886],[50.9007,25.844],[50.8557,25.8008],[50.853,25.7629],[50.8247,25.796],[50.7776,25.8098],[50.7129,25.7767],[50.6809,25.6053],[50.6885,25.5702],[50.7164,25.5439],[50.6933,25.4157],[50.7132,25.3214],[50.7166,25.1095],[50.7545,25.0497],[50.7465,24.9824],[50.7991,24.8882],[50.7938,24.8511],[50.7709,24.8984],[50.7239,24.943],[50.705,24.9924],[50.6064,25.1255],[50.6137,25.1872],[50.5768,25.2482],[50.5794,25.3046],[50.5447,25.414],[50.4584,25.5275],[50.3207,25.6264],[50.3088,25.6905],[50.17,25.8864],[50.186,25.9386],[50.165,25.9882],[50.1979,26.0219],[50.2158,26.0986],[50.27,26.1675],[50.2847,26.3397],[50.3336,26.3587],[50.353,26.4083],[50.3389,26.4558],[50.3011,26.4725],[50.2611,26.4603],[50.2202,26.5253],[50.1243,26.5278],[50.1414,26.5787],[50.2121,26.5972],[50.2144,26.6627],[50.0262,26.8637],[49.9689,26.897],[49.8968,26.9078],[49.8043,26.9475],[49.7247,27.0039],[49.7038,27.0517],[49.6375,27.114],[49.6387,27.1835],[49.6019,27.2528],[49.6949,27.25],[49.7364,27.2654],[49.7547,27.3086],[49.7275,27.3478],[49.5475,27.4032],[49.4853,27.3998],[49.425,27.3613],[49.3977,27.2834],[49.3766,27.3002],[49.3612,27.349],[49.3588,27.4698],[49.3048,27.5667],[49.2141,27.6009],[49.1177,27.5932],[49.0097,27.6604],[48.9445,27.6796],[48.9272,27.7163],[48.9435,27.7667],[48.9359,27.8469],[48.8217,27.9584],[48.8449,27.9879],[48.8394,28.0248],[48.816,28.0441],[48.7139,28.0705],[48.6677,28.1114],[48.6643,28.1581],[48.6829,28.2121],[48.5792,28.321],[48.57,28.3516],[48.5943,28.4177],[48.5613,28.4608],[48.55,28.5084],[48.4549,28.5851],[48.4365,28.7066],[48.4442,28.7561],[48.4256,28.7789],[48.3337,28.8175],[48.335,28.8963],[48.2613,28.9447],[48.2252,28.999],[48.1481,29.2611],[48.1493,29.3745],[48.1158,29.3969],[48.066,29.3947],[48.0163,29.4405],[47.9761,29.439],[47.9226,29.412],[47.8932,29.4342],[47.837,29.4412],[47.9426,29.5045],[47.9941,29.4599],[48.0394,29.4575],[48.0741,29.5021],[48.0981,29.5089],[48.195,29.482],[48.2471,29.3804],[48.3285,29.3687],[48.4198,29.3304],[48.4757,29.341],[48.4905,29.3927],[48.4497,29.4396],[48.3701,29.5028],[48.2657,29.5328],[48.2612,29.5484],[48.3621,29.6286],[48.3983,29.6763],[48.4372,29.7588],[48.4377,29.8411],[48.649,29.8741],[48.6898,29.8992],[48.461,29.9931],[48.4425,30.0659],[48.3812,30.1255],[48.4134,30.168],[48.4107,30.1972],[48.2711,30.3352],[48.203,30.3187],[48.1585,30.4297],[48.0244,30.4774],[48.0322,30.9963],[47.6828,30.9978],[47.683,31.3946],[47.8659,31.7836],[47.8547,31.8146],[47.8082,31.8421],[47.8085,31.8778],[47.7341,31.9387],[47.7118,31.9733],[47.7124,32.0189],[47.6848,32.0179],[47.6134,32.1092],[47.5654,32.1125],[47.5292,32.1455],[47.5687,32.2189],[47.5021,32.2765],[47.5216,32.2985],[47.4651,32.3161],[47.4443,32.3485],[47.4609,32.3949],[47.3898,32.4668],[47.285,32.4959],[47.2474,32.4641],[47.1684,32.4573],[46.8872,32.632],[46.7206,32.786],[46.6226,32.8222],[46.5187,32.8982],[46.3315,32.9652],[46.2664,32.9724],[46.1736,32.9533],[46.0965,32.9817],[46.0964,33.0113],[46.133,33.0235],[46.1568,33.0652],[46.0432,33.0939],[46.0468,33.1114],[46.0537,33.1281],[46.1217,33.1175],[46.1979,33.1821],[46.2082,33.1969],[46.1832,33.2042],[46.1911,33.2604],[46.1303,33.2962],[46.0864,33.3475],[46.078,33.3879],[46.0055,33.5081],[45.9407,33.4827],[45.863,33.4931],[45.9602,33.5608],[45.9072,33.6062],[45.9088,33.6362],[45.8179,33.6274],[45.7575,33.5944],[45.7717,33.6369],[45.6656,33.7089],[45.6403,33.74],[45.6403,33.7772],[45.607,33.8003],[45.5066,33.9502],[45.4361,33.947],[45.4091,33.9768],[45.4667,34.0096],[45.4792,34.0786],[45.5816,34.1461],[45.5557,34.1921],[45.5817,34.2439],[45.5836,34.3027],[45.5389,34.351],[45.4986,34.3353],[45.4399,34.4581],[45.463,34.4749],[45.5203,34.4801],[45.5266,34.5301],[45.5146,34.5457],[45.5318,34.6018],[45.6043,34.549],[45.6907,34.5554],[45.7375,34.5375],[45.7397,34.5847],[45.698,34.6696],[45.7015,34.6895],[45.6539,34.7242],[45.7021,34.7879],[45.6899,34.8157],[45.7911,34.8521],[45.7876,34.9114],[45.8643,34.896],[45.8938,34.9652],[45.878,35.0328],[45.9289,35.0451],[45.922,35.0955],[45.9982,35.0619],[46.0136,35.0715],[46.065,35.0409],[46.0796,35.0854],[46.1166,35.0741],[46.19,35.1102],[46.1559,35.1326],[46.1567,35.163],[46.1979,35.1924],[46.1903,35.2164],[46.1132,35.2342],[46.1521,35.2809],[46.146,35.3112],[46.0516,35.3873],[45.9878,35.494],[45.9928,35.5195],[46.0125,35.5189],[45.9724,35.58],[46.0254,35.5841],[46.0115,35.6286],[45.9941,35.6388],[46.011,35.6496],[46.0091,35.6787],[46.0401,35.7041],[46.1675,35.6903],[46.2032,35.7235],[46.2709,35.728],[46.3339,35.7679],[46.3445,35.8056],[46.2963,35.8353],[46.2084,35.7961],[46.182,35.8099],[46.1654,35.8012],[46.1385,35.8397],[46.0908,35.8578],[46.0248,35.8367],[45.9686,35.8421],[45.9366,35.8239],[45.8979,35.8372],[45.8798,35.8162],[45.8292,35.8118],[45.8018,35.8264],[45.7642,35.799],[45.6634,35.928],[45.5508,36.0015],[45.4409,35.9993],[45.3999,35.9704],[45.348,35.9795],[45.3434,36.0072],[45.381,36.0787],[45.3268,36.1456],[45.3165,36.1833],[45.3332,36.2078],[45.3097,36.2383],[45.2713,36.2501],[45.3015,36.2727],[45.2611,36.302],[45.2815,36.335],[45.2707,36.3882],[45.2321,36.4332],[45.1459,36.4055],[45.0815,36.4265],[45.0501,36.5071],[45.0117,36.5209],[45.0024,36.5393],[45.0391,36.5679],[45.0278,36.6048],[45.0697,36.6294],[45.0652,36.69],[45.0312,36.7397],[44.9754,36.7489],[44.9414,36.785],[44.8439,36.7822],[44.8437,36.8206],[44.8996,36.8564],[44.9107,36.8942],[44.883,36.9538],[44.901,37.0214],[44.8486,37.0464],[44.8103,37.0449],[44.7493,37.122],[44.7833,37.1437],[44.7528,37.1931],[44.783,37.2588],[44.8201,37.2937],[44.6484,37.4138],[44.5853,37.4901],[44.6265,37.5751],[44.6017,37.7012],[44.5056,37.7707],[44.2969,37.8553],[44.2419,37.9507],[44.3573,38.1583],[44.3765,38.2252],[44.5166,38.305],[44.5056,38.3417],[44.4342,38.3718],[44.3161,38.374],[44.2998,38.3944],[44.3196,38.4084],[44.3023,38.447],[44.3228,38.4841],[44.3102,38.5304],[44.321,38.6251],[44.2704,38.6514],[44.2823,38.6764],[44.2556,38.7186],[44.2808,38.7337],[44.2879,38.7837],[44.3145,38.8071],[44.2998,38.8406],[44.2459,38.8515],[44.245,38.8704],[44.2117,38.8989],[44.2153,38.9206],[44.1919,38.9347],[44.189,38.98],[44.1723,38.9896],[44.1794,39.0102],[44.2126,39.0209],[44.1913,39.0732],[44.2241,39.1027],[44.1669,39.1776],[44.0984,39.204],[44.1034,39.2406],[44.0888,39.2477],[44.1072,39.2842],[44.08,39.2943],[44.0742,39.3355],[44.0335,39.377],[44.0717,39.4129],[44.1856,39.403],[44.2193,39.4187],[44.2941,39.377],[44.3765,39.4129],[44.4215,39.4113],[44.4342,39.4423],[44.4085,39.4717],[44.4387,39.5022],[44.416,39.5565],[44.4802,39.6106],[44.4812,39.6714],[44.4673,39.6841],[44.4267,39.6608],[44.3197,39.6672],[44.2552,39.6985],[44.1774,39.7127],[44.1305,39.744],[43.999,39.7278],[43.9766,39.7475],[43.8389,39.7774],[43.7458,39.7663],[43.6078,39.8012],[43.5512,39.8404],[43.5077,39.8283],[43.4757,39.7754],[43.4436,39.774],[43.4176,39.7992],[43.4052,39.8645],[43.3664,39.9251],[43.3781,39.982],[43.2858,39.9967],[43.321,40.0429],[43.3579,40.0438],[43.3665,40.0662],[43.3423,40.0933],[43.3462,40.118],[43.3759,40.1308],[43.4787,40.1056],[43.6063,40.1189],[43.6671,40.1542],[43.7157,40.1622],[43.6591,40.2208],[43.6761,40.225],[43.68,40.2546],[43.6441,40.2706],[43.5964,40.3391],[43.6185,40.3937],[43.6095,40.4345],[43.5487,40.473],[43.5717,40.5041],[43.6376,40.5221],[43.6428,40.5554],[43.6701,40.5701],[43.7478,40.6792],[43.7473,40.7338],[43.6824,40.8416],[43.6715,40.937],[43.5783,40.9931],[43.4684,41.0312],[43.4714,41.0682],[43.4474,41.0993],[43.4741,41.123],[43.4489,41.1755],[43.3705,41.2021],[43.2315,41.1739],[43.195,41.2522],[43.1324,41.2521],[43.2057,41.2876],[43.2135,41.3058],[43.1394,41.3178],[43.1017,41.3536],[43.0253,41.3733],[42.9642,41.4515],[42.9052,41.4769],[42.8906,41.5027],[42.8479,41.4731],[42.8009,41.4969],[42.8309,41.5865],[42.7809,41.5769],[42.7007,41.6002],[42.6091,41.5861],[42.502,41.715],[42.5171,41.7426],[42.502,41.7969],[42.4622,41.8061],[42.4127,41.846],[42.2411,41.7857],[42.1944,41.8194],[42.1147,41.8235],[42.0818,41.802],[41.9633,41.8519],[41.9606,41.8839],[41.9376,41.8954],[41.7987,41.8918],[41.77,41.9117],[41.7187,41.908],[41.7225,41.8189],[41.6755,41.7272],[41.6477,41.6946],[41.5935,41.6804],[41.5272,41.6212],[41.4845,41.5111],[41.4326,41.4822],[41.3804,41.4176],[41.2419,41.3747],[41.0286,41.2471],[40.7788,41.195],[40.6977,41.1238],[40.5861,41.085],[40.3637,41.0599],[40.21,40.9631],[40.1535,40.9514],[40.1104,40.9542],[40.0587,40.9934],[39.8815,40.992],[39.8468,41.0206],[39.7229,41.0495],[39.6652,41.0352],[39.5976,41.0599],[39.5104,41.1248],[39.4141,41.1447],[39.2764,41.0873],[39.1615,41.1168],[39.0374,41.0732],[38.9102,41.0763],[38.858,41.0493],[38.7886,41.0414],[38.6966,40.9864],[38.6669,41.0051],[38.6119,41.0099],[38.4974,40.9548],[38.3566,40.9553],[38.2897,40.9822],[38.205,40.9761],[37.9218,41.0232],[37.8338,41.0684],[37.839,41.1117],[37.8163,41.1468],[37.693,41.1663],[37.6249,41.1476],[37.5657,41.0696],[37.5383,41.0609],[37.5076,41.0934],[37.4104,41.1404],[37.3437,41.1502],[37.3064,41.1817],[37.1454,41.1865],[37.0799,41.2062],[37.0741,41.2597],[37.0478,41.2997],[36.9028,41.3681],[36.6597,41.4204],[36.588,41.3953],[36.5048,41.2992],[36.4277,41.2833],[36.3887,41.3381],[36.2875,41.3744],[36.1745,41.4816],[36.1813,41.5585],[36.1646,41.6307],[36.0844,41.7178],[35.9864,41.7667],[35.941,41.7708],[35.7398,41.7013],[35.5665,41.6685],[35.314,41.7437],[35.2598,41.7834],[35.2498,41.8198],[35.1412,41.9267],[35.1581,41.9803],[35.2211,41.9774],[35.2533,41.9978],[35.2608,42.0232],[35.2386,42.0554],[35.1899,42.0789],[35.1056,42.0603],[35.0483,42.1215],[34.9586,42.1341],[34.9017,42.1169],[34.8917,42.0741],[34.8221,42.0128],[34.7213,41.9822],[34.5584,41.9866],[34.4856,42.0134],[34.3052,41.9789],[34.1116,42.0148],[33.6875,42.0172],[33.3277,42.0562],[33.1389,41.9867],[33.0089,41.9614],[32.898,41.9087],[32.5743,41.864],[32.3976,41.7892],[32.255,41.7501],[32.1838,41.7066],[32.1179,41.6371],[31.8568,41.5471],[31.5899,41.414],[31.3718,41.3465],[31.3418,41.3061],[31.3532,41.2201],[31.2826,41.1534],[31.0522,41.1147],[30.7749,41.1238],[30.6647,41.1652],[30.4699,41.1909],[30.2786,41.2501],[30.1976,41.2185],[30.1481,41.1794],[29.9863,41.1755],[29.8492,41.1799],[29.6198,41.2189],[29.575,41.2107],[29.2673,41.2718],[29.1526,41.2597],[29.0867,41.2912],[29.0018,41.2864],[28.7018,41.383],[28.647,41.3863],[28.3008,41.5268],[28.147,41.6473],[28.1454,41.6942],[28.0321,41.8294],[28.0279,41.845],[28.0789,41.8484],[28.1076,41.8814],[28.0827,42.0065],[28.0335,42.0875],[27.8196,42.2657],[27.8451,42.2954],[27.8445,42.3195],[27.8274,42.3592],[27.7738,42.3861],[27.7727,42.4328],[27.6467,42.4975],[27.5372,42.4965],[27.5417,42.514],[27.675,42.5204],[27.7041,42.5477],[27.685,42.5971],[27.7698,42.6272],[27.7938,42.656],[27.9058,42.6597],[27.9482,42.6852],[27.9525,42.7812],[27.9386,42.8223],[27.9555,42.8483],[27.9599,42.9269],[27.9428,43.0236],[27.9925,43.1288],[27.9978,43.1794],[28.0615,43.2097],[28.13,43.3465],[28.1605,43.3621],[28.3142,43.3786],[28.4768,43.3228],[28.505,43.3343],[28.631,43.4702],[28.6596,43.547],[28.6257,43.5966],[28.6317,43.6425],[28.6178,43.6774],[28.6322,43.7665],[28.6535,43.7912],[28.6444,43.8217],[28.6625,43.8793],[28.7207,43.9847],[28.7012,44.0511],[28.7389,44.0698],[28.7606,44.1018],[28.6758,44.255],[28.6771,44.2843],[28.7388,44.2994],[28.7534,44.3517],[28.9,44.489],[29.0129,44.6348],[29.1186,44.7196],[29.2577,44.76],[29.4113,44.7754],[29.4477,44.7419],[29.5302,44.7378],[29.5909,44.7656],[29.6537,44.8284],[29.6751,44.8815],[29.7052,45.0872],[29.7631,45.1517],[29.764,45.1781],[29.8128,45.2229],[29.7922,45.2663],[29.8166,45.3248],[29.8097,45.407],[29.8369,45.4559],[29.784,45.522],[29.7136,45.5217],[30.2691,45.8434],[30.5171,46.0521],[30.4635,46.0786],[30.4548,46.1142],[30.3793,46.2195],[30.2694,46.2649],[30.2977,46.3454],[30.248,46.4268],[30.1928,46.4456],[30.1697,46.4141],[30.151,46.4286],[30.1379,46.4113],[30.0902,46.4394],[30.0976,46.4317],[30.0687,46.4262],[30.0228,46.442],[30.0264,46.452],[29.9945,46.4612],[30.0206,46.4651],[29.9942,46.4745],[29.9913,46.504],[29.9529,46.4903],[29.9612,46.51],[29.9372,46.4935],[29.9432,46.502],[29.9102,46.5128],[29.8728,46.5546],[29.8961,46.5513],[29.8882,46.5605],[29.8628,46.5646],[29.8707,46.5875],[29.8271,46.5823],[29.8319,46.5993],[29.8148,46.5863],[29.807,46.6048],[29.7849,46.5801],[29.7245,46.5995],[29.7735,46.649],[29.7547,46.6692],[29.7159,46.658],[29.7012,46.6762],[29.6661,46.6755],[29.6951,46.7118],[29.6665,46.7591],[29.6616,46.8105],[29.6087,46.8136],[29.6053,46.8337],[29.5598,46.7852],[29.5394,46.7964],[29.5399,46.7775],[29.4978,46.7965],[29.4816,46.8909],[29.4644,46.903],[29.4713,46.9495],[29.4277,46.9643],[29.3609,46.9341],[29.2939,46.9809],[29.3042,46.9997],[29.2991,46.9879],[29.3741,46.9936],[29.3551,47.0359],[29.3884,47.0299],[29.3794,47.0508],[29.3904,47.0569],[29.3466,47.1039],[29.2982,47.1075],[29.2893,47.1427],[29.2356,47.1688],[29.2334,47.1481],[29.1847,47.1605],[29.1846,47.1123],[29.1763,47.1045],[29.1586,47.1227],[29.1247,47.0753],[29.066,47.1061],[29.104,47.1486],[29.1432,47.1621],[29.1796,47.2137],[29.072,47.344],[29.0843,47.3575],[29.1308,47.3265],[29.1623,47.3412],[29.1473,47.3718],[29.0757,47.4183],[29.1185,47.4581],[29.0275,47.5165],[29.0268,47.5727],[28.9846,47.6117],[28.9971,47.65],[28.9681,47.7243],[29.0241,47.8417],[29.0128,47.8621],[28.8262,47.9013],[28.8359,47.9367],[28.7911,47.9832],[28.7367,47.9786],[28.6949,48.0248],[28.5936,48.0347],[28.5685,47.9956],[28.5317,48.0028],[28.5467,48.0385],[28.5816,48.0442],[28.6,48.0752],[28.6237,48.065],[28.6324,48.0863],[28.5133,48.1209],[28.4961,48.1115],[28.5005,48.0692],[28.458,48.0765],[28.4213,48.125],[28.437,48.15],[28.4161,48.1762],[28.3767,48.1697],[28.3564,48.1388],[28.3139,48.1355],[28.3099,48.1628],[28.3658,48.2022],[28.3561,48.245],[28.3059,48.2418],[28.2083,48.2048],[28.1675,48.2594],[28.1475,48.263],[28.0973,48.2322],[28.0793,48.2461],[28.0907,48.2989],[28.0705,48.3193],[27.9584,48.3267],[27.8941,48.3617],[27.8758,48.402],[27.789,48.4453],[27.7541,48.4575],[27.6488,48.441],[27.5898,48.4638],[27.6047,48.4845],[27.5936,48.4923],[27.5196,48.4705],[27.4786,48.5068],[27.4824,48.5367],[27.452,48.5966],[27.3739,48.6291],[27.3274,48.6027],[27.2597,48.6233],[27.2469,48.6105],[27.2597,48.5833],[27.2503,48.5684],[27.1706,48.581],[27.0755,48.5596],[26.9935,48.5753],[26.9784,48.5988],[26.9647,48.5759],[26.9219,48.5745],[26.9065,48.5516],[26.8752,48.5423],[26.8414,48.5592],[26.8223,48.6078],[26.8045,48.61],[26.7823,48.5988],[26.7944,48.5615],[26.7848,48.5497],[26.7204,48.5842],[26.7425,48.562],[26.7329,48.5339],[26.6582,48.5601],[26.6256,48.5558],[26.6272,48.5364],[26.6761,48.5389],[26.7133,48.5018],[26.6708,48.4853],[26.6121,48.5059],[26.6255,48.4601],[26.6028,48.4511],[26.5537,48.4651],[26.48,48.5465],[26.3938,48.5363],[26.3569,48.5077],[26.3061,48.5081],[26.2735,48.5396],[26.1698,48.5289],[26.153,48.5368],[26.1454,48.5977],[26.1059,48.6179],[26.0956,48.5993],[26.1289,48.555],[26.0936,48.5385],[26.0513,48.5674],[26.0345,48.5563],[26.0495,48.535],[26.0285,48.5039],[26.0687,48.4535],[26.0641,48.4218],[26.1585,48.3756],[26.1961,48.2835],[26.2672,48.2278],[26.2588,48.2053],[26.222,48.2099],[26.1871,48.2289],[26.1873,48.2473],[26.1636,48.2518],[26.0452,48.1748],[26.0535,48.1369],[26.0816,48.1213],[26.0721,48.0928],[26.1001,48.0774],[26.1394,47.9654],[26.2216,47.9012],[26.1938,47.8874],[26.1785,47.922],[26.1361,47.9303],[26.116,47.9533],[26.0942,47.9487],[26.0825,47.9194],[26.1669,47.8282],[26.2322,47.8014],[26.2648,47.7154],[26.2485,47.6809],[26.2691,47.6566],[26.3171,47.6392],[26.3476,47.6036],[26.4533,47.5977],[26.4837,47.564],[26.4072,47.5579],[26.3798,47.5358],[26.3582,47.5385],[26.3495,47.5576],[26.3364,47.5331],[26.2965,47.5503],[26.2731,47.4995],[26.2194,47.5572],[26.179,47.5673],[26.1113,47.5133],[26.1492,47.4688],[26.111,47.4613],[26.056,47.4853],[26.0124,47.4605],[25.8659,47.4588],[25.8409,47.44],[25.8624,47.3768],[25.8265,47.3531],[25.8312,47.3343],[25.8158,47.3193],[25.7339,47.3075],[25.6837,47.3296],[25.663,47.3814],[25.622,47.387],[25.6234,47.4324],[25.5738,47.4534],[25.545,47.435],[25.5516,47.4086],[25.4839,47.3923],[25.432,47.3461],[25.4006,47.3418],[25.3536,47.2888],[25.2637,47.2728],[25.2006,47.2111],[25.2977,47.1601],[25.4224,47.1825],[25.4466,47.1532],[25.474,47.1539],[25.5593,47.1106],[25.5882,47.1085],[25.6009,47.1323],[25.6596,47.0923],[25.7362,47.0739],[25.8017,46.9674],[25.8307,46.9695],[25.8623,46.924],[25.9425,46.8669],[25.9636,46.8736],[25.9979,46.7917],[26.0656,46.7239],[26.108,46.7094],[26.1595,46.6415],[26.1639,46.6009],[26.1293,46.5612],[26.0575,46.5291],[26.0812,46.5112],[26.0747,46.4854],[26.1118,46.4691],[26.1048,46.4458],[26.1394,46.4347],[26.2135,46.4544],[26.2232,46.4476],[26.2056,46.4247],[26.2221,46.4035],[26.2692,46.3977],[26.2675,46.3772],[26.2934,46.3706],[26.2884,46.3236],[26.2532,46.2778],[26.2615,46.2476],[26.3236,46.2381],[26.3408,46.2009],[26.421,46.1925],[26.4016,46.1553],[26.4461,46.1603],[26.4981,46.1228],[26.4919,46.0223],[26.4567,45.9857],[26.4654,45.9404],[26.4427,45.8874],[26.3809,45.8375],[26.4507,45.7973],[26.4067,45.737],[26.4189,45.6993],[26.467,45.6658],[26.3529,45.6416],[26.3355,45.5916],[26.3096,45.6028],[26.281,45.5853],[26.2426,45.626],[26.1875,45.6085],[26.172,45.562],[26.1447,45.5829],[26.0648,45.4852],[26.0412,45.4784],[25.9955,45.5146],[25.9242,45.5227],[25.89,45.485],[25.8895,45.4477],[25.868,45.424],[25.8232,45.4312],[25.7863,45.4772],[25.7241,45.4628],[25.6735,45.5227],[25.6405,45.5322],[25.6234,45.4961],[25.5947,45.5119],[25.5091,45.499],[25.5065,45.4751],[25.4107,45.4291],[25.4052,45.3882],[25.3216,45.381],[25.314,45.4308],[25.2728,45.434],[25.2416,45.4737],[25.2376,45.5149],[25.1985,45.5227],[25.1113,45.5824],[24.9613,45.5945],[24.9431,45.5826],[24.845,45.5936],[24.8172,45.6103],[24.6365,45.6041],[24.5742,45.58],[24.3825,45.5837],[24.2377,45.5474],[24.1734,45.5158],[23.9826,45.5339],[23.9895,45.4939],[23.9403,45.4977],[23.9284,45.4584],[23.8177,45.4765],[23.7471,45.4329],[23.7042,45.4258],[23.6933,45.465],[23.7074,45.5086],[23.6592,45.5118],[23.6459,45.5272],[23.5804,45.5144],[23.6006,45.4779],[23.5799,45.4301],[23.5973,45.4182],[23.6036,45.3802],[23.588,45.3558],[23.4952,45.3169],[23.4239,45.3096],[23.406,45.3339],[23.353,45.339],[23.3188,45.3033],[23.2418,45.3077],[23.1379,45.2818],[23.0954,45.2921],[22.8746,45.265],[22.8279,45.2823],[22.7785,45.2612],[22.7032,45.2571],[22.6039,45.2151],[22.5589,45.1549],[22.6523,45.1227],[22.6553,45.1028],[22.5004,44.9741],[22.4856,44.8859],[22.4248,44.7909],[22.4296,44.7592],[22.4585,44.7472],[22.4715,44.7198],[22.3071,44.6577],[22.1893,44.4884],[22.1402,44.4734],[22.0768,44.5005],[21.987,44.6347],[21.7784,44.6614],[21.6392,44.6592],[21.612,44.6842],[21.6156,44.7134],[21.5919,44.7553],[21.5382,44.7727],[21.3989,44.7778],[21.3584,44.8216],[21.3317,44.8221],[21.2686,44.7528],[21.1895,44.7425],[21.1347,44.7022],[21.0085,44.7203],[20.9172,44.6681],[20.799,44.6571],[20.741,44.6722],[20.6442,44.7467],[20.625,44.772],[20.6187,44.8277],[20.5768,44.8492],[20.5292,44.8295],[20.4516,44.8338],[20.4359,44.7986],[20.3597,44.7738],[20.3148,44.7397],[20.2873,44.6657],[20.2324,44.6765],[20.2375,44.7123],[20.1774,44.6726],[20.1572,44.6818],[20.1575,44.7077],[20.1307,44.7131],[20.0197,44.6719],[19.9553,44.6291],[19.9247,44.6352],[19.9206,44.6528],[20.0003,44.6855],[19.9192,44.6893],[19.8277,44.7375],[19.7405,44.7453],[19.7038,44.769],[19.6959,44.8156],[19.7569,44.9102],[19.6727,44.9251],[19.6561,44.9547],[19.5524,44.9826],[19.4531,44.9748],[19.4398,44.9481],[19.4194,44.9608],[19.3739,44.9414],[19.4007,44.9268],[19.3912,44.915],[19.3222,44.915],[19.3537,44.9025],[19.3435,44.8901],[19.2599,44.911],[19.2113,44.8967],[19.1749,44.9213],[19.0645,44.862],[18.8591,44.8529],[18.7648,44.9046],[18.7509,44.9395],[18.8013,44.9369],[18.7846,44.9711],[18.7962,44.9885],[18.7353,44.992],[18.738,45.0165],[18.6684,45.0607],[18.685,45.0733],[18.6685,45.0945],[18.6588,45.0577],[18.6079,45.0638],[18.6313,45.0815],[18.6265,45.0961],[18.6136,45.0807],[18.5759,45.0948],[18.5759,45.067],[18.5413,45.0941],[18.5373,45.0505],[18.4778,45.0621],[18.4235,45.1082],[18.3239,45.1014],[18.2519,45.1392],[18.2124,45.1249],[18.2214,45.0998],[18.1981,45.0791],[18.1171,45.081],[18.0718,45.1067],[18.0832,45.1238],[18.0701,45.1411],[18.0389,45.1259],[18.0082,45.1516],[17.9628,45.1129],[17.9327,45.1076],[17.9317,45.079],[17.8524,45.044],[17.6686,45.1338],[17.6018,45.1066],[17.5546,45.1096],[17.5526,45.129],[17.5336,45.1103],[17.4818,45.1106],[17.4888,45.1374],[17.4493,45.128],[17.4517,45.1584],[17.4101,45.1344],[17.3546,45.1394],[17.2746,45.1892],[17.2465,45.1464],[17.1743,45.1481],[17.0724,45.19],[17.0385,45.2246],[17.0099,45.2145],[17.0118,45.2381],[16.9881,45.2236],[16.9654,45.2492],[16.9771,45.233],[16.939,45.2272],[16.9501,45.2512],[16.9327,45.2765],[16.9043,45.2505],[16.8841,45.256],[16.8837,45.2272],[16.8675,45.2323],[16.8755,45.2245],[16.8582,45.2092],[16.8354,45.2186],[16.8427,45.1977],[16.8181,45.1848],[16.7351,45.2065],[16.6917,45.1968],[16.6011,45.2309],[16.5184,45.2229],[16.491,45.2075],[16.4649,45.1448],[16.3947,45.1129],[16.3835,45.0535],[16.3593,45.0361],[16.3541,45.0062],[16.2936,44.999],[16.1928,45.0319],[16.1564,45.0821],[16.0921,45.1039],[16.0487,45.1783],[16.0185,45.1802],[16.0298,45.1983],[16.016,45.2151],[15.9787,45.2302],[15.9285,45.2111],[15.9209,45.2296],[15.8911,45.2274],[15.8941,45.2176],[15.8421,45.2249],[15.7866,45.1927],[15.7663,45.1606],[15.7905,45.1162],[15.7479,45.0554],[15.7829,44.997],[15.7826,44.9766],[15.7551,44.9703],[15.7396,44.9334],[15.7601,44.8739],[15.8126,44.8098],[15.9275,44.7154],[15.9993,44.6248],[16.0225,44.56],[16.1209,44.5144],[16.1407,44.4801],[16.1416,44.4207],[16.1182,44.4024],[16.1372,44.3773],[16.2062,44.3601],[16.2183,44.3431],[16.1876,44.3031],[16.2194,44.2233],[16.1724,44.2092],[16.2119,44.2151],[16.2383,44.2006],[16.3695,44.0821],[16.4277,44.0832],[16.4419,44.0673],[16.4367,44.0313],[16.5068,44.0175],[16.5642,43.9492],[16.7053,43.8583],[16.7461,43.776],[16.8116,43.7555],[17.0145,43.5715],[17.1496,43.4956],[17.2255,43.4977],[17.2825,43.4678],[17.2843,43.4356],[17.2521,43.4047],[17.3318,43.2736],[17.4219,43.2296],[17.4306,43.1802],[17.6365,43.0919],[17.7121,42.973],[17.5553,42.9355],[17.5644,42.9267],[17.6438,42.8925],[17.6912,42.9256],[17.7872,42.8916],[17.8091,42.9171],[17.8394,42.9045],[17.8702,42.8466],[17.9002,42.8325],[17.8913,42.8098],[17.9502,42.799],[18.0032,42.7579],[18.0984,42.7172],[18.1028,42.6867],[18.1376,42.6799],[18.1573,42.6539],[18.1766,42.6612],[18.2441,42.6027],[18.2866,42.617],[18.3707,42.612],[18.4376,42.5565],[18.4414,42.4815],[18.5252,42.4205],[18.4725,42.4981],[18.5274,42.5144],[18.5588,42.5482],[18.5441,42.5657],[18.5517,42.588],[18.5212,42.6175],[18.5709,42.6519],[18.5481,42.6859],[18.5693,42.7422],[18.5195,42.7465],[18.5196,42.774],[18.5669,42.8095],[18.7289,42.8145],[19.0153,42.7112],[19.0379,42.7702],[19.0091,42.8981],[19.0228,42.9554],[19.1496,43.0051],[19.2555,43.0126],[19.4113,42.8596],[19.4824,42.8438],[19.5117,42.805],[19.5756,42.8016],[19.6154,42.8646],[19.6456,42.8691],[19.8173,42.7764],[19.8357,42.7796],[19.7145,42.6598],[19.5533,42.5693],[19.4015,42.5657],[19.3064,42.4767],[19.2649,42.4675],[19.1957,42.5208],[19.1468,42.477],[19.1835,42.4559],[19.1969,42.4181],[19.1569,42.3505],[19.1593,42.3221],[19.121,42.2695],[19.1719,42.1162],[19.1129,42.1202],[19.0215,42.098],[19.0249,42.0672],[19.089,42.0178],[19.0865,41.9695],[19.1292,41.9095],[19.2813,41.8528],[19.3545,41.8068],[19.4443,41.8182],[19.5134,41.7976],[19.5248,41.7794],[19.5256,41.6108],[19.4514,41.6248],[19.4033,41.6038],[19.3964,41.5826],[19.4131,41.5396],[19.4587,41.5001],[19.4055,41.452],[19.3639,41.4478],[19.3387,41.4194],[19.3731,41.3093],[19.4653,41.2524],[19.387,41.16],[19.4038,41.1025],[19.3882,41.0065],[19.4027,40.9705],[19.3116,40.8354],[19.3145,40.7297],[19.2613,40.6619],[19.2615,40.6385],[19.3247,40.5373],[19.2598,40.5541],[19.2129,40.5162],[19.2423,40.4465],[19.2413,40.4025],[19.2948,40.3576],[19.3306,40.2825],[19.4339,40.1864],[19.6968,40.0711],[19.7699,40.0115],[19.8279,40.0048],[19.8714,39.9411],[19.8552,39.9111],[19.868,39.8804],[19.9487,39.8398],[19.9776,39.7909],[19.9321,39.6924],[20.0463,39.5925],[20.1493,39.4636],[20.2003,39.3628],[20.2317,39.3481],[20.2427,39.3104],[20.3114,39.2526],[20.4243,39.2316],[20.4406,39.1895],[20.4997,39.1597],[20.5601,39.096],[20.662,39.0281],[20.6523,38.9851],[20.705,38.8973],[20.7281,38.7851],[20.8356,38.6276],[20.8719,38.5079],[20.9334,38.5073],[20.9562,38.5479],[20.9657,38.5148],[20.9499,38.4731],[20.9721,38.4131],[20.9417,38.38],[20.9491,38.3431],[21.0407,38.309],[21.0512,38.2667],[21.0806,38.246],[21.2791,38.2694],[21.3457,38.2602],[21.3202,38.2294],[21.3154,38.141],[21.2641,38.0562],[21.1751,37.9749],[21.1232,37.9839],[21.0812,37.9611],[21.0528,37.8417],[21.085,37.8058],[21.2461,37.7494],[21.2581,37.7132],[21.2523,37.6346],[21.2669,37.6092],[21.3168,37.5902],[21.3738,37.6105],[21.5135,37.5236],[21.6112,37.4033],[21.6414,37.3136],[21.5351,37.2194],[21.5128,37.159],[21.5223,37.0983],[21.4862,37.0618],[21.5145,37.0017],[21.5768,36.9887],[21.6023,36.9665],[21.6483,36.8142],[21.6389,36.7435],[21.6514,36.7118],[21.7754,36.656],[21.8252,36.6778],[21.8671,36.6484],[21.915,36.6536],[21.9381,36.6739],[21.9419,36.7082],[22.0194,36.7849],[21.9799,36.8582],[21.9874,36.9629],[22.0866,36.9837],[22.0763,36.8999],[22.1316,36.8577],[22.195,36.8467],[22.2465,36.7898],[22.2526,36.7522],[22.3082,36.6706],[22.3199,36.5698],[22.2968,36.5399],[22.2984,36.4951],[22.3435,36.4397],[22.4151,36.4139],[22.4596,36.3471],[22.51,36.3481],[22.5515,36.3873],[22.5551,36.4995],[22.531,36.5365],[22.5351,36.5573],[22.6007,36.6347],[22.5941,36.6927],[22.6269,36.7206],[22.6289,36.7568],[22.7412,36.7627],[22.7584,36.6543],[22.8826,36.5607],[22.9032,36.5273]]]]},"properties":{"id":"Q12560","names":{"ar":"الدولة العثمانية","da":"Det Osmanniske Rige","de":"Osmanisches Reich","el":"Οθωμανική Αυτοκρατορία","en":"Ottoman Empire","es":"Imperio otomano","fa":"امپراتوری عثمانی","fr":"Empire Ottoman","frr":"Osmaansk Rik","fy":"Osmaanske Ryk","ga":"An Impireacht Otamánach","gd":"Impireachd nan Otomanach","he":"האימפריה העות'מאנית","hi":"उस्मानी साम्राज्य","is":"Ósmanska ríkið","it":"Impero Ottomano","ja":"オスマン帝国","kk":"Осман империясы","ko":"오스만 제국","la":"Imperium Ottomanicum","nb":"Det osmanske riket","nds":"Osmaansch Riek","nl":"Ottomaanse Rijk","nn":"Det osmanske riket","no":"Det osmanske riket","ota":"دولتْ علیّه عثمانیّه","ota-Latn":"Devlet-i ʿAlīye-i ʿOs̱mānīye","pl":"Imperium Osmańskie","pt":"Império Otomano","ro":"Imperiul Otoman","ru":"Османская империя","sw":"Milki ya Osmani","tr":"Osmanlı İmparatorluğu","ur":"سلطنت عثمانیہ","zh":"奥斯曼帝国"},"from":1792.021505376344,"to":1812.510752688172,"wikidata":"Q12560","adminLevel":2,"source":"OpenHistoricalMap","sourceUrl":"https://www.openhistoricalmap.org"}},{"type":"Feature","geometry":{"type":"MultiPolygon","coordinates":[[[[8.7604,41.6637],[8.721,41.5955],[8.7546,41.5282],[8.8172,41.4836],[9.0315,41.4177],[9.059,41.3635],[9.1903,41.3259],[9.2346,41.2987],[9.2698,41.2918],[9.3284,41.3424],[9.3109,41.4035],[9.3403,41.4828],[9.3814,41.4709],[9.4275,41.4918],[9.4179,41.61],[9.4596,41.7104],[9.4525,41.8716],[9.4658,41.9451],[9.6022,42.0965],[9.6127,42.2723],[9.5858,42.3802],[9.5965,42.4245],[9.5794,42.5745],[9.5003,42.6734],[9.5447,42.7968],[9.5096,42.9635],[9.5156,42.9943],[9.431,43.0622],[9.3728,43.0587],[9.2881,43.0024],[9.2975,42.9405],[9.2706,42.9085],[9.2758,42.8689],[9.2562,42.8321],[9.2869,42.7816],[9.287,42.75],[9.2246,42.7745],[9.102,42.7672],[9.0225,42.7261],[9.0008,42.6856],[8.9152,42.6826],[8.7529,42.6178],[8.695,42.6169],[8.667,42.6006],[8.6546,42.56],[8.6166,42.529],[8.5981,42.455],[8.484,42.3795],[8.5059,42.3148],[8.5619,42.2821],[8.5063,42.2678],[8.4887,42.2488],[8.4898,42.2217],[8.5145,42.1993],[8.5061,42.1366],[8.5458,42.1005],[8.6586,42.0615],[8.5415,41.9769],[8.5565,41.9133],[8.5334,41.8658],[8.5815,41.8345],[8.6456,41.8618],[8.707,41.8674],[8.6971,41.8423],[8.6124,41.7677],[8.6055,41.7388],[8.63,41.7069],[8.7333,41.6846],[8.7604,41.6637]]],[[[6.1747,46.3515],[6.1668,46.3433],[6.1808,46.344],[6.1747,46.3515]]],[[[-1.8592,48.8381],[-1.7272,48.8461],[-1.7038,48.8862],[-1.7835,48.9393],[-1.8774,48.9373],[-1.9138,48.9164],[-1.9275,48.8878],[-1.9031,48.8513],[-1.8592,48.8381]]],[[[-2.2339,46.7001],[-2.2892,46.7476],[-2.3558,46.7664],[-2.4037,46.7652],[-2.4492,46.7331],[-2.4419,46.6995],[-2.4138,46.6731],[-2.3395,46.6522],[-2.2592,46.6579],[-2.2339,46.7001]]],[[[-4.0066,47.8086],[-4.0515,47.8077],[-4.0935,47.7776],[-4.0632,47.6856],[-3.9975,47.6669],[-3.9174,47.6903],[-3.9012,47.7171],[-3.9082,47.7382],[-3.977,47.7596],[-3.974,47.7879],[-4.0066,47.8086]]],[[[-3.0949,47.3547],[-3.1271,47.3901],[-3.247,47.4227],[-3.2931,47.4087],[-3.3123,47.3466],[-3.2961,47.2975],[-3.2499,47.2659],[-3.0941,47.2446],[-3.0365,47.2658],[-3.0078,47.3144],[-3.034,47.3423],[-3.0949,47.3547]]],[[[-3.5556,47.7299],[-3.51,47.6859],[-3.558,47.6654],[-3.5624,47.6379],[-3.5404,47.615],[-3.4805,47.5891],[-3.4075,47.5863],[-3.3711,47.6156],[-3.375,47.6518],[-3.2985,47.65],[-3.2147,47.5759],[-3.21,47.5208],[-3.1822,47.4609],[-3.1488,47.4416],[-3.0713,47.4313],[-3.0733,47.4035],[-3.0211,47.364],[-3.008,47.3333],[-2.9383,47.3297],[-2.893,47.2969],[-2.8082,47.2961],[-2.7873,47.3125],[-2.7873,47.3385],[-2.8445,47.3803],[-2.8866,47.3804],[-2.9066,47.4201],[-3.0213,47.4506],[-3.0209,47.4787],[-3.0622,47.5086],[-3.0659,47.5347],[-2.9514,47.5212],[-2.8234,47.4534],[-2.7236,47.4693],[-2.6733,47.456],[-2.5505,47.4765],[-2.5455,47.4352],[-2.5603,47.4188],[-2.623,47.4478],[-2.6743,47.415],[-2.6595,47.3858],[-2.6151,47.376],[-2.5613,47.3351],[-2.596,47.3009],[-2.5872,47.2722],[-2.3632,47.1989],[-2.2219,47.2122],[-2.2117,47.1926],[-2.2522,47.187],[-2.2959,47.1507],[-2.2914,47.1136],[-2.093,47.0688],[-2.0483,47.0404],[-2.1075,46.9684],[-2.1627,46.9915],[-2.1847,47.0367],[-2.2341,47.0598],[-2.3865,47.0797],[-2.4163,47.042],[-2.4033,47.0209],[-2.3603,47.0048],[-2.357,46.9653],[-2.2839,46.9293],[-2.2241,46.9192],[-2.1868,46.8035],[-1.9691,46.6581],[-1.9008,46.5903],[-1.8526,46.4729],[-1.67,46.3895],[-1.5388,46.3716],[-1.4877,46.3118],[-1.3671,46.3049],[-1.3225,46.262],[-1.2411,46.2412],[-1.2553,46.2107],[-1.5198,46.2922],[-1.61,46.2557],[-1.6081,46.2273],[-1.5751,46.1827],[-1.52,46.161],[-1.4642,46.1644],[-1.3325,46.1119],[-1.2068,46.1113],[-1.1485,46.0703],[-1.144,46.0558],[-1.2057,46.0523],[-1.2282,46.023],[-1.2789,46.0234],[-1.3478,46.0704],[-1.4035,46.0828],[-1.4427,46.0754],[-1.4616,46.055],[-1.4198,45.9234],[-1.3072,45.8569],[-1.2713,45.657],[-1.2339,45.6364],[-1.18,45.6406],[-1.1059,45.6061],[-1.1845,45.5182],[-1.2058,45.4718],[-1.2127,45.2964],[-1.3113,44.6552],[-1.2984,44.6037],[-1.3112,44.5771],[-1.3022,44.4915],[-1.3169,44.3921],[-1.365,44.1427],[-1.4967,43.6522],[-1.6372,43.4579],[-1.7363,43.4202],[-1.7703,43.4276],[-1.7718,43.3881],[-1.7877,43.3797],[-1.7874,43.3552],[-1.7523,43.3386],[-1.7252,43.2983],[-1.6965,43.3118],[-1.6261,43.3068],[-1.6125,43.2551],[-1.5686,43.2574],[-1.5638,43.2851],[-1.5329,43.2937],[-1.4066,43.2715],[-1.3825,43.2531],[-1.3862,43.1959],[-1.4145,43.1342],[-1.4713,43.091],[-1.4412,43.0463],[-1.3554,43.0286],[-1.3406,43.0977],[-1.2734,43.1186],[-1.3089,43.071],[-1.2554,43.0433],[-1.2192,43.0532],[-1.1355,43.0088],[-1.1185,43.02],[-1.0147,42.9931],[-0.9466,42.9546],[-0.9089,42.9644],[-0.8184,42.9512],[-0.7507,42.9648],[-0.7252,42.923],[-0.732,42.8961],[-0.676,42.8811],[-0.6035,42.8326],[-0.5942,42.8044],[-0.5699,42.8068],[-0.5705,42.783],[-0.5244,42.7973],[-0.5038,42.8276],[-0.4427,42.7956],[-0.3847,42.801],[-0.3143,42.8475],[-0.1871,42.7868],[-0.1612,42.7977],[-0.1018,42.7219],[-0.0722,42.7178],[-0.0585,42.6933],[-0.0094,42.6847],[0.1822,42.7356],[0.2589,42.7162],[0.2994,42.6757],[0.3594,42.7225],[0.4303,42.6908],[0.6026,42.7025],[0.6714,42.6899],[0.6787,42.7244],[0.6473,42.7514],[0.6666,42.7749],[0.6473,42.7822],[0.6689,42.8017],[0.6591,42.8378],[0.7235,42.8589],[0.8512,42.827],[0.9231,42.7908],[0.9583,42.8047],[0.982,42.7877],[1.0805,42.7871],[1.1643,42.7101],[1.231,42.7275],[1.2585,42.7155],[1.3552,42.7196],[1.3538,42.6999],[1.3894,42.6841],[1.4373,42.6033],[1.469,42.6065],[1.4692,42.6335],[1.4941,42.6532],[1.565,42.6526],[1.6022,42.6255],[1.7331,42.6155],[1.7273,42.5923],[1.7857,42.5734],[1.738,42.5528],[1.7304,42.4928],[1.8245,42.4853],[1.895,42.4476],[1.937,42.4537],[1.9701,42.3763],[2.0134,42.349],[2.0834,42.3631],[2.1569,42.4234],[2.2069,42.419],[2.2521,42.4366],[2.4293,42.3942],[2.482,42.3406],[2.531,42.333],[2.5716,42.3577],[2.671,42.3407],[2.6564,42.3823],[2.6739,42.4047],[2.7508,42.4254],[2.7774,42.412],[2.8379,42.4581],[2.9216,42.4579],[2.9421,42.479],[2.9681,42.4656],[3.0357,42.474],[3.086,42.4256],[3.2266,42.4349],[3.1916,42.5298],[3.0992,42.5737],[3.0902,42.6288],[3.0929,42.8023],[3.1137,42.9199],[3.0948,42.9508],[3.1527,43.0687],[3.2199,43.142],[3.3141,43.2086],[3.406,43.2479],[3.532,43.2365],[3.6757,43.3523],[3.7569,43.3647],[3.9174,43.4755],[4.0218,43.5145],[4.0574,43.5189],[4.0889,43.462],[4.167,43.4309],[4.3942,43.4085],[4.5142,43.4154],[4.4992,43.3765],[4.5137,43.3541],[4.5997,43.3165],[4.7599,43.3112],[4.8493,43.2913],[4.894,43.3024],[4.9552,43.352],[4.9791,43.3174],[5.0372,43.2874],[5.2414,43.2915],[5.2438,43.2406],[5.2784,43.2237],[5.2827,43.1925],[5.3434,43.1449],[5.4145,43.1362],[5.4705,43.1652],[5.5183,43.1598],[5.5886,43.1232],[5.6485,43.1253],[5.7253,43.0909],[5.7414,43.0425],[5.8218,43.0106],[5.8738,43.0107],[5.9908,43.0456],[6.0395,43.0396],[6.0658,42.9958],[6.1893,42.9436],[6.2835,42.9685],[6.3039,42.9953],[6.3595,42.9588],[6.4091,42.956],[6.5019,42.9849],[6.5643,43.0442],[6.5302,43.0881],[6.4225,43.0755],[6.4219,43.1016],[6.5704,43.1346],[6.6455,43.1248],[6.7288,43.1823],[6.75,43.2733],[6.723,43.3016],[6.7617,43.3268],[6.7733,43.3651],[6.8852,43.3799],[6.9557,43.4201],[6.9991,43.4721],[7.0722,43.4701],[7.1777,43.5195],[7.1981,43.5553],[7.181,43.6021],[7.2432,43.6162],[7.2782,43.6493],[7.3574,43.6412],[7.4023,43.6792],[7.5306,43.7269],[7.5365,43.7539],[7.4967,43.8494],[7.5046,43.8807],[7.4895,43.924],[7.5106,43.9088],[7.5404,43.9133],[7.5541,43.9485],[7.6042,43.9624],[7.589,43.9729],[7.6328,43.9916],[7.612,44.017],[7.5335,44.051],[7.4446,44.0452],[7.3798,44.051],[7.3463,44.0752],[7.2925,44.0716],[7.274,44.1081],[7.2418,44.1122],[7.1812,44.0815],[7.1526,44.0956],[7.1529,44.1097],[7.102,44.1234],[7.0841,44.1722],[6.9766,44.2087],[6.9224,44.2608],[6.8998,44.3156],[6.8629,44.3467],[6.894,44.3692],[6.8928,44.4209],[6.9454,44.4274],[6.8767,44.4812],[6.8559,44.5251],[6.8784,44.5542],[6.9321,44.5728],[6.9372,44.6021],[6.9678,44.6195],[6.9476,44.6537],[6.9636,44.6783],[7.0747,44.6881],[7.0341,44.7265],[7.0049,44.7859],[7.0232,44.8213],[6.9352,44.8621],[6.9111,44.8448],[6.8617,44.8517],[6.752,44.9055],[6.7131,44.9656],[6.7491,44.9958],[6.7442,45.015],[6.6538,45.0266],[6.6392,45.0552],[6.6051,45.0548],[6.5512,45.0952],[6.5741,45.121],[6.63,45.1094],[6.6795,45.1389],[6.7382,45.1372],[6.7714,45.1593],[6.8457,45.1296],[6.8947,45.1378],[6.8849,45.1553],[6.9298,45.1709],[6.9258,45.1833],[6.9133,45.2008],[6.8576,45.2161],[6.9058,45.2615],[6.9754,45.2662],[7.0711,45.2102],[7.1344,45.2537],[7.1109,45.3261],[7.1638,45.3606],[7.181,45.3998],[7.1222,45.4311],[7.093,45.4705],[7.0521,45.4722],[7.0493,45.4966],[7,45.5055],[6.9969,45.569],[6.9799,45.5931],[7.001,45.6366],[6.963,45.6547],[6.9237,45.6499],[6.8138,45.7223],[6.8029,45.7798],[6.8249,45.838],[6.8721,45.8299],[6.8777,45.8487],[6.9383,45.847],[6.992,45.8692],[7.0075,45.9033],[7.0423,45.9229],[7.037,45.9552],[7.0092,45.9713],[7.0101,45.9939],[6.9364,46.0625],[6.8721,46.051],[6.8979,46.122],[6.8126,46.1321],[6.7904,46.1536],[6.8105,46.18],[6.8092,46.2119],[6.8643,46.2832],[6.7722,46.3504],[6.8064,46.383],[6.8211,46.4272],[6.6819,46.4543],[6.5191,46.4564],[6.4256,46.4158],[6.3352,46.4037],[6.2414,46.3436],[6.1798,46.3645],[6.1723,46.3566],[6.2325,46.3307],[6.1966,46.2865],[6.1258,46.3175],[6.1699,46.3661],[6.0676,46.4149],[6.0487,46.4504],[6.1025,46.4734],[6.1535,46.5368],[6.1105,46.5765],[6.2794,46.6876],[6.4491,46.7731],[6.4585,46.7885],[6.4313,46.8122],[6.4645,46.8903],[6.4327,46.9287],[6.4965,46.9741],[6.6088,46.9831],[6.6896,47.0086],[6.723,47.0471],[6.6937,47.065],[6.7147,47.0882],[6.8587,47.1646],[6.8889,47.1311],[6.8692,47.0874],[7.0278,47.1271],[7.0408,47.1243],[7.024,47.1127],[7.0885,47.0827],[7.0814,47.0657],[7.1097,47.0661],[7.1686,47.1238],[7.2415,47.1276],[7.2942,47.1612],[7.362,47.1598],[7.3761,47.1409],[7.3893,47.1583],[7.3796,47.1856],[7.3541,47.1921],[7.3406,47.2172],[7.422,47.2419],[7.4165,47.2531],[7.5318,47.2946],[7.5716,47.3263],[7.5243,47.3709],[7.4367,47.3788],[7.4436,47.4014],[7.5188,47.3877],[7.5304,47.4142],[7.5716,47.4174],[7.5747,47.4383],[7.6135,47.4355],[7.6266,47.4634],[7.6053,47.4699],[7.6135,47.5211],[7.5944,47.5193],[7.5547,47.5644],[7.591,47.6047],[7.5238,47.6609],[7.5118,47.6953],[7.5466,47.7266],[7.5297,47.7772],[7.5607,47.8367],[7.5552,47.8727],[7.6198,47.9672],[7.6091,47.9996],[7.5719,48.0303],[7.5772,48.1156],[7.74,48.3217],[7.7213,48.3568],[7.7274,48.3804],[7.8031,48.5112],[7.8039,48.5842],[7.8354,48.6391],[7.9451,48.7005],[7.9792,48.7616],[8.0105,48.7599],[8.0331,48.7864],[8.1098,48.8107],[8.1197,48.8674],[8.149,48.8831],[8.1217,48.9006],[8.1266,48.9119],[8.1705,48.9099],[8.2008,48.9568],[8.306,48.9938],[8.2769,49.0147],[8.306,49.026],[8.305,49.0388],[8.2751,49.059],[8.3457,49.0711],[8.3733,49.0994],[8.3565,49.133],[8.3792,49.1465],[8.3695,49.1689],[8.4017,49.2124],[8.4052,49.2457],[8.4686,49.252],[8.4236,49.2818],[8.4893,49.2942],[8.4507,49.3263],[8.4736,49.3618],[8.5253,49.377],[8.4602,49.3811],[8.518,49.4315],[8.4444,49.4486],[8.4645,49.4711],[8.4418,49.495],[8.4681,49.5285],[8.4217,49.5433],[8.4219,49.5848],[8.3546,49.6812],[8.4775,49.7571],[8.4168,49.7804],[8.4359,49.8101],[8.4759,49.8222],[8.4459,49.8369],[8.4054,49.8165],[8.3801,49.8212],[8.3853,49.8481],[8.3409,49.8848],[8.3546,49.9182],[8.3324,49.9643],[8.2434,50.0284],[8.1785,50.035],[7.9627,49.9771],[7.8877,49.9718],[7.8497,50.014],[7.7769,50.0554],[7.7215,50.114],[7.732,50.1231],[7.7605,50.1065],[7.8477,50.1507],[7.9342,50.1463],[7.9254,50.1226],[7.9555,50.1065],[8.0059,50.1094],[8.0118,50.0869],[8.0839,50.103],[8.1179,50.0924],[8.0956,50.1597],[8.0588,50.1778],[8.0986,50.2215],[8.0444,50.2198],[8.0317,50.2386],[7.951,50.2496],[7.9617,50.2909],[7.9115,50.2957],[7.8533,50.2633],[7.864,50.2096],[7.8206,50.1948],[7.7967,50.2313],[7.7748,50.2314],[7.7618,50.2663],[7.7407,50.2658],[7.7146,50.2411],[7.7343,50.2312],[7.7172,50.2233],[7.7165,50.1973],[7.6873,50.1918],[7.689,50.1693],[7.6443,50.1791],[7.6422,50.2026],[7.5833,50.234],[7.5852,50.2483],[7.6527,50.2568],[7.592,50.3104],[7.6077,50.3885],[7.5528,50.4182],[7.476,50.4121],[7.4365,50.443],[7.3816,50.4489],[7.3028,50.5123],[7.2678,50.5727],[7.211,50.5919],[7.212,50.6455],[7.1644,50.7077],[7.0331,50.7877],[7.0203,50.8216],[6.9837,50.8288],[6.9872,50.8469],[7.0509,50.8788],[6.9905,50.8993],[6.97,50.9241],[6.9672,50.9459],[6.9989,50.9733],[6.9623,50.999],[6.9686,51.0295],[6.8559,51.0766],[6.8828,51.1095],[6.8483,51.137],[6.8573,51.157],[6.8056,51.1428],[6.7878,51.1842],[6.7331,51.1862],[6.7233,51.2203],[6.7689,51.2299],[6.7063,51.2658],[6.7346,51.3154],[6.6544,51.3577],[6.7439,51.3953],[6.7128,51.4429],[6.7214,51.463],[6.6836,51.4755],[6.7225,51.5022],[6.6759,51.5389],[6.6809,51.5738],[6.606,51.5685],[6.5877,51.6254],[6.6045,51.6455],[6.5838,51.6589],[6.5194,51.6609],[6.4806,51.6366],[6.4644,51.6989],[6.4088,51.7192],[6.4227,51.7427],[6.4131,51.7531],[6.3419,51.7579],[6.3149,51.7954],[6.2504,51.8263],[6.0476,51.8697],[6.0145,51.8368],[6.0233,51.8596],[5.9866,51.8799],[5.9755,51.8363],[5.9238,51.8188],[5.9783,51.7979],[5.9921,51.7703],[5.941,51.7415],[5.8936,51.7778],[5.8674,51.7744],[5.8948,51.7214],[5.9512,51.7121],[5.9746,51.6443],[6.0207,51.6214],[6.0482,51.5583],[6.0033,51.5702],[5.9058,51.5523],[5.8385,51.5662],[5.8722,51.4493],[5.9312,51.3847],[5.874,51.3533],[5.6719,51.3151],[5.6257,51.2735],[5.6188,51.2295],[5.5944,51.2242],[5.5661,51.2209],[5.557,51.2644],[5.4852,51.3],[5.4174,51.2623],[5.353,51.2746],[5.2379,51.2614],[5.226,51.2683],[5.2321,51.3094],[5.1343,51.3155],[5.1317,51.347],[5.0712,51.3935],[5.1046,51.4313],[5.0773,51.4714],[5.0511,51.4711],[5.0402,51.4865],[5.0133,51.4735],[4.9963,51.4394],[4.9139,51.3951],[4.9247,51.3969],[4.8839,51.4166],[4.7754,51.4141],[4.7739,51.4314],[4.8335,51.4198],[4.8249,51.4408],[4.8403,51.4785],[4.7771,51.5046],[4.6397,51.4223],[4.5429,51.4249],[4.5314,51.4419],[4.5482,51.4733],[4.5392,51.4814],[4.4769,51.4783],[4.3827,51.4502],[4.3952,51.4367],[4.3864,51.4167],[4.4278,51.3697],[4.3787,51.3549],[4.3437,51.3577],[4.3345,51.3777],[4.2176,51.3739],[4.1903,51.3924],[4.1068,51.3793],[4.0244,51.4202],[3.9619,51.4219],[3.9242,51.3786],[3.8383,51.3608],[3.6701,51.4168],[3.4255,51.4468],[3.0393,51.3557],[2.7254,51.2176],[2.4186,51.1134],[2.3074,51.1113],[1.7746,51.0129],[1.6893,50.9859],[1.5944,50.926],[1.5298,50.9116],[1.494,50.8654],[1.5159,50.7835],[1.4795,50.7061],[1.4981,50.5577],[1.4585,50.2913],[1.4649,50.2477],[1.4215,50.2129],[1.3787,50.1401],[1.0813,49.9906],[0.5408,49.8983],[0.2879,49.7939],[0.1463,49.7526],[0.0848,49.703],[-0.0101,49.5393],[-0.0112,49.497],[0.047,49.4351],[-0.0485,49.3742],[-0.1953,49.3439],[-0.3903,49.3897],[-0.8031,49.4142],[-0.9252,49.4482],[-1.0962,49.4435],[-1.1064,49.4504],[-1.061,49.4947],[-1.0798,49.5335],[-1.1354,49.5523],[-1.2149,49.5449],[-1.1606,49.584],[-1.1504,49.6254],[-1.1948,49.7163],[-1.2393,49.7444],[-1.4384,49.7585],[-1.5134,49.7419],[-1.555,49.712],[-1.7481,49.7355],[-1.837,49.7721],[-1.9387,49.7818],[-1.998,49.7646],[-2.0234,49.739],[-2.0259,49.6718],[-2.0066,49.6433],[-1.9299,49.605],[-1.9729,49.5313],[-1.9303,49.4779],[-1.8933,49.3623],[-1.791,49.3002],[-1.6817,49.165],[-1.6895,49.0443],[-1.6439,48.9639],[-1.6439,48.9377],[-1.6585,48.8835],[-1.6928,48.8347],[-1.6519,48.7841],[-1.646,48.72],[-1.5904,48.6841],[-1.6053,48.6772],[-1.7932,48.6637],[-1.7491,48.6932],[-1.7436,48.7344],[-1.77,48.76],[-1.8398,48.7771],[-2.0327,48.7473],[-2.1921,48.6905],[-2.3185,48.7448],[-2.4165,48.7113],[-2.4896,48.7311],[-2.5574,48.7063],[-2.7079,48.6876],[-2.7969,48.7232],[-2.8478,48.7643],[-2.8925,48.8324],[-2.8923,48.8764],[-2.9394,48.9197],[-3.095,48.9646],[-3.1398,48.9551],[-3.1709,48.9278],[-3.3391,48.9038],[-3.3689,48.9401],[-3.4281,48.9555],[-3.5197,48.9438],[-3.5576,48.9241],[-3.648,48.9358],[-3.7162,48.9137],[-3.7398,48.8621],[-3.6953,48.8202],[-3.6903,48.757],[-3.8229,48.7738],[-3.8815,48.7619],[-3.956,48.7988],[-4.0463,48.8112],[-4.1024,48.7927],[-4.1378,48.7509],[-4.2672,48.7222],[-4.3583,48.7374],[-4.4846,48.7044],[-4.5865,48.7051],[-4.7897,48.6023],[-4.845,48.5593],[-4.8604,48.5243],[-4.8557,48.4751],[-4.8772,48.4429],[-5.0553,48.5377],[-5.153,48.526],[-5.2228,48.468],[-5.2218,48.4361],[-5.1884,48.4037],[-5.1318,48.3837],[-5.0456,48.3898],[-4.9262,48.3335],[-4.9237,48.3061],[-4.8937,48.2873],[-4.8503,48.2906],[-4.8216,48.3191],[-4.7726,48.2956],[-4.6556,48.3106],[-4.6911,48.2686],[-4.6621,48.225],[-4.6099,48.2115],[-4.6027,48.1555],[-4.5692,48.1368],[-4.5074,48.1452],[-4.4666,48.1917],[-4.3499,48.173],[-4.3324,48.1367],[-4.4241,48.1391],[-4.7354,48.0944],[-4.7888,48.0439],[-4.8708,48.0774],[-4.9209,48.0432],[-4.9135,48.0228],[-4.8722,48.0018],[-4.8169,47.9997],[-4.7886,48.0216],[-4.4801,47.9511],[-4.4053,47.8645],[-4.4368,47.8153],[-4.4028,47.7693],[-4.179,47.7635],[-4.1358,47.7852],[-4.0997,47.8279],[-4.0352,47.8116],[-3.9498,47.8258],[-3.8952,47.7698],[-3.8202,47.7389],[-3.7426,47.7599],[-3.5556,47.7299]],[[7.9486,50.2434],[7.961,50.2313],[7.9266,50.2364],[7.9486,50.2434]],[[7.7343,50.2312],[7.7748,50.2314],[7.7543,50.2114],[7.7343,50.2312]]]]},"properties":{"id":"Q58296","names":{"da":"Franske republik","de":"Französische Republik","en":"French Republic","fr":"République Française","ga":"An Phoblacht Fhrancach","ko":"프랑스 공화국","nb":"Den franske republikk","nl":"Franse Republiek","nn":"Den franske republikken","no":"Den franske republikk","pdt":"Fraunkrikj","sco":"French Republic","sv":"Franska republiken"},"from":1798.9489247311828,"to":1802.6935483870968,"wikidata":"Q58296","adminLevel":2,"source":"OpenHistoricalMap","sourceUrl":"https://www.openhistoricalmap.org"}},{"type":"Feature","geometry":{"type":"MultiPolygon","coordinates":[[[[13.5522,53.4025],[13.5576,53.4073],[13.5521,53.4089],[13.5522,53.4025]]],[[[13.2032,53.2515],[13.2216,53.2559],[13.2042,53.2648],[13.2032,53.2515]]],[[[12.8147,53.2094],[12.848,53.2081],[12.8371,53.2155],[12.8147,53.2094]]],[[[7.5505,50.42],[7.6013,50.3942],[7.6202,50.426],[7.5668,50.4434],[7.5505,50.42]]],[[[10.0971,49.6552],[10.0614,49.6467],[10.0676,49.6241],[10.0875,49.6254],[10.0717,49.5878],[10.2235,49.5836],[10.2022,49.6045],[10.174,49.5983],[10.1624,49.6218],[10.1871,49.6792],[10.2345,49.6952],[10.2393,49.7138],[10.1589,49.7231],[10.1232,49.6956],[10.1788,49.6872],[10.1479,49.649],[10.0971,49.6552]]],[[[7.8798,50.6943],[7.8909,50.7158],[7.916,50.7167],[7.9847,50.6753],[8.0389,50.6969],[8.0431,50.7122],[7.9686,50.7745],[7.9782,50.8337],[7.8355,50.8811],[7.8098,50.8647],[7.8216,50.8176],[7.8029,50.7766],[7.6997,50.7644],[7.6806,50.7928],[7.6559,50.77],[7.5975,50.7636],[7.5816,50.7383],[7.5519,50.7472],[7.439,50.7117],[7.4845,50.6696],[7.4816,50.6262],[7.4568,50.6163],[7.5291,50.5941],[7.5722,50.6132],[7.5723,50.6385],[7.5929,50.652],[7.6724,50.6466],[7.6931,50.6699],[7.7227,50.6739],[7.7013,50.709],[7.7593,50.737],[7.8092,50.7298],[7.8048,50.7111],[7.8364,50.7119],[7.8546,50.6884],[7.8882,50.6791],[7.8798,50.6943]]],[[[11.3463,50.5155],[11.3272,50.5099],[11.3212,50.4889],[11.245,50.4718],[11.2701,50.394],[11.3171,50.4684],[11.3422,50.46],[11.3436,50.4449],[11.4205,50.4435],[11.4198,50.4943],[11.4354,50.5046],[11.4237,50.5162],[11.3463,50.5155]]],[[[12.1309,50.319],[12.1339,50.3319],[12.123,50.3158],[12.1309,50.319]]],[[[12.1346,50.3422],[12.1319,50.3412],[12.1346,50.3407],[12.1346,50.3422]]],[[[12.1273,50.3353],[12.1294,50.336],[12.1284,50.3361],[12.1273,50.3353]]],[[[12.1153,50.3235],[12.1193,50.3317],[12.1092,50.3262],[12.1153,50.3235]],[[12.1172,50.3276],[12.1155,50.3267],[12.1151,50.3282],[12.1172,50.3276]],[[12.1199,50.329],[12.12,50.3268],[12.1171,50.3265],[12.1199,50.329]]],[[[12.1052,50.326],[12.1106,50.3287],[12.1096,50.3303],[12.1052,50.326]]],[[[12.1024,50.3291],[12.1045,50.3296],[12.1029,50.3301],[12.1024,50.3291]]],[[[12.098,50.3239],[12.0966,50.3253],[12.0957,50.3245],[12.098,50.3239]]],[[[11.4443,49.5203],[11.4718,49.5025],[11.5178,49.5127],[11.4443,49.5203]]],[[[11.3496,49.5956],[11.3393,49.5796],[11.3825,49.5649],[11.4031,49.5947],[11.3791,49.6058],[11.3496,49.5956]]],[[[11.2129,49.7289],[11.1992,49.7462],[11.1806,49.7371],[11.1903,49.7229],[11.2129,49.7289]]],[[[11.2792,49.6754],[11.2613,49.6941],[11.1909,49.6912],[11.1966,49.6718],[11.2503,49.6761],[11.2615,49.661],[11.2792,49.6754]]],[[[11.1923,49.8911],[11.2335,49.8743],[11.2287,49.8406],[11.1916,49.8446],[11.2095,49.7808],[11.307,49.7853],[11.2596,49.8725],[11.2761,49.8871],[11.2617,49.8991],[11.1923,49.8911]]],[[[11.4188,50.2016],[11.4586,50.2257],[11.4513,50.2405],[11.3863,50.2465],[11.3746,50.2329],[11.4188,50.2016]]],[[[11.7379,49.8092],[11.8333,49.8112],[11.8336,49.8422],[11.8106,49.853],[11.8038,49.8955],[11.7743,49.9055],[11.7626,49.8911],[11.7756,49.8727],[11.7653,49.8477],[11.7337,49.8324],[11.7379,49.8092]]],[[[10.9977,48.8701],[11.0354,48.9099],[10.9959,48.9293],[10.9417,48.9063],[10.9547,48.8805],[10.9335,48.8613],[10.9977,48.8701]]],[[[11.5981,50.2586],[11.6819,50.3029],[11.7224,50.31],[11.73,50.2986],[11.6929,50.2727],[11.6949,50.2577],[11.6537,50.2542],[11.6661,50.2274],[11.6551,50.2099],[11.6805,50.1945],[11.6606,50.1694],[11.7018,50.1509],[11.6764,50.1404],[11.7142,50.1025],[11.7011,50.0748],[11.6249,50.0884],[11.6434,50.1025],[11.6496,50.1377],[11.6071,50.1435],[11.5796,50.1162],[11.5453,50.125],[11.5418,50.1492],[11.5068,50.1492],[11.4368,50.1857],[11.3983,50.1787],[11.3832,50.194],[11.3599,50.176],[11.3626,50.1593],[11.399,50.1606],[11.3846,50.1307],[11.3667,50.1263],[11.3585,50.0955],[11.32,50.0774],[11.3248,50.0496],[11.285,50.0351],[11.2898,50.0227],[11.2596,50.0055],[11.2795,49.972],[11.3763,49.9313],[11.3544,49.9167],[11.3722,49.892],[11.3963,49.8991],[11.4907,49.861],[11.4714,49.8484],[11.535,49.8176],[11.5168,49.811],[11.526,49.7728],[11.4347,49.7316],[11.429,49.72],[11.4642,49.7184],[11.4738,49.6862],[11.4062,49.6481],[11.399,49.6358],[11.4227,49.6201],[11.5626,49.635],[11.5672,49.6763],[11.5502,49.6985],[11.5739,49.7037],[11.5796,49.7606],[11.6864,49.8046],[11.6754,49.8319],[11.7361,49.8757],[11.7118,49.8914],[11.7298,49.8992],[11.714,49.906],[11.7164,49.9239],[11.7976,49.9514],[11.7955,50.0093],[11.858,50.0221],[11.9222,49.9843],[12.0499,49.9892],[12.0759,49.9946],[12.0443,50.0084],[12.1164,50.0306],[12.1462,49.9919],[12.1918,50.0009],[12.1983,50.0327],[12.2461,50.039],[12.2731,50.0744],[12.1995,50.1109],[12.1952,50.1432],[12.216,50.1682],[12.188,50.2004],[12.0906,50.2524],[12.1359,50.2744],[12.1262,50.3062],[12.0907,50.3242],[12.0992,50.3298],[11.9797,50.3492],[11.9838,50.3894],[11.9202,50.4243],[11.8248,50.3895],[11.7932,50.4185],[11.6282,50.3885],[11.5928,50.4027],[11.5362,50.3817],[11.5205,50.3547],[11.5405,50.342],[11.5343,50.3174],[11.559,50.306],[11.5638,50.281],[11.5356,50.2661],[11.5981,50.2586]],[[12.1024,50.3228],[12.1036,50.323],[12.1027,50.3216],[12.1024,50.3228]]],[[[11.1279,49.5867],[11.0691,49.6078],[11.0124,49.6023],[11.0612,49.6627],[11.0344,49.6734],[10.976,49.661],[10.9705,49.6232],[10.9891,49.6165],[10.9709,49.5833],[10.9534,49.5671],[10.917,49.5738],[10.8978,49.5551],[10.9369,49.5448],[10.9259,49.523],[10.9032,49.5341],[10.8689,49.5199],[10.8353,49.5337],[10.8662,49.547],[10.8353,49.5916],[10.8524,49.6036],[10.8277,49.6036],[10.8133,49.6218],[10.8662,49.6361],[10.8457,49.6629],[10.7934,49.6596],[10.7021,49.6938],[10.5613,49.6765],[10.4858,49.632],[10.5242,49.6197],[10.5366,49.5956],[10.4913,49.5956],[10.3948,49.5519],[10.3838,49.525],[10.4322,49.5036],[10.3872,49.4652],[10.3718,49.4826],[10.4003,49.488],[10.3591,49.5341],[10.3213,49.5337],[10.3251,49.5637],[10.0992,49.529],[10.0624,49.5453],[10.039,49.5302],[10.0526,49.5098],[10.0111,49.483],[9.9789,49.484],[9.9862,49.4306],[10.0085,49.4246],[10.0206,49.4431],[10.0549,49.4338],[10.0638,49.4467],[10.116,49.4224],[10.1431,49.4293],[10.0885,49.4492],[10.0947,49.4617],[10.1733,49.4679],[10.1709,49.4837],[10.2884,49.4512],[10.3069,49.4333],[10.2571,49.4027],[10.2647,49.3893],[10.2526,49.3844],[10.2712,49.3381],[10.3069,49.3242],[10.2976,49.3112],[10.3304,49.3048],[10.3309,49.2924],[10.2945,49.2642],[10.3023,49.2562],[10.2532,49.2324],[10.1824,49.2262],[10.0365,49.259],[10.0405,49.2965],[10.0599,49.2941],[10.06,49.3106],[9.9224,49.3255],[9.9382,49.2868],[9.9902,49.2609],[9.875,49.256],[9.8759,49.2404],[9.9656,49.2325],[9.9885,49.2455],[10.0192,49.2288],[10.0307,49.2058],[10.0108,49.1929],[10.0207,49.1829],[9.9886,49.1884],[9.9569,49.1692],[9.9734,49.1579],[9.9455,49.139],[9.9461,49.1229],[10.0192,49.0957],[10.014,49.0776],[10.0497,49.0766],[10.0971,49.102],[10.111,49.0741],[10.161,49.0659],[10.1569,49.0753],[10.196,49.0798],[10.225,49.1038],[10.2545,49.1033],[10.2417,49.0766],[10.2616,49.0856],[10.2935,49.0662],[10.3134,49.0901],[10.3649,49.0752],[10.3378,49.0597],[10.4123,49.0199],[10.5343,49.0134],[10.551,49.0333],[10.5834,49.0322],[10.6059,49.0094],[10.5874,48.9982],[10.5908,48.9685],[10.6128,48.9699],[10.6708,48.9074],[10.7089,48.8961],[10.7446,48.9189],[10.7961,48.9157],[10.8064,48.9396],[10.8888,48.9338],[10.9094,48.9446],[10.9063,48.9705],[10.8799,48.9978],[10.9163,49.0124],[10.905,49.025],[10.9582,49.0403],[10.9304,49.0559],[10.9369,49.0748],[11.0131,49.059],[10.9863,49.0282],[11.0907,49.023],[11.1678,49.031],[11.17,49.0489],[11.1906,49.0511],[11.2064,49.0345],[11.2225,49.0392],[11.2164,49.0559],[11.2521,49.0487],[11.3036,49.0676],[11.2222,49.1496],[11.1889,49.1078],[11.2071,49.0844],[11.0989,49.079],[11.0732,49.099],[11.0416,49.0619],[10.9963,49.0934],[10.9678,49.093],[10.9266,49.1516],[10.8717,49.1597],[10.8418,49.1826],[10.8438,49.2006],[10.8789,49.2129],[10.894,49.1988],[10.9846,49.1869],[10.9657,49.1572],[11.0502,49.1752],[11.067,49.1539],[11.215,49.2111],[11.2026,49.2259],[11.228,49.2481],[11.1769,49.2826],[11.2109,49.3173],[11.2308,49.3059],[11.2308,49.3231],[11.2555,49.3231],[11.3066,49.2983],[11.3557,49.3224],[11.3125,49.354],[11.1944,49.3399],[11.1425,49.3645],[11.0996,49.3341],[11.1158,49.3667],[11.1068,49.3737],[11.0351,49.3714],[10.9753,49.4552],[10.929,49.4451],[10.9022,49.4585],[10.9561,49.4777],[10.951,49.5049],[10.9889,49.5529],[11.022,49.5563],[11.0121,49.5751],[11.1279,49.5867]],[[10.9355,49.2084],[10.9475,49.2488],[10.9942,49.2651],[11.0299,49.2317],[10.9355,49.2084]],[[10.7913,49.2217],[10.8105,49.2184],[10.8056,49.2086],[10.7913,49.2217]],[[10.6712,49.2871],[10.6526,49.2862],[10.6519,49.2992],[10.6904,49.3104],[10.7796,49.2803],[10.7742,49.2588],[10.735,49.2449],[10.621,49.2346],[10.6554,49.2517],[10.6712,49.2871]],[[10.9355,49.3327],[10.9465,49.3502],[10.9328,49.3529],[10.9369,49.377],[10.9925,49.3953],[10.9959,49.3707],[10.9678,49.3475],[10.9987,49.3363],[10.9355,49.3327]],[[10.8902,49.0869],[10.9146,49.0637],[10.8844,49.0597],[10.8902,49.0869]],[[11.0928,49.0381],[11.0752,49.064],[11.1086,49.0739],[11.1309,49.0534],[11.0928,49.0381]],[[10.8823,49.1532],[10.9208,49.1343],[10.8583,49.1298],[10.8823,49.1532]],[[10.7439,49.0284],[10.6945,49.028],[10.6677,49.0451],[10.6986,49.0707],[10.7419,49.0581],[10.7439,49.0284]],[[10.6897,49.1346],[10.6718,49.1125],[10.6313,49.1026],[10.6217,49.1224],[10.5853,49.1274],[10.5798,49.1561],[10.6471,49.1642],[10.61,49.179],[10.6602,49.197],[10.6897,49.1346]],[[10.564,49.201],[10.5785,49.1772],[10.4906,49.1925],[10.4995,49.2109],[10.4871,49.2136],[10.3482,49.2257],[10.3877,49.2611],[10.4389,49.258],[10.4557,49.2842],[10.5094,49.2589],[10.578,49.2509],[10.564,49.201]],[[10.1527,49.1202],[10.1699,49.1128],[10.1555,49.108],[10.1527,49.1202]],[[10.1854,49.1112],[10.2001,49.102],[10.1764,49.1038],[10.1854,49.1112]],[[10.2216,49.1177],[10.1924,49.1263],[10.2185,49.161],[10.2554,49.1305],[10.2216,49.1177]],[[10.47,49.055],[10.5074,49.0509],[10.4909,49.0406],[10.47,49.055]],[[10.4545,49.0435],[10.459,49.0239],[10.4188,49.0241],[10.4188,49.039],[10.4545,49.0435]],[[10.3896,49.093],[10.3659,49.1103],[10.4271,49.1015],[10.3896,49.093]],[[10.368,49.0637],[10.38,49.0604],[10.3649,49.0561],[10.368,49.0637]],[[10.7288,49.4547],[10.6821,49.4646],[10.713,49.4944],[10.7336,49.4878],[10.7474,49.4561],[10.7288,49.4547]],[[10.4775,49.3971],[10.4308,49.4239],[10.47,49.4507],[10.5592,49.4512],[10.5235,49.4163],[10.5874,49.4123],[10.5853,49.3922],[10.4775,49.3971]]],[[[12.082,51.6877],[12.0984,51.6883],[12.0968,51.6994],[12.082,51.6877]]],[[[12.0895,51.7145],[12.0684,51.7201],[12.059,51.7107],[12.0895,51.7145]]],[[[11.8873,51.7311],[11.9067,51.727],[11.9088,51.7404],[11.8843,51.7508],[11.8668,51.7409],[11.8873,51.7311]]],[[[12.4137,51.5529],[12.4372,51.5308],[12.4487,51.5372],[12.4137,51.5529]]],[[[13.7147,51.9055],[13.7044,51.9032],[13.7281,51.8907],[13.7374,51.9072],[13.7147,51.9055]]],[[[13.8182,51.9289],[13.786,51.9161],[13.7851,51.9011],[13.835,51.8982],[13.8182,51.9289]]],[[[13.843,51.8486],[13.8251,51.8778],[13.7925,51.867],[13.8071,51.8397],[13.84,51.8359],[13.843,51.8486]]],[[[13.9056,51.8632],[13.8828,51.8612],[13.8898,51.839],[13.9111,51.8399],[13.9056,51.8632]]],[[[13.9047,51.823],[13.892,51.8138],[13.901,51.8078],[13.9193,51.8192],[13.9047,51.823]]],[[[14.0099,51.7411],[13.9977,51.7364],[14.0147,51.7173],[14.0342,51.7234],[14.0099,51.7411]]],[[[14.0758,51.7206],[14.0324,51.6988],[14.0468,51.6788],[14.1051,51.6995],[14.107,51.7134],[14.0758,51.7206]]],[[[13.9722,51.836],[13.9858,51.8218],[14.0012,51.8291],[13.9722,51.836]]],[[[14.3826,52.1234],[14.367,52.1202],[14.401,52.0951],[14.4316,52.1014],[14.3826,52.1234]]],[[[14.6872,51.997],[14.682,51.9813],[14.7019,51.979],[14.7152,51.9972],[14.6872,51.997]]],[[[14.7425,51.9744],[14.7366,51.9631],[14.7629,51.9691],[14.7425,51.9744]]],[[[14.6618,51.9189],[14.6192,51.9121],[14.6292,51.8924],[14.6679,51.8986],[14.6618,51.9189]]],[[[10.8035,52.4625],[10.7931,52.4442],[10.8062,52.413],[10.8203,52.4299],[10.8035,52.4625]]],[[[10.8818,52.376],[10.8733,52.3902],[10.9068,52.4138],[10.8463,52.4072],[10.8331,52.3922],[10.8514,52.3646],[10.8818,52.376]]],[[[12.7304,51.9886],[12.6677,52.0133],[12.6527,52.002],[12.7137,51.9735],[12.7304,51.9886]]],[[[12.1158,53.3674],[12.1312,53.3656],[12.1256,53.3731],[12.1158,53.3674]]],[[[6.4478,46.9112],[6.4645,46.8903],[6.4602,46.8513],[6.4838,46.8469],[6.6296,46.8893],[6.6543,46.9137],[6.7223,46.9343],[6.7188,46.9038],[6.7415,46.8949],[6.7381,46.8705],[6.7793,46.8536],[7.0017,46.9877],[7.0381,46.9803],[7.0333,47.0327],[7.0884,47.0597],[7.0772,47.0764],[7.0885,47.0827],[7.0288,47.1043],[7.0408,47.1243],[7.0278,47.1271],[6.8692,47.0874],[6.8889,47.1311],[6.8615,47.1656],[6.703,47.0823],[6.6922,47.0679],[6.7196,47.052],[6.7118,47.0221],[6.6088,46.9831],[6.4965,46.9741],[6.4391,46.9308],[6.4478,46.9112]]],[[[12.9685,51.9624],[12.9695,51.9754],[12.9314,51.9721],[12.9685,51.9624]]],[[[13.23,51.8781],[13.2206,51.8578],[13.2359,51.8286],[13.3104,51.8272],[13.298,51.839],[13.3081,51.8534],[13.2741,51.8717],[13.2661,51.8947],[13.2356,51.895],[13.23,51.8781]]],[[[14.4693,51.5825],[14.5026,51.5812],[14.4788,51.6037],[14.4693,51.5825]]],[[[14.5445,51.5736],[14.5026,51.5665],[14.5216,51.5555],[14.5445,51.5736]]],[[[14.6095,51.5501],[14.6131,51.5334],[14.6377,51.5287],[14.6457,51.5541],[14.6747,51.5511],[14.6944,51.5713],[14.6515,51.5765],[14.6434,51.5932],[14.6083,51.5901],[14.6154,51.5682],[14.6394,51.5605],[14.6095,51.5501]]],[[[14.2268,51.5807],[14.2657,51.5771],[14.2685,51.5384],[14.3093,51.5451],[14.3008,51.5766],[14.3317,51.5809],[14.3214,51.6061],[14.2396,51.615],[14.2268,51.5807]]],[[[14.3036,51.6377],[14.2808,51.6272],[14.3152,51.6188],[14.3036,51.6377]]],[[[11.3424,52.3816],[11.3715,52.3751],[11.3713,52.3892],[11.3424,52.3816]]],[[[6.8248,51.4532],[6.8503,51.4726],[6.8136,51.4773],[6.8692,51.4903],[6.857,51.5049],[6.8763,51.5366],[6.8597,51.5575],[6.868,51.5661],[6.8379,51.5761],[6.8661,51.5965],[6.8631,51.6151],[6.9597,51.6575],[6.8822,51.6721],[6.848,51.7453],[6.7726,51.7459],[6.7501,51.7751],[6.7059,51.7497],[6.6296,51.7365],[6.578,51.7836],[6.4631,51.8352],[6.409,51.8468],[6.4017,51.8273],[6.324,51.8514],[6.2736,51.8341],[6.1972,51.8581],[6.2015,51.8766],[6.1656,51.8511],[6.1128,51.8498],[6.1194,51.8601],[6.085,51.8815],[6.042,51.8737],[6.0981,51.8498],[6.2639,51.8225],[6.3149,51.7954],[6.3419,51.7579],[6.4191,51.7485],[6.4124,51.7148],[6.4644,51.6989],[6.4906,51.6324],[6.5145,51.6598],[6.595,51.6557],[6.5985,51.5752],[6.6783,51.5753],[6.6783,51.5345],[6.7248,51.5059],[6.6836,51.4755],[6.7214,51.463],[6.7165,51.4318],[6.7451,51.4046],[6.7276,51.3819],[6.7379,51.375],[6.8047,51.3823],[6.8253,51.4018],[6.8248,51.4532]]],[[[7.546,52.6095],[7.4646,52.6177],[7.2552,52.5825],[7.2691,52.5333],[7.2997,52.5131],[7.2867,52.4955],[7.2975,52.4722],[7.3547,52.4551],[7.4314,52.3649],[7.5448,52.3663],[7.6167,52.421],[7.6708,52.396],[7.6741,52.3783],[7.6008,52.3375],[7.6784,52.2568],[7.6462,52.2179],[7.7142,52.1806],[7.7234,52.1429],[7.7045,52.1297],[7.7151,52.1109],[7.7497,52.0949],[7.7941,52.1043],[7.8817,52.0853],[8.0077,52.1156],[8.0033,52.1597],[8.0235,52.1597],[8.007,52.1762],[7.9358,52.1768],[7.8998,52.208],[7.9202,52.2219],[7.9244,52.2624],[7.9574,52.2726],[7.9329,52.2978],[7.9893,52.3035],[7.9423,52.3579],[7.8919,52.3807],[7.8066,52.3714],[7.6926,52.4111],[7.6829,52.4578],[7.6121,52.4711],[7.6199,52.5812],[7.6075,52.6094],[7.546,52.6095]]],[[[7.2468,53.1173],[7.3646,53.1053],[7.3814,53.0793],[7.5676,53.0385],[7.6088,53.0423],[7.6412,53.1855],[7.7114,53.179],[7.7077,53.2242],[7.8503,53.2939],[7.8854,53.3519],[7.8586,53.3987],[7.9668,53.4438],[7.989,53.4742],[8.026,53.4622],[7.9936,53.4775],[8.002,53.5165],[7.98,53.5251],[7.9484,53.5068],[7.8968,53.5152],[7.8215,53.501],[7.8567,53.6081],[7.8214,53.6311],[7.8405,53.6418],[7.8095,53.7085],[7.8346,53.7495],[7.8357,53.7827],[7.8066,53.8319],[7.6831,53.8352],[7.6097,53.8144],[7.1811,53.7756],[7.059,53.7414],[6.8419,53.722],[6.724,53.6687],[6.6123,53.6529],[6.563,53.6229],[6.5512,53.5827],[6.6155,53.5374],[6.7262,53.4869],[6.8924,53.4392],[6.8968,53.3646],[6.9245,53.3396],[7.0479,53.3071],[7.1918,53.315],[7.2901,53.2249],[7.2551,53.1809],[7.2661,53.1719],[7.1859,53.141],[7.2028,53.1134],[7.2468,53.1173]]],[[[8.4105,52.115],[8.2679,52.132],[8.1857,52.0723],[8.0965,52.0572],[8.0777,52.0089],[8.095,51.9977],[8.2476,52.0111],[8.3121,51.9699],[8.3781,51.9741],[8.405,51.9586],[8.4,51.9412],[8.4716,51.9431],[8.5045,51.9222],[8.6205,51.9331],[8.6528,51.9833],[8.661,52.0095],[8.6481,52.0342],[8.673,52.0873],[8.716,52.0903],[8.7422,52.118],[8.8077,52.1262],[8.8658,52.1028],[8.8962,52.1205],[8.8965,52.1527],[8.9259,52.1843],[8.9829,52.1812],[8.9933,52.1963],[9.0388,52.1838],[9.0363,52.2199],[9.0718,52.2282],[9.0656,52.2362],[8.9786,52.2616],[8.9638,52.2789],[8.9881,52.2873],[8.998,52.3184],[9.0313,52.3451],[9.0562,52.34],[9.086,52.3578],[9.1253,52.412],[9.0947,52.4431],[9.1383,52.4754],[9.0501,52.4965],[8.9353,52.4045],[8.7467,52.3878],[8.7082,52.3994],[8.7095,52.4771],[8.683,52.5188],[8.6522,52.5315],[8.415,52.4456],[8.3007,52.4571],[8.3216,52.4193],[8.3123,52.4075],[8.4422,52.361],[8.4708,52.3155],[8.4667,52.2464],[8.4445,52.216],[8.4564,52.1995],[8.5128,52.1866],[8.4128,52.1377],[8.4105,52.115]]],[[[7.9317,51.6297],[7.9427,51.5866],[7.9764,51.588],[7.9922,51.5642],[7.9847,51.5351],[8.0531,51.5215],[8.2471,51.5297],[8.2472,51.5455],[8.2263,51.555],[8.231,51.6008],[8.2051,51.609],[8.1959,51.6341],[8.0255,51.638],[7.9733,51.6913],[7.9223,51.7053],[7.6508,51.6583],[7.5359,51.6102],[7.4759,51.6206],[7.5377,51.5066],[7.459,51.4867],[7.4316,51.5007],[7.4079,51.5674],[7.3162,51.5964],[7.0229,51.5213],[7.0949,51.5009],[7.1137,51.4723],[7.079,51.4507],[7.1173,51.3808],[7.1563,51.3685],[7.146,51.3413],[7.1727,51.2995],[7.2319,51.2975],[7.2319,51.2572],[7.3999,51.2421],[7.4032,51.2248],[7.4302,51.2212],[7.4206,51.1884],[7.4486,51.1633],[7.4736,51.1633],[7.472,51.1406],[7.5023,51.1304],[7.5041,51.1016],[7.5849,51.105],[7.6263,51.0686],[7.6854,51.0821],[7.8105,51.0713],[7.8374,51.125],[7.8009,51.1462],[7.9087,51.1827],[7.9496,51.1757],[7.93,51.206],[7.9505,51.2286],[7.9118,51.2513],[7.8585,51.2455],[7.7911,51.2676],[7.812,51.2872],[7.7746,51.3162],[7.7769,51.3384],[7.8354,51.3582],[7.8481,51.3889],[7.7923,51.4168],[7.7554,51.4172],[7.6933,51.3917],[7.6291,51.3403],[7.5627,51.3175],[7.5461,51.3264],[7.5487,51.3636],[7.5226,51.3853],[7.5449,51.4145],[7.6717,51.4746],[7.8415,51.4775],[7.8495,51.4978],[7.8331,51.5391],[7.8646,51.5709],[7.9134,51.5783],[7.9139,51.6161],[7.9317,51.6297]]],[[[11.6085,51.6638],[11.554,51.6693],[11.5116,51.6088],[11.4519,51.611],[11.3597,51.5525],[11.4346,51.5226],[11.5389,51.5597],[11.5798,51.5489],[11.581,51.5269],[11.5223,51.5188],[11.5353,51.4957],[11.5162,51.486],[11.6936,51.4232],[11.7085,51.3963],[11.8089,51.4111],[11.7591,51.4274],[11.7825,51.4672],[11.7985,51.4691],[11.8357,51.424],[11.853,51.4605],[11.9432,51.4814],[11.9546,51.4799],[11.9259,51.4459],[11.9633,51.4099],[12.013,51.402],[12.0499,51.4225],[12.0445,51.3929],[12.0636,51.388],[12.0832,51.3913],[12.0903,51.4232],[12.1588,51.4107],[12.1702,51.4232],[12.1509,51.4589],[12.0766,51.4537],[12.0384,51.4766],[12.039,51.4881],[12.0877,51.4853],[12.0544,51.494],[12.0711,51.5124],[12.1276,51.5173],[12.078,51.5341],[12.1601,51.5511],[12.1648,51.5764],[12.0193,51.5916],[12.0198,51.5802],[11.9802,51.5749],[11.9862,51.5966],[11.9532,51.6009],[11.964,51.6227],[11.92,51.6224],[11.9454,51.6309],[11.934,51.6338],[11.9487,51.6667],[11.9131,51.6485],[11.808,51.6894],[11.7982,51.7243],[11.7691,51.7507],[11.6998,51.744],[11.7233,51.7325],[11.7104,51.7158],[11.6235,51.7323],[11.6154,51.7035],[11.635,51.6999],[11.6176,51.6945],[11.6085,51.6638]],[[12.0635,51.3924],[12.0627,51.3909],[12.0597,51.3932],[12.0635,51.3924]],[[12.0493,51.3961],[12.0477,51.394],[12.0464,51.3948],[12.0493,51.3961]]],[[[10.6678,51.6701],[10.7017,51.641],[10.7494,51.6406],[10.7827,51.6703],[10.7341,51.6714],[10.6816,51.6982],[10.663,51.6911],[10.6678,51.6701]]],[[[10.4772,51.503],[10.5311,51.489],[10.5325,51.4755],[10.507,51.4725],[10.5345,51.4486],[10.4734,51.4437],[10.524,51.3706],[10.5517,51.3831],[10.5715,51.3675],[10.5647,51.3862],[10.5781,51.3863],[10.6005,51.3673],[10.6267,51.3823],[10.633,51.3617],[10.7007,51.3323],[10.7174,51.3652],[10.6818,51.3841],[10.6938,51.3956],[10.7666,51.3913],[10.7999,51.4122],[10.7687,51.4367],[10.7861,51.4765],[10.7544,51.4886],[10.7727,51.5338],[10.66,51.6209],[10.6381,51.6193],[10.6471,51.6089],[10.6328,51.5981],[10.6662,51.5758],[10.6514,51.5581],[10.5923,51.5832],[10.5758,51.5628],[10.5788,51.6106],[10.5254,51.6226],[10.5169,51.6057],[10.5307,51.5719],[10.5019,51.5606],[10.5104,51.55],[10.4733,51.5513],[10.4772,51.503]],[[10.7251,51.4341],[10.7461,51.4278],[10.7425,51.4152],[10.716,51.413],[10.7251,51.4341]],[[10.5421,51.52],[10.5647,51.507],[10.5311,51.5017],[10.5421,51.52]],[[10.5493,51.4492],[10.5402,51.4641],[10.5722,51.464],[10.5493,51.4492]]],[[[14.0687,51.6125],[14.0836,51.5719],[14.1244,51.5683],[14.1879,51.59],[14.2397,51.6395],[14.1842,51.6472],[14.1811,51.6681],[14.2231,51.6806],[14.3278,51.6377],[14.4286,51.6596],[14.4554,51.6433],[14.5593,51.6509],[14.5887,51.6761],[14.5291,51.694],[14.5106,51.7397],[14.5683,51.7449],[14.5056,51.7831],[14.5639,51.8085],[14.5424,51.8261],[14.5454,51.8463],[14.5926,51.8771],[14.5523,51.896],[14.5253,51.9314],[14.5419,51.9573],[14.4599,51.9662],[14.4104,51.9378],[14.3192,51.935],[14.2235,51.9042],[14.2154,51.8693],[14.1644,51.8587],[14.0822,51.8732],[14.0726,51.8268],[14.1161,51.8143],[14.122,51.7902],[14.101,51.7544],[14.1113,51.7396],[14.139,51.7398],[14.164,51.7095],[14.1642,51.6386],[14.127,51.6405],[14.1075,51.6638],[14.0989,51.6286],[14.0687,51.6125]],[[14.2082,51.7527],[14.1761,51.7533],[14.1811,51.7676],[14.2082,51.7527]],[[14.2819,51.7815],[14.2379,51.7682],[14.232,51.786],[14.2752,51.7933],[14.2819,51.7815]],[[14.2934,51.6825],[14.3196,51.6809],[14.3152,51.6738],[14.2934,51.6825]],[[14.2931,51.707],[14.2834,51.72],[14.3329,51.7174],[14.3255,51.6984],[14.2931,51.707]],[[14.2203,51.6911],[14.1924,51.6836],[14.1921,51.7155],[14.2154,51.7101],[14.2203,51.6911]]],[[[10.945,51.8156],[10.9751,51.8055],[10.9538,51.8194],[10.945,51.8156]]],[[[13.0721,53.2005],[13.0399,53.1943],[13.0557,53.1791],[13.0721,53.2005]]],[[[12.7678,53.7207],[12.8043,53.6736],[12.7925,53.6551],[12.8156,53.6158],[12.8642,53.62],[12.8761,53.6594],[12.8349,53.6765],[12.7994,53.7158],[12.7678,53.7207]]],[[[21.5207,55.4975],[21.4967,55.5803],[21.458,55.6091],[21.4089,55.6892],[21.348,55.7398],[21.3704,55.7589],[21.3645,55.7824],[21.2904,55.852],[21.0956,55.8929],[20.9657,55.8972],[20.9693,55.8214],[21.0162,55.6324],[21.0129,55.5778],[20.9692,55.4329],[20.8377,55.2737],[20.5471,55.0535],[20.4313,55.0102],[20.3509,54.9946],[20.2721,55.0132],[20.1348,54.999],[19.9857,55.0181],[19.9098,55.0013],[19.8438,54.9143],[19.8419,54.8584],[19.8746,54.7971],[19.8641,54.7553],[19.7569,54.623],[19.5475,54.4826],[19.3629,54.4284],[19.0405,54.4015],[18.96,54.415],[18.8849,54.4021],[18.7821,54.4231],[18.6594,54.4672],[18.6492,54.5617],[18.6037,54.6568],[18.6448,54.6433],[18.7449,54.5553],[18.8436,54.5429],[18.9061,54.5763],[18.9191,54.6149],[18.8985,54.6557],[18.8157,54.7096],[18.3702,54.8833],[17.9542,54.8851],[17.2446,54.7832],[17.0079,54.7152],[16.8582,54.642],[16.4792,54.5864],[16.3705,54.5276],[16.2101,54.3905],[16.0608,54.3178],[15.813,54.2896],[15.4786,54.2189],[15.2428,54.1938],[14.6818,54.0676],[14.3594,53.965],[14.2582,53.9771],[14.0512,54.1008],[13.9689,54.1176],[13.9035,54.1683],[13.8189,54.1941],[13.7774,54.1881],[13.7357,54.1729],[13.7341,54.1551],[13.8104,54.1],[13.764,54.0191],[13.852,53.9877],[13.924,53.9188],[13.819,53.8595],[13.7833,53.8561],[13.7641,53.8754],[13.6542,53.8658],[13.5173,53.8825],[13.4445,53.9181],[13.3836,53.9109],[13.2741,53.9746],[13.2128,53.9586],[13.135,53.9688],[13.0632,53.9384],[13.0804,53.9328],[13.0533,53.9146],[13.0257,53.9175],[13.0253,53.8918],[12.8908,53.8711],[12.8925,53.8415],[12.7787,53.7668],[12.818,53.7239],[12.8784,53.7165],[12.9306,53.7437],[12.9769,53.7331],[13.0663,53.761],[13.1,53.7522],[13.0944,53.7434],[13.1167,53.735],[13.1108,53.6935],[13.0743,53.6919],[13.0837,53.6807],[13.0691,53.6693],[13.1214,53.6301],[13.1744,53.6452],[13.2263,53.6162],[13.2491,53.6169],[13.2683,53.6632],[13.4126,53.7078],[13.4368,53.751],[13.5024,53.7435],[13.5469,53.696],[13.6423,53.7043],[13.8613,53.6704],[13.7612,53.6217],[13.7654,53.5957],[13.7259,53.5719],[13.7248,53.5429],[13.6788,53.5358],[13.6715,53.5166],[13.6937,53.5088],[13.6872,53.491],[13.702,53.4733],[13.5493,53.3961],[13.5427,53.364],[13.5162,53.3521],[13.5237,53.3201],[13.5052,53.3264],[13.4913,53.2969],[13.4428,53.2983],[13.3891,53.2428],[13.3495,53.2782],[13.2478,53.2655],[13.2286,53.2527],[13.2511,53.2471],[13.2296,53.2164],[13.1853,53.2488],[13.111,53.2398],[13.1186,53.1866],[13.1978,53.1711],[13.1866,53.1589],[13.1959,53.1319],[13.2275,53.1136],[13.2871,53.1388],[13.365,53.0833],[13.3451,53.0711],[13.2345,53.0562],[13.1509,53.0967],[13.1062,53.0992],[13.1139,53.1268],[13.132,53.1341],[13.0288,53.1832],[12.98,53.1626],[12.942,53.1746],[12.9684,53.1986],[12.8797,53.1793],[12.8485,53.2006],[12.7716,53.1878],[12.7459,53.1983],[12.7581,53.2221],[12.6708,53.2297],[12.6603,53.2547],[12.6057,53.2444],[12.5292,53.2648],[12.4436,53.2524],[12.3916,53.2852],[12.3881,53.3023],[12.2568,53.3253],[12.2221,53.3575],[12.1687,53.3394],[12.1521,53.3616],[12.0819,53.3464],[12.0645,53.377],[12.0246,53.3956],[11.9835,53.3529],[12.0161,53.3329],[12.0237,53.3042],[12.0067,53.3001],[11.9907,53.3279],[11.9792,53.3163],[11.9909,53.2984],[11.9542,53.2737],[11.8925,53.2793],[11.8621,53.2487],[11.8048,53.2538],[11.834,53.2318],[11.7282,53.2171],[11.7001,53.2438],[11.621,53.2384],[11.5101,53.1794],[11.4464,53.1696],[11.4149,53.1373],[11.3954,53.14],[11.3905,53.1106],[11.2693,53.1219],[11.2749,53.096],[11.3381,53.0555],[11.4477,53.0785],[11.5132,53.0468],[11.562,53.0428],[11.5607,53.004],[11.5192,53.0068],[11.5026,52.9918],[11.4927,52.9597],[11.5053,52.9408],[11.2952,52.8748],[11.2936,52.8862],[11.2377,52.8807],[11.1578,52.9057],[11.1171,52.8966],[11.0847,52.9131],[11.0009,52.9116],[10.9429,52.8547],[10.7648,52.842],[10.7553,52.7861],[10.7873,52.7531],[10.7951,52.7187],[10.8322,52.7113],[10.925,52.615],[10.9768,52.6243],[10.9374,52.5687],[11.0088,52.4965],[10.9433,52.4923],[10.9336,52.4604],[11.0663,52.3733],[11.0579,52.3504],[10.9855,52.3431],[11.0328,52.312],[11.0377,52.3019],[11.0118,52.2907],[11.0392,52.2583],[11.0848,52.2373],[11.0256,52.2099],[11.0119,52.1879],[11.0614,52.1684],[11.0344,52.1297],[10.9442,52.0996],[10.9712,52.0812],[10.968,52.0535],[10.987,52.0518],[10.9744,52.0183],[10.9523,52.0186],[10.9563,52.0579],[10.8808,52.0589],[10.8038,52.0476],[10.8221,52.0266],[10.8118,52.0005],[10.7261,52.0018],[10.7086,52.0118],[10.7677,52.0341],[10.7438,52.0465],[10.7536,52.0801],[10.7349,52.0971],[10.7219,52.0498],[10.6242,52.0387],[10.5788,52.0614],[10.5582,52.006],[10.6199,51.9576],[10.6443,51.9614],[10.6113,51.9228],[10.6502,51.9009],[10.6307,51.8717],[10.5789,51.8476],[10.574,51.8108],[10.611,51.7699],[10.6977,51.7538],[10.6889,51.7708],[10.7413,51.76],[10.7468,51.7805],[10.8243,51.7909],[10.8796,51.8645],[10.903,51.8396],[11.0562,51.831],[11.0159,51.8064],[11.0119,51.7835],[11.0379,51.7876],[11.0347,51.7635],[11.0099,51.7636],[10.9988,51.7308],[10.9722,51.7258],[10.9787,51.6966],[11.0316,51.6772],[11.1216,51.7204],[11.0964,51.8094],[11.0969,51.8264],[11.1226,51.843],[11.2342,51.8485],[11.216,51.8135],[11.2356,51.7785],[11.2665,51.807],[11.3631,51.8078],[11.3169,51.8212],[11.3213,51.8305],[11.3966,51.8154],[11.4189,51.7807],[11.38,51.7505],[11.2973,51.7564],[11.3114,51.7488],[11.2687,51.7084],[11.2056,51.6875],[11.2088,51.6644],[11.2355,51.6526],[11.2348,51.6279],[11.2583,51.6088],[11.3495,51.6505],[11.3458,51.6819],[11.3915,51.6978],[11.4004,51.7275],[11.4457,51.7125],[11.4893,51.7272],[11.4891,51.745],[11.5603,51.7359],[11.5111,51.7651],[11.5238,51.7941],[11.4895,51.793],[11.4881,51.8342],[11.4759,51.8399],[11.4756,51.8538],[11.5258,51.8824],[11.5732,51.8521],[11.6695,51.8554],[11.6602,51.8323],[11.7004,51.8478],[11.7236,51.833],[11.7253,51.8672],[11.7646,51.8634],[11.7834,51.8811],[11.8281,51.8723],[11.8596,51.8156],[11.9373,51.8815],[11.9591,51.8695],[11.9642,51.8453],[11.9509,51.8068],[11.9263,51.8015],[11.9443,51.7907],[11.9884,51.791],[11.9727,51.8005],[12.0518,51.8323],[12.1074,51.8265],[12.1039,51.8056],[12.1304,51.8104],[12.1439,51.8661],[12.0262,51.8626],[11.9744,51.909],[11.9604,51.9284],[11.9963,51.9558],[11.987,51.9778],[11.961,51.9804],[11.9642,51.999],[12.0522,52.0452],[12.0307,52.0479],[12.0745,52.0759],[12.1338,52.0693],[12.178,52.0768],[12.2118,52.1025],[12.2766,52.1038],[12.2572,52.1344],[12.2952,52.1547],[12.3579,52.137],[12.4205,52.1522],[12.443,52.1775],[12.4912,52.1717],[12.5027,52.2007],[12.5422,52.1987],[12.5265,52.2317],[12.5357,52.2474],[12.5684,52.2517],[12.5713,52.2684],[12.631,52.2387],[12.7838,52.2035],[12.8362,52.2475],[12.7816,52.2688],[12.7883,52.2895],[12.8974,52.2966],[12.9108,52.2741],[12.8451,52.2493],[12.8547,52.2049],[12.8233,52.1853],[12.8322,52.1402],[12.7793,52.0993],[12.8399,52.0851],[12.8473,52.0695],[12.8274,52.0421],[12.8761,52.0196],[12.9416,52.0341],[13.025,52.0005],[13.1036,52.0194],[13.1599,51.9967],[13.1941,52.0262],[13.2126,51.9886],[13.2457,51.99],[13.2457,51.9413],[13.3526,51.9468],[13.3726,51.9315],[13.3865,51.9337],[13.3753,51.9522],[13.32,51.9734],[13.3154,51.9893],[13.356,51.9982],[13.3609,52.0416],[13.3272,52.058],[13.3272,52.0774],[13.2738,52.0851],[13.4982,52.1113],[13.5497,52.1417],[13.5526,52.0919],[13.6376,52.0661],[13.6733,52.021],[13.7019,52.0279],[13.6933,52.0587],[13.729,52.0997],[13.7601,52.0867],[13.7726,52.0571],[13.727,52.0242],[13.7842,52.02],[13.8585,51.9886],[13.8624,52.0395],[13.9741,52.0893],[13.9515,52.1114],[13.9623,52.1156],[14.0423,52.1146],[14.1946,52.058],[14.2239,52.0959],[14.2021,52.1019],[14.2112,52.1322],[14.2418,52.1254],[14.2798,52.1518],[14.3135,52.1413],[14.3715,52.151],[14.3622,52.1682],[14.3782,52.1945],[14.4228,52.2343],[14.5318,52.2208],[14.5583,52.2251],[14.5472,52.2388],[14.617,52.2596],[14.7036,52.2142],[14.7037,52.2344],[14.6908,52.2251],[14.6777,52.241],[14.6967,52.2536],[14.7125,52.2223],[14.687,52.1975],[14.7038,52.1672],[14.6805,52.1461],[14.6867,52.1063],[14.791,52.0957],[14.8062,52.0907],[14.8045,52.0747],[14.8453,52.077],[14.8809,52.0553],[14.9193,51.9626],[14.95,51.9438],[14.9435,51.9311],[14.9641,51.929],[14.9325,51.8961],[14.972,51.8855],[14.9673,51.8741],[14.8979,51.8725],[14.909,51.8387],[14.9422,51.8323],[14.965,51.8071],[14.9218,51.781],[14.9561,51.7554],[14.9374,51.7415],[14.9888,51.7483],[14.9717,51.777],[15.0239,51.7973],[14.987,51.8102],[15.0103,51.8332],[15.0508,51.8369],[15.0642,51.8639],[15.1575,51.8829],[15.1772,51.8707],[15.1729,51.8585],[15.1941,51.8561],[15.2401,51.7823],[15.2203,51.7772],[15.2343,51.7055],[15.2686,51.6617],[15.2593,51.6067],[15.2332,51.5833],[15.1632,51.585],[15.1742,51.5515],[15.1052,51.5468],[15.0437,51.6031],[14.9493,51.6123],[14.897,51.601],[14.8536,51.5533],[14.8137,51.5584],[14.8191,51.5812],[14.8062,51.5913],[14.7839,51.5678],[14.7502,51.5799],[14.7993,51.5245],[14.7904,51.5198],[14.8388,51.4887],[14.767,51.4715],[14.8777,51.4607],[14.9083,51.4849],[14.9775,51.4644],[14.9835,51.4467],[15.0954,51.4254],[15.1975,51.4623],[15.2007,51.5105],[15.2161,51.5104],[15.2546,51.4456],[15.2969,51.4109],[15.3272,51.4077],[15.3603,51.4725],[15.389,51.4632],[15.4227,51.3874],[15.4193,51.3087],[15.433,51.2931],[15.3864,51.1901],[15.3197,51.1608],[15.2991,51.129],[15.298,51.1052],[15.3287,51.0972],[15.3256,51.0837],[15.2919,51.0809],[15.2634,51.0297],[15.3747,51.0194],[15.3493,51.0455],[15.3973,51.0499],[15.3963,51.0237],[15.4128,51.0276],[15.407,51.0068],[15.3278,50.9626],[15.3373,50.9443],[15.2771,50.891],[15.3636,50.8402],[15.3851,50.7671],[15.3941,50.7607],[15.4351,50.8139],[15.4805,50.7908],[15.6754,50.7557],[15.6986,50.7349],[15.8104,50.755],[15.8645,50.6741],[15.9876,50.685],[16.0163,50.6334],[15.9887,50.6165],[16.0167,50.6031],[16.0585,50.6131],[16.064,50.6339],[16.1101,50.6614],[16.1705,50.6453],[16.1814,50.6283],[16.212,50.6322],[16.2337,50.6709],[16.3432,50.6606],[16.4492,50.5731],[16.4066,50.569],[16.4111,50.5488],[16.3653,50.5052],[16.2982,50.5032],[16.2979,50.4835],[16.259,50.4801],[16.2233,50.4594],[16.2301,50.4427],[16.2109,50.4501],[16.1956,50.4364],[16.2153,50.4045],[16.2371,50.4141],[16.2786,50.368],[16.3051,50.3825],[16.3591,50.3798],[16.3621,50.3498],[16.3832,50.3288],[16.4371,50.3205],[16.5387,50.237],[16.5579,50.2126],[16.5624,50.1631],[16.6321,50.1136],[16.7026,50.0964],[16.8473,50.2074],[16.8764,50.1984],[16.9048,50.223],[16.9498,50.2213],[16.97,50.2422],[16.9968,50.2168],[17.025,50.2278],[17.0033,50.2531],[17.0181,50.2713],[17.0116,50.2917],[16.9449,50.3183],[16.9091,50.3904],[16.8605,50.4099],[16.9074,50.4568],[16.9712,50.4214],[17.102,50.4062],[17.1408,50.3822],[17.2038,50.3861],[17.1967,50.3659],[17.2821,50.319],[17.3437,50.3278],[17.3226,50.3153],[17.3453,50.3123],[17.3378,50.2835],[17.3644,50.2573],[17.3631,50.2792],[17.4168,50.291],[17.403,50.2795],[17.4337,50.2533],[17.4905,50.2741],[17.5896,50.2785],[17.6168,50.2668],[17.687,50.3004],[17.6879,50.3221],[17.713,50.3226],[17.7449,50.3004],[17.7258,50.264],[17.7651,50.2364],[17.7585,50.2066],[17.6042,50.1704],[17.607,50.1463],[17.6777,50.1027],[17.6787,50.1174],[17.7458,50.1028],[17.7261,50.0945],[17.757,50.068],[17.7756,50.0224],[17.8649,49.976],[17.9422,49.9678],[17.9299,49.9325],[18.1687,49.8897],[18.2175,49.8321],[18.2364,49.8579],[18.3206,49.8895],[18.3447,49.9447],[18.417,49.9336],[18.4304,49.9443],[18.4311,49.9232],[18.4916,49.9033],[18.5329,49.9002],[18.5397,49.9252],[18.5715,49.9214],[18.6648,49.8833],[18.7279,49.9067],[18.7134,49.938],[18.7762,49.9224],[18.8177,49.9364],[18.9574,49.9206],[19.0315,49.9507],[19.1186,49.9604],[19.1172,50.0025],[19.1498,50.052],[19.226,50.0669],[19.2164,50.0837],[19.2544,50.1335],[19.235,50.1691],[19.1585,50.229],[19.2298,50.2614],[19.3059,50.2574],[19.3835,50.2738],[19.4055,50.2988],[19.3835,50.3355],[19.4425,50.3347],[19.494,50.3648],[19.4791,50.4138],[19.6343,50.4151],[19.6288,50.4492],[19.716,50.4529],[19.7445,50.4767],[19.7984,50.4715],[19.8636,50.4901],[19.8468,50.5095],[19.8499,50.6177],[19.7036,50.7225],[19.6882,50.7564],[19.6933,50.8046],[19.8221,50.9255],[19.9155,51.3992],[20.0143,51.473],[20.0416,51.5294],[20.0713,51.5404],[20.174,51.5233],[20.267,51.5284],[20.3206,51.5732],[20.383,51.581],[20.438,51.6156],[20.6253,51.6064],[20.6996,51.6285],[20.7587,51.6231],[20.8872,51.6654],[20.9597,51.6523],[21.0024,51.6881],[21.1128,51.7272],[21.165,51.775],[21.2866,51.8191],[21.2559,51.8448],[21.2808,51.8713],[21.2393,51.9019],[21.2815,51.9534],[21.2307,51.9942],[21.2263,52.0312],[21.2016,52.0603],[21.2476,52.1428],[21.159,52.28],[21.148,52.4449],[21.081,52.478],[21.0919,52.4861],[21.1295,52.5068],[21.1406,52.4937],[21.1404,52.5137],[21.1629,52.5087],[21.1724,52.5267],[21.3845,52.5364],[21.4584,52.5912],[21.5532,52.6009],[21.5814,52.6223],[21.6183,52.6016],[21.6265,52.6177],[21.6631,52.6051],[21.659,52.6157],[21.6831,52.6208],[21.6735,52.6268],[21.7108,52.6429],[21.7122,52.6328],[21.7347,52.6583],[21.8408,52.6937],[21.8988,52.7032],[21.9259,52.6806],[21.9946,52.6739],[22.1605,52.7024],[22.2168,52.6984],[22.3455,52.6579],[22.3723,52.6241],[22.4588,52.5868],[22.5264,52.521],[22.51,52.4909],[22.5309,52.4614],[22.5546,52.4637],[22.5433,52.4234],[22.5779,52.3947],[22.705,52.3924],[22.8485,52.3584],[22.9243,52.3748],[22.9614,52.3668],[22.9931,52.3338],[23.0447,52.3254],[23.0534,52.2847],[23.1095,52.3004],[23.1533,52.2795],[23.1785,52.2832],[23.1894,52.3073],[23.1763,52.3288],[23.1365,52.3437],[23.1547,52.3681],[23.0823,52.3813],[23.0792,52.4116],[23.1255,52.4644],[23.1185,52.4814],[23.0733,52.4984],[23.0832,52.5296],[23.0686,52.5697],[23.0826,52.5936],[23.0625,52.6339],[23.3017,52.5104],[23.3535,52.521],[23.358,52.5728],[23.4853,52.5947],[23.5145,52.7155],[23.5957,52.7514],[23.6192,52.8091],[23.6785,52.8124],[23.7394,52.8528],[23.6797,52.8865],[23.6494,52.9308],[23.6185,52.9298],[23.6185,52.9571],[23.749,53.0542],[23.7318,53.0802],[23.7706,53.1737],[23.7188,53.2816],[23.7936,53.3079],[23.7816,53.3471],[23.8098,53.4524],[23.76,53.4612],[23.7603,53.475],[23.8038,53.485],[23.7483,53.5126],[23.7631,53.5328],[23.8383,53.5215],[23.852,53.5397],[23.8105,53.565],[23.8127,53.5865],[23.7504,53.5942],[23.761,53.6175],[23.7455,53.6446],[23.7782,53.6696],[23.7683,53.7148],[23.8554,53.8011],[23.7563,53.8804],[23.8154,53.9087],[23.7981,53.9282],[23.8333,53.9527],[23.9019,53.95],[23.9359,54.0155],[23.9677,54.0312],[23.9907,54.0221],[24.0484,54.0809],[24.1268,54.0644],[24.1601,54.0729],[24.1555,54.1109],[24.127,54.1315],[24.1806,54.1474],[24.1651,54.1616],[24.0999,54.1663],[24.0786,54.1847],[24.0154,54.1835],[23.9907,54.1675],[23.9516,54.1876],[23.9708,54.2494],[23.9996,54.2654],[23.9873,54.2931],[24.0405,54.3111],[24.0268,54.3181],[24.035,54.3466],[24.0141,54.3786],[24.0656,54.3604],[24.0934,54.3682],[24.0425,54.4233],[24.0734,54.4387],[24.0546,54.4569],[24.0484,54.5045],[24.0934,54.5133],[24.0999,54.5414],[24.0686,54.5545],[24.0113,54.5456],[23.9917,54.5141],[24.0079,54.5015],[23.99,54.4914],[23.8864,54.5318],[24.0178,54.5916],[23.9499,54.6283],[23.9694,54.6456],[23.9962,54.6419],[24.0371,54.5981],[24.0662,54.6057],[24.0734,54.6482],[24.1318,54.6633],[24.0807,54.6913],[24.1493,54.7664],[24.1352,54.805],[24.1558,54.8177],[24.2156,54.8027],[24.2424,54.8207],[24.0879,54.9003],[24.0415,54.8853],[24.0285,54.8634],[23.9739,54.8948],[23.956,54.864],[23.9361,54.8596],[23.9172,54.8877],[23.7583,54.9305],[23.6398,54.9344],[23.6014,54.962],[23.5863,55.0304],[23.4139,55.0742],[23.314,55.0679],[23.0527,55.1057],[22.9463,55.0837],[22.8406,55.087],[22.65,55.0493],[22.5891,55.0705],[22.6099,55.0914],[22.5383,55.1356],[22.192,55.1528],[22.1871,55.1729],[22.1568,55.175],[22.1961,55.1824],[22.1849,55.194],[22.2129,55.2058],[22.1908,55.2192],[22.0563,55.2287],[21.8624,55.2821],[21.873,55.2911],[21.8519,55.3198],[21.7592,55.3129],[21.7575,55.2877],[21.7143,55.2928],[21.6686,55.3555],[21.6067,55.3728],[21.5881,55.4021],[21.6025,55.4271],[21.5593,55.4472],[21.5719,55.4594],[21.5207,55.4975]],[[13.3535,53.2539],[13.3576,53.2597],[13.3722,53.2599],[13.3535,53.2539]],[[13.2376,53.2572],[13.2411,53.2581],[13.2418,53.2563],[13.2376,53.2572]],[[12.0067,52.0667],[11.9923,52.0655],[12.0272,52.0725],[12.0067,52.0667]],[[10.7082,52.0165],[10.7047,52.0213],[10.711,52.0216],[10.7082,52.0165]],[[13.0823,52.1958],[13.128,52.2366],[13.1445,52.2034],[13.14,52.1912],[13.0823,52.1958]],[[11.895,52.3269],[11.9263,52.3562],[11.9665,52.3323],[11.895,52.3269]],[[11.7083,52.0419],[11.6923,52.0666],[11.7329,52.0451],[11.7625,52.073],[11.7515,52.0926],[11.8958,52.117],[11.9111,52.1301],[11.8912,52.1666],[11.9279,52.1817],[11.9146,52.1538],[11.9281,52.1019],[11.9112,52.1034],[11.8865,52.0577],[11.9399,52.0428],[11.8857,52.0242],[11.8994,52.0166],[11.8855,52.0153],[11.8833,51.9858],[11.9246,51.9516],[11.8671,51.9241],[11.8821,51.9217],[11.8536,51.9132],[11.7744,51.9446],[11.6912,51.9314],[11.6951,51.9542],[11.6801,51.9563],[11.6968,51.9666],[11.7658,51.9757],[11.7373,51.9954],[11.7453,52.0042],[11.8006,51.9891],[11.8222,52.0062],[11.7888,52.0324],[11.7518,52.0225],[11.7083,52.0419]],[[11.9546,51.9978],[11.9008,51.9815],[11.9112,52.0017],[11.9546,51.9978]],[[11.0734,52.5266],[11.0264,52.5035],[11.0328,52.5455],[11.0744,52.5729],[11.0916,52.5499],[11.0734,52.5266]],[[11.2787,52.6914],[11.2901,52.6988],[11.2965,52.6856],[11.2945,52.6551],[11.2751,52.6435],[11.2461,52.6722],[11.2787,52.6914]],[[11.2277,52.5438],[11.2086,52.5721],[11.1552,52.5739],[11.1087,52.6073],[11.1156,52.6274],[11.1507,52.6549],[11.2286,52.6638],[11.2358,52.6314],[11.2564,52.627],[11.2249,52.5993],[11.2817,52.5743],[11.2277,52.5438]],[[11.1158,52.5464],[11.1744,52.5463],[11.1576,52.5248],[11.1158,52.5464]],[[12.5178,52.9633],[12.5032,52.983],[12.5306,53.0065],[12.6314,53.0146],[12.6525,53.0029],[12.6167,52.977],[12.5178,52.9633]],[[12.615,53.0475],[12.6084,53.0265],[12.5604,53.0323],[12.5406,53.0524],[12.5739,53.0992],[12.6272,53.0703],[12.615,53.0475]],[[12.4957,52.2307],[12.4619,52.239],[12.4578,52.2615],[12.5404,52.2543],[12.5188,52.2577],[12.4957,52.2307]],[[11.3042,52.3454],[11.3059,52.3351],[11.278,52.343],[11.2306,52.4029],[11.2393,52.4334],[11.2543,52.4342],[11.2443,52.4499],[11.3731,52.4296],[11.3989,52.3906],[11.4608,52.38],[11.4516,52.3588],[11.4036,52.3752],[11.3945,52.353],[11.3518,52.3384],[11.3185,52.3671],[11.2861,52.3606],[11.3042,52.3454]]]]},"properties":{"id":"Q27306","names":{"af":"Koninkryk Pruise","als":"Königreich Preußen","an":"Reino de Prusia","ast":"Reinu de Prusia","az":"Prussiya krallığı","ba":"Пру́ссия Короллеғы́","bar":"Kinereich Breissn","be":"Каралеўства Прусія","bg":"Кралство Прусия","br":"Rouantelezh Prusia","bxr":"Пруссиин хаанта улас","ca":"Regne de Prússia","cs":"Pruské království","da":"Kongeriget Preussen","de":"Königreich Preußen","el":"Βασίλειο της Πρωσίας","en":"Kingdom of Prussia","eo":"Reĝlando Prusio","es":"Reino de Prusia","et":"Preisi kuningriik","eu":"Prusiako Erresuma","fi":"Preussin kuningaskunta","fr":"Royaume de Prusse","frr":"Könangrik Preußen","fy":"Keninkryk Prusen","gl":"Reino de Prusia","hr":"Kraljevina Pruska","hu":"Porosz Királyság","id":"Kerajaan Prusia","io":"Rejio Prusia","it":"Regno di Prussia","ja":"プロイセン王国","jam":"Kingdom a Prosha","ko":"프로이센 왕국","ku":"Keyaniya Prûsyayê","la":"Prūsijas Karaliste","lld":"Rëni de Pruscia","lt":"Prūsijos karalystė","lv":"Prūsijas Karaliste","mk":"Кралство Прусија","mn":"Пруссийн хаант улс","ms":"Kerajaan Prusia","nl":"Koninkrijk Pruisen","nn":"Kongedømet Preussen","no":"Kongeriket Preussen","pap":"Reino di Prusia","pdt":"Kjennichrikj von Preissen","pl":"Królestwo Prus","pt":"Reino da Prússia","ro":"Regatul Prusiei","ru":"Короле́вство Пру́ссия","rue":"Кральовство Пруссия","sco":"Kinrick o Proushie","sh":"Kraljevina Pruska","shi":"Tagldit n Brusya","sk":"Pruské kráľovstvo","sr":"Краљевина Пруска","stq":"Köönichriek Prüüsen","sv":"Kungariket Preussen","szl":"Krōlestwo Prus","tl":"Kaharian ng Prusya","tr":"Prusya Krallığı","uk":"Королівство Пруссія","uz":"Prussiya qirolligi","vec":"Regno de Prùsia","vi":"Vương quốc Phổ","war":"Ginhadian han Prusya","yo":"Ilẹ̀ọba Prússíà","zh-min-nan":"Phó͘-ló͘-se Ông-kok"},"from":1795.8118279569892,"to":1802.768817204301,"wikidata":"Q27306","adminLevel":2,"source":"OpenHistoricalMap","sourceUrl":"https://www.openhistoricalmap.org"}},{"type":"Feature","geometry":{"type":"MultiPolygon","coordinates":[[[[13.1561,38.758],[13.1131,38.7305],[13.1004,38.6946],[13.1107,38.669],[13.1681,38.649],[13.2169,38.6624],[13.2517,38.6982],[13.2468,38.7309],[13.1875,38.7619],[13.1561,38.758]]],[[[14.4,38.5842],[14.3203,38.5897],[14.2907,38.5639],[14.2917,38.5197],[14.3269,38.4925],[14.3931,38.4995],[14.4189,38.5414],[14.4,38.5842]]],[[[14.491,38.596],[14.4939,38.5535],[14.5303,38.5212],[14.6046,38.5143],[14.6436,38.5423],[14.6391,38.5796],[14.5946,38.6201],[14.5254,38.624],[14.491,38.596]]],[[[14.8638,38.4475],[14.8902,38.4277],[14.8872,38.3916],[14.9033,38.3645],[14.957,38.3312],[15.0143,38.3288],[15.055,38.3603],[15.0512,38.4003],[15.0176,38.4415],[15.0322,38.4929],[14.9991,38.552],[14.9272,38.5639],[14.9162,38.6042],[14.8887,38.6212],[14.7719,38.6146],[14.7447,38.574],[14.7459,38.5486],[14.7757,38.5195],[14.8464,38.4938],[14.8638,38.4475]]],[[[15.0038,38.6119],[15.0341,38.5865],[15.078,38.5841],[15.1183,38.6074],[15.1297,38.6451],[15.1002,38.6821],[15.0564,38.6879],[15.0096,38.6587],[15.0038,38.6119]]],[[[15.2464,38.8495],[15.1911,38.848],[15.1458,38.8195],[15.1346,38.7878],[15.1466,38.7623],[15.2007,38.7316],[15.2685,38.7519],[15.294,38.8149],[15.2464,38.8495]]],[[[14.3252,36.948],[14.3976,36.8454],[14.415,36.7933],[14.471,36.7481],[14.5681,36.7356],[14.6699,36.6817],[14.7658,36.6628],[14.8611,36.6689],[14.8851,36.6863],[14.9468,36.6524],[15.0027,36.6558],[15.0698,36.6069],[15.1701,36.6373],[15.1918,36.6961],[15.1525,36.7803],[15.1949,36.8839],[15.3123,36.9599],[15.3677,36.9675],[15.3896,37.0122],[15.3514,37.0674],[15.3437,37.1253],[15.2736,37.1877],[15.3074,37.2307],[15.3006,37.2678],[15.2309,37.3306],[15.1457,37.3504],[15.1395,37.4592],[15.2244,37.5591],[15.2284,37.6142],[15.2709,37.7028],[15.2687,37.7462],[15.5318,38.0451],[15.5958,38.1504],[15.6114,38.238],[15.6804,38.262],[15.692,38.2922],[15.6805,38.3048],[15.527,38.3413],[15.4119,38.2826],[15.3066,38.2532],[15.2731,38.3006],[15.2155,38.3113],[15.176,38.2866],[15.1813,38.2325],[15.1692,38.2115],[15.1022,38.1722],[15.061,38.1917],[14.9986,38.193],[14.9135,38.2335],[14.797,38.1979],[14.7276,38.2041],[14.6226,38.1197],[14.4715,38.0761],[14.4177,38.0817],[14.3036,38.0508],[14.1439,38.072],[14.1078,38.0592],[14.0153,38.0833],[13.7616,38.0141],[13.6028,38.0716],[13.5905,38.1213],[13.5638,38.1492],[13.5059,38.1614],[13.4349,38.1408],[13.3993,38.219],[13.327,38.2656],[13.2197,38.2423],[13.1923,38.2209],[13.0774,38.2263],[13.0067,38.1578],[13.0131,38.1079],[12.9162,38.0684],[12.8463,38.1194],[12.809,38.2066],[12.7292,38.2316],[12.6749,38.2054],[12.6582,38.1544],[12.5911,38.1111],[12.5261,38.0967],[12.4429,38.0354],[12.3885,38.0293],[12.3393,38.0625],[12.2972,38.0514],[12.2731,38.0223],[12.2693,37.9881],[12.2291,37.96],[12.222,37.9287],[12.2495,37.8865],[12.3845,37.867],[12.3916,37.8428],[12.3709,37.8013],[12.4179,37.7343],[12.4223,37.6873],[12.4964,37.6231],[12.566,37.6075],[12.6354,37.5291],[12.6801,37.5176],[12.7833,37.5385],[12.9254,37.5319],[12.9894,37.4607],[13.1476,37.4478],[13.2429,37.3539],[13.3486,37.308],[13.4191,37.2582],[13.568,37.2168],[13.6068,37.1941],[13.6257,37.1624],[13.7326,37.1094],[13.8092,37.0998],[13.856,37.0646],[13.9404,37.0422],[13.9955,37.0672],[14.1357,37.0557],[14.2292,37.0224],[14.3252,36.948]]],[[[12.0099,38.0319],[11.9758,37.9966],[12.0073,37.9287],[12.071,37.9048],[12.133,37.9212],[12.1433,37.9597],[12.1013,38.0171],[12.0099,38.0319]]]]},"properties":{"id":"Q188586","names":{"an":"Reino de Sicilia","ar":"مملكة صقلية","ast":"Reinu de Sicilia","az":"Siciliya krallığı","be":"Каралеўства Сіцылія","bg":"Сицилианско кралство","br":"Rouantelezh Sikilia","bs":"Kraljevina Sicilija","ca":"Regne de Sicília","cs":"Sicilské království","da":"Kongeriget Sicilien","de":"Königreich Sizilien","el":"Βασίλειο της Σικελίας","en":"Kingdom of Sicily","eo":"Reĝlando Sicilio","es":"Reino de Sicilia","et":"Sitsiilia kuningriik","eu":"Siziliako Erresuma","fa":"پادشاهی سیسیل","fi":"Sisilian kuningaskunta","fr":"Royaume de Sicile","fy":"Keninkryk Sisylje","gl":"Reino de Sicilia","he":"ממלכת סיציליה","hi":"सिसिली साम्राज्य","hr":"Kraljevina Sicilija","hu":"Szicíliai Királyság","hy":"Սիցիլիայի թագավորություն","id":"Kerajaan Sisilia","is":"Konungsríkið Sikiley","it":"Regno di Sicilia","ja":"シチリア王国","ka":"სიცილიის სამეფო","ko":"시칠리아 왕국","la":"Regnum Siciliae","lt":"Sicilijos karalystė","ltg":"Sicīlejis Karaļiste","lv":"Sicīlijas Karaliste","mk":"Кралство Сицилија","mr":"सिसिलीचे राजतंत्र","nap":"Regno 'e Sicilia","nb":"Kongedømmet Sicilia","nl":"Koninkrijk Sicilië","nn":"Kongedømet Sicilia","no":"Kongedømmet Sicilia","oc":"Reialme de Sicília","pdt":"Sicilienrikj","pl":"Królestwo Sycylii","pt":"Reino da Sicília","ro":"Regatul Siciliei","ru":"Королевство Сицилия","sc":"Regnu de Sitzìlia","scn":"Regnu di Sicilia","sco":"Kinrick o Sicily","sh":"Kraljevina Sicilija / Краљевина Сицилија","sh-Cyrl":"Краљевина Сицилија","sh-Latn":"Kraljevina Sicilija","sk":"Sicílske kráľovstvo","sl":"Kraljevina Sicilija","sq":"Mbretëria e Siçilisë","sr":"Краљевина Сицилија","sr-Latn":"Kraljevina Sicilija","sv":"Kungariket Sicilien","th":"ราชอาณาจักรซิซิลี","tl":"Kaharian ng Sicilia","tr":"Sicilya Krallığı","uk":"Сицилійське королівство","ur":"مملکت صقلیہ","uz":"Sitsiliya qirolligi","vi":"Vương quốc Sicilia","zh":"西西里王國","zh-min-nan":"Sicilia Ông-kok"},"from":1734,"to":1816.9354838709678,"wikidata":"Q188586","adminLevel":2,"source":"OpenHistoricalMap","sourceUrl":"https://www.openhistoricalmap.org"}},{"type":"Feature","geometry":{"type":"Polygon","coordinates":[[[12.1512,43.5294],[12.172,43.5729],[12.142,43.5363],[12.1512,43.5294]]]},"properties":{"id":"ohm-relation-2750737","names":{"en":"Republic of Cospaia","it":"Repubblica di Cospaia","ko":"코스파이아 공화국"},"from":1440,"to":1826.3978494623657,"wikidata":null,"adminLevel":2,"source":"OpenHistoricalMap","sourceUrl":"https://www.openhistoricalmap.org"}},{"type":"Feature","geometry":{"type":"Polygon","coordinates":[[[13.5205,41.7763],[13.5038,41.7228],[13.5298,41.6683],[13.5614,41.6442],[13.5403,41.6243],[13.5529,41.5991],[13.5087,41.5761],[13.5392,41.5562],[13.5431,41.4982],[13.5324,41.483],[13.4838,41.5056],[13.4406,41.4811],[13.422,41.3973],[13.2601,41.3975],[13.2729,41.3488],[13.3136,41.3258],[13.2822,41.2987],[13.2618,41.2452],[13.3402,41.2484],[13.5659,41.1644],[13.6214,41.1748],[13.6445,41.21],[13.7007,41.2065],[13.7856,41.1471],[13.8444,41.0762],[13.8748,41.0064],[13.9658,40.9143],[13.9944,40.8428],[13.9888,40.8056],[13.964,40.7891],[13.8767,40.8015],[13.8283,40.7887],[13.8017,40.7362],[13.8092,40.6858],[13.8848,40.6522],[13.9717,40.6625],[14.0789,40.738],[14.2021,40.7538],[14.276,40.7911],[14.4059,40.7128],[14.2962,40.6515],[14.2704,40.6014],[14.1603,40.5881],[14.1442,40.5322],[14.1882,40.4963],[14.2748,40.5066],[14.4587,40.5758],[14.5789,40.5725],[14.6397,40.6024],[14.7161,40.5981],[14.7664,40.6269],[14.8481,40.5452],[14.9443,40.3885],[14.8981,40.3546],[14.8866,40.2936],[14.8544,40.263],[14.8745,40.2124],[14.9706,40.1759],[15.0186,40.1334],[15.1131,40.1267],[15.2249,40.0521],[15.215,40.0213],[15.2257,40.0008],[15.3396,39.961],[15.4457,39.9552],[15.5372,40.0301],[15.5838,40.0342],[15.6762,39.952],[15.7285,39.8787],[15.716,39.8326],[15.7652,39.6654],[15.8198,39.5501],[15.942,39.4309],[15.9857,39.3361],[16.0129,39.1366],[16.0447,39.023],[16.1116,38.9289],[16.1664,38.893],[16.1689,38.8693],[16.1403,38.7756],[16.0956,38.7581],[15.966,38.7613],[15.8216,38.6957],[15.7855,38.6576],[15.7789,38.602],[15.8726,38.5295],[15.8568,38.4828],[15.7848,38.3747],[15.7677,38.3201],[15.693,38.2955],[15.6804,38.262],[15.6114,38.238],[15.599,38.1408],[15.578,38.1041],[15.5956,38.048],[15.5828,38.0051],[15.5992,37.9719],[15.6377,37.9269],[15.7455,37.8767],[15.9106,37.8858],[16.0033,37.8736],[16.1042,37.897],[16.1953,38.0195],[16.2136,38.1147],[16.3608,38.2626],[16.5126,38.3132],[16.6226,38.414],[16.6353,38.471],[16.5988,38.7136],[16.647,38.7836],[16.8075,38.8613],[16.9583,38.8965],[17.0096,38.8658],[17.1116,38.8535],[17.2108,38.9294],[17.2237,38.9539],[17.2154,38.9803],[17.2548,39.0078],[17.2489,39.0537],[17.1904,39.0741],[17.1689,39.1213],[17.2016,39.2113],[17.1606,39.2622],[17.1635,39.3045],[17.2089,39.3885],[17.206,39.4181],[17.0928,39.4676],[17.0569,39.5165],[16.906,39.5684],[16.8028,39.6545],[16.6329,39.6615],[16.5796,39.6853],[16.5827,39.7298],[16.5407,39.7771],[16.5808,39.8468],[16.6793,39.9491],[16.6563,40.0657],[16.7366,40.1296],[16.8314,40.2806],[16.9423,40.4089],[17.0176,40.4576],[17.092,40.4795],[17.0938,40.4333],[17.1744,40.3742],[17.4928,40.256],[17.6752,40.264],[17.8369,40.24],[17.8668,40.2109],[17.8846,40.1573],[17.9553,40.0968],[17.9253,40.0742],[17.92,40.0466],[17.9496,39.9734],[18.0065,39.9028],[18.146,39.8155],[18.2569,39.791],[18.3393,39.7491],[18.3932,39.7576],[18.4348,39.7944],[18.4604,39.9649],[18.5677,40.0882],[18.5658,40.1516],[18.5157,40.2112],[18.5152,40.2377],[18.4691,40.3144],[18.2802,40.4714],[18.0971,40.575],[18.0907,40.6182],[18.0295,40.6948],[17.9548,40.7226],[17.8628,40.729],[17.7085,40.8022],[17.5237,40.8562],[17.3863,40.941],[17.3442,40.9861],[17.1207,41.0998],[16.931,41.1515],[16.8801,41.1822],[16.8243,41.1838],[16.6347,41.2362],[15.9873,41.4958],[15.9477,41.583],[16.1975,41.7241],[16.2451,41.7751],[16.253,41.8246],[16.2338,41.862],[16.2372,41.8914],[16.1808,41.9424],[16.1072,41.9768],[16.0238,41.9888],[15.7445,41.9559],[15.6066,41.9672],[15.4227,41.9409],[15.1733,41.9617],[15.1157,41.9731],[15.0169,42.0436],[14.8766,42.0719],[14.7763,42.1163],[14.7659,42.1871],[14.7428,42.2095],[14.5626,42.2733],[14.4808,42.3398],[14.4647,42.3766],[14.2981,42.4685],[14.164,42.5752],[14.0411,42.7309],[13.9942,42.818],[13.9677,42.911],[13.7741,42.8595],[13.7527,42.8154],[13.7218,42.8508],[13.6593,42.8065],[13.6251,42.8163],[13.5779,42.8016],[13.5399,42.8169],[13.5024,42.7699],[13.4982,42.7407],[13.449,42.7324],[13.4378,42.7065],[13.3914,42.6873],[13.2841,42.7398],[13.2639,42.7391],[13.2544,42.7215],[13.1978,42.7348],[13.1751,42.6671],[13.147,42.6474],[13.121,42.659],[13.0652,42.6245],[13.0319,42.6383],[13.0062,42.6164],[12.8805,42.6093],[12.9269,42.508],[12.8689,42.4845],[12.8652,42.4565],[12.9071,42.4387],[12.8975,42.3937],[12.9288,42.3573],[12.9871,42.3312],[12.9988,42.2945],[13.071,42.2529],[13.0586,42.1976],[13.084,42.1841],[13.0879,42.1471],[13.0439,42.1171],[13.0317,42.1231],[13.0228,42.0841],[13.0502,42.0245],[13.0797,42.0101],[13.1019,42.009],[13.1048,42.0273],[13.1409,42.0163],[13.3652,41.9241],[13.3795,41.9093],[13.3618,41.8733],[13.3805,41.8171],[13.4135,41.8353],[13.5081,41.798],[13.5205,41.7763]],[[13.6548,41.4271],[13.562,41.4002],[13.5557,41.4128],[13.594,41.4401],[13.6036,41.504],[13.6919,41.4716],[13.7352,41.431],[13.7158,41.4073],[13.6914,41.4281],[13.6548,41.4271]],[[14.8484,41.1636],[14.8666,41.1205],[14.8272,41.0912],[14.7142,41.104],[14.7257,41.1297],[14.7103,41.1428],[14.7184,41.1899],[14.7474,41.1938],[14.7534,41.2226],[14.7937,41.2116],[14.8484,41.1636]]]},"properties":{"id":"Q173065","names":{"an":"Reino de Nápols","ar":"مملكة نابولي","az":"Neapol krallığı","be":"Неапалітанскае каралеўства","bg":"Неаполитанско кралство","br":"Rouantelezh Naplez","bs":"Napuljska Kraljevina","ca":"Regne de Nàpols","co":"Regnu di Napuli","cs":"Neapolské království","da":"Kongeriget Napoli","de":"Königreich Neapel","el":"Βασίλειο της Νεαπόλεως","en":"Kingdom of Naples","eo":"Reĝlando de Napolo","es":"Reino de Nápoles","et":"Napoli kuningriik","eu":"Napoliko Erresuma","fa":"پادشاهی ناپل","fi":"Napolin kuningaskunta","fr":"Royaume de Naples","ga":"Ríocht Napoli","gd":"Rìoghachd Napoli","gl":"Reino de Nápoles","he":"ממלכת נאפולי","hr":"Napuljsko Kraljevstvo","hu":"Nápolyi Királyság","hy":"Նեապոլի թագավորություն","id":"Kerajaan Napoli","is":"Konungsríkið Napólí","it":"Regno di Napoli","ja":"ナポリ王国","ka":"ნეაპოლის სამეფო","ko":"나폴리 왕국","ku":"Keyaniya Napoliyê","ky":"Неаполь королдугу","la":"Regnum Neapolitanum","lb":"Kinnekräich Neapel","lt":"Neapolio karalystė","lv":"Neapoles Karaliste","mk":"Неаполско Кралство","mr":"नेपल्सचे राजतंत्र","nap":"Regno 'e Napule","nb":"Kongedømmet Napoli","nl":"Koninkrijk Napels","nn":"Kongedømet Napoli","oc":"Reialme de Nàpols","pl":"Królestwo Neapolu","pt":"Reino de Nápoles","ro":"Regatul de Neapole","ru":"Неаполитанское королевство","sk":"Neapolské kráľovstvo","sl":"Neapeljsko kraljestvo","sq":"Mbretëria e Napolit","sr":"Напуљска краљевина","sv":"Kungariket Neapel","th":"ราชอาณาจักรนาโปลี","tl":"Kaharian ng Napoles","tr":"Napoli Krallığı","uk":"Неаполітанське королівство","ur":"مملکت ناپولی","uz":"Neapol qirolligi","vi":"Vương quốc Napoli","zh":"那不勒斯王国"},"from":1799.47311827957,"to":1806,"wikidata":"Q173065","adminLevel":2,"source":"OpenHistoricalMap","sourceUrl":"https://www.openhistoricalmap.org"}},{"type":"Feature","geometry":{"type":"MultiPolygon","coordinates":[[[[9.3694,45.0237],[9.3178,44.9398],[9.2913,44.9251],[9.3121,44.9147],[9.3142,44.8877],[9.3391,44.8706],[9.3583,44.8243],[9.3789,44.8271],[9.4403,44.7842],[9.3984,44.7492],[9.4017,44.7155],[9.369,44.6905],[9.4064,44.6376],[9.3948,44.6112],[9.4208,44.5869],[9.4146,44.5665],[9.4803,44.563],[9.5052,44.5293],[9.4962,44.483],[9.4691,44.4814],[9.4383,44.4184],[9.6057,44.4349],[9.6554,44.4123],[9.6751,44.3641],[9.7602,44.3901],[9.7532,44.4003],[9.8159,44.4615],[9.924,44.473],[9.9643,44.4664],[10.0045,44.437],[9.9925,44.4119],[10.0165,44.3868],[10.0989,44.3461],[10.1355,44.3542],[10.1904,44.3234],[10.2129,44.3294],[10.2647,44.3879],[10.2556,44.4134],[10.2948,44.4491],[10.268,44.5078],[10.3041,44.5173],[10.3279,44.4975],[10.3411,44.5246],[10.4271,44.4824],[10.4796,44.4941],[10.4758,44.5089],[10.4447,44.5063],[10.4378,44.5275],[10.4004,44.522],[10.3421,44.5518],[10.3584,44.5856],[10.383,44.5924],[10.4182,44.5512],[10.4465,44.5646],[10.4028,44.6161],[10.4137,44.6678],[10.4481,44.7186],[10.4267,44.7396],[10.4323,44.7588],[10.5239,44.7991],[10.5354,44.8262],[10.5761,44.841],[10.5669,44.8475],[10.5796,44.8683],[10.5154,44.8821],[10.4835,44.8542],[10.463,44.8572],[10.5004,44.9106],[10.405,44.9864],[10.3619,44.9627],[10.2908,45.0031],[10.2599,45.0043],[10.2398,45.0283],[10.2158,45.023],[10.1715,45.0425],[10.1117,45.0189],[10.0548,45.0352],[10.0312,45.0922],[9.9793,45.1334],[9.9267,45.1186],[9.9144,45.14],[9.8564,45.1378],[9.8148,45.1094],[9.8076,45.1285],[9.7898,45.1291],[9.7681,45.1132],[9.781,45.0968],[9.7639,45.1103],[9.7079,45.1071],[9.6884,45.1269],[9.6964,45.1514],[9.6713,45.1478],[9.6871,45.1175],[9.6256,45.1315],[9.5688,45.1131],[9.5343,45.1326],[9.5476,45.0849],[9.4925,45.0999],[9.4127,45.0838],[9.3755,45.0519],[9.3694,45.0237]]],[[[10.6953,44.9723],[10.6603,44.9692],[10.6305,44.9241],[10.6484,44.9085],[10.6414,44.8529],[10.7432,44.8976],[10.7693,44.8818],[10.7866,44.8984],[10.8743,44.9049],[10.8667,44.9265],[10.7439,44.949],[10.7309,44.9906],[10.6965,44.9622],[10.6953,44.9723]]]]},"properties":{"id":"Q165040","names":{"az":"Parma və Piaçensa hersoqluğu","be":"Герцагства Парма і П’ячэнца","bg":"Херцогство Парма и Пиаченца","br":"Dugelezh Parma ha Piacenza","bs":"Vojvodstvo Parma i Pjačenca","ca":"Ducat de Parma i Piacenza","cs":"Parmské vévodství a Piacenzy","da":"Hertugdømmet Parma og Piacenza","de":"Herzogtum Parma und Piacenza","el":"Δουκάτο της Πάρμας και της Πλακεντίας","en":"Duchy of Parma and Piacenza","eo":"Duklando de Parmo kaj Piaĉenco","es":"Ducado de Parma y Plasencia","et":"Parma ja Piacenza hertsogkond","eu":"Parmako Dukerria","fi":"Parman ja Piacenzan herttuakunta","fr":"Duché de Parme et Plaisance","hr":"Vojvodina Parma i Piacenza","hu":"Parmai és Piacenzai Hercegség","id":"Kadipaten Parma dan Piacenza","is":"Hertogadæmið Parma og Piacenza","it":"Ducato di Parma e Piacenza","ko":"파르마 피아첸차 공국","la":"Ducatus Parmensis et Placentinus","lmo":"Ducad de Parma e Piasenza","lt":"Parmos ir Pjačencos hercogystė","mk":"Војводство Парма и Пјаченца","nb":"Hertugdømmet Parma og Piacenza","nl":"Hertogdom Parma en Piacenza","nn":"Hertugdømet Parma og Piacenza","no":"Hertugdømmet Parma og Piacenza","pl":"Księstwo Parmy i Piacenzy","pt":"Ducado de Parma e Placência","ro":"Ducatul de Parma și Piacenza","ru":"Герцогство Парма и Пьяченца","sh":"Vojvodstvo Parma i Pjačenca / Војводство Парма и Пјаченца","sh-Cyrl":"Војводство Парма и Пјаченца","sh-Latn":"Vojvodstvo Parma i Pjačenca","sk":"Vojvodstvo Parma a Pjačenca","sr":"Војводство Парма и Пјаченца","sr-Latn":"Vojvodstvo Parma i Pjačenca","sv":"Hertigdömet Parma och Piacenza","tr":"Parma ve Piacenza Dükalığı","uk":"Ге́рцогство Па́рми та П'яче́нци","vec":"Dogado de Parma e Piacensa","vi":"Công quốc Parma và Piacenza"},"from":1748.7956989247311,"to":1802.0645161290322,"wikidata":"Q165040","adminLevel":2,"source":"OpenHistoricalMap","sourceUrl":"https://www.openhistoricalmap.org"}},{"type":"Feature","geometry":{"type":"Polygon","coordinates":[[[14.4609,35.9951],[14.4258,36.0038],[14.34,36.0947],[14.2652,36.1217],[14.1684,36.115],[14.1325,36.082],[14.1389,36.0168],[14.1945,35.9837],[14.2642,35.9684],[14.2887,35.8607],[14.3342,35.8236],[14.3947,35.7889],[14.4988,35.7654],[14.5926,35.7843],[14.6249,35.8324],[14.6236,35.8857],[14.4609,35.9951]]]},"properties":{"id":"Q2984282","names":{"ar":"الاحتلال الفرنسي لمالطا","ca":"Ocupació de Malta","en":"French Malta","es":"Ocupación francesa de Malta","fr":"Occupation française de Malte","id":"Pendudukan Malta oleh Prancis","it":"Occupazione francese di Malta","ko":"프랑스 점령하의 몰타","lv":"Maltas okupācija","mt":"Malta taħt il-Franċiżi","nl":"Franse bezetting van Malta","pl":"Francuska okupacja Malty","pt":"Malta sob Ocupação Francesa","ru":"Французская оккупация Мальты","sr":"Француска окупација Малте","zh":"法國佔領馬爾他"},"from":1798.4435483870968,"to":1800.6747311827958,"wikidata":"Q2984282","adminLevel":2,"source":"OpenHistoricalMap","sourceUrl":"https://www.openhistoricalmap.org"}},{"type":"Feature","geometry":{"type":"MultiPolygon","coordinates":[[[[4.9417,51.4495],[4.9416,51.4479],[4.9422,51.4495],[4.9417,51.4495]]],[[[4.9223,51.4377],[4.9249,51.4407],[4.9223,51.4402],[4.9223,51.4377]]],[[[4.9306,51.4399],[4.9322,51.4388],[4.9324,51.44],[4.9306,51.4399]]],[[[4.9354,51.4375],[4.9355,51.4362],[4.9368,51.4363],[4.9354,51.4375]]],[[[4.9307,51.4372],[4.931,51.4367],[4.9316,51.4372],[4.9307,51.4372]]],[[[4.9313,51.4364],[4.9324,51.4345],[4.9327,51.4365],[4.9313,51.4364]]],[[[4.9341,51.4334],[4.9354,51.432],[4.9355,51.4333],[4.9341,51.4334]]],[[[4.8692,51.4118],[4.8724,51.4115],[4.8731,51.4124],[4.8692,51.4118]]],[[[4.4753,51.4778],[4.5382,51.4824],[4.5473,51.474],[4.5314,51.4419],[4.5429,51.4249],[4.6438,51.4229],[4.7748,51.5048],[4.8376,51.482],[4.8249,51.4408],[4.8415,51.4224],[4.781,51.4323],[4.7765,51.4139],[4.8852,51.4166],[4.9216,51.3985],[4.9981,51.4403],[5.0325,51.4862],[5.0776,51.4714],[5.1,51.4386],[5.0748,51.3978],[5.1235,51.3521],[5.1343,51.3155],[5.2002,51.3227],[5.2422,51.3052],[5.226,51.2683],[5.2379,51.2614],[5.353,51.2746],[5.4174,51.2623],[5.4938,51.2987],[5.5566,51.2657],[5.5602,51.2233],[5.6188,51.2295],[5.6257,51.2735],[5.6719,51.3151],[5.874,51.3533],[5.9312,51.3847],[5.8722,51.4493],[5.8385,51.5662],[5.9058,51.5523],[6.0033,51.5702],[6.0421,51.5567],[6.0242,51.6131],[5.9721,51.6458],[5.9512,51.7121],[5.8948,51.7214],[5.8674,51.7673],[5.8936,51.7778],[5.941,51.7415],[5.9908,51.7662],[5.968,51.8037],[5.9257,51.8179],[5.9399,51.8347],[5.9755,51.8363],[5.9774,51.8827],[6.019,51.8651],[6.0063,51.8343],[6.0574,51.8769],[6.092,51.8816],[6.1285,51.8594],[6.1422,51.873],[6.0767,51.9068],[5.9624,51.9251],[5.9351,51.9022],[5.9056,51.9623],[5.948,51.9663],[5.9818,51.9439],[6.0092,51.9786],[6.0664,51.982],[6.0937,51.9692],[6.1038,51.9287],[6.1615,51.914],[6.2092,51.854],[6.2692,51.8331],[6.3309,51.8517],[6.3998,51.8287],[6.4092,51.8524],[6.3905,51.8723],[6.4686,51.8546],[6.6748,51.916],[6.722,51.8961],[6.77,51.9162],[6.7988,51.9587],[6.8285,51.9641],[6.8303,51.9862],[6.753,52.0284],[6.6879,52.0399],[6.6953,52.0643],[6.7449,52.081],[6.7606,52.1188],[6.8555,52.1205],[6.9096,52.1764],[6.9495,52.1805],[6.9889,52.2263],[7.0613,52.2347],[7.026,52.2835],[7.0723,52.3717],[6.9876,52.4698],[6.9423,52.4356],[6.7527,52.4641],[6.6976,52.4863],[6.7011,52.5266],[6.6809,52.5533],[6.7637,52.5615],[6.7256,52.5851],[6.7271,52.6145],[6.7109,52.6271],[6.7505,52.6469],[7.0557,52.6434],[7.0873,52.85],[7.1815,52.9416],[7.2174,53.007],[7.2027,53.1129],[7.1789,53.1381],[7.1999,53.1723],[7.2276,53.1803],[7.2103,53.1875],[7.2192,53.2059],[7.1918,53.315],[7.0479,53.3071],[6.9245,53.3396],[6.8968,53.3646],[6.8843,53.4459],[6.687,53.4961],[6.6567,53.528],[6.6155,53.5374],[6.5512,53.5827],[6.5571,53.5957],[6.5009,53.6094],[6.3699,53.5684],[6.1423,53.5526],[5.9842,53.5186],[5.6514,53.5256],[5.5611,53.4942],[5.4701,53.4966],[5.1885,53.4538],[5.0853,53.412],[5.0441,53.3623],[4.9406,53.3316],[4.7843,53.2553],[4.7591,53.2074],[4.638,53.0717],[4.6247,52.9058],[4.5536,52.7521],[4.5375,52.6176],[4.5019,52.5143],[4.4207,52.3553],[4.3647,52.282],[4.2654,52.1847],[4.0381,52.0209],[3.943,51.894],[3.8102,51.856],[3.7793,51.8311],[3.7691,51.7977],[3.6528,51.772],[3.5971,51.727],[3.5932,51.6856],[3.6113,51.6537],[3.5249,51.6417],[3.4018,51.5921],[3.3666,51.5733],[3.3401,51.5328],[3.3695,51.4847],[3.4391,51.445],[3.6701,51.4168],[3.8383,51.3608],[3.9242,51.3786],[3.9619,51.4219],[4.0244,51.4202],[4.1068,51.3793],[4.1903,51.3924],[4.2176,51.3739],[4.3295,51.3775],[4.3403,51.3604],[4.3894,51.3553],[4.4317,51.375],[4.3864,51.4167],[4.3989,51.4353],[4.3842,51.4458],[4.4753,51.4778]],[[4.9487,51.455],[4.9498,51.4543],[4.949,51.4538],[4.9487,51.455]],[[4.9427,51.4532],[4.9448,51.4535],[4.9449,51.453],[4.9428,51.4527],[4.9427,51.4532]],[[4.9407,51.4556],[4.9421,51.4552],[4.9406,51.4553],[4.9407,51.4556]],[[4.9295,51.4496],[4.9315,51.4496],[4.9304,51.4487],[4.9295,51.4496]],[[4.9274,51.4486],[4.9281,51.4489],[4.9291,51.4481],[4.9274,51.4486]],[[4.9181,51.444],[4.9189,51.444],[4.9182,51.4434],[4.9181,51.444]],[[4.9242,51.4464],[4.9269,51.4454],[4.9257,51.4449],[4.9242,51.4464]],[[4.9315,51.4476],[4.9341,51.4474],[4.9319,51.4467],[4.9315,51.4476]],[[4.9331,51.4495],[4.9515,51.4537],[4.9404,51.4452],[4.9331,51.4495]],[[4.941,51.4453],[4.9423,51.4451],[4.9412,51.4449],[4.941,51.4453]],[[4.9457,51.4447],[4.9496,51.4453],[4.9439,51.4438],[4.9457,51.4447]],[[4.9392,51.4436],[4.9399,51.4438],[4.9403,51.4418],[4.9392,51.4436]],[[4.9398,51.4398],[4.9415,51.4397],[4.9399,51.4395],[4.9398,51.4398]],[[4.9408,51.4393],[4.9422,51.4395],[4.9414,51.4379],[4.9408,51.4393]],[[4.94,51.4361],[4.9426,51.4356],[4.941,51.4346],[4.94,51.4361]],[[4.94,51.4361],[4.92,51.4345],[4.9209,51.4448],[4.94,51.4361]],[[4.9358,51.4093],[4.9364,51.4053],[4.9285,51.4051],[4.9358,51.4093]],[[4.8357,51.4485],[4.8362,51.4488],[4.8367,51.4484],[4.8362,51.448],[4.8357,51.4485]],[[4.8388,51.4182],[4.84,51.4188],[4.8412,51.4179],[4.8388,51.4182]],[[4.8658,51.4143],[4.8678,51.4133],[4.8663,51.4132],[4.8658,51.4143]],[[4.8734,51.4159],[4.8748,51.4165],[4.8753,51.4161],[4.8736,51.4155],[4.8734,51.4159]],[[4.8886,51.4247],[4.8915,51.4248],[4.8914,51.4232],[4.8886,51.4247]],[[6.2031,51.9373],[6.1316,51.9786],[6.2145,51.982],[6.2585,51.9511],[6.2031,51.9373]]]]},"properties":{"id":"Q188553","names":{"af":"Bataafse Republiek","ar":"الجمهورية الباتافية","az":"Bataviya Respublikası","be":"Батаўская рэспубліка","bg":"Батавска република","bn":"বাটাভীয় প্রজাতন্ত্র","br":"Republik Batav","bs":"Batavijska Republika","ca":"República Batava","cs":"Batávská republika","da":"Bataviske Republik","de":"Batavische Republik","el":"Βαταβική Δημοκρατία","en":"Batavian Republic","eo":"Batava Respubliko","es":"República Bátava","et":"Bataavia Vabariik","eu":"Bataviako Errepublika","fa":"جمهوری باتاو","fi":"Batavian tasavalta","fr":"République batave","fy":"Bataafsk Mienebest","gl":"República Bátava","he":"הרפובליקה הבטאווית","hr":"Batavijska Republika","hu":"Batáviai Köztársaság","id":"Republik Bataaf","it":"Repubblica Batava","ja":"バタヴィア共和国","ka":"ბატავიის რესპუბლიკა","kk":"Батава республикасы","ko":"바타비아 공화국","la":"Res publica Batava","lb":"Batavesch Republik","li":"Bataafse Rippubliek","lt":"Batavijos respublika","lv":"Batāvijas Republika","mk":"Батависка Република","mr":"बटावियन गणराज्य","ms":"Republik Batavia","nb":"Den bataviske republikk","nl":"Bataafse Republiek","pl":"Republika Batawska","pt":"República Batava","ro":"Republica Batavă","ru":"Батавская республика","sl":"Batavska republika","sq":"Republika Batave","sr":"Батавијска република","sv":"Bataviska republiken","th":"สาธารณรัฐบาตาเวีย","tr":"Batavya Cumhuriyeti","uk":"Батавська республіка","vi":"Cộng hòa Batavia","zh":"巴達維亞共和國"},"from":1800,"to":1801.7903225806451,"wikidata":"Q188553","adminLevel":2,"source":"OpenHistoricalMap","sourceUrl":"https://www.openhistoricalmap.org"}},{"type":"Feature","geometry":{"type":"MultiPolygon","coordinates":[[[[21.0312,37.2975],[20.9829,37.3024],[20.9541,37.286],[20.9507,37.2326],[20.9746,37.2078],[21.0249,37.1996],[21.0702,37.2262],[21.0711,37.2622],[21.0312,37.2975]]],[[[20.8105,37.6075],[20.8742,37.6118],[20.9219,37.6656],[20.9868,37.6552],[21.0245,37.6669],[21.0434,37.6889],[21.0452,37.7358],[20.9562,37.8006],[20.9305,37.8411],[20.7871,37.8882],[20.7386,37.9634],[20.6754,37.9709],[20.589,37.9085],[20.5664,37.871],[20.5644,37.8152],[20.6779,37.693],[20.8105,37.6075]]],[[[20.5365,38.5177],[20.4856,38.4808],[20.4737,38.3952],[20.3919,38.399],[20.3533,38.3763],[20.3337,38.2968],[20.307,38.2708],[20.3046,38.2339],[20.2859,38.2115],[20.2936,38.1578],[20.3515,38.1148],[20.4018,38.0939],[20.4463,38.0951],[20.4929,38.0622],[20.5746,38.0481],[20.6121,38.0675],[20.685,38.0295],[20.7428,38.0192],[20.8251,38.0286],[20.8684,38.1096],[20.7526,38.2662],[20.8077,38.2911],[20.8212,38.3148],[20.804,38.3842],[20.7606,38.4429],[20.8443,38.4408],[20.8715,38.4641],[20.8761,38.504],[20.8356,38.6276],[20.7281,38.7851],[20.7033,38.893],[20.6049,38.8584],[20.5375,38.7676],[20.5032,38.6826],[20.4889,38.5652],[20.4989,38.5369],[20.5365,38.5177]]],[[[22.9829,36.4159],[22.8903,36.4113],[22.8374,36.319],[22.8609,36.2835],[22.8476,36.2302],[22.8616,36.18],[22.9043,36.1278],[22.9439,36.109],[22.9579,36.0622],[22.9932,36.048],[23.0331,36.0582],[23.0944,36.1102],[23.1106,36.1454],[23.102,36.1704],[23.1499,36.1882],[23.1718,36.2303],[23.1148,36.3081],[23.033,36.3464],[22.9829,36.4159]]],[[[20.147,39.1447],[20.1904,39.1111],[20.2479,39.0962],[20.2877,39.1097],[20.305,39.1368],[20.2299,39.2368],[20.171,39.273],[20.1172,39.2812],[20.0745,39.2481],[20.0749,39.2132],[20.0962,39.1779],[20.147,39.1447]]],[[[19.9892,39.6404],[19.9335,39.6832],[19.9776,39.7909],[19.9584,39.825],[19.893,39.8541],[19.8424,39.8632],[19.7874,39.839],[19.6665,39.839],[19.6199,39.8101],[19.565,39.8069],[19.509,39.8266],[19.4571,39.7976],[19.4556,39.7696],[19.4826,39.7316],[19.5126,39.7172],[19.58,39.7236],[19.6353,39.6518],[19.7833,39.5519],[19.8297,39.4285],[20.0613,39.3292],[20.1379,39.3249],[20.1816,39.389],[20.1493,39.4636],[20.0463,39.5925],[19.9892,39.6404]]]]},"properties":{"id":"Q1077630","names":{"en":"Septinsular Republic"},"from":1800,"to":1807,"wikidata":"Q1077630","adminLevel":2,"source":"OpenHistoricalMap","sourceUrl":"https://www.openhistoricalmap.org"}},{"type":"Feature","geometry":{"type":"MultiPolygon","coordinates":[[[[-2.6548,49.3737],[-2.5181,49.3701],[-2.4598,49.4023],[-2.4109,49.3596],[-2.3553,49.3518],[-2.3056,49.3723],[-2.2606,49.4336],[-2.2775,49.4705],[-2.3358,49.497],[-2.3414,49.5321],[-2.3717,49.553],[-2.5643,49.5554],[-2.7454,49.4822],[-2.7425,49.4064],[-2.6548,49.3737]]],[[[-2.1369,49.7783],[-2.2433,49.7875],[-2.3357,49.7672],[-2.4026,49.77],[-2.4489,49.748],[-2.4619,49.7162],[-2.4451,49.6891],[-2.4087,49.673],[-2.3084,49.691],[-2.2599,49.6563],[-2.1892,49.6499],[-2.085,49.7098],[-2.0888,49.7511],[-2.1369,49.7783]]]]},"properties":{"id":"Q25230","names":{"en":"Guernsey","ko":"건지섬"},"from":1290,"to":1987.3682795698924,"wikidata":"Q25230","adminLevel":2,"source":"OpenHistoricalMap","sourceUrl":"https://www.openhistoricalmap.org"}},{"type":"Feature","geometry":{"type":"MultiPolygon","coordinates":[[[[-2.2656,49.3317],[-2.3284,49.2604],[-2.3116,49.2101],[-2.3246,49.1898],[-2.3177,49.1568],[-2.2672,49.1305],[-2.1087,49.1175],[-2.0565,49.0982],[-1.9894,49.1154],[-1.9543,49.1522],[-1.9434,49.234],[-1.8741,49.2466],[-1.8377,49.2944],[-1.8823,49.3364],[-2.0138,49.3515],[-2.0841,49.3388],[-2.1145,49.2969],[-2.1623,49.3422],[-2.2132,49.3489],[-2.2656,49.3317]]],[[[-2.1233,48.9078],[-2.0114,48.9217],[-1.9821,48.9516],[-1.9864,48.9907],[-2.0977,49.0482],[-2.1845,49.0533],[-2.2384,49.0296],[-2.2526,48.9623],[-2.2395,48.9333],[-2.2055,48.9148],[-2.1233,48.9078]]]]},"properties":{"id":"Q785","names":{"en":"Jersey","ko":"저지섬"},"from":1290,"to":1987.3682795698924,"wikidata":"Q785","adminLevel":2,"source":"OpenHistoricalMap","sourceUrl":"https://www.openhistoricalmap.org"}},{"type":"Feature","geometry":{"type":"MultiPolygon","coordinates":[[[[17.0279,42.7423],[17.0575,42.722],[17.1646,42.7312],[17.1961,42.769],[17.1576,42.8011],[17.0458,42.7896],[17.0326,42.8373],[16.9904,42.8543],[16.9491,42.8429],[16.9352,42.8114],[16.7925,42.817],[16.7084,42.7956],[16.668,42.7764],[16.6552,42.753],[16.683,42.7144],[16.7583,42.7174],[16.846,42.6844],[16.9266,42.6915],[17.0279,42.7423]]],[[[16.5119,42.8126],[16.4707,42.8017],[16.4446,42.7744],[16.4345,42.7452],[16.4497,42.7216],[16.505,42.7111],[16.5837,42.7467],[16.5818,42.7845],[16.5119,42.8126]]],[[[18.1363,42.5833],[18.1597,42.5429],[18.3432,42.4549],[18.3964,42.411],[18.506,42.3568],[18.5462,42.357],[18.542,42.4042],[18.4424,42.4809],[18.4341,42.5653],[18.3599,42.6171],[18.2498,42.603],[18.1766,42.6612],[18.1573,42.6539],[18.1406,42.6802],[18.1049,42.6865],[18.0984,42.7172],[18.0103,42.7526],[17.9429,42.8004],[17.8913,42.8098],[17.8988,42.8295],[17.8702,42.8466],[17.8578,42.8865],[17.8297,42.9094],[17.8091,42.9171],[17.7872,42.8916],[17.7499,42.9132],[17.6814,42.9213],[17.6492,42.8889],[17.4942,42.9447],[17.3544,43.0273],[17.2871,43.0479],[17.0899,43.0605],[17.0515,43.0769],[16.976,43.0777],[16.948,43.0524],[16.9518,43.0137],[16.9671,43.0063],[17.1887,42.9665],[17.2598,42.9113],[17.3758,42.8729],[17.3808,42.8499],[17.3241,42.8375],[17.2686,42.799],[17.2676,42.7746],[17.3014,42.7411],[17.6953,42.6531],[17.7668,42.6507],[17.8062,42.6915],[17.8311,42.689],[17.9133,42.641],[17.9778,42.6352],[18.1363,42.5833]]]]},"properties":{"id":"Q208169","names":{"an":"Republica de Ragusa","ar":"جمهورية راغوزة","az":"Dubrovnik Respublikası","be":"Дуброўніцкая рэспубліка","bg":"Дубровнишка република","br":"Republik Ragusa","bs":"Dubrovačka Republika","ca":"República de Ragusa","cs":"Republika Dubrovník","da":"Republikken Ragusa","de":"Republik Ragusa","dlm":"Republica de Ragusa","el":"Δημοκρατία της Ραγούσας","en":"Republic of Ragusa","eo":"Respubliko Ragusa","es":"República de Ragusa","eu":"Ragusako Errepublika","fa":"جمهوری راگوسا","fi":"Ragusan tasavalta","fr":"République de Raguse","fy":"Republyk Ragûsa","gl":"República de Ragusa","hr":"Dubrovačka Republika","hu":"Raguzai Köztársaság","hy":"Դուբրովնիկի հանրապետություն","ia":"Republica de Ragusa","id":"Republik Ragusa","ie":"Republica de Ragusa","it":"Repubblica di Ragusa","ja":"ラグサ共和国","kk":"Дубровник республикасы","ko":"라구사 공화국","la":"Respublica Ragusina","mk":"Дубровничка Република","ms":"Republik Ragusa","nb":"Republikken Ragusa","nl":"Republiek Ragusa","pl":"Republika Raguzy","pt":"República de Ragusa","ro":"Republica Ragusa","ru":"Дубровницкая республика","sh":"Dubrovačka Republika","sk":"Dubrovnícka republika","sl":"Dubrovniška republika","sq":"Republika e Raguzës","sr":"Дубровачка република","sr-Latn":"Dubrovačka Republika","sv":"Republiken Ragusa","tr":"Ragusa Cumhuriyeti","uk":"Рагузька республіка","uz":"Dubrovnik respublikasi","vi":"Cộng hòa Ragusa","zh":"拉古薩共和國"},"from":1699.0645161290322,"to":1808.0779569892472,"wikidata":"Q208169","adminLevel":2,"source":"OpenHistoricalMap","sourceUrl":"https://www.openhistoricalmap.org"}},{"type":"Feature","geometry":{"type":"MultiPolygon","coordinates":[[[[9.9046,43.4779],[9.8425,43.4495],[9.836,43.4175],[9.854,43.3941],[9.9108,43.3826],[9.9571,43.4119],[9.9573,43.4505],[9.9046,43.4779]]],[[[9.7741,43.0896],[9.7392,43.0315],[9.7621,42.9816],[9.8262,42.9657],[9.889,43.0092],[9.8976,43.0583],[9.8738,43.0934],[9.8278,43.1116],[9.7741,43.0896]]],[[[10.1877,44.014],[10.1735,43.9883],[10.1028,43.9537],[10.1598,43.8965],[10.2188,43.9144],[10.275,43.9606],[10.353,43.973],[10.3498,43.985],[10.3776,43.9944],[10.3183,44.0455],[10.3301,44.0676],[10.2602,44.0576],[10.2297,44.0677],[10.1877,44.014]]],[[[10.5437,44.1505],[10.5139,44.1545],[10.4779,44.098],[10.4465,44.0831],[10.4616,44.0461],[10.4995,44.0431],[10.5446,44.1065],[10.5991,44.1451],[10.5529,44.1685],[10.5437,44.1505]]],[[[9.934,44.1966],[9.8922,44.1673],[9.9663,44.1693],[9.934,44.1966]]],[[[9.817,44.2264],[9.8305,44.1977],[9.8646,44.2058],[9.8628,44.274],[9.8806,44.2935],[9.9334,44.2995],[9.9627,44.3452],[9.9917,44.3201],[9.9743,44.3077],[9.9858,44.3073],[9.9791,44.2794],[9.9598,44.259],[9.9305,44.2855],[9.9216,44.2741],[9.9387,44.2691],[9.9539,44.2332],[9.9195,44.238],[9.9183,44.2151],[9.9924,44.2253],[9.9707,44.2414],[10.0536,44.2993],[10.078,44.3567],[10.032,44.3213],[9.9857,44.3424],[9.9877,44.3686],[10.0149,44.3856],[9.9925,44.4119],[10.0006,44.4437],[9.9722,44.462],[9.8194,44.4664],[9.7532,44.4003],[9.7602,44.3901],[9.6867,44.3659],[9.7097,44.3639],[9.7295,44.3283],[9.8066,44.2823],[9.7734,44.2496],[9.817,44.2264]],[[9.8149,44.2865],[9.814,44.311],[9.8793,44.3392],[9.9225,44.317],[9.8693,44.2944],[9.8518,44.2694],[9.8149,44.2865]]],[[[10.0871,44.2691],[10.0573,44.2536],[10.0626,44.2309],[10.0376,44.2177],[10.0343,44.1733],[10.0739,44.1664],[10.0839,44.1903],[10.1124,44.2012],[10.1273,44.1947],[10.1151,44.169],[10.0932,44.1503],[10.0815,44.1628],[10.089,44.1329],[10.1789,44.1146],[10.1984,44.176],[10.1865,44.1972],[10.2343,44.2338],[10.2509,44.2725],[10.1269,44.3537],[10.1019,44.3485],[10.122,44.3405],[10.079,44.3042],[10.0847,44.2728],[10.1001,44.2722],[10.0871,44.2691]]],[[[12.1625,43.8992],[12.1579,43.8861],[12.166,43.8888],[12.1625,43.8992]]],[[[12.2261,43.81],[12.177,43.8115],[12.1691,43.7934],[12.1986,43.7723],[12.2453,43.7855],[12.2261,43.81]]],[[[11.007,44.1385],[10.9033,44.0631],[10.9044,44.0861],[10.8491,44.098],[10.7462,44.1561],[10.6712,44.1544],[10.6408,44.1292],[10.646,44.1062],[10.7163,44.0867],[10.7186,44.0497],[10.745,44.0098],[10.7314,43.9881],[10.6803,43.9869],[10.7095,43.9551],[10.6584,43.9164],[10.6727,43.8697],[10.6485,43.8622],[10.6385,43.837],[10.6647,43.8096],[10.6231,43.7569],[10.4537,43.7653],[10.4399,43.7896],[10.4528,43.8054],[10.4274,43.8313],[10.3813,43.814],[10.3078,43.8286],[10.2092,43.8072],[10.2379,43.5525],[10.2829,43.4562],[10.3321,43.4262],[10.3844,43.3653],[10.4123,43.3044],[10.4608,43.2614],[10.4853,43.168],[10.4774,43.0529],[10.5296,43.045],[10.6071,42.9999],[10.6931,43.0206],[10.6566,43.0777],[10.6832,43.0878],[10.779,43.0671],[10.791,43.0148],[10.7798,43.0039],[10.7384,43.0111],[10.7354,42.9779],[10.6883,42.9079],[10.7212,42.8909],[10.8466,42.9678],[10.8709,42.9681],[10.9994,42.8572],[10.9966,42.8323],[10.8918,42.7197],[10.936,42.6942],[10.9685,42.6361],[11.0298,42.6071],[11.0832,42.5334],[11.1386,42.5078],[11.1367,42.4859],[11.082,42.483],[11.0387,42.4463],[11.0364,42.3951],[11.0609,42.3655],[11.1495,42.3218],[11.2103,42.3279],[11.2606,42.3715],[11.4248,42.3425],[11.4788,42.4259],[11.6018,42.4474],[11.6079,42.4873],[11.5669,42.5202],[11.5954,42.5692],[11.6134,42.561],[11.6712,42.577],[11.7889,42.659],[11.7889,42.711],[11.8079,42.7383],[11.7472,42.7985],[11.7527,42.8087],[11.895,42.8347],[11.9458,42.8826],[11.9322,42.9272],[11.9778,43.0464],[11.9577,43.0745],[11.9332,43.0638],[11.9219,43.1379],[11.9446,43.1679],[11.9611,43.166],[11.9562,43.1763],[12.0057,43.1939],[12.029,43.2502],[12.1008,43.2471],[12.2132,43.291],[12.2028,43.3178],[12.1735,43.2968],[12.1426,43.2981],[12.1292,43.3595],[12.0808,43.3719],[12.0693,43.4126],[12.0371,43.4165],[12.1313,43.4775],[12.0965,43.5142],[12.142,43.5363],[12.2138,43.6109],[12.1859,43.6424],[12.2299,43.6549],[12.257,43.6838],[12.2995,43.6878],[12.3049,43.7279],[12.3157,43.678],[12.3312,43.6736],[12.3298,43.7043],[12.3696,43.7066],[12.3271,43.751],[12.2877,43.7629],[12.2161,43.7581],[12.1962,43.7348],[12.164,43.7622],[12.1237,43.7491],[12.0962,43.7652],[12.105,43.7951],[12.151,43.8376],[12.1526,43.8683],[12.1229,43.9007],[12.1223,43.8755],[12.0903,43.8651],[12.0707,43.9025],[12.0844,43.9142],[12.0926,43.8984],[12.1129,43.8996],[12.1078,43.9108],[12.148,43.9372],[12.162,43.9223],[12.1649,43.9566],[12.1504,43.9609],[12.1331,43.935],[12.093,43.9562],[12.0537,43.952],[12.045,43.9186],[12.0155,43.938],[12.0075,43.9162],[11.9838,43.9073],[11.9503,43.9074],[11.9117,43.9402],[11.9186,43.9699],[11.9375,43.9594],[11.9559,43.969],[11.9251,44.0041],[11.9278,44.0438],[11.9495,44.0501],[11.9166,44.0717],[11.9127,44.1307],[11.9463,44.1224],[11.94,44.1421],[11.9684,44.1706],[11.9633,44.2067],[11.9419,44.1924],[11.911,44.2039],[11.8901,44.1736],[11.7643,44.1972],[11.7293,44.1675],[11.72,44.1317],[11.6343,44.1178],[11.5882,44.1288],[11.6094,44.1569],[11.5883,44.1706],[11.496,44.1665],[11.4319,44.2271],[11.4025,44.2349],[11.2911,44.1708],[11.2036,44.1588],[11.2002,44.1407],[11.2564,44.116],[11.2637,44.1043],[11.246,44.0977],[11.1276,44.1097],[11.0837,44.0903],[11.0415,44.0918],[11.0013,44.1127],[11.0173,44.1335],[11.007,44.1385]],[[12.0873,43.8549],[12.0626,43.8475],[12.0545,43.8561],[12.0873,43.8549]]]]},"properties":{"id":"Q154849","names":{"ar":"دوقية تسكانة الكبرى","ast":"Gran Ducáu de Toscana","az":"Böyük Toskana hersoqluğu","be":"Вялікае Герцагства Тасканскае","bg":"Велико херцогство Тоскана","br":"Dugelezh-veur Toskana","bs":"Veliko Vojvodstvo Toskana","bs-Latn":"Veliko Vojvodstvo Toskana","ca":"Gran Ducat de Toscana","cs":"Toskánské velkovévodství","cy":"Uchel Ddugiaeth Toscana","da":"Storhertugdømmet Toscana","de":"Großherzogtum Toskana","el":"Μεγάλο Δουκάτο της Τοσκάνης","en":"Grand Duchy of Tuscany","eo":"Grandduklando de Toskanio","es":"Gran Ducado de Toscana","et":"Toscana suurhertsogkond","eu":"Toscanako Dukerri Handia","fa":"دوک‌نشین بزرگ توسکانی","fi":"Toscanan suurherttuakunta","fr":"Grand-duché de Toscane","gl":"Gran Ducado de Toscana","he":"הדוכסות הגדולה של טוסקנה","hr":"Veliko Vojvodstvo Toskana","hu":"Toszkánai Nagyhercegség","id":"Keharyapatihan Toscana","is":"Stórhertogadæmið Toskana","it":"Granducato di Toscana","ja":"トスカーナ大公国","ka":"ტოსკანის დიდი საჰერცოგო","ko":"토스카나 대공국","la":"Magnus Ducatus Tusciae","lt":"Toskanos didžioji kunigaikštystė","mk":"Големо Војводство Тоскана","mwl":"Gran-ducado de la Toscana","nb":"Storhertugdømmet Toscana","nl":"Groothertogdom Toscane","nn":"Storhertugdømet Toscana","no":"Storhertugdømmet Toscana","pl":"Wielkie Księstwo Toskanii","pt":"Grão-Ducado da Toscana","ro":"Marele Ducat de Toscana","ru":"Великое герцогство Тосканское","sh":"Veliko Vojvodstvo Toskana / Велико војводство Тоскана","sh-Cyrl":"Велико војводство Тоскана","sh-Latn":"Veliko Vojvodstvo Toskana","sr":"Велико војводство Тоскана","sv":"Storhertigdömet Toscana","th":"แกรนด์ดัชชีตอสคานา","tr":"Toskana Büyük Dükalığı","uk":"Велике герцогство Тосканське","vec":"Grandogado de Toscana","vi":"Đại công quốc Toscana","zh":"托斯卡纳大公国"},"from":1772,"to":1801.217741935484,"wikidata":"Q154849","adminLevel":2,"source":"OpenHistoricalMap","sourceUrl":"https://www.openhistoricalmap.org"}},{"type":"Feature","geometry":{"type":"MultiPolygon","coordinates":[[[[8.9757,45.9617],[8.9775,45.9823],[8.9669,45.9841],[8.9757,45.9617]]],[[[11.0076,45.1764],[11.0098,45.1581],[11.0189,45.1656],[11.0076,45.1764]]],[[[10.702,45.391],[10.7024,45.4228],[10.6618,45.419],[10.6446,45.4022],[10.6224,45.4239],[10.6396,45.5015],[10.63,45.6107],[10.8428,45.8318],[10.7735,45.8431],[10.6607,45.8314],[10.6484,45.8078],[10.6628,45.7721],[10.5722,45.7258],[10.567,45.7565],[10.526,45.8054],[10.5443,45.8168],[10.5025,45.8304],[10.5045,45.8741],[10.4915,45.8824],[10.5109,45.9155],[10.4861,45.9429],[10.4884,45.9721],[10.4535,45.9765],[10.4663,46.018],[10.5012,46.0392],[10.5353,46.0317],[10.5923,46.0814],[10.5915,46.1612],[10.515,46.161],[10.582,46.2437],[10.5597,46.2831],[10.5797,46.2988],[10.5658,46.3263],[10.5184,46.3428],[10.5196,46.3558],[10.5994,46.3772],[10.6265,46.3989],[10.6124,46.4552],[10.5554,46.4899],[10.4847,46.4939],[10.4195,46.5509],[10.3115,46.5467],[10.2693,46.5777],[10.2465,46.5746],[10.2541,46.614],[10.24,46.6353],[10.0988,46.6055],[10.1007,46.5828],[10.0468,46.544],[10.0524,46.4613],[10.0403,46.4447],[10.0825,46.4217],[10.1277,46.4305],[10.1612,46.4154],[10.1629,46.3939],[10.1353,46.3825],[10.1059,46.3422],[10.172,46.2666],[10.1447,46.231],[10.1095,46.2576],[10.0586,46.2531],[9.9996,46.2833],[10.0001,46.3132],[9.9839,46.3296],[9.9959,46.3458],[9.9457,46.3775],[9.925,46.3661],[9.9074,46.3809],[9.7687,46.3361],[9.7372,46.3508],[9.7027,46.291],[9.67,46.2998],[9.6388,46.286],[9.5525,46.3036],[9.4943,46.3652],[9.4617,46.3755],[9.4638,46.4744],[9.4497,46.48],[9.4643,46.5079],[9.4342,46.4979],[9.4141,46.4681],[9.3907,46.473],[9.365,46.5079],[9.3205,46.5049],[9.2818,46.496],[9.2699,46.4534],[9.2488,46.4382],[9.2805,46.4107],[9.277,46.3686],[9.2986,46.3464],[9.2486,46.2337],[9.2023,46.2084],[9.1839,46.1706],[9.0787,46.1213],[9.0891,46.0901],[9.0779,46.0694],[9.0095,46.0374],[9.0225,45.9896],[8.9958,45.9729],[9.014,45.9606],[9.0193,45.9284],[9.0869,45.9023],[9.0328,45.8279],[9.0099,45.8197],[8.9882,45.8383],[8.9458,45.8425],[8.9122,45.8305],[8.9434,45.8656],[8.8982,45.9254],[8.8968,45.9548],[8.8342,45.9852],[8.7859,45.9891],[8.8545,46.0616],[8.852,46.0756],[8.806,46.1014],[8.7654,46.1005],[8.7423,46.1223],[8.7076,46.0863],[8.73,46.0262],[8.5718,45.8951],[8.5938,45.8282],[8.552,45.7809],[8.5924,45.7317],[8.6534,45.7149],[8.6395,45.6823],[8.6799,45.6779],[8.683,45.6335],[8.66,45.6422],[8.6659,45.6206],[8.701,45.6042],[8.6934,45.5786],[8.7204,45.5098],[8.7855,45.4869],[8.8677,45.3485],[8.9429,45.3155],[8.9451,45.292],[8.9884,45.2455],[9.0567,45.2249],[9.0761,45.1946],[9.0991,45.2012],[9.1471,45.1654],[9.2058,45.1622],[9.2522,45.1284],[9.3129,45.1193],[9.307,45.1084],[9.4391,45.0921],[9.5032,45.1005],[9.5342,45.0797],[9.5522,45.0922],[9.5343,45.1326],[9.5688,45.1131],[9.6226,45.1298],[9.6773,45.1166],[9.6861,45.1233],[9.6705,45.1379],[9.6836,45.1532],[9.702,45.1426],[9.6858,45.1299],[9.7156,45.1069],[9.7751,45.0968],[9.7681,45.1132],[9.7898,45.1291],[9.821,45.1142],[9.8714,45.1401],[9.9217,45.1375],[9.9343,45.1192],[9.9873,45.1319],[10.0259,45.1005],[10.0578,45.0336],[10.1031,45.0185],[10.1715,45.0425],[10.2487,45.0261],[10.2599,45.0043],[10.2863,45.0055],[10.3619,44.9627],[10.4007,44.9873],[10.4461,44.9442],[10.5076,44.9146],[10.468,44.8602],[10.4794,44.8533],[10.4977,44.8822],[10.5775,44.8785],[10.5669,44.8475],[10.5841,44.8425],[10.5413,44.832],[10.5272,44.7994],[10.4747,44.7684],[10.4316,44.7674],[10.447,44.7276],[10.4171,44.675],[10.4088,44.6213],[10.4492,44.5707],[10.4261,44.5571],[10.3978,44.5647],[10.3997,44.5868],[10.3681,44.5885],[10.3421,44.5518],[10.4004,44.522],[10.4378,44.5275],[10.4447,44.5063],[10.4758,44.5089],[10.4796,44.4941],[10.4271,44.4824],[10.3497,44.5271],[10.3358,44.4953],[10.311,44.5211],[10.2771,44.51],[10.2699,44.4907],[10.3026,44.4703],[10.2576,44.4185],[10.2647,44.3879],[10.1992,44.3207],[10.2539,44.2686],[10.2328,44.2156],[10.2802,44.1468],[10.2687,44.1367],[10.1505,44.1074],[10.0958,44.1252],[10.0759,44.1621],[10.098,44.1531],[10.1127,44.165],[10.1182,44.2007],[10.056,44.1597],[10.0394,44.1723],[10.0323,44.2052],[10.0584,44.2211],[10.0554,44.2484],[10.1001,44.2722],[10.0859,44.2713],[10.0766,44.2943],[10.122,44.3405],[10.1129,44.3467],[10.0801,44.3571],[10.0501,44.299],[9.976,44.2461],[9.9924,44.2253],[9.9137,44.2214],[9.9273,44.2406],[9.9545,44.2432],[9.9213,44.2729],[9.9279,44.282],[9.9509,44.279],[9.9598,44.259],[9.9803,44.2706],[9.9743,44.3077],[9.9914,44.3169],[9.9677,44.3483],[9.9479,44.334],[9.9421,44.3019],[9.8806,44.2935],[9.8546,44.2678],[9.8728,44.2257],[9.8643,44.1861],[9.909,44.2101],[9.9741,44.1668],[9.9934,44.0927],[10.0284,44.119],[10.0693,44.098],[9.992,44.0012],[10.0463,43.9891],[10.0919,43.9587],[10.1458,43.9856],[10.163,44.0295],[10.2039,44.0377],[10.2308,44.0682],[10.2651,44.0575],[10.3301,44.0676],[10.3154,44.0522],[10.324,44.0344],[10.3566,44.022],[10.3744,43.9955],[10.4642,43.998],[10.4702,44.0114],[10.4531,44.0304],[10.4183,44.0308],[10.4113,44.0511],[10.4443,44.081],[10.4246,44.092],[10.5517,44.1644],[10.5991,44.1451],[10.5803,44.1296],[10.6035,44.114],[10.6546,44.1312],[10.6634,44.1532],[10.758,44.1527],[10.8127,44.1162],[10.9044,44.0861],[10.8984,44.0641],[10.9177,44.0628],[11.0012,44.137],[11.0151,44.137],[11.0079,44.1041],[11.0415,44.0918],[11.0832,44.0902],[11.1276,44.1097],[11.2637,44.1043],[11.203,44.1383],[11.2002,44.1566],[11.2911,44.1708],[11.3965,44.2341],[11.4319,44.2271],[11.496,44.1665],[11.5883,44.1706],[11.6108,44.1523],[11.5882,44.1288],[11.6343,44.1178],[11.7168,44.1316],[11.7578,44.1938],[11.8253,44.1953],[11.8895,44.1716],[11.9225,44.2118],[11.9365,44.1927],[11.9633,44.2067],[11.9702,44.1753],[11.9332,44.1438],[11.9429,44.119],[11.9104,44.1275],[11.9166,44.0717],[11.927,44.0555],[11.9498,44.0567],[11.9236,44.0391],[11.9219,43.9995],[11.9564,43.9632],[11.9201,43.969],[11.909,43.9467],[11.9503,43.9074],[11.9952,43.9083],[12.0114,43.9389],[12.0294,43.9417],[12.0297,43.921],[12.0435,43.9196],[12.0579,43.9545],[12.1253,43.9385],[12.1504,43.9609],[12.1735,43.9217],[12.2213,43.9083],[12.3114,43.9397],[12.3228,43.9606],[12.4078,43.9536],[12.5127,43.9911],[12.516,43.9414],[12.495,43.9205],[12.5426,43.8892],[12.5338,43.8711],[12.5883,43.8838],[12.6217,43.8246],[12.6815,43.8278],[12.6819,43.8513],[12.7339,43.8711],[12.7283,43.9195],[12.774,44.0022],[12.7143,44.0217],[12.6059,44.11],[12.5641,44.1244],[12.4333,44.2401],[12.4078,44.2828],[12.3413,44.4703],[12.3361,44.5977],[12.2934,44.7028],[12.3065,44.759],[12.3929,44.7461],[12.4433,44.7685],[12.3532,44.8171],[12.3424,44.8482],[12.2924,44.8626],[12.2912,44.9319],[12.2374,44.9743],[12.0747,45.0189],[12.0678,45.0068],[12.0908,44.9891],[12.0596,44.9769],[12.0232,45.007],[11.9991,44.9976],[12.0032,45.0124],[11.9274,44.9961],[11.8903,45.0303],[11.8347,45.0134],[11.8494,44.9973],[11.8379,44.9795],[11.7245,44.9443],[11.5453,44.9835],[11.446,45.0689],[11.4033,45.0533],[11.2684,45.093],[11.2263,45.0829],[11.2055,45.1094],[11.1467,45.126],[11.1324,45.1053],[11.1019,45.1134],[11.0974,45.0961],[11.0697,45.1011],[11.0293,45.1229],[11.0504,45.1499],[10.9995,45.1507],[10.9836,45.2005],[10.8555,45.2557],[10.7834,45.3157],[10.7278,45.2936],[10.7307,45.3158],[10.7062,45.3162],[10.7275,45.3584],[10.6997,45.3764],[10.702,45.391]],[[10.8771,44.9172],[10.8743,44.9049],[10.7892,44.8996],[10.7701,44.8818],[10.7494,44.8941],[10.6857,44.8785],[10.6421,44.8529],[10.649,44.9033],[10.6305,44.9241],[10.6536,44.9659],[10.6918,44.9766],[10.6981,44.963],[10.7214,44.99],[10.7387,44.9813],[10.7439,44.949],[10.8771,44.9172]],[[10.4698,44.2263],[10.5233,44.1751],[10.481,44.1894],[10.4339,44.1459],[10.3932,44.1379],[10.386,44.1463],[10.4372,44.2019],[10.4339,44.2248],[10.4698,44.2263]]],[[[9.8138,44.3047],[9.81,44.2841],[9.8518,44.2694],[9.8693,44.2944],[9.9263,44.3217],[9.8837,44.3402],[9.8138,44.3047]]],[[[9.7654,44.212],[9.8023,44.2057],[9.821,44.2247],[9.7754,44.2392],[9.8066,44.2823],[9.7851,44.2958],[9.7474,44.2568],[9.7654,44.212]]],[[[10.0165,44.3868],[9.9831,44.3636],[9.9857,44.3424],[10.032,44.3213],[10.0731,44.3604],[10.0165,44.3868]]]]},"properties":{"id":"Q213353","names":{"de":"Cisalpinische Republik","en":"Cisalpine Republic","fr":"République cisalpine","it":"Repubblica Cisalpina","ko":"치살피나 공화국"},"from":1797.8844086021506,"to":1800.6827956989248,"wikidata":"Q213353","adminLevel":2,"source":"OpenHistoricalMap","sourceUrl":"https://www.openhistoricalmap.org"}},{"type":"Feature","geometry":{"type":"Polygon","coordinates":[[[-7.8452,41.8813],[-7.8014,41.8862],[-7.811,41.9513],[-7.848,41.9186],[-7.8452,41.8813]]]},"properties":{"id":"Q953432","names":{"ca":"Couto Mixto","de":"Couto Mixto","es":"Coto Mixto","eu":"Couto Mixto","gl":"Couto Mixto","ko":"코투미스투","mk":"Куто Мисто","ru":"Коту-Мишту","uk":"Коту-Мішту","zh":"库托米斯托","en":"Couto Misto"},"from":1000,"to":1868,"wikidata":"Q953432","adminLevel":2,"source":"OpenHistoricalMap","sourceUrl":"https://www.openhistoricalmap.org"}},{"type":"Feature","geometry":{"type":"MultiPolygon","coordinates":[[[[19.4204,58.3239],[19.4484,58.3541],[19.4411,58.3909],[19.3384,58.4426],[19.152,58.4663],[19.0836,58.4447],[19.0508,58.4111],[19.052,58.3855],[19.1068,58.3076],[19.1858,58.2718],[19.3468,58.2793],[19.4204,58.3239]]],[[[19.0412,57.6641],[19.1005,57.6783],[19.194,57.7333],[19.2182,57.7774],[19.2774,57.8165],[19.2836,57.866],[19.3499,57.8772],[19.4529,57.928],[19.4701,57.9659],[19.4401,58.0156],[19.3782,58.0451],[19.1833,58.0639],[19.0411,58.0353],[18.9701,57.9934],[18.6749,57.9925],[18.3421,57.8439],[18.2216,57.7035],[18.0464,57.6066],[17.9929,57.5592],[17.988,57.4795],[17.9558,57.4308],[17.9664,57.4051],[18.0051,57.3791],[17.8824,57.3413],[17.8398,57.3034],[17.8361,57.2779],[17.8677,57.2363],[18.0285,57.2022],[18.0225,57.1596],[18.0631,57.1102],[18.0479,57.0629],[18.074,57.029],[18.0596,56.9955],[18.0036,56.9424],[18.0019,56.8926],[18.0796,56.8473],[18.2515,56.8425],[18.3741,56.8779],[18.5044,56.9571],[18.5305,57.0058],[18.4856,57.0509],[18.595,57.0805],[18.6439,57.1226],[18.6525,57.1499],[18.7204,57.1512],[18.79,57.177],[18.8737,57.2556],[18.8768,57.3097],[19.0907,57.3971],[19.1134,57.4491],[19.0777,57.4953],[19.0142,57.5135],[18.9075,57.5143],[18.9358,57.5585],[18.9255,57.6201],[18.9942,57.6314],[19.0412,57.6641]]],[[[11.6738,53.9358],[11.6462,53.9529],[11.6567,53.9362],[11.6313,53.9149],[11.6508,53.9022],[11.6455,53.8615],[11.6163,53.8509],[11.6737,53.8117],[11.7025,53.8135],[11.7781,53.8611],[11.7684,53.8805],[11.7982,53.8913],[11.7322,53.9275],[11.7369,53.9397],[11.6738,53.9358]]],[[[11.3964,53.8567],[11.3877,53.8463],[11.4174,53.855],[11.3964,53.8567]]],[[[12.4612,56.1503],[12.6508,56.0463],[12.6604,56.013],[12.6075,55.9407],[12.6068,55.9034],[12.8973,55.6532],[12.8842,55.6094],[12.8063,55.578],[12.7774,55.5417],[12.7778,55.5088],[12.7304,55.4665],[12.6896,55.3812],[12.7085,55.3234],[12.7918,55.2923],[12.9583,55.3219],[13.3606,55.2713],[13.7324,55.3576],[13.9019,55.3635],[14.0025,55.3193],[14.1443,55.3086],[14.2769,55.3352],[14.465,55.4994],[14.4697,55.5738],[14.3956,55.6504],[14.3808,55.7046],[14.3135,55.7416],[14.3611,55.8482],[14.4555,55.898],[14.5224,55.9051],[14.5853,55.9337],[14.6814,55.924],[14.8987,55.9401],[14.9685,55.982],[14.9765,56.0121],[14.9608,56.0428],[15.1389,56.0712],[15.6284,56.0118],[15.5856,55.9675],[15.5934,55.9161],[15.6613,55.8832],[15.751,55.8863],[15.8081,55.9177],[15.827,55.952],[15.896,55.9825],[16.0324,56.1205],[16.1521,56.2052],[16.181,56.2492],[16.1947,56.3213],[16.2487,56.3733],[16.2544,56.3999],[16.2791,56.3534],[16.2648,56.306],[16.2702,56.1798],[16.3051,56.1429],[16.3698,56.1233],[16.4313,56.1245],[16.5832,56.1949],[16.6888,56.3451],[16.7694,56.5215],[16.831,56.5839],[16.8427,56.6408],[16.8975,56.7496],[16.9492,56.7766],[16.9902,56.8239],[16.9926,56.8674],[17.0187,56.8976],[17.0268,56.9417],[17.1929,57.1497],[17.2058,57.2464],[17.2767,57.2945],[17.2776,57.3212],[17.235,57.3916],[17.1771,57.4237],[17.1062,57.4382],[17.0256,57.4325],[16.9548,57.4072],[16.8434,57.3217],[16.7466,57.3193],[16.821,57.3937],[16.903,57.4426],[16.9163,57.6052],[16.9749,57.6528],[16.9691,57.692],[16.9085,57.728],[16.9385,57.7508],[16.9752,57.8287],[16.957,57.9048],[16.9715,57.9875],[17.0156,58.0242],[17.0274,58.0808],[17.138,58.1267],[17.1891,58.1975],[17.2136,58.3023],[17.1977,58.3359],[17.2266,58.384],[17.1616,58.4594],[17.2391,58.4698],[17.3108,58.5128],[17.4487,58.549],[17.5171,58.6037],[17.6691,58.6179],[17.7359,58.6725],[17.8863,58.6707],[17.9776,58.7058],[18.1072,58.7095],[18.1669,58.7418],[18.1803,58.792],[18.2871,58.8117],[18.3331,58.8499],[18.4457,58.8515],[18.5164,58.8869],[18.6009,58.8886],[18.6925,58.9184],[18.7993,59.0158],[18.959,59.0974],[19.0209,59.1777],[19.277,59.261],[19.3422,59.3372],[19.5165,59.351],[19.589,59.3822],[19.6462,59.4364],[19.6475,59.4738],[19.6898,59.5182],[19.7144,59.582],[19.6641,59.6673],[19.5664,59.6922],[19.5872,59.731],[19.5833,59.7558],[19.4708,59.8333],[19.4094,59.855],[19.2868,59.8663],[19.1925,59.9328],[19.0533,59.9801],[18.987,60.0697],[18.9685,60.1426],[19.0468,60.192],[19.0605,60.2894],[19.0395,60.3148],[18.9678,60.3477],[18.9651,60.4407],[18.9266,60.4767],[18.8388,60.4975],[18.7429,60.4855],[18.6692,60.529],[18.4199,60.6024],[18.3113,60.593],[18.2275,60.547],[18.2207,60.5898],[18.1322,60.6381],[18.1218,60.6678],[18.0684,60.6997],[17.9312,60.7112],[17.8098,60.677],[17.7072,60.7119],[17.6976,60.7507],[17.6717,60.7746],[17.5671,60.8027],[17.4719,60.8548],[17.4595,60.9146],[17.3877,60.9556],[17.4288,60.9935],[17.4368,61.0796],[17.4823,61.1609],[17.4755,61.1905],[17.4403,61.2191],[17.4565,61.2927],[17.4902,61.3455],[17.4489,61.3937],[17.3629,61.4198],[17.358,61.4457],[17.5286,61.4755],[17.6004,61.5143],[17.6131,61.545],[17.6023,61.5709],[17.7003,61.7318],[17.6538,61.7815],[17.5798,61.8005],[17.5873,61.8532],[17.5714,61.8782],[17.6447,61.9038],[17.6805,61.9443],[17.7573,61.9754],[17.7834,62.0113],[17.778,62.0372],[17.7383,62.068],[17.6175,62.0875],[17.6572,62.1155],[17.8011,62.1378],[17.8902,62.2126],[17.8847,62.2383],[17.8495,62.266],[17.6879,62.3053],[17.7117,62.3224],[17.7952,62.3263],[17.86,62.3512],[17.8809,62.375],[17.885,62.4169],[18.1779,62.5657],[18.2958,62.7043],[18.3853,62.7597],[18.5953,62.8259],[18.633,62.8785],[18.7292,62.902],[18.9342,63.0895],[19.1676,63.1508],[19.3098,63.2129],[19.3401,63.2418],[19.3457,63.2794],[19.3863,63.3068],[19.3994,63.3466],[19.636,63.3468],[19.8922,63.41],[19.9838,63.3729],[20.0927,63.3733],[20.1575,63.3974],[20.1839,63.429],[20.1679,63.4652],[20.0924,63.4951],[20.1444,63.5237],[20.1815,63.5831],[20.3468,63.5695],[20.4803,63.5775],[20.5451,63.6014],[20.5863,63.6554],[20.664,63.6733],[20.6817,63.6554],[20.611,63.6259],[20.5958,63.6022],[20.6024,63.5769],[20.6853,63.5344],[20.7939,63.5274],[20.901,63.5498],[21.0495,63.6469],[21.1086,63.7586],[21.1545,63.7939],[21.1552,63.8246],[21.1063,63.861],[20.9879,63.8819],[21.0068,63.9131],[20.9985,63.934],[21.036,63.9577],[21.1129,64.0784],[21.2534,64.1286],[21.2743,64.151],[21.2735,64.1765],[21.3474,64.2277],[21.6293,64.2955],[21.6595,64.3232],[21.652,64.3582],[21.7439,64.4078],[21.7621,64.4372],[21.6877,64.5503],[21.6451,64.5806],[21.636,64.6216],[21.5755,64.6522],[21.4913,64.6624],[21.4909,64.6852],[21.4442,64.7311],[21.4402,64.7669],[21.3814,64.8213],[21.5311,64.9261],[21.5416,64.9506],[21.6853,65.0003],[21.7194,65.0489],[21.8333,65.0733],[21.9422,65.0736],[22.007,65.0963],[22.0306,65.1298],[22.098,65.17],[22.1092,65.2084],[22.0861,65.2411],[22.1095,65.2802],[22.201,65.3061],[22.3198,65.2513],[22.4628,65.2565],[22.6353,65.3436],[22.6777,65.3942],[22.8059,65.4114],[22.8794,65.4394],[22.9546,65.5152],[22.9535,65.5663],[23.1252,65.5661],[23.1808,65.5831],[23.2263,65.6176],[23.3172,65.5995],[23.4388,65.617],[23.486,65.6051],[23.503,65.5874],[23.4084,65.556],[23.3958,65.5121],[23.4469,65.4777],[23.5472,65.4618],[23.6401,65.4716],[23.7048,65.504],[23.8256,65.5045],[23.9043,65.5314],[24.242,65.5425],[24.421,65.5895],[24.4956,65.5557],[24.6416,65.5415],[24.6793,65.5168],[24.7082,65.4646],[24.6642,65.4295],[24.6705,65.3538],[24.7471,65.2986],[24.713,65.2677],[24.7154,65.2167],[24.7493,65.1895],[24.8127,65.1717],[24.5674,65.1399],[24.4274,65.078],[24.4052,65.0424],[24.4253,64.9902],[24.4905,64.9392],[24.5635,64.9094],[24.4123,64.8499],[24.392,64.8265],[24.3917,64.7779],[24.3086,64.7693],[24.2249,64.7353],[24.2027,64.6992],[24.2252,64.6589],[24.2086,64.6014],[24.1423,64.5804],[24.0622,64.518],[23.9624,64.4874],[23.8578,64.4118],[23.784,64.3807],[23.6859,64.3018],[23.6368,64.3538],[23.4991,64.394],[23.3943,64.395],[23.314,64.3671],[23.2919,64.3305],[23.3059,64.305],[23.4455,64.2509],[23.3909,64.189],[23.3933,64.1627],[23.3081,64.1459],[23.2542,64.115],[23.2244,64.0362],[23.1032,64.0373],[22.9961,64.0043],[22.9219,64.0224],[22.8443,64.0196],[22.6225,63.9735],[22.4942,63.8756],[22.3932,63.7659],[22.3961,63.7314],[22.424,63.7109],[22.2676,63.6698],[22.1925,63.6116],[22.1842,63.589],[22.0753,63.5723],[22.0028,63.5158],[21.7076,63.532],[21.6369,63.5136],[21.5779,63.4773],[21.4399,63.4786],[21.3755,63.4379],[21.1904,63.5027],[20.9762,63.4876],[20.9152,63.4459],[20.883,63.3273],[20.986,63.217],[20.7287,63.2089],[20.6157,63.1852],[20.5682,63.1572],[20.5612,63.1168],[20.5918,63.0906],[20.6026,63.0554],[20.6487,63.0268],[20.6041,62.9856],[20.6225,62.9371],[20.6844,62.9081],[20.8819,62.8769],[20.9561,62.8338],[20.9669,62.7929],[20.9149,62.748],[20.9254,62.6917],[20.8973,62.6477],[20.9183,62.6027],[20.9091,62.5623],[20.9213,62.5257],[20.978,62.46],[20.9608,62.4242],[20.9679,62.3999],[21.0221,62.3669],[21.0613,62.2992],[21.1533,62.2388],[21.1639,62.2001],[21.1532,62.0809],[21.1123,62.0168],[21.1505,61.96],[21.1492,61.9105],[21.1787,61.8878],[21.1763,61.8334],[21.2687,61.7514],[21.1882,61.6467],[21.2472,61.5793],[21.2994,61.5507],[21.2103,61.5033],[21.1923,61.4335],[21.2065,61.3924],[21.2459,61.3662],[21.2553,61.3174],[21.2146,61.2772],[21.1912,61.2257],[21.2011,61.1896],[21.1477,61.1202],[21.0746,61.0768],[21.0694,61.0407],[20.9188,60.9479],[20.8672,60.8481],[20.9342,60.7821],[20.8613,60.7262],[20.7397,60.6952],[20.6922,60.6649],[20.5972,60.6493],[20.4688,60.5847],[20.3467,60.5539],[20.2744,60.5982],[20.1695,60.6026],[20.0866,60.5732],[20.0491,60.5227],[19.8374,60.5367],[19.6172,60.488],[19.3736,60.4656],[19.3038,60.4287],[19.2518,60.3414],[19.1736,60.3199],[19.1362,60.2932],[19.1279,60.2681],[19.1504,60.2334],[19.1677,60.1503],[19.2089,60.1103],[19.3032,60.0924],[19.4311,60.1149],[19.5381,60.0675],[19.7247,60.0161],[19.7994,59.9744],[19.8617,59.9097],[19.7257,59.8489],[19.7211,59.8097],[19.7695,59.7723],[19.8539,59.7585],[19.9758,59.7709],[20.0537,59.7936],[20.0905,59.8335],[20.2041,59.8446],[20.2711,59.7992],[20.3698,59.7906],[20.4619,59.7587],[20.641,59.7573],[20.7993,59.7959],[20.8462,59.7558],[20.9535,59.7064],[21.2921,59.7004],[21.3521,59.6746],[21.4007,59.6269],[21.4821,59.6089],[21.5779,59.6248],[21.6245,59.6713],[21.6508,59.6773],[21.7551,59.6665],[22.0109,59.7009],[22.1684,59.6852],[22.2574,59.7107],[22.3379,59.6667],[22.4223,59.6528],[22.5576,59.6611],[22.6309,59.7024],[22.7073,59.6913],[22.8503,59.7061],[22.9763,59.6833],[23.0804,59.7205],[23.2426,59.7302],[23.3019,59.7005],[23.3773,59.6941],[23.501,59.7256],[23.6281,59.7285],[23.7021,59.758],[23.7336,59.791],[24.0376,59.8446],[24.1708,59.8437],[24.2561,59.8062],[24.357,59.8075],[24.568,59.8976],[24.709,59.9356],[24.7899,59.9906],[24.9128,60.0261],[25.0365,60.0098],[25.2748,60.0515],[25.4578,60.0404],[25.5494,60.077],[25.6995,60.062],[25.7852,60.0931],[25.9685,60.1258],[26.0467,60.1292],[26.287,60.0967],[26.377,60.1317],[26.3849,60.1817],[26.3998,60.1883],[26.4877,60.2008],[26.6159,60.1849],[26.7557,60.2449],[26.8806,60.2489],[26.9456,60.3677],[26.9378,60.4277],[26.8472,60.5549],[26.7792,60.5826],[26.7709,60.5934],[26.7867,60.6065],[26.7421,60.6527],[26.7414,60.6671],[26.7682,60.6772],[26.8417,60.6513],[26.8149,60.7256],[26.7236,60.8292],[26.6013,60.8583],[26.6158,60.9007],[26.6844,60.8991],[26.6776,60.9208],[26.6061,60.9314],[26.5292,61.027],[26.6329,61.0749],[26.8272,61.1247],[27.1795,61.1426],[27.3415,61.186],[27.4081,61.2511],[27.5228,61.263],[27.6059,61.2537],[27.6505,61.2643],[27.7473,61.3388],[27.9382,61.3671],[28.033,61.446],[28.1071,61.4732],[28.1744,61.5243],[28.2108,61.5217],[28.2294,61.561],[28.2912,61.5982],[28.5418,61.6279],[28.5562,61.6495],[28.515,61.738],[28.6613,61.7894],[28.7203,61.7747],[28.9819,61.6286],[29.0842,61.6508],[29.179,61.6429],[29.2223,61.6612],[29.258,61.7153],[29.3369,61.751],[29.4681,61.8578],[29.604,61.9331],[29.398,62.0897],[29.3692,62.1649],[29.4942,62.2769],[29.5127,62.3196],[29.5601,62.3334],[29.613,62.3735],[29.775,62.413],[29.7922,62.4397],[29.786,62.4724],[29.7201,62.5639],[29.7784,62.6031],[29.9,62.6252],[29.9007,62.6369],[29.8402,62.6647],[29.8499,62.7044],[29.8725,62.7088],[29.9426,62.6801],[30.0538,62.6993],[30.071,62.7154],[30.0469,62.7296],[30.0517,62.7396],[30.1465,62.767],[30.13,62.7918],[30.2014,62.8135],[30.222,62.8627],[30.3902,62.8],[30.5907,62.8379],[30.8029,62.9221],[30.8407,63.04],[30.8702,63.0668],[30.9636,63.0991],[31.1504,63.1125],[31.2183,63.1463],[31.2553,63.1462],[31.2326,63.221],[30.9865,63.3073],[30.9344,63.3555],[30.8542,63.3677],[30.7877,63.4053],[30.484,63.4667],[30.3845,63.5455],[30.255,63.5867],[30.2442,63.6073],[29.9792,63.7533],[30.2604,63.822],[30.3209,63.9095],[30.4919,64.017],[30.5536,64.1017],[30.5534,64.1322],[30.4664,64.2044],[30.5096,64.2217],[30.4824,64.2623],[30.3883,64.2691],[30.2855,64.3298],[30.1099,64.365],[30.0523,64.3978],[30.0583,64.4509],[30.0244,64.483],[30.0297,64.5006],[29.9871,64.5337],[29.9894,64.5876],[30.1301,64.6347],[30.1358,64.649],[30.0537,64.713],[30.0414,64.7412],[30.0856,64.7643],[30.0429,64.7929],[29.7396,64.7898],[29.6875,64.8188],[29.6997,64.8372],[29.6449,64.8665],[29.611,64.9273],[29.6192,64.9597],[29.5993,64.9951],[29.627,65.0606],[29.7327,65.0913],[29.8969,65.1051],[29.8193,65.1443],[29.8936,65.193],[29.8857,65.2063],[29.6429,65.2315],[29.6018,65.2599],[29.7466,65.3474],[29.7274,65.4003],[29.733,65.4725],[29.8639,65.5604],[29.7219,65.6371],[30.0158,65.6962],[30.1385,65.6687],[30.1194,65.7522],[30.0685,65.895],[29.9971,65.9788],[29.9891,66.0198],[29.9233,66.1271],[29.6992,66.2674],[29.7068,66.2739],[29.5196,66.4963],[29.4181,66.5912],[29.3826,66.5984],[29.3573,66.6399],[29.1494,66.7804],[29.1059,66.7904],[29.1107,66.8091],[29.0651,66.849],[29.0358,66.9183],[29.039,66.9564],[29.0715,66.9943],[29.5088,67.2754],[29.5226,67.3099],[29.6422,67.3356],[29.6301,67.3531],[29.9221,67.5189],[30.0156,67.6711],[29.6594,67.803],[29.3335,68.0694],[28.6462,68.1963],[28.4339,68.5397],[28.7064,68.7322],[28.8008,68.8693],[28.6613,68.8864],[28.468,68.8854],[28.4158,68.9155],[28.9288,69.0518],[28.8054,69.1112],[28.8303,69.1719],[28.8315,69.2244],[29.2193,69.3976],[29.3365,69.4783],[29.1705,69.639],[29.1339,69.6953],[28.4042,69.8184],[28.3305,69.8492],[28.3453,69.8808],[28.1607,69.921],[27.9843,70.014],[27.977,70.0542],[27.9483,70.0919],[27.7393,70.0644],[27.616,70.075],[27.5543,70.059],[27.5212,70.0225],[27.4286,70.0192],[27.2794,69.9804],[27.2969,69.9536],[27.0356,69.9103],[26.9664,69.9388],[26.8783,69.9334],[26.8534,69.9599],[26.7155,69.9453],[26.6761,69.9646],[26.4853,69.9439],[26.4078,69.8982],[26.4137,69.8815],[26.382,69.8535],[26.2459,69.8174],[26.2402,69.7936],[26.1834,69.7602],[26.1076,69.7297],[25.9993,69.7194],[25.8932,69.6672],[25.954,69.6473],[25.971,69.6041],[25.9329,69.5713],[25.84,69.5453],[25.8766,69.5253],[25.8498,69.4969],[25.8634,69.4836],[25.7973,69.4244],[25.8466,69.3945],[25.8079,69.3583],[25.76,69.3409],[25.7301,69.2635],[25.7022,69.2514],[25.7108,69.2272],[25.6948,69.1948],[25.7417,69.1409],[25.7237,69.1167],[25.7278,69.0759],[25.7752,69.0146],[25.7119,68.9797],[25.6555,68.9098],[25.6196,68.8908],[25.538,68.8869],[25.4889,68.9046],[25.406,68.8923],[25.2445,68.8419],[25.1544,68.797],[25.123,68.7476],[25.1094,68.6373],[24.9189,68.6055],[24.9032,68.5546],[24.8572,68.5622],[24.7834,68.6362],[24.6084,68.6819],[24.251,68.7271],[24.153,68.7536],[24.1586,68.7897],[24.0756,68.78],[23.9833,68.8271],[23.8715,68.8365],[23.7754,68.8189],[23.7311,68.7508],[23.6735,68.7055],[23.4406,68.6922],[23.1676,68.6285],[23.0544,68.6851],[22.8008,68.6875],[22.5354,68.7445],[22.3745,68.7167],[22.3408,68.8272],[22.1919,68.9188],[22.1758,68.9563],[21.6271,69.2766],[21.2788,69.3119],[21.0033,69.2223],[20.9876,69.1919],[21.0556,69.1221],[21.1087,69.1039],[21.0575,69.0363],[20.7173,69.1198],[20.5523,69.0601],[20.06,69.0458],[20.3066,68.9262],[20.3359,68.8023],[20.2028,68.6659],[20.0522,68.5911],[19.9375,68.5579],[20.2265,68.4908],[19.9214,68.356],[18.9838,68.517],[18.6212,68.507],[18.4057,68.5819],[18.1259,68.5365],[18.1011,68.406],[18.1514,68.1988],[17.8998,67.9694],[17.6647,68.0384],[17.2815,68.1188],[17.1805,68.0505],[16.7381,67.9142],[16.5563,67.6472],[16.4076,67.534],[16.158,67.5192],[16.0898,67.4353],[16.4041,67.205],[16.3878,67.0455],[16.194,66.9826],[16.0388,66.9124],[15.6214,66.5943],[15.3772,66.4843],[15.4847,66.2825],[15.0357,66.1536],[14.5163,66.1326],[14.5844,65.9013],[14.6255,65.8118],[14.5415,65.7008],[14.4988,65.5213],[14.5068,65.3097],[14.3832,65.2498],[14.326,65.1189],[13.9776,64.8597],[13.7055,64.64],[13.6543,64.5803],[13.8912,64.5071],[14.1139,64.4625],[14.1571,64.1951],[13.9675,64.008],[13.2111,64.0954],[12.9267,64.058],[12.6836,63.9742],[12.3306,63.7151],[12.2995,63.672],[12.1498,63.5939],[12.2129,63.4786],[11.9746,63.2692],[12.2182,63.0003],[12.0747,62.9025],[12.1364,62.7479],[12.0561,62.6119],[12.2994,62.2675],[12.1377,61.7238],[12.4196,61.563],[12.5693,61.5687],[12.8708,61.3565],[12.7935,61.2015],[12.707,61.1433],[12.6826,61.0612],[12.6125,61.0468],[12.4476,61.0507],[12.224,61.0131],[12.3268,60.8968],[12.3345,60.8524],[12.3954,60.7339],[12.511,60.6425],[12.5158,60.6002],[12.5819,60.5509],[12.6064,60.5135],[12.6061,60.4088],[12.4988,60.3237],[12.5419,60.1934],[12.5006,60.0991],[12.4486,60.0392],[12.3411,59.9657],[12.231,59.9276],[12.1743,59.8898],[11.9875,59.8989],[11.8852,59.8721],[11.8881,59.8593],[11.8394,59.8414],[11.926,59.7932],[11.94,59.6946],[11.8891,59.6932],[11.8624,59.6528],[11.7789,59.643],[11.6979,59.6088],[11.691,59.5896],[11.7531,59.4794],[11.7797,59.3865],[11.8162,59.3448],[11.8298,59.2418],[11.782,59.2011],[11.7649,59.1171],[11.7768,59.0902],[11.7105,59.0337],[11.652,58.9062],[11.573,58.8884],[11.5535,58.899],[11.5296,58.8776],[11.4607,58.8897],[11.4538,58.9855],[11.4646,58.9912],[11.3399,59.115],[11.1537,59.0792],[11.1174,59.0154],[11.0667,58.9774],[10.7707,58.9162],[10.8379,58.8932],[10.8687,58.8091],[10.8519,58.7738],[10.8803,58.7255],[10.9334,58.7004],[11.0181,58.6899],[11.0019,58.6584],[10.9327,58.6331],[10.9034,58.6049],[10.9024,58.5195],[10.9815,58.4704],[11.0889,58.4702],[11.0568,58.4297],[11.0586,58.3581],[11.0942,58.3027],[11.2036,58.2484],[11.1839,58.1978],[11.2273,58.1573],[11.2052,58.0742],[11.2352,58.0399],[11.3051,58.0146],[11.324,57.9689],[11.3556,57.947],[11.3239,57.8841],[11.3548,57.8496],[11.417,57.8298],[11.3998,57.7583],[11.4758,57.6989],[11.4686,57.64],[11.4819,57.6034],[11.539,57.5717],[11.6306,57.5596],[11.603,57.5235],[11.6055,57.4968],[11.6401,57.4643],[11.7053,57.4438],[11.7054,57.4018],[11.7357,57.3507],[11.7768,57.3203],[11.7869,57.2727],[11.8458,57.2408],[11.9383,57.233],[11.9894,57.1769],[11.9811,57.1497],[11.9931,57.1235],[12.1174,57.0602],[12.1414,57.0256],[12.2217,56.976],[12.2272,56.9249],[12.2474,56.8943],[12.3898,56.8343],[12.4277,56.7842],[12.4899,56.7637],[12.5038,56.7255],[12.6058,56.6083],[12.659,56.5817],[12.7866,56.5726],[12.8096,56.5589],[12.8052,56.5335],[12.7288,56.5429],[12.6073,56.5204],[12.5008,56.5206],[12.4239,56.4796],[12.4133,56.4395],[12.4654,56.3733],[12.3729,56.3608],[12.3336,56.3344],[12.325,56.311],[12.3376,56.2733],[12.3988,56.2298],[12.4255,56.175],[12.4612,56.1503]]],[[[11.3038,54.0149],[11.3132,53.991],[11.3482,53.9702],[11.4313,53.976],[11.3808,53.8754],[11.3945,53.8601],[11.4724,53.8691],[11.4893,53.8503],[11.519,53.8636],[11.5072,53.8827],[11.6022,53.9038],[11.58,53.9145],[11.5478,53.8968],[11.5096,53.8998],[11.5112,53.9126],[11.4705,53.9261],[11.4805,53.9506],[11.4634,53.9633],[11.5085,54.0341],[11.4332,54.0736],[11.3315,54.0397],[11.4354,53.9945],[11.3038,54.0149]]],[[[12.907,54.4966],[12.6669,54.4936],[12.6258,54.4998],[12.5742,54.5353],[12.507,54.5372],[12.4277,54.5018],[12.3829,54.4329],[12.3204,54.3889],[12.4219,54.3779],[12.4195,54.2592],[12.548,54.2198],[12.5952,54.1594],[12.688,54.1195],[12.7417,54.078],[12.7435,54.0331],[12.9236,53.9581],[12.901,53.9219],[12.9461,53.92],[12.9657,53.9006],[13.0324,53.8964],[13.0233,53.9103],[13.0533,53.9146],[13.0742,53.9264],[13.0702,53.9425],[13.135,53.9688],[13.2128,53.9586],[13.2741,53.9746],[13.3836,53.9109],[13.4445,53.9181],[13.4819,53.89],[13.6325,53.8637],[13.7395,53.8759],[13.7785,53.8733],[13.7842,53.8555],[13.8245,53.8618],[13.9214,53.9116],[13.9144,53.9399],[13.852,53.9877],[13.7616,54.0222],[13.8101,54.0977],[13.7341,54.1551],[13.7357,54.1729],[13.8189,54.1941],[13.9035,54.1683],[13.9933,54.2103],[14.0103,54.2429],[13.9943,54.2784],[13.9571,54.2982],[13.8366,54.2897],[13.8579,54.3403],[13.846,54.3633],[13.738,54.4371],[13.6707,54.4592],[13.7361,54.4851],[13.7645,54.5156],[13.7607,54.5772],[13.7239,54.6101],[13.6312,54.635],[13.497,54.6293],[13.5187,54.6645],[13.5156,54.6947],[13.4608,54.7301],[13.2883,54.7253],[13.1979,54.7009],[13.1446,54.6584],[13.0381,54.6289],[13.0131,54.6039],[13.0121,54.5647],[12.9781,54.5078],[12.907,54.4966]]]]},"properties":{"id":"Q34","names":{"ab":"Швециа","ace":"Swèdia","ady":"Шуецие","af":"Swede","als":"Schweden","am":"ስዊድን","ami":"Sweden","an":"Suecia","ang":"Swēoland","ann":"Siwiden","ar":"السويد","as":"ছুইডেন","ast":"Suecia","atj":"Sweden","av":"Швеция","avk":"Sveriga","ay":"Swisya","az":"İsveç","ba":"Швеция","ban":"Swédia","bar":"Schwedn","bat-smg":"Švedėjė","bcl":"Suesya","be":"Швецыя","be-x-old":"Швэцыя","bew":"Swèden","bg":"Швеция","bh":"स्वीडन","bi":"Swiden","bm":"Swedi","bn":"সুইডেন","bo":"སི་ཝེ་དེན།","br":"Sveden","bs":"Švedska","bxr":"Швеци","ca":"Suècia","cbk-zam":"Suecia","cdo":"Sôi-diēng","ce":"Швеци","ceb":"Suwesya","ch":"Swesia","chy":"Sweden","co":"Svezia","crh":"İsveçiya","cs":"Švédsko","csb":"Szwedzkô","cu":"Свєньско","cv":"Сĕвер","cy":"Sweden","da":"Sverige","dag":"Sweden","de":"Schweden","diq":"İswec","dsb":"Šwedska","dv":"ސުވިޑަން","dz":"སུའི་ཌན་","ee":"Sweden","el":"Σουηδία","eml":"Śvèsia","en":"Sweden","eo":"Svedio","es":"Suecia","et":"Rootsi","eu":"Suedia","ext":"Suecia","fa":"سوئد","ff":"Suwed","fi":"Ruotsi","fiu-vro":"Roodsi","fj":"Suwiteni","fo":"Svøríki","fr":"Suède","frp":"Suèda","frr":"Sweeden","fur":"Svezie","fy":"Sweden","ga":"An tSualainn","gag":"Şvețiya","gcr":"Swèd","gd":"An t-Suain","gl":"Suecia","gn":"Suésia","got":"𐍃𐍅𐌰𐌹𐌷𐌰𐌻𐌰𐌽𐌳","gu":"સ્વિડન","gv":"Yn Toolynn","ha":"Sweden","hak":"Sui-tiên","haw":"Kuekene","he":"שוודיה","hi":"स्वीडन","hif":"Sweden","hr":"Švedska","hsb":"Šwedska","ht":"Syèd","hu":"Svédország","hy":"Շվեդիա","ia":"Svedia","iba":"Sweden","id":"Swedia","ie":"Svedia","ig":"Sweden","ilo":"Suesia","io":"Suedia","is":"Svíþjóð","it":"Svezia","iu":"ᔅᕗᕆᑭ","ja":"スウェーデン","jam":"Swiidn","jbo":"sueriges","jv":"Swèdhen","ka":"შვედეთი","kaa":"Shveciya","kab":"Sswid","kbd":"Шуецэ","kbp":"Sʊyɛdɩ","kg":"Suedi","kge":"Swedia","ki":"Cuindeni","kk":"Швеция","km":"ស៊ុយអែត","kn":"ಸ್ವೀಡನ್","knc":"Sweden","ko":"스웨덴","koi":"Шведму","krc":"Швеция","ks":"سویٖڈن","ku":"Swêd","kv":"Швеция","kw":"Swedherwyk","ky":"Швеция","la":"Suecia","lad":"Suesia","lb":"Schweden","lez":"Швеция","lfn":"Sveria","lg":"Swiiden","li":"Zwede","lij":"Svéçia","lld":"Svezia","lmo":"Svezia","ln":"Swédi","lo":"ປະເທດຊູແອດ","lt":"Švedija","ltg":"Švedeja","lv":"Zviedrija","mad":"Swedia","map-bms":"Swedia","mdf":"Шведмастор","mg":"Soeda","mhr":"Швеций","mi":"Huitene","min":"Swedia","mk":"Шведска","ml":"സ്വീഡൻ","mn":"Швед","mr":"स्वीडन","ms":"Sweden","mt":"Żvezja","mwl":"Suécia","my":"ဆွီဒင်နိုင်ငံ","myv":"Швеция Мастор","nap":"Sguezia","nds":"Sweden","nds-nl":"Sveden","ne":"स्विडेन","nl":"Zweden","nn":"Sverige","no":"Sverige","nov":"Suedia","nrm":"Suède","nv":"Chʼah Bideeʼí Dineʼé Bikéyah","oc":"Suècia","olo":"Ruočči","om":"Iswiidin","or":"ସ୍ୱିଡେନ","os":"Швеци","pa":"ਸਵੀਡਨ","pag":"Suesia","pam":"Suesia","pap":"Suesia","pcd":"Suède","pdc":"Schweden","pl":"Szwecja","pms":"Svessia","pnt":"Σουηδία","ps":"سویډن","pt":"Suécia","qu":"Suwikusuyu","rm":"Svezia","ro":"Suedia","roa-rup":"Suidii","roa-tara":"Svezzie","ru":"Швеция","rue":"Швеція","rw":"Suwede","sa":"स्वीडन","sah":"Сибиэссийэ","sc":"Isvètzia","scn":"Svezzia","sco":"Swaden","sd":"سويڊن","se":"Ruoŧŧa","sh":"Švedska","shi":"Sswid","si":"ස්වීඩනය","sk":"Švédsko","sl":"Švedska","sm":"Suetena","smn":"Ruotâ","sn":"Swidheni","so":"Iswiidhan","sq":"Suedia","sr":"Шведска","srn":"Swerigekondre","ss":"ISwideni","st":"Sweden","stq":"Sweeden","su":"Swédia","sv":"Sverige","sw":"Uswidi","szl":"Szwecyjŏ","szy":"Sweden","ta":"சுவீடன்","tay":"Sweden","te":"స్వీడన్","tet":"Suésia","tg":"Суэд","th":"ประเทศสวีเดน","ti":"ሽወደን","tk":"Iswiç","tl":"Sweden","tly":"Isvec","to":"Suēteni","tok":"ma Sensa","tpi":"Suwidan","tr":"İsveç","trv":"Sweden","ts":"Sweden","tt":"Швеция","tum":"Sweden","tw":"Sweden","ty":"Tuete","tyv":"Швеция","udm":"Швеция","ug":"شۋېتسىيە","uk":"Швеція","ur":"سویڈن","uz":"Shvetsiya","vec":"Svèsia","vep":"Ročinma","vi":"Thụy Điển","vls":"Zweedn","vo":"Svedän","wa":"Suwede","war":"Suwesya","wo":"Suweed","yi":"שוועדן","yo":"Swídìn","za":"Nyeiqdenj","zea":"Zweden","zh":"瑞典","zu":"ISwidi"},"from":1743.6290322580646,"to":1803,"wikidata":"Q34","adminLevel":2,"source":"OpenHistoricalMap","sourceUrl":"https://www.openhistoricalmap.org"}},{"type":"Feature","geometry":{"type":"Polygon","coordinates":[[[45.0346,42.6929],[44.9723,42.7474],[44.8862,42.7467],[44.8685,42.6914],[44.8354,42.6731],[44.8211,42.6164],[44.8003,42.6159],[44.7638,42.6509],[44.7403,42.7256],[44.6829,42.7546],[44.5791,42.7455],[44.5547,42.7636],[44.502,42.7378],[44.5207,42.6993],[44.3159,42.7224],[44.249,42.6794],[44.2336,42.6326],[44.1939,42.6351],[44.1648,42.6078],[44.1162,42.618],[44.0269,42.5977],[43.9642,42.5471],[43.8414,42.5975],[43.7742,42.5888],[43.7499,42.6175],[43.6794,42.6414],[43.6482,42.6398],[43.58,42.5794],[43.6157,42.2041],[43.4445,42.0423],[43.5281,41.9453],[43.6585,41.8333],[43.7613,41.8128],[43.7663,41.7716],[43.7312,41.6949],[43.7312,41.6106],[43.7738,41.5469],[43.7964,41.4662],[43.7337,41.1611],[43.6843,41.1338],[43.6024,41.1288],[43.5642,41.1448],[43.4747,41.1233],[43.4474,41.0993],[43.4714,41.0682],[43.4684,41.0312],[43.5783,40.9931],[43.6715,40.937],[44.1423,40.848],[44.4005,40.8243],[44.7415,40.7028],[44.9496,40.7275],[45.1413,40.6933],[45.4121,40.5734],[45.5036,40.4829],[45.6653,40.3684],[46.0438,40.7569],[46.1366,40.8224],[46.267,40.8821],[46.3692,40.9026],[46.6122,40.9358],[46.7268,40.9233],[46.7546,40.9816],[46.8197,41.3477],[47.0353,41.2507],[47.1193,41.2432],[47.1983,41.263],[47.2711,41.3524],[47.2601,41.3956],[47.2242,41.3985],[47.2422,41.4448],[47.2184,41.4456],[47.1919,41.4883],[47.1581,41.4991],[47.1719,41.5219],[47.1354,41.5478],[47.1129,41.5948],[47.0753,41.5784],[47.0725,41.559],[47.0195,41.556],[47.0163,41.58],[46.9911,41.5998],[47.0089,41.6228],[46.9995,41.6413],[46.9274,41.6767],[46.915,41.7266],[46.869,41.719],[46.8312,41.7601],[46.8078,41.7615],[46.7716,41.7953],[46.7809,41.8119],[46.7613,41.8559],[46.7229,41.8485],[46.7115,41.8271],[46.6243,41.8346],[46.5853,41.8028],[46.5568,41.8216],[46.5539,41.8603],[46.527,41.8843],[46.5008,41.8877],[46.4485,41.8632],[46.3991,41.9402],[46.3565,41.9334],[46.3389,41.9463],[46.3243,41.932],[46.2849,41.9443],[46.2336,42.0155],[46.1595,41.9897],[46.1305,42.006],[46.1082,41.9858],[46.0789,42.0357],[46.0435,42.02],[45.9831,42.0428],[45.9492,42.0272],[45.9124,42.0627],[45.9206,42.0798],[45.9006,42.1027],[45.8039,42.1168],[45.7891,42.1031],[45.7412,42.1331],[45.7395,42.1519],[45.6077,42.2139],[45.6501,42.2899],[45.7264,42.2914],[45.7514,42.3069],[45.7365,42.3723],[45.7753,42.432],[45.7754,42.482],[45.7161,42.4776],[45.6778,42.5054],[45.6094,42.5087],[45.5719,42.5481],[45.4943,42.5353],[45.4049,42.5497],[45.3406,42.5224],[45.3213,42.5674],[45.3,42.572],[45.2782,42.6062],[45.2578,42.6052],[45.1585,42.7072],[45.0875,42.7111],[45.0346,42.6929]]]},"properties":{"id":"Q282475","names":{"ar":"مملكة كارتلي-كاخيتي","az":"Kartli-Kaxeti çarlığı","cs":"Kartlijsko-kachetské království","de":"Königreich Kartlien-Kachetien","el":"Βασίλειο της Καρτλίας-Καχετίας","en":"Kingdom of Kartli-Kakheti","eo":"Reĝlando Kartli-Kaĥetio","es":"Reino de Kartli-Kajetia","fa":"پادشاهی کارتلی-کاختی","fi":"Kartli-Kakhetin kuningaskunta","fr":"Royaume de Kartl-Kakhétie","he":"ממלכת כארתלי-קאחתי","hr":"Kraljevstvo Kartlije i Kahetije","hy":"Քարթլի-Կախեթի թագավորություն","id":"Kerajaan Kartli-Kakheti","it":"Regno di Cartalia-Cachezia","ja":"カルトリ・カヘティ王国","ko":"카르틀리-카헤티 왕국","lv":"Kartli-Kahetijas Karaliste","nl":"Koninkrijk Kartli-Kachetië","os":"Картли-Къахеты паддзахад","pt":"Reino de Cártlia-Caquécia","ru":"Картли-Кахетинское царство","sl":"Kartlijsko-kahetsko kraljestvo","sr":"Краљевина Картлија-Кахетија","sv":"Kungariket Kartli-Kakheti","tr":"Kartli-Kaheti Krallığı","uk":"Картлі-Кахетинське царство","zh":"卡爾特利-卡赫蒂王國"},"from":1762,"to":1801.6962365591398,"wikidata":"Q282475","adminLevel":2,"source":"OpenHistoricalMap","sourceUrl":"https://www.openhistoricalmap.org"}},{"type":"Feature","geometry":{"type":"MultiPolygon","coordinates":[[[[7.4979,47.489],[7.4258,47.4885],[7.4557,47.4734],[7.4555,47.4494],[7.5296,47.4618],[7.5359,47.5139],[7.4998,47.5206],[7.5111,47.497],[7.4979,47.489]]],[[[7.3812,47.4321],[7.376,47.4141],[7.4207,47.4108],[7.4556,47.4283],[7.438,47.4463],[7.3812,47.4321]]],[[[7.5665,47.5777],[7.5558,47.5444],[7.6135,47.5211],[7.6053,47.4699],[7.6266,47.4634],[7.6135,47.4355],[7.5747,47.4383],[7.5716,47.4174],[7.5304,47.4142],[7.5188,47.3877],[7.4436,47.4014],[7.4367,47.3788],[7.5243,47.3709],[7.5716,47.3263],[7.5318,47.2946],[7.4165,47.2531],[7.422,47.2419],[7.3406,47.2172],[7.3915,47.1663],[7.3761,47.1409],[7.362,47.1598],[7.2942,47.1612],[7.2415,47.1276],[7.1998,47.1339],[7.155,47.1182],[7.1152,47.0744],[7.0333,47.0327],[7.0381,46.9803],[7.0017,46.9877],[6.7793,46.8536],[6.7381,46.8705],[6.7415,46.8949],[6.7188,46.9038],[6.7223,46.9343],[6.6543,46.9137],[6.6296,46.8893],[6.4602,46.8513],[6.4313,46.8122],[6.4585,46.7885],[6.4299,46.7564],[6.2852,46.6914],[6.1105,46.5765],[6.1555,46.5461],[6.1109,46.4807],[6.0487,46.4504],[6.0676,46.4149],[6.1659,46.3719],[6.1284,46.3217],[6.1405,46.3044],[6.1966,46.2865],[6.2325,46.3307],[6.1723,46.3566],[6.1798,46.3645],[6.2414,46.3436],[6.3352,46.4037],[6.4256,46.4158],[6.5191,46.4564],[6.6819,46.4543],[6.8211,46.4272],[6.7722,46.3504],[6.8643,46.2832],[6.8038,46.2049],[6.8126,46.1814],[6.7912,46.1572],[6.798,46.1362],[6.9,46.1239],[6.8756,46.0479],[6.936,46.0646],[6.9852,46.0044],[7.0066,45.9995],[7.0143,45.9627],[7.037,45.9552],[7.0443,45.9226],[7.0977,45.8621],[7.1566,45.8791],[7.1951,45.8601],[7.2061,45.8802],[7.2584,45.8891],[7.2904,45.9203],[7.3857,45.897],[7.4746,45.9358],[7.4717,45.9477],[7.4993,45.9624],[7.5456,45.9602],[7.5459,45.9838],[7.572,45.9873],[7.5889,45.9707],[7.6613,45.9754],[7.727,45.9235],[7.7535,45.9399],[7.7973,45.9185],[7.8726,45.9203],[7.8777,45.9718],[7.9071,45.9951],[7.9887,45.996],[8.0278,46.0411],[8.0231,46.0724],[8.0389,46.1],[8.1092,46.1124],[8.1513,46.1432],[8.1651,46.1829],[8.1389,46.2262],[8.0805,46.2607],[8.1368,46.3013],[8.2019,46.3042],[8.2692,46.3658],[8.3128,46.3772],[8.3161,46.3982],[8.2945,46.405],[8.3037,46.4233],[8.4382,46.4642],[8.465,46.4453],[8.4652,46.3347],[8.3988,46.2877],[8.3892,46.2592],[8.5309,46.2188],[8.6118,46.1217],[8.7148,46.098],[8.7423,46.1223],[8.7654,46.1005],[8.8153,46.0974],[8.852,46.0756],[8.8545,46.0616],[8.7859,45.9891],[8.8316,45.988],[8.8937,45.959],[8.8958,45.9277],[8.9421,45.8703],[8.9128,45.838],[8.9867,45.8387],[9.0169,45.818],[9.0888,45.897],[9.0199,45.9286],[8.9942,45.9664],[9.0228,45.9927],[9.0079,46.0297],[9.0223,46.0521],[9.0739,46.0625],[9.0883,46.0844],[9.0739,46.1141],[9.1612,46.1707],[9.1822,46.1695],[9.2014,46.2067],[9.2451,46.2323],[9.2518,46.2658],[9.2993,46.3263],[9.2961,46.355],[9.2786,46.3659],[9.2799,46.4146],[9.2481,46.4408],[9.2722,46.4551],[9.2869,46.4975],[9.3683,46.5051],[9.4093,46.4668],[9.4551,46.5053],[9.4616,46.3819],[9.5477,46.3031],[9.6347,46.286],[9.6747,46.3027],[9.7098,46.2918],[9.7249,46.343],[9.7435,46.3518],[9.7775,46.3348],[9.9064,46.3808],[9.9244,46.3685],[9.9573,46.3784],[9.9936,46.3524],[9.9821,46.3253],[9.9996,46.3098],[9.9947,46.2871],[10.0576,46.2596],[10.1148,46.2548],[10.137,46.2322],[10.1679,46.2699],[10.1045,46.3331],[10.1324,46.3801],[10.164,46.3906],[10.1619,46.4145],[10.133,46.4291],[10.0644,46.4259],[10.0417,46.4507],[10.0536,46.5182],[10.044,46.5376],[10.0956,46.5773],[10.1014,46.6081],[10.1935,46.6257],[10.2153,46.617],[10.2342,46.6331],[10.2541,46.614],[10.2465,46.5746],[10.2891,46.5684],[10.2998,46.5492],[10.4183,46.5513],[10.448,46.5334],[10.4744,46.5515],[10.4878,46.5895],[10.4817,46.6201],[10.4461,46.6413],[10.4092,46.635],[10.3818,46.6843],[10.4161,46.7134],[10.4001,46.7328],[10.4442,46.7598],[10.4235,46.7869],[10.4577,46.8161],[10.4865,46.9223],[10.4688,46.9471],[10.4221,46.9602],[10.421,46.9792],[10.3893,47.0005],[10.3481,46.9896],[10.2969,46.9199],[10.2417,46.9316],[10.2229,46.8663],[10.1131,46.8422],[9.9805,46.9139],[9.8832,46.9342],[9.8707,46.9632],[9.892,46.9889],[9.8695,47.0212],[9.8361,47.0125],[9.6798,47.0622],[9.5575,47.0485],[9.5341,47.0638],[9.4844,47.0493],[9.4785,47.0684],[9.5188,47.0948],[9.4881,47.1912],[9.533,47.273],[9.5893,47.3191],[9.6001,47.3462],[9.6703,47.3774],[9.6451,47.4321],[9.659,47.4491],[9.6029,47.462],[9.5645,47.4933],[9.5507,47.5371],[9.5147,47.5369],[9.4529,47.5902],[9.268,47.656],[9.1773,47.6549],[9.0252,47.6864],[8.8926,47.6492],[8.8536,47.6809],[8.8727,47.7041],[8.8238,47.711],[8.7965,47.7346],[8.7697,47.7091],[8.8081,47.6953],[8.7942,47.6816],[8.7279,47.6929],[8.7333,47.713],[8.7129,47.7339],[8.7399,47.747],[8.7259,47.7625],[8.6959,47.7568],[8.6572,47.7999],[8.6446,47.7644],[8.6253,47.7634],[8.615,47.8004],[8.565,47.8061],[8.5773,47.7817],[8.4903,47.772],[8.4565,47.7492],[8.4463,47.7232],[8.4094,47.7033],[8.4196,47.6852],[8.4096,47.6692],[8.467,47.6563],[8.4722,47.6386],[8.473,47.6491],[8.5233,47.6449],[8.545,47.6666],[8.6062,47.6721],[8.6268,47.6465],[8.5981,47.6445],[8.5979,47.6072],[8.5675,47.5976],[8.5621,47.6184],[8.5245,47.6324],[8.4613,47.6021],[8.4683,47.5839],[8.4904,47.5864],[8.4835,47.577],[8.3776,47.5672],[8.328,47.5712],[8.2876,47.6106],[8.2355,47.6109],[8.22,47.5977],[8.2528,47.5637],[8.2264,47.5459],[8.1754,47.5691],[8.1364,47.5492],[8.1304,47.5284],[8.0753,47.5085],[8.0712,47.4883],[8.1115,47.4628],[8.0288,47.4611],[8.0186,47.4313],[7.9876,47.4286],[7.9438,47.4829],[7.9026,47.4819],[7.8593,47.5339],[7.8346,47.533],[7.8312,47.513],[7.7907,47.4945],[7.7886,47.5209],[7.6665,47.5369],[7.6415,47.5568],[7.6745,47.5635],[7.6717,47.5872],[7.6929,47.5995],[7.5665,47.5777]],[[10.1953,46.7697],[10.2962,46.789],[10.2547,46.7093],[10.2774,46.6909],[10.2171,46.6955],[10.2175,46.7542],[10.1953,46.7697]],[[9.4551,46.8843],[9.4953,46.8546],[9.4846,46.8431],[9.4973,46.801],[9.4572,46.811],[9.4072,46.795],[9.42,46.7701],[9.3806,46.7616],[9.3329,46.8053],[9.4402,46.8378],[9.43,46.8507],[9.451,46.8583],[9.4551,46.8843]],[[6.1747,46.3515],[6.1847,46.3453],[6.1668,46.3433],[6.1747,46.3515]],[[8.6437,47.7584],[8.6506,47.7655],[8.6508,47.7585],[8.6437,47.7584]],[[8.9757,45.9617],[8.9586,45.9648],[8.9761,45.9831],[8.9757,45.9617]],[[8.7179,47.6907],[8.6625,47.6883],[8.6653,47.7106],[8.7061,47.7114],[8.7179,47.6907]]]]},"properties":{"id":"Q206696","names":{"als":"Helvetische Republik","ar":"الجمهورية الهيلفيتية","bg":"Хелветска република","bs":"Helvetska Republika","ca":"República Helvètica","cs":"Helvétská republika","de":"Helvetische Republik","el":"Ελβετική Δημοκρατία","en":"Helvetic Republic","eo":"Helveta Respubliko","es":"República Helvética","et":"Helveetsia vabariik","eu":"Helveziar Errepublika","fa":"جمهوری هلوتی","fi":"Helvetian tasavalta","fr":"République helvétique","frp":"Rèpublica hèlvetica","gl":"República Helvética","he":"הרפובליקה ההלווטית","hr":"Helvetska Republika","hu":"Helvét Köztársaság","hy":"Հելվետյան հանրապետություն","ia":"Republica Helvetic","id":"Republik Helvetika","it":"Repubblica Elvetica","ja":"ヘルヴェティア共和国","ka":"ჰელვეციის რესპუბლიკა","ko":"헬베티아 공화국","krc":"Гельветика республика","ky":"Гельвеция республикасы","la":"Respublica Helvetica","lb":"Helvetesch Republik","lt":"Helvetijos respublika","mk":"Хелветска Република","nb":"Den helvetiske republikk","nl":"Helvetische Republiek","no":"Den helvetiske republikk","nov":"Helvetik Republike","os":"Гельветаг республикæ","pl":"Republika Helwecka","pt":"República Helvética","rm":"Republica helvetica","ro":"Republica Elvețiană","ru":"Гельветическая республика","sh":"Helvetska Republika;Хелветска република","sh-Cyrl":"Хелветска република","sh-Latn":"Helvetska Republika","sk":"Helvétska republika","sl":"Helvetska republika","sr":"Хелветска република","sv":"Helvetiska republiken","tr":"Helvetya Cumhuriyeti","uk":"Гельветійська республіка","vi":"Cộng hòa Helvetica","yo":"Helveti Olómìnira","zh":"海尔维第共和国"},"from":1798.279569892473,"to":1802.6532258064517,"wikidata":"Q206696","adminLevel":2,"source":"OpenHistoricalMap","sourceUrl":"https://www.openhistoricalmap.org"}},{"type":"Feature","geometry":{"type":"Polygon","coordinates":[[[12.4874,43.8965],[12.5133,43.9381],[12.507,43.9914],[12.405,43.9459],[12.4195,43.9006],[12.4874,43.8965]]]},"properties":{"id":"Q238","names":{"ab":"Сан Марино","ace":"San Marino","af":"San Marino","als":"San Marino","am":"ሳን ማሪኖ (አገር)","ami":"San marino","an":"San Marino","ang":"Sanct Marinusland","ann":"San Marino","ar":"سان مارينو","as":"ছান মাৰিণ'","ast":"San Marín","avk":"Sanmarina","az":"San-Marino","ba":"Сан-Марино","ban":"San Marino","bar":"San Marino","bat-smg":"San Marėns","bcl":"San Marino","be":"Сан-Марына","be-x-old":"Сан-Марына","bew":"San Marino","bg":"Сан Марино","bh":"सैन मरीनो","bi":"San Marino","bn":"সান মারিনো","bo":"སན་མ་རི་ནོ།","br":"San Marino","bs":"San Marino","bxr":"Сан-Марино","ca":"San Marino","cbk-zam":"San Marino","cdo":"San Marino","ce":"Сан-Марино","ceb":"San Marino","co":"San Marinu","crh":"San Marino","cs":"San Marino","csb":"San Marino","cu":"Санъ Марино","cv":"Сан-Марино","cy":"San Marino","da":"San Marino","dag":"San Marino","de":"San Marino","diq":"San Marino","dsb":"San Marino","dv":"ސަން މަރީނޯ","ee":"San Marino","el":"Άγιος Μαρίνος","eml":"San Marein","en":"San Marino","eo":"San-Marino","es":"San Marino","et":"San Marino","eu":"San Marino","ext":"San Marinu","fa":"سان مارینو","ff":"San Marino","fi":"San Marino","fiu-vro":"San Marino","fo":"San Marino","fr":"Saint-Marin","frp":"Sant-Marin","frr":"San Marino","fur":"San Marin","fy":"San Marino","ga":"San Mairíne","gag":"San Marino","gcr":"Sen-Maren","gd":"San Marino","gl":"San Marino","gn":"San Maríno","gu":"સાન મૅરિનો","gv":"San Marino","ha":"San Marino","hak":"San Marino","haw":"Sana Marino","he":"סן מרינו","hi":"सान मारिनो","hif":"San Marino","hr":"San Marino","hsb":"San Marino","ht":"Sen Maren","hu":"San Marino","hy":"Սան Մարինո","ia":"San Marino","id":"San Marino","ie":"San Marino","ig":"San Marino","ilo":"San Marino","io":"San-Marino","is":"San Marínó","it":"San Marino","ja":"サンマリノ","jam":"San Mariino","jv":"San Marino","ka":"სან-მარინო","kaa":"San-Marino","kab":"San Marin","kbd":"Сан-Марино","kg":"Saint-Marin","kge":"San Marino","ki":"Canimarino","kk":"Сан-Марино","km":"សាន់ម៉ារីណូ","kn":"ಸಾನ್ ಮರಿನೊ","ko":"산마리노","koi":"Сан Марино","krc":"Сан-Марино","ku":"San Marîno","kv":"Сан-Марино","kw":"Sen Marin","ky":"Сан-Марино","la":"Sanctus Marinus","lad":"San Marino","lb":"San Marino","lez":"Сан-Марино","lfn":"San Marino","lg":"San Marino","li":"San Marino","lij":"San Marin","lld":"San Marino","lmo":"San Marin","ln":"Santu Marino","lo":"ປະເທດຊັງມາລີໂນ","lt":"San Marinas","ltg":"San Marins","lv":"Sanmarīno","mad":"San Marino","map-bms":"San Marino","mdf":"Сан-Марино","mg":"San-Marîno","mhr":"Сан-Марино","mi":"Hato Marino","min":"San Marino","mk":"Сан Марино","ml":"സാൻ മരീനോ","mn":"Сан-Марино","mr":"सान मारिनो","ms":"San Marino","mt":"San Marino","mwl":"San Marino","my":"ဆန်မာရီနိုနိုင်ငံ","myv":"Сан-Марино Мастор","nap":"San Marino","nds":"San Marino","nds-nl":"San Marino","ne":"सान मारिनो","nl":"San Marino","nn":"San Marino","no":"San Marino","nov":"San Marino","nrm":"Saint Mathîn","nv":"Dziłkʼi Yadaaʼáhí Hahoodzo","ny":"San Marino","oc":"Sant Marin","olo":"San Marino","om":"Saan Maariinoo","os":"Сан-Марино","pa":"ਸਾਨ ਮਰੀਨੋ","pag":"San Marino","pam":"San Marino","pap":"San Marino","pcd":"Saint-Marin","pl":"San Marino","pms":"San Marin","pnt":"Άι Μαρίνος","ps":"سان مارینو","pt":"San Marino","qu":"San Marino","rgn":"San Marein","rm":"San Marino","rn":"Saint-Marin","ro":"San Marino","roa-rup":"San Marino","roa-tara":"San Marine","ru":"Сан-Марино","rw":"Mutagatifu Marino","sa":"सान मरीनो","sah":"Сан Марино","sc":"Santu Marinu","scn":"San Marinu","sco":"San Marino","sd":"سان مارينو","se":"San Marino","sh":"San Marino","si":"සැන් මරිනෝ","sk":"San Maríno","sl":"San Marino","sm":"San Marino","smn":"San Marino","sn":"Musande Marino","so":"San Marino","sq":"San Marino","sr":"Сан Марино","srn":"San Marinokondre","stq":"San Marino","su":"San Marino","sv":"San Marino","sw":"San Marino","szl":"San Marino","szy":"San Marino","ta":"சான் மரீனோ","te":"సాన్ మారినో","tet":"Saun Mariñu","tg":"Сан-Марино","th":"ประเทศซานมารีโน","ti":"ሳን ማሪዮ","tk":"San-Marino","tl":"San Marino","tly":"San-Marino","to":"Sā Malino","tok":"ma San Malino","tpi":"San Marino","tr":"San Marino","trv":"San Marino","ts":"San Marino","tt":"Сан-Марино","tum":"San Marino","udm":"Сан-Марино","ug":"سان مارىنو","uk":"Сан-Марино","ur":"سان مارینو","uz":"San Marino","vec":"San Marin","vep":"San Marino","vi":"San Marino","vls":"San Marino","vo":"Sanmarinän","war":"San Marino","wo":"San Marino","xh":"Sen Marino","yi":"סאן מארינא","yo":"San Màrínò","za":"San Marino","zea":"San Marino","zh":"圣马力诺","zh-min-nan":"San Marino","zu":"USanti Marino"},"from":1740.0940860215053,"to":null,"wikidata":"Q238","adminLevel":2,"source":"OpenHistoricalMap","sourceUrl":"https://www.openhistoricalmap.org"}},{"type":"Feature","geometry":{"type":"Polygon","coordinates":[[[18.5543,42.5807],[18.5969,42.5949],[18.6205,42.6247],[18.7058,42.627],[18.7224,42.5808],[18.7463,42.5761],[18.7403,42.556],[18.7801,42.5151],[18.7899,42.414],[18.7718,42.3948],[18.7791,42.3807],[18.8181,42.3502],[18.9329,42.3069],[18.9553,42.2493],[19.0097,42.2037],[19.006,42.1909],[19.0797,42.1576],[19.1129,42.1202],[19.1719,42.1162],[19.121,42.2695],[19.1593,42.3221],[19.1569,42.3505],[19.1969,42.4181],[19.1835,42.4559],[19.1468,42.477],[19.1957,42.5208],[19.2649,42.4675],[19.3064,42.4767],[19.4015,42.5657],[19.5533,42.5693],[19.7145,42.6598],[19.8357,42.7796],[19.8173,42.7764],[19.6456,42.8691],[19.6154,42.8646],[19.5756,42.8016],[19.5117,42.805],[19.4824,42.8438],[19.4113,42.8596],[19.2555,43.0126],[19.1496,43.0051],[19.0228,42.9554],[19.0091,42.8981],[19.0379,42.7702],[19.0153,42.7112],[18.7289,42.8145],[18.5669,42.8095],[18.5196,42.774],[18.5195,42.7465],[18.5693,42.7422],[18.548,42.6865],[18.5744,42.6436],[18.523,42.6228],[18.5543,42.5807]]]},"properties":{"id":"Q3324486","names":{"cs":"Černohorské knížecí biskupství","de":"Fürstbistum Montenegro","el":"Επισκοπική Ηγεμονία του Μαυροβουνίου","en":"Prince-Bishopric of Montenegro","es":"Principado-Obispado de Montenegro","et":"Montenegro vürstlik piiskopkond","eu":"Montenegroko Printzerria-Gotzaindegia","fr":"Principauté Ecclésiastique de Monténégro","gl":"Principado teocrático de Montenegro","hr":"Mitropolstvo Crnogorsko","it":"Principato vescovile del Montenegro","ja":"ツルナ・ゴーラ府主教領","ko":"몬테네그로 주교후국","lv":"Melnkalnes bīskapija","nl":"Prinsbisdom Montenegro","pt":"Principado-Bispado de Montenegro","ro":"Vlădicatul Muntenegru","ru":"Княжество-епископство Черногория","sh":"Митрополство Црногорско","sh-Cyrl":"Митрополство Црногорско","sh-Latn":"Mitropolstvo Crnogorsko","sr":"Митрополство Црногорско","sr-Latn":"Mitropolstvo Crnogorsko","uk":"Князь-єпископство Чорногорія","vi":"Giáo phận vương quyền Montenegro","zh":"黑山采邑主教區"},"from":1789,"to":1852.1989247311828,"wikidata":"Q3324486","adminLevel":2,"source":"OpenHistoricalMap","sourceUrl":"https://www.openhistoricalmap.org"}},{"type":"Feature","geometry":{"type":"Polygon","coordinates":[[[10.5414,43.7565],[10.6231,43.7569],[10.6647,43.8096],[10.6392,43.8303],[10.6485,43.8622],[10.6727,43.8697],[10.6615,43.9273],[10.7048,43.9427],[10.7027,43.9636],[10.6779,43.9784],[10.6887,43.9945],[10.7268,43.984],[10.7407,44.0063],[10.736,44.0382],[10.7186,44.0497],[10.7201,44.0834],[10.6762,44.1068],[10.5631,44.1156],[10.4829,44.0368],[10.4361,44.0743],[10.4139,44.0532],[10.4183,44.0308],[10.4672,44.0278],[10.4542,43.9965],[10.3693,43.9939],[10.1666,43.8927],[10.2061,43.8064],[10.3071,43.8296],[10.3736,43.8141],[10.4253,43.8346],[10.4508,43.7939],[10.4412,43.7778],[10.5011,43.7535],[10.5414,43.7565]]]},"properties":{"id":"Q1235720","names":{"en":"Republic of Lucca","it":"Repubblica di Lucca","ko":"루카 공화국","la":"Respublica Lucensis"},"from":1648.8118279569892,"to":1805,"wikidata":"Q1235720","adminLevel":2,"source":"OpenHistoricalMap","sourceUrl":"https://www.openhistoricalmap.org"}},{"type":"Feature","geometry":{"type":"MultiPolygon","coordinates":[[[[10.0784,42.8256],[10.0503,42.7886],[10.0575,42.7456],[10.1384,42.6897],[10.3324,42.6982],[10.4278,42.6686],[10.4736,42.6883],[10.4873,42.7113],[10.4948,42.8561],[10.4363,42.908],[10.3766,42.9021],[10.3386,42.8599],[10.256,42.8687],[10.2153,42.848],[10.1296,42.8473],[10.0784,42.8256]]],[[[10.4792,43.0477],[10.4335,42.9907],[10.4382,42.9462],[10.4633,42.9051],[10.5296,42.8837],[10.5724,42.891],[10.6045,42.9155],[10.6855,42.9084],[10.7354,42.9779],[10.7348,43.0036],[10.7478,43.0166],[10.7798,43.0039],[10.791,43.0148],[10.779,43.0671],[10.6832,43.0878],[10.6566,43.0777],[10.6931,43.0206],[10.6071,42.9999],[10.5296,43.045],[10.4792,43.0477]]],[[[10.8918,42.7197],[10.9966,42.8323],[10.9994,42.8572],[10.8709,42.9681],[10.8466,42.9678],[10.728,42.8901],[10.7235,42.8441],[10.6903,42.8251],[10.6822,42.7942],[10.7559,42.7454],[10.8918,42.7197]]]]},"properties":{"id":"Q537503","names":{"ca":"Principat de Piombino","cs":"Piombinské knížectví","de":"Fürstentum Piombino","en":"Principality of Piombino","es":"Principado de Piombino","et":"Piombino vürstkond","fr":"Principauté de Piombino","hr":"Kneževina Piombino","id":"Kepangeranan Piombino","it":"Principato di Piombino","ja":"ピオンビーノ侯国","ko":"피옴비노 후국","la":"Principatus Plumbinensis","nl":"Vorstendom Piombino","pt":"Principado de Piombino","ru":"Княжество Пьомбино","sr":"Кнежевина Пјомбино","vi":"Thân vương quốc Piombino","zh":"皮翁比诺侯国"},"from":1648.8118279569892,"to":1803,"wikidata":"Q537503","adminLevel":2,"source":"OpenHistoricalMap","sourceUrl":"https://www.openhistoricalmap.org"}},{"type":"Feature","geometry":{"type":"Polygon","coordinates":[[[8.642,36.941],[8.6294,36.9908],[8.4384,36.9499],[8.2998,36.9697],[8.2166,37.0004],[7.9656,36.9021],[7.8759,36.8921],[7.8379,36.8999],[7.8436,36.9766],[7.811,37.0125],[7.6481,37.019],[7.6074,37.032],[7.5418,37.0838],[7.4488,37.0944],[7.4067,37.1269],[7.3284,37.1224],[7.225,37.1404],[7.1368,37.1242],[7.1095,37.0956],[7.1293,37.0443],[7.1949,37.0074],[7.1299,36.9641],[7.0878,36.9702],[6.9303,36.9406],[6.8525,36.9987],[6.665,37.0062],[6.5388,37.1217],[6.4765,37.1393],[6.346,37.1231],[6.2217,37.0624],[6.1826,36.9997],[6.1768,36.9543],[5.9557,36.8846],[5.8225,36.8599],[5.772,36.8811],[5.6827,36.8731],[5.5317,36.8028],[5.4748,36.7222],[5.3445,36.6887],[5.2701,36.6941],[5.1504,36.7336],[5.167,36.7772],[5.1374,36.8188],[5.0692,36.8363],[5.028,36.8742],[4.983,36.8764],[4.7791,36.9442],[4.598,36.9362],[4.4516,36.9618],[4.2091,36.9467],[4.151,36.9559],[4.1076,36.9429],[3.966,36.951],[3.8853,36.9735],[3.7182,36.9351],[3.6146,36.8753],[3.4664,36.8219],[3.2172,36.8642],[3.1782,36.846],[3.1573,36.8008],[3.1305,36.8003],[3.0926,36.8397],[3.0334,36.8615],[2.891,36.8577],[2.7882,36.7927],[2.7652,36.7406],[2.5632,36.647],[2.4653,36.6458],[2.4277,36.6817],[2.328,36.6943],[2.0111,36.6179],[1.9098,36.6293],[1.5875,36.5897],[1.4349,36.5875],[1.3323,36.6029],[1.2628,36.558],[1.1799,36.5659],[0.986,36.5152],[0.8996,36.4805],[0.8556,36.4236],[0.7314,36.3863],[0.6461,36.3788],[0.4278,36.2632],[0.307,36.2316],[0.2572,36.1766],[0.1556,36.1328],[0.0753,36.0496],[-0.0137,35.8996],[-0.1142,35.8468],[-0.2393,35.8686],[-0.2478,35.8976],[-0.3057,35.9449],[-0.3754,35.9574],[-0.5129,35.9203],[-0.5391,35.8955],[-0.5542,35.8331],[-0.6049,35.8146],[-0.6439,35.7747],[-0.793,35.8276],[-0.8523,35.819],[-0.8962,35.7775],[-0.9787,35.7711],[-1.0192,35.7353],[-1.0712,35.7193],[-1.0939,35.7643],[-1.1593,35.7674],[-1.1825,35.7471],[-1.1852,35.7105],[-1.1553,35.6831],[-1.1113,35.6807],[-1.2458,35.5969],[-1.2984,35.4382],[-1.4055,35.3578],[-1.4769,35.3765],[-1.5101,35.3701],[-1.5392,35.3315],[-1.6939,35.2364],[-1.7571,35.2143],[-1.7875,35.1836],[-1.8375,35.1778],[-1.9427,35.1312],[-2.0852,35.1309],[-2.1388,35.1568],[-2.2023,35.1458],[-2.2211,35.05],[-2.1938,35.0036],[-2.0612,34.9297],[-2.0163,34.9262],[-1.9797,34.8653],[-1.7695,34.7413],[-1.8711,34.5966],[-1.7507,34.4942],[-1.703,34.4797],[-1.8096,34.3725],[-1.7461,34.2903],[-1.6696,34.0792],[-1.7187,33.8981],[-1.7032,33.7618],[-1.7468,33.7024],[-1.6624,33.6447],[-1.6173,33.5544],[-1.6127,33.5215],[-1.6832,33.3692],[-1.6834,33.2708],[-1.6742,33.238],[-1.6236,33.1966],[-1.5714,33.112],[-1.4995,33.0602],[-1.503,32.9746],[-1.5588,32.9336],[-1.4233,32.7424],[-1.327,32.6989],[-1.032,32.4944],[-1.1232,32.4179],[-1.218,32.3926],[-1.2441,32.3569],[-1.2766,32.2009],[-1.3057,32.1737],[-1.3052,32.1512],[-1.2118,32.1583],[-1.1906,32.1252],[-1.2103,32.0897],[-1.4358,32.0867],[-1.409,31.8239],[-1.2524,31.7469],[-0.9943,31.6814],[-0.7059,31.7212],[-0.2884,31.8332],[-0.1016,31.8566],[0.0989,31.8612],[0.368,31.8099],[0.4806,31.7562],[0.6949,31.8169],[0.8707,31.8449],[1.2057,31.8099],[1.3596,31.8402],[1.4996,31.9242],[1.6974,32.0151],[1.9308,32.157],[2.2467,32.2546],[2.8509,32.3011],[2.9004,32.2012],[3.0789,32.0849],[3.5458,31.9149],[4.01,31.6487],[4.4192,31.5996],[4.7681,31.6417],[5.3174,31.6627],[5.5344,31.6277],[5.8228,31.616],[6.0864,31.6908],[6.3831,31.8636],[6.8198,32.157],[7.2153,32.4518],[7.4432,32.526],[7.7014,32.7342],[7.8497,32.875],[8.1712,32.9843],[8.0868,33.0943],[8.0022,33.1084],[7.872,33.1841],[7.7507,33.2077],[7.725,33.2314],[7.6932,33.4541],[7.553,33.6587],[7.5342,33.7362],[7.4985,33.8],[7.4798,33.8939],[7.5175,34.095],[7.6315,34.1991],[7.7653,34.2447],[7.8315,34.4144],[8.0941,34.5301],[8.2365,34.6477],[8.2106,34.6812],[8.2666,34.7503],[8.2489,34.902],[8.3005,35.0677],[8.3137,35.1031],[8.4313,35.2417],[8.3174,35.2895],[8.2944,35.3251],[8.29,35.4026],[8.337,35.5379],[8.3236,35.6522],[8.2577,35.7503],[8.2414,35.8277],[8.2756,36.0368],[8.3171,36.1459],[8.3071,36.2436],[8.3544,36.3509],[8.3577,36.4304],[8.3492,36.4488],[8.2956,36.4687],[8.1679,36.4914],[8.1699,36.5258],[8.4304,36.6626],[8.4618,36.7328],[8.4067,36.768],[8.4131,36.7839],[8.6733,36.8309],[8.6364,36.8955],[8.642,36.941]]]},"properties":{"id":"Q3045696","names":{"ar":"إيالة الجزائر","az":"Osmanlı Əlcəzairi","ca":"Regència d'Alger","cs":"Osmanský Alžír","de":"Regentschaft Algier","el":"Εγιαλέτι του Αλγερίου","en":"Regency of Algiers","es":"Regencia de Argel","fa":"الجزایر عثمانی","fr":"Régence d'Alger","he":"אלג'יריה העות'מאנית","hu":"Algíri Kormányzóság","id":"Aljazair Utsmaniyah","it":"Reggenza di Algeri","ja":"アルジェ摂政領","ko":"알제리 섭정국","lv":"Alžīrijas ejālets","mk":"Отомански Алжир","ms":"Algeria Uthmaniyah","nl":"Ottomaans Algerije","pt":"Argélia otomana","ru":"Османский Алжир","sv":"Osmanska Algeriet","tr":"Cezâyir-i Garp (eyalet)","uk":"Алжирський еялет","ur":"دولت الجزائر","vi":"Algérie thuộc Ottoman","zh":"阿爾及爾攝政領"},"from":1516,"to":1830.510752688172,"wikidata":"Q3045696","adminLevel":2,"source":"OpenHistoricalMap","sourceUrl":"https://www.openhistoricalmap.org"}},{"type":"Feature","geometry":{"type":"Polygon","coordinates":[[[-6.1158,35.4428],[-6.1826,35.2724],[-6.2307,35.2072],[-6.3189,34.9603],[-6.4604,34.681],[-6.5735,34.4969],[-6.7107,34.3182],[-6.7724,34.194],[-6.9579,33.9949],[-7.062,33.9245],[-7.256,33.8448],[-7.3735,33.77],[-7.4256,33.7672],[-7.5343,33.6838],[-7.6178,33.6548],[-7.6719,33.657],[-7.7998,33.5884],[-7.8429,33.5855],[-8.0326,33.5037],[-8.3327,33.4103],[-8.462,33.3032],[-8.5109,33.316],[-8.5538,33.3047],[-8.6719,33.2041],[-8.6985,33.1235],[-8.8868,32.9354],[-9.333,32.5732],[-9.3426,32.5254],[-9.2994,32.4675],[-9.3498,32.3806],[-9.3425,32.3268],[-9.3137,32.2852],[-9.3169,32.2013],[-9.3673,32.1474],[-9.4065,32.0543],[-9.7071,31.7361],[-9.7387,31.6378],[-9.8392,31.5221],[-9.8443,31.4811],[-9.8934,31.4073],[-9.891,31.3725],[-9.8541,31.3368],[-9.8959,31.1233],[-9.8659,31.0073],[-9.8801,30.9763],[-9.8666,30.8129],[-9.9332,30.7061],[-9.9448,30.6411],[-9.9126,30.5901],[-9.8236,30.5759],[-9.744,30.5097],[-9.7091,30.4257],[-9.6593,30.3843],[-9.716,30.1093],[-9.8425,29.885],[-10.012,29.708],[-9.8438,29.5209],[-10.0635,29.2145],[-10.2502,28.9937],[-10.4864,29.1318],[-10.5688,29.0571],[-10.6807,28.9892],[-11.1002,28.7851],[-11.1572,28.7255],[-11.0895,28.6317],[-11.0742,28.5701],[-11.0262,28.5369],[-10.9705,28.5345],[-10.8847,28.5007],[-10.8717,28.4675],[-10.8305,28.4494],[-10.6918,28.4029],[-10.3821,28.2173],[-10.0415,28.1786],[-9.3494,28.2367],[-9.1077,28.1883],[-8.668,28.4587],[-8.6824,28.5004],[-8.6824,28.6659],[-8.6676,28.7117],[-8.4304,28.841],[-8.3685,28.9165],[-8.1823,29.0355],[-8.0363,29.0999],[-7.945,29.1762],[-7.6195,29.3894],[-7.3496,29.3834],[-7.2588,29.4673],[-7.1469,29.5092],[-6.9582,29.5092],[-6.7835,29.4463],[-6.6996,29.5162],[-6.4131,29.5651],[-6.0008,29.5791],[-5.7562,29.6141],[-5.7212,29.5232],[-5.6373,29.4953],[-5.5395,29.5232],[-5.4347,29.642],[-5.2739,29.8866],[-5.1761,29.9775],[-4.8756,30.1802],[-4.624,30.285],[-4.4842,30.3828],[-4.3724,30.5086],[-4.2745,30.5576],[-4.1557,30.5855],[-4.002,30.5925],[-3.8342,30.6275],[-3.6455,30.7113],[-3.6595,30.8371],[-3.5547,30.9559],[-3.6087,31.0309],[-3.6241,31.0865],[-3.6897,31.1256],[-3.7314,31.1763],[-3.7489,31.1802],[-3.8108,31.1429],[-3.8393,31.1528],[-3.8428,31.1702],[-3.815,31.2205],[-3.8152,31.3372],[-3.7475,31.3852],[-3.6735,31.3892],[-3.6595,31.6478],[-3.5914,31.6783],[-3.5116,31.6727],[-3.2192,31.7177],[-3.0026,31.7736],[-2.8278,31.7946],[-2.9387,32.0486],[-2.8812,32.0763],[-2.6956,32.0897],[-2.5161,32.1322],[-1.4358,32.0867],[-1.2103,32.0897],[-1.1906,32.1252],[-1.1956,32.146],[-1.2327,32.1637],[-1.3052,32.1512],[-1.3096,32.1674],[-1.2766,32.2009],[-1.2441,32.3569],[-1.218,32.3926],[-1.1232,32.4179],[-1.032,32.4944],[-1.327,32.6989],[-1.4233,32.7424],[-1.5588,32.9336],[-1.503,32.9746],[-1.4995,33.0602],[-1.5714,33.112],[-1.6236,33.1966],[-1.6742,33.238],[-1.6834,33.2708],[-1.6832,33.3692],[-1.6127,33.5215],[-1.6173,33.5544],[-1.6624,33.6447],[-1.7468,33.7024],[-1.7032,33.7618],[-1.7187,33.8981],[-1.6696,34.0792],[-1.7461,34.2903],[-1.8096,34.3725],[-1.703,34.4797],[-1.7507,34.4942],[-1.8711,34.5966],[-1.7731,34.7341],[-1.7877,34.7567],[-1.9797,34.8653],[-2.0036,34.9182],[-2.0612,34.9297],[-2.1938,35.0036],[-2.2211,35.05],[-2.2123,35.1408],[-2.3775,35.1879],[-2.3949,35.2203],[-2.4354,35.2365],[-2.4859,35.2175],[-2.4947,35.1727],[-2.5191,35.1487],[-2.6318,35.1455],[-2.7057,35.1677],[-2.8735,35.3081],[-2.9505,35.2655],[-2.9676,35.3017],[-2.9047,35.3564],[-2.8928,35.4392],[-2.9156,35.4709],[-2.96,35.4884],[-3.0325,35.4684],[-3.1154,35.3361],[-3.1771,35.3119],[-3.205,35.2798],[-3.3344,35.2485],[-3.4794,35.2524],[-3.5886,35.2832],[-3.6601,35.3292],[-3.703,35.3385],[-3.7829,35.3174],[-3.8432,35.2561],[-3.8961,35.3019],[-3.9507,35.3123],[-4.1589,35.2533],[-4.2792,35.2373],[-4.3605,35.2026],[-4.7064,35.2658],[-4.8501,35.3483],[-4.8839,35.3527],[-4.9748,35.4391],[-5.0175,35.4484],[-5.1202,35.5612],[-5.1944,35.5903],[-5.2208,35.6583],[-5.2171,35.711],[-5.283,35.7469],[-5.2954,35.8382],[-5.2803,35.8434],[-5.3716,35.8812],[-5.3914,35.9731],[-5.4099,35.9752],[-5.5147,35.9503],[-5.6083,35.8852],[-5.6879,35.8913],[-5.8165,35.8416],[-5.909,35.8512],[-5.9648,35.8285],[-5.9842,35.8064],[-6.0796,35.4991],[-6.1158,35.4428]]]},"properties":{"id":"Q131429368","names":{"ar":"السلطنة الشريفة","en":"Alawi Sultanate","es":"Sultanato alauí","ko":"알라위 술탄국"},"from":1666,"to":1907.5994623655913,"wikidata":"Q131429368","adminLevel":2,"source":"OpenHistoricalMap","sourceUrl":"https://www.openhistoricalmap.org"}},{"type":"Feature","geometry":{"type":"MultiPolygon","coordinates":[[[[2.2535,39.5873],[2.2632,39.5461],[2.3101,39.5315],[2.3312,39.4988],[2.3984,39.481],[2.4462,39.435],[2.5014,39.4178],[2.5597,39.4286],[2.5933,39.492],[2.6634,39.5127],[2.6787,39.5018],[2.6686,39.4762],[2.6916,39.3929],[2.7555,39.3301],[2.9281,39.3132],[3.0176,39.2326],[3.0596,39.2231],[3.2697,39.3322],[3.32,39.3942],[3.3516,39.486],[3.4466,39.5554],[3.456,39.5875],[3.5053,39.6411],[3.5305,39.7188],[3.4933,39.7806],[3.3617,39.8288],[3.3109,39.8207],[3.2493,39.7754],[3.1975,39.7958],[3.2484,39.8512],[3.2572,39.8927],[3.2426,39.9176],[3.2672,39.9683],[3.2417,39.997],[3.1758,40.0029],[3.0998,39.9767],[2.9312,39.957],[2.7557,39.8926],[2.629,39.8194],[2.5505,39.7489],[2.5026,39.7377],[2.3742,39.6569],[2.2843,39.6207],[2.2535,39.5873]]],[[[1.2803,38.8228],[1.3583,38.7923],[1.3659,38.7735],[1.3271,38.7236],[1.3306,38.6432],[1.3547,38.6072],[1.4018,38.6003],[1.4733,38.6352],[1.5249,38.6109],[1.6115,38.6227],[1.6365,38.6543],[1.6218,38.7071],[1.5792,38.7323],[1.5319,38.7256],[1.5115,38.753],[1.533,38.8096],[1.5038,38.838],[1.4576,38.8405],[1.4592,38.8579],[1.5696,38.9196],[1.6329,38.9828],[1.6824,38.9995],[1.7016,39.0214],[1.6967,39.0537],[1.6318,39.1261],[1.5258,39.1593],[1.3312,39.1099],[1.2395,39.038],[1.1841,39.0299],[1.1377,38.9681],[1.1403,38.9419],[1.1646,38.9208],[1.1399,38.8498],[1.1714,38.8251],[1.2803,38.8228]]],[[[2.8675,39.1566],[2.8874,39.0996],[2.9815,39.0901],[3.0238,39.1458],[3.0271,39.2192],[2.9937,39.2445],[2.9623,39.2443],[2.877,39.1841],[2.8675,39.1566]]],[[[1.9721,42.4845],[1.9598,42.4533],[2.0093,42.4485],[1.9864,42.4749],[1.9896,42.4937],[1.9721,42.4845]]],[[[-2.9768,35.9283],[-2.9829,35.9644],[-3.0188,35.9865],[-3.0635,35.9815],[-3.0908,35.9524],[-3.0846,35.9163],[-3.0487,35.8942],[-3.004,35.8992],[-2.9768,35.9283]]],[[[-18.0144,28.6544],[-17.9376,28.5292],[-17.9274,28.4681],[-17.9016,28.4305],[-17.8658,28.4105],[-17.8178,28.4121],[-17.7851,28.4333],[-17.7104,28.5435],[-17.6933,28.6213],[-17.7077,28.67],[-17.6715,28.7497],[-17.748,28.8799],[-17.9393,28.9052],[-18.0145,28.857],[-18.0638,28.7821],[-18.0585,28.7382],[-18.0144,28.6544]]],[[[-18.0758,27.6419],[-18.0141,27.5939],[-17.9592,27.5961],[-17.9321,27.6126],[-17.9076,27.6836],[-17.8833,27.699],[-17.8278,27.7899],[-17.8333,27.8414],[-17.8609,27.8781],[-17.9126,27.9024],[-17.9743,27.899],[-18.0502,27.8619],[-18.072,27.81],[-18.1337,27.8276],[-18.1992,27.7914],[-18.221,27.7261],[-18.2072,27.6822],[-18.1693,27.6584],[-18.0758,27.6419]]],[[[-17.2117,27.9791],[-17.1546,27.9942],[-17.0566,28.065],[-17.0417,28.1065],[-17.0547,28.1676],[-17.1764,28.2453],[-17.252,28.2677],[-17.3466,28.2502],[-17.4087,28.1544],[-17.4012,28.0733],[-17.3131,27.9936],[-17.252,27.973],[-17.2117,27.9791]]],[[[-16.4016,28.0971],[-16.3028,28.3062],[-16.3097,28.3521],[-16.2493,28.3828],[-16.1916,28.4421],[-16.0817,28.517],[-16.0668,28.5726],[-16.1211,28.6486],[-16.1631,28.6575],[-16.217,28.6244],[-16.3572,28.6215],[-16.4467,28.5683],[-16.5401,28.4717],[-16.6019,28.4519],[-16.6822,28.4536],[-16.7664,28.4218],[-16.8497,28.441],[-16.9741,28.386],[-16.9812,28.337],[-16.9039,28.2523],[-16.8841,28.1702],[-16.7219,27.9639],[-16.6627,27.9586],[-16.5805,27.9845],[-16.5139,27.9839],[-16.4016,28.0971]]],[[[-15.8191,28.0697],[-15.8775,28.0283],[-15.8938,27.9555],[-15.8851,27.8895],[-15.8259,27.7989],[-15.6857,27.6997],[-15.5676,27.6855],[-15.5318,27.6986],[-15.5131,27.7241],[-15.4112,27.7563],[-15.3491,27.8142],[-15.3264,27.8537],[-15.3284,27.8861],[-15.301,27.9162],[-15.3197,27.9703],[-15.3135,28.0024],[-15.3544,28.068],[-15.3382,28.1817],[-15.3654,28.2224],[-15.3953,28.235],[-15.4399,28.2334],[-15.4888,28.2009],[-15.5669,28.1962],[-15.6754,28.2296],[-15.7364,28.2169],[-15.767,28.1822],[-15.7704,28.1077],[-15.8191,28.0697]]],[[[-13.8472,28.8079],[-13.9615,28.7949],[-14.0591,28.7442],[-14.0965,28.6055],[-14.1505,28.5032],[-14.1987,28.4623],[-14.2281,28.3752],[-14.256,28.347],[-14.2763,28.2404],[-14.3894,28.1681],[-14.5275,28.1505],[-14.5683,28.0849],[-14.5584,28.0361],[-14.5167,28.0161],[-14.4723,28.0288],[-14.3138,27.9973],[-14.2149,28.0783],[-14.185,28.1223],[-14.009,28.1572],[-13.9174,28.1868],[-13.8809,28.2151],[-13.7969,28.386],[-13.8024,28.4691],[-13.765,28.5884],[-13.7602,28.7886],[-13.6895,28.8689],[-13.6155,28.877],[-13.5006,28.9208],[-13.4414,28.9619],[-13.4096,29.0036],[-13.3934,29.1129],[-13.3701,29.148],[-13.3719,29.2276],[-13.3251,29.2249],[-13.2866,29.2465],[-13.2744,29.2732],[-13.2885,29.3129],[-13.3271,29.3303],[-13.3757,29.3182],[-13.3984,29.2822],[-13.3925,29.2494],[-13.4766,29.3402],[-13.4352,29.3901],[-13.4451,29.4382],[-13.5153,29.4648],[-13.5709,29.4408],[-13.5907,29.4103],[-13.5771,29.3569],[-13.5979,29.3175],[-13.5927,29.2697],[-13.6085,29.2316],[-13.5929,29.1886],[-13.6837,29.1709],[-13.8477,29.0824],[-13.8856,29.0219],[-13.895,28.9433],[-13.9429,28.8976],[-13.9191,28.8262],[-13.8472,28.8079]]],[[[1.7619,42.4876],[1.6743,42.4988],[1.655,42.4675],[1.5938,42.465],[1.5808,42.45],[1.5616,42.4582],[1.5465,42.4327],[1.45,42.438],[1.441,42.4751],[1.4233,42.4826],[1.465,42.5154],[1.4476,42.5412],[1.4166,42.5354],[1.4409,42.564],[1.4283,42.5796],[1.4405,42.5952],[1.3892,42.687],[1.352,42.7019],[1.3467,42.7197],[1.2785,42.7141],[1.232,42.7274],[1.1654,42.7093],[1.0815,42.7865],[0.9826,42.7873],[0.9592,42.8054],[0.9234,42.7906],[0.852,42.8267],[0.7145,42.8598],[0.6603,42.8394],[0.67,42.8065],[0.6492,42.7852],[0.6656,42.7757],[0.643,42.7549],[0.6768,42.7282],[0.6665,42.69],[0.5983,42.7048],[0.4275,42.6904],[0.3672,42.7208],[0.2965,42.6739],[0.2565,42.7166],[0.1799,42.7362],[-0.0125,42.685],[-0.1053,42.7214],[-0.1544,42.793],[-0.1816,42.7867],[-0.3114,42.8474],[-0.392,42.8006],[-0.4481,42.7994],[-0.5098,42.8253],[-0.5287,42.7931],[-0.5705,42.783],[-0.5661,42.8037],[-0.5967,42.805],[-0.6061,42.8334],[-0.678,42.8838],[-0.7264,42.8926],[-0.7312,42.9475],[-0.7516,42.9667],[-0.8194,42.951],[-0.9092,42.9643],[-0.947,42.9549],[-1.0154,42.9931],[-1.1097,43.0194],[-1.137,43.0093],[-1.2192,43.0532],[-1.2599,43.0437],[-1.3031,43.0688],[-1.2726,43.1161],[-1.283,43.1175],[-1.3324,43.1078],[-1.3518,43.0331],[-1.4412,43.0463],[-1.4713,43.091],[-1.4269,43.1176],[-1.3859,43.1873],[-1.3856,43.2549],[-1.4102,43.2719],[-1.4385,43.2666],[-1.5353,43.2947],[-1.5564,43.2911],[-1.5762,43.2498],[-1.6058,43.2524],[-1.6273,43.2777],[-1.6275,43.3068],[-1.6683,43.3148],[-1.73,43.2958],[-1.7384,43.3251],[-1.7815,43.3481],[-1.7888,43.3679],[-1.7718,43.3881],[-1.7719,43.4284],[-1.8738,43.4083],[-1.9372,43.3705],[-2.1484,43.3287],[-2.1917,43.3471],[-2.2931,43.3322],[-2.4319,43.3726],[-2.4923,43.4112],[-2.6995,43.4629],[-2.7513,43.4931],[-2.8346,43.4692],[-2.9658,43.4683],[-3.035,43.4162],[-3.1004,43.4124],[-3.1449,43.3898],[-3.2053,43.4278],[-3.3191,43.4552],[-3.3772,43.4523],[-3.4062,43.4932],[-3.5873,43.5491],[-3.739,43.5118],[-3.821,43.53],[-3.9617,43.505],[-3.9948,43.4811],[-4.0579,43.4803],[-4.1443,43.4494],[-4.2783,43.4289],[-4.337,43.4417],[-4.608,43.4336],[-4.91,43.4963],[-5.0299,43.4967],[-5.1207,43.5207],[-5.1934,43.5141],[-5.2805,43.5692],[-5.409,43.5903],[-5.6377,43.5906],[-5.7099,43.6082],[-5.75,43.6566],[-5.8431,43.6945],[-5.8804,43.6871],[-5.9885,43.6157],[-6.0476,43.6269],[-6.1171,43.5973],[-6.2469,43.6323],[-6.3589,43.5919],[-6.4667,43.6065],[-6.5136,43.5897],[-6.6215,43.6086],[-6.8023,43.598],[-6.9484,43.6105],[-7.1394,43.5929],[-7.2546,43.6209],[-7.3218,43.6963],[-7.389,43.7225],[-7.41,43.7479],[-7.5142,43.7718],[-7.5703,43.7643],[-7.6823,43.8257],[-7.8111,43.7688],[-7.8489,43.8047],[-7.9191,43.8021],[-7.9997,43.7492],[-8.075,43.7429],[-8.1388,43.678],[-8.2205,43.6474],[-8.2747,43.5961],[-8.349,43.5951],[-8.3704,43.5754],[-8.3901,43.5123],[-8.3976,43.4667],[-8.3815,43.4247],[-8.4756,43.4131],[-8.5316,43.3833],[-8.558,43.3507],[-8.6184,43.3576],[-8.7354,43.3315],[-8.8137,43.3951],[-8.8794,43.3907],[-8.8992,43.3597],[-9.0158,43.3107],[-9.0763,43.2326],[-9.1711,43.2318],[-9.2471,43.1918],[-9.2633,43.1714],[-9.2627,43.1337],[-9.3489,43.0591],[-9.3136,42.9857],[-9.3465,42.9282],[-9.3296,42.8828],[-9.2906,42.8464],[-9.2295,42.86],[-9.1905,42.8319],[-9.1995,42.7895],[-9.1541,42.7315],[-9.0824,42.7024],[-9.0905,42.648],[-9.1394,42.5892],[-9.1399,42.5661],[-9.0963,42.5286],[-9.1006,42.4918],[-9.0506,42.4397],[-8.967,42.428],[-8.9996,42.3723],[-8.993,42.3466],[-8.9626,42.3115],[-8.9081,42.3008],[-8.9573,42.2709],[-8.9669,42.2445],[-8.9586,42.1842],[-8.9145,42.1556],[-8.9498,42.1122],[-8.9296,41.8712],[-8.8732,41.8634],[-8.7527,41.9358],[-8.7438,41.9656],[-8.6629,42.0025],[-8.654,42.0334],[-8.6283,42.0504],[-8.5515,42.0533],[-8.5205,42.0778],[-8.3335,42.084],[-8.247,42.139],[-8.2012,42.1476],[-8.1828,42.0661],[-8.1235,42.0812],[-8.0986,42.0731],[-8.0843,42.0429],[-8.086,42.0165],[-8.1578,41.9842],[-8.2164,41.914],[-8.2004,41.8779],[-8.1693,41.8765],[-8.165,41.8181],[-8.1018,41.8098],[-8.0205,41.8314],[-7.9761,41.8742],[-7.9212,41.8778],[-7.9102,41.9183],[-7.8927,41.927],[-7.8747,41.8471],[-7.8481,41.8625],[-7.8452,41.8813],[-7.7028,41.9075],[-7.6539,41.8812],[-7.592,41.8806],[-7.6096,41.8296],[-7.5239,41.8413],[-7.4913,41.8712],[-7.4477,41.86],[-7.4281,41.8087],[-7.3696,41.8488],[-7.3143,41.8435],[-7.1978,41.8798],[-7.1773,41.9161],[-7.1832,41.9742],[-7.1482,41.9881],[-7.0955,41.9769],[-7.0683,41.949],[-7.0146,41.9501],[-6.9794,41.9738],[-6.9377,41.9453],[-6.8944,41.94],[-6.8211,41.9471],[-6.8108,41.9869],[-6.7874,41.9887],[-6.7405,41.9404],[-6.6255,41.9398],[-6.5892,41.9629],[-6.5494,41.9445],[-6.5712,41.8835],[-6.5168,41.8736],[-6.5435,41.7785],[-6.568,41.745],[-6.5433,41.6997],[-6.5528,41.692],[-6.5125,41.6612],[-6.4574,41.6666],[-6.446,41.6846],[-6.3528,41.6757],[-6.283,41.6524],[-6.1993,41.5925],[-6.1959,41.5713],[-6.3006,41.4542],[-6.2949,41.4363],[-6.3333,41.4103],[-6.3177,41.3857],[-6.3874,41.3858],[-6.3842,41.3545],[-6.414,41.3484],[-6.4453,41.3008],[-6.4869,41.2913],[-6.4963,41.2662],[-6.5254,41.2708],[-6.5779,41.2388],[-6.589,41.2543],[-6.6466,41.2481],[-6.6978,41.1842],[-6.7669,41.1353],[-6.76,41.0974],[-6.8166,41.0336],[-6.9307,41.0297],[-6.9202,41.0015],[-6.8594,40.9501],[-6.8461,40.9007],[-6.8033,40.8636],[-6.8212,40.8334],[-6.8299,40.7551],[-6.7964,40.6631],[-6.8432,40.5727],[-6.807,40.5546],[-6.7964,40.5153],[-6.8494,40.4528],[-6.8368,40.4119],[-6.7811,40.3652],[-6.7933,40.3297],[-6.8614,40.2996],[-6.8763,40.26],[-6.9493,40.2573],[-7.0112,40.2266],[-7.028,40.1911],[-7.0104,40.1308],[-6.9422,40.1126],[-6.8668,40.0154],[-6.8842,39.9439],[-6.9066,39.9238],[-6.9088,39.8648],[-6.9869,39.8072],[-6.9777,39.7785],[-7.0146,39.6727],[-7.1513,39.6532],[-7.2482,39.6669],[-7.3349,39.6409],[-7.5362,39.6665],[-7.4933,39.5858],[-7.4313,39.5357],[-7.3911,39.5301],[-7.382,39.4914],[-7.2978,39.4606],[-7.3209,39.3873],[-7.3091,39.3386],[-7.2366,39.2813],[-7.241,39.2107],[-7.2072,39.1872],[-7.1383,39.1721],[-7.1409,39.1078],[-7.0309,39.1168],[-6.9613,39.0581],[-6.9562,39.0195],[-7.0482,38.9091],[-7.039,38.871],[-7.0902,38.8199],[-7.1561,38.7917],[-7.064,38.7426],[-7.0225,38.6907],[-7.0188,38.6256],[-6.9619,38.5893],[-6.9543,38.5493],[-6.97,38.4611],[-6.9951,38.4608],[-7.0661,38.5729],[-7.2468,38.6095],[-7.3037,38.5405],[-7.3214,38.481],[-7.2988,38.4702],[-7.3357,38.4361],[-7.2811,38.4203],[-7.1518,38.2724],[-7.0987,38.18],[-7.0275,38.1832],[-7.0065,38.2047],[-6.9388,38.2195],[-6.936,38.1994],[-6.9649,38.1688],[-6.9588,38.1357],[-6.9891,38.0973],[-7.0072,38.0208],[-7.0468,38.0143],[-7.0981,38.0435],[-7.1314,38.0225],[-7.1307,38.0015],[-7.2008,38.0032],[-7.2542,37.9829],[-7.2555,37.9261],[-7.2866,37.8655],[-7.3237,37.8169],[-7.4209,37.7594],[-7.4543,37.653],[-7.4973,37.607],[-7.5208,37.5491],[-7.4635,37.4859],[-7.4456,37.4193],[-7.4566,37.4045],[-7.4378,37.3751],[-7.4415,37.3086],[-7.423,37.27],[-7.4335,37.2497],[-7.4139,37.2266],[-7.3954,37.1294],[-7.2692,37.162],[-7.0395,37.164],[-6.7866,37.0719],[-6.5567,36.948],[-6.4997,36.8968],[-6.4416,36.7909],[-6.4926,36.7403],[-6.434,36.6103],[-6.375,36.5781],[-6.3177,36.5754],[-6.3645,36.5426],[-6.3587,36.5053],[-6.3235,36.4868],[-6.2624,36.3748],[-6.2183,36.3374],[-6.1868,36.2773],[-6.138,36.254],[-6.074,36.1565],[-6.0389,36.1415],[-5.9189,36.1358],[-5.8291,36.0476],[-5.6813,36.0179],[-5.6196,35.9607],[-5.398,36.041],[-5.3747,36.0771],[-5.4003,36.1485],[-5.2895,36.1501],[-5.2726,36.2102],[-5.1572,36.3715],[-4.9835,36.4242],[-4.9027,36.4645],[-4.7405,36.4424],[-4.619,36.4706],[-4.559,36.5381],[-4.4729,36.5681],[-4.401,36.6633],[-4.3712,36.6791],[-4.1701,36.6762],[-4.0603,36.7061],[-3.9501,36.6868],[-3.8356,36.7126],[-3.74,36.6803],[-3.6298,36.7028],[-3.4911,36.6584],[-3.4135,36.6547],[-3.2573,36.7106],[-2.9294,36.7071],[-2.8706,36.6599],[-2.7013,36.6437],[-2.6133,36.6734],[-2.5389,36.7764],[-2.4801,36.7895],[-2.421,36.7718],[-2.3629,36.7993],[-2.3092,36.7791],[-2.2158,36.6862],[-2.1017,36.6975],[-2.0297,36.7479],[-2.0023,36.7955],[-1.9656,36.8119],[-1.9492,36.8629],[-1.8483,36.9363],[-1.8492,36.9656],[-1.8035,37.0547],[-1.7591,37.2001],[-1.6487,37.3139],[-1.5719,37.3616],[-1.4385,37.4051],[-1.4181,37.4618],[-1.3091,37.5218],[-1.2546,37.5164],[-1.2205,37.5303],[-1.1863,37.5062],[-1.1236,37.4951],[-1.0799,37.5026],[-1.0578,37.5353],[-0.9151,37.5151],[-0.7097,37.5662],[-0.6521,37.6061],[-0.6433,37.6513],[-0.6843,37.6914],[-0.6558,37.7311],[-0.6879,37.7718],[-0.7114,37.8466],[-0.6043,37.9754],[-0.5746,38.1408],[-0.5375,38.1476],[-0.4763,38.1208],[-0.4165,38.1482],[-0.4222,38.1877],[-0.4542,38.2074],[-0.4659,38.284],[-0.4305,38.3112],[-0.3663,38.3223],[-0.3387,38.4075],[-0.2797,38.4428],[-0.1872,38.4725],[-0.0996,38.4666],[-0.0117,38.5333],[0.0061,38.5845],[0.1074,38.5945],[0.1362,38.6336],[0.1843,38.6479],[0.2159,38.6863],[0.2643,38.7003],[0.2835,38.7235],[0.2821,38.7687],[0.2297,38.8373],[0.1177,38.8915],[0.0101,38.9088],[-0.0939,38.9964],[-0.1684,39.1108],[-0.1817,39.1417],[-0.1642,39.1968],[-0.2739,39.3987],[-0.2489,39.4395],[-0.2687,39.4813],[-0.2614,39.5148],[-0.209,39.5984],[-0.1612,39.6238],[-0.1383,39.7082],[-0.0764,39.7897],[0.0388,39.8936],[0.091,40.004],[0.1848,40.0536],[0.2362,40.1492],[0.3073,40.1847],[0.3243,40.2175],[0.4554,40.338],[0.4606,40.372],[0.5195,40.4333],[0.572,40.5259],[0.6389,40.5137],[0.6967,40.5251],[0.7991,40.6148],[0.9179,40.6755],[0.9391,40.7094],[0.9364,40.7354],[0.9032,40.7679],[0.8567,40.7734],[0.8046,40.8221],[1.0113,41.0033],[1.1164,41.0308],[1.187,41.0164],[1.2327,41.0552],[1.323,41.0883],[1.398,41.0918],[1.5392,41.1418],[1.7452,41.1674],[1.9499,41.224],[2.1276,41.2498],[2.1861,41.2875],[2.3002,41.4277],[2.5661,41.5386],[2.7941,41.6104],[2.8526,41.6545],[2.962,41.6808],[3.0105,41.7244],[3.0926,41.7574],[3.118,41.796],[3.2135,41.8385],[3.2474,41.8697],[3.2859,41.9426],[3.2853,41.9728],[3.2511,42.0068],[3.2787,42.0528],[3.2229,42.1316],[3.1742,42.1557],[3.1674,42.2078],[3.2135,42.1931],[3.2933,42.2048],[3.3754,42.3166],[3.346,42.3556],[3.2231,42.3905],[3.2284,42.4274],[3.1209,42.4379],[3.0837,42.427],[3.0331,42.475],[2.9734,42.4669],[2.9476,42.481],[2.9175,42.4563],[2.8681,42.4666],[2.8014,42.4189],[2.7713,42.412],[2.7464,42.4251],[2.68,42.4065],[2.6607,42.3867],[2.6755,42.3424],[2.5773,42.3581],[2.5264,42.3334],[2.4778,42.3444],[2.4335,42.3934],[2.2538,42.4374],[2.1975,42.4176],[2.1485,42.4206],[2.0855,42.3626],[2.017,42.3485],[1.9651,42.3814],[1.937,42.4537],[1.8849,42.4496],[1.8253,42.4847],[1.7619,42.4876]]]]},"properties":{"id":"Q29","names":{"de":"Spanien","en":"Spain","es":"España","ko":"스페인","nl":"Spanje","pdt":"Spanien"},"from":1798.8709677419354,"to":1801.4301075268818,"wikidata":"Q29","adminLevel":2,"source":"OpenHistoricalMap","sourceUrl":"https://www.openhistoricalmap.org"}},{"type":"Feature","geometry":{"type":"MultiPolygon","coordinates":[[[[-9.581,39.4174],[-9.5681,39.3928],[-9.5152,39.3702],[-9.4581,39.3871],[-9.4437,39.4109],[-9.4523,39.4371],[-9.4914,39.4583],[-9.4914,39.4962],[-9.5306,39.5172],[-9.564,39.5129],[-9.6037,39.4804],[-9.581,39.4174]]],[[[-6.8071,40.8766],[-6.8425,40.8971],[-6.8622,40.9525],[-6.9303,41.0146],[-6.9233,41.034],[-6.8076,41.0386],[-6.7545,41.1032],[-6.7709,41.1301],[-6.7004,41.181],[-6.6441,41.2482],[-6.5692,41.2404],[-6.5219,41.2758],[-6.4837,41.272],[-6.4849,41.2925],[-6.4421,41.3031],[-6.4201,41.3432],[-6.3797,41.3563],[-6.3913,41.3827],[-6.3197,41.3859],[-6.3337,41.4093],[-6.2984,41.4309],[-6.3043,41.4509],[-6.1934,41.5728],[-6.2015,41.5946],[-6.2987,41.6604],[-6.445,41.6848],[-6.4574,41.6666],[-6.4996,41.6571],[-6.546,41.6838],[-6.5645,41.7517],[-6.5184,41.8672],[-6.5671,41.8825],[-6.5472,41.9407],[-6.5837,41.9656],[-6.6214,41.9397],[-6.7,41.9333],[-6.7436,41.9411],[-6.7718,41.9851],[-6.8052,41.9909],[-6.8203,41.9489],[-6.892,41.9398],[-6.946,41.9475],[-6.9794,41.9738],[-7.0146,41.9501],[-7.0654,41.9489],[-7.0955,41.9769],[-7.1468,41.9886],[-7.1832,41.9742],[-7.1762,41.9168],[-7.1967,41.88],[-7.3094,41.8456],[-7.3727,41.849],[-7.4197,41.8115],[-7.4466,41.8589],[-7.4958,41.8706],[-7.5213,41.8418],[-7.6096,41.8296],[-7.6019,41.8665],[-7.5841,41.8757],[-7.6516,41.881],[-7.6973,41.9072],[-7.8397,41.881],[-7.8729,41.8466],[-7.8918,41.8588],[-7.8847,41.9243],[-7.8991,41.9266],[-7.9285,41.8779],[-7.9887,41.8675],[-8.0129,41.8318],[-8.1268,41.8087],[-8.158,41.8183],[-8.1705,41.8778],[-8.1997,41.8821],[-8.2166,41.9071],[-8.1632,41.9804],[-8.086,42.0165],[-8.0839,42.0386],[-8.0961,42.0711],[-8.1181,42.082],[-8.183,42.0666],[-8.1975,42.1538],[-8.3385,42.0841],[-8.4253,42.0725],[-8.4855,42.0819],[-8.5273,42.0761],[-8.5444,42.0547],[-8.6328,42.0489],[-8.6663,42.0005],[-8.7398,41.9681],[-8.7586,41.9321],[-8.8732,41.8634],[-8.9313,41.8645],[-8.9289,41.7441],[-8.8427,41.5465],[-8.8285,41.4718],[-8.8354,41.3888],[-8.7924,41.3181],[-8.765,41.1977],[-8.7193,41.1303],[-8.6987,40.9862],[-8.879,40.3807],[-8.9565,40.1989],[-8.9548,40.1702],[-8.915,40.127],[-9.0964,39.7337],[-9.1338,39.5929],[-9.3008,39.435],[-9.4224,39.4033],[-9.4549,39.3735],[-9.4533,39.342],[-9.3922,39.2862],[-9.3919,39.2328],[-9.4703,39.0825],[-9.4668,38.9495],[-9.5494,38.7809],[-9.5305,38.6912],[-9.5133,38.6755],[-9.4307,38.6512],[-9.3884,38.6563],[-9.2714,38.6102],[-9.2326,38.5257],[-9.2714,38.4118],[-9.2489,38.3809],[-9.1938,38.3708],[-9.1487,38.3914],[-9.0566,38.3971],[-8.9301,38.4467],[-8.8688,38.4],[-8.8403,38.3425],[-8.8254,38.258],[-8.8376,38.1552],[-8.8835,38.0392],[-8.9398,37.9501],[-8.9289,37.9179],[-8.8538,37.8867],[-8.8433,37.8661],[-8.861,37.7506],[-8.8461,37.6812],[-8.8684,37.5962],[-8.84,37.5262],[-8.8568,37.425],[-8.9267,37.3251],[-8.9153,37.2621],[-8.9594,37.2181],[-8.9584,37.1674],[-9.0467,37.0279],[-9.0312,36.9938],[-8.9803,36.9626],[-8.919,36.9613],[-8.8128,37.0258],[-8.6526,37.0421],[-8.6062,37.082],[-8.449,37.047],[-8.3721,37.0561],[-8.2965,37.0327],[-8.1877,37.0494],[-8.1114,37.0257],[-7.9617,36.9377],[-7.8776,36.9211],[-7.5524,37.1051],[-7.4647,37.1357],[-7.3977,37.129],[-7.4126,37.2215],[-7.4332,37.2563],[-7.4217,37.2738],[-7.442,37.316],[-7.4405,37.391],[-7.4599,37.4061],[-7.4457,37.4199],[-7.4639,37.4872],[-7.5227,37.5531],[-7.5026,37.6024],[-7.4548,37.6463],[-7.4219,37.7534],[-7.3013,37.8419],[-7.2558,37.9265],[-7.2543,37.9832],[-7.1959,38.0014],[-7.136,37.9995],[-7.1033,38.0411],[-7.0615,38.0183],[-7.0106,38.0211],[-6.9522,38.1528],[-6.9687,38.1628],[-6.9338,38.2019],[-6.9587,38.2143],[-7.0055,38.2046],[-7.0272,38.1834],[-7.0987,38.18],[-7.1521,38.2761],[-7.2843,38.4224],[-7.3309,38.4377],[-7.2964,38.4752],[-7.3213,38.4798],[-7.314,38.5128],[-7.2593,38.6064],[-7.2116,38.6078],[-7.0722,38.5726],[-6.9938,38.4596],[-6.9696,38.462],[-6.9582,38.5835],[-7.0188,38.6188],[-7.0223,38.6873],[-7.0507,38.7282],[-7.1368,38.7694],[-7.1523,38.7959],[-7.0926,38.8183],[-7.0694,38.8526],[-7.0415,38.8633],[-7.0445,38.9116],[-6.952,39.0229],[-6.996,39.0993],[-7.0442,39.1182],[-7.1044,39.1002],[-7.1371,39.1068],[-7.1492,39.122],[-7.134,39.1698],[-7.2372,39.2061],[-7.2395,39.2829],[-7.3071,39.3357],[-7.3221,39.3856],[-7.2945,39.4563],[-7.3775,39.4894],[-7.3976,39.5328],[-7.4289,39.5341],[-7.4613,39.5729],[-7.4982,39.5894],[-7.5319,39.6619],[-7.3349,39.6409],[-7.2499,39.667],[-7.0588,39.6593],[-7.018,39.6701],[-7.0076,39.6873],[-6.9773,39.7716],[-6.9864,39.8105],[-6.9082,39.8665],[-6.9041,39.9264],[-6.8868,39.9396],[-6.8865,39.9781],[-6.8649,40.0102],[-6.9327,40.1012],[-7.0146,40.1318],[-7.0285,40.1888],[-7.0025,40.2319],[-6.9507,40.2575],[-6.8763,40.26],[-6.8631,40.2974],[-6.7907,40.3338],[-6.79,40.3715],[-6.8363,40.411],[-6.8494,40.4505],[-6.7958,40.5112],[-6.8012,40.5499],[-6.8413,40.5766],[-6.7967,40.6576],[-6.8294,40.74],[-6.8071,40.8766]]]]},"properties":{"id":"Q45670","names":{"an":"Reino de Portugal","ast":"Reinu de Portugal","az":"Portuqaliya krallığı","be":"Каралеўства Партугалія","bg":"Кралство Португалия","ca":"Regne de Portugal","cs":"Portugalské království","da":"Kongeriget Portugal","de":"Königreich Portugal","en":"Kingdom of Portugal","eo":"Reĝlando Portugalio","es":"Reino de Portugal","et":"Portugali kuningriik","eu":"Portugalgo Erresuma","fi":"Portugalin kuningaskunta","fr":"Royaume de Portugal","ga":"Ríocht na Portaingéile","gl":"Reino de Portugal","hr":"Kraljevina Portugal","hu":"Portugál Királyság","id":"Kerajaan Portugal","it":"Regno del Portogallo","ko":"포르투갈 왕국","la":"Regnum Portugalliae","lv":"Portugāles Karaliste","ms":"Kerajaan Beraja Portugal","mwl":"Reino de Pertual","nl":"Koninkrijk Portugal","nn":"Kongedømet Portugal","oc":"Reialme de Portugal","pl":"Królestwo Portugalii","pt":"Reino de Portugal","ro":"Regatul Portugaliei","ru":"Королевство Португалия","sco":"Kinrick o Portugal","sk":"Portugalské kráľovstvo","sr":"Краљевина Португалија","sv":"Kungariket Portugal","tk":"Portugaliýa korollygy","tr":"Portekiz Krallığı","uk":"Португальське королівство","vec":"Regno del Portogało"},"from":1415,"to":1801.4301075268818,"wikidata":"Q45670","adminLevel":2,"source":"OpenHistoricalMap","sourceUrl":"https://www.openhistoricalmap.org"}}]}
