{"type":"FeatureCollection","features":[{"type":"Feature","geometry":{"type":"Polygon","coordinates":[[[20.7099,56.0458],[20.6889,55.9159],[20.7216,55.7283],[20.7539,55.6369],[20.7494,55.5663],[20.7055,55.4567],[20.6564,55.3842],[20.954,55.2808],[21.104,55.2564],[21.2712,55.2452],[21.3893,55.2905],[21.4477,55.2238],[21.5053,55.1858],[21.569,55.1983],[21.6482,55.1811],[21.7264,55.1325],[21.9238,55.0798],[22.0326,55.0842],[22.0377,55.0417],[22.0805,55.0243],[22.1171,55.0267],[22.1546,55.0545],[22.2919,55.0649],[22.4765,55.0447],[22.5891,55.0705],[22.5963,55.0257],[22.6417,54.9727],[22.6641,54.9648],[22.6684,54.9869],[22.6816,54.9859],[22.7628,54.9376],[22.7533,54.9188],[22.7775,54.9252],[22.7951,54.903],[22.8362,54.904],[22.8516,54.8903],[22.8397,54.8645],[22.8685,54.8537],[22.88,54.8255],[22.8435,54.7666],[22.8124,54.7666],[22.7998,54.7474],[22.7781,54.7521],[22.745,54.7317],[22.7487,54.7065],[22.7243,54.6868],[22.7569,54.6533],[22.7508,54.6367],[22.6863,54.5909],[22.703,54.5673],[22.6804,54.5331],[22.702,54.4572],[22.736,54.4429],[22.7664,54.3852],[22.8061,54.3686],[22.8338,54.4028],[22.8834,54.4095],[23.0102,54.3828],[22.9939,54.3619],[23.0581,54.3453],[23.051,54.3124],[23.0922,54.2985],[23.1404,54.316],[23.2489,54.2568],[23.3375,54.2517],[23.3868,54.2248],[23.4245,54.1775],[23.4755,54.1634],[23.4895,54.1446],[23.5286,54.0658],[23.5249,54.0311],[23.4826,54],[23.5018,53.9668],[23.6104,53.9247],[23.7167,53.9369],[23.765,53.924],[23.7842,53.9005],[23.8134,53.9082],[23.8035,53.9373],[23.8436,53.956],[23.8814,53.9431],[23.913,53.9697],[23.961,53.9547],[23.9788,53.9253],[24.2038,53.9681],[24.2103,53.9498],[24.2557,53.9508],[24.2805,53.9282],[24.3066,53.9274],[24.3115,53.9115],[24.3628,53.899],[24.4535,53.9076],[24.5171,53.9664],[24.6172,54.0073],[24.6998,54.0154],[24.6846,53.9621],[24.7388,53.966],[24.7522,53.9958],[24.8196,53.9977],[24.8091,54.0018],[24.8437,54.0287],[24.8674,54.0291],[24.828,54.0423],[24.7748,54.1123],[24.8312,54.1325],[24.8287,54.1491],[24.9607,54.1695],[24.9929,54.1443],[25.0655,54.1344],[25.1928,54.212],[25.2254,54.2605],[25.2516,54.2511],[25.2731,54.2744],[25.3528,54.264],[25.503,54.3088],[25.5882,54.2334],[25.5474,54.2277],[25.5626,54.2018],[25.5133,54.1784],[25.5339,54.156],[25.6228,54.1434],[25.639,54.1277],[25.6814,54.1417],[25.7015,54.1685],[25.7823,54.1603],[25.7761,54.2004],[25.7501,54.2219],[25.78,54.232],[25.738,54.2733],[25.7038,54.2773],[25.7106,54.2969],[25.6921,54.3133],[25.6772,54.3238],[25.5548,54.3155],[25.5319,54.3418],[25.5559,54.3424],[25.5622,54.3658],[25.5937,54.3754],[25.5879,54.3965],[25.6289,54.4171],[25.6121,54.4648],[25.6366,54.4709],[25.6824,54.5364],[25.7568,54.5725],[25.7303,54.6828],[25.7486,54.7658],[25.7344,54.8015],[25.7773,54.827],[25.782,54.8569],[25.8501,54.8957],[25.8578,54.9276],[25.989,54.958],[26.0619,54.9416],[26.0527,54.9475],[26.0823,54.9705],[26.1273,54.9886],[26.2001,54.996],[26.2419,55.0404],[26.2363,55.0628],[26.2685,55.0761],[26.2333,55.1017],[26.2581,55.1197],[26.3656,55.1493],[26.4611,55.1286],[26.515,55.1601],[26.538,55.1447],[26.6758,55.1586],[26.7057,55.1718],[26.6787,55.1992],[26.7297,55.2156],[26.736,55.2481],[26.8355,55.2855],[26.8306,55.307],[26.8031,55.3179],[26.6706,55.3374],[26.5889,55.319],[26.4449,55.3437],[26.4879,55.373],[26.5526,55.3886],[26.5594,55.4111],[26.5387,55.4395],[26.5603,55.4381],[26.5419,55.4507],[26.5503,55.4773],[26.5284,55.5049],[26.5341,55.5249],[26.5833,55.5374],[26.6279,55.5723],[26.6322,55.6732],[26.5324,55.6769],[26.471,55.7026],[26.3756,55.7094],[26.35,55.7424],[26.2686,55.7677],[26.2038,55.8589],[26.1203,55.8795],[26.0104,55.967],[25.8603,55.9997],[25.8535,56.0268],[25.8199,56.054],[25.688,56.0864],[25.6945,56.1218],[25.6731,56.1494],[25.6018,56.1344],[25.5654,56.1399],[25.5361,56.1654],[25.5047,56.1445],[25.3175,56.146],[25.228,56.1918],[25.1746,56.1745],[25.0946,56.1858],[25.0775,56.1952],[25.0549,56.2618],[24.9776,56.3094],[24.9652,56.3679],[24.9025,56.4177],[24.9124,56.4421],[24.8836,56.4504],[24.8561,56.4367],[24.8543,56.4142],[24.8012,56.42],[24.7787,56.4027],[24.7061,56.4034],[24.6866,56.3761],[24.6316,56.3762],[24.6225,56.3453],[24.5756,56.3156],[24.5795,56.2882],[24.4542,56.2582],[24.2858,56.3007],[24.2901,56.2856],[24.1215,56.2489],[24.0978,56.2773],[24.046,56.2797],[24.0492,56.2993],[24.0227,56.3107],[24.019,56.3298],[23.8136,56.3423],[23.7665,56.3237],[23.7806,56.3677],[23.7648,56.3733],[23.6302,56.36],[23.5449,56.3321],[23.439,56.3517],[23.388,56.3789],[23.3107,56.3828],[23.177,56.3686],[23.1841,56.3374],[23.0935,56.3049],[23.0267,56.3319],[23.0022,56.4064],[22.9692,56.4139],[22.9416,56.4148],[22.9192,56.379],[22.8395,56.3652],[22.7325,56.372],[22.6851,56.3522],[22.5808,56.3903],[22.4272,56.4096],[22.3485,56.3938],[22.3102,56.4096],[22.2385,56.4015],[22.1224,56.4317],[22.0207,56.4248],[21.9917,56.4136],[21.9735,56.3779],[21.8709,56.3616],[21.8357,56.3716],[21.7161,56.3142],[21.5954,56.3229],[21.533,56.2931],[21.4918,56.291],[21.4548,56.2507],[21.3267,56.217],[21.2728,56.1715],[21.2334,56.1629],[21.2355,56.1212],[21.1962,56.0765],[21.1576,56.085],[20.7099,56.0458]]]},"properties":{"id":"Q37","names":{"ab":"Литва","af":"Litaue","am":"ሊትዌኒያ","an":"Lituania","ar":"ليتوانيا","av":"Литва","ay":"Lituaña","az":"Litva","ba":"Литва","be":"Літва","bg":"Литва","bh":"लिथुआनिया","bi":"Litwania","bn":"লিথুয়ানিয়া","bo":"ལི་ཐུ་ཨེ་ནི་ཡ།","br":"Lituania","bs":"Litvanija","ca":"Lituània","ce":"Литва","ch":"Lituania","co":"Lituania","cs":"Litva","cu":"Литъва","cv":"Литва","cy":"Lithwania","da":"Litauen","de":"Litauen","dv":"ލިތުއޭނިއާ","dz":"ལི་ཐུ་ནི་ཡ།","ee":"Lithuania","el":"Λιθουανία","en":"Lithuania","eo":"Litovio","es":"Lituania","et":"Leedu","eu":"Lituania","fa":"لیتوانی","ff":"Lituwaniya","fi":"Liettua","fj":"Lituania","fo":"Litava","fr":"Lituanie","fy":"Litouwen","ga":"An Liotuáin","gd":"Liotuàinia","gl":"Lituania","gn":"Lituáña","gu":"લિથુઆનિયા","gv":"Yn Litaan","ha":"Lithuania","he":"ליטא","hi":"लिथुआनिया","hr":"Litva","ht":"Lityani","hu":"Litvánia","hy":"Լիտվա","ia":"Lituania","id":"Lituania","ie":"Lituania","ig":"Lithunia","io":"Lituania","is":"Litáen","it":"Lituania","iu":"ᓕᐋᑐᕙ","ja":"リトアニア","jv":"Litowen","ka":"ლიეტუვა","kg":"Lietuva","ki":"Rithuĩnia","kk":"Литва","km":"លីទុយអានី","kn":"ಲಿಥುವೇನಿಯ","ko":"리투아니아","ku":"Lîtvanya","kv":"Литва","kw":"Lithuani","ky":"Литва","la":"Lituania","lb":"Litauen","lg":"Lithueenia","li":"Litouwe","ln":"Litwani","lo":"ປະເທດລິດຕົວນີ","lt":"Lietuva","lv":"Lietuva","mg":"Litoania","mi":"Rituānia","mk":"Литванија","ml":"ലിത്വാനിയ","mn":"Литва","mr":"लिथुएनिया","ms":"Lithuania","mt":"Litwanja","my":"လစ်သူယေးနီးယားနိုင်ငံ","nb":"Litauen","ne":"लिथुआनिया","nl":"Litouwen","nn":"Litauen","nv":"Tséjééʼ Dineʼé Bikéyah","ny":"Lithuania","oc":"Lituània","om":"Lituheeniyaa","os":"Литва","pa":"ਲਿਥੁਆਨੀਆ","pl":"Litwa","ps":"ليتوانيا","pt":"Lituânia","qu":"Lithuwanya","rm":"Lituania","rn":"Lituania","ro":"Lituania","ru":"Литва","rw":"Lituwaniya","sa":"लेतुवा","sc":"Lituània","sd":"لٿوينيا","se":"Lietuva","sg":"Lituanïi","si":"ලිතුවේනියාව","sk":"Litva","sl":"Litva","sm":"Lufiana","sn":"Ritwaniya","so":"Litwaaniya","sq":"Lituania","sr":"Литванија","ss":"Lithuwani","st":"Lituania","su":"Lituania","sv":"Litauen","sw":"Lituanya","ta":"லித்துவேனியா","te":"లిథువేనియా","tg":"Литва","th":"ประเทศลิทัวเนีย","tk":"Litwa","tl":"Litwanya","to":"Lituania","tr":"Litvanya","ts":"Lithuania","tt":"Литва","tw":"Lithuania","ty":"Rituania","ug":"لىتۋانىيە","uk":"Литва","ur":"لتھوینیا","uz":"Litva","ve":"Lituania","vi":"Litva","vo":"Lietuvän","wa":"Litwaneye","wo":"Lituwaani","yi":"ליטע","yo":"Lituéníà","za":"Lithuania","zh":"立陶宛","zu":"ILithuwaniya"},"from":1990.1935483870968,"to":null,"wikidata":"Q37","adminLevel":2,"source":"OpenHistoricalMap","sourceUrl":"https://www.openhistoricalmap.org"}},{"type":"Feature","geometry":{"type":"Polygon","coordinates":[[[39.8468,48.4994],[39.8668,48.5078],[39.8548,48.5589],[39.825,48.5849],[39.6935,48.5863],[39.6622,48.6057],[39.7233,48.6838],[39.7058,48.7208],[39.7382,48.7434],[39.7375,48.7664],[39.7672,48.7703],[39.8052,48.8436],[39.9765,48.7936],[40.079,48.8696],[40.0318,48.9155],[40.0045,48.9013],[39.9932,48.8684],[39.9245,48.8954],[39.8517,48.8907],[39.8459,48.9022],[39.8266,48.8864],[39.804,48.9147],[39.7726,48.9237],[39.7799,48.9368],[39.7564,48.9739],[39.7262,48.9759],[39.7001,49.0021],[39.6771,48.9895],[39.6624,49.0021],[39.684,49.0367],[39.6733,49.0415],[39.6939,49.0505],[39.7667,49.0403],[39.8076,49.0606],[39.9377,49.0563],[39.938,49.0829],[40.0307,49.1801],[40.0785,49.1869],[40.1365,49.2402],[40.2227,49.2503],[40.2288,49.2606],[40.1859,49.2806],[40.1959,49.3428],[40.1131,49.3859],[40.0294,49.4538],[40.0373,49.521],[40.1701,49.5693],[40.1348,49.6174],[39.9518,49.5967],[39.9356,49.5738],[39.8917,49.5591],[39.8055,49.5584],[39.7513,49.5971],[39.66,49.6147],[39.5899,49.72],[39.6085,49.7338],[39.4371,49.7602],[39.3791,49.7382],[39.2847,49.7567],[39.2528,49.7744],[39.2294,49.8072],[39.2277,49.84],[39.1886,49.8858],[39.0712,49.8195],[39.02,49.8219],[38.9507,49.7958],[38.9101,49.819],[38.9175,49.8576],[38.8988,49.8702],[38.842,49.8657],[38.7809,49.8821],[38.6937,49.935],[38.686,49.9623],[38.7093,49.9913],[38.6846,50.0081],[38.6801,49.974],[38.6473,49.9559],[38.583,49.9773],[38.4888,49.9633],[38.469,49.9953],[38.4333,50.0017],[38.4161,49.9824],[38.3507,50.0071],[38.3296,50.0856],[38.3129,50.0882],[38.2764,50.0738],[38.1783,50.0802],[38.189,50.0241],[38.222,49.9796],[38.1318,49.9251],[38.1243,49.9426],[38.0563,49.9232],[38.0329,49.9004],[38.0209,49.926],[38.0438,49.9332],[37.9651,49.9811],[37.9262,50.0338],[37.6089,50.205],[37.6117,50.3086],[37.4716,50.37],[37.4661,50.4558],[37.1365,50.3612],[36.9305,50.3525],[36.7081,50.2753],[36.6471,50.2173],[36.5598,50.2499],[36.5805,50.2628],[36.5747,50.2758],[36.5941,50.2758],[36.5862,50.2854],[36.4401,50.3113],[36.4341,50.3302],[36.3673,50.2884],[36.2968,50.2925],[36.2758,50.3166],[36.2839,50.3355],[36.1773,50.4018],[36.1608,50.4314],[36.0925,50.445],[35.8887,50.4385],[35.8722,50.423],[35.7923,50.4163],[35.8063,50.4117],[35.8015,50.397],[35.7373,50.3547],[35.6278,50.3539],[35.5837,50.3925],[35.5864,50.4483],[35.5691,50.4641],[35.4556,50.5082],[35.4034,50.6495],[35.5023,50.6738],[35.4886,50.7747],[35.4089,50.8094],[35.3513,50.9861],[35.3952,51.0397],[35.3375,51.0707],[35.1974,51.0587],[35.1617,51.0966],[35.1343,51.2206],[34.6811,51.188],[34.6591,51.2499],[34.306,51.2388],[34.2308,51.2651],[34.2457,51.2762],[34.238,51.2926],[34.2825,51.3112],[34.2816,51.3345],[34.3354,51.3536],[34.2931,51.3732],[34.2914,51.3883],[34.2724,51.3829],[34.2269,51.4096],[34.2966,51.519],[34.0906,51.663],[34.1263,51.6862],[34.4353,51.7313],[34.4037,51.8358],[34.1098,52.0069],[34.0823,52.1419],[33.8175,52.3633],[33.7169,52.3627],[33.5768,52.3191],[33.5438,52.3238],[33.5658,52.3102],[33.5589,52.3022],[33.4793,52.3165],[33.5119,52.3335],[33.5191,52.3552],[33.4511,52.3611],[33.4463,52.3429],[33.3802,52.3714],[33.337,52.3516],[33.1979,52.3622],[32.8656,52.248],[32.3547,52.3269],[32.3314,52.155],[32.3671,52.1537],[32.365,52.1428],[32.205,52.0647],[32.1535,52.0677],[32.0938,52.0348],[31.9623,52.0512],[31.9132,52.0421],[31.9604,52.075],[31.8712,52.1094],[31.8168,52.098],[31.7827,52.1119],[31.7206,52.0962],[31.6592,52.1166],[31.4885,52.1166],[31.4635,52.1215],[31.4539,52.1404],[31.378,52.1339],[31.3876,52.1217],[31.3261,52.1069],[31.2963,52.0506],[31.2516,52.0436],[31.1586,52.0778],[31.1401,52.1031],[30.9923,52.0777],[30.9571,52.091],[30.9341,52.0654],[30.9389,52.0199],[30.8965,52.0046],[30.9104,51.9906],[30.8896,51.9864],[30.8918,51.9722],[30.8051,51.9469],[30.8239,51.9265],[30.7962,51.8968],[30.7579,51.9039],[30.7052,51.868],[30.6951,51.8333],[30.6604,51.8136],[30.6646,51.7862],[30.6161,51.7701],[30.6158,51.7598],[30.6479,51.7642],[30.6271,51.7208],[30.5653,51.7078],[30.582,51.6494],[30.5507,51.6437],[30.5473,51.6225],[30.5061,51.5998],[30.5514,51.5814],[30.5281,51.5625],[30.5466,51.5405],[30.5846,51.546],[30.5689,51.5181],[30.6228,51.4609],[30.5792,51.4474],[30.5871,51.4283],[30.6219,51.4288],[30.6556,51.3782],[30.6357,51.3585],[30.6516,51.3353],[30.5934,51.3119],[30.6196,51.2918],[30.5392,51.263],[30.5051,51.2801],[30.4522,51.2767],[30.4632,51.2905],[30.4445,51.3088],[30.3968,51.3129],[30.3238,51.3605],[30.3568,51.3777],[30.3521,51.4227],[30.1815,51.5126],[30.164,51.4892],[30.1219,51.5053],[30.1255,51.4909],[30.0146,51.5052],[30.0212,51.4969],[29.9572,51.4713],[29.9317,51.4923],[29.8931,51.4852],[29.8797,51.4461],[29.8141,51.4603],[29.7942,51.4583],[29.7975,51.4419],[29.7441,51.4581],[29.7319,51.4924],[29.7431,51.4936],[29.7405,51.5307],[29.7194,51.531],[29.6675,51.5025],[29.6342,51.5062],[29.5797,51.463],[29.5391,51.4827],[29.5234,51.4234],[29.4959,51.3973],[29.421,51.4152],[29.3267,51.378],[29.315,51.4354],[29.2748,51.4583],[29.2511,51.4959],[29.2521,51.5679],[29.2138,51.5667],[29.2035,51.6074],[29.1776,51.6082],[29.1893,51.6275],[29.1563,51.6262],[29.1756,51.6487],[29.1649,51.6539],[29.1258,51.6498],[28.996,51.5747],[28.927,51.5899],[28.8061,51.5515],[28.7402,51.4266],[28.6359,51.5566],[28.4766,51.6044],[28.3887,51.5429],[28.2568,51.6623],[27.9629,51.5634],[27.8448,51.6248],[27.8201,51.5224],[27.746,51.4831],[27.6689,51.5177],[27.7267,51.5666],[27.7278,51.6046],[27.6528,51.6175],[27.6189,51.6054],[27.517,51.6378],[27.5122,51.6069],[27.5262,51.6069],[27.5026,51.5877],[27.4823,51.5929],[27.4874,51.6106],[27.242,51.6029],[27.2736,51.6466],[27.2519,51.6674],[27.2162,51.6638],[27.2015,51.7734],[26.9958,51.7685],[26.9477,51.7355],[26.8482,51.7666],[26.7905,51.7572],[26.7545,51.7759],[26.7472,51.8088],[26.6944,51.823],[26.5924,51.8307],[26.5467,51.7952],[26.4716,51.8008],[26.4259,51.8332],[26.396,51.8317],[26.3953,51.8774],[26.3037,51.8621],[26.1639,51.8663],[26.0949,51.9125],[26.0465,51.9138],[26.0427,51.9258],[25.9919,51.9328],[25.9274,51.9157],[25.8235,51.9252],[25.8235,51.9432],[25.7653,51.9502],[25.7705,51.9218],[25.5927,51.9246],[25.5271,51.9407],[25.5182,51.9267],[25.4586,51.9195],[25.3717,51.9282],[25.2576,51.9697],[25.099,51.9534],[24.9328,51.8913],[24.9153,51.9155],[24.8435,51.8956],[24.8343,51.9131],[24.8119,51.9125],[24.7673,51.8841],[24.6077,51.9021],[24.3787,51.8818],[24.3337,51.8564],[24.2939,51.8016],[24.32,51.7508],[24.2667,51.7158],[24.1198,51.6668],[24.0755,51.6197],[23.9969,51.5792],[23.9437,51.5956],[23.8815,51.5929],[23.8795,51.6086],[23.9121,51.6321],[23.7871,51.6412],[23.7827,51.6679],[23.6769,51.653],[23.6069,51.6221],[23.6652,51.5779],[23.6355,51.551],[23.6774,51.5066],[23.6258,51.504],[23.6368,51.4875],[23.668,51.484],[23.649,51.4517],[23.6835,51.4453],[23.7023,51.4106],[23.6398,51.332],[23.6503,51.2945],[23.6972,51.2891],[23.7269,51.2613],[23.7396,51.2148],[23.8666,51.1503],[23.8523,51.1199],[23.879,51.0774],[23.9083,51.0779],[23.9298,51.0385],[23.9223,51.013],[23.9614,50.9839],[23.9748,50.9492],[24.052,50.8917],[24.1433,50.8593],[24.0965,50.8365],[23.9963,50.8394],[23.9579,50.7955],[23.9749,50.7737],[24.0177,50.7699],[24.0213,50.7221],[24.0745,50.7142],[24.064,50.6792],[24.0827,50.6714],[24.0985,50.6013],[24.0708,50.5063],[23.9975,50.4121],[23.8096,50.4049],[23.7154,50.3824],[23.6895,50.341],[23.6386,50.3205],[23.581,50.2659],[23.47,50.218],[23.3421,50.1335],[23.2196,50.0448],[22.9956,49.8424],[22.9709,49.8385],[22.8968,49.7517],[22.8056,49.6934],[22.6414,49.53],[22.6511,49.5089],[22.6972,49.495],[22.747,49.3607],[22.7506,49.3168],[22.7201,49.2212],[22.7412,49.2189],[22.7075,49.1772],[22.7251,49.1686],[22.7499,49.1838],[22.7451,49.1562],[22.7852,49.1574],[22.8367,49.1104],[22.8905,49.0963],[22.8657,49.0675],[22.8917,49.0082],[22.8523,49.0031],[22.7733,49.0518],[22.6764,49.0414],[22.5824,49.0974],[22.5548,49.0792],[22.5438,49.0102],[22.4797,48.9928],[22.4253,48.9262],[22.4211,48.8846],[22.3835,48.865],[22.3876,48.8],[22.3473,48.7676],[22.3618,48.7302],[22.3377,48.6836],[22.2554,48.6483],[22.1692,48.5833],[22.1377,48.4216],[22.1496,48.4039],[22.2125,48.4255],[22.2605,48.4109],[22.2445,48.3892],[22.2674,48.3609],[22.3194,48.351],[22.3188,48.3201],[22.3776,48.239],[22.4848,48.2521],[22.5154,48.238],[22.53,48.2122],[22.5703,48.1961],[22.5668,48.1745],[22.5982,48.1453],[22.5902,48.1076],[22.6759,48.0921],[22.7363,48.1196],[22.8234,48.1178],[22.8359,48.0815],[22.8556,48.0785],[22.8808,48.0445],[22.8405,47.9825],[22.8911,47.9568],[22.9421,47.9641],[22.9248,48.0163],[23.0154,47.9917],[23.0838,48.0045],[23.1069,48.0327],[23.114,48.0864],[23.172,48.1179],[23.193,48.0974],[23.2637,48.1009],[23.2921,48.0721],[23.277,48.0593],[23.2923,48.0451],[23.4914,47.9684],[23.5366,48.0134],[23.615,48.0086],[23.6705,47.9842],[23.7539,47.9965],[23.8141,47.9834],[23.8593,47.9335],[24.0085,47.9673],[24.0971,47.9372],[24.1172,47.9148],[24.198,47.9151],[24.2227,47.8975],[24.3199,47.9232],[24.3593,47.9185],[24.4316,47.9688],[24.5119,47.9516],[24.5687,47.9689],[24.6017,47.9452],[24.6234,47.9518],[24.6728,47.8971],[24.6705,47.8664],[24.7053,47.8408],[24.8223,47.8214],[24.8359,47.7819],[24.8954,47.7247],[25.0405,47.7255],[25.052,47.7418],[25.1116,47.7541],[25.1328,47.7804],[25.1658,47.7905],[25.2296,47.8924],[25.3162,47.914],[25.6248,47.9488],[25.7655,47.94],[25.8376,47.9672],[25.9079,47.9649],[25.9147,47.9774],[26.101,47.9783],[26.1877,47.9956],[26.2123,48.051],[26.2694,48.0788],[26.298,48.1337],[26.335,48.1617],[26.3331,48.1824],[26.3722,48.197],[26.4047,48.1896],[26.4738,48.2181],[26.5334,48.2121],[26.5678,48.2204],[26.5722,48.2401],[26.6137,48.2401],[26.6295,48.2568],[26.6164,48.2744],[26.6894,48.3264],[26.6825,48.3556],[26.6943,48.3602],[26.7343,48.3184],[26.758,48.3239],[26.7672,48.3023],[26.8134,48.2938],[26.8259,48.338],[26.7648,48.3538],[26.7117,48.403],[26.7585,48.4024],[26.7751,48.4185],[26.8784,48.4172],[26.9316,48.3633],[26.9952,48.3595],[27.0012,48.3777],[27.0498,48.3877],[27.0162,48.4201],[27.085,48.4347],[27.0872,48.413],[27.1236,48.3792],[27.1923,48.3949],[27.2357,48.373],[27.2811,48.3734],[27.3197,48.4436],[27.3735,48.4417],[27.3854,48.4106],[27.442,48.4094],[27.4757,48.4532],[27.5954,48.4915],[27.5947,48.4592],[27.6427,48.4416],[27.7437,48.4577],[27.7829,48.4476],[27.8731,48.4044],[27.8947,48.3615],[27.9576,48.3274],[28.0704,48.3195],[28.0914,48.2978],[28.0797,48.2494],[28.0905,48.234],[28.1289,48.2409],[28.1488,48.2626],[28.1785,48.2567],[28.1893,48.2122],[28.208,48.2047],[28.3026,48.2413],[28.3568,48.2443],[28.3702,48.2176],[28.359,48.1881],[28.3101,48.1631],[28.3049,48.1439],[28.3444,48.1347],[28.3869,48.1763],[28.4285,48.1722],[28.4397,48.1441],[28.4222,48.1207],[28.4521,48.0799],[28.4911,48.0658],[28.499,48.1274],[28.521,48.1382],[28.5028,48.151],[28.5775,48.1822],[28.5795,48.1668],[28.6747,48.146],[28.6962,48.1261],[28.8338,48.1288],[28.8578,48.1028],[28.8394,48.0772],[28.847,48.0314],[28.8944,48.0128],[28.8808,47.9983],[28.9238,47.9617],[28.966,47.9773],[29.0284,47.9445],[29.0686,47.9436],[29.082,47.9641],[29.0979,47.96],[29.0972,47.9823],[29.1754,47.9938],[29.2005,47.8843],[29.2161,47.8961],[29.2814,47.8884],[29.2028,47.8275],[29.2192,47.7984],[29.2752,47.8042],[29.2493,47.7523],[29.2044,47.7192],[29.231,47.6838],[29.2093,47.6476],[29.2342,47.6426],[29.1743,47.5687],[29.1171,47.5544],[29.1517,47.5068],[29.1858,47.519],[29.1892,47.4901],[29.1591,47.46],[29.1922,47.4602],[29.1855,47.4312],[29.1959,47.4284],[29.2415,47.4615],[29.244,47.4148],[29.3146,47.4481],[29.3365,47.3745],[29.391,47.3798],[29.3983,47.3005],[29.4267,47.2937],[29.4799,47.3049],[29.4874,47.3555],[29.5756,47.3655],[29.5974,47.2647],[29.5521,47.2515],[29.5788,47.1419],[29.4956,47.1317],[29.5305,47.0759],[29.5536,47.0944],[29.6133,47.0972],[29.628,47.0477],[29.605,47.0419],[29.5962,46.9661],[29.5581,46.9582],[29.5633,46.9493],[29.6398,46.9553],[29.6482,46.9196],[29.7182,46.9323],[29.7527,46.8615],[29.8764,46.8853],[29.9052,46.8204],[29.9446,46.8403],[29.966,46.8332],[29.9786,46.8164],[29.9414,46.7993],[29.9739,46.7539],[29.971,46.6879],[29.947,46.6513],[29.9653,46.5896],[29.9356,46.5817],[29.9483,46.5688],[29.9298,46.5533],[29.8816,46.5476],[29.9428,46.4941],[29.9578,46.5082],[29.9671,46.4948],[29.9918,46.5029],[29.991,46.4789],[30.0193,46.4716],[29.9998,46.4648],[30.0219,46.444],[30.064,46.4428],[30.0558,46.4358],[30.0719,46.4257],[30.092,46.4403],[30.1341,46.411],[30.149,46.4262],[30.1606,46.4185],[30.0968,46.3754],[30.0614,46.3982],[29.988,46.3841],[29.9425,46.3985],[29.8753,46.3585],[29.8053,46.3856],[29.8221,46.3951],[29.7414,46.4729],[29.7268,46.4667],[29.7423,46.4436],[29.6914,46.4269],[29.6788,46.4417],[29.6624,46.4272],[29.679,46.3613],[29.6096,46.3542],[29.5804,46.3609],[29.5609,46.4171],[29.4977,46.4292],[29.4888,46.4709],[29.4481,46.4987],[29.3926,46.4518],[29.3992,46.4263],[29.351,46.5046],[29.3318,46.4961],[29.3366,46.474],[29.3105,46.4663],[29.3143,46.412],[29.2682,46.4077],[29.2485,46.3811],[29.2067,46.3864],[29.2411,46.4129],[29.2196,46.4636],[29.2529,46.4915],[29.2361,46.5532],[29.1619,46.5445],[29.1532,46.5151],[29.0695,46.5128],[29.0386,46.4937],[28.9815,46.4892],[29.0245,46.4713],[28.932,46.4578],[29.0035,46.3167],[28.9794,46.3088],[28.9523,46.2595],[29.0637,46.1975],[28.9537,46.0966],[29.004,46.0468],[28.9685,46.0018],[28.7764,45.9706],[28.7545,45.9285],[28.7835,45.8398],[28.6974,45.818],[28.6978,45.7781],[28.5811,45.7707],[28.5891,45.7292],[28.5207,45.7375],[28.4818,45.6721],[28.4862,45.6605],[28.5127,45.6648],[28.5422,45.5855],[28.4952,45.5718],[28.5081,45.4987],[28.4125,45.4852],[28.4186,45.5131],[28.3024,45.5457],[28.248,45.5075],[28.2172,45.4734],[28.2787,45.4456],[28.2887,45.3957],[28.3383,45.3282],[28.5649,45.2484],[28.7193,45.2241],[28.7921,45.2414],[28.7527,45.2785],[28.805,45.3047],[28.7816,45.3226],[28.7977,45.3341],[28.9369,45.28],[28.9728,45.3326],[29.1742,45.3961],[29.245,45.434],[29.296,45.4289],[29.3271,45.4482],[29.4276,45.4431],[29.5531,45.4071],[29.6491,45.3413],[29.6769,45.2687],[29.6618,45.2421],[29.6899,45.2011],[29.9522,45.1687],[30.0146,45.1026],[30.1338,45.0599],[30.2574,45.0558],[30.3357,45.0764],[30.4325,45.1329],[30.473,45.1893],[30.4905,45.256],[30.4641,45.3403],[30.3995,45.4028],[30.2993,45.4459],[30.1829,45.4565],[30.0727,45.4358],[30.0668,45.5056],[30.428,45.7091],[30.6261,45.8979],[30.668,45.96],[30.7535,45.9967],[30.9135,46.1201],[30.9526,46.1739],[30.9681,46.2328],[31.0199,46.2926],[31.0477,46.377],[31.1591,46.4097],[31.2355,46.4028],[31.2403,46.3182],[31.4072,46.1056],[31.6434,46.0351],[32.7727,45.8266],[32.5635,45.6966],[32.3245,45.6102],[32.2256,45.4447],[32.2202,45.2923],[32.3108,45.1937],[32.6157,45.1065],[32.8189,45.1452],[32.9645,45.0483],[33.1238,44.9765],[33.2968,44.9318],[33.2309,44.7604],[33.1183,44.6608],[33.0826,44.5494],[33.1512,44.4475],[33.2831,44.3337],[33.7143,44.1861],[34.0219,44.1921],[34.2911,44.2452],[34.6069,44.4318],[34.6811,44.5513],[34.769,44.5983],[34.9118,44.6159],[35.0848,44.5787],[35.2744,44.6178],[35.387,44.7311],[35.6314,44.8383],[35.7715,44.7877],[36.4004,44.85],[36.6097,44.9407],[36.5304,45.1992],[36.5941,45.2527],[36.6034,45.3093],[36.6634,45.36],[36.6818,45.4571],[36.6676,45.6265],[36.3235,45.6716],[35.9692,45.6236],[35.8099,45.6371],[35.6863,45.616],[35.571,45.5121],[35.2334,45.7917],[35.1535,45.9225],[35.3375,45.9893],[35.5655,46.2369],[35.8429,46.3981],[36.0352,46.2995],[36.2659,46.3185],[36.5103,46.5305],[36.5625,46.5362],[36.741,46.4549],[36.969,46.5135],[37.0459,46.6513],[37.1685,46.7108],[37.2986,46.6947],[37.4249,46.7079],[37.6192,46.8306],[38.1459,46.8658],[38.3423,46.9812],[38.2307,47.1194],[38.2331,47.2294],[38.3237,47.2573],[38.3344,47.3062],[38.2187,47.3053],[38.2472,47.3644],[38.3031,47.3918],[38.2832,47.5443],[38.3035,47.5448],[38.311,47.5763],[38.3498,47.5763],[38.3488,47.6168],[38.4566,47.6168],[38.4566,47.6446],[38.6159,47.6441],[38.6286,47.67],[38.6657,47.6695],[38.6664,47.6977],[38.7726,47.686],[38.7725,47.7269],[38.7891,47.7367],[38.7974,47.7752],[38.7826,47.791],[38.7879,47.8166],[38.8291,47.8162],[38.8353,47.8599],[38.8779,47.877],[39.0742,47.8695],[39.0829,47.8518],[39.1494,47.8424],[39.2366,47.8538],[39.2366,47.8645],[39.3869,47.8712],[39.4124,47.8298],[39.4395,47.84],[39.4399,47.8544],[39.4778,47.8605],[39.542,47.8253],[39.6362,47.8385],[39.7379,47.8277],[39.7638,47.871],[39.7908,47.8687],[39.7933,47.9194],[39.8055,47.9504],[39.822,47.9508],[39.8225,47.9825],[39.7757,48.0398],[39.8835,48.0418],[39.8342,48.0672],[39.868,48.0776],[39.8735,48.1081],[39.9054,48.1443],[39.9075,48.1801],[39.9394,48.183],[39.9429,48.2292],[40.0077,48.224],[40.0029,48.2389],[40.0187,48.2501],[39.9916,48.3175],[39.9236,48.2711],[39.9007,48.2996],[39.8413,48.3102],[39.8453,48.3328],[39.9463,48.3521],[39.9315,48.3638],[39.942,48.3845],[39.9235,48.3744],[39.9064,48.3893],[39.9163,48.3948],[39.896,48.444],[39.8499,48.469],[39.8468,48.4994]]]},"properties":{"id":"Q212","names":{"ab":"Украина","ace":"Ukraina","ady":"Украинэ","af":"Oekraïne","als":"Ukraine","ami":"Ukraine","an":"Ucraína","ang":"Ucræġna","ann":"Yukeren","ast":"Ucraína","av":"Украина","avk":"Ukraina","ay":"Ukraniya","az":"Ukrayna","ba":"Украина","ban":"Ukraina","bar":"Ukraine","bat-smg":"Okraina","bbc":"Ukraina","bcl":"Ukranya","be":"Украіна","be-x-old":"Украіна","bew":"Ukrain","bg":"Украйна","bi":"Yukren","bjn":"Ukraina","bm":"Ukrain","br":"Ukraina","bs":"Ukrajina","btm":"Ukraina","bxr":"Украина","ca":"Ucraïna","cbk-zam":"Ucrania","cdo":"Ukraine","ce":"Украина","ceb":"Ukranya","ch":"Ukrania","chy":"Ukraine","co":"Ucraina","crh":"Ukraina","cs":"Ukrajina","csb":"Ùkrajina","cu":"Оукраина","cv":"Украина","cy":"Wcráin","da":"Ukraine","dag":"Ukraine","de":"Ukraine","din":"Ukraine","diq":"Ukrayna","dsb":"Ukraina","ee":"Ukraine","el":"Ουκρανία","eml":"Ucragna","en":"Ukraine","eo":"Ukrainio","es":"Ucrania","et":"Ukraina","eu":"Ukraina","ext":"Ucrania","ff":"Ukrayiina","fi":"Ukraina","fiu-vro":"Ukraina","fj":"Ukraine","fo":"Ukraina","fr":"Ukraine","frp":"Ucrèna","frr":"Ukraine","fur":"Ucraine","fy":"Oekraïne","ga":"An Úcráin","gag":"Ukraına","gcr":"Oukrèn","gd":"An Ucràin","gl":"Ucraína","gn":"Ukyáña","got":"𐌿𐌺𐍂𐌰𐌾𐌽𐌰","guw":"Ukraine","gv":"Yn Ookraan","ha":"Ukraniya","hak":"Ukraina","haw":"ʻUkelena","hif":"Ukraine","hr":"Ukrajina","hsb":"Ukraina","ht":"Ikrèn","hu":"Ukrajna","ia":"Ukraina","id":"Ukraina","ie":"Ucraina","ig":"Yukrain","ik":"Yukrain","ilo":"Ukrania","inh":"Украина","io":"Ukraina","is":"Úkraína","it":"Ucraina","jam":"Yuukrien","jbo":"vurgu'e","jv":"Ukraina","kaa":"Ukraina","kab":"Ukrayin","kbd":"Украинэ","kbp":"Ukurɛnɩ","kcg":"Yuki̱ren","kg":"Uklenyi","ki":"Ukraine","kk":"Украина","knc":"Ukraine","ko":"우크라이나","koi":"Украина","krc":"Украина","ku":"Ûkrayna","kv":"Украина","kw":"Ukrayn","ky":"Украина","la":"Ucraina","lad":"Ukraina","lb":"Ukrain","lbe":"Украина","lez":"Украина","lfn":"Ucraina","lg":"Ukraine","li":"Oekraïne","lij":"Ucrainn-a","lld":"Ucraina","lmo":"Ucraina","ln":"Ukraine","lt":"Ukraina","ltg":"Ukraina","lv":"Ukraina","mad":"Ukraina","map-bms":"Ukraina","mdf":"Украина","mg":"Okraina","mhr":"Украина","mi":"Ūkareinga","min":"Ukraina","mk":"Украина","mn":"Украин","mrj":"Украина","ms":"Ukraine","mt":"Ukrajna","mwl":"Oucránia","myv":"Украина","nap":"Ucraina","nds":"Ukraine","nds-nl":"Oekraïne","nl":"Oekraïne","nn":"Ukraina","no":"Ukraina","nov":"Ukraina","nrm":"Ukraîne","nso":"Ukraine","nv":"Dzítso Hatsohnii Bikéyah","ny":"Ukraine","oc":"Ucraïna","olo":"Ukrainu","om":"Yuukireen","os":"Украинæ","pag":"Ukraniya","pam":"Ukranya","pap":"Ukrania","pcd":"Oucrinne","pcm":"Yukrain","pdc":"Ukraine","pfl":"Ukraine","pl":"Ukraina","pms":"Ucrain-a","pnt":"Ουκρανία","pt":"Ucrânia","pwn":"ukelan","qu":"Ukrayina","rm":"Ucraina","rmy":"Ukrayna","ro":"Ucraina","roa-rup":"Ucraina","roa-tara":"Ucraine","ru":"Украина","rue":"Україна","rw":"Ikerene","sah":"Украйиина","sc":"Ucraina","scn":"Ucraina","sco":"Ukraine","se":"Ukraina","sh":"Ukrajina","shi":"Ukranya","sk":"Ukrajina","sl":"Ukrajina","sm":"Iukureini","smn":"Ukraina","sn":"Vukireni","so":"Yukrayn","sq":"Ukraina","sr":"Украјина","srn":"Ukrainakondre","ss":"IYukhureni","st":"Ukraine","stq":"Ukraine","su":"Ukraina","sv":"Ukraina","sw":"Ukraini","szl":"Ukrajina","szy":"Ukraine","tay":"Ukraine","tet":"Ukránia","tg":"Укроин","tk":"Ukraina","tl":"Ukranya","tly":"Ukrajnə","tn":"Ukraine","to":"ʻŪkalaʻine","tok":"ma Ukawina","tpi":"Yukren","tr":"Ukrayna","trv":"Ukraine","ts":"Ukraine","tt":"Украина","tum":"Ukraine","tw":"Ukraine","tyv":"Украина","udm":"Украина","uk":"Україна","uz":"Ukraina","ve":"Ukraine","vec":"Ucràina","vep":"Ukrain","vi":"Ukraina","vls":"Oekraïne","vo":"Lukrayän","wa":"Oucrinne","war":"Ukranya","wo":"Ukreen","xh":"IYukreyini","yo":"Yukréìn","za":"Vuhgwzlanz","zea":"Oekraïne","zh-min-nan":"Ukraina","zu":"IYukreyini"},"from":1991.983870967742,"to":null,"wikidata":"Q212","adminLevel":2,"source":"OpenHistoricalMap","sourceUrl":"https://www.openhistoricalmap.org"}},{"type":"Feature","geometry":{"type":"Polygon","coordinates":[[[18.3296,49.3188],[18.1893,49.2886],[18.1839,49.2695],[18.1486,49.2494],[18.1527,49.2197],[18.1088,49.1368],[18.1204,49.1207],[18.0952,49.059],[18.0245,49.0212],[17.929,49.0212],[17.88,48.927],[17.7874,48.9253],[17.7098,48.8647],[17.6299,48.8532],[17.5893,48.8254],[17.5486,48.8276],[17.529,48.8126],[17.4522,48.8464],[17.4017,48.8176],[17.3608,48.814],[17.3216,48.8433],[17.2017,48.878],[17.1093,48.8298],[17.0891,48.786],[17.0428,48.7636],[16.9366,48.6026],[16.9499,48.5364],[16.8542,48.4513],[16.8636,48.42],[16.8397,48.3633],[16.9093,48.3248],[16.8945,48.3109],[16.9112,48.285],[16.9565,48.2643],[16.9463,48.2354],[16.9762,48.1718],[17.0616,48.136],[17.0914,48.093],[17.0764,48.0862],[17.0803,48.0259],[17.1101,48.0312],[17.1587,48.008],[17.2461,48.0184],[17.2565,47.9991],[17.3323,47.994],[17.4024,47.9483],[17.4528,47.8862],[17.5257,47.8662],[17.5663,47.8159],[17.6058,47.8224],[17.7183,47.7542],[17.9,47.7395],[17.966,47.7561],[18.0858,47.7565],[18.2979,47.7319],[18.4482,47.7643],[18.4876,47.7535],[18.6608,47.7608],[18.7238,47.7877],[18.7396,47.8131],[18.8459,47.8164],[18.8529,47.8237],[18.8151,47.8544],[18.7636,47.8775],[18.7727,47.9618],[18.7553,47.9725],[18.8111,47.9899],[18.8403,48.0506],[18.9794,48.055],[19.0128,48.0734],[19.0614,48.0592],[19.1357,48.0741],[19.2358,48.0552],[19.2956,48.0864],[19.4061,48.086],[19.443,48.1013],[19.4607,48.0839],[19.4865,48.0992],[19.5259,48.1998],[19.6247,48.2468],[19.663,48.2411],[19.7071,48.2011],[19.7432,48.2163],[19.7972,48.1948],[19.7833,48.1657],[19.7993,48.1541],[19.8149,48.1673],[19.8988,48.1663],[19.9111,48.1298],[19.9914,48.1684],[20.0492,48.1672],[20.1299,48.2221],[20.1391,48.2546],[20.2,48.2503],[20.238,48.2798],[20.2853,48.262],[20.3246,48.2728],[20.41,48.3662],[20.4192,48.4211],[20.5065,48.4888],[20.5031,48.529],[20.5483,48.5435],[20.5793,48.5373],[20.6569,48.5612],[20.8302,48.5815],[20.8733,48.5535],[20.9254,48.5562],[20.963,48.5206],[21.0636,48.5251],[21.1191,48.4917],[21.1503,48.5154],[21.2393,48.5397],[21.3085,48.5255],[21.3234,48.5623],[21.4135,48.5589],[21.4383,48.5849],[21.5139,48.5511],[21.5414,48.5111],[21.6105,48.5105],[21.6668,48.396],[21.7244,48.3497],[21.8229,48.3328],[21.8365,48.363],[21.9245,48.3624],[22.0209,48.3891],[22.0856,48.3728],[22.1357,48.3805],[22.1503,48.3951],[22.1379,48.425],[22.1692,48.5833],[22.2554,48.6483],[22.3396,48.6839],[22.3601,48.7261],[22.3462,48.7638],[22.387,48.7989],[22.3766,48.8333],[22.3864,48.8692],[22.4215,48.8889],[22.4249,48.9293],[22.4773,48.9886],[22.5412,49.0051],[22.5656,49.0875],[22.4227,49.0995],[22.3673,49.1466],[22.2818,49.1421],[22.2321,49.1537],[22.2239,49.1836],[22.1959,49.1759],[22.0378,49.2214],[22.0316,49.2809],[21.9587,49.3493],[21.8978,49.3552],[21.8421,49.3899],[21.8024,49.381],[21.7789,49.3559],[21.7236,49.4094],[21.6639,49.4151],[21.6236,49.4461],[21.4414,49.4128],[21.2777,49.4608],[21.1907,49.4013],[21.1292,49.435],[21.0539,49.4209],[21.0576,49.403],[21.103,49.3773],[21.0968,49.3691],[21.0377,49.3616],[20.9896,49.3287],[20.9886,49.3087],[20.9298,49.2966],[20.9033,49.3236],[20.8741,49.3197],[20.8603,49.3484],[20.8231,49.337],[20.7872,49.3708],[20.7581,49.3742],[20.7366,49.4167],[20.6968,49.4202],[20.6479,49.4009],[20.6119,49.4144],[20.6002,49.3883],[20.5718,49.3771],[20.4676,49.4158],[20.4359,49.4178],[20.434,49.4011],[20.388,49.3908],[20.3763,49.4076],[20.3282,49.4029],[20.3154,49.3442],[20.2249,49.3504],[20.1706,49.3277],[20.1578,49.3029],[20.1455,49.3175],[20.1022,49.2529],[20.0829,49.1794],[19.9844,49.2302],[19.9293,49.2357],[19.8621,49.1966],[19.783,49.1997],[19.759,49.2165],[19.7666,49.2342],[19.8195,49.2767],[19.7933,49.3044],[19.8033,49.363],[19.7894,49.4035],[19.7602,49.4111],[19.7172,49.3865],[19.6323,49.4086],[19.6418,49.4517],[19.5818,49.4555],[19.533,49.5328],[19.5287,49.5651],[19.4691,49.5956],[19.468,49.6133],[19.3714,49.5674],[19.3649,49.5378],[19.2807,49.5349],[19.2414,49.5157],[19.2245,49.4536],[19.1952,49.4448],[19.1876,49.4097],[19.1073,49.4037],[19.0812,49.4166],[19.035,49.3957],[18.9825,49.3958],[18.9692,49.41],[18.9838,49.4335],[18.9605,49.4828],[18.9727,49.4995],[18.9355,49.5184],[18.8076,49.5151],[18.7404,49.4891],[18.6816,49.5067],[18.6177,49.4951],[18.5715,49.508],[18.547,49.5001],[18.5371,49.4643],[18.4754,49.4084],[18.4488,49.3935],[18.4044,49.3969],[18.4152,49.368],[18.3769,49.3297],[18.3296,49.3188]]]},"properties":{"id":"Q214","names":{"ab":"Словакиа","ace":"Slowakia","ady":"Словакие","af":"Slowakye","als":"Slowakei","am":"ስሎቫኪያ","ami":"Slovakia","an":"Eslovaquia","ang":"Slofacland","ar":"سلوفاكيا","ast":"Eslovaquia","av":"Словакия","avk":"Slovenska","ay":"Isluwaqiya","az":"Slovakiya","ba":"Словакия","ban":"Slovakia","bar":"Slowakei","bat-smg":"Sluovakėjė","bcl":"Slobakya","be":"Славакія","be-x-old":"Славаччына","bew":"Slowaki","bg":"Словакия","bh":"स्लोवाकिया","bi":"Slovakia","bn":"স্লোভাকিয়া","bo":"སི་ལོ་ཕ་ཁེ།","br":"Slovakia","bs":"Slovačka","bxr":"Словаки","ca":"Eslovàquia","cbk-zam":"Eslovaquia","cdo":"Slovakia","ce":"Словаки","ceb":"Esklobakiya","ch":"Eslobakia","chy":"Slovakia","co":"Sluvacchia","crh":"Slovakiya","cs":"Slovensko","csb":"Słowackô","cu":"Словѣньско","cv":"Словаки","cy":"Slofacia","da":"Slovakiet","de":"Slowakei","diq":"Slowakya","dsb":"Słowakska","dv":"ސުލޮވާކިއާ","dz":"སི་ལོ་པ་ཀེ་","ee":"Slovakia","el":"Σλοβακία","en":"Slovakia","eo":"Slovakio","es":"Eslovaquia","et":"Slovakkia","eu":"Eslovakia","ext":"Eslovaquia","fa":"اسلواکی","ff":"Sulowakiya","fi":"Slovakia","fiu-vro":"Slovakkia","fo":"Slovakia","fr":"Slovaquie","frp":"Slovaquia","frr":"Slowakäi","fur":"Slovachie","fy":"Slowakije","ga":"An tSlóvaic","gag":"Slovakiya","gcr":"Slovaki","gd":"An t-Slòbhac","gl":"Eslovaquia","gn":"Elovákia","got":"𐍃𐌻𐌰𐌿𐌱𐌰𐌺𐌾𐌰","gu":"સ્લોવાકિયા","gv":"Yn Clovack","ha":"Slofakiya","hak":"Slovakia","haw":"Solowakia","he":"סלובקיה","hi":"स्लोवाकिया","hif":"Slovakia","hr":"Slovačka","hsb":"Słowakska","ht":"Slovaki","hu":"Szlovákia","hy":"Սլովակիա","ia":"Slovachia","id":"Slowakia","ie":"Slovakia","ig":"Slovakia","ilo":"Eslobakia","io":"Slovakia","is":"Slóvakía","it":"Slovacchia","ja":"スロバキア","jam":"Slovakia","jbo":"slovensk","jv":"Slowakie","ka":"სლოვაკეთი","kaa":"Slovakiya","kab":"Sluvakya","kbd":"Словакиэ","kbp":"Siloovaakii","kg":"Slovakia","kk":"Словакия","kn":"ಸ್ಲೊವಾಕಿಯ","ko":"슬로바키아","koi":"Словенско","krc":"Словакия","ku":"Slovakya","kv":"Словакия","kw":"Slovaki","ky":"Словакия","la":"Slovacia","lad":"Eslovakia","lb":"Slowakei","lbe":"Словакия","lez":"Словакия","lfn":"Slovensco","lg":"Slovakia","li":"Slowakije","lij":"Slovacchia","lld":"Slovachia","lmo":"Sluachia","ln":"Slovakia","lo":"ປະເທດສະໂລວາກີ","lt":"Slovakija","ltg":"Slovakeja","lv":"Slovākija","mad":"Slovakia","map-bms":"Slowakia","mdf":"Словакия","mg":"Slôvakia","mhr":"Словакий","mi":"Horowākia","min":"Slowakia","mk":"Словачка","ml":"സ്ലോവാക്യ","mn":"Словак","mr":"स्लोव्हाकिया","ms":"Slovakia","mt":"Slovakkja","mwl":"Slobáquia","my":"ဆလိုဗားကီးယားနိုင်ငံ","myv":"Словакия Мастор","nap":"Slovachia","nb":"Slovakia","nds":"Slowakei","nds-nl":"Slowaaknlaand","ne":"स्लोभाकिया","nl":"Slowakije","nn":"Slovakia","no":"Slovakia","nov":"Slovakia","nrm":"Slovaquie","nv":"Dziłkʼi Tsinʼałnáoszidnii Bikéyah","oc":"Eslovaquia","olo":"Slovakii","om":"Islovaakiyaa","os":"Словаки","pa":"ਸਲੋਵਾਕੀਆ","pag":"Slovakia","pam":"Eslobakya","pap":"Slovakia","pcd":"Slovakie","pdc":"Slowaaki","pl":"Słowacja","pms":"Slovachia","ps":"سلوواکيا","pt":"Eslováquia","qu":"Isluwakya","rm":"Slovachia","rmy":"Slovaiko","ro":"Slovacia","roa-rup":"Sluvachii","roa-tara":"Slovacchie","ru":"Словакия","rue":"Словеньско","rw":"Silovakiya","sa":"स्लोवाकिया","sah":"Словакия","sc":"Islovàchia","scn":"Slovacchia","sco":"Slovakie","sd":"سلوواڪيا","se":"Slovakia","sh":"Slovačka / Словачка","sh-Cyrl":"Словачка","sh-Latn":"Slovačka","shi":"Ṣluvakiya","si":"ස්ලෝවැක් සමුහාණ්ඩුව","sk":"Slovensko","sl":"Slovaška","sm":"Solovakia","smn":"Slovakia","sn":"Slovakia","so":"Islofaakiya","sq":"Sllovakia","sr":"Словачка","sr-Latn":"Slovačka","srn":"Slovakikondre","ss":"Silovakhi","st":"Slovakia","stq":"Slowakäi","su":"Slovakia","sv":"Slovakien","sw":"Slovakia","szl":"Słowacyjo","szy":"Slovakia","ta":"சிலோவாக்கியா","tay":"Slovakia","te":"స్లొవేకియా","tet":"Eslovákia","tg":"Словакия","th":"ประเทศสโลวาเกีย","tk":"Slowakiýa","tl":"Slovakia","tly":"Slovakijə","to":"Silovākia","tok":"ma Lowenki","tpi":"Slovakia","tr":"Slovakya","trv":"Slovakia","ts":"Slovakia","tt":"Словакия","tum":"Slovakia","tw":"Slovakia","udm":"Словакия","ug":"سلوۋاكىيە","uk":"Словаччина","ur":"سلوواکیہ","uz":"Slovakiya","vec":"Slovachia","vep":"Slovakii","vi":"Slovakia","vls":"Slovakeye","vo":"Slovakän","wa":"Slovakeye","war":"Eslovakya","wo":"Eslowaaki","xh":"Slovakiya","yi":"סלאוואקיי","yo":"Slofákíà","za":"Slovakia","zea":"Slowakije","zh":"斯洛伐克","zh-min-nan":"Slovakia","zu":"ISlovaki"},"from":1993,"to":null,"wikidata":"Q214","adminLevel":2,"source":"OpenHistoricalMap","sourceUrl":"https://www.openhistoricalmap.org"}},{"type":"Feature","geometry":{"type":"Polygon","coordinates":[[[23.6178,51.508],[23.6714,51.4991],[23.6716,51.5208],[23.6355,51.551],[23.6652,51.5779],[23.6086,51.6176],[23.644,51.6391],[23.7827,51.6679],[23.7871,51.6412],[23.9121,51.6321],[23.8771,51.5978],[23.9969,51.5792],[24.0755,51.6197],[24.1198,51.6668],[24.2667,51.7158],[24.32,51.7508],[24.2939,51.8016],[24.3388,51.8642],[24.3787,51.8818],[24.6077,51.9021],[24.7673,51.8841],[24.8119,51.9125],[24.8343,51.9131],[24.8435,51.8956],[24.9153,51.9155],[24.9328,51.8913],[25.099,51.9534],[25.2576,51.9697],[25.3717,51.9282],[25.5096,51.9226],[25.5271,51.9407],[25.7097,51.9163],[25.7705,51.9218],[25.7653,51.9502],[25.7815,51.9494],[25.8235,51.9432],[25.8235,51.9252],[25.9274,51.9157],[25.9919,51.9328],[26.0427,51.9258],[26.0465,51.9138],[26.0949,51.9125],[26.1639,51.8663],[26.3037,51.8621],[26.3953,51.8774],[26.396,51.8317],[26.4259,51.8332],[26.4716,51.8008],[26.5467,51.7952],[26.5924,51.8307],[26.6944,51.823],[26.7472,51.8088],[26.7545,51.7759],[26.7905,51.7572],[26.8482,51.7666],[26.9477,51.7355],[26.9958,51.7685],[27.2015,51.7734],[27.209,51.6683],[27.2729,51.6545],[27.242,51.6029],[27.3584,51.6157],[27.4274,51.6059],[27.4576,51.6204],[27.4693,51.6067],[27.4837,51.6155],[27.4796,51.6007],[27.5026,51.5877],[27.5262,51.6069],[27.5122,51.6069],[27.517,51.6378],[27.6189,51.6054],[27.6528,51.6175],[27.7278,51.6046],[27.7267,51.5666],[27.6689,51.5177],[27.746,51.4831],[27.8201,51.5224],[27.8448,51.6248],[27.9629,51.5634],[28.2568,51.6623],[28.3887,51.5429],[28.4766,51.6044],[28.6359,51.5566],[28.7402,51.4266],[28.8061,51.5515],[28.927,51.5899],[28.996,51.5747],[29.1169,51.6534],[29.1476,51.6526],[29.1756,51.6487],[29.1563,51.6262],[29.1893,51.6275],[29.1776,51.6082],[29.2035,51.6074],[29.2144,51.571],[29.2521,51.5679],[29.2511,51.4959],[29.2748,51.4583],[29.3088,51.454],[29.3266,51.3791],[29.421,51.4152],[29.4959,51.3973],[29.5367,51.4745],[29.5797,51.463],[29.6342,51.5062],[29.6675,51.5025],[29.7194,51.531],[29.7405,51.5307],[29.7458,51.5031],[29.7319,51.4924],[29.7458,51.4658],[29.7975,51.4419],[29.7942,51.4583],[29.8141,51.4603],[29.8797,51.4461],[29.8931,51.4852],[29.9317,51.4923],[29.9653,51.471],[30.0359,51.5044],[30.1178,51.4874],[30.134,51.5049],[30.164,51.4892],[30.1815,51.5126],[30.3521,51.4227],[30.3568,51.3777],[30.3238,51.3605],[30.3968,51.3129],[30.4641,51.3066],[30.4522,51.2767],[30.5701,51.2676],[30.616,51.286],[30.6041,51.3004],[30.6141,51.3053],[30.5934,51.3119],[30.6452,51.3332],[30.6567,51.3443],[30.6357,51.3585],[30.6543,51.3701],[30.6219,51.4288],[30.5871,51.4283],[30.5792,51.4474],[30.6233,51.4671],[30.5986,51.4731],[30.5691,51.5112],[30.5846,51.546],[30.5547,51.541],[30.5281,51.5625],[30.5519,51.5724],[30.5061,51.5998],[30.5367,51.6065],[30.5296,51.6187],[30.5597,51.626],[30.5468,51.636],[30.582,51.6494],[30.5653,51.7078],[30.6271,51.7208],[30.6517,51.7596],[30.6113,51.7636],[30.6646,51.7862],[30.6604,51.8136],[30.6907,51.8253],[30.7308,51.8871],[30.7494,51.9031],[30.7962,51.8968],[30.8239,51.9265],[30.8094,51.9406],[30.8185,51.9558],[30.8862,51.9674],[30.8848,51.9809],[30.9037,51.9839],[30.8965,52.0046],[30.9414,52.0148],[30.9353,52.0757],[30.9645,52.0902],[30.9923,52.0777],[31.1401,52.1031],[31.1586,52.0778],[31.2149,52.0719],[31.2187,52.0516],[31.2516,52.0436],[31.2963,52.0506],[31.3261,52.1069],[31.3728,52.1145],[31.3876,52.1217],[31.378,52.1339],[31.4041,52.1425],[31.4539,52.1404],[31.4635,52.1215],[31.4885,52.1166],[31.6592,52.1166],[31.7206,52.0962],[31.7994,52.1204],[31.7843,52.1352],[31.7815,52.1849],[31.6879,52.1982],[31.7133,52.2633],[31.6487,52.2802],[31.5835,52.321],[31.6184,52.3283],[31.6321,52.3978],[31.6223,52.4156],[31.5989,52.4155],[31.6082,52.4522],[31.5861,52.4558],[31.6071,52.4657],[31.6138,52.4959],[31.5742,52.4973],[31.5603,52.5198],[31.5905,52.5153],[31.625,52.5529],[31.6446,52.5421],[31.6715,52.5601],[31.5641,52.5943],[31.5661,52.6384],[31.5004,52.6934],[31.5643,52.7072],[31.6007,52.743],[31.5877,52.7941],[31.5227,52.8287],[31.5366,52.858],[31.4802,52.8614],[31.394,52.9136],[31.3571,52.982],[31.2435,53.0284],[31.3275,53.0408],[31.3351,53.0868],[31.3895,53.0966],[31.3996,53.1101],[31.366,53.1335],[31.4176,53.1827],[31.4055,53.2107],[31.5442,53.1901],[31.5865,53.1943],[31.6295,53.23],[31.7903,53.1773],[31.8255,53.1142],[31.9196,53.1063],[31.9257,53.0853],[32.0096,53.0972],[32.0869,53.0769],[32.1544,53.0842],[32.1897,53.1081],[32.2345,53.0995],[32.2448,53.1287],[32.3062,53.1314],[32.3571,53.1851],[32.4159,53.1883],[32.4898,53.2522],[32.5148,53.2909],[32.4925,53.2983],[32.5004,53.3048],[32.5841,53.2913],[32.5931,53.3114],[32.6199,53.3145],[32.6109,53.3364],[32.647,53.3201],[32.6828,53.3383],[32.7477,53.3345],[32.7265,53.377],[32.7452,53.3943],[32.7765,53.3905],[32.7438,53.4144],[32.763,53.4618],[32.6551,53.4701],[32.6862,53.4816],[32.6386,53.5024],[32.6313,53.4785],[32.6072,53.4788],[32.6039,53.5123],[32.5496,53.5174],[32.5203,53.5426],[32.4793,53.5481],[32.4813,53.5659],[32.4304,53.6002],[32.451,53.6366],[32.4306,53.652],[32.4322,53.6306],[32.4187,53.6346],[32.4137,53.6557],[32.4967,53.68],[32.4964,53.7103],[32.4525,53.7359],[32.3585,53.7207],[32.3212,53.7604],[32.2295,53.7661],[32.2078,53.7995],[32.1791,53.7931],[32.1218,53.8159],[31.9921,53.8041],[31.9003,53.7766],[31.8059,53.8065],[31.7687,53.7952],[31.7578,53.8302],[31.8358,53.8637],[31.8053,53.873],[31.8537,53.9149],[31.8563,53.9535],[31.8844,53.965],[31.8902,53.992],[31.8599,54.0029],[31.8929,54.0432],[31.891,54.0773],[31.8185,54.0905],[31.7613,54.0784],[31.7749,54.1124],[31.6824,54.1047],[31.6508,54.1346],[31.5652,54.1368],[31.55,54.1526],[31.4984,54.1592],[31.4903,54.1855],[31.3867,54.2105],[31.4123,54.2253],[31.3912,54.2253],[31.3831,54.2463],[31.3161,54.2454],[31.3124,54.3062],[31.3231,54.3116],[31.2879,54.3164],[31.3238,54.3384],[31.3079,54.3628],[31.2593,54.379],[31.2655,54.3964],[31.2353,54.4605],[31.0891,54.5072],[31.0975,54.5331],[31.1356,54.5439],[31.144,54.5775],[31.2108,54.6343],[31.1976,54.6592],[30.9893,54.6724],[31.0152,54.7017],[31.0093,54.7185],[30.9712,54.717],[30.9498,54.7407],[30.8454,54.7858],[30.7552,54.8046],[30.7804,54.8535],[30.8004,54.8775],[30.824,54.8799],[30.8133,54.8899],[30.8372,54.9057],[30.8176,54.9371],[30.9383,54.9593],[30.9409,54.9785],[30.9649,54.9846],[30.9106,55.0172],[30.9425,55.0371],[31.0163,55.0296],[31.0238,55.0572],[30.9837,55.0915],[31.0038,55.1155],[30.9893,55.1203],[31.0013,55.1393],[31.0247,55.1318],[30.9791,55.1446],[30.9924,55.1631],[30.9654,55.1713],[30.9633,55.1907],[30.9232,55.201],[30.8892,55.2676],[30.821,55.2792],[30.8246,55.3034],[30.8112,55.3058],[30.8281,55.3325],[30.9245,55.378],[30.9326,55.395],[30.8986,55.4704],[30.9609,55.4982],[30.9154,55.5206],[30.9517,55.5524],[30.9346,55.6151],[30.8384,55.6286],[30.848,55.6244],[30.8309,55.6016],[30.7672,55.5912],[30.7321,55.6608],[30.6746,55.6359],[30.6684,55.6695],[30.6392,55.6824],[30.6473,55.7094],[30.632,55.7254],[30.5856,55.7492],[30.5273,55.7521],[30.4935,55.7826],[30.5188,55.7885],[30.5136,55.7971],[30.4853,55.8112],[30.3704,55.8086],[30.3398,55.8352],[30.2832,55.8385],[30.2758,55.8635],[30.1849,55.8626],[30.1667,55.8787],[30.1566,55.8739],[30.168,55.8537],[30.1332,55.8328],[29.9914,55.8702],[29.9481,55.8532],[29.8932,55.8607],[29.8025,55.7827],[29.7753,55.7774],[29.7401,55.8011],[29.6228,55.7803],[29.5165,55.702],[29.4817,55.7078],[29.4527,55.7322],[29.3614,55.7578],[29.3625,55.7963],[29.3895,55.8206],[29.3972,55.8629],[29.4259,55.8721],[29.397,55.8964],[29.4718,55.9159],[29.4642,55.9337],[29.4237,55.9449],[29.4406,55.9535],[29.4218,55.9703],[29.2569,55.9966],[29.2165,55.9879],[29.1633,56.0231],[29.1175,56.0159],[29.0885,56.0335],[28.858,55.9885],[28.84,55.9562],[28.803,55.9711],[28.7412,55.9665],[28.7112,55.9948],[28.712,55.9848],[28.7012,56.0232],[28.6416,56.0709],[28.6801,56.0953],[28.6718,56.1015],[28.549,56.116],[28.4218,56.0877],[28.3864,56.1114],[28.3735,56.0995],[28.3872,56.0844],[28.3754,56.0599],[28.3022,56.0633],[28.278,56.0915],[28.2406,56.0918],[28.2503,56.117],[28.1575,56.1437],[28.138,56.1721],[28.0446,56.1188],[27.9719,56.1204],[27.9169,56.0584],[27.8065,56.0354],[27.8278,56.0267],[27.7845,55.9758],[27.7497,55.9789],[27.653,55.9295],[27.6532,55.9132],[27.6247,55.8923],[27.6397,55.8482],[27.6028,55.7851],[27.4312,55.7941],[27.3667,55.815],[27.2727,55.789],[27.1541,55.8526],[27.11,55.8476],[27.0911,55.8261],[27.0153,55.8288],[26.9231,55.7879],[26.8738,55.7182],[26.7863,55.6822],[26.6445,55.7043],[26.6279,55.5723],[26.5242,55.5099],[26.557,55.4634],[26.5453,55.4551],[26.5603,55.4381],[26.5401,55.4413],[26.5594,55.4111],[26.5435,55.3873],[26.44,55.3481],[26.5639,55.3193],[26.6623,55.3377],[26.7904,55.3211],[26.8268,55.3078],[26.8355,55.2857],[26.7303,55.2428],[26.7297,55.2156],[26.6768,55.1907],[26.7056,55.1729],[26.6679,55.156],[26.5461,55.1442],[26.5065,55.1563],[26.4663,55.1312],[26.3547,55.1506],[26.2603,55.121],[26.2293,55.1056],[26.2714,55.0776],[26.2397,55.0646],[26.2414,55.0417],[26.2046,54.9967],[26.1208,54.9894],[26.0554,54.9497],[26.0642,54.9431],[25.979,54.9538],[25.8578,54.9276],[25.8537,54.8985],[25.7853,54.8589],[25.7728,54.8229],[25.7444,54.8163],[25.7347,54.7957],[25.746,54.7241],[25.7303,54.6828],[25.7611,54.5817],[25.6773,54.5314],[25.6366,54.4709],[25.6023,54.4609],[25.6262,54.4563],[25.6255,54.4142],[25.5871,54.3944],[25.5866,54.3727],[25.536,54.3317],[25.5508,54.3174],[25.6879,54.3165],[25.7053,54.3031],[25.6987,54.2805],[25.7438,54.2732],[25.7847,54.238],[25.7516,54.215],[25.7781,54.197],[25.7859,54.1551],[25.7065,54.1688],[25.6875,54.1449],[25.6325,54.1297],[25.5303,54.1585],[25.5164,54.1863],[25.5557,54.1955],[25.5583,54.2282],[25.59,54.2311],[25.5631,54.2749],[25.523,54.2816],[25.497,54.3098],[25.3572,54.2653],[25.2911,54.2617],[25.2752,54.2739],[25.2516,54.2511],[25.2237,54.2598],[25.192,54.2117],[25.0739,54.1357],[25.0129,54.1386],[24.9564,54.1712],[24.818,54.1459],[24.8197,54.1274],[24.776,54.1079],[24.8216,54.0645],[24.821,54.0463],[24.8713,54.0349],[24.8618,54.027],[24.8346,54.0275],[24.8085,53.9949],[24.7555,53.9994],[24.7388,53.966],[24.6846,53.9621],[24.7019,54.0135],[24.6259,54.0105],[24.5171,53.9664],[24.4368,53.9022],[24.3521,53.8968],[24.2504,53.9529],[24.2164,53.9477],[24.2038,53.9681],[23.9829,53.924],[23.953,53.9578],[23.913,53.9697],[23.8845,53.9433],[23.8462,53.9559],[23.7991,53.9357],[23.8181,53.914],[23.7797,53.8997],[23.7659,53.9228],[23.7078,53.9391],[23.6022,53.9277],[23.5168,53.9549],[23.5101,53.914],[23.5313,53.8594],[23.5513,53.8514],[23.5489,53.7679],[23.5818,53.744],[23.6595,53.5214],[23.819,53.244],[23.855,53.2319],[23.8632,53.2003],[23.914,53.1578],[23.8727,53.0801],[23.916,53.0375],[23.9466,52.9585],[23.9165,52.9389],[23.9248,52.8302],[23.9399,52.8129],[23.9387,52.713],[23.7564,52.6147],[23.641,52.6074],[23.4678,52.5496],[23.3562,52.4686],[23.1785,52.2832],[23.2035,52.2772],[23.2072,52.2258],[23.365,52.2083],[23.4256,52.176],[23.5073,52.1752],[23.4836,52.1676],[23.4881,52.1527],[23.557,52.1116],[23.6187,52.1088],[23.61,52.1012],[23.6537,52.0733],[23.6427,52.0608],[23.6656,52.0386],[23.6594,52.0191],[23.6886,51.9919],[23.6319,51.9512],[23.645,51.936],[23.6168,51.9237],[23.6179,51.9032],[23.6385,51.896],[23.6285,51.8746],[23.6079,51.8771],[23.6024,51.8419],[23.6426,51.8027],[23.5286,51.7296],[23.5502,51.7172],[23.5592,51.6662],[23.5406,51.6608],[23.5401,51.6021],[23.5781,51.5576],[23.5657,51.5508],[23.5721,51.5319],[23.6115,51.5289],[23.6178,51.508]],[[31.5325,52.4858],[31.5812,52.4772],[31.5666,52.4657],[31.5325,52.4858]]]},"properties":{"id":"Q184","names":{"ab":"Беларус","af":"Belarus","am":"ቤላሩስ","an":"Belarrusia","ar":"بيلاروس","as":"বেলাৰুছ","av":"Белорусс","ay":"Bilarus","az":"Belarus","bg":"Беларус","bh":"बेलारूस","bi":"Belarus","bn":"বেলারুশ","bo":"བྷེ་ལ་རསུ།","br":"Belarus","bs":"Bjelorusija","ca":"Belarús","co":"Bielorussia","cs":"Bělorusko","cu":"Бѣла Роусь","cv":"Беларуç","cy":"Belarws","da":"Belarus","de":"Belarus","dv":"ބެލަރޫސް","dz":"བེ་ལ་རུ་སུ་","ee":"Belarus","el":"Λευκορωσία","en":"Belarus","eo":"Belorusio","es":"Bielorrusia","et":"Valgevene","eu":"Bielorrusia","fa":"بلاروس","ff":"Belaruusiya","fi":"Valko-Venäjä","fo":"Hvítarussland","fr":"Biélorussie","fy":"Wyt-Ruslân","ga":"An Bhealarúis","gd":"A' Bhealaruis","gl":"Belarús","gn":"Vielorrúsia","gu":"બેલારુસ","gv":"Yn Velaroosh","ha":"Belarus","he":"בלארוס","hi":"बेलारूस","hr":"Bjelorusija","ht":"Byelorisi","hu":"Fehéroroszország","hy":"Բելառուս","ia":"Bielorussia","id":"Belarus","ie":"Bielorussia","ig":"Belarus","io":"Bielorusia","is":"Hvíta-Rússland","it":"Bielorussia","ja":"ベラルーシ","jv":"Bélarus","ka":"ბელარუსი","kg":"Belarusia","km":"បេឡារុស","kn":"ಬೆಲಾರುಸ್","ko":"벨라루스","ku":"Belarûs","kw":"Belarussi","la":"Ruthenia Alba","lb":"Wäissrussland","lg":"Belarus","li":"Wit-Rusland","ln":"Bielorusia","lo":"ປະເທດເບລາຣຸດຊີ","lt":"Baltarusija","lv":"Baltkrievija","mg":"Bielôrosia","mi":"Pērara","mk":"Белорусија","ml":"ബെലാറുസ്","mr":"बेलारूस","ms":"Belarus","mt":"Belarussja","my":"ဘီလာရုဇ်နိုင်ငံ","nb":"Belarus","ne":"बेलारुस","nl":"Wit-Rusland","nn":"Belarus","nv":"Sǫʼ Łichíiʼnii Bikéyah","oc":"Bielorussia","om":"Beelaarus","or":"ବେଲାଋଷ","pa":"ਬੇਲਾਰੂਸ","pdt":"Weissrusslaunt","pl":"Białoruś","ps":"بېلاروس","pt":"Bielorrússia","qu":"Pilurusya","rm":"Bielorussia","ro":"Belarus","rw":"Belarusi","sa":"शुक्लरास्या","sc":"Bielorùssia","sd":"بيلاروس","se":"Vilges-Ruošša","sg":"Belarüsi","si":"බෙලරුස්","sk":"Bielorusko","sl":"Belorusija","sm":"Pelarusa","sn":"Bherarusi","so":"Belarus","sq":"Bjellorusia","sr":"Белорусија","ss":"IBhelalasi","st":"Belarus","su":"Bélarus","sv":"Belarus","sw":"Belarus","ta":"பெலருஸ்","te":"బెలారస్","tg":"Беларус","th":"ประเทศเบลารุส","tk":"Belarus","tl":"Biyelorusya","to":"Pelalusi","tr":"Belarus","ts":"Belarus","tt":"Беларусия","tw":"Belarus","ty":"Pierorūtia","ug":"بېلورۇسسىيە","uk":"Білорусь","ur":"بیلاروس","uz":"Belarus","vi":"Belarus","vo":"Vieta⸗Rusän","wa":"Belarûsseye","wo":"Belaarus","xh":"Bhelarusi","yi":"בעלארוס","yo":"Bẹ̀lárùs","za":"Belarus","zh":"白俄罗斯","zu":"IBelarusi"},"from":1991.983870967742,"to":null,"wikidata":"Q184","adminLevel":2,"source":"OpenHistoricalMap","sourceUrl":"https://www.openhistoricalmap.org"}},{"type":"Feature","geometry":{"type":"MultiPolygon","coordinates":[[[[19.3952,43.5539],[19.4211,43.5416],[19.429,43.5532],[19.4119,43.5656],[19.3952,43.5539]]],[[[16.1289,44.3887],[16.2177,44.3436],[16.1876,44.3031],[16.2194,44.2233],[16.1724,44.2092],[16.2119,44.2151],[16.2383,44.2006],[16.3695,44.0821],[16.4277,44.0832],[16.4419,44.0673],[16.4367,44.0313],[16.5068,44.0175],[16.5642,43.9492],[16.7053,43.8583],[16.7461,43.776],[16.8116,43.7555],[17.0145,43.5715],[17.1496,43.4956],[17.2255,43.4977],[17.2825,43.4678],[17.2843,43.4356],[17.2521,43.4047],[17.3318,43.2736],[17.4219,43.2296],[17.4306,43.1802],[17.6365,43.0919],[17.7121,42.973],[17.5405,42.9286],[17.6348,42.8879],[17.6887,42.9227],[17.7872,42.8916],[17.8091,42.9171],[17.8297,42.9094],[17.8573,42.8876],[17.8702,42.8466],[17.9002,42.8325],[17.8913,42.8098],[17.9502,42.799],[18.0032,42.7579],[18.0984,42.7172],[18.1028,42.6867],[18.1376,42.6799],[18.1573,42.6539],[18.1766,42.6612],[18.2441,42.6027],[18.3599,42.6171],[18.4376,42.5565],[18.4997,42.5883],[18.5366,42.5752],[18.5517,42.588],[18.5212,42.6175],[18.5709,42.6519],[18.5481,42.6859],[18.5698,42.7197],[18.4779,42.7525],[18.4481,42.8154],[18.474,42.8282],[18.4658,42.847],[18.5058,42.8857],[18.4865,42.9651],[18.5188,43.02],[18.66,43.0463],[18.6509,43.1528],[18.6676,43.2039],[18.7151,43.2313],[18.6919,43.2519],[18.848,43.323],[18.8488,43.3493],[18.8785,43.3565],[18.9083,43.3601],[18.9588,43.3297],[18.9532,43.293],[19.0015,43.2524],[19.0369,43.2905],[19.0763,43.2986],[19.0737,43.3375],[19.0436,43.3619],[19.0422,43.3927],[19.0071,43.4428],[18.959,43.4532],[18.95,43.5037],[18.9131,43.5008],[18.9791,43.5303],[18.9959,43.5576],[19.0377,43.5308],[19.0492,43.5025],[19.1552,43.5358],[19.2436,43.5292],[19.247,43.5876],[19.2662,43.5942],[19.2631,43.6065],[19.3195,43.5883],[19.3662,43.61],[19.4136,43.5721],[19.511,43.5857],[19.4897,43.6294],[19.5267,43.6505],[19.5193,43.7085],[19.4655,43.7646],[19.3943,43.7986],[19.2536,43.9511],[19.2349,44.0089],[19.3131,43.9946],[19.3835,43.9616],[19.5217,43.9557],[19.5634,43.9969],[19.6221,44.0184],[19.6235,44.0489],[19.5945,44.0717],[19.5712,44.0484],[19.5591,44.0687],[19.5134,44.0808],[19.4699,44.1244],[19.476,44.1495],[19.4379,44.1344],[19.4097,44.1683],[19.3579,44.1862],[19.328,44.2681],[19.2829,44.276],[19.237,44.2619],[19.2041,44.2919],[19.1739,44.2803],[19.1091,44.3551],[19.1086,44.3962],[19.1473,44.4226],[19.1298,44.5205],[19.1708,44.5241],[19.1971,44.5572],[19.1832,44.5729],[19.2414,44.6165],[19.2775,44.689],[19.2991,44.6903],[19.3122,44.7413],[19.3276,44.7427],[19.3243,44.7637],[19.3068,44.7642],[19.3244,44.7845],[19.2993,44.7823],[19.3199,44.8227],[19.3532,44.8265],[19.3478,44.8557],[19.3653,44.855],[19.3711,44.8773],[19.2956,44.9099],[19.2502,44.9133],[19.2177,44.8964],[19.1836,44.922],[19.0639,44.8611],[18.8489,44.8549],[18.7648,44.9046],[18.7509,44.9395],[18.8013,44.9369],[18.7846,44.9711],[18.7962,44.9885],[18.7276,44.9986],[18.738,45.0165],[18.6684,45.0607],[18.685,45.0733],[18.6786,45.0924],[18.6594,45.0881],[18.6588,45.0577],[18.6079,45.0638],[18.6313,45.0815],[18.6265,45.0961],[18.6136,45.0807],[18.5759,45.0948],[18.5759,45.067],[18.5413,45.0941],[18.5373,45.0505],[18.4778,45.0621],[18.4235,45.1082],[18.3239,45.1014],[18.2621,45.1391],[18.2124,45.1249],[18.2159,45.091],[18.1777,45.0768],[18.107,45.0852],[18.0718,45.1067],[18.0832,45.1238],[18.0701,45.1411],[18.0389,45.1259],[18.0184,45.1499],[17.9976,45.1495],[17.9628,45.1129],[17.9327,45.1076],[17.9317,45.079],[17.8524,45.044],[17.6686,45.1338],[17.6018,45.1066],[17.5546,45.1096],[17.5526,45.129],[17.5336,45.1103],[17.4818,45.1106],[17.4888,45.1374],[17.4493,45.128],[17.4517,45.1584],[17.4101,45.1344],[17.3546,45.1394],[17.2746,45.1892],[17.2465,45.1464],[17.1743,45.1481],[17.0724,45.19],[17.0385,45.2246],[17.0099,45.2145],[17.0118,45.2381],[16.9881,45.2236],[16.9654,45.2492],[16.9771,45.233],[16.939,45.2272],[16.9501,45.2512],[16.9327,45.2765],[16.9043,45.2505],[16.8846,45.2581],[16.8833,45.2272],[16.87,45.2323],[16.8534,45.2041],[16.8355,45.2183],[16.8429,45.199],[16.8173,45.1848],[16.7351,45.2065],[16.6917,45.1968],[16.6011,45.2309],[16.5184,45.2229],[16.491,45.2075],[16.4649,45.1448],[16.3947,45.1129],[16.3835,45.0535],[16.3593,45.0361],[16.3541,45.0062],[16.2936,44.999],[16.1928,45.0319],[16.1564,45.0821],[16.0921,45.1039],[16.0487,45.1783],[16.0185,45.1802],[16.0298,45.1983],[16.016,45.2151],[15.9787,45.2302],[15.9285,45.2111],[15.9209,45.2296],[15.8911,45.2274],[15.8941,45.2176],[15.8421,45.2249],[15.768,45.1708],[15.7905,45.1162],[15.7479,45.0554],[15.7826,44.9766],[15.7551,44.9703],[15.7396,44.9334],[15.7601,44.8739],[15.7892,44.8495],[15.7287,44.8253],[15.8181,44.7241],[15.8363,44.7156],[15.8988,44.7462],[15.9566,44.7053],[15.9742,44.6724],[16.0314,44.6537],[16.0552,44.6137],[16.0414,44.5889],[16.0209,44.5873],[16.0194,44.5671],[16.1226,44.5127],[16.1433,44.4217],[16.1669,44.4078],[16.1289,44.3887]]]]},"properties":{"id":"Q225","names":{"ab":"Босниеи Херцеговинеи","af":"Bosnië en Herzegowina","am":"ቦስኒያና ሄርጸጎቪና","an":"Bosnia y Herzegovina","ar":"البوسنة والهرسك","av":"Боснагьерсек","ay":"Busña Hirsikuwina","az":"Bosniya və Herseqovina","ba":"Босния һәм Герцеговина","be":"Боснія і Герцагавіна","bg":"Босна и Херцеговина","bh":"बोस्निया आ हर्जेगोविना","bi":"Bosnia mo Hersegovina","bn":"বসনিয়া ও হার্জেগোভিনা","bo":"བྷོསུ་ནིཡ་དང་ཧར་ཛེ་གྷོ་ཝི་ན།","br":"Bosnia-ha-Herzegovina","bs":"Bosna i Hercegovina","ca":"Bòsnia i Hercegovina","ce":"Босни а, Герцеговина а","co":"Bosnia è Erzegovina","cs":"Bosna a Hercegovina","cu":"Босна и Хєрсєговина","cv":"Боснипе Герцеговина","cy":"Bosnia a Hertsegofina","da":"Bosnien-Hercegovina","de":"Bosnien und Herzegowina","dv":"ބޮސްނިޔާ އެންޑް ހެރްޒިގޮވީނާ","ee":"Bosnia kple Herzegovina","el":"Βοσνία και Ερζεγοβίνη","en":"Bosnia and Herzegovina","eo":"Bosnio kaj Hercegovino","es":"Bosnia y Herzegovina","et":"Bosnia ja Hertsegoviina","eu":"Bosnia-Herzegovina","fa":"بوسنی و هرزگوین","ff":"Bosniya e Herzegovina","fi":"Bosnia ja Hertsegovina","fj":"Bosnia kei Herzegovina","fo":"Bosnia og Hersegovina","fr":"Bosnie-Herzégovine","fy":"Bosnje-Hertsegovina","ga":"An Bhoisnia-Heirseagaivéin","gd":"Bosna agus Hearsagobhana","gl":"Bosnia e Hercegovina","gn":"Vónia ha Hesegovína","gu":"બોસ્નિયા અને હર્ઝેગોવિના","gv":"Bosnia as Herzegovina","ha":"Bosnia da Herzegovina","he":"בוסניה והרצגובינה","hi":"बॉस्निया और हर्ज़ेगोविना","hr":"Bosna i Hercegovina","ht":"Bosni ak Erzegovin","hu":"Bosznia-Hercegovina","hy":"Բոսնիա և Հերցեգովինա","ia":"Bosnia e Herzegovina","id":"Bosnia dan Herzegovina","ie":"Bosnia e Herzegovina","ig":"Bosnia na Herzegovina","io":"Bosnia e Herzegovina","is":"Bosnía og Hersegóvína","it":"Bosnia ed Erzegovina","ja":"ボスニア・ヘルツェゴビナ","jv":"Bosni lan Hérzégowina","ka":"ბოსნია და ჰერცეგოვინა","kg":"Bosna","ki":"Mbocinia na Hecengobina","kk":"Босния және Герцеговина","km":"បូស្នី-អ៊ែរសេកូវីន","kn":"ಬೊಸ್ನಿಯ ಮತ್ತು ಹೆರ್ಜೆಗೊವಿನ","ko":"보스니아 헤르체고비나","ku":"Bosniya û Herzegovîna","kv":"Босния да Герцеговина","kw":"Bosni–Hercegovina","ky":"Босния жана Герцеговина","la":"Bosnia et Herzegovina","lb":"Bosnien an Herzegowina","lg":"Bosnia ne Herzegovina","li":"Bosnië en Herzegovina","ln":"Bosnia na Erzegovina","lo":"ປະເທດບົດສະນີ ແລະ ແຮກເຊໂກວິນາ","lt":"Bosnija ir Hercegovina","lv":"Bosnija un Hercegovina","mg":"Bôsnia-Herzegôvina","mi":"Pōngia-Herekōmina","mk":"Босна и Херцеговина","ml":"ബോസ്നിയ ഹെർസെഗോവിന","mn":"Босни ба Херцеговин","mr":"बॉस्निया आणि हर्झगोव्हिना","ms":"Bosnia dan Herzegovina","mt":"Bożnija u Ħerżegovina","my":"ဘော့စနီးယားနှင့် ဟာဇီဂိုဗီးနားနိုင်ငံ","nb":"Bosnia-Hercegovina","ne":"बोस्निया र हर्जगोभिना","nl":"Bosnië en Herzegovina","nn":"Bosnia-Hercegovina","nv":"Tódeezlíinii Bikéyah","oc":"Bòsnia e Ercegovina","om":"Boosniyaa fi Herzegoviinaa","os":"Босни æмæ Герцеговинæ","pa":"ਬੋਸਨੀਆ ਅਤੇ ਹਰਜ਼ੇਗੋਵੀਨਾ","pl":"Bośnia i Hercegowina","ps":"بوسنيا او هيرزيګووينا","pt":"Bósnia e Herzegovina","qu":"Pusnusuyu, Hirsiquwina ima","rm":"Bosnia ed Erzegovina","ro":"Bosnia și Herțegovina","ru":"Босния и Герцеговина","rw":"Bosiniya na Herizegovina","sa":"बास्निया-हर्जेगोविना","sc":"Bòsnia e Erzegòvina","sd":"بوسنيا ۽ ھرزگوينيا","se":"Bosnia ja Hercegovina","sg":"Bosnïi na Herzegovînni","si":"බොස්නියාව සහ හර්සගොවිනාව","sk":"Bosna a Hercegovina","sl":"Bosna in Hercegovina","sm":"Posinia ma Hesegovina","sn":"Bhoziniya ne Herizegovhina","so":"Bosniya iyo Hersegofina","sq":"Bosnja dhe Hercegovina","sr":"Босна и Херцеговина","sr-Latn":"Bosna i Hercegovina","ss":"IBhosinya ne Hezegovi","st":"Bosnia ya Herzegowina","su":"Bosnia jeung Hérzégovina","sv":"Bosnien och Hercegovina","sw":"Bosnia na Herzegovina","ta":"பொசுனியா எர்செகோவினா","te":"బోస్నియా, హెర్జెగోవినా","tg":"Босния ва Ҳерсеговина","th":"ประเทศบอสเนียและเฮอร์เซโกวีนา","tk":"Bosniýa we Gersegowina","tl":"Bosniya at Herzegovina","to":"Posinia mo Hesikōvina","tr":"Bosna-Hersek","ts":"Bosnia and Herzegovina","tt":"Босния һәм Герцеговина","ty":"Pōtinia-Heretōvina","ug":"بوسنىيە ۋە ھېرسېگوۋىنا","uk":"Боснія і Герцеговина","ur":"بوسنیا و ہرزیگووینا","uz":"Bosniya va Gersegovina","vi":"Bosna và Hercegovina","vo":"Bosnän e Härzegovän","wa":"Bosneye","wo":"Bosni","yi":"באסניע און הערצעגאווינע","yo":"Bósníà àti Hẹrjẹgòfínà","za":"Bosnia caeuq Herzegovina","zh":"波斯尼亚和黑塞哥维那","zu":"IBhosniya neHerzegovina"},"from":1992.1720430107528,"to":null,"wikidata":"Q225","adminLevel":2,"source":"OpenHistoricalMap","sourceUrl":"https://www.openhistoricalmap.org"}},{"type":"Feature","geometry":{"type":"Polygon","coordinates":[[[20.0637,46.1438],[20.0947,46.1765],[20.1371,46.1474],[20.1895,46.1554],[20.2516,46.1184],[20.3504,46.1674],[20.3685,46.1528],[20.4561,46.1427],[20.499,46.1888],[20.6342,46.1268],[20.6553,46.1493],[20.6868,46.146],[20.7336,46.1927],[20.7281,46.2033],[20.752,46.2053],[20.7489,46.2507],[20.7799,46.2747],[20.8734,46.2874],[20.9135,46.2645],[20.9435,46.2788],[20.9611,46.2622],[21.0264,46.2643],[21.066,46.2427],[21.0992,46.2635],[21.1143,46.2979],[21.1805,46.3041],[21.1766,46.3348],[21.1981,46.3463],[21.2064,46.4032],[21.2933,46.4059],[21.3115,46.4398],[21.2634,46.508],[21.2743,46.5407],[21.3162,46.5775],[21.3051,46.597],[21.3141,46.6176],[21.3656,46.6378],[21.4041,46.6232],[21.4514,46.6594],[21.4332,46.695],[21.4888,46.6871],[21.5275,46.7195],[21.5266,46.7392],[21.4859,46.7682],[21.5103,46.7867],[21.5206,46.8375],[21.5977,46.8626],[21.61,46.8953],[21.5987,46.9275],[21.6383,46.933],[21.6816,46.9649],[21.6704,46.9801],[21.6793,47.01],[21.6491,47.0365],[21.6799,47.0448],[21.7341,47.1006],[21.7928,47.1113],[21.8149,47.1689],[21.8543,47.1862],[21.85,47.2329],[21.8859,47.27],[21.8952,47.3147],[21.9385,47.373],[22.0132,47.3784],[22.025,47.3953],[22.0329,47.451],[22.0071,47.4833],[22.0267,47.5218],[22.0432,47.5371],[22.0615,47.529],[22.0633,47.554],[22.092,47.5578],[22.1293,47.5936],[22.1784,47.5993],[22.2311,47.6934],[22.254,47.6949],[22.2646,47.7311],[22.3175,47.7433],[22.3173,47.766],[22.425,47.7415],[22.4479,47.8031],[22.4814,47.8109],[22.5495,47.7726],[22.6115,47.772],[22.6802,47.7877],[22.7111,47.8339],[22.7724,47.8425],[22.7652,47.8937],[22.8437,47.9086],[22.8961,47.9558],[22.8391,47.9887],[22.8814,48.0548],[22.8394,48.0791],[22.8174,48.118],[22.7389,48.119],[22.6674,48.0919],[22.5958,48.1077],[22.5918,48.1525],[22.5614,48.1816],[22.5716,48.1904],[22.4892,48.2539],[22.3776,48.239],[22.3387,48.2789],[22.3177,48.3536],[22.2674,48.3609],[22.2435,48.3842],[22.2648,48.4064],[22.2167,48.4236],[22.0872,48.3718],[22.0282,48.3923],[21.8851,48.3563],[21.8365,48.363],[21.8329,48.334],[21.7635,48.3395],[21.6664,48.3914],[21.6139,48.5043],[21.5487,48.5093],[21.5099,48.5527],[21.4362,48.5842],[21.4191,48.5613],[21.316,48.5579],[21.3158,48.5326],[21.2985,48.5231],[21.2372,48.5395],[21.1659,48.5212],[21.1209,48.492],[21.0636,48.5251],[20.963,48.5206],[20.9254,48.5562],[20.8646,48.5547],[20.8318,48.5818],[20.5103,48.5354],[20.5023,48.4885],[20.42,48.4217],[20.4097,48.3669],[20.3259,48.2739],[20.2876,48.2616],[20.2401,48.2802],[20.2062,48.251],[20.1366,48.2551],[20.1332,48.2251],[20.0519,48.1677],[19.9744,48.166],[19.9376,48.1322],[19.9073,48.1289],[19.9145,48.1469],[19.9008,48.1609],[19.8561,48.1775],[19.7986,48.1539],[19.7896,48.1689],[19.8013,48.193],[19.7456,48.2165],[19.7003,48.2037],[19.6693,48.2396],[19.6312,48.249],[19.5318,48.2053],[19.4688,48.0848],[19.4444,48.1011],[19.3984,48.0823],[19.2956,48.0864],[19.2358,48.0552],[19.1361,48.0741],[19.0618,48.0598],[19.013,48.0763],[18.9816,48.0536],[18.8403,48.0506],[18.8215,48.0419],[18.8173,47.9959],[18.7564,47.9711],[18.7734,47.9602],[18.7638,47.8742],[18.818,47.8528],[18.8486,47.8196],[18.7428,47.8143],[18.7261,47.7895],[18.6649,47.7616],[18.4955,47.7529],[18.4542,47.7652],[18.2939,47.7315],[18.0897,47.7563],[17.7764,47.7406],[17.7128,47.7552],[17.6026,47.8226],[17.5663,47.8159],[17.5283,47.864],[17.4552,47.8845],[17.4024,47.9483],[17.3335,47.9936],[17.2594,47.9983],[17.2425,48.022],[17.1964,48.018],[17.0947,47.9709],[17.1144,47.9622],[17.094,47.9373],[17.1127,47.9274],[17.0885,47.8788],[17.0116,47.8601],[17.0735,47.8091],[17.0536,47.7976],[17.0864,47.7136],[17.0714,47.7067],[16.8829,47.6882],[16.859,47.7143],[16.8328,47.6916],[16.749,47.6814],[16.7209,47.7353],[16.6073,47.7598],[16.5557,47.7516],[16.5388,47.7405],[16.5438,47.7161],[16.4739,47.6813],[16.4488,47.6965],[16.4316,47.6599],[16.5754,47.6194],[16.6485,47.6238],[16.6713,47.6062],[16.6703,47.5606],[16.7055,47.5428],[16.7056,47.5232],[16.6523,47.5003],[16.6705,47.4743],[16.6612,47.457],[16.5757,47.4064],[16.5252,47.4103],[16.5027,47.3933],[16.4821,47.4093],[16.4462,47.4025],[16.4568,47.369],[16.4447,47.3463],[16.4882,47.2816],[16.4729,47.2578],[16.4305,47.2504],[16.4417,47.2486],[16.4392,47.2184],[16.4209,47.1981],[16.4543,47.188],[16.4542,47.1425],[16.5168,47.1493],[16.5291,47.1317],[16.4634,47.095],[16.5141,47.0535],[16.4417,47.0372],[16.5074,47.0046],[16.4259,46.9937],[16.3507,47.01],[16.3051,46.9987],[16.2911,47.014],[16.2774,46.9673],[16.2192,46.9359],[16.1999,46.9418],[16.1791,46.9071],[16.1187,46.8719],[16.1421,46.8548],[16.2914,46.8728],[16.3432,46.8432],[16.3409,46.8061],[16.313,46.7948],[16.3296,46.7781],[16.3251,46.7502],[16.3797,46.7154],[16.3799,46.6992],[16.4209,46.6958],[16.4199,46.6654],[16.3856,46.6489],[16.5144,46.5579],[16.5366,46.5001],[16.663,46.4589],[16.6577,46.4476],[16.7061,46.4034],[16.7619,46.3776],[16.8367,46.3741],[16.8723,46.3364],[16.886,46.2812],[16.9779,46.2236],[17.1586,46.1693],[17.1586,46.1556],[17.1812,46.1492],[17.1747,46.1128],[17.2091,46.1082],[17.2248,46.0934],[17.2054,46.0831],[17.2393,46.077],[17.2384,46.0579],[17.2704,46.0573],[17.2598,46.033],[17.2929,46.0321],[17.2629,46.0156],[17.3014,46.0043],[17.3076,45.9828],[17.3184,45.9915],[17.3085,45.9719],[17.329,45.9699],[17.3397,45.9944],[17.3502,45.9753],[17.3753,45.9879],[17.3756,45.9689],[17.3606,45.9692],[17.3903,45.9648],[17.346,45.961],[17.3423,45.9477],[17.4318,45.927],[17.436,45.9501],[17.5678,45.9373],[17.6221,45.9077],[17.6598,45.836],[17.8236,45.8104],[17.8579,45.7694],[17.9019,45.7921],[17.9946,45.7957],[18.0838,45.7639],[18.123,45.7879],[18.1693,45.7757],[18.1905,45.7874],[18.2304,45.7789],[18.2437,45.7611],[18.342,45.748],[18.3691,45.7685],[18.4055,45.7412],[18.4457,45.7378],[18.4454,45.7639],[18.48,45.7685],[18.4896,45.7936],[18.5178,45.7845],[18.5734,45.8051],[18.6689,45.9144],[18.7029,45.9184],[18.8103,45.8788],[18.8218,45.9145],[18.8682,45.9113],[18.9034,45.9335],[19.0051,45.9235],[18.9978,45.9462],[19.0144,45.962],[19.0755,45.9633],[19.073,46.0067],[19.1136,46.038],[19.1391,46.0277],[19.1478,45.9961],[19.2965,45.9878],[19.2862,46.0092],[19.3013,46.0235],[19.3641,46.0522],[19.3802,46.0358],[19.4156,46.0458],[19.4652,46.081],[19.4644,46.0953],[19.5226,46.1181],[19.5087,46.1462],[19.5598,46.1739],[19.6316,46.1692],[19.6963,46.1875],[19.8153,46.1299],[19.9389,46.1762],[20.0153,46.1766],[20.0308,46.15],[20.0637,46.1438]]]},"properties":{"id":"Q28","names":{"ab":"Венгриа","ace":"Hongaria","ady":"Хунгарие","af":"Hongarye","als":"Ungarn","ami":"Hungary","an":"Hongría","ang":"Ungerland","ann":"Ọngari","ast":"Hungría","av":"Мажар","avk":"Magyara","ay":"Hunkariya","az":"Macarıstan","ba":"Мажарстан","bar":"Ungarn","bat-smg":"Vingrėjė","bbc":"Hungaria","bcl":"Hungriya","be":"Венгрыя","be-x-old":"Вугоршчына","bew":"Honggari","bg":"Унгария","bi":"Hangari","br":"Hungaria","bs":"Mađarska","bxr":"Унгар","ca":"Hongria","cbk-zam":"Hungría","cdo":"Hṳ̆ng-ngà-lé","ce":"Мажаройчоь","ceb":"Unggriya","ch":"Hunggria","co":"Ungheria","crh":"Macaristan","cs":"Maďarsko","csb":"Madżarskô","cu":"Ѫгри","cv":"Хункăри","cy":"Hwngari","da":"Ungarn","dag":"Hungary","de":"Ungarn","diq":"Macarıstan","dsb":"Hungorska","ee":"Hungary","el":"Ουγγαρία","eml":"Ungherî","en":"Hungary","eo":"Hungario","es":"Hungría","et":"Ungari","eu":"Hungaria","ext":"Ungria","ff":"Hunngariya","fi":"Unkari","fiu-vro":"Ungari","fo":"Ungarn","fr":"Hongrie","frp":"Hongries","frr":"Ungarn","fur":"Ongjarie","fy":"Hongarije","ga":"An Ungáir","gag":"Ungariya","gcr":"Ongri","gd":"An Ungair","gl":"Hungría","gn":"Hungyria","got":"𐌿𐌲𐌲𐌰𐍂𐌻𐌰𐌽𐌳","gv":"Yn Ungaar","ha":"Hungariya","hak":"Hiûng-ngà-li","haw":"Hunakalia","hif":"Hungary","hr":"Mađarska","hsb":"Madźarska","ht":"Ongri","hu":"Magyarország","ia":"Hungaria","iba":"Hungari","id":"Hungaria","ie":"Hungaria","ig":"Hungary","ik":"Makiaruusaaq","ilo":"Hungaria","inh":"Маджарче","io":"Hungaria","is":"Ungverjaland","it":"Ungheria","jam":"Onggari","jbo":"madjiar","jv":"Honggari","kaa":"Vengriya","kab":"Maǧar","kbd":"Мэжарей","kbp":"Hɔŋirii","kcg":"Honggi̱ri","kg":"Hongrie","ki":"Hangarĩ","kk":"Мажарстан","knc":"Hungary","ko":"헝가리","koi":"Мадьярму","krc":"Маджар","ku":"Mecaristan","kv":"Маддяр Му","kw":"Hungari","ky":"Мажарстан","la":"Hungaria","lad":"Madjaristan","lb":"Ungarn","lez":"Венгрия","lfn":"Magiar","lg":"Hungary","li":"Hongarieë","lij":"Ungherîa","lld":"Ungaria","lmo":"Üngheria","ln":"Ungri","lt":"Vengrija","ltg":"Vengreja","lv":"Ungārija","mad":"Hongaria","map-bms":"Hongaria","mdf":"Мадярмастор","mg":"Hôngria","mhr":"Венгрий","mi":"Hanekeria","min":"Hungaria","mk":"Унгарија","ms":"Hungary","mt":"Ungerija","mwl":"Hungrie","myv":"Мадьяронь Мастор","nap":"Ungaria","nds":"Ungarn","nds-nl":"Hongaarnlaand","nl":"Hongarije","nn":"Ungarn","no":"Ungarn","nov":"Hungaria","nrm":"Hongrie","nv":"Azeedíchʼííʼ Dineʼé Bikéyah","oc":"Ongria","olo":"Vengrii","om":"Hangaarii","os":"Венгри","pag":"Hungary","pam":"Unggría","pap":"Hungria","pcd":"Hongrie","pdc":"Ungarn","pl":"Węgry","pms":"Ungherìa","pnt":"Ουγγαρία","pt":"Hungria","qu":"Unqarya","rm":"Ungaria","rmy":"Ungariya","ro":"Ungaria","roa-rup":"Ungãrii","roa-tara":"Ungherie","ru":"Венгрия","rue":"Мадярьско","rw":"Hongiriya","sah":"Биэнгирийэ","sc":"Ungheria","scn":"Unghirìa","sco":"Hungary","se":"Ungára","sh":"Mađarska","shi":"Hungarya","sk":"Maďarsko","sl":"Madžarska","sm":"Hanikeri","smn":"Uŋgar","sn":"Hungariya","so":"Hungariya","sq":"Hungaria","sr":"Мађарска","srn":"Ogarnikondre","ss":"IHangareyi","st":"Hungary","stq":"Ungarn","su":"Hungaria","sv":"Ungern","sw":"Hungaria","szl":"Madźary","szy":"Hungary","tay":"Hungary","tet":"Ungria","tg":"Маҷористон","tk":"Wengriýa","tl":"Unggriya","tly":"Mačaryston","to":"Hungakalia","tok":"ma Mosijo","tpi":"Hangari","tr":"Macaristan","trv":"Hungary","ts":"Hungary","tt":"Маҗарстан","tum":"Hungary","tw":"Hungary","udm":"Венгрия","uk":"Угорщина","uz":"Mojariston","vec":"Ongarìa","vep":"Mad'jaranma","vi":"Hungary","vls":"Hongareye","vo":"Macarän","wa":"Hongreye","war":"Hungarya","wo":"Ongiri","yo":"Húngárì","za":"Yunghyazleih","zea":"Honharije","zh-min-nan":"Hông-gâ-lī","zu":"IHungariya"},"from":1989.8091397849462,"to":null,"wikidata":"Q28","adminLevel":2,"source":"OpenHistoricalMap","sourceUrl":"https://www.openhistoricalmap.org"}},{"type":"Feature","geometry":{"type":"Polygon","coordinates":[[[7.5665,47.5777],[7.5002,47.5401],[7.5305,47.5298],[7.4998,47.5206],[7.5111,47.497],[7.4809,47.4811],[7.4297,47.4936],[7.4223,47.4839],[7.4557,47.4734],[7.3856,47.4318],[7.3282,47.4409],[7.2454,47.421],[7.2309,47.4394],[7.1756,47.443],[7.195,47.4891],[7.128,47.5039],[7.0814,47.4898],[6.9883,47.4949],[6.9991,47.4525],[6.9419,47.4339],[6.9384,47.4061],[6.9172,47.4054],[6.8825,47.3612],[7.0182,47.3726],[7.0624,47.344],[7.0456,47.3265],[7.01,47.3245],[6.9991,47.2973],[6.9408,47.2852],[6.9554,47.244],[6.8424,47.1721],[6.8516,47.166],[6.8306,47.1463],[6.703,47.0823],[6.6922,47.0679],[6.7196,47.052],[6.6182,46.9916],[6.4965,46.9741],[6.4391,46.9308],[6.4645,46.8903],[6.4602,46.8513],[6.4313,46.8122],[6.4585,46.7885],[6.4519,46.7784],[6.2705,46.6831],[6.1105,46.5765],[6.1555,46.5461],[6.0771,46.4675],[6.0844,46.4475],[6.0639,46.4164],[6.1659,46.3719],[6.1045,46.287],[6.1208,46.248],[6.0633,46.2458],[5.9716,46.2113],[5.9913,46.1766],[5.9559,46.1324],[6.0607,46.1512],[6.1305,46.1404],[6.2303,46.2037],[6.2878,46.2218],[6.3079,46.2545],[6.263,46.2509],[6.2379,46.282],[6.2501,46.2965],[6.2196,46.3119],[6.253,46.3604],[6.3352,46.4037],[6.4256,46.4158],[6.5191,46.4564],[6.6819,46.4543],[6.8211,46.4272],[6.7722,46.3504],[6.8643,46.2832],[6.8038,46.2049],[6.8126,46.1814],[6.7912,46.1572],[6.798,46.1362],[6.9,46.1239],[6.8756,46.0479],[6.936,46.0646],[6.9852,46.0044],[7.0066,45.9995],[7.0143,45.9627],[7.037,45.9552],[7.0443,45.9226],[7.0977,45.8621],[7.1566,45.8791],[7.1951,45.8601],[7.2061,45.8802],[7.2584,45.8891],[7.2904,45.9203],[7.3857,45.897],[7.4746,45.9358],[7.4717,45.9477],[7.4993,45.9624],[7.5456,45.9602],[7.5459,45.9838],[7.572,45.9873],[7.5889,45.9707],[7.6613,45.9754],[7.727,45.9235],[7.7535,45.9399],[7.7973,45.9185],[7.8611,45.9178],[7.8726,45.9203],[7.8777,45.9718],[7.9071,45.9951],[7.9887,45.996],[8.0133,46.0156],[8.0389,46.1],[8.1092,46.1124],[8.1513,46.1432],[8.1651,46.1829],[8.1389,46.2262],[8.0805,46.2607],[8.1368,46.3013],[8.2019,46.3042],[8.2692,46.3658],[8.3128,46.3772],[8.3161,46.3982],[8.2945,46.405],[8.3037,46.4233],[8.4382,46.4642],[8.465,46.4453],[8.4569,46.423],[8.4711,46.396],[8.4652,46.3347],[8.4292,46.3003],[8.4557,46.2643],[8.4474,46.2479],[8.5325,46.2184],[8.6118,46.1217],[8.7148,46.098],[8.7423,46.1223],[8.7654,46.1005],[8.8153,46.0974],[8.852,46.0756],[8.8545,46.0616],[8.7859,45.9891],[8.8316,45.988],[8.8937,45.959],[8.8958,45.9277],[8.9421,45.8703],[8.9128,45.838],[8.9867,45.8387],[9.0169,45.818],[9.0888,45.897],[9.0199,45.9286],[8.9942,45.9664],[9.0228,45.9927],[9.0079,46.0297],[9.0223,46.0521],[9.0739,46.0625],[9.0883,46.0844],[9.0739,46.1141],[9.1612,46.1707],[9.1822,46.1695],[9.2014,46.2067],[9.2451,46.2323],[9.2518,46.2658],[9.2993,46.3263],[9.2961,46.355],[9.2786,46.3659],[9.2799,46.4146],[9.2481,46.4408],[9.2722,46.4551],[9.2869,46.4975],[9.3683,46.5051],[9.4093,46.4668],[9.4551,46.5053],[9.4616,46.3819],[9.5477,46.3031],[9.6347,46.286],[9.6747,46.3027],[9.7098,46.2918],[9.7249,46.343],[9.7435,46.3518],[9.7775,46.3348],[9.9064,46.3808],[9.9244,46.3685],[9.9573,46.3784],[9.9936,46.3524],[9.9821,46.3253],[9.9996,46.3098],[9.9947,46.2871],[10.0576,46.2596],[10.0455,46.2317],[10.1233,46.2238],[10.1749,46.2546],[10.1542,46.2928],[10.1045,46.3331],[10.1324,46.3801],[10.164,46.3906],[10.1619,46.4145],[10.133,46.4291],[10.0644,46.4259],[10.0417,46.4507],[10.0536,46.5182],[10.044,46.5376],[10.0956,46.5773],[10.1014,46.6081],[10.1935,46.6257],[10.2153,46.617],[10.2342,46.6331],[10.2541,46.614],[10.2465,46.5746],[10.2891,46.5684],[10.2998,46.5492],[10.4183,46.5513],[10.448,46.5334],[10.4744,46.5515],[10.4878,46.5895],[10.4817,46.6201],[10.4461,46.6413],[10.4092,46.635],[10.3818,46.6843],[10.4161,46.7134],[10.4001,46.7328],[10.4442,46.7598],[10.4235,46.7869],[10.4547,46.8114],[10.4865,46.9223],[10.4688,46.9471],[10.4221,46.9602],[10.421,46.9792],[10.3893,47.0005],[10.3481,46.9896],[10.2969,46.9199],[10.2417,46.9316],[10.2229,46.8663],[10.1131,46.8422],[9.9805,46.9139],[9.8832,46.9342],[9.8707,46.9632],[9.892,46.9889],[9.8695,47.0212],[9.8361,47.0125],[9.6798,47.0622],[9.5575,47.0485],[9.5341,47.0638],[9.4844,47.0493],[9.4785,47.0684],[9.5188,47.0948],[9.4881,47.1912],[9.533,47.273],[9.5893,47.3191],[9.6001,47.3462],[9.6703,47.3774],[9.6451,47.4321],[9.659,47.4491],[9.6029,47.462],[9.5645,47.4933],[9.5507,47.5371],[9.5147,47.5369],[9.4529,47.5902],[9.268,47.656],[9.1773,47.6549],[9.0252,47.6864],[8.8926,47.6492],[8.8536,47.6809],[8.8727,47.7041],[8.8238,47.711],[8.7965,47.7346],[8.7697,47.7091],[8.8081,47.6953],[8.7942,47.6816],[8.7279,47.6929],[8.7333,47.713],[8.7129,47.7339],[8.7399,47.747],[8.7259,47.7625],[8.6959,47.7568],[8.6572,47.7999],[8.6446,47.7644],[8.6253,47.7634],[8.615,47.8004],[8.565,47.8061],[8.5773,47.7817],[8.4903,47.772],[8.4565,47.7492],[8.4463,47.7232],[8.4094,47.7033],[8.4196,47.6852],[8.4096,47.6692],[8.467,47.6563],[8.4722,47.6386],[8.473,47.6491],[8.5233,47.6449],[8.545,47.6666],[8.6062,47.6721],[8.6268,47.6465],[8.6069,47.637],[8.6055,47.6526],[8.6052,47.6145],[8.5786,47.5966],[8.5245,47.6324],[8.4613,47.6021],[8.4683,47.5839],[8.4904,47.5864],[8.4835,47.577],[8.3776,47.5672],[8.328,47.5712],[8.2876,47.6106],[8.2269,47.6052],[8.1999,47.6203],[8.1067,47.5808],[8.087,47.5574],[7.9572,47.5574],[7.9409,47.5443],[7.9096,47.5529],[7.8967,47.5846],[7.8245,47.5879],[7.7956,47.5576],[7.695,47.5325],[7.634,47.5612],[7.6745,47.5635],[7.6717,47.5872],[7.6929,47.5995],[7.5665,47.5777]],[[8.9757,45.9617],[8.9586,45.9648],[8.9761,45.9831],[8.9757,45.9617]],[[8.7179,47.6907],[8.6625,47.6883],[8.6653,47.7106],[8.7061,47.7114],[8.7179,47.6907]]]},"properties":{"id":"Q39","names":{"ab":"Швеицариа","ace":"Swiss","ady":"Швейцарие","af":"Switserland","als":"Schweiz","ami":"Switzerland","an":"Suiza","ang":"Swissland","ann":"Siwizalan","ast":"Suiza","avk":"Swiza","ay":"Switsira","az":"İsveçrə","ba":"Швейцария","ban":"Swiss","bar":"Schweiz","bat-smg":"Šveicarėjė","bcl":"Suisa","be":"Швейцарыя","be-x-old":"Швайцарыя","bew":"Switserlan","bg":"Швейцария","bi":"Swiselan","br":"Suis","bs":"Švicarska","btm":"Swiss","bxr":"Швейцари","ca":"Suïssa","cbk-zam":"Suiza","cdo":"Sôi-sê̤ṳ","ce":"Швейцария","ceb":"Nasod nga Swiss","ch":"Switzerland","chy":"Switzerland","co":"Sguìzzera","crh":"İsviçre","cs":"Švýcarsko","csb":"Szwajcarskô","cu":"Свицєра","cv":"Швейцари","cy":"Y Swistir","da":"Schweiz","dag":"Switzerland","de":"Schweiz","diq":"İswiçre","dsb":"Šwicaŕska","dtp":"Switzerland","ee":"Switzerland","el":"Ελβετία","eml":"Svézzra","en":"Switzerland","eo":"Svislando","es":"Suiza","esu":"Suiza","et":"Šveits","eu":"Suitza","ext":"Suiça","ff":"Suwis","fi":"Sveitsi","fiu-vro":"Sveits","fj":"Suwitisiladi","fo":"Sveis","fr":"Suisse","frp":"Suisse","frr":"Swaits","fur":"Svuizare","fy":"Switserlân","ga":"An Eilvéis","gag":"Elveţiya","gcr":"Swis","gd":"An Eilbheis","gl":"Suíza","gn":"Suísa","gv":"Yn Elveeish","ha":"Switzerland","hak":"Sui-sṳ","haw":"Kuikilani","hif":"Switzerland","hr":"Švicarska","hsb":"Šwicarska","ht":"Swis","hu":"Svájc","ia":"Switza","iba":"Switzerland","id":"Swiss","ie":"Svissia","ig":"Switzerland","ilo":"Suisa","inh":"Шувцарехье","io":"Suisia","is":"Sviss","it":"Svizzera","jam":"Suitsalan","jbo":"elvetias","jv":"Switserlan","kaa":"Shveycariya","kab":"Taswist","kbd":"Шуэцарэ","kbp":"Suwiisi","kcg":"Shwit","kg":"Suisi","kge":"Swiss","ki":"Swissland","kk":"Швейцария","knc":"Switzerland","ko":"스위스","koi":"Швайсму","krc":"Швейцария","ksh":"Schweiz","ku":"Swîsre","kv":"Швейцария","kw":"Swistir","ky":"Швейцария","la":"Helvetia","lad":"Suisa","lb":"Schwäiz","lez":"Швейцария","lfn":"Suiz","lg":"Switzerland","li":"Zwitserland","lij":"Svissea","lld":"Svizra","lmo":"Svizera","ln":"Swisi","lt":"Šveicarija","ltg":"Šveicareja","lv":"Šveice","mad":"Swiss","map-bms":"Swiss","mdf":"Швайцария","mg":"Soisa","mhr":"Швейцарий","mi":"Huiterangi","min":"Swiss","mk":"Швајцарија","ms":"Switzerland","mt":"Żvizzera","mwl":"Suíça","myv":"Швейцария Мастор","nap":"Sguizzera","nds":"Swiez","nds-nl":"Zwitserlaand","nl":"Zwitserland","nn":"Sveits","no":"Sveits","nov":"Suisia","nrm":"Suisse","nso":"Switzerland","nv":"Dziłlátah Bilagáana Bikéyah","ny":"Switzerland","oc":"Soïssa","olo":"Šveitsarii","om":"Siwiizerlaandi","os":"Швейцари","pag":"Switzerland","pam":"Suísa","pap":"Suisa","pcd":"Suisse","pdc":"Schweiz","pdt":"Schweiz","pfl":"Schweiz","pl":"Szwajcaria","pms":"Svìssera","pnt":"Ελβετία","pt":"Suíça","qu":"Suwisa","rm":"Svizra","rmy":"Elveciya","rn":"Ubuswisi","ro":"Elveția","roa-rup":"Șvaițã","roa-tara":"Svizzere","ru":"Швейцария","rue":"Швайц","rw":"Ubusuwisi","sc":"Isvìtzera","scn":"Svìzzira","sco":"Swisserland","se":"Sveica","sh":"Švicarska;Швајцарска","sh-Cyrl":"Швајцарска","sh-Latn":"Švicarska","shi":"Swisra","sk":"Švajčiarsko","sl":"Švica","sm":"Suitiselani","smn":"Sveicci","sn":"Vusvwisi","so":"Iswisarland","sq":"Zvicra","sr":"Швајцарска","sr-Latn":"Švicarska","srn":"Swiskondre","ss":"ISwizalendi","stq":"Swaits","su":"Suis","sv":"Schweiz","sw":"Uswisi","szl":"Szwajcaryjo","szy":"Switzerland","tay":"Switzerland","tet":"Suisa","tg":"Швейсария","tk":"Şweýsariýa","tl":"Suwisa","tly":"Isvecrə","tn":"Switzerland","to":"Suisilani","tok":"ma Suwasi","tpi":"Suwisalan","tr":"İsviçre","trv":"Switzerland","ts":"Switzerland","tt":"Швейцария","tum":"Switzerland","tyv":"Швейцария","udm":"Швейцария","uk":"Швейцарія","uz":"Shveysariya","vec":"Svìsara","vep":"Šveicarii","vi":"Thụy Sĩ","vls":"Zwitserland","vo":"Jveizän","wa":"Swisse","war":"Swiza","wo":"Suwis","xal":"Свисин Ниицән","xh":"Switserii","yo":"Swítsàlandì","za":"Nyeiqswq","zea":"Zwitserland","zh-min-nan":"Sūi-se"},"from":1967.758064516129,"to":null,"wikidata":"Q39","adminLevel":2,"source":"OpenHistoricalMap","sourceUrl":"https://www.openhistoricalmap.org"}},{"type":"Feature","geometry":{"type":"Polygon","coordinates":[[[9.6116,47.0794],[9.6335,47.0834],[9.6322,47.1246],[9.5694,47.1699],[9.5814,47.2072],[9.5562,47.2228],[9.5658,47.2392],[9.537,47.2659],[9.4863,47.1841],[9.5193,47.0966],[9.4719,47.0642],[9.4758,47.0518],[9.5341,47.0638],[9.5575,47.0485],[9.6064,47.0609],[9.6116,47.0794]]]},"properties":{"id":"Q347","names":{"ab":"Лихтенштеин","ang":"Leohtenstan","avk":"Liectensteina","az":"Lixtenşteyn","ba":"Лихтенштейн","bar":"Liachtnstoa","bat-smg":"Lichtenšteins","be":"Ліхтэнштэйн","be-x-old":"Ліхтэнштайн","bew":"Lihtenstèn","bg":"Лихтенщайн","bs":"Lihtenštajn","bxr":"Лихтенштейн","ce":"Лихтенштейн","crh":"Lihtenşteyn","cs":"Lichtenštejnsko","cu":"Лихтєнщаинъ","cv":"Лихтенштейн","de":"Liechtenstein","dsb":"Liechtensteinska","el":"Λίχτενσταϊν","eo":"Liĥtenŝtejno","fo":"Liktinstein","fy":"Lychtenstein","ga":"Lichtinstéin","gag":"Lihtenşteyn","gn":"Liechytenteĩ","haw":"Likenekaina","hr":"Lihtenštajn","ht":"Lichtènstayn","jam":"Liktenstain","jbo":"lixtenctain","kaa":"Lixtenshteyn","kbd":"Лихтэнштейн","kbp":"Lisitɛnsɩtayɩnɩ","kk":"Лихтенштейн","ko":"리히텐슈타인","koi":"Лихтенштайн","krc":"Лихтенштейн","kv":"Лихтенштейн","ky":"Лихтенштейн","la":"Lichtenstenum","lez":"Лихтенштейн","lfn":"Lictenstain","lt":"Lichtenšteinas","ltg":"Liktenšteins","lv":"Lihtenšteina","mdf":"Лихтэнштайн","mg":"Liktenstaina","mhr":"Лихтенштейн","mi":"Rīkeneteina","mk":"Лихтенштајн","mn":"Лихтенштайн","myv":"Лихтенштейн Мастор","nds":"Liechtensteen","nv":"Tséłgaii Bineʼadziihii","olo":"Lihtenštein","om":"Liikteenistaayin","os":"Лихтенштейн","pag":"Liyestenstayn","pnt":"Λιχτενστάιν","ru":"Лихтенштейн","rue":"Лихтенштайн","rw":"Liyeshitensiteyine","sah":"Лихтенштайн","sd":"لڪتنسٽائن","sh":"Lihtenštajn","sk":"Lichtenštajnsko","sl":"Lihtenštajn","sm":"Likitenisitaini","sn":"Rishenistayini","so":"Lekhtanishtayn","sq":"Lihtenshtajni","sr":"Лихтенштајн","srn":"Liechtensteinkondre","ss":"ILeshestani","su":"Liechtenstéin","tet":"Listenstaina","tg":"Лихтенштайн","tk":"Lihtenşteýn","tly":"Lixtenštejn","to":"Likitenisitaini","tok":"ma Lisensan","tr":"Lihtenştayn","tt":"Лихтенштейн","udm":"Лихтенштейн","uk":"Ліхтенштейн","uz":"Lixtenshteyn","vec":"Łiechtenstein","vep":"Lihtenštein","vls":"Liechtnstein","vo":"Ligtänstän","wa":"Lîchtenstinne","xal":"Лихтенштейна Нутг","xh":"Likhtensteyin","yo":"Líktẹ́nstáìnì","zea":"Liechenstein","zh-min-nan":"Liechtenstein","en":"Liechtenstein"},"from":1960.2096774193549,"to":null,"wikidata":"Q347","adminLevel":2,"source":"OpenHistoricalMap","sourceUrl":"https://www.openhistoricalmap.org"}},{"type":"Feature","geometry":{"type":"Polygon","coordinates":[[[12.435,49.7131],[12.518,49.6873],[12.5281,49.6181],[12.5561,49.6207],[12.5953,49.5352],[12.6397,49.5288],[12.6399,49.4719],[12.6571,49.4365],[12.7577,49.3948],[12.7787,49.3504],[12.8868,49.3324],[12.8884,49.3509],[12.95,49.3429],[13.0291,49.3043],[13.034,49.2639],[13.0544,49.2641],[13.1189,49.1991],[13.1747,49.1694],[13.1778,49.1386],[13.2364,49.1137],[13.2892,49.1186],[13.3957,49.0519],[13.411,48.9829],[13.4964,48.9414],[13.5263,48.973],[13.5801,48.9707],[13.605,48.9421],[13.6243,48.9489],[13.6805,48.8788],[13.7374,48.8801],[13.7718,48.8309],[13.7924,48.8301],[13.8085,48.7785],[13.872,48.7683],[14.059,48.6739],[14.0547,48.6554],[14.0185,48.6439],[14.0665,48.5964],[14.2691,48.581],[14.3374,48.5542],[14.3594,48.5747],[14.3883,48.5723],[14.3865,48.5908],[14.4267,48.5889],[14.4533,48.6447],[14.561,48.6038],[14.6049,48.6282],[14.624,48.6076],[14.6526,48.6051],[14.6635,48.582],[14.7052,48.5848],[14.731,48.6908],[14.8045,48.7326],[14.8126,48.7802],[14.8806,48.7801],[14.9557,48.7582],[14.9806,48.7749],[14.954,48.7893],[14.9845,48.8424],[14.973,48.8747],[14.9924,48.9062],[14.9765,48.9694],[14.9964,48.9918],[14.9918,49.008],[15.0196,49.02],[15.0581,49.0154],[15.0697,48.9991],[15.1503,48.9951],[15.1667,48.9438],[15.2657,48.9577],[15.2778,48.9946],[15.4726,48.9481],[15.5187,48.913],[15.6207,48.8938],[15.6902,48.8556],[15.7517,48.8521],[15.7844,48.8745],[15.8369,48.8768],[15.8508,48.8578],[15.9297,48.8343],[15.9332,48.8198],[15.9596,48.821],[15.9514,48.8037],[15.9953,48.779],[16.1021,48.7455],[16.3838,48.7307],[16.4376,48.7685],[16.4625,48.8094],[16.5443,48.8112],[16.5964,48.7823],[16.6653,48.7782],[16.6879,48.7291],[16.7267,48.7374],[16.7997,48.7094],[16.8999,48.7174],[16.9183,48.6941],[16.9189,48.6256],[16.937,48.6188],[16.9571,48.6243],[16.9727,48.6723],[17.0456,48.7661],[17.0904,48.7894],[17.1113,48.8315],[17.1931,48.8751],[17.3217,48.8453],[17.3594,48.8152],[17.3997,48.8152],[17.4501,48.8455],[17.5277,48.8122],[17.635,48.855],[17.7052,48.8621],[17.782,48.9243],[17.8858,48.9282],[17.9215,49.0175],[18.0269,49.0235],[18.0894,49.056],[18.1134,49.0884],[18.1098,49.1381],[18.1532,49.2209],[18.1486,49.2494],[18.1835,49.2691],[18.1893,49.2886],[18.3769,49.3297],[18.4143,49.3665],[18.4039,49.3956],[18.4754,49.4084],[18.5439,49.465],[18.5353,49.4832],[18.5619,49.5056],[18.6834,49.506],[18.7542,49.4885],[18.844,49.5167],[18.8591,49.5477],[18.8367,49.5702],[18.8052,49.6781],[18.74,49.6768],[18.7074,49.7022],[18.625,49.7223],[18.6295,49.7456],[18.5691,49.8332],[18.6058,49.8616],[18.5656,49.8807],[18.575,49.919],[18.5433,49.9263],[18.5425,49.9055],[18.5237,49.8995],[18.4307,49.9382],[18.3407,49.9456],[18.3432,49.9286],[18.318,49.9157],[18.2817,49.9372],[18.2734,49.9658],[18.2143,49.972],[18.2114,49.9923],[18.1733,50.0003],[18.1625,49.9849],[18.1111,49.9983],[18.0817,50.0457],[18.0409,50.0629],[18.012,50.0547],[18.006,50.0363],[18.047,50.0311],[18.046,50.0082],[17.993,50.0151],[17.9186,49.978],[17.8687,49.9726],[17.83,49.9923],[17.8277,50.0113],[17.7746,50.0228],[17.7309,50.0972],[17.6951,50.1167],[17.6485,50.1123],[17.5942,50.1587],[17.7585,50.2066],[17.7651,50.2358],[17.725,50.2567],[17.7474,50.2943],[17.7181,50.3207],[17.6926,50.327],[17.6815,50.297],[17.6197,50.268],[17.497,50.2743],[17.4337,50.2533],[17.4249,50.271],[17.3786,50.2828],[17.356,50.2647],[17.3429,50.277],[17.35,50.3253],[17.2545,50.3296],[17.2027,50.3632],[17.2035,50.3855],[17.1461,50.3807],[17.1109,50.4045],[16.9731,50.4195],[16.9001,50.448],[16.8807,50.4412],[16.8696,50.4054],[16.9091,50.3904],[16.9436,50.3188],[17.0092,50.295],[17.0177,50.2737],[17.0048,50.2586],[17.0244,50.2328],[16.9989,50.2159],[16.97,50.2422],[16.9498,50.2213],[16.888,50.2158],[16.8772,50.1986],[16.8376,50.2034],[16.7198,50.1025],[16.6872,50.0991],[16.5834,50.1421],[16.5586,50.1696],[16.5606,50.2052],[16.5366,50.239],[16.434,50.3221],[16.3832,50.3288],[16.3591,50.3798],[16.3074,50.3829],[16.2809,50.3675],[16.2535,50.404],[16.2136,50.41],[16.2065,50.4489],[16.2336,50.446],[16.2267,50.4554],[16.2562,50.4778],[16.2972,50.4829],[16.3171,50.5076],[16.3647,50.5046],[16.4018,50.5299],[16.4036,50.567],[16.4492,50.5731],[16.3403,50.6623],[16.2373,50.6709],[16.2172,50.6332],[16.1854,50.6274],[16.1012,50.6628],[16.0574,50.6169],[16.0179,50.6018],[15.9872,50.6126],[16.0179,50.6295],[15.9898,50.6803],[15.956,50.6914],[15.8654,50.674],[15.8104,50.755],[15.7026,50.7361],[15.6054,50.7758],[15.5257,50.7774],[15.4437,50.8078],[15.3905,50.7759],[15.3699,50.7811],[15.3657,50.8385],[15.2771,50.891],[15.2684,50.9301],[15.2906,50.9514],[15.2762,50.9729],[15.2328,50.998],[15.1771,50.9851],[15.1719,51.02],[15.126,50.9913],[15.0586,51.0226],[14.9843,51.0091],[14.9683,50.9902],[15.0078,50.9853],[15.0206,50.9684],[14.9894,50.9216],[15.0055,50.9077],[15.0022,50.8728],[14.9606,50.862],[14.9052,50.8756],[14.8234,50.8706],[14.7929,50.82],[14.7223,50.8221],[14.7116,50.8382],[14.6201,50.8577],[14.6523,50.9259],[14.5639,50.9191],[14.5995,50.978],[14.567,51.008],[14.5359,51.0038],[14.5059,51.0204],[14.4992,51.0466],[14.4846,51.0238],[14.4578,51.0355],[14.4086,51.0188],[14.31,51.0553],[14.2754,51.0397],[14.2826,51.0231],[14.2607,50.9934],[14.2863,50.977],[14.3265,50.984],[14.3094,50.9686],[14.3197,50.9514],[14.4001,50.9338],[14.3784,50.8982],[14.3073,50.8852],[14.2661,50.8947],[14.2366,50.8879],[14.2235,50.8591],[14.078,50.8123],[13.9876,50.818],[13.9361,50.7898],[13.9058,50.7933],[13.8881,50.7715],[13.8988,50.7451],[13.8552,50.7271],[13.7639,50.7352],[13.7094,50.7181],[13.6605,50.7312],[13.6049,50.7108],[13.5446,50.711],[13.5328,50.7059],[13.5406,50.6691],[13.5143,50.6559],[13.5243,50.639],[13.4652,50.6021],[13.4162,50.6159],[13.379,50.6468],[13.3778,50.6285],[13.3225,50.6028],[13.3248,50.5832],[13.2945,50.5761],[13.2494,50.5926],[13.1862,50.5038],[13.1287,50.5179],[13.0773,50.5],[13.0383,50.5095],[13.0179,50.4449],[12.9374,50.4063],[12.8198,50.4599],[12.8114,50.4345],[12.7949,50.4494],[12.7413,50.434],[12.7074,50.3985],[12.6184,50.4156],[12.5109,50.3937],[12.4882,50.3724],[12.4913,50.353],[12.4031,50.3239],[12.3991,50.2931],[12.3617,50.2762],[12.3517,50.239],[12.3313,50.2424],[12.3221,50.1717],[12.2799,50.1903],[12.29,50.2189],[12.2475,50.2433],[12.2538,50.271],[12.2013,50.2728],[12.1987,50.3027],[12.1761,50.3227],[12.1065,50.3225],[12.1392,50.2785],[12.0962,50.2534],[12.1952,50.1996],[12.2114,50.1589],[12.1952,50.1432],[12.2075,50.1058],[12.2723,50.0773],[12.2597,50.0611],[12.3103,50.0556],[12.3288,50.0322],[12.432,50.0002],[12.4339,49.9852],[12.4641,49.9941],[12.4901,49.981],[12.4774,49.9365],[12.5483,49.9165],[12.4986,49.8429],[12.4783,49.839],[12.4708,49.7921],[12.4005,49.7556],[12.435,49.7131]]]},"properties":{"id":"Q213","names":{"ab":"Чехиа","ace":"Cèkia","ady":"Чехие","af":"Tsjeggië","als":"Tschechien","ami":"Czechia","an":"Republica Checa","ann":"Chesika","ast":"Chequia","av":"Чехия","avk":"Ceska","ay":"Chexya Ripublika","az":"Çexiya","ba":"Чехия","ban":"Républik Céko","bar":"Tschechei","bat_smg":"Čekėjė","bcl":"Tsekya","be":"Чэхія","be_x_old":"Чэхія","bew":"Cèki","bg":"Чехия","bi":"Jek Ripablik","br":"Tchekia","bs":"Češka","bxr":"Бүгэдэ Найрамдаха Чехи Улас","ca":"Txèquia","cbk_zam":"Chequia","cdo":"Ciĕk-káik","ce":"Чехи","ceb":"Nasod nga Czech","ch":"Chekia","chy":"Czechia","co":"Cecchìa","crh":"Çehiya","cs":"Česko","csb":"Czeskô Repùblika","cu":"Чєшьско","cv":"Чех Республики","cy":"Tsiecia","da":"Tjekkiet","de":"Tschechien","diq":"Çekya","dsb":"Česka","ee":"Czechia","el":"Τσεχία","en":"Czech Republic","eo":"Ĉeĥio","es":"República Checa","et":"Tšehhi","eu":"Txekia","ext":"Repúbrica Checa","ff":"Cekiya","fi":"Tšekki","fiu_vro":"Tsehhi Vabariik","fo":"Kekkia","fr":"Tchéquie","frp":"Tchèquia","frr":"Tschechien","fur":"Cechie","fy":"Tsjechje","ga":"An tSeic","gag":"Çehiya","gcr":"Répiblik tchèk","gd":"An t-Seic","gl":"República Checa","gn":"Chékia","gv":"Yn Çheck","ha":"Kazech","hak":"Chhia̍p-khiet","haw":"Tiekia","hif":"Czechia","hr":"Češka","hsb":"Čěska","ht":"Repiblik Tchèk","hu":"Csehország","ia":"Republica Chec","id":"Ceko","ie":"Tchekia","ig":"Chekia","ik":"Siakia","ilo":"Republika a Tseka","io":"Chekia","is":"Tékkland","it":"Repubblica Ceca","jam":"Chek Ripoblik","jv":"Républik Céko","kaa":"Chexiya","kab":"Čik","kbd":"Чехиэ","kbp":"Cɛɛkɩ","kcg":"Ri̱pobi̱lik Cek","kg":"République tchèque","kk":"Чехия","knc":"Czech Republic","ko":"체코","koi":"Ческо","krc":"Чехия","ku":"Çekya","kv":"Чехия","kw":"Pow Chek","ky":"Чехия","la":"Cechia","lad":"Repuvlika Cheka","lb":"Tschechesch Republik","lbe":"Чехия","lez":"Чехия","lfn":"Txesco","lg":"Czechia","li":"Tsjechië","lij":"Repubbrica Ceca","lld":"Republica Ceca","lmo":"Cechia","ln":"Shekia","lt":"Čekija","ltg":"Čekeja","lv":"Čehija","mad":"Ceko","map_bms":"Ceko","mdf":"Чехмастор","mg":"Tsekia","mhr":"Чехий","mi":"Tīekia","min":"Ceko","mk":"Чешка","mn":"Чех","ms":"Republik Czech","mt":"Ċekja","mwl":"República Checa","myv":"Чехия Мастор","nap":"Repubbreca Ceca","nds":"Tschechien","nds_nl":"Tsjechie","nl":"Tsjechië","nn":"Tsjekkia","no":"Tsjekkia","nov":"Chekia","nrm":"Tchéquie","oc":"Republica Chèca","om":"Cheekiyaa","os":"Чехи","pag":"Tsekya","pam":"Republikang Tseku","pap":"Czechia","pcd":"Tchèkie","pdc":"Tschecherei","pfl":"Tschechien","pl":"Czechy","pms":"Repùblica Ceca","pnt":"Τσεχία","pt":"Chéquia","qu":"Chiksuyu","rm":"Tschechia","rmy":"Chexiya","ro":"Cehia","roa_rup":"Cehia","roa_tara":"Repubbleche Ceche","ru":"Чехия","rue":"Чеська републіка","rw":"Cekiya","sah":"Чиэхийэ","sc":"Repùblica Ceca","scn":"Ripùbblica Ceca","sco":"Czech Republic","se":"Čehkkia","sh":"Češka","shi":"Tagdudant n Tcik","sk":"Česko","sl":"Češka","sm":"Ripapelika o Sieki","smn":"Tšekki","sn":"Cheki","so":"Jamhuuriyadda Jek","sq":"Republika Çeke","sr":"Чешка","srn":"Tsjekikondre","ss":"Shekhi","st":"Czechia","stq":"Tschechien","su":"Céko","sv":"Tjeckien","sw":"Ucheki","szl":"Czesko Republika","tay":"Czechia","tet":"Repúblika Xeka","tg":"Чехия","tk":"Çehiýa","tl":"Republikang Tseko","tly":"Cexijə","to":"Lepupelika Seki","tpi":"Sek Ripablik","tr":"Çekya","trv":"Czechia","ts":"Czech Republic","tt":"Чехия","tum":"Czechia","ty":"Tieti","udm":"Чехия","uk":"Чехія","uz":"Chexiya","vec":"Repùblega Ceca","vep":"Čehanma","vi":"Séc","vls":"Tsjechië","vo":"Tsyegän","wa":"Tchekeye","war":"Czekya","wo":"Réewum Cek","xal":"Чехмудин Орн","yo":"Tsẹ́kì Olómìnira","za":"Ciethaek","zea":"Tsjehhië","zh_min_nan":"Chesko"},"from":1993,"to":null,"wikidata":"Q213","adminLevel":2,"source":"OpenHistoricalMap","sourceUrl":"https://www.openhistoricalmap.org"}},{"type":"Feature","geometry":{"type":"Polygon","coordinates":[[[28.2229,46.5118],[28.2109,46.4997],[28.2579,46.4626],[28.2405,46.4528],[28.2588,46.4422],[28.2552,46.4228],[28.2248,46.4015],[28.2359,46.3905],[28.2006,46.3743],[28.2013,46.3566],[28.1828,46.3528],[28.1992,46.3445],[28.1865,46.327],[28.2022,46.3103],[28.1667,46.2825],[28.1447,46.2866],[28.1293,46.2626],[28.1387,46.2574],[28.1144,46.2456],[28.1095,46.2056],[28.1259,46.2059],[28.142,46.18],[28.1087,46.0801],[28.0918,46.073],[28.1028,46.0445],[28.0857,46.0089],[28.1311,45.8774],[28.1074,45.8604],[28.1123,45.795],[28.1492,45.7825],[28.1727,45.6479],[28.1438,45.6213],[28.1147,45.6269],[28.0888,45.6079],[28.1218,45.5719],[28.1535,45.574],[28.1657,45.5373],[28.1556,45.5107],[28.2108,45.4677],[28.3024,45.5457],[28.4281,45.5095],[28.4114,45.5041],[28.4125,45.4852],[28.5142,45.4998],[28.4941,45.5629],[28.5426,45.5798],[28.518,45.659],[28.4809,45.6782],[28.5173,45.7309],[28.5829,45.7287],[28.5931,45.7457],[28.5808,45.7688],[28.7094,45.7799],[28.6979,45.8145],[28.7765,45.8308],[28.7546,45.9278],[28.7567,45.9572],[28.7764,45.9706],[28.979,46.0035],[29.0034,46.0458],[28.9505,46.0937],[29.0623,46.1912],[28.9562,46.2573],[28.997,46.3277],[28.9371,46.4521],[29.0234,46.4621],[29.0241,46.4734],[28.9801,46.4864],[29.077,46.513],[29.1636,46.5156],[29.1621,46.5394],[29.2294,46.5571],[29.2547,46.4871],[29.2251,46.4669],[29.2445,46.4197],[29.2121,46.3905],[29.2406,46.3762],[29.2679,46.3937],[29.2641,46.4063],[29.3242,46.4149],[29.3122,46.4567],[29.3366,46.474],[29.3318,46.4961],[29.3529,46.5013],[29.3962,46.4252],[29.3926,46.4518],[29.458,46.4919],[29.5021,46.4618],[29.4858,46.4482],[29.4946,46.4279],[29.5609,46.4171],[29.5804,46.3609],[29.6096,46.3542],[29.6772,46.3611],[29.6624,46.4272],[29.6788,46.4417],[29.6914,46.4269],[29.7266,46.4335],[29.7423,46.4436],[29.7268,46.4667],[29.7414,46.4729],[29.8232,46.3957],[29.8096,46.3881],[29.8183,46.3806],[29.891,46.3525],[29.9038,46.3812],[29.9388,46.4004],[29.988,46.3841],[30.0703,46.3971],[30.0943,46.3784],[30.1636,46.4136],[30.1524,46.4294],[30.131,46.4119],[30.0904,46.4398],[30.0795,46.4257],[30.0236,46.4419],[29.9967,46.4596],[30.0168,46.4648],[29.991,46.4789],[30.0004,46.4944],[29.9841,46.5101],[29.9378,46.4937],[29.944,46.5017],[29.8813,46.5424],[29.9452,46.5551],[29.9379,46.5843],[29.9669,46.5948],[29.9469,46.6482],[29.9684,46.6835],[29.9744,46.7521],[29.9375,46.8035],[29.9729,46.8168],[29.9707,46.8287],[29.9523,46.842],[29.9094,46.8216],[29.8871,46.846],[29.8833,46.8861],[29.7527,46.8615],[29.7189,46.9295],[29.658,46.9205],[29.6337,46.9539],[29.5803,46.942],[29.5594,46.9537],[29.594,46.9633],[29.605,47.0419],[29.6276,47.0445],[29.6126,47.0989],[29.5514,47.0942],[29.5353,47.0756],[29.4956,47.1317],[29.5796,47.1391],[29.5527,47.2493],[29.599,47.2571],[29.5743,47.3704],[29.4917,47.3558],[29.4856,47.3058],[29.427,47.2922],[29.4239,47.3039],[29.3983,47.3005],[29.3836,47.3452],[29.3925,47.3736],[29.3376,47.3705],[29.3192,47.445],[29.244,47.4148],[29.2425,47.4613],[29.1887,47.4276],[29.1904,47.4665],[29.1576,47.4592],[29.1928,47.4861],[29.1864,47.5122],[29.1517,47.5068],[29.1171,47.5544],[29.1789,47.5701],[29.2136,47.6103],[29.2342,47.6426],[29.2093,47.6423],[29.2247,47.6823],[29.2044,47.7192],[29.2517,47.7558],[29.2747,47.7983],[29.247,47.8111],[29.2242,47.798],[29.2032,47.8142],[29.2262,47.8553],[29.2776,47.8863],[29.2161,47.8961],[29.2005,47.8843],[29.1763,47.9862],[29.1249,47.9937],[29.1298,47.9848],[29.0836,47.9774],[29.0976,47.9615],[29.0806,47.9718],[29.0862,47.9496],[29.066,47.9434],[29.0249,47.9463],[28.9684,47.9762],[28.9258,47.9602],[28.8799,47.9994],[28.901,48.0103],[28.8397,48.0349],[28.8514,48.0576],[28.8356,48.0718],[28.8559,48.0969],[28.8412,48.1257],[28.6962,48.1261],[28.6823,48.1468],[28.6519,48.1438],[28.5728,48.1725],[28.5781,48.1809],[28.5038,48.1515],[28.521,48.1382],[28.4925,48.1188],[28.4975,48.0706],[28.4576,48.0767],[28.4212,48.1255],[28.4368,48.1496],[28.4221,48.1749],[28.3808,48.173],[28.3444,48.1347],[28.3047,48.1427],[28.3091,48.1624],[28.3622,48.1921],[28.3698,48.221],[28.3533,48.2461],[28.2149,48.2053],[28.187,48.2147],[28.1742,48.258],[28.1435,48.2617],[28.1232,48.2384],[28.0844,48.2364],[28.0934,48.2947],[28.0736,48.3175],[27.9619,48.3258],[27.8833,48.3718],[27.869,48.4068],[27.7881,48.4456],[27.7494,48.4577],[27.6387,48.443],[27.5911,48.4609],[27.6015,48.4899],[27.591,48.4919],[27.4696,48.4503],[27.4455,48.4091],[27.3894,48.4103],[27.3677,48.4414],[27.325,48.4428],[27.2869,48.3721],[27.1923,48.3949],[27.1389,48.3745],[27.0913,48.4099],[27.085,48.4347],[27.0142,48.425],[27.0401,48.4108],[27.0465,48.3763],[27.0049,48.3804],[26.9952,48.3595],[26.9164,48.3718],[26.8709,48.4207],[26.7092,48.4054],[26.7621,48.3576],[26.824,48.3444],[26.8256,48.3044],[26.7946,48.291],[26.7672,48.3023],[26.7592,48.3225],[26.7343,48.3184],[26.6943,48.3602],[26.6825,48.3556],[26.6946,48.3323],[26.6164,48.2744],[26.6302,48.2596],[26.6736,48.2482],[26.6973,48.2644],[26.7219,48.2465],[26.8042,48.2538],[26.8329,48.2263],[26.852,48.2341],[26.8996,48.2018],[26.9073,48.1795],[26.9222,48.1996],[26.9432,48.1961],[26.9367,48.1631],[26.9893,48.154],[26.9544,48.1516],[26.9598,48.1337],[27.0001,48.122],[27.0252,48.1381],[27.0398,48.1081],[27.0279,48.0927],[27.1026,48.0341],[27.0943,48.007],[27.1274,48.014],[27.1239,47.9934],[27.166,47.9948],[27.1432,47.9695],[27.1806,47.948],[27.1498,47.9205],[27.2087,47.8962],[27.1987,47.8789],[27.2174,47.8539],[27.2013,47.8414],[27.2434,47.8374],[27.2148,47.8228],[27.2417,47.8158],[27.2312,47.7991],[27.2624,47.7808],[27.2648,47.7605],[27.2944,47.7529],[27.2884,47.7297],[27.2513,47.7211],[27.2948,47.6621],[27.3813,47.593],[27.4213,47.584],[27.424,47.5553],[27.4548,47.5374],[27.4711,47.4909],[27.5118,47.4882],[27.5124,47.4774],[27.5349,47.4887],[27.5682,47.4643],[27.5535,47.4306],[27.5836,47.4095],[27.5683,47.3764],[27.5941,47.372],[27.6078,47.3385],[27.5808,47.3295],[27.6261,47.3214],[27.644,47.3007],[27.6748,47.3098],[27.6828,47.2901],[27.7334,47.2913],[27.7558,47.26],[27.7519,47.2379],[27.8006,47.191],[27.807,47.166],[27.7882,47.1439],[27.8478,47.1326],[27.8356,47.1152],[27.8716,47.1083],[27.9947,47.0296],[28.0504,47.0222],[28.032,47.0128],[28.0963,46.9776],[28.0815,46.965],[28.1063,46.9137],[28.0856,46.8971],[28.1188,46.8778],[28.0992,46.8723],[28.1237,46.853],[28.1156,46.8264],[28.1766,46.7779],[28.1652,46.7782],[28.1864,46.7251],[28.2119,46.6871],[28.2334,46.6814],[28.2461,46.6454],[28.2229,46.5118]]]},"properties":{"id":"Q217","names":{"ab":"Молдавиа","ace":"Moldova","ady":"Молдавие","af":"Moldowa","als":"Moldawien","ami":"Moldova","an":"Moldavia","ang":"Moldofa","ann":"Mọlidova","ast":"Moldavia","av":"Молдов","avk":"Moldova","az":"Moldova","ba":"Молдова","ban":"Moldova","bar":"Moidowien","bat-smg":"Moldavėjė","bcl":"Moldoba","be":"Малдова","be-x-old":"Малдова","bew":"Moldawi","bg":"Молдова","bi":"Moldova","br":"Moldova","bs":"Moldavija","bxr":"Молдави","ca":"Moldàvia","cbk-zam":"Moldavia","cdo":"Moldova","ce":"Молдави","ceb":"Moldabya","co":"Moldavia","crh":"Moldova","cs":"Moldavsko","csb":"Mòłdawiô","cu":"Молдова","cv":"Молдова","cy":"Moldofa","da":"Moldova","de":"Moldau","diq":"Moldova","dsb":"Moldawska","ee":"Moldova","el":"Μολδαβία","eml":"Muldàvi","en":"Moldova","eo":"Moldavio","es":"Moldavia","et":"Moldova","eu":"Moldavia","ext":"Moldavia","ff":"Moldowa","fi":"Moldova","fiu-vro":"Moldova","fo":"Moldova","fr":"Moldavie","frp":"Mordavia","frr":"Moldaawien","fur":"Moldavie","fy":"Moldaavje","ga":"An Mholdóiv","gag":"Moldova","gcr":"Moldavi","gd":"Moldàibhia","gl":"Moldova","gn":"Moyndávia","gv":"Moldova","ha":"Moldufiniya","hak":"Moldova","haw":"Molodowa","hif":"Moldova","hr":"Moldavija","hsb":"Moldawska","ht":"Moldavi","hu":"Moldova","ia":"Moldavia","id":"Moldova","ie":"Moldavia","ig":"Moldova","ilo":"Moldova","io":"Moldova","is":"Moldóva","it":"Moldavia","jam":"Molduova","jbo":"moldovas","jv":"Moldavia","kaa":"Moldaviya","kab":"Muldavya","kbd":"Молдавиэ","kbp":"Mɔlɩdaavii","kcg":"Ma̱li̱dova","kg":"Moldova","kk":"Молдова","ko":"몰도바","koi":"Молдова","krc":"Молдавия","ku":"Moldova","kv":"Молдова","kw":"Moldova","ky":"Молдова","la":"Moldavia","lad":"Moldova","lb":"Moldawien","lez":"Молдова","lfn":"Moldova","lg":"Moldova","li":"Moldavië","lij":"Moldavia","lld":"Moldova","lmo":"Muldavia","ln":"Moldova","lt":"Moldavija","ltg":"Moldaveja","lv":"Moldova","mad":"Moldavia","map-bms":"Moldova","mdf":"Молдова","mg":"Môldavia","mhr":"Молдова","mi":"Morotawa","min":"Moldova","mk":"Молдавија","mn":"Молдав","mrj":"Молдави","ms":"Moldova","mt":"Moldova","mwl":"Moldábia","myv":"Молдавия Мастор","nds":"Moldawien","nds-nl":"Moldavië","nl":"Moldavië","nn":"Moldova","no":"Moldova","nov":"Moldova","nrm":"Moldova","nv":"Chʼótoohnii Bikéyah","oc":"Moldàvia","olo":"Molduavii","om":"Moldoovaa","os":"Молдовæ","pag":"Moldavia","pam":"Moldabya","pap":"Moldavia","pcd":"Moldavie","pl":"Mołdawia","pms":"Moldavia","pnt":"Μολδαβία","pt":"Moldávia","qu":"Multhawya","rm":"Moldavia","rmy":"Moldova","roa-tara":"Moldavie","ru":"Молдова","rue":"Молдавия","rw":"Molidova","sah":"Молдова","sc":"Moldàvia","scn":"Moldavia","sco":"Moldovae","se":"Moldova","sh":"Moldavija","shi":"Mulduva","sk":"Moldavsko","sl":"Moldavija","sm":"Molotova","smn":"Moldova","sn":"Morudhovha","so":"Moldofa","sq":"Moldavia","sr":"Молдавија","srn":"Moldavikondre","ss":"IMolidiva","st":"Moldova","stq":"Moldawien","su":"Moldova","sv":"Moldavien","sw":"Moldova","szl":"Mołdawijo","szy":"Moldova","tay":"Moldova","tet":"Moldávia","tg":"Молдова","tk":"Moldowa","tl":"Moldabya","tly":"Məldovə","to":"Molotova","tok":"ma Motowa","tr":"Moldova","trv":"Moldova","ts":"Moldova","tt":"Молдова","tum":"Moldova","udm":"Молдавия","uk":"Молдова","uz":"Moldova","vec":"Moldàvia","vep":"Moldov","vi":"Moldova","vls":"Moldoavië","vo":"Moldavän","wa":"Moldaveye","war":"Moldavia","wo":"Moldaawi","yo":"Móldófà","za":"Moldova","zea":"Moldâvië","zh-min-nan":"Moldova","zu":"IMoldova"},"from":1991.983870967742,"to":null,"wikidata":"Q217","adminLevel":2,"source":"OpenHistoricalMap","sourceUrl":"https://www.openhistoricalmap.org"}},{"type":"Feature","geometry":{"type":"Polygon","coordinates":[[[20.2643,46.1264],[20.2784,46.1181],[20.2718,46.1006],[20.3391,46.052],[20.3607,45.9922],[20.3975,45.97],[20.4777,45.956],[20.5159,45.8922],[20.5711,45.9056],[20.5804,45.8715],[20.6604,45.8292],[20.6549,45.8074],[20.6814,45.7973],[20.7002,45.7508],[20.7704,45.7546],[20.7835,45.7859],[20.8185,45.7763],[20.7961,45.6871],[20.8049,45.6572],[20.7672,45.6054],[20.7719,45.5829],[20.7985,45.583],[20.8271,45.5419],[20.7737,45.5023],[20.7711,45.4799],[20.833,45.48],[20.8706,45.4605],[20.8752,45.426],[20.9209,45.4158],[20.9312,45.3868],[21.0147,45.3292],[21.0606,45.3314],[21.0965,45.2957],[21.1837,45.3208],[21.2119,45.2571],[21.2755,45.2294],[21.2927,45.2427],[21.3599,45.2222],[21.403,45.2291],[21.5138,45.171],[21.5286,45.1475],[21.4789,45.1217],[21.4802,45.096],[21.4472,45.0527],[21.455,45.0425],[21.3603,45.0204],[21.4382,44.9605],[21.5427,44.9324],[21.5589,44.8974],[21.4924,44.8715],[21.3662,44.8638],[21.3583,44.8222],[21.3791,44.814],[21.3936,44.7812],[21.5902,44.7568],[21.6326,44.6612],[21.7875,44.6633],[21.9933,44.6325],[22.036,44.5489],[22.065,44.5323],[22.0786,44.5028],[22.1436,44.473],[22.1892,44.4881],[22.3108,44.6607],[22.3901,44.6796],[22.4284,44.7122],[22.4797,44.711],[22.5688,44.6374],[22.6222,44.6151],[22.6703,44.6191],[22.7522,44.5679],[22.7641,44.5403],[22.6939,44.5163],[22.6281,44.5496],[22.5867,44.5503],[22.5625,44.5292],[22.5519,44.484],[22.4617,44.4773],[22.4609,44.4542],[22.5015,44.4174],[22.5239,44.34],[22.5589,44.3088],[22.6763,44.2822],[22.6864,44.2585],[22.6749,44.2164],[22.7518,44.1981],[22.9155,44.1045],[23.0379,44.0817],[23.0479,44.0606],[23.0137,44.0157],[22.8797,43.9808],[22.8373,43.8832],[22.8723,43.8364],[23.0567,43.7966],[23.2707,43.8493],[23.4138,43.8533],[23.6178,43.7925],[23.755,43.7999],[23.8649,43.7556],[23.9858,43.7414],[24.1746,43.6831],[24.3511,43.6982],[24.4069,43.7364],[24.5125,43.7654],[24.6254,43.7428],[24.7291,43.6863],[24.8123,43.7123],[24.8705,43.7069],[24.9675,43.7306],[25.0925,43.6857],[25.1722,43.6998],[25.2457,43.6857],[25.3439,43.6303],[25.4058,43.6204],[25.5097,43.6481],[25.5644,43.6457],[25.667,43.6903],[25.7811,43.7109],[25.8036,43.74],[25.8853,43.7843],[25.9395,43.8516],[26.0458,43.9045],[26.1228,43.978],[26.1925,43.9832],[26.3537,44.0387],[26.5947,44.0511],[26.7742,44.0808],[26.9053,44.1334],[27.0342,44.1444],[27.1353,44.1409],[27.2154,44.1163],[27.2674,44.1268],[27.291,44.0752],[27.3537,44.0593],[27.3994,44.0122],[27.4689,44.0225],[27.612,44.0122],[27.6436,44.048],[27.6736,44.0298],[27.7101,43.9593],[27.7323,43.9539],[27.8408,43.9662],[27.9197,44.0059],[27.9444,43.9848],[27.9943,43.8429],[28.2391,43.7583],[28.4463,43.7337],[28.8661,43.7394],[28.9372,43.9369],[28.9684,44.0756],[29.1277,44.4388],[29.2214,44.544],[29.6529,44.6019],[29.8084,44.6952],[29.8781,44.7708],[30.0454,45.0862],[29.992,45.1201],[29.9522,45.1687],[29.6913,45.192],[29.66,45.2475],[29.6762,45.2774],[29.6511,45.338],[29.5531,45.4071],[29.429,45.4429],[29.3315,45.448],[29.2921,45.4277],[29.2375,45.4317],[29.1605,45.3916],[28.9661,45.3298],[28.9526,45.2859],[28.9369,45.28],[28.7977,45.3341],[28.7816,45.3226],[28.8005,45.3154],[28.7979,45.2963],[28.7529,45.2857],[28.7638,45.2634],[28.7891,45.2593],[28.7875,45.2389],[28.7088,45.2239],[28.5686,45.248],[28.3584,45.3171],[28.2913,45.3921],[28.2728,45.4506],[28.1893,45.473],[28.1569,45.5088],[28.1665,45.5284],[28.1557,45.567],[28.1215,45.572],[28.0888,45.6088],[28.1682,45.6402],[28.1699,45.6783],[28.1668,45.7352],[28.1472,45.7572],[28.1549,45.7748],[28.1267,45.7836],[28.1087,45.8153],[28.1069,45.8574],[28.1268,45.8627],[28.1296,45.8832],[28.116,45.8929],[28.1254,45.9215],[28.0883,46.0217],[28.1021,46.0499],[28.0899,46.068],[28.1335,46.129],[28.1427,46.1765],[28.1209,46.2122],[28.1162,46.2029],[28.1094,46.2408],[28.1386,46.2481],[28.1413,46.2859],[28.1693,46.2826],[28.2041,46.3125],[28.1844,46.3335],[28.1997,46.3426],[28.183,46.3521],[28.2023,46.3567],[28.2172,46.3911],[28.2375,46.3926],[28.2299,46.4126],[28.2561,46.4233],[28.2584,46.4618],[28.2255,46.479],[28.2113,46.5087],[28.2277,46.5224],[28.216,46.5361],[28.2331,46.5617],[28.2227,46.5794],[28.2517,46.6133],[28.2362,46.6767],[28.2115,46.6834],[28.2101,46.7094],[28.1787,46.741],[28.185,46.7588],[28.1607,46.7766],[28.1723,46.7783],[28.115,46.8212],[28.1094,46.8409],[28.1273,46.852],[28.1012,46.8697],[28.1114,46.8953],[28.0829,46.9031],[28.1094,46.917],[28.0861,46.9339],[28.098,46.9494],[28.08,46.9601],[28.0938,46.9749],[28.0444,47.0044],[28.0398,47.0251],[27.9535,47.0472],[27.9601,47.0551],[27.9015,47.0743],[27.8829,47.0995],[27.8324,47.1162],[27.8478,47.1326],[27.7875,47.1404],[27.8063,47.1596],[27.8034,47.1894],[27.7799,47.2042],[27.7749,47.2308],[27.7482,47.2401],[27.7588,47.2573],[27.7312,47.2935],[27.6874,47.2851],[27.6806,47.3056],[27.6481,47.2996],[27.6261,47.3214],[27.5806,47.3286],[27.6096,47.3352],[27.6011,47.3669],[27.5673,47.3803],[27.5836,47.406],[27.5541,47.4289],[27.5736,47.459],[27.5412,47.4821],[27.4771,47.4851],[27.4549,47.5065],[27.4639,47.524],[27.42,47.5636],[27.4272,47.5794],[27.3741,47.5962],[27.275,47.687],[27.2565,47.7253],[27.2936,47.7241],[27.2922,47.7458],[27.234,47.797],[27.2418,47.8131],[27.2145,47.8221],[27.2475,47.8347],[27.197,47.8458],[27.2174,47.8533],[27.197,47.8771],[27.2111,47.8928],[27.1962,47.9085],[27.1457,47.9142],[27.179,47.9441],[27.14,47.9658],[27.164,47.9897],[27.1181,47.9972],[27.1173,48.0145],[27.0957,48.0068],[27.1049,48.0281],[27.0337,48.0857],[27.0284,48.1345],[27.0037,48.1225],[26.9643,48.1314],[26.9506,48.145],[26.9886,48.146],[26.9865,48.1563],[26.9347,48.1645],[26.9406,48.1975],[26.9024,48.181],[26.8539,48.2333],[26.835,48.2264],[26.8067,48.2543],[26.7359,48.2452],[26.7327,48.2585],[26.7205,48.2468],[26.6954,48.2624],[26.6699,48.2474],[26.6384,48.261],[26.6204,48.2412],[26.5889,48.2466],[26.5263,48.2089],[26.4675,48.2208],[26.4345,48.2038],[26.4401,48.1953],[26.3518,48.1915],[26.3278,48.1762],[26.328,48.1529],[26.2873,48.1185],[26.2728,48.0818],[26.2139,48.0526],[26.1877,47.9956],[26.1611,47.9885],[25.9241,47.9774],[25.892,47.9613],[25.8503,47.9689],[25.7752,47.9395],[25.6248,47.9488],[25.2302,47.893],[25.2221,47.8586],[25.1795,47.8247],[25.1712,47.7967],[25.0347,47.7266],[24.8888,47.7246],[24.8171,47.822],[24.7081,47.8399],[24.6707,47.8655],[24.6732,47.8934],[24.6234,47.9518],[24.6026,47.9464],[24.5793,47.967],[24.5131,47.9516],[24.4331,47.9694],[24.3513,47.9159],[24.3222,47.9245],[24.2258,47.8966],[24.1995,47.9138],[24.11,47.9162],[24.0799,47.9446],[24.0121,47.9655],[23.9574,47.9653],[23.8651,47.9318],[23.8207,47.9815],[23.7811,47.9923],[23.6647,47.9853],[23.5291,48.02],[23.4974,47.9685],[23.3346,48.0208],[23.278,48.0572],[23.2919,48.0719],[23.2637,48.1009],[23.2355,48.0918],[23.193,48.0974],[23.1818,48.1157],[23.151,48.1127],[23.118,48.0885],[23.0868,48.0048],[23.0141,47.991],[22.9229,48.0152],[22.9473,47.9679],[22.8896,47.9529],[22.8422,47.9084],[22.7605,47.8949],[22.7769,47.8427],[22.7159,47.8372],[22.6841,47.7915],[22.5495,47.7726],[22.474,47.8083],[22.4479,47.8031],[22.4301,47.7448],[22.357,47.7491],[22.3261,47.7663],[22.3175,47.7433],[22.2646,47.7311],[22.259,47.698],[22.2311,47.6934],[22.1773,47.5973],[22.1359,47.5979],[22.0987,47.5622],[22.0571,47.5498],[22.0615,47.529],[22.0242,47.52],[22.0074,47.4812],[22.0328,47.432],[22.0222,47.3897],[21.9405,47.3736],[21.8961,47.3163],[21.8846,47.2689],[21.8539,47.2408],[21.8584,47.1901],[21.8149,47.1689],[21.7892,47.1129],[21.7261,47.0985],[21.6827,47.0457],[21.6519,47.0409],[21.688,47.003],[21.6705,46.9792],[21.6796,46.9616],[21.6027,46.9311],[21.6104,46.8942],[21.5973,46.862],[21.523,46.839],[21.5168,46.7981],[21.485,46.7607],[21.528,46.7351],[21.5244,46.7169],[21.4954,46.6878],[21.4276,46.6891],[21.45,46.6668],[21.4118,46.6254],[21.3701,46.6362],[21.3175,46.621],[21.3012,46.5908],[21.3208,46.5829],[21.2621,46.5055],[21.3178,46.4507],[21.2962,46.4066],[21.208,46.403],[21.1701,46.298],[21.1226,46.3009],[21.1057,46.2689],[21.06,46.2447],[21.025,46.2665],[20.9571,46.2635],[20.9466,46.2792],[20.9135,46.2645],[20.8734,46.2874],[20.7732,46.2737],[20.7502,46.2519],[20.7609,46.2079],[20.7274,46.2074],[20.7093,46.165],[20.6841,46.145],[20.6505,46.1462],[20.6423,46.1281],[20.4967,46.1888],[20.4591,46.1429],[20.3562,46.1689],[20.2643,46.1264]]]},"properties":{"id":"Q218","names":{"ab":"Румыниа","ace":"Rumania","ady":"Румание","af":"Roemenië","als":"Rumänien","am":"ሮማንያ","ami":"Romania","an":"Rumanía","ang":"Rumǣnia","ann":"Romania","ar":"رومانيا","ast":"Rumanía","avk":"Romania","ay":"Rumanya","az":"Rumıniya","ba":"Румыния","ban":"Romania","bar":"Rumänien","bat-smg":"Romunėjė","bcl":"Romanya","be":"Румынія","be-x-old":"Румынія","bew":"Ruméni","bg":"Румъния","bh":"रोमानिया","bi":"Romania","bn":"রোমানিয়া","bo":"རོ་མ་ནི་ཡ།","br":"Roumania","bs":"Rumunija","bxr":"Румыни","ca":"Romania","cbk-zam":"Rumanía","cdo":"Romania","ce":"Румыни","ceb":"Rumanya","ch":"Rumania","chr":"ᎶᎹᏂᏯ","co":"Rumenia","crh":"Romaniya","cs":"Rumunsko","csb":"Rumùńskô","cu":"Роумꙑнїꙗ","cv":"Румыни","cy":"Rwmania","da":"Rumænien","de":"Rumänien","diq":"Romanya","dsb":"Rumuńska","dv":"ރުމޭނިއާ","dz":"རོ་མ་ནི་ཡ།","ee":"Romania","el":"Ρουμανία","eml":"Rumania","en":"Romania","eo":"Rumanio","es":"Rumania","et":"Rumeenia","eu":"Errumania","ext":"Rumanía","fa":"رومانی","ff":"Romaniya","fi":"Romania","fiu-vro":"Rumeeniä","fo":"Rumenia","fr":"Roumanie","frp":"Roumania","frr":"Rumeenien","fur":"Romanie","fy":"Roemeenje","ga":"An Rómáin","gag":"Romıniya","gcr":"Roumani","gd":"Romàinia","gl":"Romanía","gn":"Rrumáña","got":"𐍂𐌿𐌼𐌰𐌽𐌾𐌰","gu":"રોમાનિયા","gv":"Yn Romaan","ha":"Romainiya","hak":"Romania","haw":"Lomānia","he":"רומניה","hi":"रोमानिया","hif":"Romania","hr":"Rumunjska","hsb":"Rumunska","ht":"Woumani","hu":"Románia","hy":"Ռումինիա","ia":"Romania","id":"Rumania","ie":"Rumania","ig":"Romania","ilo":"Romania","io":"Rumania","is":"Rúmenía","it":"Romania","ja":"ルーマニア","jam":"Rumienia","jbo":"romanias","jv":"Rumeni","ka":"რუმინეთი","kaa":"Rumıniya","kab":"Rumanya","kbd":"Румыниэ","kbp":"Rumaanii","kcg":"Romaniya","kg":"Romania","kge":"Rumaniya","kk":"Румыния","km":"រូម៉ានី","kn":"ರೊಮಾನಿಯ","ko":"루마니아","koi":"Ромыния","krc":"Румыния","ks":"رومانیہ","ku":"Romanya","kv":"Румыния","kw":"Romani","ky":"Румыния","la":"Romania","lad":"Rumania","lb":"Rumänien","lbe":"Румыния","lez":"Румыния","lfn":"Romania","lg":"Romania","li":"Roemenië","lij":"Romania","lld":"Romania","lmo":"Rumania","ln":"Rumania","lo":"ປະເທດຣູມານີ","lt":"Rumunija","ltg":"Rumuneja","lv":"Rumānija","mad":"Romania","map-bms":"Rumania","mdf":"Румыния","mg":"Romania","mhr":"Румыний","mi":"Romeinia","min":"Rumania","mk":"Романија","ml":"റൊമാനിയ","mn":"Румын","mr":"रोमेनिया","ms":"Romania","mt":"Rumanija","mwl":"Roménia","my":"ရိုမေးနီးယားနိုင်ငံ","myv":"Румыния Мастор","nap":"Rumania","nb":"Romania","nds":"Rumänien","nds-nl":"Roemenië","ne":"रोमानिया","nl":"Roemenië","nn":"Romania","no":"Romania","nov":"Rumania","nrm":"Roumanie","nv":"Tséhonoojí Dineʼé Bikéyah","oc":"Romania","olo":"Rumiinii","om":"Romaaniyaa","or":"ରୋମାନିଆ","os":"Румыни","pa":"ਰੋਮਾਨੀਆ","pag":"Romaniya","pam":"Romania","pap":"Rumania","pcd":"Roumanie","pdc":"Rumeenie","pl":"Rumunia","pms":"Romanìa","pnt":"Ρουμανία","ps":"رومانیا","pt":"Romênia","qu":"Rumanya","rm":"Rumenia","rmy":"Rumuniya","ro":"România","roa-rup":"Rumãnii","roa-tara":"Romanie","ru":"Румыния","rue":"Румуньско","rw":"Romaniya","sah":"Румыния","sc":"Romania","scn":"Rumanìa","sco":"Roumainie","sd":"رومانيا","se":"Romania","sh":"Rumunija","shi":"Rumanya","si":"රුමේනියාව","sk":"Rumunsko","sl":"Romunija","sm":"Romania","smn":"Romania","sn":"Romania","so":"Romania","sq":"Rumania","sr":"Румунија","srn":"Romenikondre","ss":"IRomaniya","st":"Romania","stq":"Rumänien","su":"Romania","sv":"Rumänien","sw":"Romania","szl":"Růmůńijo","szy":"Romania","ta":"உருமேனியா","tay":"Romania","te":"రొమేనియా","tet":"Roménia","tg":"Руминия","th":"ประเทศโรมาเนีย","ti":"ሮማንያ","tk":"Rumyniýa","tl":"Rumanya","tly":"Rumynijə","to":"Lomēnia","tok":"ma Lominija","tpi":"Romenia","tr":"Romanya","trv":"Romania","tt":"Румыния","tum":"Romania","tw":"Romania","udm":"Румыния","ug":"رۇمىنىيە","uk":"Румунія","ur":"رومانیہ","uz":"Ruminiya","vec":"Romanìa","vep":"Romanii","vi":"România","vls":"Roemenië","vo":"Rumän","wa":"Roumaneye","war":"Rumania","wo":"Romaani","xh":"Romaniya","yi":"ראמעניע","yo":"Románíà","za":"Romania","zea":"Roemenië","zh":"羅馬尼亞","zh-min-nan":"Romania","zu":"IRomaniya"},"from":1991.9354838709678,"to":null,"wikidata":"Q218","adminLevel":2,"source":"OpenHistoricalMap","sourceUrl":"https://www.openhistoricalmap.org"}},{"type":"Feature","geometry":{"type":"Polygon","coordinates":[[[6.1123,50.136],[6.1018,50.1706],[6.0618,50.1537],[6.0215,50.1823],[5.9686,50.1729],[5.9595,50.1356],[5.9025,50.1167],[5.8874,50.0803],[5.8542,50.0589],[5.8699,50.0459],[5.8595,50.0295],[5.8219,50.0142],[5.8375,49.9809],[5.7806,49.9627],[5.7366,49.8978],[5.7832,49.8789],[5.7567,49.8733],[5.7585,49.8487],[5.7418,49.8393],[5.7526,49.7986],[5.7923,49.7924],[5.8321,49.7474],[5.8268,49.7279],[5.8752,49.7219],[5.8801,49.7033],[5.8623,49.68],[5.91,49.6633],[5.8995,49.6346],[5.8479,49.5961],[5.8724,49.5752],[5.8186,49.5464],[5.8642,49.5009],[5.9652,49.4928],[5.9793,49.4552],[6.0427,49.4491],[6.0566,49.4652],[6.0948,49.4533],[6.1561,49.5035],[6.2387,49.512],[6.3614,49.461],[6.3577,49.529],[6.3805,49.5501],[6.3616,49.5698],[6.4229,49.6218],[6.4355,49.6706],[6.5033,49.7124],[6.5007,49.7512],[6.5182,49.7609],[6.5083,49.7869],[6.5304,49.8075],[6.467,49.821],[6.4292,49.811],[6.3583,49.851],[6.3233,49.8379],[6.3143,49.8667],[6.2333,49.9023],[6.222,49.9414],[6.1411,49.9956],[6.132,50.0167],[6.1428,50.0192],[6.1132,50.0586],[6.1379,50.128],[6.1123,50.136]]]},"properties":{"id":"Q32","names":{"ab":"Лиуксембург","af":"Luxemburg","am":"ሉክሰምበርግ","an":"Luxemburgo","ar":"لوكسمبورغ","as":"লাক্সেমবাৰ্গ","av":"Луксембург","az":"Lüksemburq","ba":"Люксембург","be":"Люксембург","bg":"Люксембург","bh":"लक्समबर्ग","bi":"Laksembog","bn":"লুক্সেমবার্গ","bo":"ལུ་སེམ་བའུརག","br":"Luksembourg","bs":"Luksemburg","ca":"Luxemburg","ce":"Люксембург","co":"Lussemburgu","cs":"Lucembursko","cu":"Люѯємбоургъ","cv":"Люксембург","cy":"Lwcsembwrg","da":"Luxembourg","de":"Luxemburg","ee":"Laksembɔg","el":"Λουξεμβούργο","en":"Luxembourg","eo":"Luksemburgo","es":"Luxemburgo","et":"Luksemburg","eu":"Luxenburgo","fa":"لوکزامبورگ","ff":"Luksammbuur","fi":"Luxemburg","fo":"Luksemborg","fr":"Luxembourg","fy":"Lúksemboarch","ga":"Lucsamburg","gd":"Lucsamburg","gl":"Luxemburgo","gn":"Luxemburgo","gu":"લક્ઝેમ્બર્ગ","gv":"Lucsemburg","ha":"Luksamburg","he":"לוקסמבורג","hi":"लक्ज़मबर्ग","hr":"Luksemburg","ht":"Liksanbou","hu":"Luxemburg","hy":"Լյուքսեմբուրգ","ia":"Luxemburg","id":"Luksemburg","ie":"Luxemburgia","ig":"Luxembourg","io":"Luxemburgia","is":"Lúxemborg","it":"Lussemburgo","ja":"ルクセンブルク","jv":"Luxemburg","ka":"ლუქსემბურგი","kg":"Luxembourg","kk":"Люксембург","km":"លុចសំបួ","kn":"ಲಕ್ಸೆಂಬೊರ್ಗ್","ko":"룩셈부르크","ku":"Lûksembûrg","kv":"Люксембург","kw":"Luksembourg","ky":"Люксембург","la":"Luxemburgum","lb":"Lëtzebuerg","lg":"Luxembourg","li":"Luxembörg","ln":"Luksamburg","lt":"Liuksemburgas","lv":"Luksemburga","mg":"Loksemborga","mi":"Rakapuō","mk":"Луксембург","ml":"ലക്സംബർഗ്","mn":"Люксембург","mr":"लक्झेंबर्ग","ms":"Luxembourg","mt":"Lussemburgu","my":"လူဇင်ဘတ်နိုင်ငံ","nb":"Luxembourg","ne":"लक्जेम्बर्ग","nl":"Luxemburg","nn":"Luxembourg","nv":"Bineʼadziihii Yázhí Hahoodzo","oc":"Luxemborg","om":"Laaksembargi","os":"Люксембург","pa":"ਲਕਸਮਬਰਗ","pi":"लक्सम्बर्ग","pl":"Luksemburg","ps":"لوګزامبورګ","pt":"Luxemburgo","qu":"Luksimpur","rm":"Luxemburg","ro":"Luxemburg","ru":"Люксембург","rw":"Lugizamburu","sa":"लक्सम्बर्ग","sc":"Lussemburgu","sd":"لڪسمبرگ","se":"Luxemburg","si":"ලක්සම්බර්ග්","sk":"Luxembursko","sl":"Luksemburg","sm":"Lukisemipoka","sn":"Rakisombhegi","so":"Luksaamboorgi","sq":"Luksemburgu","sr":"Луксембург","ss":"Lusembogu","su":"Luksemburg","sv":"Luxemburg","sw":"Luxemburg","ta":"லக்சம்பர்க்","te":"లక్సెంబర్గ్","tg":"Люксембург","th":"ประเทศลักเซมเบิร์ก","tk":"Lüksemburg","tl":"Luxembourg","to":"Lakisemipeki","tr":"Lüksemburg","ts":"Luxembourg","tt":"Люксембург","ug":"ليۇكسېمبۇرگ","uk":"Люксембург","ur":"لکسمبرگ","uz":"Lyuksemburg","vi":"Luxembourg","vo":"Luxämburgän","wa":"Lussimbork","wo":"Luksambuur","xh":"Luxemburg","yi":"לוקסעמבורג","yo":"Lúksẹ́mbọ̀rg","za":"Luzswnhbauj","zh":"卢森堡"},"from":1945,"to":2007,"wikidata":"Q32","adminLevel":2,"source":"OpenHistoricalMap","sourceUrl":"https://www.openhistoricalmap.org"}},{"type":"Feature","geometry":{"type":"Polygon","coordinates":[[[-5.3394,36.1482],[-5.3511,36.1549],[-5.3546,36.1288],[-5.3639,36.1339],[-5.346,36.1089],[-5.3394,36.1482]]]},"properties":{"id":"Q1410","names":{"am":"ጅብራልታር","an":"Chibraltar","ar":"جبل طارق","az":"Cəbəllüttariq","ba":"Гибралтар","be":"Гібралтар","bg":"Гибралтар","bn":"জিব্রাল্টার","br":"Jibraltar","cv":"Гибралтар","de":"Gibraltar","dv":"ޖަބަލްޠާރިޤު","el":"Γιβραλτάρ","en":"Gibraltar","eo":"Ĝibraltaro","es":"Gibraltar","fa":"جبل‌الطارق","fr":"Gibraltar","ga":"Giobráltar","gd":"Giobraltair","gl":"Xibraltar","gu":"જિબ્રાલ્ટર","gv":"Gibraaltar","he":"גיברלטר","hi":"जिब्राल्टर","hu":"Gibraltár (brit tengerentúli terület)","hy":"Ջիբրալթար","is":"Gíbraltar","it":"Gibilterra","ja":"ジブラルタル","ka":"გიბრალტარი","kk":"Гибралтар","ko":"지브롤터","ku":"Cîbraltar","kw":"Jibraltar","ky":"Гибралтар","la":"Gibraltaria","lo":"ກິບຣາທາ","lt":"Gibraltaras","lv":"Gibraltārs","mg":"Gibraltara","mi":"Kāmaka","mk":"Гибралтар","ml":"ജിബ്രാൾട്ടർ","mn":"Гибралтар","mr":"जिब्राल्टर","mt":"Ġibiltà","my":"ဂျီဘရော်လ်တာ","ne":"जिब्राल्टार","oc":"Gibartar","or":"ଜିବ୍ରାଲ୍ଟର","os":"Гибралтар","pa":"ਜਿਬਰਾਲਟਰ","ps":"جبل الطارق","ru":"Гибралтар","rw":"Giburalitari","sd":"جبل الطارق","si":"ජිබ්‍රෝල්ටාව","sk":"Gibraltár","so":"Jibraltaar","sq":"Gjibraltari","sr":"Гибралтар","ta":"ஜிப்ரால்ட்டர்","te":"జిబ్రాల్టర్","tg":"Ҷабалутториқ","th":"ยิบรอลตาร์","tr":"Cebelitarık","tt":"Гибралтар","uk":"Гібралтар","ur":"جبل‌الطارق","wa":"Djibraltar","wo":"Jibraltaar","xh":"Gilbhraltha","yi":"גיבראלטאר","zh":"直布罗陀"},"from":1713,"to":null,"wikidata":"Q1410","adminLevel":2,"source":"OpenHistoricalMap","sourceUrl":"https://www.openhistoricalmap.org"}},{"type":"Feature","geometry":{"type":"Polygon","coordinates":[[[15.6559,46.0828],[15.6189,46.0916],[15.5996,46.1429],[15.6462,46.1892],[15.6472,46.2172],[15.6761,46.2268],[15.7794,46.213],[15.8015,46.2598],[16.009,46.3094],[16.0346,46.3353],[16.0731,46.3426],[16.0554,46.3868],[16.0696,46.3917],[16.1422,46.4052],[16.2003,46.38],[16.3028,46.3809],[16.2434,46.484],[16.272,46.5176],[16.3017,46.512],[16.3682,46.555],[16.5303,46.4796],[16.5892,46.4749],[16.5236,46.5054],[16.5301,46.5283],[16.51,46.5633],[16.3897,46.6399],[16.3853,46.6539],[16.4217,46.6663],[16.4192,46.696],[16.3686,46.7042],[16.3733,46.7189],[16.3531,46.7211],[16.3215,46.7589],[16.33,46.7779],[16.3111,46.7836],[16.3408,46.8058],[16.3432,46.8432],[16.2915,46.8726],[16.2407,46.8763],[16.1543,46.8544],[16.1166,46.8673],[15.9894,46.8293],[15.9896,46.7391],[16.0295,46.7119],[16.0382,46.6565],[15.9087,46.711],[15.8349,46.7222],[15.7642,46.6993],[15.65,46.7058],[15.6296,46.6801],[15.5916,46.687],[15.5442,46.6695],[15.5459,46.6361],[15.501,46.6146],[15.4643,46.6146],[15.4507,46.6418],[15.4145,46.6554],[15.2419,46.6402],[15.1437,46.6594],[15.0451,46.6519],[14.9824,46.6024],[14.9575,46.6319],[14.9137,46.606],[14.8736,46.6082],[14.8121,46.5083],[14.717,46.4994],[14.7022,46.4669],[14.6832,46.4679],[14.6748,46.4507],[14.5867,46.4283],[14.5814,46.3812],[14.5636,46.3723],[14.521,46.4272],[14.4824,46.4143],[14.4433,46.4229],[14.4299,46.4467],[14.3113,46.4304],[14.2832,46.4435],[14.1679,46.4335],[14.0865,46.4865],[14.008,46.4814],[13.9154,46.5201],[13.7965,46.5059],[13.7187,46.5228],[13.6879,46.4399],[13.5982,46.4392],[13.5688,46.4009],[13.4423,46.3602],[13.4483,46.3311],[13.382,46.2987],[13.4205,46.2093],[13.4831,46.2247],[13.5504,46.2099],[13.5657,46.1864],[13.6331,46.1915],[13.6632,46.1792],[13.6424,46.1367],[13.5008,46.0613],[13.5084,46.0361],[13.4829,46.0013],[13.5402,45.9651],[13.5933,45.9897],[13.6417,45.9837],[13.6345,45.9331],[13.5917,45.8888],[13.5751,45.8454],[13.5965,45.8093],[13.6648,45.8],[13.7968,45.7425],[13.8592,45.6648],[13.9169,45.6345],[13.8421,45.5832],[13.7152,45.5969],[13.6287,45.6315],[13.3844,45.5659],[13.6696,45.4461],[13.7854,45.466],[13.8197,45.4351],[13.884,45.4262],[13.914,45.4532],[13.9806,45.4538],[13.9928,45.471],[13.9659,45.5083],[14.011,45.5199],[14.0804,45.4839],[14.2053,45.4699],[14.2385,45.5055],[14.32,45.4729],[14.3941,45.494],[14.4931,45.5416],[14.5013,45.6078],[14.5396,45.6188],[14.5689,45.6708],[14.5982,45.6687],[14.6015,45.6241],[14.6906,45.58],[14.6918,45.5272],[14.7204,45.5342],[14.7965,45.5028],[14.8228,45.4605],[14.9075,45.4771],[14.9134,45.5163],[14.9297,45.529],[14.9852,45.4973],[15.0862,45.4828],[15.0917,45.4645],[15.1518,45.4275],[15.2177,45.4253],[15.2738,45.466],[15.3257,45.4529],[15.3785,45.4851],[15.3041,45.5341],[15.3001,45.5767],[15.2797,45.601],[15.3061,45.6128],[15.3054,45.6321],[15.406,45.6503],[15.371,45.6837],[15.3524,45.6718],[15.3583,45.7131],[15.3384,45.7123],[15.3147,45.6809],[15.2626,45.7272],[15.3967,45.79],[15.4686,45.7951],[15.4675,45.8147],[15.491,45.8311],[15.519,45.8213],[15.5708,45.8506],[15.646,45.8237],[15.7008,45.8461],[15.6784,45.8683],[15.6904,45.8831],[15.6819,45.8999],[15.7118,45.9393],[15.7004,45.999],[15.7234,46.0516],[15.6559,46.0828]],[[15.3036,45.6893],[15.3015,45.6897],[15.3065,45.6912],[15.3036,45.6893]]]},"properties":{"id":"Q215","names":{"ab":"Словениа","ace":"Slovenia","ady":"Словение","af":"Slowenië","als":"Slowenien","am":"ስሎቬኒያ","ami":"Slovenia","an":"Eslovenia","ang":"Slofenia","ar":"سلوفينيا","ast":"Eslovenia","av":"Словения","avk":"Slovenia","ay":"Isluwiña","az":"Sloveniya","ba":"Словения","ban":"Slovénia","bar":"Slowenien","bat_smg":"Slovienėjė","bcl":"Slobinya","be":"Славенія","bew":"Slowéni","bg":"Словения","bh":"स्लोवेनिया","bi":"Slovenia","bn":"স্লোভেনিয়া","bo":"སི་ལོ་ཝེ་ནི་ཡ།","br":"Slovenia","bs":"Slovenija","bxr":"Словени","ca":"Eslovènia","cbk_zam":"Eslovenia","cdo":"Slovenia","ce":"Словени","ceb":"Eslobenya","ch":"Eslovenia","chy":"Slovenia","co":"Sluvenia","crh":"Sloveniya","cs":"Slovinsko","csb":"Słoweniô","cu":"Їллѷрїиска Словѣнїꙗ","cv":"Словени","cy":"Slofenia","da":"Slovenien","de":"Slowenien","diq":"Slowenya","dsb":"Słowjeńska","dv":"ސުލޮވީނިއާ","dz":"སི་ལོ་ཝེ་ཉི་ཡ","ee":"Slovenia","el":"Σλοβενία","eml":"Śluvègna","en":"Slovenia","eo":"Slovenio","es":"Eslovenia","et":"Sloveenia","eu":"Eslovenia","ext":"Esloveña","fa":"اسلوونی","ff":"Suloweniya","fi":"Slovenia","fiu_vro":"Sloveeniä","fo":"Slovenia","fr":"Slovénie","frp":"Slovènia","frr":"Sloweenien","fur":"Slovenie","fy":"Sloveenje","ga":"an tSlóivéin","gag":"Sloveniya","gcr":"Slovéni","gd":"Sloibhìnia","gl":"Eslovenia","gn":"Elovéña","gu":"સ્લોવેનિયા","gv":"yn Clovean","ha":"Sloveniya","hak":"Slovenia","haw":"Solowenia","he":"סלובניה","hi":"स्लोवेनिया","hif":"Slovenia","hr":"Slovenija","hsb":"Słowjenska","ht":"Sloveni","hu":"Szlovénia","hy":"Սլովենիա","ia":"Slovenia","iba":"Slovenia","id":"Slovenia","ie":"Slovenia","ig":"Slovenia","ilo":"Eslobenia","io":"Slovenia","is":"Slóvenía","it":"Slovenia","ja":"スロベニア","jam":"Sloviinia","jv":"Slowén","ka":"სლოვენია","kaa":"Sloveniya","kab":"Sluvinya","kbd":"Словениэ","kbp":"Siloveni","kg":"Slovenia","kk":"Словения","kn":"ಸ್ಲೊವೇನಿಯ","ko":"슬로베니아","koi":"Словения","krc":"Словения","ks":"سلووینیا","ku":"Slovenya","kv":"Словения","kw":"Sloveni","ky":"Словения","la":"Slovenia","lad":"Eslovenia","lb":"Slowenien","lez":"Словения","lfn":"Slovenia","lg":"Slovenia","li":"Slovenië","lij":"Slovenia","lld":"Slovenia","lmo":"Sluenia","ln":"Slovenia","lo":"ປະເທດສະໂລເວນີ","lt":"Slovėnija","ltg":"Sloveneja","lv":"Slovēnija","mad":"Slovenia","map_bms":"Slovenia","mdf":"Словения","mg":"Slôvenia","mhr":"Словений","mi":"Horowinia","min":"Slovenia","mk":"Словенија","ml":"സ്ലൊവീന്യ","mn":"Словени","mr":"स्लोव्हेनिया","ms":"Slovenia","mt":"Slovenja","mwl":"Slobénia","my":"ဆလိုဗေးနီးယားနိုင်ငံ","myv":"Словения Мастор","nap":"Slovenia","nb":"Slovenia","nds":"Slowenien","nds_nl":"Sloveniën","ne":"स्लोभेनिया","nl":"Slovenië","nn":"Slovenia","no":"Slovenia","nov":"Slovenia","nrm":"Slovénie","nv":"Táʼídziilnii Bikéyah","oc":"Eslovènia","olo":"Slovenii","om":"Isloveeniyaa","or":"ସ୍ଲୋଭେନିଆ","os":"Словени","pa":"ਸਲੋਵੇਨੀਆ","pag":"Eslovenia","pam":"Eslobenya","pap":"Slovenia","pcd":"Slovénie","pdc":"Slovenia","pl":"Słowenia","pms":"Slovenia","pnt":"Σλοβενία","ps":"سلووانيا","pt":"Eslovénia","qu":"Isluwinya","rm":"Slovenia","ro":"Slovenia","roa_rup":"Slovenia","roa_tara":"Slovenie","rsk":"Словения","ru":"Словения","rue":"Словенія","rw":"Siloveniya","sa":"स्लोवीनिया","sah":"Словения","sc":"Islovènia","scn":"Slovenia","sco":"Slovenie","sd":"سلووينیا","se":"Slovenia","sh":"Slovenija","si":"ස්ලෝවේනියාව","sk":"Slovinsko","sl":"Slovenija","sm":"Solovenia","smn":"Slovenia","sn":"Slovenia","so":"Isloveeniya","sq":"Sllovenia","sr":"Словенија","srn":"Slovenikondre","ss":"Siloveni","st":"Slovenia","stq":"Slowenien","su":"Slovénia","sv":"Slovenien","sw":"Slovenia","szl":"Słowyńijo","szy":"Slovenia","ta":"சுலோவீனியா","tay":"Slovenia","te":"స్లోవేనియా","tet":"Eslovénia","tg":"Словения","th":"ประเทศสโลวีเนีย","tk":"Sloweniýa","tl":"Eslobenya","tly":"Slovenijə","to":"Silōvenia","tpi":"Slovenia","tr":"Slovenya","trv":"Slovenia","ts":"Slovenia","tt":"Словения","tum":"Slovenia","tw":"Slovenia","udm":"Словения","ug":"سلوۋېنىيە","uk":"Словенія","ur":"سلووینیا","uz":"Sloveniya","vec":"Slovènia","vep":"Slovenii","vi":"Slovenia","vls":"Slovenië","vo":"Slovenän","wa":"Sloveneye","war":"Eslovenya","wo":"Esloweeni","xh":"Sloveniya","yi":"סלאוועניע","yo":"Sloféníà","za":"Slovenia","zea":"Slovenië","zh":"斯洛文尼亚","zu":"ISloveniya"},"from":1991.481182795699,"to":null,"wikidata":"Q215","adminLevel":2,"source":"OpenHistoricalMap","sourceUrl":"https://www.openhistoricalmap.org"}},{"type":"Feature","geometry":{"type":"MultiPolygon","coordinates":[[[[15.3036,45.6893],[15.3053,45.6904],[15.3015,45.6897],[15.3036,45.6893]]],[[[15.3048,45.6937],[15.304,45.6965],[15.3002,45.6925],[15.3048,45.6937]]],[[[15.9185,45.2281],[15.9209,45.2125],[15.9803,45.2293],[16.0086,45.2181],[16.018,45.1858],[16.0471,45.1787],[16.0921,45.1039],[16.1739,45.0704],[16.191,45.0364],[16.2876,44.9987],[16.3502,45.0021],[16.3974,45.1144],[16.4655,45.1465],[16.4766,45.1846],[16.5121,45.22],[16.6046,45.2297],[16.6898,45.1977],[16.7302,45.2073],[16.8208,45.1852],[16.8404,45.1925],[16.8423,45.2202],[16.8498,45.2059],[16.8749,45.2197],[16.8846,45.2544],[16.9059,45.251],[16.9256,45.2762],[16.9484,45.2604],[16.9425,45.2272],[16.9718,45.2271],[16.9678,45.2507],[16.9891,45.2231],[17.0227,45.2355],[17.0166,45.213],[17.0335,45.2246],[17.0519,45.2007],[17.1725,45.1486],[17.2465,45.1464],[17.2746,45.1892],[17.3546,45.1394],[17.4101,45.1344],[17.4517,45.1584],[17.4493,45.128],[17.4935,45.1284],[17.4806,45.1115],[17.5328,45.1099],[17.5498,45.1299],[17.5545,45.1124],[17.6007,45.1065],[17.6686,45.1338],[17.8491,45.0442],[17.9295,45.0781],[17.9307,45.1047],[18.0061,45.1514],[18.0356,45.1257],[18.0693,45.1415],[18.0823,45.1249],[18.0718,45.1099],[18.1159,45.0813],[18.1981,45.0791],[18.2215,45.099],[18.2122,45.1247],[18.2509,45.1391],[18.3239,45.1014],[18.4213,45.1091],[18.4742,45.0634],[18.5299,45.0512],[18.5509,45.0731],[18.5383,45.0938],[18.5706,45.0701],[18.5806,45.0937],[18.6108,45.0802],[18.6336,45.093],[18.6058,45.0669],[18.6566,45.0563],[18.6587,45.0871],[18.6775,45.0931],[18.686,45.0747],[18.6679,45.0636],[18.735,45.0189],[18.7353,44.992],[18.7965,44.9908],[18.7844,44.973],[18.8025,44.9376],[18.7512,44.9405],[18.7722,44.9181],[18.7682,44.9022],[18.8541,44.8535],[19.0139,44.8553],[18.9892,44.9059],[18.9981,44.9135],[19.0351,44.9215],[19.0663,44.9014],[19.1539,44.9522],[19.1404,44.98],[19.0576,44.9758],[19.1027,45.0111],[19.1047,45.0761],[19.0762,45.114],[19.0865,45.1454],[19.142,45.1299],[19.1946,45.179],[19.1716,45.2003],[19.2854,45.171],[19.2968,45.1712],[19.285,45.1996],[19.3003,45.2057],[19.3445,45.1731],[19.4321,45.1699],[19.4355,45.1951],[19.4207,45.2339],[19.2608,45.2425],[19.1087,45.2966],[19.0779,45.3413],[19.026,45.3444],[18.9745,45.3738],[18.9822,45.3971],[19.0302,45.4118],[18.9888,45.4509],[18.9973,45.4905],[19.0827,45.4878],[19.1015,45.5096],[19.0136,45.5576],[18.9474,45.5338],[18.8984,45.5724],[18.9126,45.6005],[18.9447,45.6054],[18.9449,45.6204],[18.9151,45.614],[18.9523,45.6246],[18.9336,45.638],[18.9765,45.6572],[18.913,45.7077],[18.9656,45.6948],[18.9773,45.7142],[18.9118,45.712],[18.9137,45.7252],[18.9508,45.723],[18.9791,45.7405],[18.96,45.7678],[18.9075,45.7448],[18.8508,45.7728],[18.9185,45.7884],[18.9154,45.8202],[18.8999,45.8259],[18.8481,45.8104],[18.8566,45.8541],[18.9015,45.8734],[18.8706,45.8931],[18.9039,45.9109],[18.8218,45.9145],[18.8103,45.8788],[18.7899,45.8787],[18.7029,45.9184],[18.6689,45.9144],[18.5734,45.8051],[18.5178,45.7845],[18.4896,45.7936],[18.48,45.7685],[18.4454,45.7639],[18.4457,45.7378],[18.4055,45.7412],[18.3691,45.7685],[18.342,45.748],[18.1905,45.7874],[18.1693,45.7757],[18.123,45.7879],[18.0838,45.7639],[17.9946,45.7957],[17.9112,45.7913],[17.8579,45.7694],[17.8312,45.8062],[17.7584,45.8144],[17.7402,45.8326],[17.6598,45.836],[17.6221,45.9077],[17.5678,45.9373],[17.436,45.9501],[17.4372,45.9321],[17.3951,45.9302],[17.3793,45.9482],[17.3471,45.9426],[17.3487,45.9605],[17.3864,45.9561],[17.3624,45.961],[17.3753,45.9879],[17.3502,45.9753],[17.3397,45.9944],[17.329,45.9699],[17.3085,45.9719],[17.3249,45.986],[17.2982,45.984],[17.3043,45.9949],[17.2576,46.0116],[17.2939,46.0233],[17.2566,46.0457],[17.272,46.053],[17.2384,46.0579],[17.2226,46.0816],[17.2062,46.0761],[17.2248,46.0934],[17.213,46.1142],[17.1747,46.1128],[17.1854,46.1335],[17.1586,46.1693],[16.9779,46.2236],[16.9127,46.2617],[16.8864,46.2871],[16.8656,46.3549],[16.7931,46.3871],[16.7619,46.3776],[16.739,46.3987],[16.7183,46.3915],[16.6524,46.4638],[16.5142,46.4784],[16.4808,46.5089],[16.374,46.5418],[16.3714,46.5539],[16.2414,46.4915],[16.2753,46.4209],[16.3076,46.397],[16.2931,46.3783],[16.189,46.3778],[16.1422,46.4052],[16.062,46.3929],[16.073,46.3421],[16.0344,46.3349],[16.0177,46.312],[15.7915,46.2593],[15.8003,46.2411],[15.7644,46.2081],[15.6749,46.2268],[15.6464,46.216],[15.646,46.1889],[15.6056,46.1635],[15.6063,46.114],[15.621,46.0895],[15.731,46.0452],[15.701,45.9954],[15.706,45.924],[15.6825,45.9059],[15.6808,45.8664],[15.7083,45.8483],[15.6446,45.8232],[15.5716,45.8537],[15.5606,45.8357],[15.5425,45.8464],[15.5249,45.8235],[15.4778,45.8262],[15.4655,45.7944],[15.4037,45.7926],[15.2622,45.727],[15.3222,45.674],[15.3189,45.6935],[15.3518,45.7137],[15.3609,45.6883],[15.3493,45.6747],[15.3652,45.6857],[15.4,45.6507],[15.3853,45.6384],[15.3449,45.646],[15.3522,45.6388],[15.3105,45.6329],[15.2771,45.6045],[15.2992,45.5829],[15.314,45.5242],[15.378,45.4922],[15.3289,45.4526],[15.2772,45.4659],[15.2206,45.4253],[15.1923,45.4362],[15.1677,45.4222],[15.0571,45.4929],[14.9888,45.4963],[14.9336,45.5283],[14.916,45.5207],[14.9102,45.4792],[14.8194,45.4596],[14.7956,45.5033],[14.7193,45.534],[14.6908,45.5267],[14.6903,45.5807],[14.6007,45.6246],[14.6042,45.6662],[14.5756,45.6709],[14.5419,45.6206],[14.5041,45.6078],[14.4937,45.5421],[14.3228,45.4704],[14.3166,45.483],[14.2627,45.4845],[14.2385,45.5055],[14.2076,45.4693],[14.0733,45.4845],[14.011,45.5197],[13.9622,45.506],[13.9925,45.4824],[13.9872,45.459],[13.9135,45.453],[13.8807,45.4266],[13.8164,45.4343],[13.7813,45.4664],[13.6726,45.4436],[13.5966,45.4704],[13.468,45.5884],[13.3121,45.5462],[13.2097,45.4522],[13.2598,45.3101],[13.288,45.1133],[13.358,44.9629],[13.4816,44.8043],[13.7027,44.5993],[14.4021,44.1866],[14.6227,44.0082],[14.7828,43.9159],[14.8858,43.8028],[15.0626,43.6597],[15.4375,43.4496],[15.8255,43.3179],[15.9164,43.2252],[15.6775,43.2232],[15.444,43.3052],[15.2518,43.2312],[15.1858,43.0548],[15.3094,42.9142],[15.4969,42.8949],[15.9467,42.7631],[16.2186,42.8085],[16.2501,42.6552],[16.3394,42.5839],[16.198,42.5905],[16.0854,42.548],[16.0098,42.4822],[15.9879,42.3606],[16.0854,42.2306],[16.3779,42.1777],[16.5083,42.2245],[16.5797,42.3007],[16.6058,42.4468],[16.4685,42.5541],[16.6017,42.5662],[16.9105,42.5225],[17.2774,42.5733],[17.9242,42.4356],[18.0929,42.3812],[18.4203,42.2099],[18.5398,42.3895],[18.5237,42.4203],[18.4424,42.4809],[18.4341,42.5653],[18.3599,42.6171],[18.2498,42.603],[18.1766,42.6612],[18.1573,42.6539],[18.1406,42.6802],[18.1049,42.6865],[18.0984,42.7172],[18.0103,42.7526],[17.9429,42.8004],[17.8913,42.8098],[17.8988,42.8295],[17.8702,42.8466],[17.8578,42.8865],[17.8297,42.9094],[17.8091,42.9171],[17.7872,42.8916],[17.7499,42.9132],[17.6844,42.922],[17.6348,42.8879],[17.5405,42.9286],[17.7121,42.973],[17.6412,43.0892],[17.4352,43.179],[17.4219,43.2296],[17.3321,43.2699],[17.2511,43.4037],[17.2823,43.4313],[17.2759,43.473],[17.2295,43.4964],[17.1594,43.4938],[17.0094,43.5752],[16.8116,43.7555],[16.7528,43.7696],[16.7272,43.7938],[16.7063,43.8576],[16.6261,43.902],[16.5875,43.9432],[16.5502,43.9536],[16.5022,44.0244],[16.4366,44.0307],[16.4277,44.0832],[16.3774,44.0801],[16.3185,44.1145],[16.3062,44.1478],[16.2383,44.2006],[16.2119,44.2151],[16.1731,44.2082],[16.2173,44.2254],[16.187,44.2958],[16.2187,44.3481],[16.1305,44.3792],[16.1653,44.4114],[16.1406,44.4272],[16.1367,44.4842],[16.1162,44.5188],[16.0187,44.5627],[16.0165,44.5833],[16.0569,44.6072],[16.0319,44.6516],[15.9756,44.6713],[15.9565,44.7046],[15.9326,44.7075],[15.8961,44.7468],[15.8755,44.7288],[15.8189,44.7235],[15.7821,44.7495],[15.7287,44.8253],[15.7932,44.843],[15.7647,44.8664],[15.7381,44.9354],[15.7479,44.9637],[15.7824,44.978],[15.7463,45.0589],[15.7876,45.1125],[15.7669,45.1683],[15.8421,45.2249],[15.9185,45.2281]]]]},"properties":{"id":"Q224","names":{"ab":"Хорватиа","ace":"Kroasia","ady":"Хорватие","af":"Kroasië","als":"Kroatien","am":"ክሮኤሽያ","ami":"Croatia","an":"Croacia","ang":"Horigtaland","ann":"Kuresha","ar":"كرواتيا","ast":"Croacia","av":"Хорватия","avk":"Xrvatska","ay":"Kruwatiya","az":"Xorvatiya","ba":"Хорватия","ban":"Kroasia","bar":"Krowozien","bat-smg":"Kroatėjė","bcl":"Kroasya","be":"Харватыя","be-x-old":"Харватыя","bew":"Kroasi","bg":"Хърватия","bh":"क्रोएशिया","bi":"Kroasia","bn":"ক্রোয়েশিয়া","bo":"ཁུརོ་ཤི་ཡ།","br":"Kroatia","bs":"Hrvatska","bxr":"Хорвати","ca":"Croàcia","cbk-zam":"Croacia","cdo":"Croatia","ce":"Хорвати","ceb":"Krowatiya","ch":"Croacia","chy":"Croatia","co":"Croazia","crh":"Hırvatistan","cs":"Chorvatsko","csb":"Chòrwackô","cu":"Хръватьска","cv":"Хăрвати","cy":"Croatia","da":"Kroatien","dag":"Croatia","de":"Kroatien","diq":"Xırvatıstan","dsb":"Chorwatska","dv":"ކުރޮއޭޝިއާ","dz":"ཀུརོ་ཤི་ཡ","ee":"Croatia","el":"Κροατία","eml":"Cruàsia","en":"Croatia","eo":"Kroatio","es":"Croacia","et":"Horvaatia","eu":"Kroazia","ext":"Croacia","fa":"کرواسی","ff":"Korowaasiya","fi":"Kroatia","fiu-vro":"Horvaatia","fj":"Croatia","fo":"Kroatia","fr":"Croatie","frp":"Croacia","frr":"Kroaatien","fur":"Cravuazie","fy":"Kroaasje","ga":"An Chróit","gag":"Kroațiya","gcr":"Kroasi","gd":"A' Chròthais","gl":"Croacia","gn":"Koroásia","gu":"ક્રોએશિયા","gv":"Yn Chroit","ha":"Kroatiya","hak":"Croatia","haw":"Koloatia","he":"קרואטיה","hi":"क्रोएशिया","hif":"Croatia","hr":"Hrvatska","hsb":"Chorwatska","ht":"Kwowasi","hu":"Horvátország","hy":"Խորվաթիա","ia":"Croatia","id":"Kroasia","ie":"Croatia","ig":"Kroatia","ik":"Huvasiiq","ilo":"Kroasia","io":"Kroatia","is":"Króatía","it":"Croazia","ja":"クロアチア","jam":"Kruoyesha","jbo":"xrvatskas","jv":"Kroasia","ka":"ხორვატია","kaa":"Xorvatiya","kab":"Kruwatya","kbd":"Хоруатиэ","kbp":"Krowasii","kcg":"Ki̱rowesiya","kg":"Kroatia","kge":"Kroasia","kk":"Хорватия","km":"ក្រូអាស៊ី","kn":"ಕ್ರೊಯೆಶಿಯ","knc":"Croatia","ko":"크로아티아","koi":"Хӧрватска","krc":"Хорватия","ku":"Xirwatistan","kv":"Хорватия","kw":"Kroati","ky":"Хорватия","la":"Croatia","lad":"Kroasia","lb":"Kroatien","lez":"Хорватия","lfn":"Corvatsca","lg":"Croatia","li":"Kroatië","lij":"Croaçia","lld":"Croazia","lmo":"Cruazia","ln":"Kroasia","lo":"ປະເທດກຣົວຊີ","lt":"Kroatija","ltg":"Horvateja","lv":"Horvātija","mad":"Kroasia","map-bms":"Kroasia","mdf":"Хорватия","mg":"Krôasia","mhr":"Хорватий","mi":"Koroātia","min":"Kroasia","mk":"Хрватска","ml":"ക്രൊയേഷ്യ","mn":"Хорват","mr":"क्रोएशिया","ms":"Croatia","mt":"Kroazja","mwl":"Croácia","my":"ခရိုအေးရှားနိုင်ငံ","myv":"Хорватия Мастор","nap":"Croazia","nb":"Kroatia","nds":"Kroatien","nds-nl":"Kroasië","ne":"क्रोएसिया","nl":"Kroatië","nn":"Kroatia","no":"Kroatia","nov":"Kroatia","nrm":"Croatie","nv":"Daalchííʼ Dadikʼą́ąhnii Bikéyah","oc":"Croàcia","olo":"Horvatii","om":"Kirooshiyaa","or":"କ୍ରୋଏସିଆ","os":"Хорвати","pa":"ਕ੍ਰੋਏਸ਼ੀਆ","pag":"Kroasiya","pam":"Kroasia","pap":"Kroasia","pcd":"Croachie","pdc":"Kroaati","pl":"Chorwacja","pms":"Croassia","pnt":"Κροατία","ps":"کرواسيا","pt":"Croácia","qu":"Hurwatsuyu","rm":"Croazia","rmy":"Kroatiya","rn":"Croacia","ro":"Croația","roa-rup":"Cruatsii","roa-tara":"Croazie","rsk":"Горватска","ru":"Хорватия","rue":"Хорватія","rw":"Korowatiya","sa":"क्रोएशिया","sah":"Хорватия","sc":"Croàtzia","scn":"Croazzia","sco":"Croatie","sd":"ڪروشيا","se":"Kroatia","sg":"Kroasïi","sh":"Hrvatska","si":"ක්‍රොඒෂියාව","sk":"Chorvátsko","sl":"Hrvaška","sm":"Koroasia","smn":"Kroatia","sn":"Kurohesha","so":"Kuruweshiya","sq":"Kroacia","sr":"Хрватска","srn":"Krvatkondre","ss":"IKhuroshiya","st":"Kroatia","stq":"Kroatien","su":"Kroasia","sv":"Kroatien","sw":"Kroatia","szl":"Chorwacyjo","szy":"Croatia","ta":"குரோவாசியா","tay":"Croatia","te":"క్రోయేషియా","tet":"Kroásia","tg":"Хорватия","th":"ประเทศโครเอเชีย","tk":"Horwatiýa","tl":"Kroasya","tly":"Xorvatijə","to":"Kuloisia","tok":"ma Lowasi","tpi":"Krowesia","tr":"Hırvatistan","trv":"Croatia","ts":"Croatia","tt":"Хорватия","tum":"Croatia","tw":"Croatia","ty":"Toroātia","udm":"Хорватия","ug":"كرودىيە","uk":"Хорватія","ur":"کروئیشا","uz":"Xorvatiya","vec":"Croàsia","vep":"Horvatii","vi":"Croatia","vls":"Kroatië","vo":"Kroasän","wa":"Crowaceye","war":"Kroasya","wo":"Korwaasi","yi":"קראאטיע","yo":"Kroatíà","za":"Croatia","zea":"Kroaotië","zh":"克罗地亚","zh-min-nan":"Croatia","zu":"IKrowati"},"from":1991.481182795699,"to":null,"wikidata":"Q224","adminLevel":2,"source":"OpenHistoricalMap","sourceUrl":"https://www.openhistoricalmap.org"}},{"type":"Feature","geometry":{"type":"Polygon","coordinates":[[[20.5943,41.8771],[20.5634,41.8694],[20.5706,41.7877],[20.5349,41.778],[20.5155,41.7326],[20.5297,41.6864],[20.5203,41.6575],[20.5564,41.5873],[20.4628,41.5565],[20.4718,41.5304],[20.454,41.5224],[20.4965,41.4877],[20.5125,41.4398],[20.5604,41.4075],[20.5202,41.3383],[20.4978,41.3373],[20.5179,41.229],[20.5895,41.143],[20.5932,41.0969],[20.6714,41.087],[20.7324,40.9116],[20.8049,40.8984],[20.8433,40.9345],[20.9382,40.9245],[20.9786,40.896],[20.98,40.8589],[21.0164,40.854],[21.152,40.8572],[21.2068,40.8843],[21.2564,40.8612],[21.3131,40.8672],[21.4172,40.9178],[21.53,40.9078],[21.5659,40.8702],[21.5979,40.8697],[21.6381,40.8979],[21.6689,40.8991],[21.6878,40.9423],[21.7819,40.929],[21.804,40.9497],[21.8056,40.979],[21.9103,41.0485],[21.9099,41.0901],[21.9721,41.1286],[22.0616,41.1543],[22.1266,41.1246],[22.2141,41.1681],[22.3146,41.1479],[22.327,41.1217],[22.3967,41.1379],[22.4191,41.1187],[22.5622,41.1312],[22.5808,41.1182],[22.6135,41.1309],[22.6577,41.1837],[22.7114,41.1398],[22.7262,41.145],[22.7482,41.169],[22.762,41.3193],[22.8064,41.339],[22.9272,41.3385],[22.9655,41.3535],[22.9553,41.4208],[22.9779,41.4513],[22.9576,41.4951],[22.9731,41.5623],[22.9502,41.5946],[22.9494,41.6341],[22.9842,41.6487],[23.0337,41.7227],[23.0089,41.767],[22.9683,41.7718],[22.9272,41.863],[22.9015,41.8778],[22.8679,42.0202],[22.7345,42.0474],[22.7113,42.0679],[22.6811,42.0635],[22.5289,42.1392],[22.5043,42.1912],[22.4753,42.201],[22.3787,42.3087],[22.2982,42.3458],[22.2971,42.3716],[22.2578,42.3644],[22.2298,42.3358],[22.1999,42.3404],[22.1694,42.3151],[22.0668,42.2988],[22.0301,42.299],[21.9405,42.3424],[21.9241,42.3068],[21.8942,42.3004],[21.8424,42.3246],[21.7648,42.2596],[21.7251,42.2654],[21.7011,42.234],[21.5823,42.2595],[21.5213,42.2415],[21.5108,42.2674],[21.4449,42.2779],[21.4368,42.2326],[21.3993,42.2492],[21.3339,42.2048],[21.3059,42.143],[21.3148,42.1151],[21.2684,42.0947],[21.2249,42.0955],[21.2145,42.1328],[21.1618,42.1971],[21.1095,42.2062],[21.0198,42.1511],[20.9194,42.1274],[20.8915,42.0974],[20.7846,42.0789],[20.7495,42.0194],[20.7482,41.9883],[20.7661,41.9633],[20.7558,41.9475],[20.7722,41.9211],[20.728,41.8643],[20.6868,41.8587],[20.6484,41.8745],[20.6213,41.8578],[20.5943,41.8771]]]},"properties":{"id":"Q221","names":{"de":"EJR Mazedonien","en":"FYR Macedonia","fy":"EJR Masedoanje","hr":"BJR Makedonija","ja":"マケドニア旧ユーゴスラビア共和国","ko":"구유고슬로비아 마케도니아 공화국","nl":"VJR Macedonië","sh":"БЈР Македонија / BJR Makedonija","sh-Cyrl":"BJR Makedonija","sh-Latn":"BJR Makedonija","sr":"БЈР Македонија","sr-Latn":"BJR Makedonija","zh":"前南斯拉夫馬其頓共和國"},"from":1991.6854838709678,"to":2019.1129032258063,"wikidata":"Q221","adminLevel":2,"source":"OpenHistoricalMap","sourceUrl":"https://www.openhistoricalmap.org"}},{"type":"Feature","geometry":{"type":"Polygon","coordinates":[[[19.9584,39.825],[19.9776,39.7909],[19.9321,39.6924],[19.9876,39.6419],[20.0123,39.6945],[20.0324,39.7013],[20.1235,39.6575],[20.1924,39.6451],[20.2261,39.6476],[20.2187,39.6648],[20.231,39.6785],[20.2648,39.6713],[20.2841,39.7119],[20.3215,39.7291],[20.2952,39.7556],[20.3043,39.7754],[20.2897,39.8049],[20.3476,39.804],[20.3804,39.7847],[20.4145,39.8145],[20.382,39.8818],[20.3373,39.9241],[20.3362,39.9598],[20.3117,39.9912],[20.3935,39.9961],[20.4105,40.0451],[20.4498,40.074],[20.4879,40.0642],[20.5115,40.0829],[20.5769,40.0671],[20.6784,40.0954],[20.6761,40.1275],[20.6937,40.1512],[20.6745,40.165],[20.6809,40.184],[20.7265,40.2235],[20.7065,40.2678],[20.7905,40.3626],[20.7862,40.4256],[20.8246,40.4414],[20.8415,40.4778],[20.9564,40.4691],[20.9679,40.5188],[21.006,40.5517],[21.0346,40.5545],[21.0461,40.5767],[21.0577,40.6672],[20.9622,40.7703],[20.9852,40.7935],[20.9768,40.8998],[20.9433,40.9218],[20.8459,40.9364],[20.8072,40.8987],[20.7324,40.9116],[20.6714,41.087],[20.5929,41.098],[20.5882,41.1446],[20.5165,41.2366],[20.4982,41.3383],[20.5238,41.3422],[20.5596,41.4108],[20.54,41.4349],[20.5099,41.4419],[20.4963,41.4881],[20.4539,41.5221],[20.4715,41.53],[20.4626,41.5563],[20.5564,41.5873],[20.5251,41.6375],[20.5148,41.7314],[20.5318,41.7762],[20.5725,41.7949],[20.5612,41.8673],[20.5915,41.8764],[20.5779,41.9132],[20.6206,41.9449],[20.6252,41.9665],[20.593,42.0441],[20.5546,42.0826],[20.5656,42.1268],[20.514,42.2243],[20.4612,42.2691],[20.4028,42.2861],[20.3464,42.3245],[20.2504,42.3227],[20.2388,42.3807],[20.2131,42.3975],[20.2215,42.4302],[20.1607,42.5079],[20.0811,42.5544],[20.0143,42.5387],[20.0045,42.5109],[19.9347,42.5163],[19.9061,42.5076],[19.8984,42.4863],[19.8791,42.4951],[19.8334,42.468],[19.8036,42.4751],[19.7459,42.5408],[19.753,42.5813],[19.7749,42.5912],[19.7526,42.6135],[19.7563,42.6335],[19.7189,42.6591],[19.6155,42.5819],[19.6152,42.5439],[19.5665,42.5162],[19.4725,42.3943],[19.4257,42.3717],[19.3848,42.2832],[19.2818,42.18],[19.4035,42.1033],[19.3701,42.0313],[19.3843,41.9622],[19.3514,41.9576],[19.3716,41.9244],[19.3426,41.911],[19.3771,41.8873],[19.3751,41.8659],[19.1978,41.6654],[19.1313,41.4572],[19.1262,41.3901],[19.1686,41.1485],[19.1121,40.8658],[19.0509,40.707],[19.0017,40.4879],[19.0553,40.3283],[19.1156,40.2667],[19.1684,40.18],[19.2926,40.0684],[19.6222,40.0113],[19.7553,39.9168],[19.9584,39.825]]]},"properties":{"id":"Q222","names":{"ab":"Арнауҭтәыла","ace":"Albania","ady":"Албание","af":"Albanië","als":"Albanien","am":"አልባኒያ","ami":"Arpaniya","an":"Albania","ang":"Albānland","ann":"Alibania","ar":"ألبانيا","as":"আলবেনিয়া","ast":"Albania","av":"Албан","avk":"Skiperia","ay":"Alwaña","az":"Albaniya","ba":"Албания","ban":"Albania","bar":"Oibanien","bat-smg":"Albanėjė","bbc":"Albania","bcl":"Albanya","be":"Албанія","be-x-old":"Альбанія","bew":"Albani","bg":"Албания","bh":"अल्बानिया","bi":"Albania","bjn":"Albania","bm":"Alibani","bn":"আলবেনিয়া","bo":"ཨལ་པ་ཉི་ཡ།","br":"Albania","bs":"Albanija","btm":"Albania","bxr":"Албани","ca":"Albània","cbk-zam":"Albania","cdo":"Albania","ce":"Албани","ceb":"Albanya","ch":"Albania","chy":"Albania","co":"Albania","crh":"Arnavutlıq","cs":"Albánie","csb":"Albańskô","cu":"Алванїꙗ","cv":"Албани","cy":"Albania","da":"Albanien","dag":"Albania","de":"Albanien (1944-2003)","dga":"Albania","din":"Albania","diq":"Arnawudiye","dsb":"Albańska","dtp":"Albania","dv":"އަލްބޭނިއާ","dz":"ཨཱལ་བེ་ནི་ཡ། Albania","ee":"Albania","el":"Αλβανία","eml":"Albanî","en":"Albania","eo":"Albanio","es":"Albania","et":"Albaania","eu":"Albania","ext":"Albaña","fa":"آلبانی","ff":"Albaniya","fi":"Albania","fiu-vro":"Albaania","fj":"Alabania","fo":"Albania","fr":"Albanie","frp":"Albania","frr":"Albaanien","fur":"Albanie","fy":"Albaanje","ga":"An Albáin","gag":"Albaniya","gcr":"Albani","gd":"Albàinia","gl":"Albania","gn":"Alvánia","got":"𐌰𐌻𐌱𐌰𐌽𐌾𐌰","gpe":"Albania","gu":"આલ્બેનિયા","gur":"Albania","gv":"Yn Albaan","ha":"Albaniya","hak":"Albania","haw":"ʻAlepania","he":"אלבניה","hi":"अल्बानिया","hif":"Albania","hr":"Albanija","hsb":"Albanska","ht":"Albani","hu":"Albánia","hy":"Ալբանիա","ia":"Albania","iba":"Albania","id":"Albania","ie":"Albania","ig":"Albania","igl":"Albania","ik":"Albania","ilo":"Albania","io":"Albania","is":"Albanía","it":"Albania","iu":"ᐊᐅᐸᐃᓂᐊ","ja":"アルバニア","jam":"Albienia","jbo":"gugdeʼalu","jv":"Albani","ka":"ალბანეთი","kaa":"Albaniya","kab":"Albanya","kbd":"Арнаутие","kcg":"A̱li̱beniya","kg":"Albania","kge":"Albaniya","ki":"Arũmbĩnia","kk":"Албания","km":"អាល់បានី","kn":"ಅಲ್ಬೇನಿಯ","knc":"Albania","ko":"알바니아","koi":"Штиприя","krc":"Албания","ks":"البانیہَ","ksh":"Albanien","ku":"Albanya","kv":"Албания","kw":"Albani","ky":"Албания","la":"Albania","lad":"Albania","lb":"Albanien","lez":"Албания","lfn":"Xciperia","lg":"Albania","li":"Albanië","lij":"Albania","lld":"Albania","lmo":"Albania","ln":"Albania","lo":"ປະເທດອານບານີ","lt":"Albanija","ltg":"Albaneja","lv":"Albānija","mad":"Albania","map-bms":"Albania","mdf":"Албания","mg":"Albania","mhr":"Албаний","mi":"Arapeinia","min":"Albania","mk":"Албанија","ml":"അൽബേനിയ","mn":"Албани","mos":"Albania","mr":"आल्बेनिया","mrj":"Албани","ms":"Albania","mt":"Albanija","mwl":"Albánia","my":"အယ်လ်ဘေးနီးယားနိုင်ငံ","myv":"Албания Мастор","nap":"Albania","nb":"Albania","nds":"Albanien","nds-nl":"Albanië","ne":"अल्बानिया","nia":"Albania","nl":"Albanië","nn":"Albania","no":"Albania","nov":"Albania","nrm":"Albannie","nso":"Albania","nup":"Albania","nv":"Dziłgaiiʼnii Bikéyah","ny":"Albania","oc":"Albania","olo":"Albuanii","om":"Albeeniyaa","or":"ଆଲବାନିଆ","os":"Албани","pa":"ਅਲਬਾਨੀਆ","pag":"Shqip","pam":"Albania","pap":"Albania","pcd":"Albanie","pdc":"Albaani","pdt":"Albanien","pl":"Albania","pms":"Albanìa","pnt":"Αλβανία","ps":"البانیا","pt":"Albânia","qu":"Alpanya","rm":"Albania","rmy":"Shkiperiya","rn":"Albaniya","ro":"Albania","roa-rup":"Arbinishii","roa-tara":"Albanie","rsk":"Албания","ru":"Албания","rue":"Албанія","rw":"Alubaniya","sa":"अल्बेनिया","sah":"Албания","sc":"Albania","scn":"Albanìa","sco":"Albainie","sd":"البانيا","se":"Albánia","sg":"Albanïi","sh":"Albanija / Албанија","sh-Cyrl":"Албанија","sh-Latn":"Albanija","shi":"Albanya","si":"ඇල්බේනියාව","sk":"Albánsko","sl":"Albanija","sm":"Alapenia","smn":"Albania","sn":"Arubhaniya","so":"Albania","sq":"Shqipëria","sr":"Албанија","sr-Latn":"Albanija","srn":"Albanikondre","ss":"I-Alibheniya","st":"Albania","stq":"Albanien","su":"Albania","sv":"Albanien","sw":"Albania","szl":"Albanijŏ","szy":"Albania","ta":"அல்பேனியா","tay":"Albania","te":"అల్బేనియా","tet":"Albánia","tg":"Албания","th":"ประเทศแอลเบเนีย","ti":"ኣልባኒያ","tk":"Albaniýa","tl":"Albanya","tly":"Albanijə","tn":"Albania","to":"ʻAlipania","tok":"ma Sipe","tpi":"Albenia","tr":"Arnavutluk","trv":"Albania","ts":"Albania","tt":"Албания","tum":"Albania","tw":"Albania","ty":"Arapania","tyv":"Албания","udm":"Албания","ug":"ئالبانىيە","uk":"Албанія","ur":"البانیا","uz":"Albaniya","vec":"Albanìa","vep":"Albanii","vi":"Albania","vls":"Albanië","vo":"Lalbanän","wa":"Albaneye","war":"Albanya","wo":"Albaani","xal":"Арнгудин Орн","xh":"Albania","yi":"אלבאניע","yo":"Alibéníà","za":"Albania","zea":"Albanië","zh":"阿尔巴尼亚","zh-min-nan":"Albania","zu":"I-Albaniya"},"from":1991.3252688172042,"to":null,"wikidata":"Q222","adminLevel":2,"source":"OpenHistoricalMap","sourceUrl":"https://www.openhistoricalmap.org"}},{"type":"Feature","geometry":{"type":"Polygon","coordinates":[[[22.554,43.4616],[22.6604,43.4259],[22.6825,43.3941],[22.76,43.3791],[22.8252,43.3309],[22.8478,43.2775],[22.8965,43.2267],[23.0041,43.1849],[22.9893,43.1708],[22.9834,43.114],[22.9202,43.081],[22.8984,43.0364],[22.7899,42.9832],[22.772,42.949],[22.7799,42.9317],[22.7508,42.8914],[22.6761,42.866],[22.5996,42.894],[22.5733,42.8679],[22.5224,42.8767],[22.5086,42.8526],[22.4418,42.8254],[22.4414,42.8054],[22.4998,42.738],[22.4647,42.691],[22.4747,42.6736],[22.4389,42.5659],[22.4706,42.5621],[22.5438,42.5091],[22.5585,42.482],[22.5204,42.4019],[22.4826,42.3938],[22.4555,42.3336],[22.3615,42.3146],[22.4395,42.2526],[22.4729,42.2015],[22.5023,42.1947],[22.5268,42.1416],[22.6738,42.066],[22.7137,42.0676],[22.7359,42.0467],[22.8683,42.0156],[22.8752,41.9381],[22.9047,41.8758],[22.9222,41.8691],[22.9699,41.7705],[23.0098,41.7657],[23.033,41.7211],[22.9837,41.6468],[22.9491,41.6338],[22.9503,41.594],[22.9726,41.5613],[22.9599,41.4898],[22.9785,41.4451],[22.954,41.4145],[22.9656,41.3538],[22.9275,41.3394],[23.0903,41.3181],[23.1962,41.3223],[23.226,41.3405],[23.226,41.3679],[23.2829,41.3999],[23.3224,41.3996],[23.3404,41.3636],[23.4363,41.4062],[23.5161,41.4048],[23.6159,41.3753],[23.647,41.38],[23.6469,41.3955],[23.6739,41.4107],[23.7614,41.4012],[23.7995,41.4371],[23.8982,41.4563],[23.9088,41.4785],[23.9644,41.4399],[24.0172,41.4676],[24.0463,41.4503],[24.0735,41.465],[24.0597,41.5211],[24.1013,41.5504],[24.1864,41.515],[24.1899,41.5317],[24.2609,41.5737],[24.2972,41.5448],[24.3042,41.511],[24.3487,41.5253],[24.3619,41.5164],[24.3943,41.5391],[24.4502,41.5217],[24.4838,41.5577],[24.5239,41.5688],[24.5535,41.5499],[24.5596,41.5017],[24.6113,41.4252],[24.6643,41.4325],[24.6735,41.418],[24.7267,41.4176],[24.7477,41.3804],[24.8039,41.3464],[24.8199,41.4015],[24.8641,41.3918],[24.9166,41.4076],[24.943,41.3859],[25.0641,41.3609],[25.0832,41.3381],[25.1259,41.3421],[25.1329,41.3229],[25.1818,41.3082],[25.2336,41.2543],[25.2806,41.2359],[25.4891,41.2882],[25.526,41.2765],[25.5571,41.3157],[25.6244,41.304],[25.6586,41.3147],[25.7147,41.2915],[25.7189,41.318],[25.7818,41.3214],[25.8222,41.3487],[25.8731,41.3282],[25.8837,41.3047],[25.9751,41.3179],[26.0175,41.3455],[26.1317,41.3539],[26.1575,41.3893],[26.1591,41.4204],[26.1988,41.4363],[26.153,41.4862],[26.1712,41.4918],[26.1826,41.5346],[26.1766,41.5549],[26.1473,41.5544],[26.1381,41.6335],[26.0947,41.6263],[26.0742,41.6467],[26.0605,41.6883],[26.0702,41.7096],[26.1137,41.7135],[26.1749,41.7489],[26.2945,41.7105],[26.3579,41.7111],[26.3292,41.7362],[26.3689,41.8208],[26.5386,41.8235],[26.5803,41.8722],[26.5699,41.8803],[26.5845,41.9],[26.5616,41.9258],[26.6214,41.9783],[26.754,41.958],[26.7871,41.9896],[26.8471,41.9697],[26.8707,41.991],[26.9661,41.9966],[26.9813,42.0379],[27.0258,42.0562],[27.0215,42.0777],[27.0614,42.0899],[27.1991,42.0611],[27.2218,42.0986],[27.2732,42.102],[27.3633,42.0586],[27.383,42.0221],[27.4479,41.967],[27.511,41.9583],[27.5664,41.9051],[27.5777,41.9367],[27.7033,41.9779],[27.828,41.9476],[27.8209,41.9899],[27.8546,42.0016],[27.8531,41.9913],[27.8995,41.9921],[27.9076,41.9751],[28.3233,41.9808],[28.2774,42.0931],[28.1827,42.2072],[28.114,42.256],[28.0742,42.319],[28.1772,42.6845],[28.1676,42.9906],[28.2881,43.1844],[28.4697,43.1611],[28.5713,43.1882],[28.6798,43.2392],[28.8776,43.4788],[28.8858,43.5545],[28.8515,43.643],[28.8661,43.7394],[28.4463,43.7337],[28.2315,43.76],[27.9973,43.8421],[27.9444,43.9848],[27.9197,44.0059],[27.8434,43.9663],[27.7353,43.9537],[27.7101,43.9593],[27.6736,44.0298],[27.6436,44.048],[27.612,44.0122],[27.4689,44.0225],[27.3994,44.0122],[27.3575,44.057],[27.2968,44.0736],[27.2728,44.1266],[27.2154,44.1163],[27.1408,44.1401],[27.0418,44.1449],[26.9097,44.1339],[26.763,44.0778],[26.4482,44.0347],[26.3719,44.0417],[26.2016,43.9857],[26.1248,43.9794],[26.0497,43.9069],[25.9456,43.8561],[25.8725,43.7746],[25.8103,43.7455],[25.7869,43.7158],[25.7331,43.6928],[25.6733,43.6919],[25.5644,43.6457],[25.396,43.6194],[25.3515,43.6273],[25.2536,43.6829],[25.1673,43.7],[25.0688,43.6897],[24.9987,43.7275],[24.9603,43.7311],[24.7291,43.6863],[24.6071,43.7481],[24.495,43.7622],[24.4069,43.7364],[24.3511,43.6982],[24.1746,43.6831],[23.9858,43.7414],[23.8584,43.7575],[23.7492,43.801],[23.6178,43.7925],[23.4257,43.8521],[23.2657,43.8482],[23.0567,43.7966],[22.9555,43.8157],[22.8626,43.842],[22.839,43.8862],[22.8884,43.9887],[23.0112,44.0136],[23.044,44.0544],[23.0427,44.0759],[23.0132,44.0934],[22.9227,44.101],[22.7536,44.1971],[22.6713,44.2146],[22.6139,44.166],[22.6263,44.1505],[22.612,44.1144],[22.6194,44.0656],[22.5387,44.0528],[22.5408,44.0314],[22.524,44.0192],[22.4098,44.0043],[22.4114,43.9548],[22.3572,43.8095],[22.4024,43.7589],[22.3945,43.7308],[22.4099,43.6946],[22.4913,43.64],[22.4903,43.5557],[22.5245,43.4864],[22.554,43.4616]]]},"properties":{"id":"Q219","names":{"ab":"Болгариа","ace":"Bulgaria","ady":"Булгарие","af":"Bulgarye","als":"Bulgarien","am":"ቡልጋሪያ","ami":"Bulgaria","an":"Bulgaria","ang":"Pulgaraland","ann":"Buligaria","ar":"بلغاريا","arc":"ܒܘܠܓܐܪܝܐ","ary":"بلغاريا","arz":"بلجاريا","ast":"Bulgaria","av":"Булгъар","avk":"Balgaria","ay":"Bulkariya","az":"Bolqarıstan","azb":"بولغاریستان","ba":"Болгария","ban":"Bulgaria","bar":"Buigarien","bat_smg":"Bulgarėjė","bcl":"Bulgarya","be":"Балгарыя","be_x_old":"Баўгарыя","bew":"Bulgari","bg":"България","bh":"बुल्गारिया","bi":"Bulgaria","bm":"Bulgaria","bn":"বুলগেরিয়া","bo":"པུ་ར་ག་རི་ཡ།","br":"Bulgaria","bs":"Bugarska","bxr":"Болгари","ca":"Bulgària","cbk_zam":"Bulgaria","cdo":"Bulgaria","ce":"Болгари","ceb":"Bulgaria","ch":"Bulgaria","ckb":"بولگاریا","co":"Bulgaria","crh":"Bulğaristan","cs":"Bulharsko","csb":"Bùłgariô","cu":"Блъгарїꙗ","cv":"Болгари","cy":"Bwlgaria","da":"Bulgarien","de":"Bulgarien","din":"Bulgaria","diq":"Bulğarıstan","dsb":"Bulgaŕska","dv":"ބަލްގޭރިއާ","dz":"བཱུལ་གཱ་རི་ཡ།","ee":"Bulgaria","el":"Βουλγαρία","eml":"Bulgarî","en":"Bulgaria","eo":"Bulgario","es":"Bulgaria","et":"Bulgaaria","eu":"Bulgaria","ext":"Bulgaria","fa":"بلغارستان","ff":"Bulgariya","fi":"Bulgaria","fiu_vro":"Bulgaaria","fo":"Bulgaria","fr":"Bulgarie","frp":"Bulgaria","frr":"Bulgaarien","fur":"Bulgarie","fy":"Bulgarije","ga":"An Bhulgáir","gag":"Bulgariya","gcr":"Bilgari","gd":"Bulgàiria","gl":"Bulgaria","gn":"Vugária","gpe":"Bulgaria","gu":"બલ્ગેરિયા","gv":"Yn Vulgeyr","ha":"Bulgeriya","hak":"Bulgaria","haw":"Pulukalia","he":"בולגריה","hi":"बुल्गारिया","hif":"Bulgaria","hr":"Bugarska","hsb":"Bołharska","ht":"Bilgari","hu":"Bulgária","hy":"Բուլղարիա","ia":"Bulgaria","iba":"Bulgaria","id":"Bulgaria","ie":"Bulgaria","ig":"Bulgaria","ilo":"Bulgaria","inh":"Болгари","io":"Bulgaria","is":"Búlgaría","it":"Bulgaria","ja":"ブルガリア","jam":"Bulgieria","jbo":"bylgAri,as","jv":"Bulgari","ka":"ბულგარეთი","kaa":"Bolgariya","kab":"Bulgarya","kbd":"Балгариэ","kbp":"Puligari","kcg":"Buli̱gariya","kg":"Balgaria","kge":"Bulgaria","ki":"Bocyugo","kk":"Болгария","km":"ប៊ុលហ្ការី","kn":"ಬಲ್ಗೇರಿಯ","ko":"불가리아","koi":"Бӧлгария","krc":"Болгария","ks":"بَلغاریہ","ksh":"Bulgarije","ku":"Bulgaristan","kv":"Болгария","kw":"Bulgari","ky":"Болгария","la":"Bulgaria","lad":"Bulgaria","lb":"Bulgarien","lbe":"Болгария","lez":"Болгария","lfn":"Balgaria","lg":"Bulgaria","li":"Bulgarije","lij":"Bulgarîa","lld":"Bulgaria","lmo":"Bülgaria","ln":"Bulgaria","lo":"ປະເທດບູນກາລີ","lt":"Bulgarija","ltg":"Bulgareja","lv":"Bulgārija","mad":"Bulgaria","map_bms":"Bulgaria","mdf":"Болгария","mg":"Bolgaria","mhr":"Болгарий","mi":"Purukāria","min":"Bulgaria","mk":"Бугарија","ml":"ബൾഗേറിയ","mn":"Болгар","mr":"बल्गेरिया","mrj":"Болгари","ms":"Bulgaria","mt":"Bulgarija","mwl":"Bulgária","my":"ဘူလ်ဂေးရီးယားနိုင်ငံ","myv":"Болгария Мастор","nap":"Bulgaria","nb":"Bulgaria","nds":"Bulgarien","nds_nl":"Bulgarije","ne":"बुल्गेरिया","nl":"Bulgarije","nn":"Bulgaria","no":"Bulgaria","nov":"Bulgaria","nrm":"Bulgarie","nso":"Bulgaria","nv":"Ditsʼozí Daʼalzhishii Bikéyah","oc":"Bulgaria","olo":"Bolguarii","om":"Bulgeeriyaa","os":"Болгари","pa":"ਬੁਲਗਾਰੀਆ","pag":"Bulgariya","pam":"Bulgaria","pap":"Bulgaria","pcd":"Bulgarie","pdc":"Bulgarien","pfl":"Bulgarien","pl":"Bułgaria","pms":"Bulgarìa","pnt":"Βουλγαρία","ps":"بلغاریا","pt":"Bulgária","qu":"Pulqarya","rm":"Bulgaria","rmy":"Bulgariya","rn":"Bulgaria","ro":"Bulgaria","roa_rup":"Vurgaria","roa_tara":"Bulgarie","ru":"Болгария","rue":"Болгарія","rw":"Bulugariya","sa":"बुल्गारिया","sah":"Болгария","sc":"Bulgaria","scn":"Bulgarìa","sco":"Bulgarie","sd":"بلگاريا","se":"Bulgária","sg":"Bulugarïi","sh":"Bugarska","shi":"Bulɣarya","si":"බල්ගේරියාව","sk":"Bulharsko","sl":"Bolgarija","sm":"Pulutalia","smn":"Bulgaria","sn":"Bhurugariya","so":"Bulgaariya","sq":"Bullgaria","sr":"Бугарска","srn":"Bulgarikondre","ss":"IBhulgariya","st":"Bulgaria","stq":"Bulgarien","su":"Bulgaria","sv":"Bulgarien","sw":"Bulgaria","szl":"Bułgaryjo","szy":"Bulgaria","ta":"பல்காரியா","tay":"Bulgaria","te":"బల్గేరియా","tet":"Bulgária","tg":"Булғористон","th":"ประเทศบัลแกเรีย","tk":"Bolgariýa","tl":"Bulgarya","tly":"Bolgaristan","to":"Pulukalia","tpi":"Balgeria","tr":"Bulgaristan","trv":"Bulgaria","ts":"Bulgaria","tt":"Болгария","tum":"Bulgaria","tw":"Bulgaria","udm":"Болгария","ug":"بۇلغارىيە","uk":"Болгарія","ur":"بلغاریہ","uz":"Bolgariya","vec":"Bulgarìa","vep":"Bolgarii","vi":"Bulgaria","vls":"Bulgareye","vo":"Bulgarän","wa":"Bulgareye","war":"Bulgaria","wo":"Bulgaari","xh":"IBulgariya","yi":"בולגאריע","yo":"Bùlgáríà","za":"Bulgaria","zea":"Bulharije","zh":"保加利亚","zu":"IBulgariya"},"from":1990.8709677419354,"to":null,"wikidata":"Q219","adminLevel":2,"source":"OpenHistoricalMap","sourceUrl":"https://www.openhistoricalmap.org"}},{"type":"Feature","geometry":{"type":"MultiPolygon","coordinates":[[[[21.0856,37.3404],[20.9849,37.3646],[20.9136,37.3394],[20.8695,37.27],[20.8967,37.1892],[20.9984,37.1452],[21.0436,37.1487],[21.1143,37.1863],[21.1404,37.2401],[21.1378,37.2726],[21.0856,37.3404]]],[[[23.9697,36.9205],[23.8932,36.946],[23.8021,36.9266],[23.7551,36.8724],[23.7622,36.8037],[23.7906,36.7722],[23.855,36.7412],[23.9205,36.7408],[23.9697,36.7584],[24.0091,36.795],[24.022,36.8412],[24.0114,36.8791],[23.9697,36.9205]]],[[[23.5799,36.8672],[23.5853,36.9457],[23.5485,36.996],[23.5086,37.0211],[23.4025,37.023],[23.3522,36.9904],[23.3313,36.9565],[23.3301,36.9049],[23.3523,36.8607],[23.4053,36.8216],[23.4797,36.8106],[23.484,36.7377],[23.517,36.6972],[23.5929,36.6712],[23.6642,36.6847],[23.7187,36.7356],[23.7162,36.8108],[23.6593,36.8586],[23.5799,36.8672]]],[[[23.451,35.8594],[23.4282,35.9195],[23.3759,35.9704],[23.3516,36.0338],[23.2924,36.0722],[23.2325,36.0781],[23.179,36.0644],[23.1124,36.0257],[23.0853,35.983],[23.1009,35.907],[23.146,35.8722],[23.1997,35.7834],[23.2796,35.7302],[23.3504,35.7263],[23.4117,35.7505],[23.4464,35.7906],[23.451,35.8594]]],[[[23.9124,34.85],[23.9288,34.8033],[23.9645,34.7661],[24.0841,34.7053],[24.1731,34.7092],[24.216,34.7321],[24.2529,34.7828],[24.2469,34.8723],[24.2182,34.9247],[24.1213,34.9696],[24.0829,35.01],[24.0074,35.0381],[23.9293,35.0281],[23.872,34.9781],[23.8669,34.9085],[23.9124,34.85]]],[[[25.557,35.5012],[25.6373,35.5128],[25.6919,35.5644],[25.6937,35.6314],[25.6324,35.6892],[25.5232,35.6918],[25.4838,35.6689],[25.4551,35.6268],[25.454,35.5778],[25.4742,35.5419],[25.557,35.5012]]],[[[26.281,34.9408],[26.3307,34.9739],[26.3907,35.0585],[26.4729,35.2734],[26.4623,35.312],[26.3994,35.3849],[26.2988,35.4183],[26.2592,35.4632],[26.2068,35.4876],[26.1464,35.4886],[26.0927,35.4662],[26.053,35.4157],[26.0325,35.3348],[25.9243,35.2957],[25.8944,35.3019],[25.8793,35.3837],[25.8224,35.4324],[25.6298,35.4473],[25.4725,35.4041],[25.3705,35.4398],[25.3655,35.485],[25.3423,35.5185],[25.2487,35.5619],[25.1563,35.5515],[25.0889,35.5094],[25.0226,35.5255],[24.8181,35.5124],[24.6762,35.5274],[24.5267,35.476],[24.3854,35.4625],[24.3242,35.5444],[24.2878,35.6269],[24.2397,35.672],[24.1088,35.702],[24.0226,35.68],[23.9695,35.6422],[23.9026,35.64],[23.8893,35.7057],[23.8661,35.7391],[23.805,35.7833],[23.7477,35.7987],[23.6774,35.7856],[23.6283,35.7428],[23.5172,35.7287],[23.393,35.6621],[23.3529,35.6035],[23.3679,35.5366],[23.431,35.4932],[23.3916,35.3187],[23.3981,35.2599],[23.4299,35.208],[23.5258,35.1468],[23.6717,35.1269],[23.84,35.1414],[24.0063,35.0981],[24.3384,35.0828],[24.454,35.0454],[24.4583,34.9738],[24.495,34.9287],[24.5468,34.9053],[24.6081,34.9021],[24.6523,34.851],[24.7041,34.8276],[25.1218,34.8398],[25.3849,34.8913],[25.552,34.8875],[25.5617,34.8393],[25.5947,34.7978],[25.6439,34.7719],[25.7213,34.7638],[25.8367,34.8079],[25.8687,34.8599],[25.8643,34.9093],[25.8859,34.9195],[25.9405,34.9303],[25.9949,34.9193],[26.0514,34.8405],[26.1414,34.8171],[26.1969,34.8325],[26.2499,34.8718],[26.281,34.9408]]],[[[27.0591,35.32],[27.1244,35.3006],[27.206,35.317],[27.3285,35.4173],[27.3591,35.4716],[27.3372,35.5786],[27.2974,35.635],[27.337,35.7149],[27.3611,35.9061],[27.339,35.959],[27.2768,35.9996],[27.1599,35.9917],[27.0819,35.9174],[27.0413,35.8245],[27.029,35.752],[26.9454,35.6338],[26.9498,35.5586],[26.8853,35.5592],[26.7939,35.5345],[26.7325,35.5019],[26.7037,35.4598],[26.7093,35.3193],[26.7377,35.2873],[26.8121,35.248],[26.9182,35.2425],[27.0591,35.32]]],[[[26.9425,35.8395],[26.959,35.893],[26.9546,35.9417],[26.9224,35.9832],[26.8815,36.0042],[26.7735,35.9968],[26.7183,35.9564],[26.6957,35.9197],[26.7045,35.8409],[26.7797,35.7799],[26.8746,35.7826],[26.9425,35.8395]]],[[[26.5908,35.8494],[26.6318,35.9078],[26.623,35.9657],[26.5862,36.004],[26.5316,36.0237],[26.5255,36.0994],[26.499,36.1422],[26.449,36.1721],[26.3901,36.1828],[26.3008,36.1501],[26.2677,36.0773],[26.3094,35.9874],[26.3892,35.9467],[26.3872,35.9123],[26.3642,35.8945],[26.2947,35.9545],[26.2084,35.9636],[26.127,35.9229],[26.0985,35.8525],[26.1166,35.8033],[26.1696,35.7636],[26.2504,35.7563],[26.3272,35.7954],[26.3802,35.7404],[26.4577,35.7203],[26.5191,35.7311],[26.5656,35.7608],[26.5926,35.8082],[26.5908,35.8494]]],[[[26.6365,36.2304],[26.7093,36.1868],[26.8005,36.1918],[26.8716,36.2534],[26.8815,36.3194],[26.8531,36.3665],[26.7467,36.4455],[26.7082,36.4943],[26.6037,36.5222],[26.5822,36.6299],[26.4726,36.7213],[26.4053,36.7425],[26.3451,36.7388],[26.1724,36.6591],[26.0724,36.6434],[26.0232,36.6011],[26.0179,36.5174],[26.0658,36.4514],[26.1242,36.4303],[26.3442,36.4086],[26.4681,36.4347],[26.4892,36.3579],[26.5356,36.3267],[26.5675,36.2707],[26.6365,36.2304]]],[[[25.1781,38.12],[25.2369,38.0727],[25.3295,38.0682],[25.4041,38.118],[25.42,38.1907],[25.3936,38.2323],[25.3555,38.2558],[25.2607,38.2612],[25.1783,38.2043],[25.1661,38.1684],[25.1781,38.12]]],[[[24.0435,40.5449],[23.9893,40.6166],[23.9179,40.6553],[24.0387,40.6268],[24.1177,40.6316],[24.4361,40.7716],[24.3919,40.6662],[24.3954,40.6176],[24.4215,40.5759],[24.5739,40.4731],[24.6778,40.4721],[24.8679,40.5523],[24.905,40.6223],[24.9074,40.7336],[24.8937,40.7835],[24.9653,40.8396],[25.031,40.8447],[25.0809,40.8687],[25.2441,40.8311],[25.3132,40.8329],[25.5268,40.7707],[25.8998,40.7482],[25.9286,40.6904],[25.9942,40.7031],[26.0364,40.7302],[26.1188,40.7418],[26.1533,40.8035],[26.2086,40.8265],[26.2256,40.8916],[26.2443,40.8828],[26.2564,40.9107],[26.2909,40.8934],[26.2854,40.9307],[26.3559,40.9429],[26.3259,40.9864],[26.3607,41.005],[26.3619,41.0253],[26.3112,41.0758],[26.3361,41.1063],[26.3057,41.1093],[26.336,41.1463],[26.3071,41.1773],[26.331,41.2201],[26.3177,41.2362],[26.326,41.2556],[26.409,41.2553],[26.4641,41.2862],[26.4985,41.3287],[26.5501,41.3397],[26.5868,41.3225],[26.6251,41.3438],[26.6356,41.3851],[26.5994,41.4774],[26.5936,41.6072],[26.5342,41.6202],[26.4887,41.6537],[26.4895,41.6733],[26.4119,41.6827],[26.3346,41.7155],[26.2726,41.7151],[26.2352,41.738],[26.1567,41.7438],[26.1137,41.7135],[26.079,41.7122],[26.0605,41.6883],[26.0742,41.6467],[26.1211,41.6233],[26.1381,41.6335],[26.1473,41.5544],[26.1766,41.5549],[26.1826,41.5346],[26.1554,41.474],[26.2014,41.4384],[26.1591,41.4204],[26.1317,41.3539],[26.0314,41.3498],[25.9751,41.3179],[25.8837,41.3047],[25.8731,41.3282],[25.8222,41.3487],[25.769,41.3199],[25.7189,41.318],[25.7147,41.2915],[25.5602,41.3193],[25.5319,41.2803],[25.475,41.2883],[25.4292,41.2646],[25.288,41.2354],[25.2324,41.2473],[25.2226,41.2792],[25.1259,41.3421],[25.1025,41.3344],[24.9166,41.4076],[24.8641,41.3918],[24.8199,41.4015],[24.8126,41.3483],[24.7477,41.3804],[24.7267,41.4176],[24.6613,41.4192],[24.6643,41.4325],[24.6491,41.4348],[24.6164,41.4239],[24.5596,41.5017],[24.5535,41.5499],[24.5239,41.5688],[24.4838,41.5577],[24.4502,41.5217],[24.3943,41.5391],[24.3619,41.5164],[24.3379,41.5265],[24.3042,41.511],[24.3033,41.5387],[24.2609,41.5737],[24.1725,41.516],[24.1493,41.5393],[24.1013,41.5504],[24.0633,41.5268],[24.0735,41.465],[24.0463,41.4503],[24.0172,41.4676],[23.9644,41.4399],[23.915,41.4821],[23.8904,41.4501],[23.7995,41.4371],[23.7676,41.3961],[23.6739,41.4107],[23.6362,41.375],[23.5514,41.3863],[23.5256,41.405],[23.4417,41.4058],[23.4024,41.4014],[23.3404,41.3636],[23.3224,41.3996],[23.3071,41.4009],[23.2317,41.376],[23.226,41.3405],[23.1962,41.3223],[22.8146,41.3413],[22.7608,41.3149],[22.7482,41.169],[22.7165,41.1439],[22.6635,41.1855],[22.5892,41.1175],[22.5507,41.1307],[22.4693,41.1196],[22.4168,41.1194],[22.3731,41.1378],[22.3333,41.1287],[22.2729,41.1626],[22.2114,41.1678],[22.1238,41.1257],[22.0696,41.1561],[21.9133,41.0933],[21.9065,41.0442],[21.8004,40.975],[21.8037,40.9445],[21.7883,40.9319],[21.6842,40.9411],[21.6648,40.8996],[21.5908,40.8673],[21.5691,40.8665],[21.5243,40.9098],[21.4237,40.9175],[21.3563,40.8781],[21.2607,40.8602],[21.213,40.8834],[21.1435,40.8555],[20.9803,40.8539],[20.9852,40.7935],[20.9557,40.7703],[20.9849,40.7571],[20.9838,40.7382],[21.0577,40.6672],[21.0431,40.5583],[21.0081,40.5513],[20.9679,40.5188],[20.9691,40.4889],[20.9319,40.4625],[20.8485,40.4787],[20.8191,40.4385],[20.7894,40.4301],[20.7905,40.3626],[20.7065,40.2678],[20.7265,40.2235],[20.6777,40.1895],[20.6937,40.1512],[20.6761,40.1275],[20.6784,40.0954],[20.55,40.0637],[20.5115,40.0829],[20.4879,40.0642],[20.4498,40.074],[20.4095,40.0503],[20.3972,40.0033],[20.3117,39.9912],[20.3454,39.9451],[20.3373,39.9241],[20.4175,39.8398],[20.4145,39.8145],[20.3804,39.7847],[20.3047,39.8168],[20.2897,39.8049],[20.3075,39.7803],[20.2952,39.7556],[20.3222,39.7352],[20.266,39.6955],[20.2648,39.6713],[20.2314,39.6853],[20.2187,39.6648],[20.2292,39.651],[20.1351,39.6542],[20.0254,39.696],[19.9892,39.6404],[19.9335,39.6832],[19.9776,39.7909],[19.9511,39.8332],[19.7824,39.9055],[19.7297,39.8958],[19.6951,39.9544],[19.6121,39.9947],[19.5263,39.9904],[19.4745,39.9637],[19.324,39.9588],[19.2571,39.9009],[19.2519,39.8218],[19.2841,39.7748],[19.3739,39.7377],[19.4341,39.6644],[19.4832,39.646],[19.5486,39.6462],[19.6204,39.5718],[19.7044,39.5145],[19.7147,39.4496],[19.8165,39.3384],[20.0024,39.2861],[19.9968,39.2265],[20.021,39.1601],[20.166,39.0521],[20.2464,39.0287],[20.3165,39.0421],[20.3711,39.0888],[20.3791,39.1571],[20.5673,39.0149],[20.5995,38.9296],[20.4966,38.8392],[20.4168,38.7294],[20.4106,38.6809],[20.4259,38.6377],[20.4088,38.4586],[20.3427,38.4482],[20.2875,38.4089],[20.2163,38.222],[20.2201,38.1547],[20.2631,38.1042],[20.3686,38.0462],[20.5203,38.0007],[20.5926,37.9984],[20.5035,37.8947],[20.5065,37.8034],[20.6004,37.682],[20.7329,37.5739],[20.8471,37.5478],[20.9046,37.5632],[20.9558,37.5982],[21.0308,37.6082],[21.0964,37.6515],[21.1149,37.7331],[21.1315,37.733],[21.181,37.7187],[21.1807,37.6223],[21.2206,37.5646],[21.2899,37.5356],[21.3745,37.5401],[21.4992,37.4496],[21.5722,37.3325],[21.4635,37.2317],[21.4452,37.1818],[21.4462,37.123],[21.4177,37.082],[21.4145,37.0434],[21.4585,36.9698],[21.5285,36.9363],[21.5709,36.8053],[21.5708,36.7165],[21.6266,36.6548],[21.7348,36.6075],[21.7915,36.6049],[21.8734,36.5746],[21.9324,36.5785],[22.0032,36.628],[22.0198,36.6868],[22.0833,36.7595],[22.0904,36.8094],[22.141,36.7955],[22.173,36.7692],[22.2366,36.6566],[22.2436,36.5828],[22.2223,36.5037],[22.2571,36.4337],[22.3584,36.3681],[22.4063,36.3091],[22.4898,36.2872],[22.5571,36.3051],[22.615,36.3647],[22.6302,36.4825],[22.6122,36.5418],[22.6702,36.6218],[22.6757,36.6766],[22.7091,36.6095],[22.8155,36.5303],[22.8009,36.4882],[22.809,36.4147],[22.7683,36.3342],[22.7848,36.2777],[22.7796,36.1753],[22.7977,36.1328],[22.934,36.0061],[23.0014,35.9916],[23.0687,36.0096],[23.1508,36.0778],[23.1805,36.1408],[23.2365,36.2037],[23.2383,36.2702],[23.181,36.3317],[23.2885,36.3677],[23.3279,36.4459],[23.3158,36.4924],[23.2507,36.5904],[23.1719,36.65],[23.226,36.7366],[23.231,36.7933],[23.1613,36.9063],[23.1241,37.0502],[23.0756,37.148],[23.1862,37.1152],[23.2432,37.1278],[23.2872,37.1612],[23.4841,37.1595],[23.5332,37.1805],[23.5756,37.2414],[23.6735,37.2989],[23.7016,37.3487],[23.7005,37.3872],[23.6685,37.4381],[23.6569,37.5203],[23.6159,37.6286],[23.6622,37.7022],[23.7174,37.6718],[23.7787,37.6656],[23.8092,37.641],[23.8438,37.5826],[23.7855,37.5337],[23.7742,37.475],[23.8042,37.4229],[23.8826,37.3724],[23.9604,37.3669],[24.0252,37.3898],[24.055,37.4202],[24.0679,37.4661],[24.0218,37.5476],[24.1396,37.5543],[24.1639,37.4788],[24.2416,37.4172],[24.2557,37.3734],[24.2378,37.312],[24.2487,37.2648],[24.3128,37.212],[24.287,37.1265],[24.3035,37.0705],[24.3666,37.028],[24.5129,37.0082],[24.5331,36.973],[24.5412,36.9447],[24.4626,36.9168],[24.424,36.8824],[24.3459,36.8763],[24.212,36.9047],[24.1242,36.862],[24.1033,36.828],[24.1012,36.7608],[24.1214,36.7255],[24.1964,36.6646],[24.1935,36.6503],[24.0856,36.6431],[24.0299,36.5919],[24.0241,36.5166],[24.0665,36.4697],[24.1209,36.451],[24.1799,36.4549],[24.2374,36.4826],[24.2694,36.5335],[24.5199,36.5654],[24.5985,36.5923],[24.653,36.6435],[24.71,36.6576],[24.7282,36.6129],[24.7777,36.559],[24.855,36.5135],[24.9193,36.4973],[25.0017,36.5048],[25.2391,36.6001],[25.2917,36.5589],[25.2273,36.5036],[25.2053,36.4526],[25.2021,36.4137],[25.2319,36.36],[25.1339,36.339],[25.0772,36.2702],[25.0841,36.2034],[25.1365,36.1544],[25.207,36.1342],[25.2652,36.1428],[25.3247,36.189],[25.3383,36.2486],[25.44,36.2327],[25.4982,36.2413],[25.5734,36.2904],[25.6054,36.3414],[25.7356,36.2018],[25.7813,36.175],[25.8827,36.1665],[25.9548,36.1857],[26.0045,36.2279],[26.0196,36.2899],[25.9732,36.395],[25.9415,36.431],[25.8249,36.4904],[25.7498,36.501],[25.6721,36.4707],[25.6106,36.4039],[25.5843,36.4686],[25.4594,36.5678],[25.5033,36.621],[25.5214,36.7372],[25.5966,36.755],[25.6451,36.7331],[25.5613,36.6764],[25.5556,36.6012],[25.6282,36.5325],[25.7349,36.5291],[25.8057,36.5786],[25.8186,36.625],[25.808,36.6629],[25.9471,36.7115],[26.0443,36.7944],[26.2013,36.8122],[26.2509,36.8349],[26.2889,36.8742],[26.3638,36.8919],[26.5701,36.9181],[26.6206,36.9814],[26.6005,37.0546],[26.5464,37.095],[26.4367,37.1192],[26.2248,37.0777],[26.1502,37.0102],[26.114,37.0022],[26.0258,37.0353],[25.9314,37.0227],[25.7855,36.9491],[25.7626,36.979],[25.7893,36.9942],[25.8762,36.9988],[25.9318,37.0348],[25.9558,37.078],[25.9618,37.1419],[26.0079,37.1633],[26.0425,37.2027],[26.0506,37.2398],[26.0286,37.2935],[25.9363,37.3352],[25.8558,37.3171],[25.8169,37.2805],[25.8047,37.2328],[25.7012,37.1997],[25.6242,37.275],[25.5598,37.3009],[25.4507,37.2853],[25.369,37.2351],[25.2837,37.2625],[25.176,37.2425],[25.1046,37.2864],[25.0209,37.2878],[24.9702,37.2618],[24.9415,37.2206],[24.9438,37.1632],[24.9762,37.1124],[24.8645,37.0251],[24.7786,37.101],[24.6949,37.1321],[24.6817,37.1727],[24.7251,37.2175],[24.7297,37.277],[24.6949,37.3262],[24.61,37.3765],[24.599,37.4458],[24.5005,37.5645],[24.5248,37.6055],[24.542,37.5577],[24.5842,37.5235],[24.7561,37.4846],[24.7308,37.4086],[24.7372,37.3704],[24.7792,37.3036],[24.8615,37.266],[25.0443,37.3057],[25.0984,37.3412],[25.1425,37.2928],[25.209,37.2733],[25.3111,37.2834],[25.4701,37.3364],[25.5224,37.3159],[25.5986,37.3135],[25.6803,37.3588],[25.7062,37.421],[25.694,37.4677],[25.6577,37.5048],[25.5782,37.5256],[25.5015,37.57],[25.3757,37.5953],[25.3657,37.6492],[25.3293,37.6862],[25.2349,37.7298],[25.1176,37.7557],[25.1158,37.7942],[25.0481,37.9571],[25.0025,37.9883],[24.9413,38.0021],[24.8479,38.0817],[24.7846,38.0974],[24.7001,38.0943],[24.7146,38.1819],[24.6706,38.2368],[24.5888,38.26],[24.4639,38.2459],[24.384,38.2695],[24.3186,38.4524],[24.3551,38.5295],[24.3315,38.5923],[24.3613,38.6222],[24.3742,38.6673],[24.3448,38.7274],[24.3892,38.7323],[24.5257,38.6708],[24.6427,38.6533],[24.7673,38.7083],[24.8096,38.7737],[24.8018,38.8362],[24.7765,38.8756],[24.7039,38.9253],[24.6821,38.9768],[24.6134,39.0232],[24.5548,39.091],[24.454,39.1169],[24.3717,39.08],[24.3266,38.9439],[24.2623,38.9179],[24.2248,38.871],[24.218,38.8232],[24.2575,38.7639],[24.2478,38.7611],[24.2005,38.7526],[24.0621,38.7832],[23.8829,38.7737],[23.8384,38.7907],[23.7579,38.858],[23.6631,38.8633],[23.5645,38.9091],[23.5689,38.9783],[23.5425,39.0194],[23.5567,39.0278],[23.613,38.9969],[23.7139,38.9774],[23.7708,38.9818],[23.8449,39.0125],[23.8966,38.981],[24.0523,38.9383],[24.1105,38.9466],[24.1913,38.9856],[24.2391,39.0379],[24.2393,39.1167],[24.2107,39.1671],[24.1259,39.2003],[24.1258,39.2146],[24.221,39.2679],[24.3243,39.2382],[24.4098,39.2668],[24.4522,39.3316],[24.4395,39.4166],[24.3875,39.4552],[24.3084,39.467],[24.2992,39.5382],[24.2676,39.5768],[24.1668,39.6025],[24.1106,39.5855],[24.0701,39.5508],[24.0449,39.4614],[23.9776,39.4348],[23.9332,39.3844],[23.8551,39.3533],[23.7504,39.2489],[23.6339,39.3042],[23.4171,39.3029],[23.3692,39.3769],[23.3171,39.4156],[23.1925,39.5576],[23.0226,39.6545],[22.9569,39.8493],[22.8401,39.933],[22.8291,39.9813],[22.7989,40.0232],[22.6867,40.0916],[22.68,40.1333],[22.7187,40.2421],[22.7781,40.3299],[22.8382,40.293],[22.905,40.283],[22.9838,40.2313],[23.2005,40.1619],[23.1855,40.1132],[23.1929,40.0576],[23.2427,39.9991],[23.2355,39.9454],[23.2512,39.9103],[23.3042,39.8727],[23.449,39.8691],[23.5754,39.828],[23.6838,39.8169],[23.7849,39.8236],[23.863,39.8662],[23.9358,39.8447],[24.0437,39.8614],[24.1032,39.9053],[24.1424,40.0021],[24.1157,40.1291],[24.0726,40.1876],[24.0813,40.1934],[24.2219,40.0447],[24.2978,40.0199],[24.4585,40.0618],[24.5028,40.1006],[24.5203,40.1597],[24.4762,40.2435],[24.3955,40.3028],[24.3249,40.3835],[24.2298,40.4382],[24.1455,40.4536],[24.1043,40.5155],[24.0435,40.5449]]],[[[25.6996,40.3228],[25.7838,40.3573],[25.8193,40.4116],[25.8129,40.4979],[25.7291,40.5726],[25.603,40.6019],[25.5184,40.6008],[25.3653,40.5514],[25.3183,40.4998],[25.315,40.4631],[25.3374,40.4204],[25.499,40.3204],[25.6031,40.3002],[25.6996,40.3228]]],[[[25.4983,39.8741],[25.5575,39.9549],[25.5681,40.0311],[25.5426,40.0885],[25.4743,40.1255],[25.414,40.1265],[25.292,40.092],[25.1622,40.1171],[25.0895,40.114],[24.9581,40.0613],[24.9116,39.9925],[24.9297,39.9056],[24.9194,39.8392],[24.9381,39.7877],[24.9911,39.7501],[25.1263,39.7096],[25.3396,39.6888],[25.4196,39.702],[25.4633,39.734],[25.4922,39.7892],[25.4851,39.8549],[25.4983,39.8741]]],[[[25.0748,39.3968],[25.1776,39.5066],[25.175,39.579],[25.1287,39.6204],[25.0345,39.654],[24.9742,39.655],[24.9144,39.6307],[24.869,39.5809],[24.8497,39.5279],[24.8779,39.4136],[24.9201,39.3803],[24.9766,39.3666],[25.0748,39.3968]]],[[[26.2483,39.4233],[26.0707,39.3876],[25.9056,39.3936],[25.8475,39.3809],[25.7401,39.2943],[25.7023,39.2247],[25.7047,39.1688],[25.7482,39.115],[25.879,39.03],[25.9945,39.0084],[26.0763,38.9414],[26.1304,38.9199],[26.2159,38.921],[26.288,38.8892],[26.4104,38.8671],[26.5572,38.8799],[26.6979,38.9495],[26.7118,39.0868],[26.6362,39.188],[26.5552,39.224],[26.4955,39.2787],[26.4647,39.4239],[26.3466,39.437],[26.2483,39.4233]]],[[[26.2352,38.6378],[26.1085,38.6841],[25.997,38.7027],[25.8071,38.6696],[25.7409,38.6226],[25.6542,38.6913],[25.546,38.7042],[25.4315,38.6583],[25.3805,38.5639],[25.3778,38.5183],[25.4163,38.4601],[25.5198,38.4159],[25.6626,38.4497],[25.7193,38.4953],[25.7642,38.4304],[25.8397,38.3825],[25.7729,38.3345],[25.745,38.2933],[25.7393,38.2435],[25.757,38.1985],[25.7944,38.1518],[25.8575,38.1113],[25.9641,38.0594],[26.0279,38.054],[26.0927,38.0768],[26.2119,38.1677],[26.1709,38.2634],[26.1908,38.3188],[26.2205,38.3453],[26.2153,38.4064],[26.2301,38.4361],[26.3025,38.4603],[26.3435,38.4927],[26.3235,38.5394],[26.2352,38.6378]]],[[[27.9282,36.5421],[27.9274,36.6418],[27.907,36.6951],[27.8383,36.705],[27.7643,36.6937],[27.6987,36.6064],[27.6232,36.5654],[27.6272,36.5409],[27.6729,36.4845],[27.7496,36.4646],[27.8331,36.4191],[27.7722,36.3744],[27.6938,36.3851],[27.5843,36.3479],[27.5864,36.3978],[27.5429,36.474],[27.4256,36.5607],[27.3352,36.5813],[27.2728,36.6576],[27.2617,36.7428],[27.3916,36.8035],[27.4559,36.8547],[27.4557,36.8691],[27.3903,36.9322],[27.3208,36.9204],[27.2265,36.9369],[27.2042,36.964],[27.1186,37.0085],[27.1655,37.0504],[27.1327,37.1661],[27.1096,37.1756],[27.1719,37.1998],[27.2142,37.2362],[27.094,37.3981],[27.0923,37.5003],[27.0668,37.5433],[26.9512,37.5709],[26.9423,37.6414],[27.0023,37.6943],[27.096,37.7043],[27.1649,37.7806],[27.1232,37.8648],[27.0219,37.8984],[26.922,37.8904],[26.7557,37.9122],[26.6936,37.9062],[26.5371,37.8487],[26.4544,37.7634],[26.3403,37.7884],[26.2419,37.7699],[26.1815,37.7378],[26.0316,37.7262],[25.9485,37.6752],[25.8661,37.5826],[25.8499,37.5369],[25.8603,37.4888],[25.8903,37.4468],[25.939,37.4202],[26.0937,37.4233],[26.2935,37.4951],[26.3677,37.439],[26.3648,37.402],[26.4093,37.338],[26.4055,37.2787],[26.4279,37.234],[26.4968,37.1852],[26.5902,37.174],[26.7638,37.0267],[26.8205,36.8284],[26.7928,36.7553],[26.7963,36.6996],[26.8205,36.6522],[26.8917,36.5936],[26.838,36.5051],[26.8611,36.4405],[26.912,36.4069],[26.9687,36.3972],[27.0401,36.4159],[27.1029,36.4707],[27.1666,36.4547],[27.1692,36.3978],[27.2021,36.3571],[27.3125,36.2943],[27.3863,36.2745],[27.3988,36.1887],[27.4266,36.1455],[27.4754,36.1184],[27.5734,36.1054],[27.6072,36.0607],[27.5813,35.9963],[27.5836,35.9039],[27.6575,35.8148],[27.7063,35.7876],[27.7847,35.782],[27.8627,35.8047],[27.9567,35.8648],[28.0329,35.9648],[28.1115,35.9599],[28.1731,35.9884],[28.2114,36.0503],[28.2192,36.1155],[28.363,36.3614],[28.3559,36.4808],[28.288,36.5452],[28.2413,36.5556],[28.1337,36.5069],[27.9639,36.4618],[27.9282,36.5421]]],[[[29.3636,36.1601],[29.3801,36.1034],[29.4259,36.0654],[29.5306,36.0259],[29.6633,36.0107],[29.6321,36.0571],[29.6834,36.0812],[29.6113,36.1482],[29.6152,36.1681],[29.5374,36.1627],[29.5113,36.1841],[29.4671,36.1655],[29.3636,36.1601]]]]},"properties":{"id":"Q41","names":{"ab":"Бырзентәыла","af":"Griekeland","am":"ግሪክ (አገር)","an":"Grecia","ar":"اليونان","av":"Герек","ay":"Grisya","az":"Yunanıstan","ba":"Юнанстан","be":"Грэцыя","bg":"Гърция","bh":"यूनान","bi":"Gris","bm":"Gɛrɛsi","bn":"গ্রিস","bo":"ཀེ་རི་སི།","br":"Gres (bro)","bs":"Grčka","ca":"Grècia","ce":"Желтойчоь","ch":"Grecia","co":"Grecia","cs":"Řecko","cu":"Грьци","cv":"Греци","cy":"Gwlad Groeg","da":"Grækenland","de":"Griechenland","dv":"ޔޫނާން","ee":"Greece","en":"Greece","eo":"Grekio","es":"Grecia","et":"Kreeka","eu":"Grezia","fa":"یونان","ff":"Yunan","fi":"Kreikka","fo":"Grikkaland","fr":"Grèce","fy":"Grikelân","ga":"An Ghréig","gd":"A' Ghrèig","gl":"Grecia","gn":"Gyrésia","gu":"ગ્રીસ","gv":"Yn Ghreag","ha":"Girka (ƙasa)","he":"יוון","hi":"यूनान","hr":"Grčka","ht":"Grès","hu":"Görögország","hy":"Հունաստան","ia":"Grecia","id":"Yunani","ie":"Grecia","ig":"Greece","io":"Grekia","is":"Grikkland","it":"Grecia","ja":"ギリシャ","jv":"Grikenlan","ka":"საბერძნეთი","kg":"Gelesi","ki":"Ngiriki","kk":"Грекия","km":"ក្រិក","kn":"ಗ್ರೀಸ್","ko":"그리스 (1947-2021)","ks":"یونان","ku":"Yewnanistan","kv":"Эллада","kw":"Pow Grek","ky":"Грекия","la":"Graecia","lb":"Griicheland","lg":"Buyonaani","li":"Griekeland","ln":"Gresi","lo":"ປະເທດເກຣັກ","lt":"Graikija","lv":"Grieķija","mg":"Grisia","mi":"Kirihi","mk":"Грција","ml":"ഗ്രീസ്","mn":"Грек","mr":"ग्रीस","ms":"Yunani","mt":"Greċja","my":"ဂရိနိုင်ငံ","nb":"Hellas","ne":"ग्रिस","nl":"Griekenland","nn":"Hellas","nv":"Dahojiyáanii Bikéyah","ny":"Greece","oc":"Grècia","om":"Giriik","os":"Грекъ","pa":"ਯੂਨਾਨ","pdt":"Griechenlaunt","pl":"Grecja","ps":"يونان","pt":"Grécia","qu":"Ilinusuyu","rm":"Grezia","rn":"Ubugiriki","ro":"Grecia","ru":"Греция","rw":"Ubugereki","sa":"यवनदेशः","sc":"Grèghia","sd":"يونان","se":"Greika","si":"ග්‍රීසිය","sk":"Grécko","sl":"Grčija","sm":"Eleni","sn":"Vugiriki","so":"Giriiga","sq":"Greqia","sr":"Грчка","ss":"IGrikhi","su":"Yunani","sv":"Grekland","sw":"Ugiriki","ta":"கிரேக்கம் (நாடு)","te":"గ్రీస్","tg":"Юнон","th":"ประเทศกรีซ","ti":"ግሪክ","tk":"Ýunanystan","tl":"Gresya","to":"Kalisi","tr":"Yunanistan","ts":"Greece","tt":"Греция","tw":"Hela","ug":"گرېتسىيە","uk":"Греція","ur":"یونان","uz":"Gretsiya","vi":"Hy Lạp","vo":"Grikän","wa":"Grece","wo":"Girees","xh":"Grisi","yi":"גריכנלאנד","yo":"Gíríìsì","za":"Sihla","zh":"希腊","zu":"IGreki"},"from":1947.1075268817203,"to":2021.0510752688172,"wikidata":"Q41","adminLevel":2,"source":"OpenHistoricalMap","sourceUrl":"https://www.openhistoricalmap.org"}},{"type":"Feature","geometry":{"type":"Polygon","coordinates":[[[14.234,36.2825],[14.077,36.2555],[13.9713,36.1768],[13.936,36.0716],[13.9475,35.9868],[13.9803,35.9255],[14.2171,35.6586],[14.3104,35.6024],[14.4135,35.5854],[14.5815,35.6094],[14.7326,35.6752],[14.7824,35.7307],[14.8194,35.8283],[14.818,35.904],[14.7837,35.975],[14.4547,36.2222],[14.3365,36.2684],[14.234,36.2825]]]},"properties":{"id":"Q233","names":{"de":"Malta","en":"Malta","ko":"몰타"},"from":1964,"to":null,"wikidata":"Q233","adminLevel":2,"source":"OpenHistoricalMap","sourceUrl":"https://www.openhistoricalmap.org"}},{"type":"Feature","geometry":{"type":"Polygon","coordinates":[[[-8.7733,51.542],[-8.6862,51.5436],[-8.6283,51.6027],[-8.6035,51.6076],[-8.5604,51.5775],[-8.5071,51.5776],[-8.4807,51.5978],[-8.4804,51.6369],[-8.2774,51.7088],[-8.2471,51.7617],[-8.1641,51.7543],[-8.0039,51.7909],[-7.9603,51.8083],[-7.9525,51.8363],[-7.8167,51.8602],[-7.8008,51.8844],[-7.8135,51.9042],[-7.7012,51.9107],[-7.6686,51.923],[-7.6577,51.9447],[-7.5862,51.9531],[-7.5357,51.9779],[-7.5281,52.0121],[-7.4856,52.0488],[-7.4922,52.0704],[-7.4178,52.0982],[-7.1477,52.1095],[-7.0847,52.0976],[-6.9779,52.113],[-6.9195,52.0929],[-6.7749,52.1724],[-6.6773,52.1782],[-6.6344,52.1517],[-6.6686,52.1309],[-6.6681,52.0949],[-6.618,52.0787],[-6.546,52.1134],[-6.5244,52.156],[-6.3629,52.1424],[-6.2766,52.171],[-6.1916,52.1733],[-6.1567,52.1981],[-6.1767,52.2278],[-6.2502,52.2398],[-6.3397,52.2977],[-6.3087,52.3381],[-6.3074,52.396],[-6.1553,52.5379],[-6.1452,52.5715],[-6.1711,52.6465],[-6.0937,52.7241],[-6.0871,52.7902],[-6.0627,52.8204],[-6.0156,52.8417],[-5.9502,52.9576],[-5.9591,52.9848],[-6,53.009],[-5.9847,53.0723],[-5.9917,53.1193],[-6.0562,53.2248],[-6.0327,53.2663],[-6.0721,53.3303],[-6.0048,53.3509],[-5.9966,53.3916],[-6.0398,53.4352],[-6.0267,53.4534],[-5.9776,53.461],[-5.9464,53.4953],[-5.9713,53.5201],[-6.0275,53.5296],[-6.0588,53.6026],[-6.1155,53.6151],[-6.1825,53.6728],[-6.1996,53.7494],[-6.1664,53.7958],[-6.2043,53.8357],[-6.1881,53.863],[-6.2175,53.8887],[-6.3133,53.9077],[-6.3228,53.9352],[-6.3045,53.974],[-6.1537,53.9483],[-6.1128,53.9548],[-6.0544,53.9934],[-6.0754,54.0158],[-6.2864,54.1121],[-6.3212,54.0916],[-6.3625,54.1132],[-6.3634,54.0729],[-6.3899,54.0603],[-6.4413,54.0573],[-6.4751,54.076],[-6.5093,54.0531],[-6.5889,54.0568],[-6.6229,54.039],[-6.6651,54.0663],[-6.6483,54.0949],[-6.6612,54.1221],[-6.6314,54.1561],[-6.6407,54.1742],[-6.694,54.2],[-6.7385,54.1816],[-6.8011,54.2132],[-6.8278,54.2614],[-6.875,54.2772],[-6.8513,54.2963],[-6.8767,54.3467],[-6.9437,54.3909],[-7.0253,54.4189],[-7.0543,54.4112],[-7.1098,54.3545],[-7.1886,54.3377],[-7.1792,54.3109],[-7.2074,54.3029],[-7.1467,54.2572],[-7.1467,54.2287],[-7.2494,54.2012],[-7.2393,54.199],[-7.2579,54.1828],[-7.2422,54.1719],[-7.2877,54.1213],[-7.3049,54.1279],[-7.286,54.136],[-7.286,54.1697],[-7.3306,54.1494],[-7.3132,54.1166],[-7.3866,54.1232],[-7.3745,54.1371],[-7.4246,54.1399],[-7.409,54.1529],[-7.419,54.1545],[-7.4424,54.1539],[-7.4823,54.1226],[-7.5315,54.1331],[-7.5489,54.1226],[-7.6244,54.1529],[-7.632,54.1708],[-7.6979,54.206],[-7.8115,54.2009],[-7.857,54.2164],[-7.8724,54.2734],[-7.8636,54.2897],[-7.9549,54.3088],[-7.9989,54.3569],[-8.0578,54.3667],[-8.1619,54.442],[-8.1438,54.45],[-8.1701,54.4645],[-8.0509,54.4878],[-8.008,54.5427],[-7.833,54.5401],[-7.7954,54.5807],[-7.7023,54.6096],[-7.704,54.6297],[-7.754,54.6186],[-7.8082,54.6396],[-7.8475,54.6321],[-7.856,54.6484],[-7.9038,54.6626],[-7.8985,54.685],[-7.9159,54.6951],[-7.8398,54.7343],[-7.7453,54.7049],[-7.6408,54.7497],[-7.5342,54.747],[-7.5472,54.7915],[-7.4819,54.8271],[-7.4427,54.8735],[-7.4484,54.9307],[-7.3999,54.9431],[-7.3926,55.0194],[-7.3393,55.0508],[-7.2816,55.0515],[-7.0547,55.1481],[-6.9782,55.1956],[-6.8827,55.2096],[-6.8739,55.2441],[-6.9087,55.2694],[-7.1045,55.3204],[-7.1433,55.3619],[-7.2544,55.3931],[-7.2627,55.4032],[-7.2058,55.4054],[-7.1713,55.4304],[-7.2206,55.4697],[-7.2965,55.462],[-7.3059,55.4472],[-7.2938,55.4241],[-7.4297,55.4008],[-7.4474,55.3872],[-7.4292,55.3506],[-7.4488,55.327],[-7.5577,55.3086],[-7.574,55.2719],[-7.6034,55.3008],[-7.6662,55.3057],[-7.7351,55.2834],[-7.8264,55.2794],[-7.9145,55.2373],[-8.0029,55.2529],[-8.1101,55.1888],[-8.1221,55.224],[-8.1588,55.2339],[-8.141,55.2617],[-8.1584,55.2859],[-8.2434,55.3036],[-8.2868,55.2932],[-8.3015,55.2694],[-8.2921,55.2499],[-8.1988,55.2249],[-8.2353,55.1821],[-8.3165,55.1806],[-8.3873,55.1427],[-8.4408,55.0892],[-8.4763,55.0865],[-8.5155,55.0535],[-8.5631,55.0501],[-8.6097,55.0225],[-8.6195,54.9661],[-8.5432,54.9427],[-8.5023,54.9018],[-8.5791,54.8914],[-8.5874,54.8563],[-8.6156,54.8332],[-8.6121,54.8133],[-8.7777,54.7655],[-8.8473,54.7161],[-8.887,54.6665],[-8.8708,54.6418],[-8.7321,54.6168],[-8.6974,54.5923],[-8.553,54.5692],[-8.5108,54.5765],[-8.5036,54.5516],[-8.4693,54.5386],[-8.3464,54.5797],[-8.2713,54.5683],[-8.3177,54.5323],[-8.325,54.5071],[-8.4949,54.4946],[-8.568,54.4388],[-8.6534,54.4652],[-8.7124,54.4506],[-8.7221,54.4275],[-8.6883,54.3918],[-8.7382,54.3598],[-8.7286,54.3165],[-8.7443,54.3071],[-8.8209,54.2918],[-8.9378,54.3236],[-9.0687,54.3221],[-9.1006,54.3058],[-9.1873,54.3122],[-9.3341,54.3566],[-9.3932,54.3389],[-9.6756,54.3487],[-9.7964,54.3977],[-9.9134,54.3406],[-10.0155,54.3388],[-10.0699,54.311],[-10.1293,54.3039],[-10.1429,54.2877],[-10.1363,54.2674],[-10.2509,54.1682],[-10.2933,54.1011],[-10.3687,54.075],[-10.3431,54.0405],[-10.2354,54.0414],[-10.2452,54.0114],[-10.3084,53.9804],[-10.2991,53.9569],[-10.1951,53.9236],[-10.1128,53.9283],[-10.0864,53.8917],[-10.049,53.8839],[-10.0113,53.8536],[-10.0985,53.8073],[-10.0944,53.7747],[-10.0712,53.7622],[-10.0822,53.7438],[-10.1382,53.74],[-10.1808,53.7179],[-10.1896,53.6967],[-10.1724,53.6702],[-10.287,53.6597],[-10.3583,53.6171],[-10.3507,53.5809],[-10.2993,53.5676],[-10.3155,53.5306],[-10.2135,53.4891],[-10.2088,53.4743],[-10.2875,53.4099],[-10.2866,53.3887],[-10.2446,53.3668],[-10.1804,53.3724],[-10.0241,53.3409],[-10.0766,53.2976],[-10.0584,53.2726],[-10.0646,53.2563],[-10.0297,53.229],[-9.9701,53.2257],[-9.9308,53.2738],[-9.895,53.2671],[-9.8919,53.2368],[-9.8527,53.1879],[-9.9063,53.1642],[-9.9006,53.1303],[-9.5128,53.0018],[-9.5039,52.9778],[-9.5232,52.9235],[-9.4815,52.8913],[-9.5014,52.855],[-9.5837,52.8277],[-9.5754,52.7823],[-9.6668,52.7538],[-9.7062,52.7045],[-9.8593,52.6258],[-9.9478,52.5977],[-9.9885,52.5577],[-9.9641,52.5329],[-9.901,52.5247],[-9.7325,52.5501],[-9.7316,52.5104],[-9.8423,52.4664],[-9.9632,52.4521],[-9.9936,52.4289],[-9.9973,52.4062],[-10.1228,52.3266],[-10.2779,52.3],[-10.3843,52.2625],[-10.5171,52.1985],[-10.5292,52.1553],[-10.5977,52.1648],[-10.64,52.1398],[-10.6427,52.1139],[-10.7265,52.0882],[-10.7135,52.0518],[-10.5959,52.0029],[-10.5511,52.0202],[-10.548,52.0475],[-10.4842,52.0724],[-10.2603,52.0829],[-10.2406,52.0677],[-10.2345,52.0419],[-10.2531,52.0233],[-10.4491,51.9309],[-10.4824,51.8824],[-10.4567,51.8519],[-10.465,51.8299],[-10.5814,51.7921],[-10.5966,51.7647],[-10.5875,51.7471],[-10.5334,51.7351],[-10.3976,51.7815],[-10.3697,51.7576],[-10.3046,51.75],[-10.3156,51.7237],[-10.2827,51.6966],[-10.144,51.7048],[-10.1324,51.6927],[-10.1541,51.6555],[-10.2798,51.6003],[-10.2983,51.5693],[-10.2858,51.5496],[-10.241,51.5394],[-10.1082,51.5662],[-10.0369,51.558],[-9.9588,51.5826],[-9.8896,51.5789],[-9.8771,51.569],[-9.8958,51.5547],[-9.8967,51.528],[-9.8656,51.5112],[-9.8891,51.4856],[-9.8855,51.4685],[-9.8621,51.431],[-9.8247,51.418],[-9.7498,51.4197],[-9.6549,51.4566],[-9.5688,51.4572],[-9.5776,51.4286],[-9.5662,51.4074],[-9.5032,51.3895],[-9.433,51.4212],[-9.3233,51.4334],[-9.2916,51.4533],[-9.2055,51.4377],[-9.1612,51.4761],[-9.0896,51.4907],[-9.0697,51.5156],[-9.0129,51.5254],[-8.9558,51.4982],[-8.8715,51.5206],[-8.825,51.5613],[-8.7733,51.542]]]},"properties":{"id":"Q27","names":{"ab":"Ирландиа","af":"Republiek Ierland","am":"አየርላንድ ሪፐብሊክ","an":"Irlanda","ar":"جمهورية أيرلندا","av":"Ирландия","ay":"Irlandiya","az":"İrlandiya","ba":"Ирландия","be":"Ірландыя","bg":"Ирландия","bh":"आयरलैंड रिपब्लिक","bi":"Aerlan","bn":"প্রজাতন্ত্রী আয়ারল্যান্ড","bo":"ཨར་ལེན་ཌ།","br":"Republik Iwerzhon","bs":"Irska","ca":"Irlanda","ce":"Ирланди","ch":"Irlanda","co":"Irlanda","cs":"Irsko","cu":"Єирь","cv":"Ирланди Республики","cy":"Gweriniaeth Iwerddon","da":"Irland","de":"Irland","dv":"އަޔަލޭންޑުގެ ޖުމްހޫރިއްޔާ","ee":"Ireland","el":"Δημοκρατία της Ιρλανδίας","en":"Ireland","eo":"Irlando","es":"Irlanda","et":"Iirimaa","eu":"Irlanda","fa":"جمهوری ایرلند","ff":"Irlannda","fi":"Irlanti","fj":"Ailadi","fo":"Írland","fr":"Irlande","fy":"Ierlân","ga":"Éire","gd":"Poblachd na h-Èireann","gl":"Irlanda","gn":"Irilánda","gv":"Pobblaght Nerin","ha":"Ayilan","he":"אירלנד","hi":"आयरलैण्ड गणराज्य","hr":"Irska","ht":"Iland","hu":"Írország","hy":"Իռլանդիա","ia":"Republica de Irlanda","id":"Republik Irlandia","ie":"Irland","ig":"Ireland","io":"Republiko Irlando","is":"Írska lýðveldið","it":"Irlanda","ja":"アイルランド","jv":"Républik Irlan","ka":"ირლანდია","kk":"Ирландия","km":"អៀរឡង់","kn":"ಐರ್ಲೆಂಡ್ ಗಣರಾಜ್ಯ","ko":"아일랜드","ks":"جمہوریہ آئرلینٛڈ","ku":"Komara Îrlendayê","kv":"Ирландия","kw":"Repoblek Wordhen","ky":"Ирландия","la":"Hibernia","lb":"Irland","lg":"Ireland","li":"Ierland","ln":"Irlandí","lo":"ປະເທດໄອຣ໌ແລນດ໌","lt":"Airija","lv":"Īrija","mg":"Irlanda","mi":"Airangi","mk":"Ирска","ml":"റിപ്പബ്ലിക്ക് ഓഫ് അയർലണ്ട്","mn":"Ирланд","mr":"आयर्लंडचे प्रजासत्ताक","ms":"Republik Ireland","mt":"Repubblika tal-Irlanda","my":"အိုင်ယာလန်နိုင်ငံ","nb":"Irland","ne":"गणतन्त्र आयरल्यान्ड","nl":"Ierland","nn":"Irland","nv":"Bitsiighaʼ Łichííʼí Bikéyah","oc":"Republica d'Irlanda","om":"Aayerlaandi","or":"ଆୟରଲ୍ୟାଣ୍ଡ","os":"Ирланди","pa":"ਆਇਰਲੈਂਡ ਗਣਰਾਜ","pl":"Irlandia","ps":"آيرلينډ","pt":"Irlanda","qu":"Irihallp'a","rm":"Republica da l'Irlanda","rn":"Irlanda","ro":"Irlanda","ru":"Ирландия","rw":"Irilande","sa":"ऐर्लेण्ड् गणराज्यम्","sc":"Repùbrica de s'Irlanda","sd":"جمھوريا آئرلينڊ","se":"Irlánda","si":"අයර්ලන්ත ජනරජය","sk":"Írsko","sl":"Irska","sm":"Ripapelika o Aialani","sn":"Yerelendi","so":"Ayrland","sq":"Republika e Irlandës","sr":"Ирска","ss":"IYalendi","sv":"Irland","sw":"Eire","ta":"அயர்லாந்து குடியரசு","te":"ఐర్లాండ్ గణతణత్రం","tg":"Ҷумҳурии Ирланд","th":"ประเทศไอร์แลนด์","tk":"Irlandiýa","tl":"Republika ng Irlanda","to":"ʻAealani","tr":"İrlanda","ts":"Ireland","tt":"Ирландия","uk":"Ірландія","ur":"جمہوریہ آئرلینڈ","uz":"Irlandiya","ve":"Ireland","vi":"Cộng hòa Ireland","vo":"Lireyän","wa":"Irlande","wo":"Irlaand","yi":"אירלאנד","yo":"Írẹ́lándì","za":"Aiwjlanz Gunghozgoz","zh":"爱尔兰","zu":"I-Ayilendi"},"from":1937.991935483871,"to":2006.258064516129,"wikidata":"Q27","adminLevel":2,"source":"OpenHistoricalMap","sourceUrl":"https://www.openhistoricalmap.org"}},{"type":"Feature","geometry":{"type":"Polygon","coordinates":[[[18.5167,42.4264],[18.5398,42.3895],[18.4203,42.2099],[18.5226,42.1736],[18.6266,42.101],[18.7447,42.0595],[18.872,41.9517],[18.9013,41.8756],[18.9472,41.8183],[19.2061,41.6868],[19.3709,41.8421],[19.3813,41.8833],[19.3464,41.9135],[19.3689,41.9291],[19.3513,41.9524],[19.3813,41.9615],[19.3686,42.0295],[19.4035,42.1033],[19.2818,42.18],[19.4221,42.3274],[19.4142,42.3456],[19.4277,42.3729],[19.4742,42.395],[19.5682,42.5169],[19.6101,42.5395],[19.6124,42.5791],[19.6592,42.6252],[19.7264,42.6605],[19.7563,42.6367],[19.7748,42.5851],[19.7547,42.5812],[19.7439,42.5461],[19.8021,42.4758],[19.8327,42.4672],[19.8805,42.495],[19.8993,42.4872],[19.9079,42.5071],[19.9367,42.5166],[19.9979,42.5105],[20.0155,42.5423],[20.0824,42.5533],[20.1617,42.5069],[20.2174,42.4368],[20.2276,42.4193],[20.2144,42.3966],[20.2399,42.3802],[20.2515,42.323],[20.3392,42.3276],[20.4598,42.2694],[20.5137,42.2244],[20.5673,42.1247],[20.5578,42.0752],[20.5956,42.0412],[20.6242,41.9744],[20.62,41.9406],[20.5814,41.9062],[20.6143,41.8604],[20.6634,41.8753],[20.6823,41.8586],[20.728,41.8643],[20.7714,41.9161],[20.7482,41.986],[20.7511,42.0284],[20.7908,42.0831],[20.8875,42.0964],[20.9187,42.1245],[21.0192,42.1508],[21.1063,42.2057],[21.1606,42.1975],[21.2133,42.1344],[21.2222,42.0951],[21.2519,42.0924],[21.315,42.1069],[21.3046,42.1338],[21.335,42.2051],[21.4002,42.2492],[21.4364,42.2326],[21.4488,42.279],[21.4943,42.2743],[21.532,42.2406],[21.5856,42.2614],[21.693,42.2358],[21.7317,42.2624],[21.7615,42.2581],[21.8403,42.3241],[21.892,42.3019],[21.922,42.3061],[21.9474,42.3442],[22.0356,42.2997],[22.1634,42.3133],[22.2875,42.3718],[22.2991,42.3444],[22.3532,42.3153],[22.45,42.3318],[22.4796,42.3898],[22.5188,42.3967],[22.5585,42.4855],[22.5253,42.5243],[22.4393,42.5752],[22.4668,42.6372],[22.454,42.6465],[22.4735,42.6692],[22.4629,42.683],[22.5006,42.741],[22.4403,42.8184],[22.5117,42.8548],[22.5191,42.8735],[22.5694,42.8669],[22.5964,42.8943],[22.6753,42.8666],[22.7495,42.8906],[22.7796,42.9303],[22.7685,42.9471],[22.7849,42.978],[22.8912,43.0333],[22.9229,43.0826],[22.9779,43.1081],[23.0064,43.1871],[22.939,43.204],[22.8877,43.2364],[22.8282,43.3258],[22.7684,43.3753],[22.6814,43.3943],[22.6595,43.4263],[22.6012,43.4351],[22.572,43.4635],[22.5335,43.4711],[22.4895,43.5603],[22.4897,43.642],[22.4083,43.6955],[22.4002,43.7557],[22.3572,43.8114],[22.3844,43.8653],[22.3884,43.9241],[22.4069,43.9377],[22.412,43.9999],[22.4419,44.0157],[22.524,44.0192],[22.5408,44.0314],[22.5306,44.0483],[22.6213,44.0634],[22.6103,44.1067],[22.6267,44.1524],[22.6129,44.1653],[22.6375,44.1818],[22.6441,44.2084],[22.6763,44.2155],[22.6864,44.2585],[22.6692,44.2853],[22.56,44.3079],[22.5245,44.3388],[22.4958,44.4224],[22.4609,44.4542],[22.4617,44.4773],[22.5519,44.484],[22.5625,44.5292],[22.5867,44.5503],[22.6267,44.5503],[22.6962,44.5161],[22.7563,44.5352],[22.7619,44.5566],[22.6703,44.6191],[22.627,44.614],[22.5688,44.6374],[22.4797,44.711],[22.4284,44.7122],[22.3828,44.6767],[22.3394,44.6767],[22.3072,44.6584],[22.1864,44.4843],[22.1329,44.4748],[22.0756,44.5056],[21.9903,44.6335],[21.7904,44.6634],[21.6399,44.6592],[21.6138,44.68],[21.6103,44.7295],[21.5839,44.7602],[21.4012,44.7773],[21.3563,44.8272],[21.3674,44.8641],[21.4844,44.8688],[21.5589,44.8974],[21.5432,44.9321],[21.4389,44.9607],[21.3603,45.0204],[21.4561,45.0404],[21.4504,45.06],[21.4808,45.0903],[21.4714,45.1093],[21.5282,45.145],[21.5173,45.1678],[21.4083,45.2259],[21.3599,45.2222],[21.2927,45.2427],[21.2755,45.2294],[21.2119,45.2571],[21.1805,45.3189],[21.1023,45.2982],[21.0612,45.3158],[21.0636,45.3319],[21.0217,45.3252],[20.9312,45.3868],[20.9209,45.4158],[20.8648,45.4319],[20.8789,45.4461],[20.8663,45.465],[20.7763,45.4798],[20.7688,45.5003],[20.8325,45.5359],[20.7672,45.6054],[20.8027,45.6556],[20.8026,45.7378],[20.8228,45.7738],[20.7883,45.7846],[20.7741,45.7545],[20.7002,45.7508],[20.6824,45.7953],[20.6549,45.8074],[20.6604,45.8292],[20.5814,45.8694],[20.5701,45.9083],[20.5188,45.8929],[20.4831,45.9535],[20.4474,45.9702],[20.4028,45.9667],[20.348,45.9997],[20.3432,46.0472],[20.2686,46.1038],[20.2828,46.1172],[20.252,46.1173],[20.1818,46.16],[20.1404,46.1444],[20.0947,46.1765],[20.0383,46.1445],[20.0081,46.1765],[19.9351,46.1762],[19.8218,46.1304],[19.7599,46.1474],[19.701,46.1866],[19.6615,46.1901],[19.6213,46.1708],[19.5677,46.1787],[19.5087,46.1462],[19.527,46.1209],[19.471,46.0972],[19.4173,46.0479],[19.3802,46.0358],[19.3587,46.0498],[19.29,46.0184],[19.3026,45.9916],[19.1478,45.9961],[19.1338,46.0371],[19.1136,46.038],[19.0669,45.9971],[19.0787,45.9657],[19.0058,45.9587],[19.0067,45.9272],[18.9058,45.9348],[18.8791,45.9164],[18.8218,45.9145],[18.8297,45.8745],[18.8567,45.8517],[18.853,45.796],[18.8899,45.7743],[18.9072,45.7086],[18.9641,45.6731],[18.916,45.6241],[18.8888,45.5661],[18.9549,45.5329],[19.0246,45.555],[19.0337,45.536],[19.1013,45.5109],[19.0827,45.4878],[18.9973,45.4905],[18.9888,45.4509],[19.0292,45.4091],[18.9699,45.3804],[19.026,45.3444],[19.0925,45.3353],[19.1087,45.2966],[19.145,45.2802],[19.2898,45.2364],[19.4207,45.2339],[19.4424,45.1985],[19.4321,45.1699],[19.3494,45.1647],[19.314,45.207],[19.2881,45.205],[19.2874,45.1705],[19.1716,45.2003],[19.189,45.1682],[19.142,45.1299],[19.0865,45.1454],[19.0769,45.1151],[19.1003,45.083],[19.1027,45.0111],[19.053,44.9789],[19.1442,44.9776],[19.1559,44.9533],[19.0875,44.9256],[19.0729,44.9046],[19.0248,44.9225],[18.9904,44.9067],[19.0222,44.8554],[19.0706,44.8634],[19.1763,44.922],[19.2154,44.8964],[19.2473,44.9123],[19.3049,44.9091],[19.3645,44.8816],[19.3677,44.8571],[19.3509,44.8584],[19.3457,44.8397],[19.355,44.8346],[19.3199,44.8227],[19.3019,44.7896],[19.3257,44.7779],[19.3032,44.7734],[19.3301,44.7498],[19.3018,44.7306],[19.3129,44.7233],[19.3054,44.703],[19.271,44.6859],[19.2418,44.6217],[19.2237,44.6153],[19.225,44.5938],[19.1854,44.5756],[19.1895,44.5461],[19.1678,44.5236],[19.1362,44.5278],[19.1231,44.5084],[19.1493,44.4544],[19.1468,44.4161],[19.1066,44.3863],[19.1141,44.3451],[19.1352,44.3374],[19.134,44.3142],[19.1739,44.2803],[19.2153,44.2889],[19.237,44.2619],[19.323,44.2723],[19.366,44.181],[19.407,44.1707],[19.4457,44.1316],[19.4749,44.1499],[19.4699,44.1244],[19.5134,44.0808],[19.5805,44.0475],[19.5945,44.0717],[19.6224,44.0529],[19.621,44.0245],[19.5217,43.9557],[19.3835,43.9616],[19.2347,44.0095],[19.2534,43.9514],[19.372,43.8252],[19.5177,43.715],[19.5286,43.6584],[19.512,43.636],[19.4924,43.6362],[19.4918,43.5978],[19.5095,43.5869],[19.4024,43.5704],[19.3963,43.5916],[19.3624,43.608],[19.3357,43.5886],[19.2674,43.6042],[19.2528,43.591],[19.2504,43.5299],[19.1506,43.5355],[19.0477,43.5026],[19.0361,43.5325],[18.9884,43.5554],[18.9824,43.5332],[18.9244,43.5147],[18.917,43.4941],[18.9458,43.5034],[18.9587,43.4584],[19.0189,43.429],[19.0397,43.397],[19.0346,43.379],[19.0819,43.3206],[19.079,43.3006],[19.0424,43.2893],[19.0051,43.252],[18.9537,43.2921],[18.9593,43.327],[18.9178,43.3559],[18.8395,43.3485],[18.8442,43.3221],[18.69,43.2559],[18.7098,43.2337],[18.6668,43.2012],[18.6494,43.1492],[18.6597,43.0443],[18.6136,43.0292],[18.5329,43.0309],[18.4943,42.9873],[18.4852,42.9342],[18.5036,42.894],[18.4661,42.8474],[18.4755,42.829],[18.4481,42.8154],[18.4737,42.7539],[18.5661,42.7205],[18.5494,42.6734],[18.572,42.6502],[18.523,42.6228],[18.5475,42.5766],[18.5001,42.5884],[18.4384,42.5556],[18.4377,42.4901],[18.5167,42.4264]],[[19.3952,43.5539],[19.4235,43.5683],[19.4211,43.5416],[19.3952,43.5539]]]},"properties":{"id":"Q838261","names":{"af":"Joego-Slawië","als":"Jugoslawien","ang":"Geugoslafia","ast":"Yugoslavia","az":"Yuqoslaviya","ba":"Югославия","ban":"Yugoslavia","bar":"Jugoslawien","be":"Югаславія","be-x-old":"Югаславія","bg":"Югославия","br":"Yougoslavia","bs":"Jugoslavija","ca":"Iugoslàvia","cbk-zam":"Yugoslavia","ceb":"Yugoslavia","cu":"Югославїꙗ","cy":"Iwgoslafia","da":"Jugoslavien","de":"Jugoslawien","dsb":"Jugosłowjańska","el":"Γιουγκοσλαβία","en":"Yugoslavia","eo":"Jugoslavio","es":"Yugoslavia","et":"Jugoslaavia","eu":"Jugoslavia","ext":"Yugoslavia","fi":"Jugoslavia","fo":"Jugoslavia","fr":"Yougoslavie","fur":"Jugoslavie","fy":"Joegoslaavje","ga":"An Iúgslaiv","gd":"Iùgoslaibhia","gl":"Iugoslavia","got":"𐌾𐌿𐌲𐍉𐍃𐌻𐌰𐌱𐌾𐌰","gv":"Yn Yugoslaavey","hsb":"Juhosłowjanska","ia":"Yugoslavia","id":"Yugoslavia","ie":"Yugoslavia","ik":"Yugusulaviaq","io":"Yugoslavia","is":"Júgóslavía","jam":"Yugoslavia","jv":"Yugoslavia","kaa":"Yugoslaviya","kk":"Югославия","ko":"유고슬라비아","krc":"Югославия","ku":"Yûgoslavya","kv":"Югославия","kw":"Yougoslavi","ky":"Югославия","la":"Iugoslavia","lad":"Yugoslavia","lb":"Jugoslawien","li":"Joegoslavië","lij":"Iugoslavia","lmo":"Jugoslavia","lt":"Jugoslavija","lv":"Dienvidslāvija","mg":"Iogôslavia","ms":"Yugoslavia","mwl":"Jugoslábia","nds-nl":"Jugoslavie","nl":"Joegoslavië","nn":"Jugoslavia","no":"Jugoslavia","nov":"Jugoslavia","oc":"Iogoslavia","pap":"Yugoslavia","pl":"Jugosławia","pt":"Jugoslávia","qu":"Yukuslawya","rm":"Jugoslavia","ru":"Югославия","rue":"Югославія","rw":"Yugosilaviya","sah":"Югославия","sc":"Iugoslàvia","scn":"Jugoslavia","sco":"Yugoslavie","sh":"Jugoslavija / Југославија","sh-Cyrl":"Југославија","sh-Latn":"Jugoslavija","so":"Yugoslaafiya","sr":"Југославија","sr-Latn":"Jugoslavija","sv":"Jugoslavien","sw":"Yugoslavia","szl":"Jugosławijo","tg":"Югославия","tl":"Yugoslavia","tly":"Jugoslavija","tok":"ma Jukolawija","tr":"Yugoslavya","uk":"Югославія","uz":"Yugoslaviya","vec":"Jugoslavia","vep":"Jugoslavii","vi":"Nam Tư","vls":"Joegosloavië","wa":"Yougoslaveye","war":"Yugoslavia","zh-min-nan":"Yugoslavia"},"from":1992.3198924731182,"to":2003.0913978494623,"wikidata":"Q838261","adminLevel":2,"source":"OpenHistoricalMap","sourceUrl":"https://www.openhistoricalmap.org"}},{"type":"Feature","geometry":{"type":"Polygon","coordinates":[[[7.4185,43.7248],[7.4325,43.6893],[7.467,43.7054],[7.4391,43.7493],[7.4123,43.7345],[7.4185,43.7248]]]},"properties":{"id":"Q235","names":{"de":"Monaco","en":"Monaco","ko":"모나코"},"from":1861.0860215053763,"to":null,"wikidata":"Q235","adminLevel":2,"source":"OpenHistoricalMap","sourceUrl":"https://www.openhistoricalmap.org"}},{"type":"Feature","geometry":{"type":"Polygon","coordinates":[[[43.8085,40.0618],[43.8943,40.0233],[43.9595,40.0163],[43.9941,40.0318],[44.1714,40.0273],[44.2465,40.0492],[44.3511,40.0275],[44.4838,39.963],[44.5518,39.9041],[44.554,39.8809],[44.592,39.8591],[44.5937,39.8256],[44.6124,39.8291],[44.6113,39.8159],[44.6637,39.7915],[44.6944,39.7931],[44.6858,39.7744],[44.7074,39.7713],[44.7227,39.742],[44.745,39.7433],[44.753,39.7139],[44.8875,39.7492],[44.9066,39.7285],[44.9508,39.7271],[45.0611,39.7945],[45.1217,39.7598],[45.1477,39.7122],[45.1867,39.6805],[45.1726,39.6639],[45.1865,39.6495],[45.169,39.5913],[45.2271,39.5806],[45.2252,39.6014],[45.2421,39.6122],[45.305,39.6129],[45.2985,39.5833],[45.3144,39.5545],[45.4313,39.5326],[45.4734,39.4914],[45.5366,39.543],[45.5629,39.544],[45.5751,39.5667],[45.6227,39.5627],[45.6943,39.6036],[45.7989,39.5717],[45.8249,39.5045],[45.8136,39.4846],[45.8407,39.4601],[45.8043,39.4291],[45.7922,39.3703],[45.8622,39.3566],[45.9996,39.2906],[46.0062,39.2622],[45.9876,39.245],[45.9829,39.1966],[46.0002,39.1856],[46.0037,39.1495],[46.0282,39.1328],[46.0187,39.1085],[46.0693,39.0799],[46.0758,39.0314],[46.1018,39.0154],[46.1089,38.9534],[46.1495,38.8938],[46.1406,38.8444],[46.1857,38.8425],[46.2827,38.9004],[46.347,38.9165],[46.4189,38.8837],[46.45,38.897],[46.5259,38.8876],[46.5338,38.8674],[46.5378,38.9048],[46.5077,38.9611],[46.5238,38.9701],[46.5181,38.995],[46.5465,39.0018],[46.5359,39.0381],[46.5542,39.0571],[46.5181,39.0618],[46.537,39.0847],[46.484,39.1333],[46.4967,39.1504],[46.4398,39.155],[46.4316,39.1877],[46.4643,39.2004],[46.5086,39.1769],[46.4981,39.1953],[46.5163,39.2132],[46.5371,39.1585],[46.5867,39.2008],[46.5754,39.217],[46.6342,39.231],[46.5534,39.2543],[46.52,39.298],[46.5382,39.3088],[46.5042,39.343],[46.4685,39.3317],[46.4089,39.3614],[46.3827,39.4014],[46.3806,39.4358],[46.3969,39.4571],[46.4559,39.4482],[46.4854,39.4835],[46.5353,39.4679],[46.4991,39.5189],[46.5412,39.5444],[46.5815,39.5309],[46.5824,39.5497],[46.5719,39.5644],[46.4814,39.5877],[46.4305,39.5692],[46.4132,39.5799],[46.4141,39.6311],[46.3709,39.6205],[46.3575,39.6395],[46.2493,39.601],[46.2064,39.606],[46.178,39.5797],[46.156,39.652],[46.0588,39.6911],[46.0691,39.6987],[46.0564,39.7151],[45.9788,39.7864],[45.8277,39.825],[45.8096,39.8818],[45.7907,39.8963],[45.799,39.9358],[45.7199,39.9516],[45.6993,39.9691],[45.6105,39.9742],[45.6042,40.0047],[45.6736,40.0309],[45.7884,40.0294],[45.8336,39.9905],[45.8719,40.0224],[45.9076,40.0703],[45.9043,40.0995],[45.9604,40.1201],[45.9781,40.2229],[45.9374,40.2493],[45.939,40.2599],[45.9555,40.251],[45.9592,40.2759],[45.6968,40.3665],[45.6496,40.367],[45.6365,40.3961],[45.5924,40.4284],[45.5573,40.4293],[45.511,40.4553],[45.5126,40.4711],[45.4501,40.4998],[45.4307,40.5402],[45.4629,40.5794],[45.3882,40.6159],[45.3974,40.6299],[45.3642,40.6524],[45.3748,40.7049],[45.3964,40.6962],[45.4035,40.7304],[45.5461,40.7753],[45.5942,40.8254],[45.603,40.8807],[45.5581,40.8833],[45.5572,40.9001],[45.4812,40.9235],[45.4842,40.9394],[45.4548,40.9706],[45.4223,40.9588],[45.4073,40.9865],[45.4404,41.0124],[45.4275,41.0211],[45.3988,41.0245],[45.3623,40.9961],[45.3182,41.0007],[45.2867,41.0408],[45.2621,41.0269],[45.2581,41.004],[45.1932,41.05],[45.1663,41.0485],[45.1643,41.0809],[45.13,41.095],[45.1159,41.0498],[45.1018,41.0461],[45.103,41.0634],[45.0595,41.0513],[45.076,41.0726],[45.0712,41.0998],[45.0989,41.1199],[45.1732,41.1185],[45.2043,41.1518],[45.1214,41.2052],[45.0892,41.1785],[45.0494,41.2051],[45.0248,41.1962],[45.0626,41.2462],[45.0156,41.2971],[44.9379,41.2558],[44.8128,41.2954],[44.8024,41.2586],[44.8127,41.2412],[44.8941,41.216],[44.8777,41.2044],[44.7979,41.2277],[44.7333,41.2047],[44.7147,41.2222],[44.6861,41.2198],[44.6875,41.2392],[44.6175,41.2406],[44.588,41.1964],[44.5933,41.2116],[44.5357,41.1973],[44.5472,41.2247],[44.5363,41.2263],[44.5111,41.1952],[44.4708,41.1811],[44.3571,41.2314],[44.3457,41.2066],[44.3256,41.2044],[44.1801,41.2471],[44.162,41.1891],[44.0781,41.1974],[43.9662,41.1669],[43.9378,41.1763],[43.855,41.1631],[43.7552,41.1126],[43.5642,41.1448],[43.4747,41.1233],[43.4474,41.0993],[43.4714,41.0682],[43.4684,41.0312],[43.5783,40.9931],[43.6715,40.937],[43.678,40.8449],[43.705,40.8227],[43.7452,40.7399],[43.743,40.6754],[43.6773,40.5787],[43.6439,40.5621],[43.6503,40.5388],[43.5583,40.4947],[43.5469,40.4676],[43.6169,40.4233],[43.6178,40.3929],[43.5916,40.347],[43.6398,40.2784],[43.6768,40.2583],[43.6838,40.2409],[43.6564,40.2276],[43.714,40.166],[43.6564,40.1489],[43.656,40.118],[43.7154,40.0804],[43.7608,40.0838],[43.8085,40.0618]]]},"properties":{"id":"Q399","names":{"ab":"Ермантәыла","ace":"Armènia","ady":"Армение","af":"Armenië","als":"Armenien","am":"አርመኒያ","ami":"Arminiya","an":"Armenia","ang":"Armenia","ar":"أرمينيا","ast":"Armenia","av":"Армения","avk":"Xayastana","az":"Ermənistan","ba":"Әрмәнстан","ban":"Arménia","bar":"Armenien","bat-smg":"Armienėjė","bcl":"Armenya","be":"Арменія","be-x-old":"Армэнія","bew":"Lemènder","bg":"Армения","bh":"आर्मीनिया","bi":"Amenia","bn":"আর্মেনিয়া","bo":"ཨར་མེ་ནི་ཡ།","br":"Armenia","bs":"Armenija","bxr":"Армени","ca":"Armènia","cbk-zam":"Armenia","cdo":"Armenia","ce":"Эрмалойчоь","ceb":"Armenya","ch":"Armenia","co":"Armenia","crh":"Ermenistan","cs":"Arménie","csb":"Armenijô","cu":"Армєнїꙗ","cv":"Эрмени","cy":"Armenia","da":"Armenien","dag":"Armenia","de":"Armenien","diq":"Ermenıstan","dsb":"Armeńska","dtp":"Armenia","dv":"އަރުމީނިއާ","dz":"ཨར་མི་ནི་ཡ","ee":"Armenia","el":"Αρμενία","eml":"Armègna","en":"Armenia","eo":"Armenio","es":"Armenia","et":"Armeenia","eu":"Armenia","ext":"Armeña","fa":"ارمنستان","ff":"Armaaniya","fi":"Armenia","fiu-vro":"Armeeniä","fo":"Armenia","fr":"Arménie","frp":"Armènia","frr":"Armeenien","fur":"Armenie","fy":"Armeenje","ga":"An Airméin","gag":"Ermenistan","gcr":"Arméni","gd":"Airmeinia","gl":"Armenia","gn":"Ayméña","gor":"Armenia","got":"𐌰𐍂𐌼𐌴𐌽𐌾𐌰","gpe":"Armenia","gu":"આર્મેનિયા","gv":"Yn Armeain","ha":"Armeniya","hak":"Armenia","haw":"ʻĀmēnia","he":"ארמניה","hi":"आर्मीनिया","hif":"Armenia","hr":"Armenija","hsb":"Armenska","ht":"Ameni","hu":"Örményország","hy":"Հայաստան","ia":"Armenia","iba":"Armenia","id":"Armenia","ie":"Armenia","ilo":"Armenia","inh":"Эрмалойче","io":"Armenia","is":"Armenía","it":"Armenia","ja":"アルメニア","jam":"Aamiinia","jv":"Armèni","ka":"სომხეთი","kaa":"Armeniya","kab":"Arminya","kbd":"Ермэлые","kbp":"Armenii","kcg":"A̱ri̱meniya","kg":"Armenia","kge":"Armenia","ki":"Armenia","kk":"Армения","km":"អាមេនី","kn":"ಆರ್ಮೇನಿಯ","ko":"아르메니아","krc":"Эрмения","ks":"آرمینیا","ku":"Ermenistan","kv":"Армения","kw":"Armeni","ky":"Армения","la":"Armenia","lad":"Armenia","lb":"Armenien","lez":"Эрменистан","lfn":"Haiastan","lg":"Armenia","li":"Armenië","lij":"Armenia","lld":"Armenia","lmo":"Armenia","ln":"Armeni","lo":"ປະເທດອາກເມນີ","lt":"Armėnija","ltg":"Armeneja","lv":"Armēnija","mad":"Armenia","map-bms":"Armenia","mdf":"Армения","mg":"Armenia","mhr":"Армений","mi":"Āmenia","min":"Armenia","mk":"Ерменија","ml":"അർമേനിയ","mn":"Армени","mr":"आर्मेनिया","mrj":"Армени","ms":"Armenia","mt":"Armenja","mwl":"Arménia","my":"အာမေးနီးယားနိုင်ငံ","myv":"Армения Мастор","nap":"Armenia","nb":"Armenia","nds":"Armenien","nds-nl":"Armenië","ne":"आर्मेनिया","nl":"Armenië","nn":"Armenia","no":"Armenia","nov":"Armenia","nso":"Armenia","nv":"Dziłkʼi Dah Názʼéelii Dineʼé Bikéyah","ny":"Armenia","oc":"Armenia","olo":"Armienii","om":"Armeeniyaa","or":"ଆର୍ମେନିଆ","os":"Сомих","pa":"ਆਰਮੀਨੀਆ","pag":"Hayastan","pam":"Armenia","pap":"Armenia","pcd":"Arménie","pdc":"Armeni","pl":"Armenia","pms":"Armenia","pnt":"Αρμενία","ps":"ارمنستان","pt":"Arménia","qu":"Hayasuyu","rm":"Armenia","ro":"Armenia","roa-rup":"Arminii","ru":"Армения","rue":"Арменія","rw":"Arumeniya","sa":"आर्मीनिया","sah":"Эрмээнийэ","sc":"Armènia","scn":"Armenia","sco":"Armeinie","sd":"آرمينيا","se":"Armenia","sg":"Armenïi","sh":"Armenija / Арменија","sh-Cyrl":"Арменија","sh-Latn":"Armenija","shi":"Arminya","si":"ආර්මේනියාව","sk":"Arménsko","sl":"Armenija","sm":"Amenia","smn":"Armenia","sn":"Arumeniya","so":"Armiiniya","sq":"Armenia","sr":"Јерменија","sr-Latn":"Jermenija","srn":"Armenikondre","ss":"I-Arimeniya","stq":"Armenien","su":"Arménia","sv":"Armenien","sw":"Armenia","szl":"Armynijŏ","szy":"Armenia","ta":"ஆர்மீனியா","tay":"Armenia","te":"ఆర్మేనియా","tet":"Arménia","tg":"Арманистон","th":"ประเทศอาร์มีเนีย","tk":"Ermenistan","tl":"Armenya","tly":"Erməniston","to":"ʻAmēnia","tok":"ma Aja","tpi":"Amenia","tr":"Ermenistan","trv":"Armenia","ts":"Armenia","tt":"Әрмәнстан","tum":"Armenia","tw":"Aminia","ty":"Āmenia","udm":"Армения","ug":"ئەرمېنىيە","uk":"Вірменія","ur":"آرمینیا","uz":"Armaniston","vec":"Armènia","vep":"Armenii","vi":"Armenia","vls":"Armenië","vo":"Larmeniyän","wa":"Årmeneye","war":"Armenya","wo":"Armeeni","yi":"ארמעניע","yo":"Arméníà","za":"Armenia","zea":"Armenië","zh":"亞美尼亞","zh-min-nan":"Armenia"},"from":1991.983870967742,"to":null,"wikidata":"Q399","adminLevel":2,"source":"OpenHistoricalMap","sourceUrl":"https://www.openhistoricalmap.org"}},{"type":"Feature","geometry":{"type":"Polygon","coordinates":[[[42.7766,43.1888],[42.6837,43.1705],[42.6633,43.1402],[42.4721,43.2066],[42.4442,43.2265],[42.4444,43.246],[42.4138,43.257],[42.3559,43.2453],[42.3384,43.2195],[42.2682,43.2113],[42.2444,43.2282],[42.1994,43.2279],[42.0979,43.2132],[42.0478,43.1872],[42.0239,43.2134],[41.9595,43.2042],[41.8812,43.2478],[41.8492,43.2124],[41.8065,43.2025],[41.7294,43.2411],[41.695,43.2191],[41.6581,43.2378],[41.6142,43.221],[41.5775,43.2521],[41.4199,43.3182],[41.4116,43.3573],[41.3923,43.3665],[41.2874,43.3377],[41.2673,43.3622],[41.1728,43.3826],[41.149,43.4036],[41.1062,43.404],[41.0964,43.3852],[41.0435,43.3986],[41.0043,43.4322],[40.9516,43.4193],[40.8962,43.4555],[40.8936,43.4879],[40.7861,43.5026],[40.6964,43.5345],[40.6656,43.5607],[40.539,43.5195],[40.476,43.5489],[40.258,43.5861],[40.101,43.5664],[40.0915,43.5257],[40.0106,43.4237],[39.9814,43.3504],[39.8847,43.2244],[40.0129,43.1721],[40.0551,43.0831],[40.1399,43.0232],[40.2972,42.9954],[40.4867,42.9153],[40.6489,42.8901],[40.739,42.8936],[40.7924,42.8425],[40.8612,42.8086],[40.9292,42.694],[40.9812,42.6495],[41.0688,42.6125],[41.2346,42.593],[41.3005,42.3363],[41.3814,42.2152],[41.3912,42.1138],[41.4799,41.9702],[41.5075,41.8938],[41.4876,41.8242],[41.3555,41.7147],[41.3041,41.6203],[41.6311,41.4885],[41.7101,41.4959],[41.7094,41.4761],[41.7856,41.4614],[41.8188,41.433],[41.8781,41.4589],[41.9108,41.4991],[41.9579,41.5239],[42.0433,41.4941],[42.1777,41.5149],[42.2008,41.497],[42.3993,41.4667],[42.4461,41.4415],[42.5212,41.4376],[42.5127,41.4674],[42.5699,41.508],[42.5746,41.5602],[42.5979,41.5816],[42.6981,41.6007],[42.7752,41.5783],[42.8279,41.5874],[42.833,41.5685],[42.7972,41.5165],[42.8013,41.498],[42.8577,41.4726],[42.8722,41.4999],[42.8961,41.5017],[42.8987,41.4807],[42.9678,41.4508],[43.0221,41.3743],[43.0929,41.3581],[43.1422,41.3174],[43.2146,41.3017],[43.1356,41.2572],[43.152,41.2455],[43.195,41.2522],[43.2311,41.1762],[43.3751,41.2033],[43.4506,41.172],[43.4719,41.1278],[43.5642,41.1448],[43.5967,41.1295],[43.6811,41.1339],[43.743,41.112],[43.8536,41.1629],[43.9408,41.1761],[43.9595,41.1651],[44.0839,41.2002],[44.1566,41.1889],[44.1793,41.2425],[44.2426,41.2367],[44.2684,41.2145],[44.3297,41.204],[44.3524,41.2288],[44.4691,41.1809],[44.5088,41.1941],[44.5335,41.2263],[44.5404,41.1959],[44.5883,41.2118],[44.5926,41.1952],[44.6087,41.2403],[44.6786,41.2386],[44.6874,41.219],[44.7184,41.223],[44.7243,41.204],[44.7821,41.2215],[44.8777,41.2044],[44.8931,41.2203],[44.8249,41.2323],[44.8034,41.2526],[44.816,41.2994],[44.8484,41.2773],[44.9528,41.2591],[45.1026,41.349],[45.1758,41.4233],[45.1951,41.4165],[45.2592,41.466],[45.3094,41.4729],[45.3972,41.4274],[45.4647,41.4542],[45.566,41.4061],[45.5891,41.3745],[45.6472,41.3788],[45.682,41.3553],[45.7588,41.3521],[45.7052,41.2939],[45.797,41.229],[45.8832,41.2118],[45.9491,41.1788],[46.066,41.1897],[46.0928,41.1728],[46.134,41.2038],[46.2719,41.1904],[46.3764,41.1034],[46.4608,41.0969],[46.4709,41.064],[46.4904,41.0558],[46.5503,41.1126],[46.6171,41.0982],[46.6501,41.113],[46.6691,41.1883],[46.6569,41.201],[46.7306,41.2818],[46.6876,41.3201],[46.7032,41.3281],[46.6495,41.35],[46.6543,41.3715],[46.6486,41.3523],[46.6296,41.3598],[46.6454,41.3724],[46.6336,41.3866],[46.6137,41.3804],[46.5686,41.4063],[46.5118,41.4131],[46.4567,41.4381],[46.4412,41.4625],[46.4268,41.4552],[46.4227,41.4747],[46.3945,41.4712],[46.3858,41.4872],[46.3319,41.4999],[46.3352,41.5245],[46.2994,41.5555],[46.3048,41.5763],[46.3424,41.5685],[46.3244,41.6066],[46.2822,41.5995],[46.2702,41.6287],[46.2429,41.6133],[46.241,41.5954],[46.2058,41.6142],[46.2137,41.6272],[46.1961,41.6257],[46.2063,41.6594],[46.179,41.7113],[46.202,41.7647],[46.2417,41.7575],[46.2999,41.7752],[46.3998,41.8451],[46.4207,41.9161],[46.4001,41.9364],[46.3321,41.9439],[46.3174,41.9311],[46.2881,41.944],[46.2336,42.0155],[46.1595,41.9897],[46.1305,42.006],[46.1082,41.9858],[46.0789,42.0357],[46.0435,42.02],[45.9831,42.0428],[45.9492,42.0272],[45.9124,42.0627],[45.9206,42.0798],[45.9006,42.1027],[45.8039,42.1168],[45.7891,42.1031],[45.7412,42.1331],[45.7395,42.1519],[45.6077,42.2139],[45.6501,42.2899],[45.7264,42.2914],[45.7514,42.3069],[45.7365,42.3723],[45.7753,42.432],[45.7754,42.482],[45.7161,42.4776],[45.6778,42.5054],[45.6094,42.5087],[45.5719,42.5481],[45.4943,42.5353],[45.4049,42.5497],[45.3406,42.5224],[45.3213,42.5674],[45.3,42.572],[45.2782,42.6062],[45.2578,42.6052],[45.1585,42.7072],[45.0875,42.7111],[45.0409,42.6924],[44.9797,42.7451],[44.945,42.7509],[44.8939,42.7482],[44.8714,42.7281],[44.8643,42.6879],[44.8381,42.6749],[44.8236,42.6371],[44.8291,42.6175],[44.7987,42.6176],[44.7666,42.6431],[44.7458,42.7212],[44.7127,42.7425],[44.6829,42.7546],[44.5791,42.7455],[44.5547,42.7636],[44.502,42.7378],[44.5207,42.6993],[44.3159,42.7224],[44.249,42.6794],[44.2336,42.6326],[44.1939,42.6351],[44.1648,42.6078],[44.1162,42.618],[44.0269,42.5977],[43.9642,42.5471],[43.8414,42.5975],[43.7742,42.5888],[43.7192,42.6395],[43.7577,42.6538],[43.8063,42.7189],[43.8069,42.7394],[43.7894,42.7502],[43.7209,42.771],[43.682,42.8022],[43.6501,42.7955],[43.5648,42.8633],[43.4482,42.8934],[43.3348,42.8901],[43.3145,42.914],[43.1883,42.9378],[43.1706,42.9644],[43.0429,43.0268],[43.0203,43.065],[43.0396,43.0844],[43.0027,43.1118],[42.9281,43.1243],[42.9295,43.1449],[42.8836,43.1544],[42.8613,43.178],[42.8082,43.1691],[42.7766,43.1888]]]},"properties":{"id":"Q230","names":{"ab":"Қырҭтәыла","af":"Georgië","am":"ጂዮርጂያ","an":"Cheorchia","ar":"جورجيا","as":"জৰ্জিয়া","av":"Хъизихъ","ay":"Kiyorxiya","az":"Gürcüstan","ba":"Гөржөстан","be":"Грузія","bg":"Грузия","bh":"जॉर्जिया","bi":"Jojia","bn":"জর্জিয়া","bo":"འཇོར་ཇི་ཡ།","br":"Jorjia","bs":"Gruzija","ca":"Geòrgia","ce":"Гуьржийчоь","co":"Georgia","cs":"Gruzie","cu":"Гєѡргїꙗ","cv":"Грузи","cy":"Georgia","da":"Georgien","de":"Georgien","dv":"ޖޯޖިޔާ (ޤައުމު)","ee":"Georgia","el":"Γεωργία","en":"Georgia","eo":"Kartvelio","es":"Georgia","et":"Gruusia","eu":"Georgia","fa":"گرجستان","ff":"Jorjiya","fi":"Georgia","fj":"Georgia","fo":"Georgia","fr":"Géorgie","fy":"Georgje","ga":"An tSeoirsia","gd":"A' Chairtbheil","gl":"Xeorxia","gn":"Georgia","gu":"જ્યોર્જીયા","gv":"Yn Çhorshey","ha":"Georgia","he":"גאורגיה","hi":"जॉर्जिया","hr":"Gruzija","ht":"Jeoji","hu":"Grúzia","hy":"Վրաստան","ia":"Georgia","id":"Georgia","ie":"Georgia","io":"Gruzia","is":"Georgía","it":"Georgia","ja":"ジョージア","jv":"Géorgia","ka":"საქართველო","kg":"Georgia","ki":"Georgia","kk":"Грузия","km":"ចចជី","kn":"ಜಾರ್ಜಿಯ","ko":"조지아","ks":"جورجِیٛا","ku":"Gurcistan","kv":"Грузия","kw":"Pow Grouzi","ky":"Грузия","la":"Georgia","lb":"Georgien","lg":"Georgia","li":"Georgië","ln":"Zolozi","lo":"ປະເທດຊອກຊີ","lt":"Gruzija","lv":"Gruzija","mg":"Jeôrjia","mi":"Hōria","mk":"Грузија","ml":"ജോർജ്ജിയ","mn":"Гүрж","mr":"जॉर्जिया","ms":"Georgia","mt":"Ġeorġja","my":"ဂျော်ဂျီယာနိုင်ငံ","nb":"Georgia","ne":"जर्जिया","nl":"Georgië","nn":"Georgia","nv":"Dził Daantsaaítah Bilagáana Bikéyah","oc":"Georgia","om":"Ji'oorjiyaa","or":"ଜର୍ଜିଆ","os":"Гуырдзыстон","pa":"ਜਾਰਜੀਆ","pl":"Gruzja","ps":"ګرجستان","pt":"Geórgia","qu":"Kartulsuyu","ro":"Georgia","ru":"Грузия","rw":"Geworugiya","sa":"जार्जिया","sc":"Geòrgia","sco":"Georgie","sd":"جارجيا","se":"Georgia","si":"ජෝර්ජියාව","sk":"Gruzínsko","sl":"Gruzija","sm":"Siaosia","sn":"Jojiya","so":"Joorjiya","sq":"Gjeorgjia","sr":"Грузија","ss":"IJojiya","su":"Géorgia","sv":"Georgien","sw":"Georgia","ta":"சியார்சியா","te":"జార్జియా","tg":"Гурҷистон","th":"ประเทศจอร์เจีย","ti":"ጆርጂያ","tk":"Gruziýa","tl":"Heorhiya","to":"Seōsia","tr":"Gürcistan","ts":"Georgia","tt":"Гөрҗистан","ug":"گرۇزىيە","uk":"Грузія","ur":"جارجیا","uz":"Gruziya","vi":"Gruzia","vo":"Grusiyän","wa":"Djôrdjeye","wo":"Jeoorji","yi":"גרוזיע","yo":"Georgia","za":"Gruzia","zh":"格鲁吉亚"},"from":1991.983870967742,"to":null,"wikidata":"Q230","adminLevel":2,"source":"OpenHistoricalMap","sourceUrl":"https://www.openhistoricalmap.org"}},{"type":"Feature","geometry":{"type":"Polygon","coordinates":[[[1.7257,42.5047],[1.7385,42.5536],[1.7867,42.5745],[1.7309,42.5878],[1.7384,42.6119],[1.6022,42.6255],[1.5543,42.6537],[1.4802,42.6512],[1.4775,42.6146],[1.4332,42.5897],[1.4439,42.5696],[1.4154,42.5411],[1.4457,42.5416],[1.4642,42.5171],[1.423,42.489],[1.4524,42.437],[1.5116,42.4291],[1.5525,42.4329],[1.5657,42.4588],[1.6503,42.4671],[1.6687,42.5028],[1.7094,42.4916],[1.7257,42.5047]]]},"properties":{"id":"Q228","names":{"ab":"Андорра","am":"አንዶራ","ar":"أندورا","av":"Андор","ba":"Андорра","be":"Андора","bg":"Андора","bh":"अंडोरा","bn":"অ্যান্ডোরা","bo":"ཨན་ཌོར་ར།","bs":"Andora","ce":"Андорра","cu":"Андора","cv":"Андорра","de":"Andorra","dv":"އެންޑޯރާ","el":"Ανδόρρα","en":"Andorra","eo":"Andoro","fa":"آندورا","ff":"Anndoora","fr":"Andorre","ga":"Andóra","gn":"Andórra","gu":"એન્ડોરા","he":"אנדורה","hi":"अण्डोरा","hr":"Andora","ht":"Andò","hy":"Անդորրա","io":"Andora","it":"Andorra","ja":"アンドラ","ka":"ანდორა","kg":"Andora","kk":"Андорра","km":"អង់ដូរ៉ា","kn":"ಅಂಡೋರ","ko":"안도라","kv":"Андорра","ky":"Андорра","ln":"Andora","lo":"ປະເທດອັງໂດລາ","lt":"Andora","lv":"Andora","mg":"Andôra","mi":"Ānatōra","mk":"Андора","ml":"അൻഡോറ","mn":"Андорра","mr":"आंदोरा","my":"အင်ဒိုရာနိုင်ငံ","ne":"एन्डोरा","oc":"Andòrra","om":"Andooraa","or":"ଆଣ୍ଡୋରା","os":"Андоррæ","pa":"ਅੰਡੋਰਾ","pl":"Andora","ps":"اندورا","qu":"Anthura","ru":"Андорра","rw":"Andora","sa":"अण्डोरा","sd":"انڊورا","sg":"Andôro","si":"ඇන්ඩෝරාව","sl":"Andora","sm":"Anatora","sn":"Andora","sr":"Андора","ss":"IYandola","ta":"அந்தோரா","te":"అండొర్రా","tg":"Андорра","th":"ประเทศอันดอร์รา","to":"ʻAnitola","tt":"Андорра","ug":"ئاندوررا","uk":"Андорра","ur":"انڈورا","vo":"Landorän","wa":"Andôre","wo":"Andoor","yi":"אנדארע","yo":"Àndórà","zh":"安道尔","zu":"I-Andora"},"from":1278,"to":null,"wikidata":"Q228","adminLevel":2,"source":"OpenHistoricalMap","sourceUrl":"https://www.openhistoricalmap.org"}},{"type":"Feature","geometry":{"type":"Polygon","coordinates":[[[10.4544,47.5558],[10.4315,47.5028],[10.4678,47.4769],[10.4759,47.4327],[10.4356,47.4103],[10.4368,47.3804],[10.3941,47.3751],[10.3304,47.3048],[10.1782,47.27],[10.1756,47.2892],[10.2163,47.3122],[10.1995,47.3265],[10.2315,47.3687],[10.2276,47.3886],[10.1857,47.3906],[10.1499,47.3671],[10.1192,47.3756],[10.0998,47.3548],[10.0686,47.4095],[10.099,47.4256],[10.0897,47.4603],[10.0701,47.456],[10.0454,47.485],[10.0016,47.4819],[9.9649,47.5229],[9.9708,47.5435],[9.9206,47.5297],[9.8814,47.5481],[9.8583,47.5347],[9.8151,47.5487],[9.8275,47.5799],[9.8027,47.5957],[9.7632,47.5864],[9.7348,47.534],[9.5507,47.5371],[9.5645,47.4933],[9.5941,47.4644],[9.6558,47.4539],[9.6443,47.4348],[9.6734,47.3815],[9.6107,47.3557],[9.533,47.273],[9.5792,47.2086],[9.567,47.173],[9.6246,47.1461],[9.6318,47.129],[9.6219,47.1116],[9.6332,47.0862],[9.6142,47.0787],[9.6104,47.0578],[9.6748,47.0606],[9.8335,47.0145],[9.8794,47.0196],[9.8712,47.0131],[9.8923,46.9904],[9.8724,46.9652],[9.8761,46.9346],[10.0176,46.9016],[10.0549,46.8617],[10.0914,46.859],[10.1052,46.8409],[10.2327,46.8663],[10.2406,46.924],[10.3161,46.9252],[10.3077,46.9473],[10.355,46.9924],[10.3893,47.0005],[10.4266,46.9757],[10.4288,46.9561],[10.4878,46.9388],[10.4697,46.8549],[10.5544,46.8499],[10.551,46.8393],[10.6609,46.8715],[10.7561,46.8327],[10.7644,46.8224],[10.7281,46.7908],[10.7865,46.7949],[10.8792,46.7639],[10.9211,46.7751],[11.0224,46.7654],[11.0508,46.8087],[11.0837,46.8223],[11.0732,46.8577],[11.1016,46.8898],[11.0973,46.9136],[11.1617,46.9393],[11.1643,46.9658],[11.3171,46.991],[11.3587,46.9904],[11.402,46.965],[11.4402,46.975],[11.4788,47.0107],[11.5379,46.9841],[11.6269,47.0131],[11.7651,46.9728],[11.7816,46.9927],[11.8278,46.9933],[11.9794,47.0505],[12.0214,47.0473],[12.0769,47.059],[12.0919,47.0761],[12.1979,47.0887],[12.2373,47.0704],[12.2046,47.0274],[12.1471,47.0247],[12.1214,47.0067],[12.1365,46.9654],[12.1686,46.9377],[12.1521,46.9173],[12.2182,46.8736],[12.2741,46.8844],[12.3054,46.8428],[12.2824,46.8152],[12.2844,46.7829],[12.3511,46.777],[12.3778,46.7222],[12.4427,46.6884],[12.5158,46.6784],[12.569,46.6514],[12.6191,46.6618],[12.7378,46.6348],[12.7843,46.645],[12.8288,46.6312],[12.8477,46.6054],[13.1655,46.5893],[13.2325,46.5536],[13.3232,46.5545],[13.3723,46.5793],[13.4272,46.5575],[13.4996,46.5659],[13.52,46.5469],[13.5609,46.5519],[13.8013,46.5066],[13.919,46.5196],[14.002,46.4842],[14.0501,46.493],[14.1205,46.4767],[14.1618,46.434],[14.4327,46.4442],[14.4476,46.4217],[14.4881,46.4141],[14.5166,46.4262],[14.5617,46.3733],[14.5805,46.38],[14.5862,46.4272],[14.6748,46.4507],[14.6832,46.4679],[14.7022,46.4669],[14.7165,46.4994],[14.8117,46.5079],[14.8687,46.6056],[14.9171,46.6043],[14.9575,46.6319],[14.9817,46.6024],[15.0436,46.6521],[15.1468,46.6594],[15.2346,46.64],[15.4187,46.6549],[15.4559,46.6391],[15.4712,46.6127],[15.5456,46.6332],[15.5448,46.6681],[15.5919,46.6872],[15.63,46.68],[15.6603,46.7065],[15.7515,46.6981],[15.8434,46.7223],[15.9957,46.6815],[16.0375,46.6564],[16.029,46.7105],[15.9896,46.7395],[15.9896,46.8295],[16.0528,46.8392],[16.1342,46.8781],[16.1976,46.9392],[16.2772,46.9662],[16.2896,47.0136],[16.302,46.9987],[16.3416,46.9963],[16.3556,47.0075],[16.429,46.993],[16.5063,47.0016],[16.4421,47.0351],[16.5206,47.0562],[16.4664,47.0911],[16.5292,47.1297],[16.5176,47.1483],[16.4543,47.1423],[16.4536,47.1859],[16.4205,47.1988],[16.4426,47.2359],[16.4305,47.2504],[16.4712,47.2566],[16.4851,47.2787],[16.4629,47.336],[16.4366,47.3511],[16.4566,47.372],[16.449,47.4096],[16.488,47.4062],[16.4965,47.3899],[16.5169,47.4106],[16.5765,47.4083],[16.662,47.4557],[16.6698,47.4732],[16.6528,47.4991],[16.6887,47.51],[16.7123,47.538],[16.6684,47.5643],[16.6706,47.6025],[16.6534,47.6202],[16.5715,47.6203],[16.43,47.6605],[16.4475,47.6945],[16.4729,47.6813],[16.5512,47.7219],[16.5365,47.7366],[16.548,47.7515],[16.6076,47.7599],[16.7209,47.7353],[16.749,47.6814],[16.8283,47.6827],[16.8687,47.7214],[16.8829,47.6882],[17.0931,47.7082],[17.0704,47.728],[17.051,47.794],[17.0718,47.8082],[17.0147,47.8644],[17.0852,47.8744],[17.1091,47.9216],[17.0932,47.9337],[17.1135,47.958],[17.0947,47.9709],[17.1565,48.004],[17.1158,48.0291],[17.0697,48.0305],[17.0854,48.044],[17.0689,48.055],[17.0896,48.0922],[17.0587,48.1415],[17.0308,48.1402],[16.9762,48.1718],[16.9474,48.2334],[16.9567,48.262],[16.8997,48.3002],[16.9093,48.3245],[16.8441,48.3505],[16.8343,48.3785],[16.8549,48.3995],[16.85,48.4464],[16.9501,48.537],[16.9026,48.7173],[16.7965,48.7101],[16.7218,48.7381],[16.682,48.7293],[16.6776,48.7667],[16.66,48.7819],[16.5998,48.7817],[16.5378,48.8128],[16.522,48.7993],[16.4604,48.809],[16.4318,48.7641],[16.384,48.731],[16.0986,48.7461],[16.0002,48.7775],[15.9549,48.8017],[15.9579,48.8188],[15.8492,48.8581],[15.8433,48.8734],[15.6956,48.8565],[15.617,48.8966],[15.5134,48.9141],[15.4693,48.9509],[15.2846,48.9932],[15.2619,48.9563],[15.1621,48.9423],[15.1504,48.995],[15.0697,48.9991],[15.0587,49.0155],[15.0208,49.0205],[14.9924,49.0108],[14.9762,48.971],[14.9916,48.8982],[14.954,48.7968],[14.9772,48.7708],[14.9388,48.7618],[14.8145,48.7805],[14.8066,48.7363],[14.7293,48.6893],[14.7146,48.6564],[14.7211,48.6024],[14.6985,48.5837],[14.6664,48.5822],[14.6084,48.6281],[14.5637,48.6055],[14.5072,48.6176],[14.4702,48.6484],[14.4508,48.6438],[14.456,48.6251],[14.433,48.592],[14.3932,48.5931],[14.3918,48.5759],[14.3334,48.5519],[14.2679,48.5814],[14.099,48.5914],[14.0542,48.6041],[14.0194,48.6354],[14.0585,48.6589],[14.0512,48.6751],[13.8732,48.7678],[13.8396,48.7716],[13.8014,48.7169],[13.8338,48.7005],[13.8134,48.6923],[13.8244,48.6184],[13.8021,48.5744],[13.7496,48.5572],[13.7406,48.5265],[13.705,48.518],[13.6012,48.5689],[13.5664,48.5623],[13.5093,48.5907],[13.4916,48.5642],[13.437,48.5564],[13.4562,48.5149],[13.4092,48.3735],[13.2554,48.2937],[13.0808,48.2777],[13.0167,48.2555],[12.9569,48.2096],[12.8725,48.2018],[12.7864,48.1232],[12.7588,48.1271],[12.7606,48.0767],[12.8458,48.0206],[12.8691,47.9695],[12.9201,47.9534],[13.0014,47.8543],[12.9325,47.7753],[12.9362,47.7491],[12.9044,47.7273],[12.9252,47.7103],[13.0421,47.7137],[13.0737,47.6917],[13.0981,47.6423],[13.0629,47.6],[13.071,47.5887],[13.0432,47.5835],[13.0506,47.5646],[13.0315,47.5369],[13.0475,47.4922],[13.0094,47.465],[12.9208,47.4934],[12.847,47.5463],[12.7975,47.5539],[12.7812,47.5735],[12.7986,47.6052],[12.8248,47.6116],[12.7596,47.65],[12.7843,47.672],[12.6058,47.6739],[12.5751,47.6325],[12.4994,47.6251],[12.4291,47.6964],[12.2643,47.6784],[12.2417,47.6942],[12.2649,47.7332],[12.2571,47.7427],[12.2271,47.718],[12.1624,47.7012],[12.204,47.6068],[12.0192,47.6122],[12.0093,47.6242],[11.8633,47.6016],[11.8474,47.5824],[11.6373,47.5941],[11.6062,47.5819],[11.5739,47.5142],[11.4508,47.5066],[11.4436,47.5177],[11.388,47.4795],[11.4206,47.4452],[11.3381,47.4511],[11.2728,47.3979],[11.2234,47.3958],[11.2534,47.4279],[11.2067,47.4337],[11.111,47.3958],[10.9693,47.4004],[10.9834,47.4306],[10.9303,47.4701],[10.9383,47.4801],[10.8696,47.4837],[10.8711,47.4992],[10.9187,47.5134],[10.8924,47.5301],[10.785,47.5166],[10.69,47.5553],[10.5972,47.5695],[10.5733,47.534],[10.525,47.5351],[10.4503,47.5553],[10.4329,47.5816],[10.4792,47.5845],[10.4544,47.5558]]]},"properties":{"id":"Q40","names":{"be":"Аўстрыя","bg":"Австрия","br":"Aostria","bs":"Austrija","ca":"Àustria","cs":"Rakousko","cy":"Awstria","da":"Østrig","de":"Österreich","el":"Αυστρία","en":"Austria","es":"Austria","fr":"Autriche","ga":"An Ostair","gd":"An Ostair","gv":"Yn Austeyr","hr":"Austrija","hu":"Ausztria (1960-)","it":"Austria","ko":"오스트리아","kw":"Ostri","nb":"Østerrike","nl":"Oostenrijk","nn":"Austerrike","no":"Østerrike","oc":"Àustria","pl":"Austria","pt":"Áustria","ro":"Austria","ru":"Австрия","sh":"Austrija / Аустрија","sh-Cyrl":"Аустрија","sh-Latn":"Austrija","sk":"Rakúsko","sl":"Avstrija","sr":"Аустрија","sr-Latn":"Austrija","sv":"Österrike","tr":"Avusturya","uk":"Австрія"},"from":1960.2096774193549,"to":null,"wikidata":"Q40","adminLevel":2,"source":"OpenHistoricalMap","sourceUrl":"https://www.openhistoricalmap.org"}},{"type":"Feature","geometry":{"type":"MultiPolygon","coordinates":[[[[6.1377,50.1299],[6.1127,50.0613],[6.1521,49.9918],[6.1712,49.9853],[6.1679,49.966],[6.1835,49.9531],[6.1902,49.9688],[6.1981,49.9501],[6.1917,49.9693],[6.1765,49.9604],[6.1727,49.9841],[6.1437,49.9948],[6.1132,50.0586],[6.1377,50.1299]]],[[[6.3677,49.4694],[6.3577,49.529],[6.3805,49.5501],[6.3616,49.5698],[6.4229,49.6218],[6.4355,49.6706],[6.5033,49.7124],[6.5007,49.7512],[6.5182,49.7609],[6.5083,49.7869],[6.5304,49.8075],[6.467,49.821],[6.4292,49.811],[6.3583,49.851],[6.3233,49.8379],[6.3143,49.8667],[6.2673,49.8796],[6.2207,49.9223],[6.2667,49.8795],[6.3139,49.8664],[6.3233,49.8375],[6.359,49.8506],[6.4283,49.811],[6.5282,49.8101],[6.5065,49.7911],[6.5173,49.7687],[6.5015,49.7361],[6.517,49.724],[6.4968,49.7267],[6.4962,49.7103],[6.4265,49.6659],[6.4371,49.6504],[6.422,49.6234],[6.3614,49.5769],[6.381,49.5535],[6.3573,49.5332],[6.3677,49.4694]]]]},"properties":{"id":"Q1500976","names":{"de":"Gemeinsames deutsch-luxemburgisches Hoheitsgebiet","en":"Germany-Luxembourg condominium","fr":"Condominium germano-luxembourgeois","lb":"Gemeinsame Lëtzebuergesch-Däitsche Souveränitéitsgebitt","lt":"Vokietijos-Liuksemburgo kondominiumas"},"from":1945,"to":null,"wikidata":"Q1500976","adminLevel":2,"source":"OpenHistoricalMap","sourceUrl":"https://www.openhistoricalmap.org"}},{"type":"Feature","geometry":{"type":"Polygon","coordinates":[[[12.4528,41.9003],[12.4577,41.9057],[12.4458,41.902],[12.4528,41.9003]]]},"properties":{"id":"Q237","names":{"ab":"Ватикан","ace":"Vatikan","af":"Vatikaanstad","als":"Vatikan","an":"Ciudat d'o Vaticano","ang":"Faticanburg","ann":"Vatikan","ast":"Ciudá del Vaticanu","av":"Ватикан","avk":"Vatikana","az":"Vatikan","ba":"Ватикан","ban":"Vatikan","bar":"Vatikanstod","bat-smg":"Vatikans","bcl":"Syudad nin Vaticano","be":"Ватыкан","be-x-old":"Ватыкан","bew":"Watikan","bg":"Ватикан","bi":"Vatican Siti","br":"Keoded ar Vatikan","bs":"Vatikan","bxr":"Ватикан","ca":"Ciutat del Vaticà","cbk-zam":"Ciudad del Vaticano","cdo":"Vaticano","ce":"Ватикан","ceb":"Dakbayan sa Batikano","co":"Cità di u Vaticanu","crh":"Vatikan","cs":"Vatikán","csb":"Watikan","cu":"Ватиканъ","cv":"Ватикан","cy":"Y Fatican","da":"Vatikanstaten","de":"Vatikanstadt","diq":"Vatikan","dsb":"Vatikańske město","dtp":"Vatikan","ee":"Vatican City","el":"Βατικανό","eml":"Sitê dal Vaticân","en":"Vatican City","eo":"Vatikano","es":"Ciudad del Vaticano","et":"Vatikan","eu":"Vatikano Hiria","ext":"Ciá del Vaticanu","ff":"Watikan","fi":"Vatikaani","fiu-vro":"Vatikan","fo":"Vatikanið","fr":"Vatican","frp":"Vatican","frr":"Watikaanstääd","fur":"Citât dal Vatican","fy":"Fatikaanstêd","ga":"Cathair na Vatacáine","gag":"Vatikan","gcr":"Vatikan","gd":"Cathair na Bhatacain","gl":"Cidade do Vaticano","got":"𐍀𐌰𐍀𐌰𐌲𐌰𐍂𐌳𐍃","gv":"Ard-valley yn Phaab","ha":"Vatican","hak":"Vatican","haw":"Wakikana","hr":"Vatikan","hsb":"Vatikanske město","ht":"Vatikan","hu":"Vatikán","ia":"Citate Vatican","iba":"Vatikan","id":"Vatikan","ie":"Vaticano","ig":"Ama Ukwu Vatikan","ik":"Santasiiq","ilo":"Siudad ti Batikano","inh":"Ватикан","io":"Vatikano","is":"Vatíkanið","it":"Stato della Città del Vaticano","jam":"Vatikan Siti","jv":"Vatikan","kaa":"Vatikan","kab":"Vatikan","kbd":"Ватикан","kbp":"Fatiikaŋ","kg":"Vatican","kk":"Ватикан","knc":"Vatican City","ko":"바티칸 시국","koi":"Ватикан","krc":"Ватикан","ksh":"Vatikan","ku":"Vatîkan","kv":"Ватикан","kw":"Cita Vatikan","ky":"Ватикан","la":"Status Civitatis Vaticanae","lad":"Sivdad del Vatikano","lb":"Vatikanstad","lez":"Ватикан","lfn":"Site Vatican","lg":"Vatican","li":"Vaticaonstad","lij":"Çittæ do Vatican","lld":"Zità dl Vatican","lmo":"Cità del Vatican","ln":"Vatikáni","lt":"Vatikanas","ltg":"Vatikans","lv":"Vatikāns","mad":"Vatikan","map-bms":"Vatikan","mdf":"Ватикан","mg":"Vatikàna","mhr":"Ватикан","mi":"Poho o Pita","min":"Vatikan","mk":"Ватикан","mn":"Ватикан","ms":"Kota Vatikan","mt":"Belt tal-Vatikan","mwl":"Baticano","myv":"Ватикан Мастор","nap":"Cità d''o Vaticano","nds":"Vatikaanstad","nds-nl":"Vatikaanstad","nl":"Vaticaanstad","nn":"Vatikanstaten","no":"Vatikanstaten","nov":"Vatikan Urbe","nrm":"Vatican","nv":"Ééʼ Neishoodii Bikin","oc":"Vatican","olo":"Vatikan","om":"Vaatikaan","os":"Ватикан","pag":"Siyudad na Vatikano","pam":"Lakanbalen ning Batikánu","pap":"Siudad Vatikano","pcd":"Vatican","pfl":"Vatikanstadt","pl":"Watykan","pms":"Sità dël Vatican","pnt":"Βατικανό","pt":"Vaticano","qu":"Watikanu llaqta","rm":"Citad dal Vatican","rmy":"Vatican","ro":"Vatican","roa-rup":"Vãtican","roa-tara":"Cetate d'u Vaticane","ru":"Ватикан","rue":"Ватікан","rw":"Vatikani","sah":"Ватикаан","sc":"Tzitade de su Vaticanu","scn":"Citati dû Vaticanu","sco":"Vatican Ceety","se":"Vatikána","sh":"Vatikan","shi":"Afatikan","sk":"Vatikán","sl":"Vatikan","sm":"Aai o Vatikana","smn":"Vatikaanriijkâ","sn":"Vhatikani","so":"Faatikan","sq":"Vatikani","sr":"Ватикан","srn":"Presi fu Vatikanikondre","ss":"IVathikhi","st":"Vatican City","stq":"Vatikoanstääd","su":"Vatikan","sv":"Vatikanstaten","sw":"Vatikani","szl":"Watykan","szy":"Fan-ti-kan","tet":"Vatikanu","tg":"Вотикон","tk":"Watikan","tl":"Lungsod ng Vaticano","tly":"Vatikan","to":"Kolo Vatikani","tok":"ma tomo Wasikano","tr":"Vatikan","ts":"Vatican City","tt":"Ватикан","udm":"Ватикан","uk":"Ватикан","uz":"Vatikan","vec":"Sità del Vategan","vep":"Vatikan","vi":"Thành Vatican","vls":"Vaticoanstad","vo":"Vatikän","war":"Syudad han Vaticano","wo":"Watikaa","xh":"EsikaPhapha","yo":"Ìlú Fatikan","za":"Vatican","zea":"Vaticaânstad","zh-min-nan":"Vaticano"},"from":1929.1102150537633,"to":null,"wikidata":"Q237","adminLevel":2,"source":"OpenHistoricalMap","sourceUrl":"https://www.openhistoricalmap.org"}},{"type":"Feature","geometry":{"type":"MultiPolygon","coordinates":[[[[147.1462,43.9564],[146.9669,44.0674],[146.8597,44.0891],[146.7149,44.0757],[146.4388,43.9775],[146.3599,43.9226],[146.3159,43.8519],[146.1861,43.8306],[146.0358,43.7349],[145.8294,43.6573],[145.8421,43.7334],[145.976,43.7929],[146.2301,44.0229],[146.629,44.1788],[146.754,44.2571],[146.9476,44.224],[147.0898,44.2511],[147.4553,44.457],[147.5599,44.5738],[147.9045,44.7591],[148.0053,44.7745],[148.0834,44.8064],[148.1821,44.8615],[148.3147,44.9647],[148.4088,45.0113],[148.9947,45.1676],[149.0732,45.2202],[149.1459,45.3263],[149.4081,45.3736],[149.6037,45.3786],[149.836,45.4631],[150.0182,45.5938],[150.1765,45.6568],[150.3241,45.7444],[150.4178,45.8159],[150.5514,45.9569],[150.8336,46.1119],[151.0715,46.3216],[151.1776,46.4444],[151.2079,46.523],[151.1789,46.6229],[150.995,46.8347],[150.9203,46.8927],[150.7418,46.9385],[150.5949,46.9193],[150.499,46.8692],[150.4318,46.7882],[150.421,46.6954],[150.4569,46.6231],[150.4767,46.5221],[150.3649,46.4275],[150.172,46.3976],[150.043,46.3467],[149.7977,46.2168],[149.6497,46.0871],[149.4498,45.9814],[149.2009,45.7577],[148.9636,45.7295],[148.8199,45.7538],[148.6788,45.7498],[148.5214,45.7154],[148.3479,45.6109],[148.048,45.6186],[147.9257,45.6383],[147.7578,45.6019],[147.6369,45.5145],[147.5201,45.3423],[147.3524,45.2852],[147.284,45.2441],[147.231,45.1805],[147.1909,45.0749],[146.914,44.9674],[146.7248,44.7517],[146.5197,44.6658],[146.3379,44.6767],[146.2193,44.7137],[146.0933,44.7101],[145.9717,44.6737],[145.8831,44.6163],[145.7573,44.4749],[145.7319,44.4174],[145.6337,44.335],[145.5818,44.2136],[145.5232,44.1333],[145.2753,43.9043],[145.2523,43.8675],[145.2427,43.7825],[145.2647,43.7316],[145.2921,43.7087],[145.4295,43.6357],[145.5313,43.5082],[145.6923,43.5445],[145.8143,43.4302],[145.8584,43.3592],[145.8975,43.2797],[145.9166,43.153],[146.0601,43.1421],[146.1457,43.1632],[146.227,43.2152],[146.3155,43.2449],[146.4069,43.3147],[146.4419,43.3656],[146.6096,43.4127],[146.6998,43.5035],[146.9309,43.5709],[147.1035,43.6699],[147.1727,43.7472],[147.1954,43.8217],[147.188,43.8855],[147.1462,43.9564]]],[[[48.2611,79.8634],[48.5714,79.8184],[48.8499,79.7973],[49.3559,79.7913],[50.0531,79.7381],[51.0417,79.7138],[51.5774,79.7187],[52.0025,79.7487],[52.3002,79.7894],[52.5489,79.8608],[53.1952,79.8113],[53.8435,79.8252],[54.2262,79.8705],[54.4579,79.9324],[54.5153,79.9658],[54.5323,79.9968],[54.7364,80.012],[54.949,79.955],[55.9269,79.8173],[56.6263,79.8056],[57.2173,79.8619],[57.5042,79.7902],[57.4957,79.7513],[57.5531,79.7145],[57.7764,79.6433],[58.3397,79.5766],[59.0136,79.582],[59.4494,79.6296],[59.6896,79.6944],[60.068,79.6929],[60.4826,79.7149],[60.8291,79.7691],[60.9566,79.7977],[61.0906,79.8679],[61.1076,79.9116],[61.1012,79.9428],[61.0077,79.985],[61.0162,79.9987],[61.335,80.08],[61.3924,80.1074],[61.4094,80.1409],[62.0812,80.2023],[62.449,80.2575],[62.6552,80.3338],[62.6871,80.368],[62.6658,80.3992],[62.9762,80.4406],[63.3652,80.4424],[63.8478,80.4804],[64.8895,80.5285],[65.5463,80.6031],[65.9269,80.6633],[66.4838,80.8114],[66.5434,80.8433],[66.6178,80.9187],[66.6178,80.9422],[66.5944,80.9623],[66.622,80.9759],[66.6433,81.0371],[66.6114,81.0754],[66.5646,81.0991],[66.5753,81.1083],[66.5412,81.1418],[66.4775,81.1803],[66.2564,81.2501],[65.6994,81.3389],[65.2168,81.3763],[64.3559,81.3932],[63.8648,81.3674],[63.0761,81.2673],[62.8763,81.2113],[62.8316,81.1777],[62.4851,81.2498],[61.8984,81.3008],[61.8665,81.3249],[62.4469,81.3306],[63.0719,81.3811],[63.7989,81.3859],[64.2432,81.4154],[64.6003,81.4563],[64.9341,81.5205],[65.0319,81.5571],[65.1233,81.6183],[65.1084,81.6844],[65.0255,81.7285],[64.8108,81.7898],[64.4558,81.8446],[64.0476,81.8831],[63.5438,81.9055],[62.1854,81.8939],[61.3648,81.8379],[60.8631,81.7658],[60.6144,81.7056],[60.7143,81.7971],[60.727,81.8252],[60.7015,81.8611],[60.5421,81.9333],[60.3465,81.9818],[59.9681,82.0262],[59.5366,82.0512],[58.784,82.0559],[57.6764,82.0176],[56.9643,81.9578],[56.6412,81.8999],[56.5561,81.8662],[56.4966,81.8298],[56.5008,81.7925],[56.5519,81.7527],[56.554,81.735],[55.9226,81.6927],[55.6059,81.6412],[55.4528,81.577],[55.0659,81.5947],[54.5748,81.5907],[53.5693,81.5264],[53.1973,81.4862],[52.9507,81.4284],[52.8805,81.397],[52.8465,81.3639],[52.8699,81.3053],[53.125,81.2155],[52.9677,81.1624],[52.9124,81.1225],[52.9124,81.0879],[52.9847,81.0238],[53.142,80.9746],[52.8784,80.9067],[52.8125,80.8767],[52.7742,80.8396],[52.4383,80.8902],[52.145,80.9546],[52.0791,81.0132],[52.2789,81.0896],[52.3023,81.1284],[52.2895,81.1666],[52.1535,81.2346],[52.0323,81.2702],[51.6837,81.3242],[51.1926,81.3661],[50.3508,81.3795],[49.9171,81.3594],[49.4196,81.2889],[49.2283,81.244],[49.1071,81.1862],[49.0859,81.1621],[49.0901,81.1359],[49.1348,81.0929],[49.1241,81.0791],[48.8116,81.0377],[48.682,81.0059],[48.2547,81.0149],[47.5914,81.0566],[46.6135,81.0252],[46.216,80.9799],[46.0799,80.9526],[45.9332,80.8996],[45.5081,80.8419],[44.5706,80.8012],[44.1284,80.7576],[43.8414,80.6953],[43.6969,80.6308],[43.6756,80.5954],[43.7542,80.5278],[43.986,80.4628],[45.5485,80.2697],[45.6378,80.2142],[45.7653,80.1754],[45.9269,80.0873],[46.0757,80.048],[46.9622,79.8978],[47.568,79.8492],[48.2611,79.8634]]],[[[35.5995,80.051],[35.8291,80.0024],[36.2713,79.9491],[36.977,79.9357],[37.4192,79.9684],[37.719,80.0153],[37.9294,80.088],[37.9783,80.1238],[37.9847,80.1609],[37.8827,80.2304],[37.585,80.3055],[37.3852,80.332],[36.875,80.3662],[36.3627,80.3634],[35.7462,80.3048],[35.5251,80.2456],[35.4571,80.2113],[35.4167,80.17],[35.4358,80.1256],[35.5995,80.051]]],[[[167.2736,54.6321],[167.8646,54.3469],[167.9996,54.3047],[168.1665,54.3004],[168.3174,54.3413],[168.4109,54.4069],[168.4524,54.4891],[168.4162,54.5841],[168.2929,54.6825],[168.2164,54.7758],[168.0633,54.8456],[167.9634,54.9105],[167.6764,55.0331],[167.4904,55.0848],[167.4097,55.0879],[167.2194,55.0453],[167.145,55.0099],[167.0823,54.9337],[167.0812,54.8524],[167.1322,54.7384],[167.2736,54.6321]]],[[[167.0217,54.7237],[166.9866,54.9068],[166.9622,54.9471],[166.8474,55.0501],[166.6837,55.1541],[166.639,55.3486],[166.5625,55.4355],[166.4934,55.4801],[166.3531,55.5211],[166.0087,55.5638],[165.8758,55.5578],[165.5485,55.4488],[165.4687,55.4036],[165.4262,55.354],[165.405,55.2948],[165.4071,55.2415],[165.4858,55.1158],[165.523,55.0842],[165.8121,54.9306],[165.9428,54.8089],[166.1384,54.6788],[166.5072,54.5021],[166.6008,54.4817],[166.7134,54.4805],[166.8899,54.5206],[166.9505,54.5588],[167.0142,54.6419],[167.0217,54.7237]]],[[[143.0761,56.2985],[143.1866,56.233],[143.2653,56.2141],[143.4364,56.2005],[143.5364,56.2194],[143.5991,56.2401],[143.7224,56.3192],[143.7532,56.3786],[143.7574,56.4286],[143.7383,56.475],[143.6979,56.5149],[143.5682,56.5882],[143.3195,56.6122],[143.1569,56.5689],[143.057,56.4997],[143.0208,56.4039],[143.0453,56.3268],[143.0761,56.2985]]],[[[140.9474,46.3625],[140.9222,46.2577],[140.9415,46.1593],[141.0153,46.0832],[141.1307,46.0339],[141.2616,46.0227],[141.4047,46.0595],[141.5019,46.1179],[141.5519,46.1957],[141.5576,46.2928],[141.5271,46.3602],[141.4382,46.4354],[141.3484,46.4771],[141.2302,46.493],[141.1193,46.4763],[141.0166,46.4312],[140.9474,46.3625]]],[[[49.6772,68.4787],[49.9126,68.5196],[50.0294,68.5553],[50.6117,68.8648],[50.8453,69.0433],[50.8716,69.1092],[50.8493,69.1863],[50.7755,69.2661],[50.6427,69.3507],[50.4245,69.4365],[49.6173,69.6647],[49.3795,69.694],[49.0955,69.702],[48.8219,69.6888],[48.4659,69.6342],[48.1245,69.5207],[47.9798,69.4541],[47.8348,69.3591],[47.7711,69.2903],[47.6816,69.1271],[47.6556,68.9295],[47.6835,68.7778],[47.7241,68.7204],[47.7912,68.6684],[47.944,68.598],[48.3043,68.5221],[49.084,68.46],[49.6772,68.4787]]],[[[79.0338,74.3495],[79.5377,74.3135],[79.7678,74.3215],[79.991,74.3502],[80.1433,74.3883],[80.2505,74.436],[80.3506,74.5295],[80.371,74.5876],[80.3549,74.6208],[80.3038,74.6616],[80.1347,74.7292],[79.7091,74.8165],[79.4129,74.8416],[79.0969,74.8339],[78.8087,74.795],[78.5875,74.7223],[78.4756,74.6346],[78.4625,74.599],[78.4696,74.5526],[78.5032,74.5116],[78.5697,74.4696],[78.7548,74.4031],[79.0338,74.3495]]],[[[83.0403,75.5718],[82.9135,75.6305],[82.7413,75.6724],[83.0821,75.7176],[83.5075,75.7257],[83.8022,75.7676],[83.9503,75.8098],[84.0313,75.8498],[84.0823,75.9017],[84.0842,75.9585],[84.0481,76.001],[83.9807,76.0415],[83.7381,76.1082],[82.8526,76.1821],[82.4556,76.1844],[82.0122,76.15],[81.6419,76.1543],[81.291,76.1191],[81.1242,76.0804],[80.9294,76.0057],[80.8691,75.9624],[80.853,75.9068],[80.886,75.8629],[80.8966,75.8011],[80.9827,75.7414],[81.1715,75.6815],[81.4461,75.6378],[81.2832,75.6027],[81.0384,75.5186],[80.7444,75.5032],[80.488,75.4596],[80.3192,75.3945],[80.2806,75.3624],[80.2631,75.318],[80.3105,75.2524],[80.4681,75.1859],[80.7354,75.1354],[81.0005,75.1168],[81.4661,74.9549],[81.6534,74.9082],[82.0025,74.868],[82.3824,74.8763],[82.7116,74.9325],[82.8326,74.9785],[82.8915,75.0204],[82.9425,75.1848],[83.0569,75.2396],[83.1132,75.3065],[83.1088,75.3633],[83.0365,75.4383],[83.0841,75.5037],[83.0746,75.5371],[83.0403,75.5718]]],[[[92.8984,78.3293],[92.6975,78.2512],[92.6561,78.2012],[92.6597,78.1566],[92.7315,78.1029],[92.9064,78.0396],[93.1747,77.987],[93.4641,77.9584],[94.0004,77.9552],[94.4263,78.0002],[94.5864,78.0364],[94.7134,78.0855],[94.8241,78.1889],[94.8406,78.2222],[94.8295,78.2556],[94.791,78.2881],[94.6358,78.347],[94.3915,78.392],[94.0933,78.4183],[93.7559,78.4262],[93.437,78.4136],[93.1122,78.3755],[92.8984,78.3293]]],[[[89.4357,76.7935],[89.7409,76.8364],[89.9351,76.891],[90.4014,76.8981],[90.8312,76.9567],[91.0201,77.0196],[91.0905,77.0842],[91.4088,77.1291],[91.6253,77.2036],[91.6778,77.2571],[91.674,77.3327],[91.6316,77.3763],[91.558,77.4134],[92.0743,77.3962],[92.5017,77.4312],[92.8845,77.521],[92.9868,77.5779],[93.0126,77.6333],[92.9658,77.6881],[92.8776,77.7286],[92.4432,77.8237],[91.9475,77.8561],[91.4644,77.8357],[91.1368,77.7813],[90.9399,77.7032],[90.9081,77.6591],[90.9155,77.6181],[90.9695,77.5572],[91.0725,77.5073],[90.6374,77.5255],[90.3094,77.5094],[90.05,77.4734],[89.5036,77.5033],[88.9484,77.4734],[88.6313,77.4195],[88.4606,77.3653],[88.3454,77.299],[88.0131,77.2292],[87.8745,77.1702],[87.8208,77.1283],[87.7977,77.0862],[87.8323,77.0107],[87.948,76.9423],[88.1075,76.8813],[88.3129,76.8326],[88.5582,76.7972],[88.8442,76.7777],[89.4357,76.7935]]],[[[83.4129,77.5804],[83.195,77.6471],[82.9188,77.6961],[82.4801,77.7274],[82.1231,77.7288],[81.8221,77.71],[81.533,77.6627],[81.3429,77.5918],[81.3063,77.5593],[81.2956,77.5171],[81.3149,77.4719],[81.3882,77.4174],[81.513,77.3696],[81.6897,77.3295],[82.0934,77.287],[82.7589,77.2682],[83.2229,77.3098],[83.5004,77.3886],[83.5679,77.4423],[83.5711,77.4869],[83.5105,77.541],[83.4129,77.5804]]],[[[76.0649,79.3377],[76.683,79.2867],[77.4671,79.2793],[77.867,79.2912],[78.1832,79.323],[78.4588,79.3792],[78.6155,79.4407],[78.6527,79.4711],[78.6661,79.5108],[78.6294,79.5549],[78.5665,79.5864],[78.2718,79.661],[77.2776,79.7989],[76.4459,79.8703],[75.9169,79.8711],[75.4512,79.8307],[75.1322,79.7631],[75.0405,79.7216],[74.9849,79.6642],[75.004,79.6147],[75.0644,79.5751],[75.2958,79.49],[75.5421,79.4258],[76.0649,79.3377]]],[[[79.3192,80.5446],[80.1817,80.5646],[80.7431,80.616],[81.2356,80.7213],[81.3665,80.78],[81.4179,80.8307],[81.4209,80.8531],[81.3797,80.8972],[81.2416,80.9497],[80.8854,81.0161],[79.9817,81.0919],[79.4128,81.102],[78.5684,81.0574],[78.1392,81.0099],[77.7257,80.9161],[77.62,80.8599],[77.5628,80.7937],[77.5843,80.7492],[77.6946,80.6867],[78.0941,80.6026],[78.5706,80.5605],[79.3192,80.5446]]],[[[115.3756,74.1654],[115.5497,74.1186],[115.7991,74.0847],[116.0774,74.0763],[116.331,74.0918],[116.621,74.1431],[116.7951,74.1948],[116.9032,74.2641],[116.9275,74.33],[116.8903,74.3915],[116.8107,74.4462],[116.5442,74.5275],[116.1523,74.5673],[115.7693,74.5524],[115.4615,74.4883],[115.3084,74.4176],[115.2469,74.3723],[115.2149,74.3135],[115.2265,74.2621],[115.2798,74.2119],[115.3756,74.1654]]],[[[157.3036,76.9217],[157.119,76.8436],[157.0886,76.7985],[157.1024,76.754],[157.1792,76.7012],[157.3306,76.6484],[157.7386,76.5839],[158.1436,76.574],[158.5452,76.609],[158.8274,76.6801],[158.9148,76.7266],[158.9523,76.7816],[158.9421,76.815],[158.906,76.8488],[158.7964,76.8986],[158.5901,76.9463],[158.3716,76.9722],[158.0761,76.9879],[157.763,76.9839],[157.5327,76.9638],[157.3036,76.9217]]],[[[155.6734,77.1937],[155.5934,77.1387],[155.5628,77.0946],[155.5772,77.0496],[155.6379,77.0031],[155.8691,76.9314],[156.2264,76.8874],[156.7497,76.8851],[157.1311,76.9205],[157.4029,76.9877],[157.4841,77.0305],[157.5225,77.0856],[157.4823,77.1634],[157.3554,77.2239],[157.1269,77.2769],[156.8174,77.3086],[156.4826,77.3149],[156.1571,77.2954],[155.8813,77.2564],[155.6734,77.1937]]],[[[153.1828,75.7109],[153.186,75.7578],[153.1323,75.8119],[153.0438,75.8521],[152.8911,75.8924],[153.2958,75.9285],[153.464,75.9664],[153.5784,76.0099],[153.6417,76.0518],[153.663,76.0849],[153.6961,76.184],[153.6668,76.2404],[153.5737,76.2915],[153.4239,76.3344],[153.0441,76.3811],[152.4438,76.3742],[152.0258,76.3187],[151.91,76.2835],[151.7573,76.2107],[151.7182,76.1671],[151.7221,76.1163],[151.7658,76.0729],[151.8482,76.033],[152.2298,75.9345],[151.936,75.9066],[151.7294,75.8607],[151.5854,75.796],[151.5531,75.7635],[151.5432,75.7284],[151.5565,75.6951],[151.6086,75.6524],[151.7881,75.5871],[152.0517,75.5438],[152.3233,75.529],[152.6313,75.5397],[152.9114,75.5807],[153.1021,75.6423],[153.1828,75.7109]]],[[[147.6646,76.7057],[147.617,76.6477],[147.6231,76.6142],[147.6533,76.5815],[147.7572,76.5297],[147.9499,76.4805],[148.3511,76.4392],[149.2473,76.432],[149.611,76.4562],[149.8971,76.514],[150.0365,76.5629],[150.1125,76.6157],[150.2874,76.6761],[150.3437,76.7188],[150.358,76.7521],[150.339,76.7965],[150.277,76.8388],[150.0685,76.9043],[149.774,76.9443],[149.3938,76.9548],[148.3805,76.8947],[147.8854,76.794],[147.6646,76.7057]]],[[[134.7974,74.3369],[134.736,74.2955],[134.7098,74.2402],[134.7258,74.136],[134.792,74.0724],[134.9292,74.0094],[135.0719,73.9725],[135.1745,73.9163],[135.3777,73.8563],[135.4846,73.7958],[135.7541,73.7182],[136.1402,73.6793],[136.5324,73.7035],[136.7215,73.7441],[136.8985,73.8074],[136.9742,73.8494],[137.0156,73.9039],[136.9818,74.0132],[136.9043,74.0764],[136.7682,74.1254],[136.6213,74.2019],[136.0339,74.3836],[135.649,74.4329],[135.3605,74.4395],[135.0488,74.4098],[134.7974,74.3369]]],[[[-175.1797,71.209],[-175.0692,71.2477],[-174.9772,71.3067],[-174.947,71.3494],[-174.9401,71.3941],[-174.9971,71.4728],[-175.142,71.5397],[-175.4771,71.6035],[-175.8025,71.6278],[-176.0332,71.6061],[-176.2159,71.5571],[-176.3326,71.4864],[-176.3635,71.4068],[-176.2976,71.3248],[-176.2049,71.2768],[-176.0882,71.23],[-175.8032,71.1672],[-175.4668,71.1634],[-175.1797,71.209]]],[[[-180,62.5526],[-179.9548,62.6157],[-179.9333,62.6862],[-179.9448,62.7659],[-179.9983,62.8741],[-180,62.5526]]],[[[19.4042,54.6039],[19.6487,54.4533],[20.6363,54.3674],[21.4461,54.3182],[22.792,54.3633],[22.736,54.4429],[22.7014,54.4537],[22.6811,54.5248],[22.7123,54.5637],[22.6854,54.59],[22.7508,54.6367],[22.7294,54.6789],[22.7448,54.7302],[22.8595,54.7777],[22.8483,54.7848],[22.8724,54.7885],[22.88,54.8255],[22.8406,54.8689],[22.8473,54.8967],[22.7906,54.9054],[22.7775,54.9252],[22.7561,54.9178],[22.7661,54.9325],[22.678,54.9877],[22.6627,54.9643],[22.6486,54.9666],[22.5975,55.0235],[22.5891,55.0705],[22.4852,55.0462],[22.2919,55.0649],[22.1634,55.0555],[22.124,55.0301],[22.0728,55.0256],[22.0335,55.0472],[22.0378,55.0818],[21.9128,55.0818],[21.7203,55.1343],[21.6482,55.1811],[21.5753,55.197],[21.5018,55.1868],[21.3787,55.2939],[21.2735,55.2459],[21.104,55.2564],[20.954,55.2808],[20.6564,55.3842],[20.402,55.1802],[20.2227,55.161],[19.8887,55.1546],[19.7321,55.1027],[19.6051,54.9786],[19.5831,54.909],[19.6181,54.8248],[19.6092,54.7849],[19.578,54.7379],[19.4042,54.6039]]],[[[180,70.9217],[180,71.7491],[179.6615,71.7049],[179.1465,71.5816],[179.0346,71.5501],[178.7249,71.4173],[178.4427,71.3531],[178.0671,71.1561],[178.0286,71.1174],[178.0142,71.0678],[178.028,70.979],[178.0946,70.8919],[178.1591,70.8472],[178.1818,70.8145],[178.1845,70.7609],[178.2264,70.7106],[178.3713,70.6411],[178.6549,70.5907],[178.9522,70.5932],[179.3024,70.6577],[179.6375,70.6591],[180,70.7166],[180,70.9217]]],[[[179.9999,64.9791],[180,69.2895],[179.7707,69.3827],[179.1932,69.5441],[178.67,69.6397],[178.2243,69.6549],[177.8329,69.7524],[177.6537,69.7818],[177.1573,69.8231],[176.7762,69.9027],[176.5249,70.0194],[176.2708,70.0679],[175.7421,70.0773],[175.12,70.0403],[174.6833,70.0403],[174.1875,70.1035],[172.8287,70.1814],[172.6982,70.1832],[172.4689,70.1551],[172.1187,70.1753],[171.5934,70.2439],[170.9019,70.2863],[170.6383,70.3224],[170.3533,70.3153],[170.1164,70.2824],[169.9049,70.2014],[169.8521,70.1516],[169.8445,70.1261],[169.5383,70.1046],[168.9594,70.1651],[168.7953,70.2077],[168.5296,70.2321],[168.373,70.2309],[167.9295,70.1818],[167.6939,70.125],[167.5264,70.0602],[167.3465,69.964],[167.2346,69.8694],[166.8384,69.7079],[166.3268,69.7036],[165.9251,69.7654],[165.5276,69.7699],[165.2893,69.7901],[164.8114,69.7657],[164.7166,69.7934],[164.6205,69.8555],[164.4701,69.9086],[164.2868,69.94],[164.0685,69.9531],[163.7753,69.9364],[163.5679,69.8857],[163.1937,69.9013],[162.8153,69.8541],[162.3951,69.877],[161.1932,69.8887],[160.6532,69.9229],[160.5369,70.0981],[160.6678,70.1987],[160.6828,70.2764],[160.5705,70.4625],[160.4326,70.5976],[160.8356,70.6003],[161.0666,70.6296],[161.1286,70.5727],[161.2008,70.5351],[161.4095,70.4802],[161.6348,70.4609],[161.9264,70.4744],[162.1488,70.4327],[162.4072,70.4209],[162.7053,70.4435],[162.8993,70.4864],[163.0695,70.5735],[163.1007,70.6169],[163.102,70.6615],[163.0451,70.7284],[162.9048,70.7909],[162.6693,70.8342],[162.2734,70.8503],[162.1957,70.9036],[162.1251,70.9799],[161.9457,71.0615],[161.7551,71.1086],[161.5346,71.1283],[161.1948,71.1106],[160.9699,71.0583],[160.6299,71.1069],[160.4161,71.1129],[160.214,71.0978],[160.0566,71.0671],[159.9209,71.017],[159.8525,70.966],[159.8111,70.8969],[159.3075,71.0298],[158.6724,71.1433],[157.9057,71.2232],[156.912,71.2757],[156.0111,71.276],[155.7229,71.2627],[154.4025,71.1704],[153.5765,71.0649],[152.7949,71.0279],[152.3645,71.3169],[151.6832,71.6766],[151.4423,71.7413],[150.8306,71.8162],[150.7589,71.8909],[150.6924,71.9921],[150.4995,72.1184],[150.2616,72.2139],[149.8231,72.3385],[149.2895,72.4277],[148.5291,72.5142],[147.6199,72.5267],[147.2666,72.5159],[146.1637,72.6813],[144.3823,72.8382],[144.319,73.2178],[144.3028,73.4464],[144.256,73.5005],[144.0293,73.6425],[143.7625,73.7499],[143.3457,73.8686],[143.1311,73.9487],[141.8354,74.1951],[141.8063,74.2555],[142.9545,74.6225],[144.1642,74.7087],[144.4193,74.7477],[145.3189,75.0213],[145.514,75.1032],[145.8043,75.018],[146.3235,74.931],[146.6804,74.8448],[147.1877,74.7847],[147.5799,74.6534],[147.9342,74.5925],[148.5524,74.5427],[148.9323,74.5298],[149.6004,74.5288],[150.0417,74.5522],[150.4093,74.6296],[151.0612,74.6975],[151.2078,74.7304],[151.3273,74.7764],[151.387,74.8194],[151.4717,74.9475],[151.6943,75.0576],[151.7423,75.1267],[151.7137,75.1832],[151.6442,75.2274],[151.3838,75.3016],[151.1625,75.3315],[149.6131,75.4535],[148.6512,75.5891],[148.1852,75.599],[147.989,75.6179],[147.14,75.716],[146.9457,75.7583],[146.7395,75.7813],[146.2499,75.7791],[146.0159,75.753],[145.8307,75.7136],[145.4102,75.789],[145.1427,75.8573],[144.8128,75.8939],[144.5194,75.9631],[144.1007,76.0205],[143.5558,76.0517],[143.111,76.0272],[142.3237,76.2628],[141.8065,76.347],[140.5001,76.5001],[140.1657,76.4979],[138.9481,76.3992],[138.5816,76.3913],[138.1339,76.3392],[137.7473,76.2753],[137.5034,76.2088],[136.9474,76.0969],[136.7104,76.0041],[136.6426,75.9511],[136.6206,75.9021],[136.5692,75.8724],[136.5108,75.9361],[136.4331,75.9765],[136.2865,76.0194],[136.0957,76.0507],[135.6383,76.0699],[135.2082,76.0262],[135.0036,75.9663],[134.8739,75.8728],[134.8642,75.8394],[134.8788,75.8041],[134.8004,75.6828],[134.8384,75.5871],[134.8206,75.5474],[134.733,75.4967],[134.7055,75.4526],[134.7328,75.3599],[134.7879,75.3058],[134.8941,75.255],[135.0167,75.2208],[135.3312,75.177],[135.821,75.1666],[136.2165,75.1965],[136.7075,74.949],[137.1987,74.8292],[137.3171,74.7477],[137.5886,74.6318],[137.8517,74.5769],[138.3517,74.5345],[138.6639,74.4672],[139.4505,74.1362],[139.4517,74.0591],[139.5129,73.9825],[139.1597,73.5015],[139.097,73.4521],[139.0819,73.4189],[139.0871,73.3787],[139.1235,73.3353],[139.217,73.2707],[139.326,73.2206],[139.4819,73.1798],[139.9243,72.9008],[139.5155,72.7506],[139.1868,72.6593],[138.7172,72.4654],[138.5835,72.3811],[138.295,72.1247],[138.0593,72.0641],[137.8358,71.9673],[137.2711,71.8137],[136.1445,71.8538],[135.5361,71.8352],[134.733,71.7347],[134.573,71.6901],[134.4618,71.6332],[134.2996,71.5771],[133.9719,71.6174],[133.743,71.683],[133.8561,71.7221],[133.9399,71.7717],[133.9803,71.8212],[133.9834,71.8775],[133.9407,71.9444],[133.8869,71.9858],[133.5986,72.1096],[133.3554,72.1541],[133.0947,72.1685],[132.5897,72.1401],[132.3762,72.1098],[132.1978,72.0621],[132.0655,72.0057],[131.7304,71.7735],[131.5679,71.6],[131.4268,71.355],[131.3672,71.3011],[130.8138,71.1921],[130.7463,71.2023],[130.6643,71.4935],[130.6876,71.5452],[130.6644,71.6021],[130.5069,71.7139],[130.2428,71.7914],[130.2851,72.2268],[130.3291,72.3691],[130.2597,72.8859],[130.2752,72.9378],[130.2279,73.0467],[130.1588,73.1037],[130.0783,73.1417],[129.8291,73.2115],[128.5955,73.6233],[128.0027,73.7083],[126.3167,73.8627],[125.3547,74.0676],[124.9652,74.1231],[124.6861,74.1366],[124.3227,74.1191],[123.3556,74.1883],[123.0706,74.1861],[122.8033,74.1551],[122.6345,74.1151],[122.5109,74.0627],[122.4312,73.9924],[122.3885,73.8835],[122.3923,73.8338],[122.4532,73.7702],[122.5714,73.7166],[122.4971,73.6224],[122.46,73.5089],[122.4952,73.4104],[122.5758,73.3121],[121.7787,73.2492],[121.613,73.2206],[121.414,73.1611],[121.1149,73.1379],[121.0183,73.2258],[120.858,73.2883],[120.6123,73.3358],[120.0375,73.3875],[119.6941,73.5365],[119.6299,73.5841],[119.519,73.6295],[119.2249,73.6994],[118.9026,73.7495],[118.0732,73.7795],[117.5581,73.7787],[116.8128,73.8613],[116.3686,73.8668],[115.5932,73.913],[114.9752,73.8795],[114.5432,73.7895],[114.3252,73.7988],[114.0295,73.7873],[113.9411,73.8435],[113.8288,73.9513],[113.6043,74.031],[113.8104,74.0908],[113.905,74.1375],[113.958,74.1842],[114.1585,74.2817],[114.2151,74.3373],[114.2254,74.4212],[114.1098,74.5288],[113.714,74.7338],[113.5674,74.891],[114.1803,75.1088],[114.4239,75.2436],[114.5448,75.4145],[114.5394,75.4844],[114.488,75.551],[114.5707,75.6446],[114.6823,75.7246],[114.7392,75.8425],[114.7325,75.9139],[114.6892,75.9654],[114.3636,76.1392],[114.3259,76.3093],[114.3467,76.3624],[114.3035,76.426],[114.2396,76.4709],[114.0906,76.5302],[113.8085,76.5981],[113.4105,76.6555],[113.2546,76.7244],[112.9366,76.7953],[111.9426,76.8827],[111.5492,76.9527],[110.7977,76.9879],[109.6947,76.9565],[108.9909,77.0956],[108.6107,77.3879],[108.479,77.4478],[108.4326,77.9447],[108.6307,78.0171],[108.7219,78.0854],[108.7467,78.1271],[108.74,78.1651],[108.7107,78.198],[108.5814,78.2605],[107.2878,78.5268],[106.4334,78.6479],[106.3934,78.7616],[106.2787,78.8495],[105.8708,78.9941],[104.9202,79.2553],[103.7122,79.5118],[101.2872,79.8065],[101.1401,79.885],[100.8265,80.0133],[100.1318,80.1878],[99.8019,80.2238],[98.7196,80.2959],[98.713,80.3051],[98.7951,80.3471],[99.3531,80.6131],[99.4045,80.6569],[99.4031,80.6903],[99.3073,80.7857],[99.1894,80.8382],[97.8877,81.0977],[97.309,81.2897],[97.0401,81.3569],[96.4882,81.442],[95.8049,81.4767],[94.6908,81.4418],[94.1993,81.3883],[92.619,81.2893],[92.1231,81.3672],[91.522,81.4129],[90.982,81.4243],[90.2933,81.4072],[89.574,81.366],[89.1658,81.3185],[88.9008,81.2477],[88.813,81.1925],[88.7995,81.1591],[88.8445,81.0798],[88.9596,81.018],[89.1652,80.9601],[89.4121,80.9203],[90.5004,80.8345],[91.0095,80.8282],[91.5276,80.8433],[90.3509,80.455],[90.3113,80.4109],[90.3071,80.3022],[89.9145,80.1401],[89.8325,80.0823],[89.8375,80.0377],[90.0429,79.7857],[89.582,79.6493],[89.4912,79.6078],[89.4517,79.5706],[89.45,79.5371],[89.5379,79.4723],[89.8703,79.3937],[90.5617,79.3193],[91.4234,79.0119],[91.7643,78.9462],[92.13,78.9038],[92.7428,78.8633],[94.6505,78.8419],[96.5721,78.7114],[96.8691,78.65],[96.9674,78.3138],[97.0031,78.2709],[97.0787,78.2291],[97.2331,78.1832],[98.3957,77.9376],[95.9824,77.347],[95.5569,77.26],[94.9971,77.1919],[94.6178,77.1054],[93.3478,76.7512],[93.1909,76.6809],[91.676,76.2593],[91.0226,76.2245],[88.9696,75.8965],[87.9607,75.9024],[87.6117,75.8776],[87.3706,75.8269],[87.2205,75.7547],[85.5956,75.427],[85.4548,75.384],[84.623,75.0105],[83.7141,74.8076],[83.5788,74.7647],[83.507,74.7243],[83.4661,74.6742],[83.4923,74.5616],[82.0537,74.286],[81.6958,74.1583],[80.2063,73.7597],[77.0589,73.6069],[76.3095,73.7125],[75.7467,73.7205],[75.4527,73.7046],[75.171,73.6637],[74.9704,73.6072],[74.7622,73.512],[74.688,73.4405],[74.3865,73.3089],[74.1278,73.2959],[73.8959,73.2628],[72.21,73.3381],[71.7638,73.5505],[71.3888,73.6311],[71.0245,73.671],[70.6961,73.6739],[70.0933,73.6287],[69.5484,73.5316],[69.3702,73.4588],[68.7315,72.9946],[68.6153,72.8634],[68.4601,72.8007],[68.3649,72.7369],[68.3241,72.6879],[68.2899,72.5791],[68.1924,72.4513],[68.1008,72.2145],[67.9471,71.9614],[67.8909,71.8878],[67.8059,71.8227],[67.6131,71.7101],[67.3324,71.6141],[67.0634,71.5357],[66.819,71.5023],[66.41,71.3923],[66.3212,71.3318],[66.2699,71.2441],[66.1466,71.1646],[65.9589,70.9899],[65.853,70.8506],[65.8156,70.7039],[65.8427,70.5892],[65.9375,70.4784],[66.0801,70.3795],[66.3148,70.2885],[66.3876,70.1106],[64.9657,69.564],[64.4751,69.6935],[63.3035,69.8717],[62.8057,69.9158],[62.0158,69.946],[61.378,70.0532],[60.6814,70.1213],[60.4657,70.2305],[60.083,70.3321],[59.859,70.4615],[59.444,70.6204],[58.0659,70.8528],[57.8061,70.9553],[57.4484,71.0162],[56.755,71.2927],[56.6995,71.3287],[56.6215,71.4151],[56.3175,71.6514],[56.186,71.8302],[56.1851,71.8671],[56.1495,71.9274],[56.106,71.9678],[56.1073,72.0268],[56.2239,72.1519],[56.2122,72.2348],[56.2555,72.383],[56.8395,72.7627],[57.0693,72.9509],[57.3306,73.1332],[57.7326,73.2892],[58.198,73.4981],[58.8872,73.8893],[59.3074,74.0839],[60.1005,74.2658],[60.4949,74.4907],[60.8948,74.6238],[61.6194,74.9189],[62.1022,75.0872],[62.6451,75.2386],[62.9646,75.3043],[63.3329,75.3637],[64.0809,75.411],[64.6286,75.5347],[65.5527,75.6235],[66.0251,75.7231],[66.4987,75.7893],[66.8326,75.8138],[67.7065,75.9333],[68.359,76.0496],[68.6654,76.0688],[68.8974,76.1077],[69.0392,76.1518],[69.7772,76.4793],[69.9563,76.7008],[69.9374,76.7452],[69.8316,76.8477],[69.6066,76.9629],[69.3561,77.0584],[69.0411,77.129],[68.006,77.2348],[67.507,77.2348],[67.1914,77.2051],[66.5362,77.102],[65.4415,76.8852],[65.2171,76.8196],[65.0798,76.7557],[64.8611,76.7017],[63.7511,76.5925],[63.3059,76.5068],[62.7001,76.4638],[61.6653,76.4981],[60.7877,76.4758],[59.7544,76.3375],[58.7603,76.2499],[58.429,76.1864],[58.2796,76.1337],[58.0595,75.9882],[57.9104,75.9235],[56.5177,75.5315],[56.2316,75.4723],[56.0463,75.4108],[55.4599,75.3324],[55.1478,75.2335],[55.0483,75.1702],[54.976,75.0629],[54.988,75.0184],[55.0677,74.9415],[55.0446,74.8177],[54.8717,74.6594],[54.8326,74.5924],[54.6333,74.4423],[54.4383,74.3371],[54.3641,74.2572],[53.7857,74.0509],[53.235,73.9449],[53.0525,73.8721],[52.9681,73.7776],[52.9648,73.7337],[52.9822,73.6954],[53.0835,73.623],[53.2967,73.5584],[53.3045,73.4867],[53.0733,73.4044],[52.9091,73.3645],[52.7217,73.2886],[51.9093,72.8843],[51.7701,72.7825],[51.238,72.2459],[51.0499,72.1823],[50.9523,72.1256],[50.7992,71.8618],[50.8012,71.7867],[50.8252,71.7313],[50.949,71.5816],[50.9793,71.5151],[51.0899,71.4297],[51.7739,71.1351],[52.571,70.8163],[53.0606,70.6591],[53.5892,70.5272],[54.4093,70.459],[55.148,70.297],[56.4968,70.2446],[56.9971,70.2558],[57.8981,70.0713],[58.1415,69.9293],[58.6604,69.7163],[59.2015,69.554],[59.6609,69.4704],[59.7262,69.4053],[60.075,69.1968],[60.0842,69.1235],[60.1233,69.0638],[60.1998,69.0067],[60.3079,68.9591],[60.2304,68.8988],[60.0732,68.9611],[60.0817,69.0215],[60.0304,69.0939],[59.9602,69.1491],[59.8632,69.1966],[59.8161,69.2905],[59.6709,69.381],[59.4664,69.4454],[59.2363,69.4907],[59.1034,69.5419],[59.0045,69.6031],[58.8651,69.6473],[58.6461,69.6773],[58.3914,69.6776],[58.1827,69.6496],[58.0198,69.5953],[57.9383,69.5349],[57.9119,69.4945],[57.9055,69.4485],[57.9378,69.394],[58.0115,69.3447],[58.3425,69.1963],[58.5186,69.1376],[57.6149,68.9658],[57.2194,68.9292],[56.6821,69.0068],[55.934,69.0549],[55.7731,69.0959],[55.5529,69.1268],[54.6839,69.189],[54.1841,69.1842],[53.7923,69.1589],[53.1269,69.0629],[51.7481,68.7072],[51.5823,68.6864],[51.0606,68.6834],[50.7634,68.6396],[50.5094,68.5609],[50.2584,68.4357],[49.9397,68.3214],[49.4939,68.1757],[49.0189,68.0514],[48.8367,68.0984],[48.592,68.1136],[47.1118,68.0331],[47.086,68.0537],[47.0939,68.1034],[47.0815,68.1478],[46.8552,68.423],[46.7056,68.499],[46.3535,68.5927],[45.736,68.7029],[45.3717,68.7356],[44.7753,68.7521],[44.1878,68.7357],[44.0343,68.7836],[43.8207,68.8254],[43.4916,68.8676],[43.1061,68.8537],[39.7596,68.3747],[39.739,68.3781],[39.7975,68.4561],[39.7786,68.5229],[39.7007,68.5833],[39.5721,68.6308],[39.3475,68.665],[39.1329,68.6628],[38.9384,68.6308],[38.7694,68.5695],[38.1267,68.8502],[36.7432,69.2276],[36.0801,69.3795],[34.6556,69.5162],[34.2716,69.5813],[33.4381,69.9024],[32.3421,70.1203],[31.9091,70.1531],[31.4452,70.0999],[31.1044,69.9783],[30.8176,69.7948],[30.8887,69.7381],[30.8836,69.7089],[30.9458,69.6784],[30.9263,69.6727],[30.9542,69.6323],[30.9395,69.5619],[30.8125,69.5287],[30.5228,69.5406],[30.224,69.6531],[30.1578,69.668],[30.0853,69.6581],[30.0913,69.6428],[30.1378,69.6435],[30.1881,69.5692],[30.1857,69.5509],[30.1241,69.5186],[30.1175,69.4714],[30.0335,69.4242],[29.9427,69.4054],[29.85,69.4227],[29.7277,69.3903],[29.6929,69.3626],[29.5736,69.3187],[29.3896,69.3217],[29.2963,69.2989],[29.2767,69.2533],[29.3137,69.236],[29.2855,69.1689],[29.2537,69.1626],[29.2421,69.113],[29.0567,69.0152],[28.9293,69.0519],[28.4158,68.9155],[28.468,68.8854],[28.6613,68.8864],[28.8008,68.8693],[28.7064,68.7322],[28.4339,68.5397],[28.6462,68.1963],[29.3271,68.0745],[29.6594,67.803],[30.017,67.6736],[29.9302,67.5225],[29.6209,67.3489],[29.6349,67.3329],[29.5276,67.3113],[29.4905,67.2628],[29.0717,66.9944],[29.039,66.9564],[29.0332,66.9255],[29.0605,66.8531],[29.1167,66.8036],[29.1036,66.7957],[29.3546,66.6412],[29.3826,66.5984],[29.4163,66.5924],[29.5196,66.4963],[29.7035,66.2756],[29.6947,66.2707],[29.9233,66.1271],[29.9811,66.044],[29.9971,65.9788],[30.0242,65.9667],[30.0685,65.895],[30.1171,65.7593],[30.1385,65.6687],[30.0171,65.6965],[29.7219,65.6371],[29.8639,65.5604],[29.733,65.4725],[29.7314,65.374],[29.7466,65.3474],[29.6018,65.2599],[29.634,65.2316],[29.7641,65.2289],[29.8857,65.2063],[29.8936,65.193],[29.8193,65.1443],[29.8924,65.1074],[29.7327,65.0913],[29.627,65.0606],[29.5993,64.9951],[29.6192,64.9597],[29.611,64.9273],[29.6449,64.8665],[29.6997,64.8372],[29.6875,64.8188],[29.7396,64.7898],[30.0429,64.7929],[30.0865,64.774],[30.0414,64.7412],[30.0537,64.713],[30.1358,64.649],[30.1301,64.6347],[29.9894,64.5876],[29.987,64.5339],[30.0297,64.5006],[30.0244,64.483],[30.0583,64.4509],[30.0449,64.402],[30.1099,64.365],[30.2102,64.3505],[30.3669,64.2997],[30.3608,64.2813],[30.3883,64.2691],[30.4824,64.2623],[30.5078,64.2242],[30.4664,64.2044],[30.5534,64.1322],[30.5536,64.1017],[30.528,64.0489],[30.4919,64.017],[30.3209,63.9095],[30.2604,63.822],[29.9723,63.7573],[30.2442,63.6073],[30.2643,63.5818],[30.3845,63.5455],[30.4835,63.467],[30.7877,63.4053],[30.8492,63.3694],[30.9299,63.3566],[30.9791,63.3078],[31.1426,63.2628],[31.2376,63.2197],[31.2721,63.1076],[31.463,63.0242],[31.4488,63.0061],[31.5021,62.9963],[31.5813,62.9143],[31.4556,62.7968],[31.4642,62.7868],[31.4392,62.7849],[31.3803,62.6899],[31.3735,62.6501],[31.3368,62.6304],[31.2216,62.4986],[31.1849,62.4938],[31.1628,62.4461],[30.9427,62.3332],[30.9549,62.3126],[30.9432,62.3058],[30.9042,62.3105],[30.7203,62.2089],[30.657,62.2089],[30.5901,62.134],[30.3517,61.98],[30.3085,61.9659],[30.3007,61.935],[30.2742,61.9336],[30.0749,61.8188],[30.0381,61.7654],[29.8194,61.6554],[29.7405,61.5758],[29.5998,61.4988],[29.4962,61.4919],[29.5031,61.4613],[29.3237,61.3483],[29.2334,61.2684],[28.9593,61.1534],[28.8191,61.1216],[28.8043,61.0934],[28.7162,61.0458],[28.6578,60.9512],[28.5176,60.9523],[28.3273,60.8562],[28.2205,60.7828],[28.1743,60.7786],[28.1355,60.7409],[27.8734,60.6046],[27.8387,60.5785],[27.8377,60.5593],[27.7744,60.5336],[27.7766,60.5077],[27.748,60.4512],[27.6944,60.4376],[27.7258,60.3917],[27.4564,60.2234],[27.2931,60.2002],[27.0686,60.1422],[26.9079,60.1369],[26.6666,60.0007],[26.6604,59.9811],[26.4377,59.9392],[26.6267,59.8231],[26.8169,59.6625],[27.0531,59.6192],[27.3869,59.6518],[27.8105,59.5455],[27.9597,59.4862],[28.0408,59.4747],[28.2087,59.3828],[28.192,59.3469],[28.1369,59.2969],[27.9595,59.2721],[27.9063,59.2433],[27.8905,59.1867],[27.8091,59.1299],[27.7921,59.0704],[27.7705,59.0365],[27.749,59.0303],[27.7445,58.9836],[27.7218,58.9678],[27.3422,58.8933],[27.5551,58.3686],[27.4864,58.3066],[27.4905,58.2192],[27.6354,58.1004],[27.6056,58.0543],[27.6207,58.0056],[27.6538,57.9958],[27.6488,58.0153],[27.6622,58.0184],[27.6922,58.005],[27.6864,57.9661],[27.6596,57.9573],[27.7168,57.9141],[27.6955,57.9074],[27.817,57.8956],[27.7956,57.8412],[27.7408,57.8278],[27.6159,57.8396],[27.5415,57.8232],[27.5506,57.8173],[27.5362,57.7979],[27.4947,57.7877],[27.5392,57.7357],[27.5256,57.7094],[27.4468,57.7173],[27.4113,57.7003],[27.3772,57.6715],[27.3779,57.6487],[27.3985,57.6366],[27.3939,57.6072],[27.3175,57.58],[27.3518,57.5201],[27.3748,57.5354],[27.4201,57.5236],[27.5565,57.5378],[27.5494,57.5243],[27.5642,57.5071],[27.5502,57.4673],[27.5162,57.4249],[27.6694,57.3953],[27.6832,57.3743],[27.7791,57.3434],[27.7818,57.3203],[27.8239,57.3231],[27.8666,57.2964],[27.8672,57.245],[27.8297,57.2073],[27.8184,57.1481],[27.7375,57.119],[27.7524,57.1009],[27.7152,57.0976],[27.7653,57.0866],[27.7169,57.0037],[27.7671,57.005],[27.7372,56.9201],[27.6863,56.9159],[27.6555,56.8533],[27.6665,56.8355],[27.687,56.8367],[27.8571,56.8791],[27.8715,56.8776],[27.9017,56.8206],[27.9683,56.8365],[27.9694,56.8092],[27.9428,56.7973],[27.9447,56.7768],[27.8988,56.7531],[28.0125,56.6725],[28.0115,56.6434],[28.0415,56.5933],[28.143,56.572],[28.1424,56.5539],[28.1004,56.5395],[28.0955,56.5201],[28.1375,56.5082],[28.1297,56.4931],[28.1429,56.4781],[28.1928,56.4465],[28.1825,56.428],[28.1946,56.4053],[28.1678,56.3826],[28.2415,56.2787],[28.1894,56.2333],[28.1928,56.2079],[28.1528,56.1702],[28.1575,56.1437],[28.2516,56.1194],[28.2439,56.0858],[28.2774,56.0935],[28.3222,56.0587],[28.3822,56.0698],[28.3864,56.1114],[28.4185,56.0889],[28.5459,56.1141],[28.6831,56.1041],[28.6387,56.0721],[28.6999,56.0265],[28.71,55.9867],[28.7459,55.9668],[28.8079,55.9718],[28.8437,55.9544],[28.858,55.9885],[28.9415,55.9935],[28.952,56.0105],[29.0873,56.0339],[29.1035,56.018],[29.1633,56.0231],[29.2142,55.9891],[29.3023,55.9924],[29.4256,55.9674],[29.449,55.9575],[29.4221,55.9456],[29.4788,55.9219],[29.3989,55.9019],[29.4235,55.8751],[29.3954,55.8603],[29.3593,55.7665],[29.4866,55.7075],[29.5209,55.7051],[29.5723,55.7316],[29.6197,55.7788],[29.7467,55.8023],[29.7753,55.7774],[29.8085,55.785],[29.8947,55.8624],[29.9418,55.8515],[29.9936,55.8704],[30.126,55.8321],[30.1615,55.8493],[30.1586,55.878],[30.1881,55.863],[30.2758,55.8635],[30.2935,55.8317],[30.3315,55.8355],[30.3704,55.8086],[30.4755,55.8124],[30.5107,55.7997],[30.505,55.774],[30.5335,55.7501],[30.582,55.7506],[30.6292,55.7301],[30.6513,55.697],[30.6421,55.6766],[30.666,55.6779],[30.6575,55.6587],[30.6739,55.6369],[30.6886,55.6347],[30.7036,55.6584],[30.7341,55.6567],[30.7647,55.5928],[30.8313,55.5992],[30.8526,55.63],[30.9132,55.6123],[30.9335,55.6199],[30.9561,55.5425],[30.9128,55.5277],[30.9609,55.4982],[30.9004,55.4763],[30.9261,55.386],[30.8108,55.3099],[30.8246,55.3034],[30.821,55.2792],[30.8856,55.2739],[30.8783,55.2598],[30.9077,55.2522],[30.9232,55.201],[30.9618,55.1933],[30.9671,55.1742],[30.9868,55.1699],[30.9734,55.1463],[31.0212,55.1372],[30.9975,55.1364],[31.0038,55.1155],[30.9837,55.0915],[31.0279,55.0623],[31.0056,55.028],[30.9437,55.037],[30.9105,55.0193],[30.9649,54.9846],[30.9428,54.9784],[30.9421,54.961],[30.8176,54.9371],[30.8347,54.9126],[30.821,54.8826],[30.7902,54.8738],[30.7485,54.8057],[30.9305,54.7515],[30.9766,54.7133],[31.0049,54.7201],[31.0217,54.7089],[30.9855,54.6913],[30.9883,54.6726],[31.1973,54.6593],[31.2108,54.6343],[31.0882,54.5128],[31.1103,54.4931],[31.2318,54.4673],[31.2365,54.4352],[31.2704,54.4004],[31.2565,54.3854],[31.3021,54.3658],[31.3182,54.342],[31.288,54.3209],[31.3231,54.3116],[31.3115,54.2738],[31.3259,54.2426],[31.3831,54.2463],[31.3862,54.2243],[31.4088,54.2251],[31.3826,54.2133],[31.4937,54.183],[31.5071,54.1585],[31.5639,54.1369],[31.6535,54.1421],[31.6824,54.1047],[31.769,54.1117],[31.7589,54.0846],[31.7738,54.0787],[31.8258,54.0937],[31.8971,54.0832],[31.8831,54.0684],[31.8972,54.0516],[31.8875,54.0326],[31.8558,54.007],[31.8908,53.9842],[31.8915,53.9686],[31.8521,53.9508],[31.8535,53.9222],[31.8298,53.8868],[31.8009,53.8771],[31.829,53.865],[31.7645,53.8328],[31.7695,53.7919],[31.8074,53.8058],[31.8952,53.776],[31.9876,53.8036],[32.044,53.7991],[32.1265,53.8183],[32.2078,53.7995],[32.2295,53.7661],[32.2854,53.7757],[32.2793,53.766],[32.3443,53.7503],[32.369,53.7176],[32.4603,53.7363],[32.4979,53.708],[32.501,53.6884],[32.4134,53.6543],[32.4322,53.6306],[32.4306,53.652],[32.4491,53.6379],[32.4277,53.6077],[32.4812,53.5668],[32.4786,53.5483],[32.5203,53.5426],[32.542,53.5186],[32.6007,53.5136],[32.6049,53.4788],[32.6313,53.4785],[32.6386,53.5024],[32.6849,53.4855],[32.6551,53.4701],[32.6777,53.4636],[32.7705,53.4647],[32.7545,53.4493],[32.7643,53.4246],[32.7416,53.4224],[32.7471,53.4021],[32.772,53.3992],[32.7408,53.3937],[32.7246,53.3693],[32.7483,53.342],[32.741,53.3327],[32.6868,53.3408],[32.6525,53.3154],[32.616,53.3373],[32.6199,53.3145],[32.5983,53.3144],[32.5878,53.2973],[32.4908,53.3044],[32.5127,53.2835],[32.4496,53.2102],[32.4132,53.1866],[32.3515,53.1812],[32.3292,53.1437],[32.2959,53.1274],[32.2526,53.1318],[32.2267,53.1034],[32.1922,53.1077],[32.1654,53.0867],[32.0973,53.0767],[32.0096,53.0972],[31.9362,53.0825],[31.9132,53.0879],[31.9136,53.1079],[31.8334,53.1101],[31.7993,53.1394],[31.7915,53.173],[31.744,53.1991],[31.6312,53.2303],[31.5838,53.1934],[31.41,53.211],[31.4165,53.1816],[31.3655,53.1421],[31.3945,53.116],[31.3903,53.0967],[31.3345,53.0914],[31.3293,53.0432],[31.2465,53.0336],[31.3533,52.9845],[31.3974,52.9074],[31.4885,52.858],[31.5384,52.8573],[31.53,52.822],[31.5901,52.7882],[31.6033,52.7444],[31.5601,52.7056],[31.4983,52.6951],[31.568,52.6374],[31.567,52.6027],[31.6298,52.563],[31.6723,52.5619],[31.6446,52.5421],[31.617,52.5503],[31.5919,52.5206],[31.5613,52.5213],[31.5742,52.4973],[31.6034,52.5047],[31.6207,52.4916],[31.6039,52.4632],[31.5821,52.4595],[31.6097,52.4431],[31.5947,52.4219],[31.6205,52.4185],[31.6313,52.3989],[31.6254,52.3311],[31.5887,52.3271],[31.5905,52.3161],[31.6487,52.2802],[31.7124,52.2654],[31.6989,52.2485],[31.7099,52.2167],[31.6911,52.1923],[31.7736,52.1859],[31.7966,52.1225],[31.783,52.1156],[31.8168,52.098],[31.8932,52.105],[31.9604,52.075],[31.9132,52.0421],[32.0282,52.0476],[32.0636,52.0322],[32.1535,52.0677],[32.205,52.0647],[32.365,52.1428],[32.3671,52.1537],[32.3314,52.155],[32.3547,52.3269],[32.8656,52.248],[33.1979,52.3622],[33.3362,52.3527],[33.3953,52.37],[33.4463,52.3429],[33.4393,52.3534],[33.4638,52.3633],[33.5092,52.3583],[33.5196,52.3438],[33.4793,52.3165],[33.5589,52.3022],[33.5658,52.3102],[33.5452,52.3203],[33.5816,52.3115],[33.6044,52.3339],[33.6846,52.3579],[33.8175,52.3633],[34.0823,52.1419],[34.1098,52.0069],[34.4037,51.8358],[34.4353,51.7313],[34.1263,51.6862],[34.0811,51.6652],[34.1016,51.666],[34.2966,51.519],[34.2471,51.4312],[34.2214,51.4171],[34.2279,51.3998],[34.2914,51.3883],[34.2847,51.3753],[34.3369,51.366],[34.3354,51.3536],[34.3177,51.3307],[34.2904,51.3389],[34.2825,51.3112],[34.238,51.2926],[34.2534,51.2821],[34.2345,51.2743],[34.306,51.2388],[34.6591,51.2499],[34.6811,51.188],[35.1343,51.2206],[35.1617,51.0966],[35.1974,51.0587],[35.3375,51.0707],[35.3952,51.0397],[35.3513,50.9861],[35.4089,50.8094],[35.4886,50.7747],[35.5023,50.6738],[35.4034,50.6495],[35.4556,50.5082],[35.5864,50.4483],[35.5837,50.3925],[35.6259,50.3516],[35.7373,50.3547],[35.8015,50.397],[35.8063,50.4117],[35.7923,50.4163],[35.8317,50.434],[35.8722,50.423],[35.8887,50.4385],[36.086,50.4491],[36.1608,50.4314],[36.1709,50.4088],[36.2839,50.3355],[36.2741,50.3243],[36.2995,50.2995],[36.3673,50.2884],[36.4252,50.3284],[36.4401,50.3113],[36.5862,50.2854],[36.5936,50.2782],[36.5747,50.2758],[36.5805,50.2628],[36.5598,50.2499],[36.6142,50.2234],[36.6641,50.2223],[36.7081,50.2753],[36.9305,50.3525],[37.1365,50.3612],[37.4661,50.4558],[37.4716,50.37],[37.6117,50.3086],[37.6089,50.205],[37.9262,50.0338],[37.9612,49.9837],[38.0438,49.9332],[38.0209,49.926],[38.0329,49.9004],[38.0563,49.9232],[38.1243,49.9426],[38.1318,49.9251],[38.222,49.9796],[38.1859,50.0225],[38.1783,50.0802],[38.2764,50.0738],[38.3129,50.0882],[38.3296,50.0856],[38.3507,50.0071],[38.4161,49.9824],[38.4333,50.0017],[38.5253,49.959],[38.583,49.9773],[38.6473,49.9559],[38.6801,49.974],[38.6846,50.0081],[38.7177,49.9835],[38.686,49.9623],[38.6937,49.935],[38.7914,49.8783],[38.8988,49.8702],[38.9302,49.7969],[39.02,49.8219],[39.0658,49.8158],[39.1796,49.8887],[39.2277,49.84],[39.2294,49.8072],[39.2528,49.7744],[39.2847,49.7567],[39.3791,49.7382],[39.4371,49.7602],[39.6085,49.7338],[39.5899,49.72],[39.66,49.6147],[39.7513,49.5971],[39.8055,49.5584],[39.8917,49.5591],[39.9356,49.5738],[39.9518,49.5967],[40.1348,49.6174],[40.1701,49.5693],[40.0373,49.521],[40.0294,49.4538],[40.1131,49.3859],[40.1928,49.3475],[40.1859,49.2806],[40.2288,49.2606],[40.2227,49.2503],[40.1365,49.2402],[40.0785,49.1869],[40.0307,49.1801],[39.938,49.0829],[39.9377,49.0563],[39.8804,49.0644],[39.7667,49.0403],[39.6939,49.0505],[39.6733,49.0415],[39.684,49.0367],[39.6624,49.0021],[39.6771,48.9895],[39.7001,49.0021],[39.7262,48.9759],[39.7465,48.9879],[39.7767,48.9516],[39.7842,48.9153],[39.8251,48.8916],[39.9245,48.8954],[39.9932,48.8684],[40.0045,48.9013],[40.0318,48.9155],[40.0555,48.9104],[40.079,48.8696],[39.9765,48.7936],[39.792,48.8359],[39.7799,48.7859],[39.7375,48.7664],[39.7269,48.7291],[39.7058,48.7208],[39.7096,48.661],[39.6612,48.6095],[39.691,48.5862],[39.7949,48.5922],[39.85,48.5678],[39.8658,48.5121],[39.8493,48.5026],[39.8464,48.4738],[39.8961,48.4481],[39.9069,48.3925],[39.9208,48.3755],[39.9382,48.3863],[39.9315,48.3638],[39.9463,48.3521],[39.8453,48.3328],[39.8413,48.3102],[39.9007,48.2996],[39.9236,48.2711],[39.9535,48.3042],[39.9916,48.3175],[40.0163,48.2711],[40.0077,48.224],[39.9429,48.2292],[39.9394,48.183],[39.9075,48.1801],[39.9054,48.1443],[39.8701,48.1155],[39.868,48.0776],[39.8342,48.0672],[39.8835,48.0488],[39.7757,48.0398],[39.8217,47.9776],[39.822,47.9508],[39.8055,47.9504],[39.7933,47.9194],[39.795,47.8704],[39.7655,47.8711],[39.7636,47.8466],[39.7379,47.8277],[39.6253,47.8389],[39.542,47.8253],[39.4778,47.8605],[39.4399,47.8544],[39.4124,47.8298],[39.3869,47.8712],[39.2419,47.8672],[39.1094,47.8427],[39.0829,47.8518],[39.0831,47.8694],[38.8779,47.877],[38.8353,47.8599],[38.8291,47.8162],[38.7879,47.8166],[38.7974,47.7752],[38.7891,47.7367],[38.7725,47.7269],[38.7726,47.686],[38.6664,47.6977],[38.6657,47.6695],[38.6286,47.67],[38.6159,47.6441],[38.4566,47.6446],[38.4566,47.6168],[38.3488,47.6168],[38.3498,47.5763],[38.311,47.5763],[38.3035,47.5448],[38.2832,47.5443],[38.3031,47.3918],[38.2472,47.3644],[38.2187,47.3053],[38.3344,47.3062],[38.3237,47.2573],[38.2331,47.2294],[38.2269,47.1264],[38.3423,46.9812],[38.1459,46.8658],[37.6192,46.8306],[37.4249,46.7079],[37.8819,46.2057],[37.7961,46.1689],[37.7349,46.1116],[37.6738,46.0179],[37.632,45.8859],[37.4785,45.8293],[37.3844,45.7637],[37.3473,45.6904],[37.3405,45.54],[37.2924,45.5145],[37.131,45.5713],[37.0404,45.5794],[36.9202,45.6294],[36.6676,45.6265],[36.6818,45.4571],[36.6634,45.36],[36.6034,45.3093],[36.5941,45.2527],[36.5304,45.1992],[36.6097,44.9407],[36.8056,44.9201],[37.0335,44.8491],[37.1475,44.6677],[37.2656,44.5846],[37.4345,44.5161],[37.7518,44.472],[38.1967,44.2304],[38.624,44.1189],[39.2033,43.7225],[39.2404,43.6736],[39.3345,43.6082],[39.409,43.5286],[39.4684,43.4968],[39.5127,43.4415],[39.6424,43.3679],[39.7248,43.2745],[39.799,43.2402],[39.8847,43.2244],[40.0085,43.3852],[40.0117,43.4257],[40.0926,43.5281],[40.1023,43.5673],[40.2591,43.5863],[40.4777,43.5491],[40.5408,43.5192],[40.6678,43.5599],[40.6978,43.5335],[40.8297,43.488],[40.8936,43.4879],[40.8929,43.4584],[40.9527,43.4193],[40.9954,43.4318],[41.0468,43.3953],[41.0921,43.3861],[41.1012,43.401],[41.149,43.4036],[41.1728,43.3826],[41.2748,43.3606],[41.2949,43.3376],[41.3628,43.3684],[41.3979,43.3639],[41.4354,43.3076],[41.4587,43.3096],[41.6223,43.2217],[41.6538,43.2353],[41.6927,43.2185],[41.7281,43.2415],[41.8065,43.2025],[41.8472,43.2113],[41.8812,43.2478],[41.9453,43.2224],[41.9588,43.2025],[42.0239,43.2134],[42.0404,43.1868],[42.0902,43.2121],[42.2102,43.229],[42.2682,43.2113],[42.3384,43.2195],[42.3559,43.2453],[42.4134,43.2569],[42.4444,43.246],[42.4528,43.2167],[42.4721,43.2066],[42.6753,43.1354],[42.6795,43.1677],[42.7102,43.1788],[42.7826,43.1869],[42.818,43.1666],[42.8603,43.1786],[42.8819,43.1562],[42.9278,43.1491],[42.926,43.1264],[43.0008,43.1135],[43.0366,43.0913],[43.0203,43.065],[43.0494,43.0209],[43.1682,42.9647],[43.1863,42.9376],[43.3205,42.9109],[43.3331,42.8914],[43.4496,42.8929],[43.5154,42.8664],[43.5563,42.8668],[43.6083,42.8353],[43.6079,42.8155],[43.6521,42.7951],[43.6837,42.8022],[43.7236,42.7699],[43.7745,42.7592],[43.8084,42.7374],[43.8053,42.7171],[43.7556,42.6525],[43.7179,42.6372],[43.7653,42.5922],[43.8427,42.5972],[43.9642,42.5471],[44.0253,42.5975],[44.1149,42.6172],[44.1632,42.6063],[44.1934,42.6329],[44.2335,42.6333],[44.249,42.6798],[44.3168,42.7227],[44.5201,42.6976],[44.5009,42.7345],[44.5099,42.7515],[44.5482,42.7625],[44.5843,42.7454],[44.6791,42.7563],[44.7428,42.7239],[44.7642,42.6501],[44.8022,42.6153],[44.8225,42.6164],[44.8359,42.674],[44.8689,42.6927],[44.8866,42.7469],[44.9756,42.7464],[45.0383,42.6926],[45.083,42.7103],[45.1536,42.7077],[45.2278,42.6498],[45.2555,42.6061],[45.2763,42.6064],[45.2976,42.5736],[45.3255,42.5649],[45.3446,42.5215],[45.4185,42.5515],[45.4971,42.5357],[45.5754,42.5472],[45.6166,42.506],[45.6847,42.5057],[45.7218,42.4756],[45.7706,42.4881],[45.774,42.4297],[45.7362,42.38],[45.7479,42.3041],[45.7226,42.2895],[45.6567,42.2925],[45.6084,42.2283],[45.6482,42.1867],[45.7465,42.1493],[45.7458,42.131],[45.7837,42.1037],[45.8013,42.1139],[45.9006,42.1027],[45.9234,42.0832],[45.9128,42.0657],[45.9309,42.0562],[45.9314,42.0366],[45.9571,42.0236],[45.9811,42.0423],[46.0209,42.0433],[46.0279,42.0245],[46.0483,42.0209],[46.0717,42.0405],[46.0944,41.9963],[46.1134,41.9891],[46.1346,42.0078],[46.1551,41.9907],[46.2313,42.015],[46.2575,41.9985],[46.2453,41.9826],[46.2654,41.982],[46.2825,41.9472],[46.3193,41.9294],[46.333,41.9443],[46.3943,41.938],[46.4485,41.8632],[46.5102,41.8892],[46.537,41.8805],[46.554,41.8253],[46.5819,41.8054],[46.6221,41.8319],[46.7151,41.8285],[46.7229,41.8485],[46.7561,41.8623],[46.7837,41.8166],[46.7659,41.801],[46.8041,41.7636],[46.8312,41.7601],[46.8642,41.7201],[46.915,41.7266],[46.9274,41.6767],[46.9995,41.6413],[47.0089,41.6228],[46.9973,41.5911],[47.0163,41.58],[47.0186,41.5559],[47.0655,41.5557],[47.0753,41.5784],[47.1129,41.5948],[47.1294,41.5517],[47.1731,41.53],[47.1568,41.5066],[47.2172,41.448],[47.2395,41.4471],[47.2216,41.4011],[47.2615,41.3919],[47.268,41.3328],[47.3719,41.274],[47.4955,41.2684],[47.5039,41.2274],[47.5549,41.1994],[47.628,41.2324],[47.6993,41.226],[47.7268,41.1931],[47.7821,41.1859],[47.8187,41.2196],[47.8856,41.2194],[47.9106,41.2554],[47.8984,41.2988],[47.9706,41.3229],[47.9501,41.3511],[47.9984,41.3706],[48.0025,41.4247],[48.0584,41.4559],[48.0649,41.4894],[48.2243,41.5169],[48.2845,41.5608],[48.3773,41.591],[48.4273,41.6601],[48.5523,41.7793],[48.5859,41.8385],[48.6361,41.8666],[48.518,41.9414],[48.4535,41.9531],[48.4054,41.984],[48.3464,42.1183],[48.2818,42.1591],[48.1479,42.3423],[48.0037,42.464],[47.9612,42.5242],[47.9505,42.5857],[47.9299,42.614],[47.8039,42.6711],[47.7819,42.7278],[47.7644,42.883],[47.5269,43.0458],[47.5337,43.112],[47.6257,43.2882],[47.5584,43.418],[47.5874,43.5375],[47.6238,43.5858],[47.6257,43.65],[47.7068,43.7929],[47.7734,43.8593],[47.9128,43.9483],[47.9257,44.0044],[47.8667,44.0387],[47.658,44.0506],[47.6003,44.0259],[47.5495,43.9394],[47.4994,43.9216],[47.3507,44.1144],[47.2882,44.2512],[47.2303,44.284],[47.1395,44.2833],[47.0905,44.3804],[46.9889,44.4511],[46.9342,44.619],[46.9986,44.6545],[47.0339,44.7764],[47.0866,44.7488],[47.1523,44.7587],[47.2663,44.8501],[47.3688,45.1442],[47.4265,45.2168],[47.4847,45.2488],[47.5343,45.4047],[47.6097,45.4799],[47.6316,45.5296],[47.7073,45.5841],[47.7369,45.648],[47.8454,45.7015],[48.1376,45.7034],[48.2631,45.7333],[48.4324,45.9286],[48.5107,45.9769],[48.5823,45.9045],[48.6464,45.8978],[48.7252,45.9194],[48.7715,45.9588],[48.7978,46.0251],[48.9749,46.1107],[49.0772,46.2154],[49.1163,46.2805],[49.1269,46.3723],[49.1261,46.3893],[49.0528,46.3929],[48.9988,46.429],[48.9114,46.4522],[48.8814,46.4795],[48.8288,46.4788],[48.7862,46.5421],[48.7032,46.563],[48.5458,46.5602],[48.5573,46.5857],[48.6217,46.6026],[48.5648,46.6106],[48.5507,46.6236],[48.5597,46.643],[48.4892,46.6596],[48.486,46.6728],[48.5066,46.6806],[48.4993,46.7176],[48.5539,46.7535],[48.6618,46.7723],[48.7503,46.6854],[48.9199,46.6926],[49.0205,46.7594],[48.9792,46.8241],[48.7102,47.095],[48.5199,47.4113],[48.4445,47.4071],[48.1995,47.6896],[48.0272,47.7666],[47.9642,47.7537],[47.6536,47.7577],[47.4148,47.8372],[47.4114,47.7629],[47.3853,47.6809],[47.1944,47.7605],[47.1232,47.8312],[47.1807,47.8537],[47.0502,47.9979],[47.1474,48.0357],[47.1587,48.0605],[47.2006,48.0542],[47.2111,48.0827],[47.0906,48.1035],[47.1244,48.1579],[47.0982,48.2247],[47.1231,48.2689],[46.7373,48.3558],[46.6744,48.3892],[46.6444,48.3859],[46.4937,48.4329],[46.7788,48.9479],[46.8944,48.9828],[46.9698,49.0266],[47.0348,49.1113],[47.0491,49.1658],[46.9932,49.2338],[46.78,49.338],[46.9028,49.8638],[47.1816,49.9345],[47.3526,50.0967],[47.3162,50.1532],[47.2573,50.1919],[47.335,50.238],[47.3009,50.2631],[47.2974,50.3038],[47.3405,50.3322],[47.4072,50.3368],[47.4731,50.4206],[47.541,50.46],[47.6364,50.456],[47.6251,50.4481],[47.6493,50.4478],[47.652,50.4228],[47.6749,50.4208],[47.6637,50.4088],[47.7425,50.3793],[47.7639,50.3398],[47.8269,50.3305],[47.8197,50.3127],[47.9375,50.2449],[48.0085,50.143],[48.1087,50.0859],[48.132,49.9982],[48.2332,49.9006],[48.2268,49.8681],[48.2649,49.8578],[48.3153,49.8722],[48.3571,49.8255],[48.3944,49.836],[48.4423,49.801],[48.451,49.8352],[48.7448,49.9219],[48.9036,50.0183],[48.88,50.0316],[48.8498,50.0903],[48.7646,50.0986],[48.809,50.172],[48.7322,50.2566],[48.6586,50.5272],[48.6637,50.5776],[48.6468,50.5869],[48.6509,50.6027],[48.571,50.633],[48.6075,50.6611],[48.6902,50.6121],[48.8143,50.5955],[49.0094,50.6823],[49.129,50.7846],[49.4229,50.8485],[49.4446,50.8818],[49.408,50.9612],[49.3388,50.987],[49.396,51.0476],[49.3936,51.09],[49.4293,51.0892],[49.4561,51.125],[49.4899,51.0983],[49.776,51.1072],[49.9101,51.2],[50.0057,51.2423],[50.2397,51.2798],[50.3731,51.3318],[50.3383,51.3816],[50.405,51.4036],[50.3728,51.4275],[50.4961,51.4273],[50.4987,51.4666],[50.5557,51.473],[50.5356,51.5104],[50.5363,51.5899],[50.5494,51.6009],[50.5845,51.5906],[50.5838,51.6455],[50.6235,51.6466],[50.6364,51.629],[50.7316,51.6289],[50.7333,51.6061],[50.6782,51.5746],[50.811,51.5851],[50.8126,51.6488],[50.8331,51.6491],[50.7671,51.7146],[50.7671,51.7726],[50.8708,51.7533],[50.8928,51.681],[50.9982,51.671],[51.0376,51.6866],[51.0704,51.668],[51.156,51.6776],[51.2019,51.6668],[51.2149,51.6832],[51.2529,51.6866],[51.2721,51.6842],[51.3034,51.6408],[51.3795,51.641],[51.3798,51.5634],[51.2405,51.5632],[51.2486,51.5243],[51.2849,51.5321],[51.2866,51.488],[51.3804,51.4762],[51.5672,51.5051],[51.5581,51.5229],[51.5857,51.5276],[51.5768,51.5451],[51.6049,51.5507],[51.6132,51.5331],[51.6407,51.5384],[51.6579,51.5057],[51.63,51.4745],[51.6559,51.4488],[51.7389,51.4647],[51.7311,51.4807],[51.8138,51.497],[51.7706,51.5825],[51.7972,51.591],[51.7856,51.6017],[51.8237,51.6375],[51.8603,51.6506],[51.8579,51.6739],[51.9988,51.6833],[51.9995,51.6674],[52.0741,51.6745],[52.0904,51.6582],[52.1741,51.6869],[52.1795,51.7334],[52.2334,51.7363],[52.2407,51.724],[52.3264,51.7417],[52.3196,51.7658],[52.3589,51.7761],[52.3848,51.6819],[52.415,51.6403],[52.4501,51.623],[52.5084,51.5417],[52.5048,51.5055],[52.5517,51.4906],[52.5576,51.48],[52.5363,51.4669],[52.5601,51.456],[52.5861,51.4756],[52.5977,51.47],[52.5867,51.4561],[52.6204,51.4558],[52.6171,51.47],[52.6418,51.4638],[52.6537,51.49],[52.6871,51.4573],[52.6743,51.4764],[52.7292,51.4982],[52.7253,51.4862],[52.7476,51.4866],[52.7365,51.5023],[52.7567,51.4968],[52.7699,51.5214],[52.7754,51.502],[52.7926,51.5134],[52.79,51.5],[52.8241,51.5013],[52.8326,51.4873],[52.8391,51.5058],[52.8574,51.4915],[52.8962,51.5046],[52.868,51.4853],[52.8728,51.4751],[52.9248,51.4969],[52.9175,51.4829],[52.9515,51.4571],[52.9463,51.4763],[52.9752,51.4702],[52.9722,51.4851],[53.0049,51.4736],[53.0722,51.5043],[53.0993,51.4886],[53.1535,51.4882],[53.1612,51.497],[53.1427,51.5208],[53.1718,51.5191],[53.1873,51.5346],[53.1819,51.512],[53.2558,51.5108],[53.2773,51.4838],[53.3341,51.5102],[53.3388,51.4895],[53.4265,51.4819],[53.4376,51.4376],[53.4858,51.4528],[53.4987,51.4305],[53.5704,51.4311],[53.5684,51.4155],[53.6022,51.3838],[53.6336,51.3766],[53.5973,51.3634],[53.6273,51.3444],[53.5962,51.3055],[53.6303,51.2705],[53.6699,51.2593],[53.6565,51.2389],[53.669,51.2254],[53.6923,51.236],[53.6925,51.2223],[53.7132,51.2267],[53.7491,51.2042],[53.8093,51.2143],[53.8183,51.194],[53.8534,51.1898],[53.9074,51.203],[53.9726,51.1657],[54.0531,51.1524],[54.0376,51.1415],[54.0477,51.1328],[54.141,51.1043],[54.1518,51.0736],[54.1312,51.0618],[54.1453,51.0518],[54.161,51.0659],[54.1927,51.0316],[54.1695,51.029],[54.1595,51.009],[54.2026,50.9881],[54.1908,50.9735],[54.2016,50.9627],[54.2842,50.9513],[54.2716,50.9458],[54.2869,50.9393],[54.2917,50.8991],[54.4404,50.8803],[54.4536,50.8507],[54.5363,50.8464],[54.5155,50.807],[54.4743,50.7785],[54.4148,50.62],[54.4661,50.5666],[54.5439,50.5277],[54.5924,50.56],[54.6142,50.5382],[54.7317,50.6199],[54.7101,50.6706],[54.7191,50.69],[54.6786,50.7181],[54.6851,50.7805],[54.6572,50.8231],[54.6837,50.8342],[54.6981,50.8925],[54.6702,50.9067],[54.6782,50.9173],[54.5356,50.9265],[54.5436,50.9388],[54.591,50.9393],[54.5555,50.9635],[54.5839,50.9625],[54.581,50.9849],[54.5493,51.0007],[54.5909,51.0109],[54.5625,51.0145],[54.5944,51.0304],[54.7065,51.0264],[54.688,51.038],[54.7327,51.0385],[54.792,50.985],[54.898,50.9579],[54.8992,50.9231],[54.9422,50.9073],[55.0103,50.8994],[55.0517,50.9275],[55.0849,50.9211],[55.1318,50.8969],[55.1301,50.8796],[55.0565,50.8195],[55.1466,50.7964],[55.384,50.6535],[55.4031,50.6813],[55.5009,50.6698],[55.5312,50.6493],[55.5342,50.6137],[55.6122,50.599],[55.6609,50.5609],[55.7366,50.5499],[55.7458,50.5803],[55.7955,50.607],[55.8308,50.6228],[55.9014,50.6204],[55.9156,50.6417],[56.0425,50.6881],[56.1376,50.7537],[56.1246,50.7876],[56.1322,50.826],[56.1813,50.9379],[56.2986,50.9018],[56.3618,50.9009],[56.3934,50.9453],[56.3717,50.9487],[56.3773,50.9653],[56.4601,50.9654],[56.4481,51.0568],[56.5127,51.0854],[56.5385,51.0446],[56.5742,51.0347],[56.6183,50.9862],[56.6789,50.9874],[56.7143,50.9705],[56.7519,50.9808],[56.7039,51.0773],[56.7845,51.094],[56.8902,51.0602],[56.9437,51.0869],[56.9854,51.0624],[57.1451,51.0874],[57.1435,51.0989],[57.1848,51.1151],[57.2327,51.0473],[57.2194,51.039],[57.2422,51.0261],[57.2895,51.0376],[57.288,51.0037],[57.3139,50.9887],[57.3256,50.9413],[57.4149,50.8966],[57.508,50.8764],[57.5272,50.9162],[57.5596,50.9362],[57.7599,50.9201],[57.7535,51.0568],[57.7724,51.1382],[57.8115,51.1389],[57.8292,51.113],[57.8673,51.0992],[57.9194,51.1178],[57.9474,51.0862],[58.0186,51.0946],[58.0799,51.1227],[58.0913,51.1069],[58.0808,51.0854],[58.0955,51.0728],[58.1686,51.0626],[58.1713,51.0846],[58.2155,51.0968],[58.2032,51.1282],[58.2886,51.1589],[58.3158,51.1517],[58.3129,51.1711],[58.3427,51.1808],[58.3817,51.0757],[58.5211,51.0843],[58.5897,51.049],[58.6371,50.9859],[58.5941,50.9714],[58.6044,50.9474],[58.5773,50.9397],[58.5939,50.869],[58.6878,50.884],[58.694,50.8466],[58.6638,50.8431],[58.6568,50.8086],[58.7787,50.8145],[58.8088,50.781],[58.7823,50.7759],[58.8221,50.7458],[58.8489,50.7469],[58.8747,50.7],[59.1925,50.6728],[59.2789,50.6332],[59.2985,50.6525],[59.4792,50.6414],[59.5013,50.6119],[59.537,50.6085],[59.5694,50.581],[59.4639,50.5845],[59.4572,50.5465],[59.5168,50.5278],[59.5093,50.495],[59.6146,50.5302],[59.813,50.5355],[59.8716,50.6092],[59.9968,50.6741],[59.9732,50.7689],[60.0385,50.8504],[60.1863,50.8314],[60.1548,50.799],[60.3257,50.6704],[60.8314,50.6611],[61.4496,50.8062],[61.5682,51.2376],[61.6907,51.2554],[61.5483,51.3235],[61.501,51.4082],[61.4056,51.4163],[61.3502,51.44],[61.2543,51.4407],[61.2024,51.4608],[61.1077,51.4474],[61.0876,51.4674],[60.9992,51.4677],[60.9914,51.4879],[60.9524,51.491],[60.9102,51.5528],[60.9348,51.6156],[60.5395,51.6182],[60.5258,51.6382],[60.415,51.6471],[60.3538,51.6891],[60.4301,51.7184],[60.477,51.7657],[60.5179,51.7734],[60.518,51.7975],[60.4241,51.7995],[60.1446,51.907],[60.1616,51.8921],[60.157,51.8576],[60.1441,51.8703],[60.0597,51.8702],[60.0744,51.8879],[59.9931,51.9645],[60.0021,51.9932],[60.1987,51.9906],[60.5108,52.1565],[60.717,52.156],[60.7812,52.2293],[60.8337,52.2299],[60.9444,52.2665],[61.0106,52.326],[61.0675,52.3469],[60.992,52.423],[60.982,52.5077],[60.8413,52.5222],[60.843,52.6402],[60.7623,52.6264],[60.7144,52.6629],[60.7121,52.7646],[60.8337,52.7722],[60.8848,52.8212],[60.8704,52.8327],[60.9423,52.8488],[60.9856,52.8865],[61.0745,52.9252],[61.0091,52.9776],[61.1129,52.9687],[61.125,52.9895],[61.2503,53.0363],[61.3068,52.9958],[61.3896,52.9919],[61.4699,53.0361],[61.5567,53.0117],[61.6325,52.954],[61.7013,52.9979],[61.8349,52.9931],[61.8484,53.0039],[61.9606,52.95],[62.0298,52.951],[62.1303,52.9899],[62.1473,53.0685],[62.119,53.1119],[62.0273,53.142],[61.9154,53.1415],[61.7843,53.184],[61.7319,53.2391],[61.6727,53.2658],[61.6433,53.2535],[61.6299,53.2234],[61.5271,53.2149],[61.3979,53.2746],[61.2244,53.2829],[61.1765,53.3112],[61.1543,53.4051],[61.2156,53.4313],[61.2274,53.4847],[61.2589,53.5073],[61.3235,53.5185],[61.3145,53.507],[61.3586,53.4927],[61.3669,53.4667],[61.4122,53.4556],[61.5183,53.473],[61.5248,53.4995],[61.5663,53.4965],[61.5584,53.507],[61.5916,53.5257],[61.5646,53.5387],[61.5528,53.5924],[61.3916,53.602],[61.3498,53.5585],[61.215,53.5633],[61.1272,53.5895],[61.122,53.6148],[60.9006,53.6279],[60.8962,53.6671],[60.9957,53.6721],[60.9984,53.6508],[61.0422,53.6526],[61.0575,53.7213],[61.1151,53.7207],[61.1704,53.7724],[61.2271,53.7961],[61.2365,53.8418],[61.1796,53.8527],[61.136,53.9041],[61.0584,53.8944],[60.9943,53.9064],[60.9966,53.936],[61.1002,53.9746],[61.1804,53.9721],[61.1721,53.9432],[61.2041,53.9192],[61.28,53.9286],[61.2647,53.9678],[61.2726,53.9925],[61.2361,54.0361],[61.2666,54.0419],[61.2948,54.0738],[61.4068,54.0864],[61.4797,54.0829],[61.4804,54.0302],[61.5704,54.0081],[61.5716,53.9679],[61.611,53.9686],[61.6135,53.9897],[61.6632,54.029],[61.6681,54.0164],[61.7251,54.0299],[61.7462,54.0001],[61.7811,53.9855],[61.8491,54.0313],[61.85,54.0092],[61.8933,54.0092],[61.8572,53.9623],[61.9319,53.95],[62.0448,53.9485],[62.0107,54.0388],[62.0742,54.0509],[62.1741,54.0289],[62.3378,54.0321],[62.4167,54.0472],[62.4944,54.033],[62.395,54.0033],[62.4467,53.9267],[62.4752,53.9311],[62.538,53.8978],[62.5553,53.9078],[62.5429,53.9304],[62.5975,53.9886],[62.5696,54.047],[62.5948,54.073],[62.6636,54.0915],[62.7653,54.0923],[62.8235,54.1148],[63.0805,54.1036],[63.1531,54.1225],[63.1698,54.1522],[63.152,54.1623],[63.1518,54.1826],[63.1724,54.1934],[63.4553,54.1959],[63.4924,54.2154],[63.539,54.2095],[63.794,54.2712],[63.9118,54.1985],[63.9632,54.2009],[64.0212,54.2288],[63.9779,54.278],[63.9854,54.3006],[64.0233,54.3064],[64.0119,54.2907],[64.0286,54.2827],[64.067,54.2981],[64.0726,54.3176],[64.1493,54.3056],[64.3012,54.3344],[64.422,54.3263],[64.4573,54.3324],[64.4643,54.3608],[64.5672,54.3629],[64.616,54.398],[64.6585,54.3604],[64.7393,54.3541],[64.974,54.4243],[65.1059,54.3335],[65.2228,54.3341],[65.2628,54.3625],[65.2365,54.3768],[65.2214,54.437],[65.2008,54.4521],[65.223,54.4898],[65.2151,54.5412],[65.3577,54.5778],[65.5034,54.5705],[65.4947,54.5972],[65.4573,54.6237],[65.4891,54.6555],[65.5528,54.6368],[65.6323,54.641],[65.7511,54.6074],[65.8149,54.6377],[65.8457,54.6971],[65.9816,54.7168],[65.964,54.6382],[65.9992,54.6248],[66.379,54.7034],[66.6517,54.7437],[66.7025,54.7368],[66.7918,54.7698],[66.993,54.7892],[67.043,54.778],[67.1007,54.8132],[67.2803,54.8251],[67.2921,54.8618],[67.333,54.8729],[67.3977,54.8547],[67.5172,54.8617],[67.5632,54.8442],[67.6913,54.8632],[67.773,54.8859],[67.8199,54.9716],[67.91,54.9836],[68.0317,54.9503],[68.2344,54.9691],[68.1962,54.9901],[68.2375,55.0148],[68.2376,55.0547],[68.3152,55.0764],[68.272,55.0844],[68.2575,55.113],[68.1891,55.1514],[68.2194,55.1547],[68.2098,55.1777],[68.177,55.1777],[68.177,55.1986],[68.2396,55.1871],[68.3038,55.2036],[68.3534,55.181],[68.358,55.2064],[68.4612,55.1976],[68.5948,55.2188],[68.5998,55.2007],[68.6202,55.198],[68.6486,55.208],[68.659,55.2354],[68.6366,55.2417],[68.6348,55.2647],[68.7029,55.2978],[68.7007,55.3251],[68.7214,55.3253],[68.7107,55.3496],[68.7476,55.3784],[68.9249,55.3173],[68.9571,55.3265],[68.9806,55.2856],[69.0027,55.287],[68.9837,55.3657],[68.9157,55.3656],[68.9324,55.4419],[68.9809,55.442],[68.98,55.4247],[69.0436,55.4301],[69.158,55.3911],[69.2006,55.3298],[69.3174,55.3508],[69.3625,55.3869],[69.4131,55.3843],[69.4189,55.3696],[69.4024,55.3527],[69.447,55.3414],[69.7479,55.3445],[69.7388,55.3381],[69.8632,55.2992],[69.9504,55.2099],[70.0576,55.2091],[70.0894,55.1824],[70.2049,55.1455],[70.292,55.1921],[70.401,55.2156],[70.4092,55.2532],[70.4608,55.2855],[70.6204,55.2532],[70.6954,55.2893],[70.8076,55.2924],[70.822,55.2791],[70.7992,55.2714],[70.8802,55.1807],[70.9252,55.1668],[70.9222,55.1296],[71.0228,55.0849],[70.9934,55.0733],[71.0041,55.0131],[70.9885,55.0003],[70.9999,54.9897],[70.9748,54.983],[71.0091,54.9698],[70.9563,54.8886],[71.0198,54.8517],[71.0266,54.8281],[71.0114,54.8137],[71.0309,54.7786],[71.0975,54.7013],[71.2104,54.7003],[71.2101,54.6866],[71.2398,54.6864],[71.2397,54.6686],[71.2935,54.6674],[71.2914,54.6063],[71.215,54.6097],[71.1677,54.5602],[71.1709,54.461],[71.2024,54.4613],[71.2,54.4071],[71.2313,54.4067],[71.2296,54.3537],[71.1989,54.3543],[71.1981,54.3116],[71.1096,54.3216],[71.1127,54.3347],[70.9978,54.3358],[70.9962,54.2753],[71.0735,54.2745],[71.0718,54.2107],[71.0547,54.1914],[71.1123,54.188],[71.1035,54.1665],[71.1385,54.1622],[71.1224,54.1293],[71.1786,54.0947],[71.273,54.1455],[71.2962,54.1848],[71.4908,54.1585],[71.4879,54.101],[71.6102,54.1168],[71.616,54.1001],[71.7207,54.1065],[71.7638,54.1474],[71.7268,54.1874],[71.7521,54.2542],[71.889,54.2314],[71.9341,54.2291],[71.9486,54.2437],[72.0733,54.1996],[72.0645,54.1838],[72.1159,54.174],[72.1015,54.1477],[72.1847,54.1205],[72.2184,54.1818],[72.0848,54.219],[72.1175,54.2784],[72.1328,54.2754],[72.1363,54.305],[72.0805,54.3311],[72.0424,54.3269],[72.0512,54.3376],[72.0325,54.3662],[72.1932,54.358],[72.3002,54.2942],[72.2909,54.2496],[72.3371,54.2463],[72.2994,54.1868],[72.5072,54.1398],[72.513,54.1049],[72.4405,54.1202],[72.4332,54.1019],[72.3789,54.1091],[72.3697,54.0833],[72.4074,54.0781],[72.3973,54.0514],[72.4356,54.0465],[72.4184,53.9992],[72.3697,53.9443],[72.4868,53.9009],[72.5443,53.9792],[72.7149,53.9505],[72.7192,54.0001],[72.6803,54.0448],[72.532,54.0435],[72.5605,54.1166],[72.6128,54.122],[72.6079,54.1371],[72.8254,54.1216],[72.832,54.098],[72.994,54.0982],[72.9786,54.0494],[73.0607,54.04],[73.0724,54.029],[73.0676,53.9855],[73.2784,53.9542],[73.2761,53.9426],[73.4034,53.9454],[73.4026,53.9787],[73.5228,53.9412],[73.5379,53.9521],[73.5205,53.966],[73.5184,54.004],[73.6097,54.0085],[73.6579,54.0463],[73.6287,54.0702],[73.7036,54.066],[73.6987,54.0481],[73.7672,54.0538],[73.691,53.8562],[73.4523,53.8762],[73.4288,53.8483],[73.4294,53.8225],[73.4494,53.8068],[73.3431,53.7877],[73.3558,53.7661],[73.323,53.6756],[73.2529,53.6741],[73.2553,53.6408],[73.2775,53.6392],[73.2387,53.5673],[73.3971,53.5218],[73.3628,53.4677],[73.4384,53.4351],[73.5797,53.5192],[73.5938,53.5587],[73.6452,53.5525],[73.6665,53.6131],[73.7467,53.607],[73.8209,53.578],[73.9016,53.6506],[74.0719,53.6294],[74.0514,53.5662],[74.1457,53.5542],[74.162,53.6014],[74.2428,53.5883],[74.2346,53.5689],[74.2874,53.5603],[74.268,53.5235],[74.3057,53.5174],[74.2916,53.4916],[74.3887,53.4568],[74.4873,53.573],[74.4212,53.5936],[74.4576,53.6904],[74.6349,53.6679],[74.6683,53.7559],[74.7569,53.7443],[74.7881,53.8278],[74.9852,53.8225],[75.0544,53.796],[75.3222,53.9384],[75.4407,53.9719],[75.4408,54.0084],[75.376,54.0701],[75.5285,54.1148],[75.5985,54.0988],[76.2038,54.2597],[76.2279,54.2769],[76.1869,54.3006],[76.2581,54.3583],[76.4746,54.318],[76.598,54.3434],[76.6483,54.3357],[76.6757,54.3447],[76.7307,54.4176],[76.7962,54.4189],[76.9294,54.4576],[76.9508,54.416],[76.7812,54.3778],[76.7862,54.3593],[76.8607,54.3611],[76.8785,54.3013],[76.8292,54.2736],[76.8277,54.2249],[76.75,54.183],[76.757,54.1613],[76.6445,54.1242],[76.6162,54.1618],[76.583,54.1491],[76.4385,54.1665],[76.4348,54.1214],[76.4984,54.0718],[76.5033,54.0378],[76.5382,53.9991],[77.9073,53.2907],[78.3541,52.8335],[79.192,51.9174],[80.0795,50.7329],[80.0618,50.8238],[80.0704,50.8531],[80.0831,50.853],[80.0832,50.8276],[80.1849,50.827],[80.1937,50.9],[80.2448,50.8995],[80.246,50.9188],[80.3766,50.9266],[80.4206,50.9615],[80.4828,50.9695],[80.4812,51.1093],[80.4385,51.1191],[80.446,51.207],[80.6344,51.2068],[80.6347,51.2628],[80.6779,51.3163],[80.9407,51.2588],[80.9201,51.2187],[81.0478,51.1813],[81.1027,51.1802],[81.1154,51.211],[81.1454,51.2129],[81.1764,51.1827],[81.1778,51.1516],[81.1418,51.0798],[81.1016,51.0604],[81.0603,50.9476],[81.4126,50.9753],[81.4136,50.9303],[81.4353,50.9298],[81.4425,50.9103],[81.4207,50.8719],[81.4711,50.8623],[81.4852,50.8231],[81.4609,50.8019],[81.449,50.7554],[81.5832,50.7423],[81.7274,50.7601],[81.7761,50.8208],[81.7894,50.8161],[81.7954,50.7777],[81.9059,50.7981],[81.9972,50.789],[82.0789,50.7505],[82.1727,50.7459],[82.1747,50.7306],[82.2243,50.7365],[82.2769,50.7733],[82.3173,50.7531],[82.3562,50.7845],[82.3958,50.761],[82.472,50.7563],[82.4852,50.7424],[82.5653,50.7464],[82.6052,50.7769],[82.6997,50.8111],[82.707,50.8323],[82.7398,50.8506],[82.7168,50.8947],[82.7333,50.9272],[82.8383,50.9186],[82.8745,50.8979],[82.9104,50.9074],[82.9793,50.8842],[83.0044,50.9246],[83.0631,50.9354],[83.1125,50.9655],[83.1234,51.0124],[83.1758,51.0117],[83.2047,50.993],[83.281,51.0148],[83.3677,50.9991],[83.4449,51.0124],[83.4309,50.9861],[83.5018,50.9764],[83.5059,50.9498],[83.5381,50.9623],[83.5825,50.9466],[83.5981,50.9603],[83.6298,50.9432],[83.6491,50.9519],[83.7039,50.8953],[83.8246,50.8827],[83.9092,50.8166],[83.9712,50.7955],[83.9755,50.7799],[83.95,50.7609],[83.9658,50.727],[84.0228,50.6978],[84.1147,50.6097],[84.144,50.6063],[84.1705,50.5503],[84.2306,50.5402],[84.2484,50.5158],[84.2037,50.4629],[84.2422,50.4078],[84.2426,50.3776],[84.2692,50.353],[84.272,50.3199],[84.2511,50.2912],[84.3374,50.2204],[84.3624,50.2062],[84.4082,50.2089],[84.4517,50.2485],[84.5656,50.197],[84.6224,50.2143],[84.6939,50.1891],[84.7535,50.1383],[84.8239,50.1437],[84.8134,50.1204],[84.8552,50.0924],[84.8873,50.1051],[84.9434,50.0972],[84.9697,50.069],[85.0353,50.0525],[85.0347,50.0192],[85.0515,50.0097],[84.9794,49.9809],[84.9963,49.9701],[84.9777,49.9546],[84.9825,49.911],[85.0606,49.8839],[85.1001,49.8517],[85.1009,49.8244],[85.144,49.7967],[85.1487,49.7679],[85.2037,49.7446],[85.2107,49.6273],[85.2648,49.62],[85.2577,49.5883],[85.3213,49.5908],[85.3891,49.635],[85.4905,49.5978],[85.5544,49.5946],[85.5963,49.6156],[85.6241,49.5984],[85.627,49.578],[85.6782,49.5506],[85.7569,49.5764],[85.8091,49.5656],[85.8094,49.5492],[85.8318,49.5433],[85.9204,49.5647],[85.9487,49.5568],[85.9292,49.5345],[85.9678,49.4859],[86.0203,49.5003],[86.0403,49.5237],[86.1081,49.5267],[86.1596,49.5073],[86.1739,49.4793],[86.2023,49.4659],[86.2692,49.5507],[86.2764,49.5849],[86.4171,49.6084],[86.527,49.7],[86.5831,49.7233],[86.6097,49.7711],[86.5913,49.8081],[86.6891,49.8113],[86.7344,49.7872],[86.7808,49.7947],[86.7543,49.7414],[86.7773,49.6955],[86.7244,49.6774],[86.7031,49.6864],[86.6571,49.644],[86.6143,49.6286],[86.5971,49.6083],[86.6171,49.5722],[86.6652,49.5599],[86.7383,49.5717],[86.8301,49.5457],[86.8162,49.5311],[86.8553,49.4987],[86.8305,49.4815],[86.8336,49.4517],[86.9409,49.4158],[86.9462,49.3807],[86.9244,49.3696],[86.9254,49.3495],[86.971,49.3059],[87.0056,49.299],[87.0328,49.2521],[87.1983,49.2525],[87.3152,49.2312],[87.2907,49.2013],[87.3038,49.1722],[87.2858,49.1159],[87.4266,49.0695],[87.5034,49.0938],[87.4917,49.1383],[87.662,49.1517],[87.695,49.1757],[87.9884,49.183],[88.0588,49.2594],[88.0998,49.2551],[88.1701,49.2958],[88.1565,49.3355],[88.1667,49.3505],[88.1198,49.3878],[88.1788,49.4138],[88.171,49.4513],[88.2286,49.4785],[88.3035,49.4726],[88.3312,49.4935],[88.4059,49.4946],[88.445,49.4726],[88.4949,49.4719],[88.5909,49.5012],[88.6836,49.4622],[88.8022,49.4604],[88.8429,49.4416],[88.8628,49.4595],[88.8534,49.4667],[88.8786,49.4755],[88.8653,49.489],[88.8746,49.5445],[88.9001,49.559],[88.9254,49.5447],[88.9708,49.4657],[89.1476,49.5021],[89.2327,49.5537],[89.1903,49.5887],[89.1888,49.6325],[89.2506,49.6423],[89.36,49.5844],[89.391,49.5953],[89.3846,49.6062],[89.4053,49.6211],[89.4274,49.6194],[89.4561,49.6623],[89.6074,49.686],[89.7192,49.7283],[89.706,49.7908],[89.6735,49.7835],[89.6245,49.8064],[89.6476,49.8226],[89.6432,49.8434],[89.6136,49.8616],[89.631,49.8959],[89.5979,49.9115],[89.706,49.9439],[89.9748,49.9713],[90.0307,50.0078],[90.0023,50.0542],[90.1652,50.1082],[90.2852,50.1109],[90.3889,50.1926],[90.4528,50.1971],[90.5041,50.2351],[90.5807,50.2439],[90.6182,50.224],[90.6815,50.2192],[90.7308,50.2434],[90.708,50.3093],[90.7726,50.3377],[90.79,50.3272],[90.8293,50.3569],[90.9056,50.3482],[90.903,50.4084],[90.9208,50.4185],[91.0876,50.4359],[91.16,50.4201],[91.2933,50.4696],[91.4094,50.4506],[91.4069,50.4802],[91.459,50.5084],[91.4549,50.5485],[91.5247,50.562],[91.5421,50.5815],[91.6417,50.5858],[91.6611,50.6401],[91.7233,50.6975],[91.8551,50.7338],[92.0679,50.6972],[92.2667,50.7287],[92.3169,50.7558],[92.3024,50.8053],[92.3271,50.8242],[92.3129,50.8767],[92.3562,50.882],[92.4055,50.8562],[92.4321,50.8032],[92.4768,50.7863],[92.5615,50.7993],[92.6002,50.7851],[92.616,50.7702],[92.6036,50.7233],[92.6467,50.7045],[92.754,50.7275],[92.7566,50.7759],[92.7877,50.8056],[92.9985,50.7922],[93.0296,50.7558],[93.0229,50.7162],[92.9783,50.6664],[93.0498,50.6011],[93.1035,50.5878],[93.225,50.5898],[93.3975,50.6345],[93.5354,50.6016],[93.636,50.6071],[93.7034,50.5862],[93.8562,50.6011],[93.941,50.5899],[93.9944,50.6048],[94.254,50.5833],[94.2803,50.5733],[94.3047,50.5259],[94.3402,50.5026],[94.3939,50.2111],[94.5167,50.1759],[94.5363,50.1268],[94.5973,50.0757],[94.6109,50.0373],[94.7607,50.0549],[94.9941,50.0464],[95.0165,49.9805],[95.0816,49.9629],[95.4259,49.9576],[95.5294,49.8986],[95.5715,49.9423],[95.6628,49.9629],[95.7932,49.964],[95.7636,49.9975],[95.7653,50.0171],[95.8633,50.0432],[95.9157,50.0217],[95.9097,50.0024],[95.9723,49.9714],[96.0238,50.0048],[96.0684,50.0118],[96.1054,49.99],[96.2546,49.9782],[96.3345,49.944],[96.3473,49.9072],[96.4171,49.8769],[96.531,49.9438],[96.5594,49.936],[96.6031,49.8737],[96.7145,49.9259],[96.7409,49.9076],[96.991,49.8933],[97.0146,49.8318],[97.1171,49.8201],[97.1288,49.8153],[97.1228,49.795],[97.2293,49.7436],[97.3352,49.7578],[97.3573,49.7814],[97.4149,49.78],[97.4967,49.8064],[97.5806,49.8584],[97.5791,49.9117],[97.5548,49.9226],[97.5716,49.9408],[97.7045,49.9639],[97.758,49.997],[97.7804,49.9936],[97.7925,49.9587],[97.8266,49.9283],[97.8866,49.9235],[97.8674,49.972],[97.9342,49.9781],[97.9821,50.0189],[98.0641,50.034],[98.0624,50.0619],[98.1204,50.1002],[98.11,50.1313],[98.1727,50.1481],[98.1849,50.1725],[98.1701,50.1997],[98.2286,50.2377],[98.266,50.3069],[98.3034,50.321],[98.2739,50.4093],[98.3249,50.4886],[98.2687,50.5402],[98.1,50.5969],[98.008,50.6692],[98.0245,50.6885],[97.9974,50.6989],[97.9708,50.7499],[97.9786,50.7841],[97.9497,50.8081],[98.0333,50.8647],[97.887,50.9301],[97.8504,50.9947],[97.8246,51.0098],[97.864,51.0455],[97.8991,51.1494],[97.9175,51.155],[97.9393,51.202],[97.9396,51.254],[97.9645,51.292],[97.9535,51.3342],[98.0169,51.3895],[98.0501,51.4502],[98.126,51.4713],[98.2241,51.4567],[98.2574,51.5296],[98.237,51.5449],[98.2451,51.5771],[98.2204,51.587],[98.2748,51.6161],[98.3271,51.6919],[98.3559,51.7011],[98.354,51.7315],[98.4523,51.7366],[98.5328,51.7981],[98.6038,51.7937],[98.7672,51.8735],[98.7799,51.9418],[98.809,51.9581],[98.8065,52.0255],[98.8413,52.0588],[98.8542,52.129],[98.9111,52.1496],[98.9692,52.1426],[98.9986,52.0847],[99.0302,52.067],[99.0717,52.0695],[99.1207,52.0281],[99.1692,52.0346],[99.2795,52.0165],[99.2692,51.9702],[99.3602,51.9406],[99.401,51.9659],[99.4705,51.9494],[99.5454,51.961],[99.54,51.9523],[99.5937,51.9259],[99.6127,51.885],[99.665,51.9044],[99.6859,51.8887],[99.7952,51.915],[99.8225,51.8884],[99.826,51.8399],[99.8465,51.8355],[99.8308,51.8068],[99.8685,51.7993],[99.8632,51.7862],[99.9085,51.74],[99.9779,51.7537],[100.0614,51.7327],[100.1387,51.7593],[100.2806,51.7375],[100.4104,51.7478],[100.4103,51.73],[100.436,51.73],[100.5289,51.7501],[100.5316,51.738],[100.5826,51.7407],[100.5974,51.7186],[100.6562,51.7268],[100.6685,51.7067],[100.6929,51.7102],[100.7345,51.6797],[100.8485,51.6485],[100.9223,51.6095],[100.9902,51.6128],[101.0223,51.5872],[101.0174,51.5703],[101.0762,51.5623],[101.1017,51.5905],[101.1433,51.5201],[101.2563,51.5441],[101.2842,51.5081],[101.3382,51.4907],[101.3757,51.4553],[101.429,51.4564],[101.4588,51.4707],[101.4596,51.4912],[101.5357,51.4999],[101.6223,51.4692],[101.6205,51.4433],[101.7491,51.4553],[101.8937,51.4012],[101.9519,51.4137],[101.9744,51.3917],[102.0152,51.3948],[102.1243,51.3616],[102.1819,51.2963],[102.1474,51.2804],[102.1198,51.2887],[102.1053,51.2477],[102.143,51.2204],[102.1336,51.2016],[102.1663,51.1787],[102.1414,51.1755],[102.1233,51.1391],[102.1452,51.0968],[102.1694,51.0967],[102.1501,51.0612],[102.1976,51.0393],[102.243,50.9749],[102.2138,50.9538],[102.243,50.9099],[102.212,50.8758],[102.2103,50.8199],[102.295,50.7797],[102.3403,50.7325],[102.3059,50.7021],[102.3058,50.6803],[102.3842,50.663],[102.3999,50.6416],[102.4459,50.6457],[102.4469,50.6195],[102.4696,50.601],[102.5298,50.5924],[102.5539,50.556],[102.5412,50.5334],[102.6065,50.5075],[102.6477,50.4022],[102.6981,50.3942],[102.7269,50.4081],[102.8477,50.332],[102.8988,50.3291],[102.9332,50.3074],[103.0861,50.3187],[103.1429,50.3067],[103.1966,50.3331],[103.2381,50.3219],[103.2764,50.2849],[103.2498,50.2494],[103.276,50.2262],[103.2563,50.1929],[103.4641,50.2064],[103.5182,50.1964],[103.5572,50.1627],[103.5946,50.1668],[103.6099,50.1493],[103.7097,50.1275],[103.7513,50.1638],[103.7977,50.1544],[103.8196,50.1654],[103.8466,50.1976],[103.8833,50.1786],[103.9436,50.1814],[103.9986,50.1503],[104.1322,50.1397],[104.275,50.1997],[104.3001,50.2432],[104.3369,50.2433],[104.3633,50.2632],[104.3919,50.3116],[104.6227,50.3165],[104.6992,50.3672],[104.762,50.3405],[104.8117,50.341],[104.8686,50.371],[104.8898,50.4078],[105.0081,50.3869],[105.1362,50.3948],[105.264,50.4435],[105.2776,50.4661],[105.3587,50.4769],[105.4435,50.4421],[105.5214,50.4575],[105.6288,50.4274],[105.8442,50.4404],[105.8991,50.4126],[106.0574,50.4045],[106.0747,50.3896],[106.0806,50.3354],[106.183,50.3397],[106.2612,50.2981],[106.4687,50.3181],[106.5246,50.3441],[106.7532,50.3126],[106.8157,50.2982],[107.0125,50.1991],[106.9979,50.1854],[107.0023,50.1631],[107.0537,50.0913],[107.0753,50.0895],[107.078,50.0631],[107.1507,50.0439],[107.1558,50.0245],[107.2159,49.9991],[107.2667,49.9897],[107.3226,50.0032],[107.4253,49.9725],[107.5448,49.9857],[107.585,49.971],[107.6821,49.9731],[107.7066,49.988],[107.8035,49.9328],[107.8359,49.9612],[107.8485,49.9389],[107.9745,49.937],[107.9202,49.8681],[107.9439,49.8469],[107.9329,49.8256],[107.9816,49.8028],[107.9485,49.7848],[107.9694,49.7402],[107.9339,49.7042],[107.9446,49.6752],[107.9753,49.6555],[108.023,49.6734],[108.0275,49.6223],[108.1611,49.5618],[108.2936,49.5416],[108.3036,49.5103],[108.3456,49.4735],[108.3533,49.4333],[108.4258,49.4135],[108.431,49.3721],[108.5175,49.3227],[108.6608,49.3464],[108.8137,49.3431],[108.8488,49.3266],[108.9416,49.3462],[109.0581,49.3232],[109.1946,49.3523],[109.3455,49.3249],[109.4222,49.2944],[109.4325,49.2729],[109.4711,49.269],[109.4996,49.2362],[109.5701,49.22],[109.7581,49.2204],[110.0924,49.1831],[110.1998,49.1542],[110.3281,49.1991],[110.3905,49.2515],[110.4252,49.223],[110.5244,49.1901],[110.7083,49.1701],[110.8193,49.182],[111.2768,49.3104],[111.3748,49.3577],[111.5148,49.323],[111.689,49.3842],[111.9575,49.3823],[112.1946,49.4466],[112.2783,49.4844],[112.4741,49.5225],[112.6889,49.5041],[112.7226,49.52],[112.7553,49.5096],[112.8234,49.5193],[112.9433,49.583],[113.0269,49.5978],[113.0598,49.6241],[113.1283,49.7335],[113.1597,49.7536],[113.1623,49.7805],[113.2184,49.8371],[113.4739,49.9354],[113.493,49.9744],[113.6361,49.991],[113.7341,50.0706],[113.8958,50.1116],[114.1784,50.243],[114.3388,50.2827],[114.4677,50.2335],[114.6535,50.2472],[114.8567,50.217],[115.0075,50.1639],[115.0793,50.0833],[115.2239,49.9884],[115.3313,49.947],[115.5067,49.9071],[115.7445,49.8876],[116.0727,50.0137],[116.233,50.0359],[116.3982,49.9809],[116.6216,49.9311],[116.7068,49.8519],[117.0614,49.6856],[117.2733,49.6308],[117.4716,49.6264],[117.7929,49.5202],[117.8278,49.541],[117.8681,49.5083],[117.8909,49.5936],[117.942,49.594],[117.9827,49.6214],[118.0716,49.6132],[118.1095,49.6643],[118.1642,49.6586],[118.2347,49.7309],[118.3762,49.7823],[118.3907,49.7998],[118.3867,49.8275],[118.4722,49.8277],[118.4855,49.8394],[118.4783,49.8642],[118.5514,49.903],[118.5657,49.9295],[118.6036,49.9268],[118.6102,49.9451],[118.6391,49.9358],[118.647,49.9479],[118.8268,49.9597],[118.9439,49.99],[119.0855,49.9857],[119.1696,50.0401],[119.1808,50.0855],[119.2222,50.0738],[119.2796,50.1087],[119.3071,50.16],[119.349,50.1922],[119.3117,50.2143],[119.3391,50.2534],[119.3236,50.2755],[119.378,50.3196],[119.3501,50.3261],[119.364,50.3401],[119.342,50.3577],[119.2983,50.3447],[119.2721,50.3634],[119.2468,50.3417],[119.214,50.3625],[119.1802,50.3462],[119.1514,50.3581],[119.1667,50.3717],[119.1449,50.3881],[119.1815,50.4224],[119.2059,50.4092],[119.2568,50.4686],[119.2523,50.4899],[119.2273,50.498],[119.2556,50.5099],[119.275,50.5522],[119.2614,50.5677],[119.2914,50.5826],[119.2748,50.5984],[119.2834,50.6093],[119.3345,50.6399],[119.3517,50.6299],[119.3833,50.6596],[119.3713,50.6774],[119.4231,50.6829],[119.4896,50.7446],[119.4958,50.7845],[119.5096,50.7886],[119.4879,50.8436],[119.5143,50.8492],[119.5053,50.8541],[119.5263,50.8801],[119.5151,50.9046],[119.557,50.9291],[119.5834,50.9752],[119.6296,51.0101],[119.6875,51.0291],[119.699,51.0179],[119.6999,51.0427],[119.7218,51.0604],[119.7122,51.0678],[119.7575,51.0961],[119.7443,51.1121],[119.7696,51.1327],[119.7753,51.1532],[119.7591,51.158],[119.7813,51.172],[119.7525,51.2127],[119.7781,51.2245],[119.8132,51.2129],[119.7912,51.242],[119.8203,51.2625],[119.8039,51.2803],[119.8746,51.2969],[119.8783,51.3375],[119.9331,51.3542],[119.9392,51.3633],[119.9021,51.3847],[119.9609,51.3975],[119.9683,51.4352],[119.9953,51.4578],[119.9778,51.5019],[120.0441,51.5557],[120.0328,51.5792],[120.0516,51.6323],[120.0953,51.649],[120.0806,51.6729],[120.1667,51.6781],[120.2935,51.7572],[120.3047,51.781],[120.3558,51.7874],[120.3683,51.8063],[120.397,51.8114],[120.394,51.832],[120.4698,51.8515],[120.4697,51.8825],[120.5306,51.8775],[120.5505,51.9122],[120.6476,51.9227],[120.6542,51.9548],[120.7038,51.992],[120.7076,52.0168],[120.68,52.0315],[120.6852,52.0466],[120.7465,52.0836],[120.7365,52.0888],[120.7635,52.1177],[120.7565,52.1422],[120.7795,52.1585],[120.7415,52.2022],[120.7516,52.2554],[120.7108,52.2589],[120.6968,52.2827],[120.631,52.3122],[120.6142,52.3535],[120.6476,52.3696],[120.651,52.3968],[120.6836,52.4289],[120.6766,52.4659],[120.6984,52.4881],[120.6864,52.5177],[120.7271,52.5362],[120.459,52.6435],[120.3909,52.6152],[120.282,52.6221],[120.1846,52.577],[120.062,52.5861],[120.0268,52.6355],[120.0601,52.6986],[120.0244,52.7728],[120.0859,52.7838],[120.1374,52.8127],[120.1792,52.8081],[120.2115,52.8394],[120.2808,52.861],[120.2872,52.8882],[120.3426,52.9043],[120.3529,52.9375],[120.4059,52.9581],[120.4369,53.0024],[120.5199,53.0428],[120.5553,53.0805],[120.6374,53.1057],[120.6539,53.1355],[120.6844,53.1429],[120.6948,53.1774],[120.8263,53.2375],[120.8332,53.2476],[120.8126,53.2664],[120.875,53.2927],[121.0416,53.2876],[121.0875,53.3053],[121.1218,53.2752],[121.2265,53.2792],[121.299,53.2988],[121.3196,53.3202],[121.4502,53.323],[121.871,53.4263],[122.0828,53.4215],[122.1592,53.4691],[122.2436,53.4637],[122.3251,53.5011],[122.4297,53.4432],[122.5961,53.4639],[122.8194,53.4561],[123.06,53.5067],[123.1373,53.4981],[123.223,53.5496],[123.2712,53.5608],[123.4484,53.5341],[123.4811,53.4961],[123.5028,53.5052],[123.4839,53.5412],[123.5059,53.555],[123.5504,53.5401],[123.527,53.5116],[123.5392,53.495],[123.563,53.504],[123.5792,53.5445],[123.612,53.5478],[123.6956,53.4934],[123.8794,53.4807],[123.9783,53.4298],[124.0081,53.3976],[124.0614,53.3988],[124.0724,53.3654],[124.1056,53.3492],[124.2438,53.3747],[124.3123,53.3341],[124.3619,53.2592],[124.4116,53.2417],[124.4316,53.2167],[124.7076,53.1927],[124.7117,53.1514],[124.8239,53.1431],[124.8621,53.099],[124.8935,53.1013],[124.8996,53.1216],[124.8779,53.1553],[124.8947,53.171],[124.9685,53.1944],[125.152,53.2038],[125.4947,53.0948],[125.5024,53.052],[125.6052,53.0816],[125.6727,53.0073],[125.7427,52.984],[125.7218,52.9598],[125.7277,52.944],[125.6565,52.916],[125.6655,52.8612],[125.7667,52.8967],[125.8295,52.8954],[125.8464,52.8896],[125.8625,52.849],[125.9092,52.8186],[125.9377,52.7642],[125.978,52.757],[126.0292,52.7975],[126.105,52.7702],[126.1011,52.7548],[126.0373,52.7346],[126.061,52.7038],[126.058,52.6777],[125.9834,52.6732],[125.9617,52.6504],[125.9633,52.6225],[126.012,52.5785],[126.0382,52.5763],[126.0678,52.6032],[126.2017,52.531],[126.1812,52.4776],[126.1901,52.4653],[126.2545,52.4751],[126.34,52.3959],[126.3405,52.3549],[126.3111,52.3288],[126.3348,52.3033],[126.4341,52.2861],[126.3462,52.2624],[126.2968,52.2245],[126.3004,52.2062],[126.5542,52.1303],[126.5148,52.0372],[126.4383,52.0255],[126.4619,51.9779],[126.4566,51.9441],[126.5018,51.9221],[126.6177,51.7744],[126.6574,51.7583],[126.6709,51.7272],[126.7238,51.717],[126.7128,51.6819],[126.7317,51.6572],[126.7295,51.6306],[126.6695,51.5987],[126.7087,51.5686],[126.8386,51.5285],[126.7803,51.4526],[126.7813,51.4351],[126.8323,51.4127],[126.8961,51.4082],[126.9147,51.3902],[126.9238,51.3628],[126.9075,51.3434],[126.8417,51.3443],[126.8137,51.3295],[126.8115,51.2891],[126.8252,51.2721],[126.8608,51.2456],[126.8999,51.2449],[126.9128,51.2541],[126.9032,51.2816],[126.8676,51.3093],[126.9454,51.3335],[126.9727,51.3281],[126.9742,51.3002],[126.8942,51.2033],[126.9177,51.057],[126.9858,51.0211],[127.0463,50.9606],[127.1062,50.9369],[127.2331,50.7739],[127.3002,50.7453],[127.281,50.7073],[127.2871,50.6651],[127.367,50.574],[127.354,50.5419],[127.3108,50.5239],[127.2915,50.4779],[127.2922,50.4568],[127.3627,50.4344],[127.3638,50.4048],[127.3253,50.3351],[127.3807,50.2851],[127.6015,50.2375],[127.6033,50.1809],[127.5016,50.0594],[127.4889,50.0127],[127.499,49.9719],[127.5412,49.9337],[127.5234,49.858],[127.5409,49.801],[127.6617,49.7716],[127.6872,49.667],[127.7814,49.6222],[127.8093,49.5861],[127.8611,49.572],[127.959,49.5964],[128.0345,49.5556],[128.1695,49.5361],[128.25,49.5649],[128.3296,49.5402],[128.3574,49.5517],[128.3697,49.5853],[128.3934,49.5902],[128.5529,49.602],[128.7174,49.5623],[128.7304,49.591],[128.7482,49.5942],[128.8013,49.5718],[128.8022,49.5503],[128.7472,49.5131],[128.7432,49.4831],[128.7933,49.4718],[128.8603,49.4896],[128.9416,49.4576],[128.9837,49.4569],[129.0269,49.4259],[129.0734,49.3536],[129.1262,49.3505],[129.1746,49.3885],[129.226,49.3995],[129.3521,49.3517],[129.3774,49.3666],[129.3651,49.4023],[129.38,49.4294],[129.4303,49.4416],[129.4932,49.4264],[129.5366,49.398],[129.5593,49.2895],[129.6,49.2758],[129.6658,49.295],[129.7105,49.2911],[129.7444,49.2644],[129.7646,49.1865],[129.8424,49.1771],[129.86,49.1588],[129.849,49.1151],[129.9223,49.0943],[129.9138,49.0425],[130.0126,49.0128],[130.0506,48.9721],[130.1643,48.9174],[130.2243,48.8652],[130.2653,48.862],[130.4211,48.9039],[130.4647,48.9003],[130.5118,48.8543],[130.6096,48.8793],[130.6693,48.8771],[130.6812,48.8524],[130.6157,48.7884],[130.5215,48.6199],[130.5942,48.5903],[130.618,48.4924],[130.7251,48.5131],[130.7582,48.4973],[130.7321,48.4303],[130.7663,48.3585],[130.8096,48.3439],[130.8356,48.3017],[130.797,48.2585],[130.7649,48.2474],[130.7468,48.1812],[130.6673,48.1317],[130.6562,48.0953],[130.676,48.0814],[130.6817,48.0472],[130.7238,48.0321],[130.8805,47.9178],[130.9498,47.8255],[130.9575,47.7203],[130.9937,47.6962],[131.0895,47.6832],[131.1751,47.6953],[131.2546,47.7348],[131.366,47.7267],[131.4527,47.7431],[131.5475,47.7266],[131.5522,47.6825],[131.5944,47.6565],[131.622,47.6569],[131.6767,47.7014],[131.7101,47.7085],[131.8122,47.6672],[131.9003,47.69],[131.9521,47.6624],[131.9828,47.6698],[131.9995,47.7112],[132.0755,47.698],[132.2528,47.7081],[132.3092,47.7568],[132.5487,47.7143],[132.6037,47.7421],[132.5901,47.7716],[132.5987,47.8103],[132.6805,47.8721],[132.6521,47.9356],[132.6662,47.9559],[132.7192,47.9619],[132.7805,47.9251],[132.8158,47.935],[132.8631,47.9917],[133.0078,48.0405],[133.03,48.0821],[133.0653,48.1072],[133.2867,48.0928],[133.3915,48.1236],[133.4645,48.1091],[133.5432,48.1266],[133.5655,48.1374],[133.5934,48.1983],[133.7116,48.1874],[133.7464,48.2568],[133.9861,48.3013],[134.034,48.3451],[134.1232,48.3319],[134.1883,48.3837],[134.3976,48.3863],[134.5222,48.3471],[134.5669,48.3718],[134.584,48.3359],[134.6305,48.2975],[134.723,48.2746],[134.6821,48.2628],[134.6679,48.2401],[134.6693,48.157],[134.6277,48.0968],[134.5467,48.0348],[134.546,47.9815],[134.5928,47.9477],[134.607,47.9015],[134.6698,47.8817],[134.6706,47.8174],[134.7609,47.7635],[134.7704,47.7151],[134.6816,47.6362],[134.6687,47.5843],[134.5768,47.5223],[134.5631,47.4784],[134.4862,47.443],[134.3204,47.4369],[134.264,47.3987],[134.2555,47.3667],[134.1693,47.3184],[134.1501,47.253],[134.2198,47.1869],[134.2222,47.118],[134.2064,47.1014],[134.1313,47.085],[134.0966,47.0088],[134.0557,46.9751],[134.0681,46.9329],[134.0142,46.8237],[134.0454,46.7805],[134.0162,46.724],[134.0057,46.6371],[133.9131,46.5962],[133.8415,46.4654],[133.8543,46.4435],[133.9007,46.4409],[133.9402,46.3995],[133.9313,46.3766],[133.8635,46.3493],[133.8627,46.3368],[133.8928,46.3251],[133.9132,46.3332],[133.9016,46.291],[133.9107,46.2635],[133.8531,46.2459],[133.867,46.2284],[133.8384,46.2001],[133.8002,46.2262],[133.778,46.184],[133.688,46.1556],[133.6818,46.1377],[133.735,46.0772],[133.7356,46.0541],[133.6732,45.9829],[133.6667,45.9397],[133.61,45.9415],[133.5977,45.9327],[133.6109,45.9005],[133.5909,45.8915],[133.5895,45.8704],[133.5277,45.8966],[133.4808,45.8589],[133.4863,45.834],[133.4617,45.8357],[133.462,45.8016],[133.4977,45.7781],[133.4624,45.7773],[133.4573,45.7557],[133.4799,45.7382],[133.4437,45.7276],[133.4214,45.6969],[133.4728,45.6919],[133.4828,45.6614],[133.4388,45.6442],[133.4697,45.6227],[133.4122,45.617],[133.4143,45.5725],[133.367,45.575],[133.2474,45.5168],[133.1936,45.5143],[133.204,45.5098],[133.1619,45.4612],[133.1644,45.4424],[133.1359,45.4171],[133.1413,45.3761],[133.1112,45.3464],[133.1217,45.3431],[133.0904,45.291],[133.1005,45.2721],[133.0877,45.2559],[133.129,45.1795],[133.1263,45.1222],[133.1037,45.1226],[133.0228,45.0525],[132.9501,45.0151],[132.858,45.0605],[131.9933,45.2545],[131.9307,45.2793],[131.9108,45.3364],[131.874,45.339],[131.8226,45.3095],[131.7811,45.2438],[131.7857,45.2105],[131.7099,45.2312],[131.6744,45.2133],[131.6457,45.1547],[131.6768,45.1483],[131.6815,45.118],[131.4762,44.9935],[131.4906,44.9697],[131.4481,44.9616],[131.4128,44.9812],[131.3556,44.9837],[131.3069,44.964],[131.2843,44.926],[131.2116,44.9149],[131.144,44.945],[131.0868,44.9261],[131.0932,44.8978],[131.0706,44.879],[130.9805,44.8658],[130.9571,44.8466],[130.9649,44.8187],[131.0052,44.8123],[131.017,44.7801],[131.059,44.7783],[131.0827,44.7159],[131.0997,44.7064],[131.3032,44.0439],[131.2612,44.0319],[131.2371,43.9857],[131.261,43.9378],[131.2057,43.8256],[131.2159,43.8079],[131.2034,43.7835],[131.2241,43.7399],[131.2121,43.6856],[131.2334,43.6636],[131.2083,43.6097],[131.2392,43.6002],[131.2283,43.5843],[131.2078,43.5896],[131.201,43.5581],[131.1895,43.5608],[131.1935,43.5314],[131.2215,43.5143],[131.2604,43.4957],[131.3116,43.4952],[131.2906,43.4349],[131.3112,43.3949],[131.2732,43.3759],[131.2478,43.2703],[131.1971,43.2297],[131.1945,43.1994],[131.2131,43.1784],[131.2006,43.1286],[131.1555,43.0953],[131.163,43.0769],[131.1195,43.068],[131.1017,43.0345],[131.1055,42.9865],[131.1149,42.967],[131.1372,42.9654],[131.1369,42.9352],[131.0984,42.9146],[131.0287,42.9266],[131.0112,42.9136],[131.0291,42.8594],[130.978,42.8545],[130.9421,42.8745],[130.8857,42.8502],[130.8312,42.8786],[130.7997,42.8769],[130.7676,42.8373],[130.7204,42.8285],[130.659,42.8451],[130.5608,42.8136],[130.4,42.7282],[130.4573,42.6861],[130.5214,42.7014],[130.5878,42.6651],[130.6272,42.5976],[130.6033,42.5549],[130.5691,42.5559],[130.553,42.519],[130.5904,42.4854],[130.5966,42.4441],[130.6343,42.4273],[130.6696,42.3782],[130.6489,42.3528],[130.6545,42.3248],[130.919,42.1227],[133.1883,42.4875],[133.4961,42.581],[133.8136,42.6182],[134.0795,42.7031],[134.3538,42.8832],[134.9398,43.1475],[135.0943,43.2621],[135.2882,43.3345],[135.3526,43.376],[135.4453,43.508],[135.6738,43.6664],[135.8909,43.9649],[135.92,44.0505],[136.0652,44.2086],[136.1414,44.2621],[136.3561,44.3628],[136.4341,44.4355],[136.5414,44.5788],[136.6707,44.6492],[136.7429,44.7601],[136.8962,44.9076],[136.9899,44.9723],[137.1232,45.1118],[137.352,45.2435],[137.5331,45.4103],[137.5893,45.4811],[137.6722,45.5204],[137.9121,45.687],[138.0363,45.8539],[138.3609,46.1496],[138.3934,46.2147],[138.4023,46.2978],[138.5965,46.4436],[138.6457,46.566],[138.6538,46.6646],[138.7545,46.7835],[138.8135,46.9283],[138.9315,47.0124],[139.0013,47.0844],[139.165,47.1559],[139.2444,47.2161],[139.3268,47.3355],[139.348,47.4069],[139.4096,47.5137],[139.4609,47.5653],[139.554,47.7201],[139.7525,47.8316],[139.9795,48.0446],[140.2544,48.1955],[140.4524,48.3747],[140.474,48.4352],[140.4976,48.6991],[140.6234,48.8209],[140.6885,48.9378],[140.6929,48.9963],[140.6603,49.1095],[140.7231,49.2544],[140.7355,49.3282],[140.7942,49.4121],[140.8504,49.5338],[140.8348,49.7577],[140.9122,49.947],[140.9731,50.0122],[140.9958,50.0669],[140.9832,50.1546],[140.7989,50.4572],[140.805,50.7423],[140.9249,50.8598],[140.9585,50.9146],[140.9952,51.0183],[140.995,51.1639],[141.1306,51.2663],[141.2001,51.3767],[141.2143,51.4391],[141.4154,51.6198],[141.5592,51.5446],[141.6234,51.4786],[141.7235,51.4116],[141.8371,51.2666],[141.931,51.0781],[141.7576,50.8945],[141.7193,50.8147],[141.7435,50.6509],[141.7328,50.5083],[141.7925,50.3801],[141.8565,50.1304],[141.8216,49.9625],[141.8474,49.7693],[141.8349,49.5611],[141.7673,49.3759],[141.7647,49.2854],[141.7129,49.0586],[141.571,48.8592],[141.546,48.7829],[141.5928,48.6003],[141.8397,48.2903],[141.878,48.0525],[141.6666,47.6331],[141.6719,47.284],[141.6909,47.2268],[141.7579,47.1309],[141.7193,47.0064],[141.5207,46.6182],[141.5249,46.5018],[141.6009,46.2766],[141.6437,45.9963],[141.7874,45.8207],[141.915,45.7288],[141.9685,45.7167],[142.2249,45.5922],[142.3523,45.6133],[142.4542,45.6721],[142.507,45.758],[142.4981,45.8529],[142.4307,45.93],[142.5129,46.1054],[142.5403,46.2424],[142.5838,46.3296],[142.7684,46.3989],[142.9338,46.4074],[143.0643,46.324],[143.1178,46.2244],[143.11,46.0888],[143.1277,45.9913],[143.1654,45.9208],[143.2158,45.8767],[143.3364,45.8283],[143.4723,45.8245],[143.5955,45.8649],[143.6782,45.9404],[143.7436,46.0472],[143.7724,46.1436],[143.8907,46.3093],[143.9053,46.3714],[143.8817,46.4612],[143.8259,46.5457],[143.7994,46.7357],[143.7535,46.8899],[143.7004,46.9547],[143.6264,47.0047],[143.3351,47.1083],[143.31,47.2769],[143.2843,47.3369],[143.1685,47.4804],[142.929,47.6192],[142.8629,47.7055],[142.8252,47.7899],[142.8261,47.9292],[142.8692,48.0914],[143.0931,48.6026],[143.266,48.8333],[143.3106,49.0668],[143.4234,49.1039],[143.5642,49.1168],[143.8907,49.0777],[144.1158,48.8983],[144.2895,48.794],[144.3372,48.7375],[144.3729,48.6117],[144.3287,48.5298],[144.3405,48.4396],[144.4121,48.3612],[144.5304,48.3118],[144.6991,48.3068],[144.84,48.3595],[144.8949,48.4095],[144.9399,48.4891],[145.0176,48.5542],[145.0501,48.6525],[144.9881,48.9009],[144.959,48.9545],[144.8662,49.0327],[144.659,49.1649],[144.5877,49.2908],[144.5521,49.3992],[144.5438,49.5285],[144.5256,49.5759],[144.4335,49.6876],[144.4299,49.7783],[144.3168,49.9713],[144.2932,50.0798],[144.1307,50.3008],[144.0638,50.4416],[144.0173,50.5863],[143.9794,50.8434],[143.794,51.3655],[143.7501,51.5362],[143.6489,51.7641],[143.5527,51.9113],[143.4791,52.0683],[143.4669,52.1991],[143.5882,52.3808],[143.6345,52.52],[143.6662,52.8416],[143.5927,53.1903],[143.5345,53.3557],[143.2431,53.8496],[143.3336,54.0553],[143.3319,54.1143],[143.3053,54.1874],[143.1481,54.3514],[143.0357,54.5062],[142.9561,54.5688],[142.7663,54.6228],[142.5673,54.612],[142.0768,54.4789],[141.9749,54.42],[141.9207,54.3403],[141.9179,54.2819],[141.9494,54.2169],[142.1503,54.0244],[142.2962,53.916],[142.3072,53.8435],[142.0374,53.71],[141.4917,53.5566],[141.1103,53.6664],[140.8578,53.7616],[140.831,53.8105],[140.7908,53.8421],[140.6702,53.9014],[140.6702,53.9856],[140.6322,54.0459],[140.4825,54.1638],[140.2747,54.2553],[140.1942,54.2749],[140.154,54.3153],[140.1563,54.4012],[140.078,54.4896],[139.5664,54.7316],[138.7553,55.1742],[138.7106,55.2138],[138.5743,55.2685],[137.8437,55.9175],[137.9442,55.9688],[138.2459,56.2156],[138.4067,56.2404],[138.4827,56.2851],[138.5899,56.4065],[138.6235,56.5336],[138.8938,56.6824],[138.9452,56.7486],[138.9385,56.8135],[139.162,56.899],[139.2625,56.9794],[139.334,57.0159],[139.3765,57.0779],[139.5865,57.1168],[139.8367,57.2451],[139.982,57.2584],[140.087,57.291],[140.1652,57.3417],[140.2099,57.3911],[140.2233,57.4453],[140.2076,57.5041],[140.2456,57.5473],[140.4624,57.5629],[140.545,57.5953],[140.7417,57.6993],[140.8467,57.7851],[140.878,57.8851],[141.0232,58.0959],[141.0455,58.1584],[141.1818,58.2373],[141.45,58.316],[141.7941,58.4507],[142.0935,58.6443],[142.27,58.8159],[142.4644,58.9602],[142.69,59.0431],[142.833,59.0695],[143.6508,59.136],[143.8921,59.2059],[144.301,59.1739],[144.8753,59.1613],[145.3892,59.1945],[145.7914,58.9671],[145.9277,58.9441],[146.1712,58.9499],[146.2561,58.9798],[146.5332,59.0224],[146.95,59.1512],[147.4828,59.0408],[147.5968,59.0373],[147.7934,59.0592],[148.5665,59.0569],[148.7922,58.9406],[148.9061,58.9187],[150.3048,58.8078],[150.5551,58.7962],[150.6757,58.8078],[150.9818,58.7684],[151.0735,58.6896],[151.1651,58.6559],[151.2924,58.6384],[151.7125,58.6454],[152.1214,58.6849],[152.4119,58.7615],[152.6331,58.7163],[153.004,58.7128],[153.2274,58.787],[153.2766,58.8379],[153.2654,58.876],[153.4575,58.8933],[153.614,58.9579],[153.8307,58.8783],[154.0318,58.8402],[154.4139,58.891],[154.5613,58.9475],[154.7848,58.9291],[154.9077,58.9349],[155.1043,58.974],[155.6741,59.0086],[155.7813,59.0408],[155.8819,59.1039],[155.9802,59.2825],[156.0003,59.3474],[155.9779,59.4009],[155.9042,59.4668],[155.8215,59.5088],[155.1132,59.6818],[154.9747,59.6988],[154.8965,59.8966],[154.8876,59.966],[155.0998,60.1177],[155.1691,60.1867],[155.6539,60.344],[155.9668,60.4985],[156.0584,60.5095],[156.1723,60.5468],[156.3064,60.6795],[156.3533,60.8182],[156.4159,60.8846],[156.6036,60.9606],[156.8784,61.0277],[156.9722,61.0732],[157.0348,61.1239],[157.0705,61.1811],[157.0683,61.2961],[157.1465,61.3808],[157.2292,61.4193],[157.5152,61.4929],[157.9174,61.5366],[158.1162,61.5313],[158.762,61.6132],[159.0659,61.6206],[159.1865,61.559],[159.3317,61.2349],[159.3697,60.9627],[159.4099,60.8519],[159.8322,60.4467],[159.9574,60.396],[160.1004,60.375],[160.2568,60.3805],[160.4892,60.4379],[160.7506,60.4687],[161.4097,60.3208],[160.9092,59.9604],[160.5026,59.772],[160.2881,59.7337],[160.2009,59.6897],[160.1406,59.6457],[160.1048,59.5858],[159.7786,59.3725],[159.5239,59.2288],[159.4189,59.1269],[159.22,58.8541],[158.9296,58.6849],[158.7799,58.5593],[158.438,58.4215],[157.9799,58.1832],[157.8414,58.2138],[157.571,58.2044],[157.4482,58.1784],[157.3476,58.123],[157.2337,58.0202],[157.1264,58.051],[156.941,58.0557],[156.8315,58.0356],[156.5767,57.9349],[156.4472,57.8232],[156.4025,57.7303],[156.4136,57.6563],[156.4628,57.606],[156.5388,57.5569],[156.6237,57.5293],[156.608,57.4332],[156.4203,57.4357],[156.2327,57.3803],[156.1679,57.3176],[156.1366,57.2609],[156.141,57.2052],[156.1813,57.1398],[156.1544,57.0767],[155.8349,56.9405],[155.7277,56.8538],[155.6316,56.7204],[155.3099,56.0325],[155.3009,55.8285],[155.2227,55.4134],[155.2138,55.2393],[155.2897,54.7999],[155.3769,54.4766],[155.5757,53.933],[155.7254,53.3208],[155.8104,52.8511],[156.1031,52.2506],[156.1522,52.0903],[156.1723,51.888],[156.1634,51.5683],[156.2259,51.2631],[156.2617,51.1932],[156.3176,51.1427],[156.3812,51.1119],[156.3833,51.0599],[156.2208,51.0166],[156.1162,50.9642],[155.9615,50.9638],[155.9115,51.02],[155.8353,51.0659],[155.6338,51.1157],[155.4142,51.111],[155.252,51.0559],[155.1983,51.0117],[155.1582,50.9481],[155.1415,50.8896],[155.147,50.8437],[155.2063,50.7387],[155.2939,50.6726],[155.391,50.556],[155.1006,50.4836],[154.7635,50.3614],[154.7001,50.317],[154.6562,50.2606],[154.6418,50.2047],[154.6572,50.1379],[154.4921,50.0144],[154.3844,50.0141],[154.2614,49.9849],[154.1621,49.932],[154.1129,49.8792],[154.081,49.7991],[154.0894,49.6976],[154.1268,49.6442],[154.1963,49.5928],[154.316,49.4185],[154.2179,49.2941],[153.9427,49.1726],[153.4261,49.1888],[153.3015,49.1557],[153.218,49.0987],[153.1698,49.0181],[153.1721,48.9306],[153.2261,48.8541],[153.3174,48.7997],[153.2749,48.5003],[153.0992,48.4775],[152.9745,48.3958],[152.7905,47.9317],[152.7011,47.8384],[152.634,47.7041],[152.5902,47.6699],[152.2159,47.5075],[151.9451,47.2689],[151.8363,47.1501],[151.5439,47.0131],[151.4353,46.9149],[151.4157,46.8588],[151.4195,46.8005],[151.5109,46.6655],[151.5995,46.6091],[151.6723,46.5845],[151.7898,46.5688],[151.872,46.575],[151.9834,46.6101],[152.2373,46.7614],[152.6752,47.1318],[153.0488,47.3739],[153.2929,47.6077],[153.3526,47.7189],[153.5393,47.935],[153.5831,48.0113],[153.5982,48.0725],[153.5691,48.2846],[153.7038,48.3506],[153.8713,48.3285],[153.9815,48.3499],[154.0518,48.3833],[154.1135,48.431],[154.2495,48.5859],[154.5854,48.8332],[154.8191,48.96],[155.0843,49.1896],[155.1448,49.2926],[155.1888,49.484],[155.228,49.5836],[155.2211,49.6597],[155.4031,49.7947],[155.5143,49.8128],[155.6208,49.86],[155.7566,49.9722],[155.9399,50.0139],[156.0999,50.1001],[156.2657,50.2691],[156.3697,50.3524],[156.6643,50.5162],[156.8016,50.6852],[156.9355,50.7457],[157.2635,50.9683],[157.5157,51.0881],[158.1696,51.5037],[158.5821,51.8845],[158.6777,52.043],[158.8074,52.1644],[160.2827,52.9515],[161.977,54.3586],[162.4277,54.6315],[162.4766,54.6782],[163.3567,55.8971],[163.648,56.0328],[163.6947,56.0815],[163.7245,56.1407],[163.7309,56.2188],[163.7117,56.3934],[163.6416,56.6922],[163.6905,57.7203],[163.8478,58.3416],[164.898,58.72],[166.6454,59.7101],[166.7878,59.8257],[167.0897,59.9983],[167.1662,60.0758],[167.7083,60.2398],[168.0038,60.2999],[168.3291,60.3893],[168.6565,60.3431],[168.9541,60.3599],[169.156,60.3378],[169.2241,60.3168],[169.3792,60.2314],[169.5961,59.9877],[169.8618,59.8214],[170.0978,59.7401],[170.219,59.7262],[170.5123,59.7562],[170.7504,59.8492],[170.8078,59.8983],[170.878,60.044],[171.0247,60.1891],[171.3882,60.3788],[171.6582,60.4659],[171.8707,60.5538],[172.3746,60.6935],[173.1952,61.1163],[173.2972,61.1553],[173.3652,61.2168],[173.5225,61.2741],[173.6607,61.3475],[174.1709,61.5163],[174.3559,61.6024],[174.6556,61.6286],[174.9851,61.6962],[175.1275,61.7677],[175.4677,61.8461],[175.8121,61.9842],[176.2457,62.0868],[176.4966,62.1217],[176.6114,62.1584],[176.7368,62.2288],[176.875,62.2724],[177.2215,62.3465],[177.6105,62.3593],[177.8104,62.3484],[178.682,62.1802],[178.8754,62.0898],[179.0965,62.0699],[179.2113,62.0779],[179.4749,62.1634],[179.9989,62.5525],[180,62.8804],[179.9288,62.9534],[179.8767,63.1668],[179.7938,63.2425],[179.6577,63.3314],[179.3729,63.4418],[179.2836,63.5415],[179.2602,63.5755],[179.2262,63.7773],[179.1156,64.0381],[179.0774,64.0976],[178.9009,64.2624],[179.1794,64.5124],[179.4175,64.5919],[179.5685,64.5982],[179.7853,64.6383],[179.9979,64.7465],[179.9999,64.9791]]],[[[-180,71.6049],[-179.9999,70.7165],[-179.8091,70.6791],[-179.4905,70.6622],[-179.0723,70.6906],[-178.5477,70.7638],[-178.1886,70.7835],[-177.5933,70.8508],[-177.1085,70.9731],[-176.9128,71.0743],[-176.8222,71.1915],[-176.8174,71.2174],[-176.8291,71.264],[-176.8737,71.3142],[-177.0371,71.3979],[-177.2644,71.4525],[-177.4086,71.5384],[-177.5672,71.6011],[-177.7766,71.6637],[-178.0403,71.7161],[-178.5752,71.7748],[-178.9508,71.7978],[-179.187,71.8063],[-179.6244,71.7903],[-180,71.7491],[-180,71.6049]]],[[[-168.9769,65.8143],[-168.9771,66.0154],[-169.1853,66.0144],[-169.1592,66.0644],[-169.161,66.1073],[-169.2276,66.2165],[-169.2797,66.2518],[-169.4888,66.3273],[-169.7408,66.3608],[-169.8524,66.4221],[-169.9557,66.456],[-170.2084,66.5026],[-170.3526,66.5778],[-170.7887,66.7299],[-170.8285,66.7464],[-170.8388,66.793],[-170.9019,66.8611],[-170.9754,66.9015],[-171.1299,66.9462],[-171.2068,67.0329],[-171.3496,67.0947],[-171.498,67.1316],[-171.7843,67.1689],[-171.9896,67.1763],[-172.1091,67.1641],[-172.646,67.2431],[-172.9248,67.2405],[-173.3574,67.2816],[-174.2281,67.6079],[-174.9449,67.8196],[-175.4366,67.9978],[-177.2644,68.4618],[-177.6407,68.5983],[-178.0925,68.7312],[-178.4537,68.8937],[-178.9391,69.0106],[-179.0861,69.0767],[-179.325,69.1225],[-179.6244,69.1271],[-180,69.2895],[-180,64.7463],[-179.7507,64.8653],[-179.3161,65.0064],[-179.1218,65.1435],[-179.0703,65.2121],[-178.727,65.2625],[-178.4235,65.2446],[-177.5013,65.2461],[-177.1779,65.2814],[-176.9328,65.3499],[-176.7989,65.3657],[-176.4645,65.2943],[-176.3931,65.2607],[-176.3216,65.1721],[-176.2543,65.1302],[-176.3491,65.0565],[-176.3642,64.9979],[-176.3416,64.9407],[-176.2777,64.8874],[-176.1259,64.8066],[-175.9241,64.7539],[-175.8259,64.6703],[-175.7455,64.6283],[-175.5396,64.5797],[-174.9669,64.5644],[-174.4917,64.4281],[-174.3791,64.3087],[-174.3166,64.2741],[-174.1402,64.2192],[-173.7673,64.131],[-173.5297,64.1049],[-173.2606,64.053],[-173.0457,64.0431],[-172.7456,64.0797],[-172.3796,64.1926],[-171.9855,64.233],[-171.8763,64.2753],[-171.8111,64.3215],[-171.5948,64.7525],[-171.6092,65.0996],[-171.6312,65.153],[-171.6799,65.1969],[-171.441,65.3138],[-171.1519,65.2693],[-170.95,65.2696],[-170.7804,65.3006],[-170.2901,65.4457],[-170.1762,65.4936],[-170.0862,65.5545],[-170.0237,65.6294],[-170.01,65.7371],[-169.9489,65.7791],[-169.8775,65.7876],[-169.4277,65.6027],[-169.2025,65.5349],[-169.0525,65.4706],[-168.9769,65.5],[-168.9769,65.8143]]]]},"properties":{"id":"Q159","names":{"ab":"Урыстәыла","af":"Rusland","am":"ሩሲያ","an":"Rusia","ar":"روسيا","as":"ৰাছিয়া","ay":"Rusiya","az":"Rusiya","ba":"Рәсәй Федерацияһы","be":"Расія","bg":"Русия","bh":"रूस","bi":"Rasia","bm":"Risila","bn":"রাশিয়া","bo":"ཨུ་རུ་སུ།","br":"Rusia","bs":"Rusija","ca":"Rússia","ce":"Росси","ch":"Russia","co":"Russia","cs":"Rusko","cu":"Рѡсїꙗ","cv":"Раççей Федерацийĕ","cy":"Rwsia","da":"Rusland","de":"Russland","dv":"ރޫސީވިލާތް","dz":"ར་ཤི་ཡཱན་ཕེ་ཌི་རེ་ཤཱན","ee":"Russia","el":"Ρωσία","en":"Russia","eo":"Rusio","es":"Rusia","et":"Venemaa","eu":"Errusia","fa":"روسیه","ff":"Roosiya","fi":"Venäjä","fj":"Rusia","fo":"Russland","fr":"Russie","fy":"Ruslân","ga":"An Rúis","gd":"An Ruis","gl":"Rusia","gn":"Rrúsia","gu":"રશિયા","gv":"Yn Roosh","ha":"Rasha","he":"רוסיה","hi":"रूस","hr":"Rusija","ht":"Risi","hu":"Oroszország","hy":"Ռուսաստան","ia":"Russia","id":"Rusia","ie":"Russia","ig":"Mpaghara Russia","ik":"Uruusiq (nuna)","io":"Rusia","is":"Rússland","it":"Russia","iu":"ᐅᓛᓴ","ja":"ロシア","jv":"Ruslan","ka":"რუსეთი","kg":"Rusia","ki":"Racia","kk":"Ресей","km":"រុស្ស៊ី","kn":"ರಷ್ಯಾ","ko":"러시아","ks":"روٗس","ku":"Rûsya","kv":"Рочму","kw":"Russi","ky":"Орусия","la":"Russia","lb":"Russland","lg":"Rwasha","li":"Róslandj","ln":"Rusí","lo":"ປະເທດລັດເຊຍ","lt":"Rusija","lv":"Krievija","mg":"Rosia","mi":"Rūhia","mk":"Русија","ml":"റഷ്യ","mn":"Орос","mr":"रशिया","ms":"Rusia","mt":"Russja","my":"ရုရှားနိုင်ငံ","nb":"Russland","ne":"रुस","nl":"Rusland","nn":"Russland","nv":"Biʼééʼ Łichííʼí Bikéyah","ny":"Russia","oc":"Russia","om":"Raashiyaa","or":"ଋଷିଆ","os":"Уæрæсе","pa":"ਰੂਸ","pdt":"Russien","pi":"रूस","pl":"Rosja","ps":"روسیه","pt":"Rússia","qu":"Rusya","rm":"Russia","rn":"Uburusiya","ro":"Rusia","rw":"Uburusiya","sa":"रास्या","sc":"Rùssia","sd":"روس","se":"Ruošša","sg":"Rusïi","si":"රුසියාව","sk":"Rusko","sl":"Rusija","sm":"Rusia","sn":"Rhashiya","so":"Ruushka","sq":"Rusia","sr":"Русија","ss":"IRashiya","st":"Rashea","su":"Rusia","sv":"Ryssland","sw":"Urusi","ta":"உருசியா","te":"రష్యా","tg":"Русия","th":"ประเทศรัสเซีย","ti":"ሩስያ","tk":"Russiýa","tl":"Rusya","tn":"Russia","to":"Lūsia","tr":"Rusya","ts":"Rhaxiya","tw":"Russia","ty":"Rūtia","ug":"روسىيە","uk":"Росія","ur":"روس","uz":"Rossiya","ve":"Rashia","vi":"Nga","vo":"Rusän","wa":"Rûsseye","wo":"Riisi","xh":"IRashiya","yi":"רוסלאנד","yo":"Rọ́síà","za":"Ngozlozswh","zh":"俄罗斯","zu":"IRashiya"},"from":1991.983870967742,"to":2004.784946236559,"wikidata":"Q159","adminLevel":2,"source":"OpenHistoricalMap","sourceUrl":"https://www.openhistoricalmap.org"}},{"type":"Feature","geometry":{"type":"MultiPolygon","coordinates":[[[[33.9027,35.0771],[33.8284,35.0692],[33.792,35.0477],[33.821,35.0378],[33.8276,35.0087],[33.8482,35.0031],[33.8381,34.9785],[33.911,34.9624],[33.9373,34.9401],[33.9817,34.8744],[33.9865,34.7653],[34.0844,34.7521],[34.1568,34.7599],[34.2736,34.8234],[34.3227,34.8978],[34.3319,34.9858],[34.2959,35.0851],[34.2303,35.1766],[34.2876,35.2392],[34.7058,35.476],[34.7649,35.5255],[34.8514,35.6771],[34.8455,35.7705],[34.8088,35.8273],[34.7525,35.8751],[34.6807,35.9043],[34.5458,35.9074],[34.0713,35.7448],[33.9347,35.6648],[33.5533,35.5621],[33.2999,35.5537],[32.9288,35.6065],[32.8491,35.5976],[32.7743,35.5685],[32.7118,35.5177],[32.6761,35.4562],[32.6692,35.3986],[32.4862,35.3725],[32.4261,35.3515],[32.3619,35.3053],[32.2486,35.3151],[32.1251,35.2737],[32.0454,35.18],[32.0234,35.0561],[32.0821,34.8169],[32.2311,34.6103],[32.4097,34.5125],[32.7104,34.4381],[32.7441,34.4386],[32.7769,34.604],[32.7551,34.6477],[32.76,34.6811],[32.7966,34.6807],[32.8244,34.7058],[32.8589,34.7052],[32.9042,34.6626],[32.982,34.6808],[32.9904,34.6555],[32.9593,34.6586],[32.9633,34.6338],[33.0141,34.6443],[33.0672,34.6172],[33.1533,34.6058],[33.2673,34.4995],[33.4589,34.5419],[33.7435,34.651],[33.8358,34.741],[33.7589,34.8826],[33.7167,34.9242],[33.7012,34.978],[33.7138,35.0039],[33.675,35.0589],[33.7165,35.0695],[33.7055,35.0385],[33.733,35.0528],[33.7906,35.0495],[33.8199,35.0727],[33.8409,35.0622],[33.868,35.0794],[33.8727,35.1236],[33.9166,35.087],[33.9027,35.0771]]],[[[33.7343,35.0123],[33.7494,35.0127],[33.7429,35.0231],[33.7343,35.0123]]],[[[33.7569,34.9993],[33.7886,34.9884],[33.7855,34.9958],[33.7569,34.9993]]],[[[33.7414,34.9823],[33.747,34.9822],[33.7455,34.9875],[33.7414,34.9823]]],[[[33.7439,34.9791],[33.7491,34.982],[33.7405,34.9824],[33.7439,34.9791]]]]},"properties":{"id":"Q229","names":{"ab":"Кипр","af":"Siprus","am":"ቆጵሮስ","an":"Chipre","ar":"قبرص","as":"চাইপ্ৰাছ","av":"Кипр","az":"Kipr","ba":"Ҡыпрыҫ","be":"Кіпр","bg":"Република Кипър","bh":"साइप्रस","bi":"Saepras","bn":"সাইপ্রাস","bo":"སེ་པི་རི་སི།","br":"Republik Kiprenez","bs":"Kipar","ca":"Xipre","ce":"Кипр","co":"Cipru","cs":"Kypr","cu":"Кѷпръ","cv":"Кипр Республики","da":"Cypern","de":"Zypern","el":"Κύπρος","en":"Cyprus","eo":"Kipro","es":"Chipre","et":"Küpros","eu":"Zipre","fa":"قبرس","ff":"Kibris","fi":"Kyproksen tasavalta","fo":"Kýpros","fr":"Chypre","fy":"Syprus","ga":"An Chipir","gd":"Cìopras","gl":"Chipre","gn":"Chípere","gu":"સાયપ્રસ","gv":"Yn Cheeprey","he":"קפריסין","hi":"साइप्रस","hr":"Cipar","ht":"Chip","hu":"Ciprusi Köztársaság","hy":"Կիպրոս","ia":"Cypro","id":"Siprus","ie":"Cypria","io":"Chipro","is":"Kýpur","it":"Cipro","ja":"キプロス","jv":"Siprus","ka":"კვიპროსი","kg":"Kipros","kk":"Кипр","km":"ស៊ីប","kn":"ಸೈಪ್ರಸ್","ko":"키프로스","ks":"قبرص","ku":"Qibris","kv":"Кипр","kw":"Kyprus","ky":"Кипр","lb":"Zypern","lo":"ປະເທດໄຊປຣັດ","lt":"Kipras","lv":"Kipra","mg":"Repoblikan' i Kipra","mi":"Haipara","mk":"Кипар","ml":"സൈപ്രസ്","mn":"Кипр","mr":"सायप्रस","mt":"Ċipru","my":"ဆိုက်ပရပ်စ်နိုင်ငံ","nb":"Republikken Kypros","ne":"साइप्रस","nl":"Cyprus","nn":"Republikken Kypros","nv":"Béésh Łichíiʼii Bikéyah","oc":"Chipre","om":"Saayippires","or":"ସାଇପ୍ରସ","os":"Кипр","pa":"ਸਾਇਪ੍ਰਸ","pl":"Cypr","ps":"قبرس","pt":"Chipre","qu":"Kipru","rm":"Cipra","ro":"Cipru","ru":"Кипр","rw":"Shipure","sa":"सायप्रस","sc":"Tzipru","sd":"قبرص","se":"Kypros","si":"සයිප්‍රසය","sl":"Ciper","sm":"Kuperu","sn":"Saipurasi","so":"Awdalka Qabrus","sq":"Qiproja","sr":"Кипар","ss":"ISayiphro","su":"Siprus","sv":"Cypern","sw":"Kupro","ta":"சைப்பிரசு","te":"సైప్రస్","tg":"Кипр","th":"ประเทศไซปรัส","tk":"Kipr Respublikasy","tl":"Tsipre","to":"Saipalesi","tr":"Kıbrıs","tt":"Кипр Республикасы","ug":"سىپرۇس","uk":"Кіпр","ur":"قبرص","uz":"Qibris Respublikasi","vi":"Síp","vo":"Sipreän","wa":"Chîpe","wo":"Ciipër","yi":"ציפערן","yo":"Kíprù","zh":"塞浦路斯"},"from":1960.6236559139784,"to":null,"wikidata":"Q229","adminLevel":2,"source":"OpenHistoricalMap","sourceUrl":"https://www.openhistoricalmap.org"}},{"type":"Feature","geometry":{"type":"MultiPolygon","coordinates":[[[[-21.1298,73.0763],[-21.0322,73.0981],[-21.0088,73.1312],[-21.0492,73.1587],[-21.1128,73.1738],[-21.4592,73.1874],[-21.585,73.174],[-21.6664,73.1303],[-21.6148,73.0835],[-21.4443,73.0418],[-21.3079,73.0435],[-21.1298,73.0763]]],[[[-19.012,75.3886],[-19.1004,75.3569],[-19.121,75.3352],[-19.0276,75.2407],[-19.0509,75.1759],[-19.0095,75.1489],[-19.0849,75.1036],[-19.094,75.0643],[-19.0728,75.0141],[-19.0451,74.9917],[-18.9587,74.9676],[-18.4648,74.9287],[-17.9729,74.9854],[-17.8216,74.9649],[-17.8369,74.9315],[-17.77,74.9034],[-17.5162,74.9005],[-17.3919,74.9246],[-17.3283,74.9635],[-17.2157,74.9945],[-17.1633,75.0445],[-17.1935,75.0919],[-17.1536,75.1094],[-17.133,75.1441],[-17.2319,75.186],[-17.4059,75.2044],[-17.7653,75.172],[-17.7147,75.214],[-17.6976,75.2683],[-17.6401,75.304],[-17.6427,75.3302],[-17.7499,75.3916],[-17.7547,75.414],[-17.8048,75.446],[-17.9517,75.4782],[-18.1753,75.4735],[-18.2719,75.4485],[-18.3169,75.4081],[-18.557,75.4331],[-19.012,75.3886]]],[[[-17.7236,77.5597],[-17.5452,77.5819],[-17.3803,77.6335],[-17.3578,77.6535],[-17.3527,77.7081],[-17.2239,77.7647],[-17.2208,77.7957],[-17.302,77.8646],[-17.42,77.8988],[-17.691,77.9128],[-17.8998,77.8932],[-18.0529,77.8565],[-18.0827,77.8265],[-18.0716,77.7777],[-18.2644,77.7077],[-18.3667,77.636],[-18.3743,77.6115],[-18.2906,77.5764],[-18.0773,77.5523],[-17.7236,77.5597]]],[[[-15.4556,79.3272],[-15.4739,79.3539],[-15.5608,79.3777],[-15.7814,79.3965],[-16.0048,79.3845],[-16.1331,79.3432],[-16.1234,79.3201],[-16.0612,79.2956],[-15.843,79.2741],[-15.578,79.2858],[-15.4556,79.3272]]],[[[-13.7419,80.726],[-14.1516,80.6681],[-14.2662,80.6307],[-14.2946,80.6027],[-14.1448,80.5619],[-13.8727,80.5533],[-13.3675,80.5998],[-13.2896,80.6198],[-13.2713,80.6424],[-13.3033,80.6655],[-13.4523,80.706],[-13.7419,80.726]]],[[[-18.0648,81.9326],[-18.0478,81.8857],[-18.0158,81.8708],[-17.6343,81.8368],[-17.2315,81.8526],[-17.1212,81.8751],[-17.0689,81.911],[-17.1713,81.9714],[-17.3597,82.0509],[-17.3753,82.0844],[-17.4471,82.1228],[-17.4632,82.1537],[-17.551,82.1771],[-17.8005,82.2004],[-18.0717,82.1972],[-18.2578,82.1785],[-18.3915,82.1326],[-18.3831,82.1118],[-18.3523,82.1003],[-18.3331,82.0546],[-18.2809,82.0215],[-18.0648,81.9326]]],[[[-50.3522,82.7736],[-50.6326,82.7996],[-50.904,82.7982],[-51.1461,82.7724],[-51.1799,82.7551],[-51.1655,82.7399],[-51.1909,82.7246],[-51.1509,82.6994],[-51.0805,82.6845],[-50.8042,82.6696],[-50.3176,82.6864],[-50.1284,82.7267],[-50.1788,82.7543],[-50.3522,82.7736]]],[[[-69.8475,77.437],[-70.0186,77.4702],[-70.8051,77.5235],[-71.2365,77.5135],[-71.3743,77.4952],[-71.481,77.4588],[-72.1309,77.5053],[-72.4925,77.4858],[-72.7961,77.4996],[-72.9551,77.4797],[-73.0115,77.4469],[-72.9852,77.4227],[-72.8462,77.3829],[-72.3429,77.3087],[-72.2454,77.2769],[-71.8794,77.2613],[-71.5636,77.2695],[-71.1316,77.324],[-69.9682,77.3497],[-69.8433,77.3669],[-69.7893,77.3897],[-69.7978,77.4194],[-69.8475,77.437]]],[[[-72.6703,76.6654],[-72.4297,76.6622],[-72.3392,76.6804],[-72.3047,76.7122],[-72.3223,76.7305],[-72.4011,76.7513],[-72.8187,76.7929],[-73.3005,76.7878],[-73.4312,76.7657],[-73.4728,76.7398],[-73.411,76.6979],[-73.119,76.636],[-72.8304,76.631],[-72.6703,76.6654]]],[[[-60.4136,75.7205],[-60.4536,75.7507],[-60.6162,75.7678],[-60.7644,75.7489],[-60.7927,75.736],[-60.8024,75.7131],[-60.7407,75.6841],[-60.6019,75.6715],[-60.4671,75.6865],[-60.4136,75.7205]]],[[[-60.0641,75.4481],[-59.94,75.4164],[-59.7562,75.4215],[-59.6781,75.4483],[-59.6735,75.4721],[-59.6928,75.4905],[-59.602,75.5076],[-59.5588,75.5339],[-59.5727,75.5575],[-59.6287,75.5773],[-59.7906,75.5916],[-59.9113,75.5768],[-60.002,75.5346],[-60.3259,75.5404],[-60.3995,75.5221],[-60.4291,75.498],[-60.3995,75.468],[-60.3283,75.45],[-60.0641,75.4481]]],[[[-59.0595,75.4422],[-59.0289,75.4584],[-59.0261,75.4865],[-59.1441,75.5181],[-59.313,75.5145],[-59.4068,75.4798],[-59.3813,75.4472],[-59.2985,75.4282],[-59.1691,75.4246],[-59.0595,75.4422]]],[[[-58.7263,75.1861],[-58.7233,75.2037],[-58.7526,75.2276],[-58.8493,75.2461],[-58.9763,75.2423],[-59.0558,75.2132],[-59.0346,75.1887],[-58.9173,75.1598],[-58.7999,75.162],[-58.7263,75.1861]]],[[[-57.5483,74.0537],[-57.5956,74.0935],[-57.7411,74.1074],[-57.9467,74.0688],[-57.99,74.0527],[-58.0041,74.0312],[-57.9352,73.9862],[-57.7929,73.9725],[-57.5807,74.0249],[-57.5483,74.0537]]],[[[-56.7049,73.2174],[-56.6778,73.2378],[-56.6895,73.2606],[-56.7821,73.2909],[-56.9371,73.2836],[-56.9863,73.2658],[-57.0007,73.2428],[-56.9673,73.2173],[-56.8907,73.2012],[-56.7049,73.2174]]],[[[-56.7264,73.0189],[-56.7185,73.0418],[-56.7406,73.0598],[-56.8582,73.0825],[-57.0318,73.073],[-57.081,73.0549],[-57.0954,73.0317],[-57.0517,73.0023],[-56.9545,72.9874],[-56.8082,72.9924],[-56.7264,73.0189]]],[[[-54.5637,70.3841],[-54.5651,70.4122],[-54.6097,70.4435],[-54.8357,70.5089],[-55.0587,70.52],[-55.1365,70.4983],[-55.1603,70.4754],[-55.1391,70.4281],[-55.0775,70.3853],[-55.0086,70.3508],[-54.933,70.3352],[-54.6209,70.3526],[-54.5637,70.3841]]],[[[-54.6893,70.3022],[-54.8515,70.2631],[-54.8984,70.2393],[-54.9429,70.1904],[-54.9329,70.0891],[-54.8052,69.9938],[-54.9296,69.9601],[-54.9453,69.9415],[-54.9412,69.9019],[-55.0306,69.8533],[-55.0199,69.8175],[-54.9616,69.794],[-55.0693,69.7378],[-55.0834,69.7137],[-55.0573,69.6704],[-54.9198,69.5934],[-54.7923,69.552],[-54.4548,69.5121],[-54.3485,69.472],[-54.3858,69.4181],[-54.3306,69.355],[-54.1679,69.2978],[-53.9743,69.2768],[-53.9318,69.239],[-53.8192,69.2105],[-53.4985,69.2023],[-52.9325,69.3199],[-52.2141,69.4172],[-51.9862,69.493],[-51.7366,69.643],[-51.7488,69.6681],[-51.8428,69.7027],[-51.8236,69.7492],[-51.8667,69.8018],[-51.9166,69.8279],[-52.0716,69.8603],[-52.4568,69.9013],[-52.6201,69.946],[-52.835,70.0484],[-53.0565,70.183],[-53.3164,70.249],[-53.6009,70.2963],[-54.3369,70.3678],[-54.4898,70.3531],[-54.6893,70.3022]]],[[[-52.1282,68.8072],[-52,68.7795],[-51.8169,68.7657],[-51.6755,68.79],[-51.6302,68.8204],[-51.6691,68.8602],[-51.8956,68.9012],[-52.1284,68.9138],[-52.1926,68.9014],[-52.2259,68.8787],[-52.2186,68.8526],[-52.1282,68.8072]]],[[[-51.8088,63.7535],[-51.8378,63.7282],[-51.8271,63.6948],[-51.6737,63.6602],[-51.673,63.6249],[-51.632,63.5977],[-51.6209,63.5399],[-51.4992,63.4762],[-51.5154,63.4522],[-51.4974,63.4191],[-51.3154,63.3723],[-51.3023,63.3317],[-51.3252,63.3003],[-51.2809,63.2583],[-51.2867,63.2175],[-51.2622,63.1637],[-51.1164,63.0684],[-51.1193,63.0416],[-51.0937,63.0107],[-51.009,62.9852],[-50.8706,62.9844],[-50.8273,62.942],[-50.7554,62.9187],[-50.7351,62.8876],[-50.6583,62.8341],[-50.5473,62.7972],[-50.5623,62.7647],[-50.5193,62.6689],[-50.5161,62.5613],[-50.4204,62.5137],[-50.4261,62.4625],[-50.3442,62.416],[-50.3612,62.3902],[-50.3487,62.3603],[-50.1749,62.2905],[-50.1117,62.2282],[-50.1036,62.1852],[-50.0027,62.1468],[-49.9769,62.1048],[-49.8454,62.0416],[-49.8819,62.0043],[-49.8727,61.9576],[-49.8358,61.9283],[-49.7811,61.9139],[-49.7828,61.8809],[-49.7576,61.8516],[-49.6901,61.8288],[-49.7342,61.7746],[-49.7175,61.7338],[-49.5965,61.6994],[-49.5885,61.6569],[-49.5448,61.5979],[-49.4904,61.5802],[-49.4066,61.5787],[-49.4043,61.5484],[-49.3693,61.5154],[-49.1986,61.4459],[-49.1644,61.3787],[-49.0403,61.2996],[-49.0643,61.2536],[-49.0377,61.2111],[-48.7849,61.1483],[-48.715,61.1058],[-48.7404,61.0482],[-48.7153,61.018],[-48.6279,60.9924],[-48.5259,60.9886],[-48.4918,60.9424],[-48.4016,60.91],[-48.4853,60.8745],[-48.4992,60.8533],[-48.4893,60.8193],[-48.5421,60.8026],[-48.5744,60.7739],[-48.5681,60.7412],[-48.4813,60.6828],[-48.3684,60.6682],[-48.2652,60.7152],[-48.2391,60.6758],[-48.1978,60.651],[-48.087,60.6188],[-47.9134,60.5954],[-47.6686,60.6318],[-47.5402,60.6614],[-47.4864,60.6906],[-47.3871,60.6733],[-47.2801,60.6949],[-47.1873,60.6773],[-47.1147,60.6306],[-47.0207,60.6302],[-46.926,60.5993],[-46.84,60.6054],[-46.7399,60.5777],[-46.6378,60.582],[-46.5518,60.6098],[-46.314,60.598],[-46.2225,60.5103],[-46.1349,60.4841],[-46.0465,60.4284],[-45.961,60.4091],[-45.8437,60.3546],[-45.5935,60.3125],[-45.5977,60.2195],[-45.5374,60.1874],[-45.5304,60.1515],[-45.4935,60.1175],[-45.4421,60.0984],[-45.4334,60.0752],[-45.4865,60.0295],[-45.4694,59.9498],[-45.339,59.9015],[-45.2666,59.8973],[-45.2048,59.8574],[-45.1033,59.8461],[-45.0761,59.8127],[-45.0055,59.7913],[-44.7298,59.8044],[-44.6765,59.8328],[-44.6515,59.8833],[-44.5054,59.8663],[-44.5135,59.8302],[-44.4883,59.7989],[-44.3845,59.7667],[-44.3031,59.7649],[-44.2884,59.719],[-44.2422,59.6953],[-44.1255,59.6972],[-44.0497,59.7557],[-43.9879,59.702],[-43.8894,59.687],[-43.7424,59.7076],[-43.6442,59.7571],[-43.5728,59.7528],[-43.4894,59.7717],[-43.3798,59.841],[-43.2955,59.838],[-43.1014,59.8775],[-43.0683,59.9069],[-43.0666,59.9322],[-42.9366,60.0007],[-42.9225,60.0328],[-42.9462,60.0647],[-42.8598,60.1446],[-42.8828,60.1863],[-42.9633,60.224],[-42.9712,60.3672],[-43.0207,60.4225],[-42.8729,60.4992],[-42.747,60.5364],[-42.6725,60.6329],[-42.6332,60.6602],[-42.6174,60.7091],[-42.5761,60.7522],[-42.6196,60.7989],[-42.5281,60.8665],[-42.5314,60.9183],[-42.4937,60.9595],[-42.5438,61.0114],[-42.5562,61.0571],[-42.4887,61.0904],[-42.4757,61.1098],[-42.4824,61.1377],[-42.4425,61.17],[-42.4443,61.201],[-42.3635,61.2487],[-42.3621,61.2789],[-42.3999,61.3166],[-42.305,61.3442],[-42.2667,61.3772],[-42.2714,61.4072],[-42.3114,61.4504],[-42.2892,61.4694],[-42.1644,61.4955],[-42.1273,61.5207],[-42.1196,61.5479],[-42.1449,61.5814],[-42.0856,61.6171],[-42.0687,61.6589],[-42.1216,61.7036],[-42.0351,61.7373],[-41.9621,61.7998],[-41.9876,61.8931],[-41.9561,61.9352],[-41.9651,61.9603],[-42.0048,61.9859],[-42.0044,62.0661],[-42.0605,62.144],[-42.159,62.1841],[-42.019,62.1974],[-41.9761,62.216],[-41.9429,62.2526],[-41.9742,62.3101],[-42.0564,62.3424],[-42.0088,62.4165],[-42.0152,62.4406],[-42.0536,62.4684],[-42.0008,62.491],[-41.9785,62.5282],[-42.0013,62.5599],[-42.0579,62.58],[-42.027,62.6146],[-41.9482,62.6493],[-41.7928,62.6841],[-41.7679,62.7004],[-41.7566,62.7336],[-41.6464,62.7498],[-41.6096,62.7739],[-41.6005,62.7985],[-41.5321,62.8086],[-41.4752,62.8369],[-41.3473,62.9396],[-41.34,62.9824],[-41.103,63.0844],[-41.0901,63.1025],[-41.0991,63.1421],[-41.0155,63.1674],[-40.9891,63.2119],[-40.8793,63.265],[-40.8637,63.3025],[-40.8803,63.3297],[-40.7764,63.3666],[-40.7406,63.4386],[-40.5595,63.5164],[-40.5377,63.5393],[-40.5386,63.5646],[-40.4589,63.6451],[-40.4011,63.6794],[-40.4092,63.7503],[-40.4623,63.793],[-40.4349,63.9144],[-40.4745,63.9517],[-40.4679,63.989],[-40.4335,64.025],[-40.417,64.0703],[-40.4342,64.1092],[-40.5202,64.167],[-40.4933,64.2038],[-40.5043,64.2379],[-40.3149,64.2459],[-40.1419,64.2724],[-40.0856,64.3204],[-40.099,64.3787],[-40.0284,64.4566],[-40.0442,64.5063],[-40.163,64.5769],[-40.1327,64.6012],[-40.132,64.6338],[-40.1828,64.6734],[-40.2497,64.6948],[-40.1639,64.762],[-40.1677,64.8103],[-40.2237,64.8521],[-40.3169,64.8733],[-40.2463,64.896],[-40.201,64.9289],[-40.0738,64.9129],[-39.9776,64.9237],[-39.7918,64.8993],[-39.604,64.974],[-39.5815,65.0048],[-39.6042,65.0494],[-39.5691,65.0936],[-39.4182,65.1182],[-39.3609,65.1527],[-39.3446,65.1948],[-39.2589,65.239],[-39.3012,65.349],[-39.3802,65.3891],[-39.4187,65.4348],[-39.2002,65.4071],[-38.9785,65.4515],[-38.8415,65.438],[-38.6287,65.4722],[-38.543,65.5114],[-38.3215,65.5332],[-38.218,65.5703],[-38.094,65.5835],[-38.0217,65.5563],[-37.9307,65.5545],[-37.834,65.5238],[-37.7269,65.5145],[-37.365,65.5596],[-37.3756,65.5186],[-37.3371,65.4857],[-37.0855,65.4422],[-36.9914,65.454],[-36.9426,65.4904],[-36.7757,65.5373],[-36.6901,65.5158],[-36.5937,65.5238],[-36.5459,65.5476],[-36.5367,65.5792],[-36.4935,65.5969],[-36.471,65.627],[-36.4922,65.6565],[-36.5559,65.6803],[-36.4485,65.7408],[-36.395,65.7076],[-36.329,65.6934],[-36.1676,65.6935],[-36.0644,65.7134],[-35.9991,65.7659],[-35.9936,65.787],[-36.0114,65.8097],[-35.9861,65.8629],[-35.8982,65.8823],[-35.755,65.9432],[-35.537,65.9848],[-35.4553,66.049],[-35.4371,66.1081],[-35.3356,66.1846],[-35.2861,66.1997],[-35.0952,66.1974],[-34.7817,66.2567],[-34.5928,66.3357],[-34.4534,66.4506],[-34.3436,66.4861],[-34.3115,66.5159],[-34.0868,66.5594],[-34.0628,66.5769],[-34.0436,66.6376],[-34.0026,66.672],[-33.8794,66.7076],[-33.7444,66.7738],[-33.7182,66.8063],[-33.73,66.8581],[-33.6795,66.8742],[-33.5548,66.8705],[-33.4904,66.8932],[-33.4768,66.9274],[-33.5268,66.9601],[-33.497,66.9819],[-33.4891,67.0108],[-33.3631,67.0307],[-33.3103,67.0806],[-33.3014,67.1154],[-33.3135,67.1522],[-33.0987,67.2309],[-33.1035,67.2757],[-33.2031,67.3322],[-33.1347,67.362],[-33.1243,67.3815],[-33.134,67.4028],[-33.0617,67.4547],[-33.0651,67.4891],[-33.12,67.5197],[-32.9892,67.5795],[-32.884,67.5741],[-32.776,67.5961],[-32.6905,67.5704],[-32.4783,67.5572],[-32.3423,67.5975],[-32.3143,67.6229],[-32.3228,67.6452],[-32.4174,67.6808],[-32.3382,67.7045],[-32.3022,67.734],[-32.1698,67.7429],[-32.097,67.8],[-31.9608,67.846],[-31.9479,67.8771],[-31.9731,67.9005],[-31.9305,67.9289],[-31.9232,68.0181],[-31.8784,68.093],[-31.6537,68.046],[-31.3743,68.058],[-31.118,68.0171],[-30.9353,68.0234],[-30.8221,68.044],[-30.4512,68.0446],[-30.3395,68.0784],[-30.1271,68.0815],[-29.9416,68.1336],[-29.737,68.1484],[-29.6344,68.2042],[-29.5401,68.1887],[-29.3621,68.1984],[-29.2669,68.2347],[-29.0863,68.2565],[-28.9844,68.307],[-28.8753,68.2993],[-28.7008,68.3383],[-28.5627,68.346],[-28.3993,68.4066],[-28.2499,68.4007],[-28.1498,68.4255],[-27.979,68.4325],[-27.9001,68.4606],[-27.7579,68.4457],[-27.6003,68.4588],[-27.534,68.4766],[-27.4922,68.5147],[-27.2143,68.5291],[-27.1132,68.5715],[-26.9643,68.594],[-26.911,68.6277],[-26.3917,68.6594],[-26.2486,68.7067],[-26.1947,68.7556],[-26.0317,68.7642],[-25.9646,68.7807],[-25.924,68.8085],[-25.6281,68.8423],[-25.5629,68.8764],[-25.5484,68.9127],[-25.4455,68.9313],[-25.3844,68.9657],[-25.1861,69.0006],[-25.1141,69.0516],[-24.9526,69.0796],[-24.8539,69.1887],[-24.7164,69.1879],[-24.52,69.2272],[-24.4797,69.265],[-24.5073,69.3051],[-24.3269,69.3198],[-24.2062,69.3781],[-24.083,69.3688],[-23.9966,69.3813],[-23.9531,69.4109],[-23.9162,69.4862],[-23.7192,69.4824],[-23.5354,69.542],[-23.4429,69.6073],[-23.2764,69.6059],[-23.1603,69.6299],[-23.0701,69.6773],[-23.1042,69.7298],[-22.9816,69.7205],[-22.8953,69.7329],[-22.8105,69.7742],[-22.7792,69.8007],[-22.7749,69.8243],[-22.7329,69.8484],[-22.5588,69.8836],[-22.4601,69.9332],[-22.2388,69.9628],[-22.1811,70.0014],[-22.0134,70.0588],[-21.9261,70.1398],[-21.9574,70.1768],[-22.0895,70.2032],[-22.2297,70.1969],[-22.3893,70.1544],[-22.6312,70.139],[-22.946,70.1358],[-23.4756,70.1605],[-23.8005,70.1929],[-24.4758,70.2926],[-25.2117,70.4549],[-25.446,70.4365],[-26.2701,70.2577],[-26.4099,70.2558],[-26.2039,70.3441],[-26.1888,70.3639],[-26.2006,70.3991],[-26.1007,70.4205],[-25.9799,70.4712],[-25.7329,70.54],[-25.2216,70.6134],[-25.1661,70.6334],[-25.1424,70.6533],[-25.1396,70.679],[-25.203,70.7847],[-25.1994,70.8197],[-25.2439,70.8579],[-25.2422,70.9187],[-25.3135,70.964],[-25.1932,70.9996],[-25.1858,71.0304],[-25.2366,71.0573],[-25.1292,71.1476],[-25.1977,71.1954],[-25.1339,71.2119],[-25.0796,71.2474],[-25.0093,71.2191],[-24.9317,71.2104],[-24.7477,71.2517],[-24.7098,71.1976],[-24.5543,71.1414],[-24.412,71.0632],[-24.3993,71.0321],[-24.3485,70.9928],[-24.35,70.8993],[-24.2934,70.7976],[-24.215,70.6892],[-24.1667,70.6526],[-23.9594,70.5654],[-23.7308,70.4941],[-23.4458,70.4324],[-23.184,70.3999],[-22.744,70.3917],[-22.6062,70.4069],[-22.4937,70.4432],[-22.3275,70.4173],[-22.1114,70.4355],[-22.0389,70.3843],[-21.9004,70.3741],[-21.5673,70.4152],[-21.4537,70.4694],[-21.3688,70.5372],[-21.384,70.5836],[-21.3647,70.6219],[-21.297,70.6395],[-21.2573,70.6721],[-21.2714,70.6912],[-21.3277,70.7101],[-21.3311,70.7329],[-21.3532,70.7468],[-21.5108,70.775],[-21.5511,70.8258],[-21.4895,70.8724],[-21.4945,70.8967],[-21.5201,70.9132],[-21.4936,70.9493],[-21.5744,70.9966],[-21.554,71.0338],[-21.5636,71.0659],[-21.6096,71.1056],[-21.5334,71.1865],[-21.5406,71.2125],[-21.4743,71.2684],[-21.4533,71.326],[-21.4637,71.3612],[-21.5239,71.4007],[-21.5274,71.4429],[-21.5523,71.4709],[-21.4887,71.5231],[-21.4851,71.5453],[-21.5329,71.5879],[-21.6188,71.6078],[-21.9082,71.5867],[-21.9096,71.6227],[-21.845,71.6433],[-21.7462,71.7079],[-21.7515,71.7442],[-21.7758,71.7655],[-21.8715,71.7898],[-22.2427,71.8123],[-22.3431,71.8607],[-22.3266,71.9088],[-22.4229,71.963],[-22.8412,72.0413],[-22.9958,72.1111],[-23.4727,72.1854],[-23.4795,72.2326],[-23.5423,72.2615],[-23.7952,72.3167],[-23.9624,72.3256],[-24.1783,72.3832],[-23.893,72.3942],[-23.3328,72.309],[-23.2191,72.2846],[-23.111,72.2186],[-22.9298,72.1652],[-22.4867,72.081],[-22.2009,72.0788],[-22.0144,72.1155],[-21.9467,72.1607],[-21.9792,72.2025],[-21.8597,72.2407],[-21.8352,72.2697],[-21.8785,72.3016],[-22.0286,72.3294],[-21.8047,72.3792],[-21.7655,72.4206],[-21.772,72.4577],[-21.8352,72.5112],[-22.1545,72.5857],[-22.2358,72.6334],[-22.0639,72.6556],[-21.8549,72.6385],[-21.7899,72.6049],[-21.6863,72.5923],[-21.5278,72.6205],[-21.5111,72.6398],[-21.5441,72.6723],[-21.7393,72.6921],[-21.7636,72.7448],[-21.8998,72.8036],[-21.7393,72.869],[-21.7133,72.9002],[-21.7208,72.9238],[-21.763,72.9547],[-21.8825,72.9917],[-21.928,73.029],[-22.2416,73.0861],[-22.2408,73.1158],[-22.2911,73.1403],[-22.5655,73.1756],[-22.6936,73.1758],[-23.0633,73.2814],[-22.8732,73.2815],[-22.5182,73.2121],[-22.2526,73.201],[-22.0611,73.2255],[-21.8763,73.2971],[-21.4843,73.355],[-21.408,73.3881],[-21.3858,73.4195],[-21.104,73.4018],[-20.8087,73.414],[-20.5904,73.3939],[-20.4214,73.4124],[-20.2352,73.4867],[-20.2107,73.5313],[-20.2536,73.5598],[-20.1598,73.6029],[-20.1928,73.6336],[-20.3001,73.6532],[-20.3553,73.7033],[-20.2823,73.7411],[-20.2159,73.7509],[-20.0631,73.725],[-19.9215,73.7437],[-19.8879,73.7695],[-19.9209,73.7999],[-20.1698,73.8349],[-19.9242,73.8596],[-19.8615,73.8888],[-19.8537,73.9108],[-20.0086,73.9682],[-20.1365,73.9865],[-20.3157,73.9722],[-20.4156,73.9392],[-20.5926,73.9313],[-20.8436,73.9679],[-20.7202,73.9913],[-20.6527,74.0268],[-20.6404,74.0617],[-20.6542,74.0834],[-20.129,74.1209],[-19.9819,74.1575],[-19.9312,74.1859],[-19.9201,74.2118],[-19.5225,74.1945],[-19.2612,74.235],[-19.0312,74.3217],[-18.9787,74.3836],[-18.8281,74.4568],[-18.6137,74.4863],[-18.5767,74.5147],[-18.5629,74.5477],[-18.5727,74.5885],[-18.3347,74.5715],[-18.2186,74.5917],[-18.1596,74.6274],[-18.1548,74.6402],[-18.1787,74.6645],[-18.0936,74.7031],[-18.0889,74.7157],[-18.1128,74.7365],[-18.2162,74.7566],[-18.5673,74.7701],[-18.6901,74.7582],[-18.7764,74.7217],[-19.1283,74.6809],[-19.2055,74.7072],[-19.3989,74.7303],[-19.5538,74.7154],[-19.7848,74.654],[-19.8845,74.6623],[-19.9417,74.6808],[-19.6477,74.807],[-19.5792,74.8535],[-19.5878,74.8799],[-19.6596,74.911],[-19.8404,74.9446],[-19.8044,74.9701],[-19.8042,74.9962],[-19.8762,75.0319],[-20.1952,75.0756],[-20.5588,75.0865],[-20.3823,75.1173],[-20.3383,75.1484],[-20.3927,75.1964],[-20.5163,75.2496],[-20.2014,75.3005],[-20.1832,75.267],[-20.2127,75.2032],[-20.0932,75.1354],[-19.931,75.1045],[-19.7299,75.089],[-19.4985,75.1016],[-19.261,75.1943],[-19.2402,75.2622],[-19.1951,75.2825],[-19.1464,75.3329],[-19.1123,75.4093],[-19.1587,75.51],[-19.1601,75.5453],[-19.2647,75.616],[-19.2948,75.6592],[-19.1595,75.6957],[-19.137,75.7155],[-19.1409,75.7304],[-19.2084,75.7642],[-19.355,75.7861],[-19.5709,75.9111],[-19.7327,75.9496],[-19.6076,76.0152],[-19.5637,76.0583],[-19.5487,76.1181],[-19.5607,76.1444],[-19.6671,76.2123],[-19.6739,76.2491],[-19.7048,76.2656],[-20.0649,76.3136],[-19.9592,76.3666],[-19.9568,76.3894],[-19.9777,76.4033],[-19.9497,76.4258],[-19.954,76.4397],[-20.0233,76.4674],[-20.0084,76.4951],[-20.0516,76.5279],[-20.3084,76.601],[-20.1405,76.6231],[-20.061,76.6656],[-19.7941,76.6263],[-19.5675,76.6257],[-19.4896,76.6447],[-19.3769,76.7269],[-19.2936,76.6223],[-19.2404,76.5992],[-19.3019,76.5646],[-19.3487,76.5153],[-19.3486,76.476],[-19.2269,76.4133],[-19.1233,76.3235],[-19.0446,76.2814],[-19.0203,76.236],[-18.9011,76.1366],[-18.8432,76.0627],[-18.7047,75.9659],[-18.6758,75.9198],[-18.6029,75.8932],[-18.4775,75.8836],[-18.3553,75.8953],[-18.2895,75.9197],[-18.2369,75.9956],[-18.2539,76.0459],[-18.2824,76.0625],[-18.2785,76.1026],[-18.3143,76.1521],[-18.3558,76.1728],[-18.3583,76.2229],[-18.3934,76.289],[-18.4642,76.3299],[-18.5025,76.3844],[-18.4962,76.4406],[-18.5093,76.4661],[-18.5494,76.4858],[-18.5485,76.5001],[-18.5294,76.5222],[-18.5288,76.5604],[-18.3937,76.5862],[-18.3732,76.6032],[-18.3918,76.6398],[-18.2514,76.7101],[-18.1958,76.7742],[-18.0625,76.8211],[-18.0596,76.8499],[-18.0268,76.8742],[-18.0019,76.9236],[-18.0187,76.9678],[-17.9746,77.0138],[-17.989,77.0628],[-17.9787,77.0893],[-18.0002,77.1098],[-17.9804,77.1586],[-17.9957,77.1974],[-18.0347,77.2209],[-18.0744,77.2792],[-18.1282,77.3095],[-18.3009,77.3412],[-18.4406,77.3481],[-18.596,77.3339],[-18.8527,77.382],[-18.9927,77.3889],[-19.2114,77.3688],[-19.2983,77.3173],[-19.5942,77.3839],[-19.3104,77.4144],[-19.2773,77.4391],[-19.3301,77.4853],[-19.0379,77.4842],[-18.7306,77.5296],[-18.6599,77.5558],[-18.6622,77.5893],[-18.7194,77.6303],[-18.8696,77.6946],[-18.8261,77.7288],[-18.8217,77.7538],[-18.8659,77.8048],[-18.4671,77.8707],[-18.4127,77.8928],[-18.4038,77.9138],[-18.2767,77.9338],[-18.2309,77.9615],[-18.2915,77.9972],[-18.4981,78.0331],[-18.3166,78.0769],[-18.3342,78.1096],[-18.4745,78.1383],[-18.2943,78.1847],[-18.2721,78.2037],[-18.2797,78.2178],[-18.3913,78.2478],[-18.592,78.2535],[-18.747,78.2912],[-18.7475,78.3059],[-18.6126,78.3643],[-18.6703,78.4163],[-18.6153,78.4428],[-18.3516,78.4278],[-18.1735,78.455],[-18.1512,78.4735],[-18.1534,78.501],[-18.2397,78.5428],[-18.1491,78.5726],[-18.1079,78.6256],[-18.0213,78.6738],[-17.7206,78.7406],[-17.7167,78.7983],[-17.7943,78.8359],[-17.7096,78.8686],[-17.7112,78.8908],[-17.7433,78.9064],[-17.6486,78.9347],[-17.6291,78.9655],[-17.4072,79.0181],[-17.347,79.0595],[-17.341,79.0832],[-17.3761,79.1387],[-17.3766,79.1783],[-17.4387,79.2021],[-17.713,79.2281],[-17.9833,79.2062],[-18.117,79.1634],[-18.3616,79.0248],[-18.3578,78.9909],[-18.3293,78.9713],[-18.3413,78.9198],[-18.2907,78.8977],[-18.3465,78.8532],[-18.5368,78.8131],[-18.5802,78.7776],[-18.5614,78.7163],[-18.8664,78.6175],[-19.0016,78.5528],[-19.0045,78.5286],[-19.1867,78.5094],[-19.2921,78.4801],[-19.3261,78.4473],[-19.6848,78.4604],[-19.9314,78.4377],[-19.974,78.4108],[-19.9118,78.3523],[-19.9401,78.3154],[-20.0727,78.2809],[-20.0707,78.2131],[-20.1352,78.2105],[-20.2699,78.2549],[-20.5976,78.2963],[-20.7632,78.2957],[-20.9929,78.2691],[-20.9107,78.3458],[-20.8958,78.3859],[-20.7829,78.4866],[-20.6581,78.5509],[-20.6564,78.5743],[-20.6837,78.6088],[-20.7431,78.6356],[-20.4916,78.7116],[-20.4328,78.7584],[-20.4455,78.7807],[-20.5242,78.8147],[-20.5015,78.8363],[-20.5237,78.8706],[-20.5938,78.8935],[-20.5687,78.9544],[-20.136,78.9599],[-19.9748,78.9776],[-19.8125,79.0189],[-19.3973,79.0408],[-19.4603,78.9872],[-19.5695,78.9572],[-19.6038,78.9218],[-19.9376,78.8025],[-19.9821,78.7752],[-19.9988,78.7464],[-19.9893,78.7207],[-19.7094,78.6519],[-19.5547,78.6312],[-19.2627,78.6303],[-19.054,78.6573],[-18.8873,78.7179],[-18.9112,78.7411],[-18.8955,78.7902],[-18.9217,78.814],[-18.8928,78.8424],[-18.9368,78.8713],[-18.9148,78.8907],[-18.9224,78.904],[-18.9797,78.9266],[-18.8928,78.9619],[-18.8984,78.9855],[-18.9541,79.027],[-19.0847,79.0566],[-18.8357,79.1337],[-18.8373,79.1554],[-18.8891,79.1886],[-18.7148,79.2381],[-18.6995,79.2611],[-18.7182,79.279],[-18.646,79.3052],[-18.429,79.3303],[-18.388,79.3453],[-18.3727,79.3681],[-18.4331,79.3983],[-18.5726,79.4205],[-18.8539,79.423],[-19.0421,79.399],[-19.4067,79.4486],[-19.1591,79.5097],[-19.1361,79.5468],[-19.1826,79.5735],[-19.0076,79.6859],[-18.7901,79.6786],[-18.2928,79.6283],[-17.7612,79.6626],[-17.4669,79.7294],[-17.2808,79.834],[-17.1483,79.8685],[-17.0308,79.9366],[-16.8795,79.983],[-16.8766,80.0158],[-16.9142,80.037],[-17.1866,80.1125],[-16.7016,80.1196],[-16.3558,80.1573],[-16.1061,80.2],[-15.7934,80.3068],[-15.4744,80.3637],[-15.3717,80.4021],[-15.402,80.4306],[-15.5913,80.4808],[-16.3014,80.5412],[-16.2251,80.5633],[-15.3233,80.5726],[-15.14,80.603],[-15.0353,80.6587],[-14.9626,80.6784],[-14.2953,80.6961],[-13.943,80.7326],[-13.8197,80.7641],[-13.7876,80.797],[-13.8362,80.8341],[-14.0295,80.8765],[-14.1083,80.9357],[-13.7069,80.9124],[-13.1945,80.9385],[-13.0082,80.9845],[-12.7937,81.0149],[-12.6659,81.0576],[-12.2979,81.0843],[-12.0402,81.1551],[-11.3728,81.2396],[-11.0081,81.3301],[-10.9791,81.3415],[-10.9691,81.3643],[-11.0643,81.3958],[-11.2483,81.4137],[-11.2935,81.4405],[-11.2737,81.4615],[-11.2767,81.4864],[-11.311,81.509],[-11.5078,81.5685],[-11.849,81.6097],[-12.261,81.6819],[-12.7442,81.7254],[-12.9603,81.7673],[-13.5808,81.8069],[-14.1481,81.7952],[-14.4694,81.8518],[-15.2492,81.8699],[-15.5643,81.9092],[-15.9044,81.909],[-16.1874,81.8853],[-16.8374,81.7289],[-16.9703,81.6566],[-17.0357,81.6569],[-17.3038,81.7399],[-17.4043,81.7563],[-17.7885,81.7822],[-18.1404,81.7769],[-18.1347,81.8006],[-18.1751,81.8239],[-18.1871,81.8575],[-18.2579,81.9234],[-18.7004,82.0794],[-18.7616,82.1279],[-18.907,82.1633],[-19.1783,82.1847],[-19.4661,82.1766],[-19.7937,82.1406],[-19.954,82.099],[-20.0045,82.0552],[-19.9728,82.0035],[-19.9346,81.984],[-19.7159,81.9161],[-19.4641,81.813],[-19.3401,81.783],[-19.0735,81.7521],[-18.5451,81.7365],[-18.5787,81.7034],[-18.4257,81.6181],[-18.7625,81.6579],[-19.0309,81.6654],[-19.5011,81.759],[-19.7292,81.7675],[-19.9943,81.7554],[-20.2244,81.7221],[-20.3812,81.6726],[-20.3875,81.6506],[-20.3248,81.6246],[-20.4307,81.5959],[-20.4412,81.5849],[-20.4312,81.538],[-20.4938,81.5172],[-20.4952,81.4871],[-21.0291,81.4026],[-20.897,81.4647],[-20.7049,81.6293],[-20.7026,81.6724],[-20.65,81.7045],[-20.6396,81.7427],[-20.5962,81.7715],[-20.6381,81.81],[-20.601,81.8647],[-20.6436,81.9489],[-20.7885,82.004],[-20.871,82.0618],[-21.0226,82.0935],[-21.23,82.1074],[-22.495,82.0978],[-23.404,82.0476],[-23.6057,82.0055],[-23.6088,81.9811],[-23.6788,81.938],[-23.668,81.9153],[-23.7287,81.8738],[-23.7246,81.8516],[-23.6782,81.8283],[-23.9165,81.8219],[-24.1657,81.7943],[-24.1774,81.8703],[-24.2192,81.8966],[-24.2312,81.9351],[-24.1627,81.9679],[-24.1497,81.9957],[-24.2044,82.0218],[-24.3257,82.0427],[-24.7985,82.0635],[-26.6611,82.0855],[-28.7924,82.0511],[-31.5665,81.8682],[-30.932,81.9309],[-30.7672,81.9621],[-29.8306,82.0442],[-29.523,82.0905],[-29.1248,82.0927],[-28.3118,82.1319],[-27.2681,82.1417],[-25.5497,82.1015],[-24.4921,82.0964],[-23.8813,82.1263],[-23.4849,82.1617],[-23.1381,82.2142],[-22.8323,82.2319],[-21.7072,82.2388],[-20.8914,82.3132],[-20.6428,82.3689],[-20.6207,82.3825],[-20.6198,82.4166],[-20.2478,82.4361],[-19.8915,82.4979],[-19.6263,82.5202],[-19.5002,82.5505],[-19.4418,82.595],[-19.4998,82.6301],[-19.6561,82.6621],[-20.9607,82.8747],[-21.5841,82.8949],[-21.8368,82.9388],[-22.4217,82.9718],[-22.5915,83.0047],[-22.9474,83.0302],[-23.6832,83.0343],[-23.66,83.0561],[-23.683,83.0899],[-23.9625,83.1585],[-23.9184,83.1759],[-23.9031,83.2004],[-23.9133,83.2109],[-24.0219,83.236],[-24.0636,83.2606],[-24.2201,83.2843],[-24.7717,83.3079],[-25.5681,83.2702],[-25.0927,83.3551],[-24.9798,83.3934],[-25.0688,83.4299],[-25.3525,83.4688],[-26.1303,83.539],[-26.9761,83.5925],[-27.5695,83.614],[-28.7021,83.6217],[-29.1048,83.6502],[-29.6655,83.6476],[-30.1913,83.6794],[-30.3875,83.7067],[-30.6521,83.7147],[-31.6124,83.7007],[-31.9412,83.67],[-33.2412,83.7089],[-33.9598,83.7067],[-34.9767,83.6637],[-35.519,83.6785],[-36.1088,83.6525],[-37.0382,83.6492],[-37.9027,83.6042],[-38.1607,83.5737],[-38.5668,83.5941],[-38.9016,83.5894],[-39.2253,83.5596],[-39.4592,83.5068],[-40.0084,83.4896],[-40.2583,83.4586],[-40.6356,83.4478],[-40.8829,83.4073],[-41.1374,83.3889],[-41.4965,83.3955],[-41.8597,83.3652],[-42.6097,83.3601],[-42.9956,83.3242],[-43.1249,83.2916],[-43.8461,83.2891],[-44.4554,83.2657],[-45.2495,83.2172],[-45.3718,83.1955],[-45.406,83.17],[-46.483,83.1413],[-46.7572,83.0961],[-47.5577,83.0432],[-47.8614,82.9863],[-48.0717,82.9665],[-48.1884,82.9332],[-48.4538,82.9111],[-48.5667,82.8675],[-49.1742,82.8811],[-49.4329,82.8506],[-49.8218,82.8363],[-49.9809,82.8001],[-49.946,82.7786],[-49.8352,82.7615],[-49.5131,82.7523],[-49.4433,82.7182],[-49.3186,82.6955],[-48.9352,82.6714],[-47.9673,82.6753],[-47.7762,82.7014],[-47.7542,82.7145],[-47.7685,82.7426],[-47.2714,82.7271],[-46.8127,82.7352],[-46.855,82.6993],[-46.6733,82.6404],[-47.4683,82.6554],[-48.4764,82.62],[-48.7042,82.5998],[-48.7654,82.5829],[-48.7806,82.5631],[-48.7428,82.5353],[-48.5295,82.4833],[-48.2514,82.3853],[-48.1459,82.3316],[-48.124,82.2793],[-47.9942,82.2388],[-47.4248,82.1414],[-46.5114,82.0215],[-46.4774,81.9792],[-46.3791,81.931],[-46.2297,81.8893],[-46.2137,81.8673],[-46.0626,81.7924],[-45.6745,81.6681],[-45.8014,81.6778],[-45.9831,81.7465],[-46.5395,81.8563],[-46.6291,81.919],[-46.9417,82.0062],[-48.0774,82.1289],[-48.5622,82.2285],[-48.9801,82.269],[-48.6424,82.3002],[-48.5021,82.3632],[-48.4729,82.3933],[-48.5292,82.4206],[-48.7462,82.4676],[-49.2544,82.5137],[-49.5455,82.5229],[-49.8328,82.5131],[-50.0408,82.4775],[-50.3276,82.4967],[-51.2855,82.515],[-51.9682,82.4974],[-52.1549,82.459],[-52.1615,82.4362],[-52.1409,82.4226],[-52.1825,82.373],[-52.1377,82.3486],[-51.8776,82.2887],[-52.3086,82.2959],[-52.5862,82.2655],[-52.8973,82.2883],[-53.2827,82.2822],[-53.6198,82.3358],[-53.8823,82.3472],[-54.2161,82.3265],[-54.4638,82.2706],[-54.6009,82.3132],[-55.0001,82.3761],[-55.3336,82.3843],[-55.7393,82.3657],[-57.2083,82.2625],[-59.5488,82.1452],[-60.4895,82.0304],[-60.6383,81.9966],[-60.6596,81.9815],[-60.6586,81.9618],[-61.0676,81.9475],[-61.9836,81.8385],[-62.1738,81.8011],[-62.3542,81.74],[-62.2836,81.6963],[-62.2963,81.6787],[-62.2856,81.6686],[-61.9506,81.5709],[-61.9557,81.5416],[-61.9347,81.5264],[-61.7265,81.4918],[-62.0121,81.4092],[-62.152,81.3855],[-62.2786,81.3352],[-62.2881,81.302],[-61.783,81.1337],[-61.2543,80.9979],[-61.4616,80.9835],[-61.599,81.0435],[-61.8077,81.1021],[-62.5552,81.2236],[-62.8031,81.2353],[-63.0502,81.2212],[-63.2152,81.2396],[-63.2466,81.2707],[-63.3657,81.293],[-63.7366,81.2928],[-63.8636,81.2613],[-63.8501,81.2374],[-63.7821,81.2176],[-63.9802,81.1758],[-64.3792,81.1353],[-64.498,81.1024],[-64.5234,81.0675],[-64.6403,81.048],[-65.1826,80.9919],[-65.2451,80.9727],[-65.2595,80.9381],[-65.4675,80.8992],[-65.4966,80.8748],[-65.4619,80.8349],[-65.5324,80.8037],[-65.9548,80.7536],[-66.1299,80.7134],[-66.4274,80.6739],[-66.8002,80.7222],[-67.0263,80.7228],[-67.22,80.7016],[-67.2666,80.6809],[-67.2667,80.6598],[-67.2394,80.6385],[-67.0107,80.5588],[-67.2927,80.5561],[-67.5364,80.5289],[-67.5784,80.5083],[-67.5785,80.4898],[-67.4715,80.4586],[-67.3034,80.4401],[-67.6925,80.3762],[-67.7653,80.3402],[-67.7309,80.3038],[-67.7527,80.2683],[-67.7247,80.2332],[-67.761,80.1988],[-67.7503,80.1796],[-67.6116,80.1342],[-67.3938,80.1144],[-67.3273,80.0566],[-67.2325,80.0253],[-66.9711,80.0074],[-66.4161,80.0288],[-66.285,79.9872],[-66.0292,79.9633],[-65.7577,79.9658],[-65.3452,80.0019],[-65.2706,79.9698],[-65.1192,79.9452],[-64.761,79.93],[-64.7039,79.8953],[-64.8523,79.846],[-64.8635,79.8262],[-64.8317,79.8008],[-64.7057,79.7578],[-64.4902,79.7405],[-64.447,79.7071],[-64.4616,79.6839],[-64.6635,79.6369],[-64.8832,79.5438],[-65.2183,79.4626],[-65.331,79.4026],[-65.5666,79.3635],[-65.8704,79.2669],[-66.129,79.2448],[-66.2937,79.2073],[-66.7156,79.2195],[-67.0161,79.1992],[-67.3565,79.1995],[-67.5736,79.1861],[-67.8847,79.129],[-68.1558,79.1314],[-68.4964,79.1085],[-69.2618,78.9721],[-69.3437,78.9321],[-69.353,78.9084],[-69.335,78.8948],[-69.3706,78.8784],[-69.3796,78.8571],[-70.0655,78.8212],[-70.2105,78.7805],[-70.7347,78.7315],[-70.95,78.6722],[-71.1673,78.6812],[-71.4896,78.6629],[-71.6792,78.6415],[-71.8401,78.5984],[-72.1906,78.5921],[-72.4715,78.5687],[-72.6539,78.5287],[-72.6695,78.5014],[-72.7628,78.4762],[-72.8106,78.4219],[-73.0099,78.4053],[-73.1125,78.3706],[-73.0989,78.3503],[-73.0544,78.3357],[-73.0131,78.2863],[-73.0608,78.2647],[-73.0518,78.2211],[-73.2366,78.1817],[-73.2477,78.1604],[-73.231,78.1419],[-72.7136,78.0214],[-72.5458,78.0047],[-72.4646,77.964],[-72.4692,77.9405],[-72.4564,77.9312],[-72.4068,77.9151],[-72.1993,77.8922],[-72.0199,77.8508],[-71.827,77.8459],[-71.6593,77.8131],[-71.6259,77.7796],[-71.5523,77.7554],[-71.2193,77.7212],[-70.9125,77.7214],[-70.8736,77.6812],[-70.8165,77.66],[-70.4538,77.6209],[-70.5065,77.5839],[-70.5081,77.5635],[-70.4182,77.5338],[-69.8964,77.4898],[-69.3927,77.4181],[-69.0631,77.4114],[-68.4888,77.4681],[-68.3611,77.4565],[-67.5096,77.4759],[-67.2322,77.5059],[-66.9891,77.5536],[-66.8903,77.5465],[-66.9589,77.5154],[-66.9521,77.4884],[-66.8092,77.4449],[-66.86,77.4203],[-67.0674,77.4472],[-68.3981,77.429],[-68.6545,77.4023],[-68.8389,77.3626],[-69.1868,77.3316],[-69.2982,77.3072],[-69.345,77.2744],[-70.2575,77.2971],[-70.9124,77.2483],[-71.3734,77.1653],[-71.4101,77.1466],[-71.4347,77.1102],[-71.5117,77.0811],[-71.5134,77.0598],[-71.5549,77.0251],[-71.5497,76.9987],[-71.4818,76.9704],[-71.1418,76.894],[-71.0772,76.8546],[-70.7429,76.7644],[-70.4635,76.7529],[-70.2939,76.7204],[-70.0766,76.7346],[-69.4583,76.6641],[-70.0984,76.6277],[-70.2396,76.5792],[-70.2396,76.5567],[-70.2039,76.5363],[-70.3939,76.5028],[-70.432,76.4689],[-70.3793,76.4163],[-70.2046,76.3701],[-69.9722,76.35],[-69.8042,76.3615],[-69.7354,76.3333],[-69.4712,76.2753],[-69.1431,76.2349],[-69.1269,76.1991],[-68.8669,76.1168],[-68.8982,76.0803],[-68.8924,76.0661],[-68.8349,76.0429],[-67.4455,75.9694],[-66.8892,75.9157],[-66.5797,75.8639],[-66.4003,75.8576],[-66.2514,75.8794],[-66.1985,75.9084],[-66.2591,75.9531],[-66.4848,76.0351],[-66.2608,76.047],[-66.1923,76.015],[-66.0431,75.989],[-65.7295,75.9722],[-65.3533,75.977],[-65.2176,75.929],[-64.9524,75.9174],[-64.8236,75.9422],[-64.7977,75.9713],[-64.814,75.9958],[-64.7137,76.0392],[-64.7047,76.0666],[-64.5009,76.0796],[-64.3088,76.1349],[-64.2452,76.0614],[-64.1938,76.0305],[-64.0448,76.0082],[-63.9151,76.0109],[-63.8304,76.0287],[-63.7756,76.0658],[-63.6367,76.087],[-63.5063,76.1298],[-63.468,76.1625],[-63.4734,76.1856],[-63.37,76.2381],[-63.0405,76.2522],[-62.9352,76.1872],[-62.9104,76.1478],[-62.8782,76.1316],[-62.6134,76.1041],[-62.6165,76.0694],[-62.5646,76.039],[-62.3913,76.0003],[-61.9529,76.0045],[-61.6844,75.9712],[-61.5561,75.9891],[-61.4882,76.03],[-61.3243,76.0046],[-61.3256,75.9739],[-61.304,75.9569],[-61.3808,75.9366],[-61.4067,75.9056],[-61.345,75.877],[-61.2251,75.8646],[-61.059,75.8829],[-61.0184,75.9084],[-61.0456,75.9411],[-60.7735,75.9933],[-60.6208,75.9782],[-60.3104,75.9891],[-60.2497,75.9327],[-60.0726,75.9098],[-60.0821,75.8737],[-60.3002,75.8244],[-60.3646,75.7859],[-60.3259,75.7552],[-60.271,75.7422],[-60.0192,75.7482],[-59.8326,75.7163],[-59.6126,75.7355],[-59.5009,75.7146],[-59.4333,75.6827],[-59.2856,75.6659],[-58.9092,75.6992],[-58.7697,75.6789],[-58.7302,75.6517],[-58.8103,75.5967],[-58.8838,75.572],[-58.8936,75.5488],[-58.8647,75.5248],[-58.9732,75.486],[-58.954,75.4572],[-58.9054,75.4422],[-58.6966,75.4244],[-58.8099,75.3735],[-58.8044,75.3309],[-58.7075,75.3059],[-58.5431,75.2948],[-58.3431,75.2415],[-58.2185,75.2416],[-58.0856,75.2734],[-58.0216,75.2407],[-58.0085,75.219],[-58.0495,75.1929],[-58.0416,75.1592],[-58.368,75.1087],[-58.4542,75.1485],[-58.6309,75.1563],[-58.7284,75.1363],[-58.75,75.1105],[-58.6504,75.0765],[-58.441,75.0739],[-58.4603,75.0331],[-58.423,75.0135],[-58.2119,74.9967],[-58.1032,74.9701],[-58.0713,74.947],[-58.2086,74.9398],[-58.2868,74.919],[-58.3012,74.8982],[-58.2678,74.8726],[-58.3196,74.8376],[-58.2961,74.8096],[-58.2097,74.7904],[-58.1627,74.7619],[-57.965,74.7391],[-57.9973,74.7131],[-58.0986,74.6886],[-58.1172,74.6573],[-58.107,74.645],[-57.9663,74.6106],[-57.9649,74.5831],[-57.878,74.546],[-57.6499,74.5307],[-57.686,74.4893],[-57.6467,74.4622],[-57.4943,74.4337],[-57.4925,74.4072],[-57.4239,74.3772],[-57.1892,74.3552],[-57.1425,74.3065],[-57.0515,74.2836],[-57.1401,74.2552],[-57.1535,74.2251],[-57.4056,74.1539],[-57.4636,74.1001],[-57.4324,74.0704],[-57.3688,74.0518],[-57.1579,74.052],[-57.1602,74.0104],[-57.1183,73.9848],[-56.9448,73.9572],[-57.0094,73.9213],[-56.9861,73.8905],[-57.021,73.8573],[-57.1304,73.8297],[-57.1396,73.7987],[-57.0594,73.7688],[-56.9274,73.7602],[-56.7991,73.7314],[-57.0303,73.7052],[-57.1872,73.6594],[-57.2141,73.6426],[-57.2124,73.6203],[-57.0555,73.5798],[-57.0491,73.5432],[-57.0105,73.5235],[-56.835,73.4957],[-56.8776,73.4628],[-56.8682,73.4404],[-56.7089,73.4042],[-56.7682,73.3755],[-56.7666,73.3435],[-56.662,73.3137],[-56.6647,73.2797],[-56.6228,73.234],[-56.5449,73.2134],[-56.5076,73.1655],[-56.3294,73.0921],[-56.3585,73.0723],[-56.3609,73.0419],[-56.519,73.0344],[-56.604,72.9918],[-56.7004,72.9849],[-56.7902,72.9579],[-56.7969,72.9342],[-56.7745,72.9167],[-56.6078,72.8929],[-56.522,72.8499],[-56.698,72.827],[-56.7542,72.8018],[-56.7772,72.7727],[-56.7715,72.7587],[-56.6121,72.7068],[-56.4576,72.6985],[-56.4711,72.6755],[-56.459,72.6447],[-56.4016,72.6223],[-56.2919,72.6113],[-56.2126,72.5672],[-56.2188,72.5405],[-56.1963,72.5227],[-56.1012,72.492],[-55.9763,72.4839],[-55.9695,72.4532],[-55.8915,72.4097],[-55.6857,72.3562],[-55.9351,72.3627],[-56.0485,72.3458],[-56.0852,72.3238],[-56.0844,72.2985],[-56.1139,72.2654],[-56.0941,72.2029],[-56.1965,72.1621],[-56.1816,72.1223],[-56.1033,72.0941],[-56.1048,72.0693],[-56.0632,72.0433],[-55.958,72.0212],[-55.7602,72.0229],[-55.7427,71.968],[-55.8977,71.9253],[-55.9313,71.8927],[-55.9097,71.8556],[-55.7927,71.8048],[-56.0039,71.7215],[-56.0332,71.6942],[-56.0264,71.6648],[-55.9405,71.6341],[-55.8283,71.6245],[-55.7828,71.5544],[-55.658,71.4411],[-55.3592,71.3466],[-55.0361,71.3474],[-54.9198,71.3167],[-54.7308,71.3035],[-54.517,71.3252],[-54.323,71.3191],[-54.0857,71.3619],[-53.9631,71.3252],[-53.7889,71.2998],[-53.9621,71.2421],[-54.0553,71.1808],[-54.1063,71.1218],[-54.0915,71.0971],[-53.9883,71.0618],[-53.7273,71.0017],[-53.6225,70.9934],[-53.4711,71.0096],[-53.3393,71.0479],[-53.2939,71.0977],[-53.3292,71.1592],[-53.4759,71.2655],[-53.5174,71.3176],[-53.5823,71.3425],[-53.6703,71.349],[-53.6987,71.3904],[-53.7779,71.415],[-53.7087,71.4841],[-53.6802,71.5741],[-53.5318,71.5221],[-53.3169,71.5039],[-53.3359,71.4736],[-53.3321,71.4412],[-53.2869,71.4117],[-53.3006,71.3741],[-53.3427,71.3386],[-53.3383,71.3183],[-53.2707,71.2869],[-53.2561,71.2354],[-53.2085,71.1914],[-53.0558,71.1321],[-52.9764,71.12],[-52.7979,71.1338],[-52.3454,71.1177],[-52.2338,71.0651],[-52.3289,71.0455],[-52.3934,71.0143],[-52.3969,70.9912],[-52.3792,70.9768],[-52.4324,70.9336],[-52.424,70.9094],[-52.3658,70.8906],[-52.2818,70.8888],[-52.119,70.8389],[-51.8551,70.8241],[-51.8455,70.7716],[-52.0142,70.7455],[-52.201,70.7669],[-52.2999,70.7307],[-52.3469,70.6968],[-52.6004,70.7669],[-52.8873,70.8008],[-53.1133,70.8123],[-53.3943,70.7883],[-53.6755,70.8256],[-53.8029,70.8234],[-53.9171,70.8599],[-54.1227,70.8681],[-54.3403,70.8317],[-54.6563,70.7453],[-54.6982,70.7155],[-54.6882,70.6887],[-54.7269,70.6442],[-54.4429,70.5637],[-54.3084,70.5054],[-54.3055,70.4818],[-54.2449,70.445],[-53.9772,70.3569],[-53.2255,70.3057],[-52.7979,70.216],[-52.593,70.1242],[-52.4583,70.044],[-52.3793,70.0197],[-52.1342,70.0042],[-51.9896,69.9736],[-51.679,69.9728],[-51.5714,69.9376],[-51.5623,69.9091],[-51.4904,69.8721],[-51.4875,69.8477],[-51.4068,69.8077],[-51.4856,69.7407],[-51.4959,69.7077],[-51.4125,69.6374],[-51.4024,69.591],[-51.3341,69.5142],[-51.1876,69.4719],[-51.017,69.4809],[-51.0284,69.399],[-51.1222,69.3572],[-51.1233,69.2895],[-51.2109,69.2556],[-51.25,69.2147],[-51.2406,69.1817],[-51.1898,69.161],[-51.2121,69.1318],[-51.2075,69.1092],[-51.2886,69.0536],[-51.2861,69.0238],[-51.3365,68.9928],[-51.3025,68.9525],[-51.4032,68.9068],[-51.4119,68.885],[-51.3941,68.858],[-51.4618,68.8079],[-51.4395,68.773],[-51.3386,68.7387],[-51.5595,68.7147],[-51.5996,68.687],[-51.5996,68.6423],[-51.8223,68.6781],[-51.8159,68.7101],[-51.8339,68.7262],[-51.9664,68.7603],[-52.5539,68.8221],[-52.9906,68.8236],[-52.9471,68.8707],[-52.9902,68.9086],[-53.2327,68.9239],[-53.1707,68.9627],[-53.1559,68.9995],[-53.2156,69.0566],[-53.3402,69.0951],[-53.5014,69.1141],[-53.5831,69.107],[-53.643,69.0796],[-53.6517,69.058],[-53.5856,69.0168],[-53.5675,68.9574],[-53.5047,68.9372],[-53.3529,68.9235],[-53.5219,68.8878],[-53.5418,68.8583],[-53.5214,68.838],[-53.3939,68.819],[-53.2793,68.8515],[-53.1739,68.8082],[-53.2298,68.7741],[-53.2507,68.7341],[-53.2359,68.715],[-53.3111,68.6373],[-53.4624,68.6773],[-53.579,68.6706],[-53.6705,68.6408],[-53.6792,68.6187],[-53.6413,68.5877],[-53.7063,68.5452],[-53.7176,68.5033],[-53.6938,68.4771],[-53.7474,68.4535],[-53.7512,68.4197],[-53.8079,68.3732],[-53.7898,68.3355],[-53.8805,68.2934],[-53.8803,68.2664],[-53.8231,68.2374],[-53.8714,68.1809],[-53.8638,68.1558],[-53.8198,68.1262],[-53.9154,68.113],[-53.9686,68.0834],[-53.9668,68.0483],[-53.913,68.0141],[-53.9684,67.9845],[-53.9964,67.9047],[-53.9604,67.8694],[-53.9823,67.849],[-53.9792,67.8259],[-53.8954,67.7885],[-53.9182,67.7105],[-53.905,67.6334],[-53.874,67.6116],[-53.8972,67.5897],[-53.8968,67.5548],[-53.8654,67.5066],[-53.8976,67.4776],[-53.8872,67.4505],[-53.9313,67.425],[-54.0455,67.2645],[-54.0453,67.2108],[-54.0197,67.1858],[-54.0325,67.14],[-54.0716,67.1122],[-54.0832,67.0709],[-54.1481,67.0503],[-54.1687,67.023],[-54.1202,66.9742],[-53.9784,66.9633],[-53.8867,66.8975],[-53.7956,66.8669],[-53.756,66.8155],[-53.6428,66.7742],[-53.7726,66.7586],[-53.8282,66.7171],[-53.792,66.6772],[-53.7402,66.6587],[-53.7345,66.6174],[-53.7803,66.5757],[-53.7839,66.5492],[-53.827,66.5232],[-53.8231,66.3628],[-53.8865,66.3223],[-53.9003,66.2936],[-53.8623,66.2615],[-53.8659,66.2411],[-53.8339,66.2016],[-53.7703,66.1755],[-53.8121,66.1265],[-53.8165,66.0874],[-53.7993,66.0544],[-53.7707,66.0242],[-53.6785,65.9809],[-53.6833,65.9573],[-53.6633,65.9281],[-53.5297,65.8098],[-53.3915,65.7589],[-53.4279,65.7139],[-53.3988,65.6723],[-53.3755,65.585],[-53.4162,65.5323],[-53.3669,65.4907],[-53.3574,65.448],[-53.2948,65.4075],[-53.1292,65.3481],[-52.9553,65.3425],[-52.8771,65.2726],[-52.7465,65.2396],[-52.6347,65.1504],[-52.673,65.109],[-52.6445,65.0675],[-52.6682,65.0333],[-52.6578,64.9878],[-52.601,64.9595],[-52.5919,64.9268],[-52.5621,64.9082],[-52.4851,64.8887],[-52.39,64.8895],[-52.3481,64.8455],[-52.3509,64.8092],[-52.3318,64.7779],[-52.3711,64.7568],[-52.3859,64.7242],[-52.3236,64.6809],[-52.3331,64.6574],[-52.3186,64.6072],[-52.2836,64.5723],[-52.37,64.4799],[-52.3756,64.4029],[-52.3131,64.3472],[-52.2656,64.2236],[-52.1995,64.195],[-52.2333,64.111],[-52.225,64.076],[-52.2983,64.0459],[-52.3027,64.0132],[-52.252,63.9781],[-52.1757,63.9535],[-52.0498,63.9609],[-51.9809,63.9143],[-51.8729,63.8797],[-51.8864,63.8464],[-51.8766,63.8246],[-51.8088,63.7535]]],[[[-66.7014,80.7943],[-66.3289,80.7775],[-66.1698,80.8002],[-66.1329,80.8305],[-66.1763,80.8514],[-66.7014,80.7943]]]]},"properties":{"id":"Q223","names":{"af":"Groenland","am":"ግሪንላንድ","an":"Groenlandia","ar":"جرينلاند","az":"Qrenlandiya","ba":"Гренландия","be":"Грэнландыя","bg":"Гренландия","bn":"গ্রিনল্যান্ড","bo":"གེ་རེན་ལ","br":"Greunland","bs":"Grenland","ca":"Groenlàndia","ce":"Гренланди","cs":"Grónsko","cv":"Гренланди","cy":"Yr Ynys Las","da":"Grønland","de":"Grönland","dv":"ގުރީންލޭންޑު","el":"Γροιλανδία","en":"Greenland","eo":"Gronlando","es":"Groenlandia","et":"Gröönimaa","eu":"Groenlandia","fa":"گرینلند","fi":"Grönlanti","fo":"Grønland","fr":"Groenland","fy":"Grienlân","ga":"An Ghraonlainn","gd":"A' Ghraonlainn","gl":"Groenlandia","gn":"Gyroẽlándia","gv":"Greenlynn","ha":"Greenland","he":"גרינלנד","hi":"ग्रीनलैण्ड","hr":"Grenland","ht":"Grinlann","hu":"Grönland","hy":"Գրենլանդիա","ia":"Groenlandia","id":"Greenland","ie":"Grenland","ik":"Kalaałłit Nunaat","io":"Grenlando","is":"Grænland","it":"Groenlandia","iu":"ᐊᑯᑭᑦᑐᑦ","ja":"グリーンランド","jv":"Grunlan","ka":"გრენლანდია","kk":"Гренландия","kl":"Kalaallit Nunaat","km":"ក្រូអិនឡង់","kn":"ಗ್ರೀನ್ಲ್ಯಾಂಡ್","ko":"그린란드","ks":"گرٛین لینٛڈ","ku":"Grînlenda","kv":"Гренландия","kw":"Greunlond","la":"Groenlandia","lb":"Grönland","li":"Greunland","ln":"Groenlandi","lo":"ໂກຣແອນລັງ","lt":"Grenlandija","lv":"Grenlande","mg":"Groenlanda","mi":"Kirīnirangi","mk":"Гренланд","ml":"ഗ്രീൻലാൻഡ്","mn":"Гренланд","mr":"ग्रीनलँड","ms":"Greenland","mt":"Greenland","my":"ဂရင်းလန်ကျွန်း","nb":"Grønland","ne":"ग्रिनल्यान्ड","nl":"Groenland","nn":"Grønland","nv":"Haʼaʼaahjí Hakʼaz Dineʼé Bikéyah","ny":"Greenland","oc":"Groenlàndia","om":"Griinlaandi","or":"ଗ୍ରୀନଲାଣ୍ଡ","os":"Гренланди","pa":"ਗਰੀਨਲੈਂਡ","pl":"Grenlandia","ps":"ګرينلينډ","pt":"Gronelândia","qu":"Kalallitsuyu","ro":"Groenlanda","ru":"Гренландия","rw":"Goronulande","sc":"Groenlàndia","sd":"گرين لينڊ","si":"ග්‍රීන්ලන්තය","sk":"Grónsko","sl":"Grenlandija","so":"Griinland","sq":"Grenlanda","sr":"Гренланд","su":"Lemah Héjo","sv":"Grönland","sw":"Grinilandi","ta":"கிறீன்லாந்து","te":"గ్రీన్‌లాండ్","tg":"Гренланд","th":"กรีนแลนด์","tk":"Grenlandiýa","tl":"Groenlandiya","to":"Kulinilani","tr":"Grönland","ug":"گرېنلاندىيە","uk":"Гренландія","ur":"گرین لینڈ","uz":"Grenlandiya","vi":"Greenland","vo":"Gröneän","wo":"Groenlaand","xh":"Grinlend","yi":"גרינלאנד","yo":"Grínlándì","zh":"格陵兰"},"from":1979.3333333333333,"to":2023.965053763441,"wikidata":"Q223","adminLevel":2,"source":"OpenHistoricalMap","sourceUrl":"https://www.openhistoricalmap.org"}},{"type":"Feature","geometry":{"type":"Polygon","coordinates":[[[39.2009,32.1543],[40.4134,31.948],[41.4409,31.3732],[42.0856,31.1117],[43.4097,30.1668],[44.7219,29.1985],[46.4261,29.0612],[46.553,29.1012],[46.6711,29.2073],[46.8664,29.4372],[46.9045,29.525],[46.9981,29.6635],[47.0068,29.7221],[47.1394,29.9868],[47.1896,30.0284],[47.3713,30.1037],[47.7077,30.1037],[48.0066,29.9911],[48.0765,30.0293],[48.1845,30.0145],[48.455,29.8319],[48.5778,29.6397],[48.5393,29.5742],[48.6392,29.4826],[48.667,29.4221],[48.672,29.3647],[48.82,29.3822],[48.954,29.4471],[49.0534,29.5499],[49.1018,29.6731],[49.0976,29.8062],[48.8813,29.8153],[48.461,29.9931],[48.4425,30.0659],[48.3812,30.1255],[48.4134,30.168],[48.4107,30.1972],[48.2711,30.3352],[48.203,30.3187],[48.1585,30.4297],[48.0244,30.4774],[48.0322,30.9963],[47.6828,30.9978],[47.683,31.3946],[47.8659,31.7836],[47.8547,31.8146],[47.8028,31.8508],[47.8085,31.8778],[47.7341,31.9387],[47.7118,31.9733],[47.7124,32.0189],[47.6848,32.0179],[47.6134,32.1092],[47.5654,32.1125],[47.5292,32.1455],[47.5687,32.2189],[47.5021,32.2765],[47.5216,32.2985],[47.4651,32.3161],[47.4443,32.3485],[47.4609,32.3949],[47.3898,32.4668],[47.285,32.4959],[47.2474,32.4641],[47.1684,32.4573],[46.8872,32.632],[46.7206,32.786],[46.6226,32.8222],[46.5187,32.8982],[46.4101,32.9472],[46.2664,32.9724],[46.1736,32.9533],[46.0965,32.9817],[46.0964,33.0113],[46.133,33.0235],[46.1568,33.0652],[46.0432,33.0939],[46.0468,33.1114],[46.0537,33.1281],[46.1217,33.1175],[46.1979,33.1821],[46.2082,33.1969],[46.1832,33.2042],[46.1911,33.2604],[46.1303,33.2962],[46.0864,33.3475],[46.078,33.3879],[46.0055,33.5081],[45.9407,33.4827],[45.863,33.4931],[45.9602,33.5608],[45.9072,33.6062],[45.9088,33.6362],[45.8179,33.6274],[45.7575,33.5944],[45.7717,33.6369],[45.6656,33.7089],[45.6403,33.74],[45.6403,33.7772],[45.607,33.8003],[45.5066,33.9502],[45.4361,33.947],[45.4091,33.9768],[45.4667,34.0096],[45.4792,34.0786],[45.5816,34.1461],[45.5557,34.1921],[45.5817,34.2439],[45.5836,34.3027],[45.5389,34.351],[45.4986,34.3353],[45.4399,34.4581],[45.463,34.4749],[45.5203,34.4801],[45.5266,34.5301],[45.5146,34.5457],[45.5318,34.6018],[45.6043,34.549],[45.6907,34.5554],[45.7375,34.5375],[45.7397,34.5847],[45.698,34.6696],[45.7015,34.6895],[45.6539,34.7242],[45.7021,34.7879],[45.6899,34.8157],[45.7911,34.8521],[45.7876,34.9114],[45.8643,34.896],[45.8938,34.9652],[45.878,35.0328],[45.9289,35.0451],[45.922,35.0955],[45.9982,35.0619],[46.0136,35.0715],[46.065,35.0409],[46.0796,35.0854],[46.1166,35.0741],[46.19,35.1102],[46.1559,35.1326],[46.1567,35.163],[46.1979,35.1924],[46.1903,35.2164],[46.1132,35.2342],[46.1521,35.2809],[46.146,35.3112],[46.0516,35.3873],[45.9878,35.494],[45.9928,35.5195],[46.0125,35.5189],[45.9724,35.58],[46.0254,35.5841],[46.0115,35.6286],[45.9941,35.6388],[46.011,35.6496],[46.0091,35.6787],[46.0401,35.7041],[46.1675,35.6903],[46.2032,35.7235],[46.2709,35.728],[46.3339,35.7679],[46.3445,35.8056],[46.2963,35.8353],[46.2084,35.7961],[46.182,35.8099],[46.1654,35.8012],[46.1385,35.8397],[46.0908,35.8578],[46.0248,35.8367],[45.9686,35.8421],[45.9366,35.8239],[45.8979,35.8372],[45.8798,35.8162],[45.8292,35.8118],[45.8018,35.8264],[45.7642,35.799],[45.6634,35.928],[45.5508,36.0015],[45.4409,35.9993],[45.3999,35.9704],[45.348,35.9795],[45.3434,36.0072],[45.381,36.0787],[45.3268,36.1456],[45.3165,36.1833],[45.3332,36.2078],[45.3097,36.2383],[45.2713,36.2501],[45.3015,36.2727],[45.2611,36.302],[45.2815,36.335],[45.276,36.3797],[45.2321,36.4332],[45.1157,36.4055],[45.0815,36.4265],[45.0501,36.5071],[45.0117,36.5209],[45.0048,36.5491],[45.0391,36.5679],[45.0278,36.6048],[45.0697,36.6294],[45.0652,36.69],[45.0312,36.7397],[44.9754,36.7489],[44.9414,36.785],[44.8439,36.7822],[44.8437,36.8206],[44.8996,36.8564],[44.9107,36.8942],[44.883,36.9538],[44.9036,37.0117],[44.8586,37.0436],[44.8103,37.0449],[44.7773,37.0821],[44.7846,37.0897],[44.7507,37.1119],[44.7833,37.1437],[44.7654,37.1677],[44.6288,37.1893],[44.4706,37.0775],[44.3556,37.0477],[44.3678,37.025],[44.295,36.971],[44.2549,36.9813],[44.2247,37.0322],[44.2314,37.0486],[44.1839,37.1059],[44.2211,37.155],[44.2789,37.1696],[44.269,37.2412],[44.2275,37.2827],[44.1264,37.3191],[44.0216,37.3269],[43.9938,37.2994],[43.9542,37.2906],[43.955,37.2711],[43.9154,37.2225],[43.8536,37.2237],[43.8373,37.1986],[43.8079,37.2255],[43.7478,37.2348],[43.6438,37.2182],[43.567,37.2574],[43.4975,37.2436],[43.3545,37.3284],[43.2995,37.3046],[43.2384,37.3463],[43.1424,37.3727],[43.0264,37.3536],[42.9598,37.3128],[42.8347,37.3437],[42.8263,37.3692],[42.788,37.3794],[42.726,37.315],[42.6964,37.31],[42.6766,37.2698],[42.6557,37.2676],[42.6551,37.2477],[42.6161,37.2148],[42.5777,37.1458],[42.448,37.1383],[42.361,37.1108],[42.3772,37.0622],[41.8173,36.5997],[41.3854,36.5164],[41.277,36.3548],[41.2366,36.077],[41.2406,36.043],[41.3545,35.8256],[41.3635,35.6552],[41.3422,35.5937],[41.2613,35.4943],[41.2431,35.3665],[41.2013,35.243],[41.1915,35.1821],[41.2042,34.7931],[40.988,34.4285],[40.936,34.3861],[40.6905,34.3315],[38.7936,33.3751],[39.086,32.5021],[38.9856,32.4777],[39.043,32.3038],[39.2598,32.355],[39.3012,32.2303],[39.2009,32.1543]]]},"properties":{"id":"Q796","names":{"ab":"Ираҟ","ace":"Irak","ady":"Ирак","af":"Irak","als":"Irak","am":"ኢራቅ","ami":"Iraq","an":"Iraq","ang":"Irac","ann":"Irâk","ar":"العراق","as":"ইৰাক","ast":"Iraq","av":"ГӀиракъ","avk":"Iraka","az":"İraq","ba":"Ираҡ","ban":"Irak","bar":"Irak","bat-smg":"Iraks","bcl":"Iraq","be":"Ірак","be-x-old":"Ірак","bew":"Irak","bg":"Ирак","bh":"ईराक","bi":"Irak","bn":"ইরাক","bo":"ཡི་ལའ་ཁོ།","br":"Irak","bs":"Irak","btm":"Irak","bxr":"Ирак","ca":"Iraq","cbk-zam":"Iraq","cdo":"Iraq","ce":"Ӏиракъ","ceb":"Iraq","co":"Iraccu","crh":"Iraq","cs":"Irák","csb":"Irak","cu":"Иракъ","cv":"Ирак","cy":"Irac","da":"Irak","dag":"Iraq","de":"Irak","diq":"İraq","dsb":"Irak","dtp":"Iraq","dv":"ޢިރާޤު","el":"Ιράκ","en":"Iraq","eo":"Irako","es":"Irak","et":"Iraak","eu":"Irak","ext":"Iraq","fa":"عراق","ff":"Irak","fi":"Irak","fiu-vro":"Iraak","fo":"Irak","fr":"Irak","frp":"Iraq","frr":"Iraak","fy":"Irak","ga":"An Iaráic","gag":"İrak","gcr":"Irak","gd":"Ioràc","gl":"Iraq","gn":"Iráke","got":"𐌹𐍂𐌰𐌺","gpe":"Iraq","gu":"ઈરાક","gur":"Iraq","gv":"Yn Earack","ha":"Iraƙi","hak":"Iraq","haw":"ʻIlaka","he":"עיראק","hi":"इराक़","hif":"Iraq","hr":"Irak","hsb":"Irak","ht":"Irak","hu":"Irak","hy":"Իրաք","ia":"Irak","iba":"Iraq","id":"Irak","ie":"Irak","ilo":"Irak","inh":"Ирак","io":"Irak","is":"Írak","it":"Iraq","iu":"ᐃᕉᒃ","ja":"イラク","jam":"Irak","jbo":"raksygu'e","jv":"Irak","ka":"ერაყი","kaa":"Irak","kab":"Ɛiraq","kbd":"Иракъ","kbp":"Irakɩ","kcg":"Irak","kg":"Iraq","kge":"Irak","ki":"Iraq","kk":"Ирак","km":"អ៊ីរ៉ាក់","kn":"ಇರಾಕ್","knc":"Iraq","ko":"이라크","krc":"Иракъ","ks":"عِراق","ku":"Iraq","kv":"Ирак","kw":"Irak","ky":"Ирак","la":"Iraca","lad":"Irak","lb":"Irak","lez":"Ирак","lfn":"Irac","li":"Irak","lij":"Iraq","lld":"Irach","lmo":"Irak","ln":"Irak","lt":"Irakas","lv":"Irāka","mad":"Irak","map-bms":"Irak","mdf":"Ирак","mg":"Iràka","mhr":"Ирак","mi":"Īrāki","min":"Irak","mk":"Ирак","ml":"ഇറാഖ്‌","mn":"Ирак","mr":"इराक","ms":"Iraq","mt":"Iraq","mwl":"Eiraque","my":"အီရတ်နိုင်ငံ","myv":"Ирак Мастор","nb":"Irak","nds":"Irak","nds-nl":"Irak","ne":"इराक","nl":"Irak","nn":"Irak","no":"Irak","nov":"Irak","nv":"Honoojítah Tooh Dineʼé Bikéyah","oc":"Iraq","olo":"Irak","om":"Iraaq","or":"ଇରାକ","os":"Ирак","pa":"ਇਰਾਕ਼","pam":"Irak","pap":"Irak","pcd":"Irak","pdc":"Iraek","pl":"Irak","pms":"Irak","ps":"عراق","pt":"Iraque","qu":"Iraq","ro":"Irak","roa-rup":"Irac","roa-tara":"Iraq","ru":"Ирак","rue":"Ірак","rw":"Irake","sa":"इराक्","sah":"Ираак","sc":"Iraq","scn":"Iraq","sco":"Iraq","sd":"عراق","se":"Irak","sh":"Irak","si":"ඉරාක ජනරජය","sk":"Irak","sl":"Irak","sm":"Iraki","smn":"Irak","sn":"Iraki","so":"Ciraaq","sq":"Iraku","sr":"Ирак","ss":"I-Irakhi","stq":"Irak","su":"Irak","sv":"Irak","sw":"Iraki","szl":"Irak","szy":"Iraq","ta":"ஈராக்கு","tay":"Iraq","te":"ఇరాక్","tet":"Irake","tg":"Ироқ","th":"ประเทศอิรัก","tk":"Yrak","tl":"Iraq","tly":"Irag","to":"ʻIlaaki","tok":"ma Ilaka","tpi":"Irak","tr":"Irak","trv":"Iraq","tt":"Гыйрак","tum":"Iraq","tw":"Irak","udm":"Ирак","ug":"ئىراق","uk":"Ірак","ur":"عراق","uz":"Iroq","vec":"Irak","vep":"Irak","vi":"Iraq","vls":"Irak","vo":"Lirakän","wa":"Irak","war":"Irak","wo":"Iraak","yi":"איראק","yo":"Irak","za":"Iraq","zea":"Irak","zh":"伊拉克","zh-min-nan":"Iraq","zu":"I-Iraki"},"from":1982.5779569892472,"to":null,"wikidata":"Q796","adminLevel":2,"source":"OpenHistoricalMap","sourceUrl":"https://www.openhistoricalmap.org"}},{"type":"Feature","geometry":{"type":"MultiPolygon","coordinates":[[[[33.7012,34.978],[33.7137,34.9357],[33.7938,34.9292],[33.8492,34.9001],[33.8896,34.9039],[33.9381,34.9324],[33.911,34.9624],[33.8343,34.9742],[33.8533,35.0024],[33.8276,35.0087],[33.8267,35.0318],[33.792,35.0477],[33.8194,35.0715],[33.8466,35.0625],[33.9105,35.0803],[33.884,35.1237],[33.8727,35.1236],[33.8612,35.0716],[33.8264,35.0713],[33.7644,35.0393],[33.7344,35.0542],[33.7055,35.0385],[33.7165,35.0695],[33.7056,35.0756],[33.6772,35.063],[33.679,35.04],[33.7039,35.0302],[33.7012,34.978]],[[33.7343,35.0123],[33.7497,35.0225],[33.7494,35.0127],[33.7343,35.0123]],[[33.7569,34.9993],[33.7855,34.9958],[33.7918,34.9891],[33.7569,34.9993]]],[[[32.7554,34.6532],[32.7769,34.604],[32.8519,34.6136],[32.8749,34.5856],[32.8748,34.5504],[32.9162,34.5179],[33.0393,34.5136],[33.0942,34.5522],[33.0744,34.6113],[33.0141,34.6443],[32.9531,34.6369],[32.9595,34.6569],[32.9904,34.6555],[32.9882,34.6797],[32.8927,34.666],[32.8589,34.7052],[32.8244,34.7058],[32.7918,34.6774],[32.76,34.6811],[32.7554,34.6532]]]]},"properties":{"id":"Q37362","names":{"af":"Akrotiri en Dhekelië","an":"Akrotiri y Dhekelia","ar":"أكروتيري ودكليا","az":"Akrotiri və Dekeliya","ba":"Акротири һәм Декелия","be":"Акратыры і Дэкелія","bg":"Акротири и Декелия","bn":"আক্রোটিরি এবং ডেকিলিয়া","br":"Akrotiri ha Dhekelia","bs":"Akrotiri i Dhekelia","ca":"Akrotiri i Dekélia","ce":"Акротири а, Декелиа а","cs":"Akrotiri a Dekelia","cy":"Nodyn:Country data Akrotiri a Dhekelia","da":"Akrotiri og Dhekelia","de":"Akrotiri und Dekelia","el":"Ακρωτήρι και Δεκέλεια","en":"Akrotiri and Dhekelia","eo":"Akrotiri kaj Dekelia","es":"Acrotiri y Dhekelia","et":"Akrotiri ja Dhekelia","eu":"Akrotiri eta Dhekelia","fa":"آکراتاری و داکیلیا","fi":"Akrotíri ja Dekéleia","fr":"Akrotiri et Dhekelia","ga":"Akrotiri agus Dhekelia","gl":"Akrotiri e Dhekelia","gu":"અક્રોતીરી અને ધેકેલીયા","gv":"Akrotiri as Dhekelia","he":"אקרוטירי ודקליה","hi":"अक्रोत्तिरी और धेकेलिया","hr":"Akrotiri i Dhekelia","hu":"Akrotíri és Dekélia","hy":"Ակրոտիրի և Դեկելիա","id":"Akrotiri dan Dhekelia","is":"Akrótírí og Dekelía","it":"Akrotiri e Dhekelia","ja":"アクロティリおよびデケリア","jv":"Akrotiri lan Dhekelia","ka":"აკროტირი და დეკელია","kk":"Акротири мен Декелия","ko":"아크로티리 데켈리아","kw":"Akrotiri ha Dhekelia","ky":"Акротири жана Декелия","la":"Acroterium et Decelea","li":"Akrotiri en Dhekelia","lt":"Akrotiris ir Dekelija","lv":"Akrotiri un Dekelija","mk":"Акротири и Декелија","ml":"അക്രോത്തിരിയും ദകേലിയയും","mr":"आक्रोतिरी आणि ढेकेलिया","ms":"Akrotiri dan Dhekelia","nb":"Akrotiri og Dekelia","nl":"Akrotiri en Dhekelia","nn":"Akrotíri og Dekélia","or":"ଆକ୍ରୋତିରି ଓ ଢେକେଲିଆ","os":"Акротири æмæ Декели","pa":"ਅਕਰੋਤਿਰੀ ਅਤੇ ਧਕੇਲੀਆ","pl":"Akrotiri i Dhekelia","ps":"اکروتيري او دېکېليا","pt":"Acrotíri e Deceleia","ro":"Akrotiri și Dhekelia","ru":"Акротири и Декелия","sd":"اڪروتري ۽ ڍيڪيليا","sk":"Suverénne základňové územia Akrotiri a Dekeleia","sl":"Akrotiri in Dekelija","sq":"Akrotiri dhe Dhekelia","sr":"Akrotiri i Dekelija","su":"Akrotiri jeung Dhékélia","sv":"Akrotiri och Dhekelia","sw":"Akrotiri na Dhekelia","ta":"அக்ரோத்திரியும் டெகேலியாவும்","te":"ఆక్రోటిరి, ఢెకెలియా","th":"แอโครเทียรีและดิเคเลีย","tl":"Akrotiri at Dhekelia","tr":"Ağrotur ve Dikelya","tt":"Акротири һәм Декелия","uk":"Акротирі і Декелія","ur":"ایکروتیری و دیکیلیا","uz":"Akrotiri va Dekeliya","vi":"Akrotiri và Dhekelia","yo":"Akrotiri àti Dhekelia","zh":"阿克罗蒂里和泽凯利亚"},"from":1960.6236559139784,"to":null,"wikidata":"Q37362","adminLevel":2,"source":"OpenHistoricalMap","sourceUrl":"https://www.openhistoricalmap.org"}},{"type":"Feature","geometry":{"type":"MultiPolygon","coordinates":[[[[37.0421,80.1828],[36.8909,80.2082],[36.6551,80.2133],[36.4201,80.1914],[36.335,80.1569],[36.3618,80.1331],[36.429,80.1174],[36.7491,80.0918],[36.9926,80.101],[37.1289,80.1365],[37.1256,80.156],[37.0421,80.1828]]],[[[-8.2308,70.9178],[-7.9776,70.9437],[-7.8311,70.9821],[-7.7873,71.0226],[-7.7925,71.0766],[-7.7338,71.1361],[-7.7405,71.17],[-7.8135,71.208],[-7.9456,71.2269],[-8.1265,71.2223],[-8.3865,71.1812],[-8.5562,71.1227],[-8.6778,71.0481],[-9.0707,70.9716],[-9.2245,70.9213],[-9.2721,70.8932],[-9.279,70.8623],[-9.2278,70.8091],[-9.1594,70.7807],[-8.9575,70.7618],[-8.6623,70.8295],[-8.5249,70.8949],[-8.2308,70.9178]]],[[[12.3312,67.5732],[12.1891,67.6078],[11.9211,67.5897],[11.7307,67.4981],[11.6687,67.4234],[11.6683,67.3976],[11.6999,67.3644],[11.7768,67.3399],[12.0205,67.3449],[12.0941,67.3752],[12.1263,67.414],[12.3123,67.4377],[12.3862,67.4647],[12.4088,67.4963],[12.4027,67.5354],[12.3312,67.5732]]],[[[11.24,65.3375],[11.1826,65.2965],[11.2021,65.2196],[11.2547,65.1589],[11.3574,65.1129],[11.2662,65.1059],[11.2058,65.0803],[11.133,65.1062],[11.1138,65.1572],[11.1495,65.1867],[11.1499,65.2108],[11.1166,65.243],[11.0307,65.2741],[10.9151,65.2789],[10.806,65.2421],[10.79,65.2069],[10.8265,65.1669],[10.785,65.128],[10.7797,65.1039],[10.8084,65.0729],[10.7457,65.0618],[10.6353,65.071],[10.5486,65.0491],[10.4916,64.9823],[10.3889,64.9448],[10.3729,64.9092],[10.4024,64.8504],[10.3354,64.8307],[10.2931,64.7887],[10.3109,64.7523],[10.3825,64.724],[10.3828,64.6858],[10.4311,64.6556],[10.5247,64.6414],[10.7138,64.6534],[10.5775,64.6076],[10.4958,64.5514],[10.3859,64.5265],[10.3431,64.4944],[10.2274,64.5284],[10.0958,64.5053],[10.0629,64.4581],[10.1174,64.4146],[10.0902,64.3785],[10.1072,64.3423],[10.0133,64.301],[9.9976,64.2637],[9.9036,64.2377],[9.7805,64.1711],[9.7049,64.101],[9.69,64.0393],[9.5413,64.0402],[9.4108,63.9899],[9.3888,63.9548],[9.4288,63.9092],[9.2628,63.8537],[9.2095,63.8035],[9.217,63.7465],[9.0733,63.7541],[9.0961,63.8334],[9.0565,63.8749],[9.2828,63.9443],[9.3342,63.9743],[9.3837,64.0323],[9.5433,64.0782],[9.5654,64.1014],[9.5608,64.1393],[9.5903,64.1717],[9.5712,64.2115],[9.5101,64.2385],[9.3987,64.2461],[9.3247,64.2757],[9.1956,64.273],[9.1344,64.246],[9.1182,64.222],[9.1241,64.1973],[8.9803,64.131],[8.9448,64.072],[8.9483,64.0494],[8.9113,64.0362],[8.7753,64.0391],[8.6738,64.012],[8.6278,63.9826],[8.4838,63.9798],[8.291,63.911],[8.2116,63.862],[8.1473,63.7762],[8.1669,63.7284],[8.1047,63.6713],[8.1226,63.6334],[8.1677,63.6096],[8.1323,63.5637],[8.014,63.5911],[7.8415,63.5959],[7.7503,63.5767],[7.7083,63.5384],[7.6514,63.5226],[7.6079,63.4901],[7.6089,63.4511],[7.5759,63.4197],[7.528,63.3225],[7.5348,63.2955],[7.4237,63.2651],[7.3826,63.2036],[7.1464,63.1666],[7.0877,63.1254],[7.0946,63.0749],[7.0295,63.0489],[6.9128,63.0429],[6.7652,62.9894],[6.65,62.9944],[6.5427,62.9517],[6.4007,62.9369],[6.3298,62.8794],[6.1472,62.8227],[6.1198,62.7683],[6.0165,62.6993],[5.8943,62.7132],[5.7908,62.682],[5.7664,62.6503],[5.7925,62.6049],[5.7629,62.5699],[5.7657,62.5018],[5.5443,62.4983],[5.487,62.4785],[5.4448,62.4315],[5.3547,62.388],[5.2643,62.4009],[5.1675,62.385],[5.1141,62.3381],[5.1436,62.2863],[4.9713,62.2256],[4.9369,62.1738],[4.9664,62.1143],[4.8535,62.069],[4.8373,62.0432],[4.8402,61.983],[4.7217,61.9356],[4.6447,61.8017],[4.6246,61.6742],[4.549,61.6359],[4.5208,61.598],[4.5179,61.5594],[4.5539,61.5165],[4.7134,61.4765],[4.6294,61.472],[4.5679,61.4502],[4.5107,61.3686],[4.4263,61.3179],[4.421,61.2904],[4.4466,61.2557],[4.5212,61.2199],[4.4964,61.1829],[4.5058,61.1443],[4.3873,61.1107],[4.3468,61.0391],[4.3721,60.9866],[4.5091,60.8782],[4.4864,60.8128],[4.5538,60.7316],[4.5445,60.6961],[4.572,60.6544],[4.5746,60.615],[4.6737,60.5009],[4.7133,60.4134],[4.7508,60.3832],[4.733,60.3422],[4.7387,60.3157],[4.7718,60.2803],[4.7772,60.231],[4.8255,60.1959],[4.8485,60.1343],[4.903,60.0971],[4.8757,60.0095],[4.941,59.9323],[4.9107,59.8767],[4.9261,59.7832],[4.9705,59.7322],[4.9605,59.6485],[4.9858,59.577],[4.9429,59.5433],[4.9576,59.4933],[4.9404,59.4291],[4.8839,59.3837],[4.811,59.3738],[4.7448,59.3378],[4.7196,59.2872],[4.7403,59.2379],[4.8281,59.2075],[4.9302,59.2227],[4.9604,59.1912],[5.047,59.1613],[5.0854,59.0994],[5.1644,59.074],[5.2569,59.0664],[5.2406,59.0009],[5.302,58.9517],[5.3162,58.8472],[5.39,58.7979],[5.3612,58.7497],[5.422,58.6504],[5.5597,58.5179],[5.7366,58.4293],[5.7833,58.3826],[6.3813,58.2037],[6.4581,58.1604],[6.4312,58.1268],[6.4419,58.0885],[6.5552,58.015],[6.7766,57.9836],[7.0402,57.9123],[7.1359,57.9253],[7.2316,57.9109],[7.3016,57.9246],[7.3966,57.9197],[7.4892,57.8931],[7.6051,57.8933],[7.7452,57.9379],[7.8323,57.9462],[8.3299,58.0633],[8.5047,58.1778],[8.5919,58.1895],[8.7145,58.2708],[8.8381,58.3155],[8.9244,58.3884],[9.0987,58.4826],[9.1244,58.5163],[9.3536,58.6688],[9.545,58.7654],[9.6578,58.7967],[9.8063,58.8937],[9.9532,58.8742],[10.0186,58.8896],[10.0557,58.9189],[10.1763,58.9005],[10.3123,58.9273],[10.3601,58.9614],[10.5666,58.9634],[10.6393,58.9965],[10.6595,59.0667],[10.6948,59.0453],[10.6525,59.0004],[10.6846,58.9536],[10.7639,58.9214],[10.9175,58.9424],[11.0922,58.9917],[11.1537,59.0792],[11.3399,59.115],[11.4646,58.9912],[11.4538,58.9855],[11.4565,58.8951],[11.5223,58.8783],[11.5559,58.8988],[11.652,58.9062],[11.7105,59.0337],[11.7764,59.0958],[11.7844,59.2092],[11.8261,59.2378],[11.8162,59.3448],[11.7797,59.3865],[11.6949,59.6003],[11.7205,59.6255],[11.8624,59.6528],[11.8891,59.6932],[11.9417,59.696],[11.926,59.7932],[11.8426,59.8376],[11.8841,59.8558],[11.8815,59.8665],[11.9842,59.9005],[12.0535,59.8859],[12.1743,59.8898],[12.231,59.9276],[12.3374,59.9644],[12.4486,60.0392],[12.4974,60.0949],[12.5419,60.1934],[12.4988,60.3237],[12.6061,60.4059],[12.6069,60.5127],[12.5819,60.5509],[12.5158,60.6002],[12.511,60.6425],[12.3954,60.7339],[12.3345,60.8524],[12.3268,60.8968],[12.224,61.0131],[12.4476,61.0507],[12.6103,61.0465],[12.6814,61.0595],[12.707,61.1433],[12.7903,61.197],[12.8338,61.2585],[12.8708,61.3565],[12.5693,61.5687],[12.4196,61.563],[12.1377,61.7238],[12.2994,62.2675],[12.0561,62.6119],[12.1364,62.7479],[12.0747,62.9025],[12.2182,63.0003],[11.9746,63.2692],[12.2129,63.4786],[12.1498,63.5939],[12.2995,63.672],[12.3306,63.7151],[12.6836,63.9742],[12.9267,64.058],[13.2111,64.0954],[13.9675,64.008],[14.1571,64.1951],[14.1139,64.4625],[13.8912,64.5071],[13.6543,64.5803],[13.7055,64.64],[13.9776,64.8597],[14.326,65.1189],[14.3788,65.2476],[14.5068,65.3097],[14.4988,65.5213],[14.5415,65.7008],[14.6255,65.8118],[14.5844,65.9013],[14.5163,66.1326],[15.0357,66.1536],[15.4847,66.2825],[15.3772,66.4843],[15.6214,66.5943],[16.0388,66.9124],[16.194,66.9826],[16.3878,67.0455],[16.4041,67.205],[16.0898,67.4353],[16.158,67.5192],[16.4076,67.534],[16.5563,67.6472],[16.7381,67.9142],[17.1805,68.0505],[17.2815,68.1188],[17.6647,68.0384],[17.8998,67.9694],[18.1514,68.1988],[18.1011,68.406],[18.1259,68.5365],[18.4057,68.5819],[18.6212,68.507],[18.9838,68.517],[19.9214,68.356],[20.2265,68.4908],[19.9375,68.5579],[20.0522,68.5911],[20.2028,68.6659],[20.3359,68.8023],[20.3066,68.9262],[20.06,69.0458],[20.5486,69.06],[20.7173,69.1198],[21.0575,69.0363],[21.1087,69.1039],[21.0556,69.1221],[20.9876,69.1919],[21.002,69.2199],[21.2788,69.3119],[21.6271,69.2766],[22.1758,68.9563],[22.1919,68.9188],[22.3408,68.8272],[22.3745,68.7167],[22.5354,68.7445],[22.8008,68.6875],[23.046,68.6893],[23.1676,68.6285],[23.4406,68.6922],[23.6735,68.7055],[23.7311,68.7508],[23.7754,68.8189],[23.8715,68.8365],[23.9833,68.8271],[24.0756,68.78],[24.1586,68.7897],[24.153,68.7536],[24.251,68.7271],[24.6084,68.6819],[24.7834,68.6362],[24.8572,68.5622],[24.9032,68.5546],[24.9168,68.605],[25.1164,68.6396],[25.1084,68.678],[25.1249,68.7539],[25.162,68.8012],[25.4035,68.8916],[25.4759,68.9045],[25.545,68.8863],[25.6275,68.893],[25.7239,68.9902],[25.7773,69.0179],[25.751,69.0321],[25.748,69.0603],[25.7244,69.0806],[25.7426,69.1428],[25.694,69.1954],[25.7139,69.2255],[25.7017,69.2492],[25.7406,69.275],[25.741,69.3184],[25.7593,69.3398],[25.8168,69.3597],[25.8206,69.3799],[25.8468,69.3942],[25.8002,69.4193],[25.8349,69.4682],[25.8636,69.4798],[25.8474,69.4919],[25.8769,69.5219],[25.8442,69.5523],[25.9312,69.5709],[25.971,69.6041],[25.954,69.6473],[25.9009,69.658],[25.8986,69.6705],[26.0039,69.7206],[26.1114,69.7308],[26.1818,69.7596],[26.2485,69.8001],[26.2459,69.8174],[26.3804,69.8528],[26.4119,69.8787],[26.4162,69.9038],[26.4845,69.9436],[26.6761,69.9646],[26.7155,69.9453],[26.8487,69.9602],[26.8736,69.9348],[26.9644,69.939],[27.0461,69.9115],[27.2933,69.9526],[27.3033,69.9557],[27.2769,69.9743],[27.2851,69.9826],[27.4347,70.02],[27.526,70.0235],[27.5595,70.0605],[27.6125,70.0746],[27.7438,70.0642],[27.9556,70.0923],[27.9843,70.014],[28.1607,69.921],[28.3451,69.8809],[28.3305,69.8492],[28.4042,69.8184],[29.1339,69.6953],[29.1705,69.639],[29.3365,69.4783],[29.2193,69.3976],[28.8315,69.2244],[28.8303,69.1719],[28.8054,69.1112],[28.8546,69.0766],[29.0414,69.0108],[29.2421,69.113],[29.2487,69.1609],[29.2794,69.1677],[29.3142,69.2344],[29.2772,69.2504],[29.2923,69.2979],[29.3971,69.3237],[29.573,69.3185],[29.6903,69.3616],[29.7238,69.3895],[29.8563,69.4237],[29.9659,69.4058],[30.1163,69.4688],[30.1231,69.5175],[30.1777,69.5388],[30.1879,69.5651],[30.1382,69.6421],[30.0913,69.6428],[30.0859,69.6565],[30.0989,69.661],[30.1517,69.6694],[30.2289,69.6516],[30.4212,69.5883],[30.516,69.5404],[30.8151,69.529],[30.9329,69.5602],[30.9538,69.6305],[30.9238,69.6685],[30.9438,69.6839],[30.8807,69.7113],[30.8887,69.7381],[30.822,69.7878],[30.915,69.8577],[30.5309,69.8922],[30.3335,69.951],[30.1429,69.9508],[30.0224,69.9797],[29.8839,69.9825],[29.8794,69.9941],[30.3485,70.0225],[30.4204,70.0458],[30.5703,70.1479],[30.6538,70.1783],[30.9651,70.1849],[31.1915,70.2345],[31.255,70.2681],[31.2593,70.3136],[31.3446,70.3542],[31.3647,70.3924],[31.3355,70.4285],[31.2856,70.4484],[31.1442,70.4701],[31.0462,70.5075],[30.8307,70.5298],[30.8298,70.5696],[30.7644,70.6013],[30.5343,70.6168],[30.3521,70.721],[30.1938,70.7607],[29.9354,70.7728],[29.7714,70.8015],[29.5892,70.7906],[29.5544,70.8244],[29.4535,70.8497],[29.3632,70.9042],[29.1744,70.9359],[28.9583,70.953],[28.7333,70.9329],[28.742,70.9895],[28.6954,71.023],[28.4699,71.0638],[28.454,71.0971],[28.4165,71.1191],[28.2365,71.1585],[27.9067,71.1544],[27.7215,71.1955],[27.5646,71.1942],[27.3129,71.1089],[27.1976,71.1057],[27.0963,71.082],[26.9665,71.0116],[26.9158,70.956],[26.8716,71.0006],[26.8217,71.0199],[26.6081,71.033],[26.3725,70.9817],[26.1096,70.867],[26.0866,70.9138],[26.2459,70.942],[26.3658,70.9826],[26.4149,71.016],[26.4304,71.0768],[26.3599,71.1137],[26.2404,71.1293],[26.1929,71.1653],[26.1025,71.1966],[25.6696,71.2499],[25.1835,71.1982],[25.1195,71.1738],[25.0664,71.1141],[24.9258,71.1646],[24.6357,71.1758],[24.4112,71.1022],[24.3662,71.0446],[24.3475,71.0468],[24.3708,71.1128],[24.2719,71.1566],[24.0844,71.1701],[23.8835,71.1567],[23.8076,71.1374],[23.7472,71.0998],[23.7282,71.0641],[23.6519,71.0173],[23.6468,70.9884],[23.524,70.9641],[23.4739,70.9158],[23.3481,70.936],[23.1666,70.9169],[22.9051,70.941],[22.7172,70.9196],[22.6058,70.8765],[22.6007,70.8511],[22.6404,70.8195],[22.5296,70.7885],[22.3196,70.7864],[22.1836,70.7448],[22.0799,70.7332],[21.8984,70.7358],[21.7799,70.7014],[21.7207,70.6525],[21.729,70.6121],[21.7548,70.587],[21.9139,70.5255],[21.88,70.4977],[21.8749,70.4718],[21.9236,70.4359],[22.0861,70.4074],[22.3063,70.4182],[22.1652,70.3743],[21.946,70.3966],[21.8523,70.4402],[21.7532,70.4591],[21.5462,70.4445],[21.4008,70.4566],[21.2441,70.4231],[21.1469,70.3301],[21.0408,70.3021],[20.9798,70.246],[20.8802,70.2847],[20.7744,70.3013],[20.4767,70.2897],[20.324,70.3611],[20.1441,70.389],[20.017,70.3723],[19.9452,70.3341],[19.7521,70.3652],[19.5308,70.3531],[19.4117,70.3232],[19.3011,70.3615],[19.1657,70.3673],[18.8673,70.2863],[18.6786,70.2926],[18.5048,70.2619],[18.4272,70.224],[18.4205,70.1992],[18.4405,70.1718],[18.3096,70.1428],[18.2614,70.1134],[18.2563,70.087],[18.2859,70.0592],[18.1658,70.0238],[18.1556,69.9893],[18.1963,69.961],[18.0006,69.9782],[17.8716,69.9421],[17.7675,69.8357],[17.7963,69.8022],[17.8678,69.7758],[17.8802,69.7204],[17.7692,69.7018],[17.7098,69.6701],[17.3702,69.6487],[17.3025,69.6036],[17.1848,69.5845],[16.9309,69.4737],[16.8071,69.4459],[16.707,69.4011],[16.6971,69.36],[16.5969,69.3274],[16.5786,69.3097],[16.5799,69.2834],[16.3463,69.2277],[16.3208,69.1828],[16.3704,69.1449],[16.2039,69.0995],[16.1639,69.0716],[16.1559,69.0472],[16.0453,68.999],[16.0316,69.0004],[16.0659,69.0384],[16.2715,69.149],[16.2852,69.2107],[16.3423,69.2425],[16.3567,69.2756],[16.314,69.3496],[16.1878,69.3898],[15.9792,69.3846],[15.8605,69.3385],[15.7281,69.312],[15.6058,69.2181],[15.4197,69.1494],[15.3547,69.0918],[15.2127,69.1334],[15.0448,69.1143],[14.9734,69.0719],[14.9003,69.0565],[14.7675,68.9944],[14.5573,68.9372],[14.4776,68.8898],[14.2944,68.8233],[14.2567,68.795],[14.254,68.7468],[14.1587,68.7257],[14.062,68.6643],[14.0618,68.6395],[14.1077,68.6073],[14.0995,68.5812],[14.1189,68.5573],[14.2213,68.5259],[14.3442,68.5282],[14.3537,68.4913],[14.4037,68.4661],[14.3899,68.4598],[14.2941,68.4412],[14.2272,68.41],[13.987,68.4408],[13.7925,68.4001],[13.5948,68.3828],[13.2891,68.2709],[13.2482,68.2308],[13.1438,68.1896],[13.004,68.1728],[12.9199,68.1423],[12.8981,68.111],[12.8024,68.0523],[12.6564,67.894],[12.6125,67.8674],[12.5991,67.8423],[12.6106,67.8186],[12.4983,67.7714],[12.4765,67.7395],[12.487,67.7169],[12.4011,67.6769],[12.3876,67.6515],[12.4081,67.6135],[12.4646,67.5823],[12.5553,67.5661],[12.801,67.5827],[12.894,67.6298],[12.9454,67.6887],[12.954,67.7384],[12.9991,67.7838],[13.0556,67.8156],[13.1732,67.8433],[13.3257,67.9307],[13.4333,67.9663],[13.9341,68.0437],[14.0146,68.087],[14.1634,68.0651],[14.5001,68.0968],[14.6802,68.0735],[14.861,68.1215],[14.8952,68.1443],[14.9023,68.1711],[15.0419,68.1518],[15.1826,68.1861],[15.2637,68.1842],[15.1333,68.1027],[14.6532,67.9746],[14.2716,67.8267],[14.2248,67.7812],[14.235,67.7425],[14.1796,67.7195],[14.1578,67.6875],[14.1967,67.6454],[14.2916,67.6224],[14.3321,67.5973],[14.2557,67.5507],[14.2677,67.51],[14.065,67.5319],[13.8211,67.5059],[13.6646,67.4381],[13.6312,67.3865],[13.5775,67.3697],[13.4157,67.3653],[13.3368,67.3409],[13.3059,67.3038],[13.3338,67.2597],[13.4115,67.2345],[13.5447,67.2275],[13.5069,67.1971],[13.5177,67.1275],[13.4256,67.0858],[13.4034,67.0492],[13.3686,67.0371],[13.3176,67.0739],[13.2273,67.0935],[13.0373,67.0752],[12.9432,67.0324],[12.927,67.0027],[12.9423,66.9745],[12.8934,66.9391],[12.8934,66.8971],[12.7034,66.9057],[12.3462,66.8328],[12.2802,66.8014],[12.258,66.7298],[12.0578,66.6923],[11.8728,66.6256],[11.8545,66.6057],[11.8509,66.5669],[11.7614,66.4911],[11.7896,66.4121],[11.8981,66.3626],[12.0565,66.3635],[12.0663,66.3234],[11.9824,66.3011],[11.9392,66.2583],[11.8876,66.2432],[11.7619,66.2607],[11.5767,66.2468],[11.4998,66.2324],[11.4477,66.2044],[11.4342,66.1774],[11.4472,66.1504],[11.5834,66.0886],[11.5074,66.0418],[11.4898,66.0077],[11.5028,65.9805],[11.5527,65.9525],[11.6448,65.9363],[11.4141,65.8126],[11.374,65.752],[11.3751,65.7229],[11.23,65.7196],[11.1317,65.6894],[11.094,65.6572],[11.0817,65.5908],[11.1011,65.5638],[11.1923,65.5279],[11.2881,65.5169],[11.2897,65.4723],[11.3718,65.4295],[11.3574,65.393],[11.3925,65.3538],[11.24,65.3375]]],[[[19.0776,74.5138],[18.7949,74.4946],[18.7487,74.4725],[18.8188,74.4375],[18.8112,74.4291],[18.9736,74.3791],[19.0524,74.3379],[19.1751,74.3662],[19.18,74.3971],[19.2638,74.4441],[19.2562,74.4575],[19.2674,74.4595],[19.2473,74.4721],[19.1649,74.4904],[19.1499,74.5079],[19.0776,74.5138]]],[[[33.3698,80.2412],[33.2601,80.242],[32.8298,80.1904],[32.3398,80.1537],[31.4949,80.1096],[31.4625,80.1025],[31.4872,80.0925],[31.4423,80.0858],[31.595,80.0621],[32.31,80.0804],[32.4648,80.1062],[32.9775,80.1441],[33.0299,80.1604],[33.1451,80.1579],[33.6273,80.2058],[33.5548,80.2312],[33.3698,80.2412]]],[[[24.0209,80.4878],[23.9928,80.4867],[24.0772,80.4685],[24.1876,80.4681],[24.0209,80.4878]]],[[[24.3424,80.3809],[24.3564,80.3899],[24.2098,80.4438],[24.1575,80.4409],[24.1081,80.4],[24.1185,80.3912],[24.0929,80.3867],[24.2645,80.3721],[24.3424,80.3809]]],[[[21.3187,80.6914],[21.3482,80.6922],[21.2709,80.7027],[21.2497,80.6888],[21.0442,80.685],[21.1344,80.6524],[21.2419,80.6728],[21.369,80.6703],[21.2885,80.6848],[21.3187,80.6914]]],[[[20.6159,80.7576],[20.5336,80.753],[20.6537,80.7289],[20.6434,80.7214],[20.6633,80.7064],[20.7784,80.708],[20.7936,80.6889],[20.8337,80.6847],[20.8036,80.6789],[20.8262,80.6726],[20.8886,80.6747],[20.8684,80.6889],[20.8912,80.6935],[21.0685,80.7039],[20.9361,80.7226],[20.8013,80.7084],[20.6159,80.7576]]],[[[20.6508,80.6685],[20.4932,80.6564],[20.6008,80.6301],[20.686,80.6318],[20.6634,80.6272],[20.7256,80.6126],[20.7684,80.618],[20.7209,80.631],[20.8289,80.6481],[20.786,80.6609],[20.6358,80.6526],[20.6508,80.6685]]],[[[20.0374,80.5283],[19.9699,80.5362],[19.9022,80.5266],[19.9613,80.5191],[19.8398,80.5137],[19.8616,80.4856],[19.9373,80.4717],[20.1174,80.5008],[20.0374,80.5283]]],[[[18.2862,80.3692],[18.169,80.3313],[18.2211,80.3375],[18.204,80.3263],[18.1386,80.3321],[18.0887,80.2971],[18.1113,80.28],[18.3287,80.2663],[18.4062,80.2392],[18.6087,80.2579],[18.6339,80.2863],[18.7537,80.2988],[18.7214,80.3117],[18.6263,80.3009],[18.5988,80.3055],[18.6438,80.3138],[18.5489,80.323],[18.5989,80.3355],[18.5864,80.3384],[18.2862,80.3692]]],[[[19.6548,80.5037],[19.6101,80.5054],[19.5924,80.4774],[19.6824,80.4358],[19.67,80.4312],[19.4997,80.4654],[19.4424,80.4608],[19.4223,80.4475],[19.4373,80.4292],[19.4123,80.4225],[19.4224,80.4024],[19.4898,80.3795],[19.7097,80.3904],[19.7401,80.3771],[19.9198,80.3762],[19.9274,80.3692],[19.7174,80.3425],[19.7297,80.3312],[19.8622,80.3308],[19.7024,80.32],[19.7973,80.3049],[19.7725,80.3008],[19.7849,80.2962],[19.84,80.3012],[19.7526,80.2925],[19.8124,80.2699],[19.7348,80.2663],[19.6822,80.2391],[19.8423,80.2133],[19.62,80.2113],[19.4423,80.2533],[19.3673,80.2966],[19.235,80.3354],[19.0201,80.3454],[18.9966,80.3376],[18.9956,80.3209],[19.0524,80.3008],[19.0624,80.2792],[19.0425,80.2692],[19.1724,80.1991],[19.1574,80.195],[19.1775,80.1825],[19.5798,80.1462],[19.3673,80.1383],[19.4276,80.135],[19.3773,80.1217],[19.3724,80.0992],[19.2649,80.0796],[18.9077,80.17],[18.9375,80.1792],[18.7099,80.2021],[18.7774,80.1816],[18.6649,80.1546],[18.4399,80.1896],[18.0251,80.1696],[17.9775,80.1916],[17.9573,80.1891],[17.9774,80.1749],[17.9674,80.165],[17.8599,80.1596],[17.7376,80.1258],[17.9048,80.1321],[18,80.0938],[17.9624,80.12],[18.0324,80.1209],[18.105,80.0821],[18.1049,80.0938],[18.1749,80.0971],[18.25,80.0754],[18.3373,80.08],[18.165,80.0654],[18.1023,80.08],[18.1724,80.0333],[18.2301,80.0471],[18.2999,80.0204],[18.515,80.0354],[18.6998,80.0154],[18.9251,80.0437],[18.8724,80.025],[18.8999,80.0179],[18.7501,80.0137],[18.7766,79.9837],[18.8399,79.9812],[18.7898,79.9771],[18.8199,79.9604],[18.6567,79.9812],[18.6716,79.9933],[18.6352,80.0096],[18.6127,80.005],[18.6349,80],[18.6166,79.9821],[18.5117,79.9667],[18.6999,79.9713],[18.6,79.9637],[18.67,79.9563],[18.6498,79.9504],[18.2534,79.9371],[18.183,79.9088],[18.1033,79.9013],[18.2084,79.8875],[18.3198,79.8187],[18.4749,79.7958],[18.4515,79.7875],[18.4632,79.7754],[18.5215,79.7916],[18.5251,79.7808],[18.5499,79.7912],[18.6683,79.7733],[18.5765,79.7954],[18.6532,79.7988],[18.6849,79.7892],[18.66,79.7912],[18.6715,79.7775],[18.7483,79.7591],[18.7383,79.7433],[18.7632,79.7363],[18.7184,79.7192],[18.7432,79.7121],[18.8997,79.7087],[18.8699,79.7129],[18.9166,79.7229],[18.9084,79.735],[18.9401,79.7446],[19.0632,79.7621],[19.5065,79.7454],[19.5216,79.7425],[19.5047,79.7266],[19.5216,79.7066],[19.5434,79.7037],[19.6166,79.7254],[19.7299,79.7221],[19.7699,79.742],[20.0201,79.7437],[20.2967,79.7729],[20.4864,79.7646],[20.6233,79.7871],[21.2732,79.7929],[21.4332,79.8204],[21.6899,79.8079],[21.7117,79.8025],[21.6231,79.7988],[21.5381,79.765],[21.5883,79.7575],[21.5847,79.7675],[21.6599,79.782],[21.7147,79.7725],[21.605,79.7541],[21.6516,79.7425],[21.5433,79.7538],[21.5449,79.7225],[21.5783,79.6925],[21.52,79.6846],[21.2933,79.7004],[20.4665,79.6663],[20.6699,79.6021],[20.8597,79.5987],[21.0233,79.5829],[21.0948,79.5591],[21.2534,79.5521],[21.1133,79.5287],[20.83,79.5637],[20.4766,79.5671],[20.1764,79.6221],[19.7498,79.6154],[19.6684,79.595],[19.8117,79.5341],[19.9848,79.505],[20.0999,79.4529],[20.6834,79.417],[20.7881,79.3991],[20.7981,79.3925],[20.7617,79.36],[20.7865,79.3546],[20.9931,79.3446],[21.3998,79.3671],[21.8034,79.3421],[22.1866,79.3796],[22.8066,79.3729],[22.8549,79.3558],[22.7066,79.3437],[22.6449,79.3125],[22.6983,79.2733],[22.8197,79.2337],[23.1134,79.2262],[23.6566,79.1813],[24.18,79.2038],[24.2381,79.2625],[24.1682,79.2808],[24.7134,79.3721],[24.8766,79.3662],[24.8883,79.3633],[24.8717,79.3533],[24.8832,79.3404],[25.1366,79.3279],[25.6467,79.4079],[25.7684,79.435],[25.6982,79.4608],[25.8283,79.4825],[25.875,79.51],[25.8784,79.5225],[25.8249,79.5641],[25.7083,79.6008],[25.7434,79.6237],[26.3433,79.7146],[26.4533,79.7554],[26.5582,79.7642],[26.5099,79.7704],[26.5399,79.7796],[26.6882,79.805],[26.6749,79.8267],[26.6864,79.8296],[26.9967,79.8604],[27.1249,79.9025],[26.9614,79.9625],[27,79.9921],[27.0873,80.0192],[26.9873,80.0392],[27.0824,80.0617],[27.0826,80.0841],[26.8549,80.0963],[26.8826,80.1083],[26.8099,80.1521],[26.6799,80.1721],[26.2199,80.1813],[25.9696,80.1795],[25.8449,80.1537],[25.8823,80.1666],[25.6847,80.152],[25.7072,80.1633],[25.6821,80.1742],[25.6924,80.1825],[25.7922,80.2042],[25.6347,80.2113],[25.585,80.1771],[25.5525,80.1942],[25.5723,80.2033],[25.5573,80.2117],[25.48,80.227],[25.4151,80.2137],[25.2425,80.2183],[25.2726,80.2267],[25.2224,80.2408],[25.235,80.2513],[25.3399,80.2646],[25.2799,80.2729],[25.2373,80.2699],[25.2526,80.2658],[25.245,80.2571],[25.1599,80.2612],[25.0399,80.2387],[24.7726,80.2417],[24.8526,80.2675],[24.8324,80.2951],[24.8626,80.2992],[24.8627,80.3325],[24.82,80.3463],[24.7773,80.3384],[24.7324,80.2834],[24.66,80.2704],[24.6252,80.2863],[24.5498,80.2571],[24.4298,80.2438],[24.4076,80.2567],[24.4375,80.275],[24.4023,80.2767],[24.5924,80.3125],[24.4826,80.3367],[24.4725,80.3509],[24.1248,80.3471],[24.1024,80.3367],[24.3974,80.3067],[24.2624,80.3034],[24.3725,80.2809],[24.3324,80.2708],[24.2499,80.2947],[24.1524,80.2934],[24.1523,80.2775],[24.2326,80.2533],[24.1947,80.2421],[23.9702,80.2988],[23.9424,80.2942],[23.9424,80.2808],[23.9823,80.2675],[23.9449,80.2687],[24.0276,80.255],[23.8798,80.2629],[23.8627,80.2467],[23.8275,80.2717],[23.7373,80.2783],[23.7176,80.2508],[23.8324,80.2292],[23.7098,80.2288],[23.7125,80.2117],[23.8225,80.1758],[23.6773,80.1683],[23.6272,80.1516],[23.6524,80.13],[23.5597,80.1029],[23.5147,80.1096],[23.5125,80.1216],[23.55,80.1296],[23.5376,80.1342],[23.5476,80.1408],[23.4774,80.1516],[23.4975,80.1734],[23.4874,80.1833],[23.4248,80.1937],[23.305,80.1829],[23.3923,80.1601],[23.4126,80.145],[23.4023,80.1217],[23.4172,80.1175],[23.3623,80.1225],[23.3,80.1629],[23.205,80.1704],[23.2224,80.1616],[23.2124,80.1541],[23.2449,80.1504],[23.0674,80.1516],[23.1523,80.1392],[23.2024,80.115],[23.0747,80.1037],[23.0623,80.1058],[23.095,80.1088],[22.9923,80.15],[23.0173,80.1983],[23.0424,80.205],[23.0275,80.2283],[23.2925,80.2675],[23.3124,80.2792],[23.3047,80.2896],[23.2624,80.2916],[23.3073,80.2975],[23.2823,80.315],[23.3374,80.3317],[23.17,80.3471],[23.1148,80.3354],[23.1249,80.3504],[23.2376,80.365],[23.1022,80.3808],[23.2974,80.3892],[23.2824,80.4025],[23.3275,80.4126],[23.3272,80.4267],[23.2698,80.4463],[23.0625,80.4517],[22.78,80.5046],[22.7076,80.495],[22.7625,80.475],[22.7575,80.4534],[22.8373,80.4275],[22.7975,80.4158],[22.8326,80.4025],[22.8272,80.385],[22.6673,80.3408],[22.7724,80.3125],[22.7072,80.3091],[22.6223,80.3374],[22.6124,80.3617],[22.6524,80.3908],[22.5898,80.4187],[22.3273,80.3966],[22.3174,80.3608],[22.3824,80.3141],[22.5623,80.295],[22.4573,80.2558],[22.4373,80.2],[22.4724,80.1883],[22.4072,80.1742],[22.3674,80.115],[22.3249,80.1012],[22.3898,80.0804],[22.3725,80.07],[22.4625,80.0558],[22.4875,80.0308],[22.3722,80.0583],[22.3474,80.055],[22.3524,80.0458],[22.4826,80.0242],[22.4873,80.0075],[22.4499,79.9971],[22.4348,80.0121],[22.3024,80.0258],[22.3574,80.0067],[22.2301,79.9696],[22.2049,79.98],[22.2251,79.9933],[22.2025,80.0083],[22.2072,80.0258],[22.1374,80.0358],[22.1523,80.04],[22.0773,80.1075],[21.9496,80.1079],[21.8147,80.1346],[21.69,80.1079],[21.6024,80.11],[21.8822,80.2],[21.8673,80.25],[21.7999,80.2645],[21.6522,80.2541],[21.7222,80.2191],[21.7049,80.2154],[21.5148,80.2546],[21.3124,80.1991],[21.3025,80.2125],[21.3299,80.2337],[21.3023,80.2383],[21.2575,80.2324],[21.2824,80.2233],[21.2649,80.2196],[21.1624,80.2191],[21.1824,80.2124],[21.1749,80.2053],[20.8524,80.1975],[20.7848,80.2212],[20.8125,80.2424],[20.8022,80.27],[20.8226,80.2958],[20.5501,80.2779],[20.5872,80.2916],[20.5274,80.3075],[20.5524,80.3308],[20.4173,80.3641],[20.4323,80.3925],[20.4174,80.4016],[20.255,80.4154],[20.1475,80.4067],[20.1374,80.39],[20.0749,80.3837],[20.0625,80.3858],[20.0826,80.3966],[20.0425,80.4191],[19.9874,80.43],[20.0323,80.4458],[20.0076,80.4658],[19.8498,80.4537],[19.6548,80.5037]]],[[[30.3943,79.0142],[30.0652,79.0094],[30.1069,79.0008],[30.1033,78.9859],[30.2036,78.9717],[30.2345,78.9958],[30.4203,79.0038],[30.3943,79.0142]]],[[[28.4348,78.9666],[28.3948,78.9658],[28.4483,78.9491],[28.3999,78.9254],[28.1465,78.9154],[28.0099,78.8704],[27.8614,78.8558],[27.9068,78.8412],[28.0865,78.8337],[28.0982,78.83],[28.0782,78.7958],[28.0917,78.7958],[28.1315,78.8341],[28.4599,78.8904],[28.6131,78.8796],[28.7733,78.9096],[28.8999,78.9079],[29.0766,78.867],[29.3466,78.8437],[29.3483,78.865],[29.3667,78.8696],[29.6201,78.8862],[29.6917,78.9042],[29.6032,78.9179],[29.4132,78.8996],[29.1098,78.9037],[28.9582,78.9283],[29.0115,78.9316],[28.9398,78.9587],[28.4348,78.9666]]],[[[26.5299,78.8163],[26.4216,78.795],[26.3981,78.7742],[26.4681,78.72],[26.4681,78.7024],[26.6949,78.6583],[26.6848,78.6341],[26.7,78.6296],[26.9067,78.6512],[26.9565,78.6854],[27.0081,78.6917],[26.8015,78.7158],[26.6481,78.7691],[26.6031,78.8037],[26.5299,78.8163]]],[[[25.4916,76.715],[25.4082,76.7033],[25.2183,76.6108],[25.0316,76.5516],[24.9782,76.5125],[24.9349,76.5016],[24.9316,76.4817],[24.8916,76.4499],[24.9766,76.4537],[24.9549,76.4625],[24.9584,76.475],[25.0149,76.5066],[25.1484,76.55],[25.2149,76.5992],[25.3382,76.6308],[25.4916,76.715]]],[[[22.875,78.2491],[22.5333,78.2212],[22.4531,78.2288],[22.4266,78.1987],[22.1767,78.1862],[21.7398,78.2121],[21.1034,78.1537],[20.8434,78.1146],[20.8383,78.0825],[20.815,78.0783],[21.1265,78.012],[21.2499,77.9662],[21.5582,77.935],[21.545,77.9325],[21.5651,77.9133],[21.4882,77.8875],[21.465,77.8467],[21.2215,77.7392],[21.1849,77.6883],[21.1984,77.6658],[21.1682,77.6425],[21.1649,77.6091],[20.9166,77.587],[20.9049,77.5825],[20.9266,77.5837],[20.8649,77.5666],[20.9049,77.5467],[20.8132,77.5429],[20.8816,77.5325],[20.8216,77.53],[20.8815,77.5117],[20.8851,77.4958],[20.8517,77.4775],[20.8449,77.45],[20.8932,77.4379],[21.0732,77.4404],[21.5301,77.4996],[21.7965,77.4938],[21.97,77.5096],[22.0317,77.52],[22.0199,77.5204],[22.0332,77.5379],[22.3766,77.5846],[22.4833,77.6145],[22.6749,77.5717],[22.6449,77.5525],[22.6448,77.5208],[22.7883,77.4683],[22.7915,77.4575],[22.7383,77.4283],[22.6398,77.4254],[22.5899,77.3879],[22.7149,77.3733],[22.665,77.3233],[22.545,77.2833],[22.5916,77.2516],[22.6766,77.2371],[22.8,77.2763],[23.0251,77.3008],[23.0451,77.3241],[23.1432,77.3696],[23.2265,77.3654],[23.1951,77.3733],[23.3365,77.3946],[23.5598,77.4612],[23.6417,77.4666],[23.6415,77.4884],[23.8031,77.5587],[23.99,77.5521],[24.1316,77.5692],[24.1748,77.5933],[24.1133,77.6146],[23.9232,77.6254],[24.1933,77.6387],[24.2682,77.6567],[24.2916,77.6767],[24.275,77.6975],[24.1381,77.7525],[24.3382,77.8225],[24.3299,77.8346],[24.0231,77.8696],[23.7465,77.8454],[23.6216,77.8633],[23.5017,77.9117],[23.3415,77.9508],[23.2484,78.0183],[23.1515,78.05],[23.1283,78.0775],[23.145,78.1049],[23.2482,78.1358],[23.2516,78.1525],[23.1467,78.1971],[22.875,78.2491]]],[[[21.2067,78.6337],[21.0982,78.6125],[21.0981,78.595],[21.1184,78.5883],[21.1117,78.5758],[21.0201,78.5496],[20.6533,78.5413],[20.2532,78.5071],[20.1634,78.4804],[20.5949,78.4325],[20.6782,78.385],[20.6651,78.3616],[20.6817,78.35],[20.6233,78.3446],[20.6848,78.3292],[20.6433,78.3154],[20.5434,78.3213],[20.6333,78.3129],[20.6081,78.3025],[20.7884,78.2925],[20.7682,78.2775],[20.78,78.2771],[20.7749,78.2642],[20.72,78.2554],[20.7348,78.245],[20.6965,78.2346],[20.7298,78.2296],[20.7216,78.2233],[20.9766,78.2237],[21.0331,78.2012],[21.6133,78.2596],[21.7498,78.2421],[21.8733,78.2596],[22.0334,78.2545],[22.1167,78.2729],[22.2015,78.3641],[22.1764,78.4013],[22.125,78.4167],[22.1248,78.4767],[22.0082,78.515],[22.0015,78.54],[21.9416,78.5783],[21.8316,78.575],[21.7833,78.5821],[21.795,78.6017],[21.7831,78.6054],[21.7467,78.5946],[21.6932,78.6129],[21.5898,78.6137],[21.4716,78.5967],[21.4749,78.5733],[21.4516,78.5708],[21.3281,78.6225],[21.2067,78.6337]]],[[[20.0886,79.1236],[20.0769,79.1231],[20.1468,79.1106],[20.0785,79.0794],[20.1252,79.0536],[20.072,79.0452],[20.3237,79.0106],[20.3018,79.0078],[20.5852,79.0294],[20.6718,79.0193],[20.8234,79.0598],[20.4886,79.1143],[20.3286,79.1069],[20.0886,79.1236]]],[[[19.6654,79.4067],[19.6023,79.3975],[19.6563,79.3738],[19.6154,79.3575],[19.6787,79.3333],[19.9622,79.3524],[20.1272,79.3195],[20.1472,79.3337],[19.9289,79.385],[19.6654,79.4067]]],[[[10.8441,79.7257],[10.7174,79.7182],[10.874,79.694],[10.7572,79.6915],[10.7388,79.6844],[10.7639,79.6807],[10.7437,79.674],[10.754,79.669],[10.7256,79.6603],[10.8973,79.644],[11.0838,79.6657],[11.0539,79.6907],[11.0206,79.6865],[11.004,79.6957],[11.0287,79.6953],[10.9605,79.7123],[10.9721,79.7144],[10.9637,79.724],[10.8441,79.7257]]],[[[10.7842,79.7829],[10.6542,79.7579],[10.8242,79.7388],[11.0125,79.7392],[10.7842,79.7829]]],[[[10.5408,78.8981],[10.4774,78.8973],[10.5459,78.856],[10.5258,78.8427],[10.5424,78.816],[10.4973,78.8015],[10.5142,78.779],[10.6258,78.7435],[10.7489,78.6669],[10.9257,78.5885],[10.9423,78.5777],[10.9357,78.566],[10.9957,78.5494],[10.9708,78.5431],[10.9858,78.5268],[10.9756,78.5227],[11.0457,78.4869],[11.0374,78.4806],[11.0657,78.4535],[11.1393,78.4377],[11.2342,78.4539],[11.3392,78.4485],[11.5724,78.3894],[11.6324,78.3444],[11.8058,78.3018],[11.819,78.291],[11.7973,78.2765],[11.759,78.2735],[11.8624,78.2327],[12.1657,78.2086],[12.0624,78.266],[12.1023,78.2819],[11.9857,78.3202],[11.9525,78.3569],[11.8958,78.3718],[11.8876,78.389],[11.8424,78.3952],[11.869,78.4285],[11.9057,78.4435],[11.6506,78.4548],[11.4758,78.5102],[11.4524,78.5319],[11.469,78.5427],[11.4341,78.5498],[11.2407,78.5406],[11.3041,78.5581],[11.2356,78.5885],[11.2692,78.6185],[11.1323,78.6302],[11.1692,78.651],[11.1374,78.6698],[11.0325,78.686],[11.0573,78.6998],[11.0474,78.7073],[11.194,78.7273],[11.1758,78.7418],[11.0906,78.7714],[10.9689,78.7677],[10.889,78.8002],[10.9758,78.8168],[10.9391,78.8202],[11.0191,78.8244],[11.0058,78.8336],[10.8476,78.8723],[10.5408,78.8981]]],[[[16.2774,80.0566],[16.1749,80.0471],[16.1601,80.0304],[16.0081,80],[16.0316,79.9899],[15.9633,79.9746],[15.9749,79.9666],[15.9349,79.9542],[15.9447,79.9333],[15.9181,79.9275],[16.0966,79.8829],[16.0748,79.8725],[16.1349,79.86],[15.7049,79.8725],[15.6451,79.8624],[15.6648,79.8433],[15.6249,79.8342],[15.6484,79.8242],[15.6148,79.7942],[15.6764,79.7796],[15.6501,79.7738],[15.6514,79.7592],[15.7083,79.7016],[15.675,79.6891],[15.7466,79.6587],[15.7217,79.6425],[15.7931,79.6296],[15.7949,79.6074],[15.8448,79.5525],[15.9032,79.5504],[15.8449,79.5383],[15.8614,79.5183],[15.8481,79.5117],[15.9034,79.4938],[15.875,79.4891],[15.8748,79.4758],[15.9183,79.4233],[15.9149,79.3983],[15.9484,79.3683],[15.9351,79.3534],[15.9614,79.3133],[15.9484,79.3058],[15.9549,79.2925],[16.1116,79.225],[16.1284,79.1874],[16.1848,79.1367],[16.1784,79.1275],[16.2498,79.1079],[16.2383,79.1025],[16.3048,79.0616],[16.3081,79.0366],[16.3715,79.0116],[16.3881,78.9667],[16.525,78.9241],[16.5048,78.9149],[16.5298,78.9095],[16.5166,78.9054],[16.3333,78.9112],[16.2867,78.9379],[16.1983,78.9575],[16.0916,79.0133],[16.0966,79.0337],[15.9582,79.1216],[15.8333,79.1637],[15.7316,79.1358],[15.6984,79.1075],[15.735,79.1017],[15.7149,79.0892],[15.6564,79.0963],[15.6216,79.1241],[15.6381,79.1434],[15.6067,79.1487],[15.7234,79.1996],[15.7118,79.2033],[15.7532,79.2004],[15.7484,79.22],[15.7717,79.2266],[15.6133,79.2671],[15.6216,79.2733],[15.5781,79.2875],[15.6082,79.295],[15.5365,79.3071],[15.4916,79.3233],[15.4884,79.3416],[15.4149,79.3591],[15.4383,79.38],[15.3984,79.4525],[15.4283,79.4616],[15.3582,79.4691],[15.3817,79.4983],[15.2382,79.5183],[15.2615,79.535],[15.2414,79.5867],[15.2966,79.6021],[15.1933,79.6096],[15.0867,79.6438],[15.0264,79.6921],[14.955,79.7167],[14.9715,79.7241],[14.9533,79.732],[14.75,79.7862],[14.4897,79.7946],[14.3816,79.7458],[14.365,79.725],[14.2133,79.677],[14.2565,79.6587],[14.2832,79.6571],[14.2451,79.6633],[14.3233,79.6595],[14.1864,79.6521],[14.1216,79.6317],[14.2434,79.6079],[14.0614,79.6041],[13.8882,79.56],[13.8266,79.5296],[13.8815,79.5249],[13.8864,79.5079],[13.9282,79.4967],[13.8682,79.4825],[13.9717,79.4666],[14.0281,79.4391],[13.9683,79.4208],[14.0181,79.41],[13.9681,79.3908],[14.1182,79.3633],[14.1066,79.3587],[14.1349,79.3325],[14.0515,79.3058],[14.0381,79.27],[14.0134,79.2695],[14.0349,79.275],[14.0315,79.2858],[13.9932,79.2912],[13.8698,79.2796],[13.9083,79.3075],[13.8899,79.3162],[13.9181,79.335],[13.9048,79.3391],[13.9181,79.345],[13.9014,79.36],[13.9133,79.3612],[13.7482,79.4142],[13.7747,79.42],[13.5864,79.4737],[13.4431,79.4821],[13.4015,79.4708],[13.475,79.4425],[13.4284,79.43],[13.3599,79.4521],[13.2017,79.4608],[13.2881,79.4983],[13.2449,79.5083],[13.3499,79.5146],[13.4981,79.5633],[13.4767,79.5721],[13.0733,79.5896],[12.8131,79.5571],[12.7365,79.5629],[12.6064,79.5238],[12.4034,79.5321],[12.4381,79.5633],[12.3498,79.5796],[12.6284,79.585],[12.6932,79.5954],[12.645,79.6025],[12.6665,79.6079],[13.0133,79.6671],[12.9784,79.6808],[12.9866,79.6879],[13.2683,79.7042],[13.2414,79.7067],[13.2532,79.7087],[13.3265,79.6946],[13.3684,79.6991],[13.3381,79.7033],[13.3597,79.7054],[13.7333,79.6862],[13.7615,79.6974],[13.6682,79.6958],[13.8732,79.7296],[13.8833,79.7371],[13.8682,79.7433],[13.9615,79.7749],[13.9315,79.7866],[13.9815,79.8],[13.9116,79.8233],[13.928,79.8291],[13.8832,79.8621],[13.79,79.8771],[13.0864,79.8221],[12.86,79.7763],[12.6965,79.7762],[12.6301,79.762],[12.5331,79.7712],[12.4797,79.8087],[12.415,79.8191],[12.4249,79.8233],[12.4017,79.8375],[12.2017,79.835],[12.2116,79.8316],[12.1915,79.8225],[12.225,79.8167],[12.185,79.8158],[12.15,79.7954],[12.1548,79.785],[12.2301,79.7487],[12.1897,79.7487],[12.2031,79.7421],[12.2848,79.7342],[12.3365,79.6946],[12.3332,79.6663],[12.2897,79.6504],[12.2232,79.6563],[12.2533,79.6721],[12.1366,79.7063],[12.1514,79.6799],[12.1383,79.6583],[12.0748,79.6583],[12.0766,79.6746],[12.0132,79.6829],[12.0516,79.7025],[11.98,79.7054],[12.0482,79.7133],[11.9298,79.7387],[11.9598,79.7454],[11.9584,79.7583],[11.9316,79.7633],[11.9698,79.7679],[11.9533,79.7762],[11.7784,79.7891],[11.8865,79.8037],[11.8282,79.8175],[11.8566,79.8212],[11.8448,79.8391],[11.6216,79.8259],[11.6318,79.8225],[11.605,79.815],[11.6283,79.8116],[11.5949,79.8041],[11.6051,79.7974],[11.5732,79.8112],[11.5,79.8054],[11.5516,79.7708],[11.5134,79.7696],[11.5332,79.7637],[11.5067,79.7562],[11.3932,79.7804],[11.2233,79.7813],[11.2017,79.7641],[11.2801,79.7579],[11.1881,79.7483],[11.1897,79.7196],[11.2251,79.7208],[11.1866,79.7154],[11.1981,79.7067],[11.2982,79.6925],[11.2398,79.6887],[11.2483,79.6825],[11.3616,79.6491],[11.4231,79.6537],[11.4965,79.6371],[11.4899,79.6279],[11.2067,79.6346],[11.1632,79.6229],[11.1231,79.6279],[11.1499,79.6337],[11.14,79.6379],[11.0266,79.6437],[10.8381,79.6024],[11.2083,79.5608],[11.2049,79.5491],[10.7533,79.5604],[10.6647,79.5466],[10.6832,79.5287],[10.7364,79.5304],[10.6934,79.5279],[10.7149,79.5117],[10.8298,79.4913],[10.8766,79.4979],[10.85,79.4887],[10.9633,79.4721],[10.9483,79.455],[10.965,79.4425],[10.9266,79.4379],[10.9066,79.4146],[10.8582,79.4108],[10.9016,79.3867],[10.9567,79.3804],[10.8665,79.3662],[10.865,79.3433],[10.9481,79.3125],[11.0301,79.3104],[11.0014,79.295],[11.0599,79.2562],[11.1182,79.2466],[11.1683,79.2175],[11.1617,79.2],[11.1881,79.18],[11.1748,79.1724],[11.2017,79.1358],[11.1865,79.1188],[11.2032,79.1121],[11.4132,79.1046],[11.6249,79.145],[11.5666,79.1554],[11.6665,79.1546],[11.6882,79.1775],[11.6733,79.1812],[11.6914,79.1858],[11.6916,79.21],[11.5933,79.2646],[11.52,79.2662],[11.5732,79.2754],[11.5581,79.3125],[11.5282,79.3184],[11.5568,79.3262],[11.7382,79.3242],[11.6981,79.3075],[11.7682,79.2408],[11.8298,79.2138],[11.8882,79.2184],[11.8382,79.2708],[11.855,79.2916],[11.95,79.2746],[12.1267,79.3046],[12.1781,79.2991],[12.0567,79.2787],[12.0467,79.2671],[12.1565,79.2645],[12.0149,79.2216],[12.205,79.195],[12.1933,79.1896],[12.0299,79.2021],[11.9201,79.1929],[11.8283,79.1367],[11.9167,79.1212],[11.7983,79.1125],[11.7466,79.0829],[11.6648,79.0666],[11.9682,79.0067],[12.0433,79.0012],[12.1164,79.0196],[12.0982,79.0092],[12.1349,79.0025],[12,78.9937],[12.0534,78.9671],[12.2381,78.9792],[12.2648,78.9908],[12.2416,78.9975],[12.2666,79.0046],[12.4467,78.9971],[12.4416,78.9883],[12.4816,78.9758],[12.4616,78.9617],[12.4616,78.9408],[12.4998,78.9162],[12.5581,78.9133],[12.2667,78.8954],[11.71,78.9679],[11.3451,78.9699],[11.3765,78.9429],[11.63,78.8721],[11.9733,78.8346],[11.9232,78.8204],[11.7782,78.8259],[11.7151,78.805],[11.6549,78.7609],[11.4733,78.7304],[11.63,78.7354],[11.7798,78.7079],[11.84,78.7113],[11.8949,78.6892],[11.8383,78.6833],[11.8549,78.6683],[11.9117,78.6558],[11.9199,78.6404],[12.2266,78.5929],[12.3731,78.5979],[12.3883,78.5842],[12.375,78.5658],[12.4066,78.5462],[12.8733,78.5279],[12.9331,78.5437],[13.0867,78.5471],[13.1364,78.5712],[13.3134,78.5687],[13.2666,78.5454],[13.1514,78.5258],[13.2184,78.5233],[13.1964,78.5179],[12.6966,78.5096],[12.6532,78.4979],[12.54,78.5096],[12.3784,78.495],[12.4981,78.4316],[12.6966,78.3721],[12.7784,78.37],[12.8182,78.385],[12.8584,78.38],[12.7983,78.375],[12.91,78.3662],[12.8832,78.3521],[12.9116,78.3317],[12.8816,78.3283],[12.9051,78.3275],[12.8518,78.3375],[12.8683,78.3192],[12.9132,78.3212],[12.9683,78.3],[12.9083,78.255],[13,78.2046],[13.0899,78.2137],[13.09,78.2254],[13.1401,78.2354],[13.5934,78.2038],[13.8217,78.2083],[13.8714,78.2242],[13.7514,78.26],[13.7732,78.2771],[13.8116,78.2741],[13.9466,78.2287],[13.9582,78.2491],[13.9449,78.2666],[13.9783,78.2784],[13.9666,78.2879],[13.9767,78.2937],[14.0484,78.2983],[14.0381,78.2933],[14.0666,78.2804],[14.0965,78.2995],[14.0716,78.2733],[14.1066,78.2513],[14.1415,78.2592],[14.1184,78.2658],[14.1698,78.2871],[14.3334,78.3079],[14.3166,78.3262],[14.2565,78.3388],[14.3116,78.3491],[14.1749,78.3467],[14.2233,78.3679],[14.1783,78.3908],[14.1965,78.3896],[14.1917,78.4058],[14.2082,78.4083],[14.1947,78.415],[14.2166,78.4187],[14.4398,78.3721],[14.4565,78.3721],[14.4283,78.3942],[14.4598,78.3987],[14.6433,78.3812],[14.7566,78.3937],[14.7984,78.3792],[14.6498,78.4563],[14.2633,78.4863],[14.2966,78.502],[14.4532,78.5162],[14.4001,78.5212],[14.4316,78.5258],[14.4051,78.535],[14.4633,78.5562],[14.6248,78.5458],[14.5718,78.5541],[14.62,78.5529],[14.5582,78.5791],[14.5381,78.6091],[14.5617,78.6466],[14.5401,78.6596],[14.5516,78.66],[14.3816,78.6958],[14.5433,78.6871],[14.6466,78.7029],[14.6616,78.7075],[14.6265,78.7054],[14.6649,78.7141],[14.6651,78.7291],[14.6417,78.7392],[14.6665,78.7479],[14.6964,78.7312],[14.7083,78.735],[14.6914,78.7425],[14.7301,78.7354],[14.75,78.7554],[14.765,78.7383],[14.8349,78.7333],[14.8481,78.6866],[14.8683,78.6717],[14.7781,78.6466],[14.9549,78.5941],[15.0132,78.5963],[14.9816,78.6225],[14.9934,78.6279],[15.1434,78.6529],[15.2566,78.6496],[15.1916,78.68],[15.2117,78.6883],[15.1816,78.7108],[15.2148,78.7142],[15.175,78.7342],[15.1815,78.7608],[15.3216,78.8317],[15.3065,78.8404],[15.3399,78.8363],[15.3465,78.8504],[15.4515,78.8283],[15.4482,78.7875],[15.3966,78.7754],[15.4597,78.7696],[15.4749,78.7491],[15.5116,78.7408],[15.4983,78.7166],[15.4716,78.7108],[15.4917,78.6975],[15.4767,78.6929],[15.4817,78.6741],[15.4982,78.6674],[15.4465,78.6496],[15.4683,78.6383],[15.3799,78.6095],[15.1781,78.5983],[15.2483,78.595],[15.1934,78.5846],[15.1399,78.5996],[15.2449,78.5725],[15.2515,78.5333],[15.2915,78.4975],[15.4182,78.4592],[15.5868,78.452],[15.9564,78.4796],[16.0382,78.5025],[16.0116,78.5275],[16.1066,78.5221],[16.2582,78.5466],[16.4047,78.6067],[16.3616,78.6467],[16.4498,78.6562],[16.4851,78.6758],[16.475,78.6858],[16.5249,78.705],[16.5149,78.7066],[16.57,78.7162],[16.6349,78.69],[16.6417,78.6666],[16.8564,78.6696],[16.9216,78.6491],[16.7531,78.6421],[16.6432,78.5887],[16.5414,78.5692],[16.5549,78.5609],[16.5381,78.5467],[16.47,78.5313],[16.4483,78.4925],[16.3817,78.46],[16.29,78.4537],[16.4065,78.4296],[16.5533,78.4437],[16.5983,78.4258],[16.5981,78.4116],[16.8299,78.3812],[17.1968,78.4423],[17.3399,78.449],[17.3984,78.4294],[17.0781,78.3869],[16.8482,78.3358],[16.8616,78.3333],[16.4632,78.3321],[16.1365,78.3604],[15.7567,78.3371],[15.5549,78.2833],[15.7683,78.2308],[15.6732,78.2154],[15.5499,78.2304],[15.5351,78.2342],[15.5549,78.2408],[15.5333,78.2454],[15.3466,78.2387],[14.995,78.1466],[14.9749,78.1275],[15.0182,78.1108],[14.9766,78.0995],[14.8466,78.1279],[14.5,78.1037],[14.1916,78.1025],[14.2484,78.05],[14.2381,78.0475],[14.325,78.0359],[14.3416,78.0174],[14.3051,78],[14.3364,77.9704],[14.2933,77.9604],[14.2115,77.985],[14.1984,77.9975],[14.2216,78.0091],[14.1283,78.0433],[14.135,78.0525],[13.9767,78.1054],[13.84,78.1004],[13.5984,78.0567],[13.6451,78.035],[13.6356,77.995],[13.6554,77.9866],[13.6256,77.9525],[13.6522,77.9041],[13.692,77.885],[13.6855,77.875],[13.7369,77.8854],[13.7234,77.8696],[13.6573,77.8729],[13.677,77.8554],[13.7221,77.8567],[13.6985,77.8466],[13.7084,77.8425],[13.6572,77.8462],[13.8286,77.805],[13.7951,77.7758],[13.7268,77.7712],[13.7452,77.7617],[13.7201,77.7529],[13.7635,77.7288],[13.8636,77.7412],[13.96,77.7162],[13.9881,77.7384],[14.0366,77.7429],[14.0399,77.7588],[14.1265,77.7679],[14.4067,77.747],[14.635,77.7592],[14.5684,77.7708],[14.5966,77.7779],[14.6766,77.7604],[14.8268,77.7846],[15.0866,77.7954],[15.3366,77.8646],[15.4533,77.8729],[15.4416,77.8658],[15.4734,77.8604],[15.555,77.8824],[15.6967,77.8354],[15.91,77.8238],[16.3132,77.8554],[16.4166,77.8446],[16.6633,77.8546],[16.78,77.9079],[16.9897,77.9296],[16.9349,77.92],[16.9766,77.9104],[16.8866,77.8729],[16.7515,77.8791],[16.8017,77.8666],[16.8434,77.8304],[17.0116,77.8083],[17.1348,77.7741],[16.7932,77.8104],[16.5033,77.7929],[16.35,77.8087],[16.2966,77.7796],[15.9667,77.7521],[15.4099,77.7329],[14.7432,77.6546],[14.7533,77.6421],[14.8533,77.6304],[14.8899,77.6054],[14.9299,77.6179],[15.0265,77.6012],[15.2231,77.6046],[15.9266,77.5563],[16.0249,77.5066],[16.0799,77.5079],[16.1517,77.4808],[16.1,77.4846],[16.0681,77.47],[16.1016,77.4599],[16.0049,77.4708],[15.8199,77.5229],[15.4633,77.5196],[15.3398,77.5371],[15.1334,77.5379],[14.9814,77.5617],[14.7716,77.5408],[14.7782,77.4916],[14.71,77.4771],[14.6251,77.4934],[14.5167,77.4837],[14.5083,77.4908],[14.5915,77.5167],[14.5566,77.5195],[14.5816,77.545],[14.4866,77.5713],[14.2432,77.5754],[13.9149,77.5242],[13.9315,77.515],[13.9049,77.4875],[14.0234,77.4771],[14.0766,77.4487],[14.1432,77.4446],[13.9648,77.4457],[13.9862,77.4329],[13.9414,77.4149],[14.0681,77.3867],[14.0949,77.3608],[14.1415,77.3492],[14.1682,77.3292],[14.1381,77.2983],[14.1967,77.2804],[14.3316,77.2733],[14.2982,77.2516],[14.3516,77.23],[14.3965,77.1887],[14.4714,77.1758],[14.4515,77.1684],[14.5051,77.1742],[14.4882,77.1858],[14.72,77.1796],[15.0733,77.1263],[15.0316,77.1066],[15.1498,77.0779],[15.1614,77.07],[15.1166,77.0621],[15.1616,77.0417],[15.1549,77.0325],[15.4082,76.995],[15.8983,77.0125],[15.915,77.0192],[15.8516,77.0408],[16.0449,77.0625],[16.0484,77.0391],[16.0799,77.0179],[16.19,77.0179],[16.2598,76.9862],[16.2767,77.0079],[16.3766,77.0004],[16.3915,76.9916],[16.3765,76.9788],[16.2901,76.9729],[16.2334,76.9504],[16.19,76.9687],[16.0965,76.9737],[15.925,76.9558],[15.89,76.937],[15.7681,76.9458],[15.775,76.9383],[15.6931,76.9179],[15.5531,76.9054],[15.5017,76.8725],[15.6482,76.8525],[15.6282,76.8458],[15.7249,76.8325],[15.7617,76.8067],[16.0366,76.7371],[16.3101,76.7079],[16.3217,76.7025],[16.3116,76.68],[16.2799,76.6663],[16.3315,76.6516],[16.3316,76.6299],[16.3117,76.5941],[16.2734,76.5863],[16.3018,76.5749],[16.2649,76.5683],[16.2866,76.5604],[16.3665,76.5612],[16.3899,76.5887],[16.4732,76.6129],[16.5583,76.6091],[16.5449,76.58],[16.5932,76.5629],[16.7766,76.5629],[16.9298,76.6004],[16.9867,76.5963],[16.9783,76.6175],[17.0734,76.6346],[17.0682,76.6683],[17.155,76.6975],[17.1617,76.7208],[17.0432,76.7662],[16.8932,76.7912],[16.9566,76.8179],[17.0783,76.8258],[17.0416,76.8325],[17.0583,76.8566],[17.2083,76.9267],[17.2848,76.9375],[17.3082,76.9691],[17.295,76.9817],[17.1882,77.0184],[17.2581,77.0284],[17.2483,77.045],[17.3216,77.0458],[17.3115,77.0567],[17.3416,77.0783],[17.3315,77.095],[17.3899,77.1271],[17.4414,77.135],[17.4117,77.215],[17.4849,77.2466],[17.4484,77.2925],[17.4816,77.3092],[17.475,77.33],[17.5816,77.3633],[17.5967,77.4029],[17.6683,77.4133],[17.5916,77.4308],[17.6016,77.45],[17.6467,77.4646],[17.7148,77.4516],[17.7084,77.4766],[17.7349,77.4792],[17.7015,77.495],[17.7098,77.5021],[17.8766,77.4938],[17.9398,77.5088],[18.0683,77.4883],[18.265,77.5075],[18.2916,77.5275],[18.285,77.5666],[18.3048,77.6042],[18.3648,77.6367],[18.3248,77.6524],[18.3449,77.6667],[18.3217,77.6816],[18.395,77.7092],[18.4449,77.7542],[18.4348,77.7741],[18.4451,77.7975],[18.4083,77.8433],[18.4398,77.8504],[18.3233,77.8962],[18.39,77.9104],[18.3951,77.92],[18.3551,77.92],[18.3898,77.9346],[18.4915,77.9592],[18.3816,78.0175],[18.3781,78.0325],[18.6232,78.0537],[18.79,78.0321],[18.935,78.0508],[19.0316,78.0958],[19.0249,78.1167],[18.8482,78.1884],[19.0265,78.1929],[19.0647,78.2058],[19.0683,78.225],[18.9817,78.2492],[18.9315,78.2808],[18.8283,78.3042],[18.8298,78.3146],[18.8966,78.3087],[19.1081,78.3383],[19.0282,78.4225],[19.1066,78.4146],[19.0916,78.4091],[19.1333,78.3979],[19.3267,78.3913],[19.3751,78.4275],[19.4831,78.4146],[19.8016,78.4233],[19.7248,78.4692],[19.7967,78.4896],[19.7884,78.5375],[19.8316,78.5516],[19.7815,78.5567],[19.8283,78.5641],[19.6867,78.5988],[19.5433,78.5854],[19.5882,78.5967],[19.5416,78.6058],[19.7566,78.6171],[20.0264,78.6004],[20.0568,78.6054],[20.0065,78.6204],[20.1248,78.6308],[20.1283,78.6417],[20.0999,78.6471],[20.2697,78.6437],[20.2114,78.66],[20.27,78.662],[20.5232,78.6338],[20.6598,78.6721],[20.6448,78.68],[20.685,78.69],[20.6731,78.6904],[20.7766,78.7087],[21.0832,78.6479],[21.1665,78.6687],[21.0884,78.6791],[21.3766,78.6663],[21.4018,78.675],[21.3782,78.6983],[21.4014,78.7308],[21.5284,78.7458],[21.5217,78.765],[21.4684,78.775],[21.5214,78.815],[21.5133,78.8313],[21.2766,78.8554],[21.1899,78.8421],[21.1616,78.8575],[21.0551,78.8608],[21.0731,78.8721],[20.9749,78.8891],[20.9882,78.8925],[20.8699,78.8896],[20.8799,78.892],[20.5417,78.9241],[20.5534,78.9279],[20.1666,79.0088],[20.1248,79.005],[20.1316,78.985],[20.12,78.9812],[19.9184,78.995],[19.8917,79.0083],[19.9316,79.0216],[19.8914,79.0292],[19.9214,79.0433],[19.9016,79.05],[19.9283,79.05],[19.7916,79.0783],[19.798,79.0967],[19.7448,79.1333],[19.8083,79.1442],[19.7667,79.1513],[19.6466,79.1396],[19.3032,79.1846],[19.16,79.1437],[18.9049,79.1608],[18.8949,79.1825],[18.9383,79.2083],[18.8332,79.2371],[18.6464,79.2338],[18.5882,79.2491],[18.8282,79.2942],[18.8148,79.2966],[18.8482,79.3183],[18.8384,79.3534],[18.8682,79.3775],[18.8514,79.3966],[18.8634,79.3954],[18.8547,79.4217],[18.8683,79.4266],[18.8567,79.4287],[18.8748,79.4375],[18.7749,79.4758],[18.7884,79.4933],[18.7064,79.5279],[18.7214,79.5408],[18.7,79.5529],[18.6666,79.5479],[18.283,79.6212],[18.1631,79.6113],[18.0767,79.5837],[18.0849,79.5733],[18.0449,79.5533],[18.0282,79.4741],[18,79.4496],[17.8681,79.3967],[17.6799,79.3604],[17.6283,79.3825],[17.7981,79.4341],[17.7781,79.4516],[17.7817,79.53],[17.7599,79.5437],[17.5747,79.5433],[17.7582,79.5658],[17.7551,79.59],[17.7082,79.5942],[17.8299,79.6162],[17.8881,79.66],[18.0201,79.6913],[18.0366,79.7012],[18.035,79.7225],[17.8383,79.8108],[17.7451,79.8233],[17.7751,79.8308],[17.5798,79.8879],[17.4084,79.9008],[17.3899,79.9146],[17.4016,79.9242],[17.3865,79.9262],[17.0166,79.9529],[16.8497,79.9154],[16.9449,79.8675],[16.9283,79.8583],[16.7433,79.8804],[16.755,79.8841],[16.6749,79.9191],[16.7517,79.9425],[16.6116,79.9675],[16.5724,80.0025],[16.5674,80.0375],[16.2774,80.0566]]]]},"properties":{"id":"Q20","names":{"ab":"Норвегиа","af":"Noorweë","am":"ኖርዌይ","an":"Noruega","ar":"النرويج","av":"Норвегия","ay":"Nurweka","az":"Norveç","ba":"Норвегия","be":"Нарвегія","bg":"Норвегия","bh":"नार्वे","bi":"Nowei","bm":"Norwij","bn":"নরওয়ে","bo":"ནོར་ཝེ།","br":"Norvegia","bs":"Norveška","ca":"Noruega","ce":"Норвеги","ch":"Norge","co":"Nurvegia","cs":"Norsko","cu":"Норєгъ","cv":"Норвеги","cy":"Norwy","da":"Norge","de":"Norwegen","dv":"ނޯވޭ","dz":"ནོ་ཝེ་","ee":"Norway","el":"Νορβηγία","en":"Norway","eo":"Norvegio","es":"Noruega","et":"Norra","eu":"Norvegia","fa":"نروژ","ff":"Norwees","fi":"Norja","fj":"Nowei","fo":"Noreg","fr":"Norvège","fy":"Noarwegen","ga":"An Iorua","gd":"Nirribhidh","gl":"Noruega","gn":"Noruéga","gu":"નોર્વે","gv":"Norlynn","ha":"Norway","he":"נורווגיה","hi":"नॉर्वे","hr":"Norveška","ht":"Nòvèj","hu":"Norvégia","hy":"Նորվեգիա","ia":"Norvegia","id":"Norwegia","ie":"Norvegia","ig":"Norway","ik":"Nuuka","io":"Norvegia","is":"Noregur","it":"Norvegia","iu":"ᓄᕐᒋ/nurgi","ja":"ノルウェー","jv":"Nurwègen","ka":"ნორვეგია","kg":"Norge","ki":"Nowĩ","kk":"Норвегия","km":"ន័រវែស","kn":"ನಾರ್ವೆ","ko":"노르웨이","ks":"ناروے","ku":"Norwêc","kv":"Норвегия","kw":"Norgagh","ky":"Норвегия","la":"Norvegia","lb":"Norwegen","lg":"Noowe","li":"Noorwege","ln":"Norvej","lo":"ປະເທດນອກແວດ","lt":"Norvegija","lv":"Norvēģija","mg":"Nôrvezy","mi":"Nōwei","mk":"Норвешка","ml":"നോർവെ","mn":"Норвеги","mr":"नॉर्वे","ms":"Norway","mt":"Norveġja","my":"နော်ဝေနိုင်ငံ","nb":"Norge","ne":"नर्वे","nl":"Noorwegen","nn":"Noreg","nv":"Kinghą́ą́ʼ Haltsooí Dineʼé Bikéyah","ny":"Norge","oc":"Norvègia","om":"Noorwey","or":"ନରୱେ","os":"Норвеги","pa":"ਨਾਰਵੇ","pl":"Norwegia","ps":"ناروې","pt":"Noruega","qu":"Nurwikya","rm":"Norvegia","rn":"Norway","ro":"Norvegia","ru":"Норвегия","rw":"Noruveje","sa":"नार्वे","sc":"Norvègia","sd":"ناروي","se":"Norga","sg":"Nörvêzi","si":"නෝර්වේ","sk":"Nórsko","sl":"Norveška","sm":"Nouei","sn":"Noruweyi","so":"Norway","sq":"Norvegjia","sr":"Норвешка","ss":"INoweyi","st":"Norge","su":"Norwégia","sv":"Norge","sw":"Norwei","ta":"நோர்வே","te":"నార్వే","tg":"Нурвеж","th":"ประเทศนอร์เวย์","ti":"ኖርወይ","tk":"Norwegiýa","tl":"Noruwega","tn":"Norway","to":"Noauē","tr":"Norveç","ts":"Norge","tt":"Норвегия","tw":"Norway","ty":"Noruvetia","ug":"نورۋېگىيە","uk":"Норвегія","ur":"ناروے","uz":"Norvegiya","ve":"Norge","vi":"Na Uy","vo":"Norgän","wa":"Norvedje","wo":"Noorwees","xh":"Norowe","yi":"נארוועגיע","yo":"Nọ́rwèy","za":"Nozveih","zh":"挪威","zu":"INoki"},"from":1925.6182795698924,"to":2004,"wikidata":"Q20","adminLevel":2,"source":"OpenHistoricalMap","sourceUrl":"https://www.openhistoricalmap.org"}},{"type":"Feature","geometry":{"type":"Polygon","coordinates":[[[21.2788,69.3119],[21.0033,69.2223],[20.9876,69.1919],[21.0556,69.1221],[21.1087,69.1039],[21.0575,69.0363],[20.7173,69.1198],[20.5523,69.0601],[20.6755,69.0182],[20.7954,69.0112],[20.9112,68.9807],[20.9346,68.967],[20.9343,68.949],[20.8876,68.9271],[20.8845,68.9067],[20.9057,68.8946],[21.0721,68.8694],[21.2166,68.8172],[21.3147,68.754],[21.4064,68.7489],[21.4636,68.6869],[21.7168,68.6192],[21.7371,68.5879],[21.9192,68.5682],[22.0722,68.477],[22.3031,68.4761],[22.3711,68.4684],[22.374,68.4563],[22.6622,68.4274],[22.7486,68.3855],[22.8083,68.3949],[22.9037,68.3366],[23.0669,68.2903],[23.1552,68.2174],[23.1498,68.1448],[23.1656,68.122],[23.3065,68.1456],[23.383,68.0512],[23.6622,67.9504],[23.6361,67.9135],[23.5325,67.8932],[23.4813,67.8646],[23.4846,67.7372],[23.5535,67.587],[23.4734,67.555],[23.4847,67.543],[23.4313,67.4855],[23.4772,67.4438],[23.5946,67.4536],[23.7652,67.4201],[23.7514,67.3462],[23.7857,67.3375],[23.7354,67.2897],[23.6027,67.2603],[23.5915,67.225],[23.6149,67.214],[23.574,67.173],[23.5813,67.1531],[23.6666,67.0979],[23.6767,67.0585],[23.7203,67.0169],[23.8167,66.9755],[23.9334,66.8888],[24.0013,66.8124],[23.9992,66.7963],[23.9392,66.7911],[23.8924,66.7509],[23.9032,66.6863],[23.8819,66.6318],[23.8932,66.596],[23.8819,66.5635],[23.7311,66.5031],[23.7311,66.4872],[23.6768,66.474],[23.6423,66.4363],[23.677,66.3636],[23.666,66.3055],[23.7242,66.2066],[23.9114,66.1486],[23.9746,66.0728],[24.0196,66.0489],[24.0553,65.9852],[24.0548,65.9479],[24.1497,65.8637],[24.1222,65.8583],[24.1541,65.8183],[24.128,65.7843],[24.1727,65.7251],[24.1648,65.695],[24.1778,65.6607],[24.1325,65.515],[24.1541,65.2935],[24.0834,65.0799],[23.8355,64.665],[23.0988,64.466],[23.0013,64.3866],[22.9614,64.2204],[22.5652,64.1298],[22.3915,64.0701],[22.237,63.9714],[22.121,63.8482],[21.8855,63.7014],[21.4961,63.6667],[20.9386,63.5225],[20.6914,63.4855],[20.3961,63.3343],[20.162,63.1652],[20.4057,62.7422],[20.6639,62.3643],[20.8081,61.9996],[20.9042,61.6482],[20.7724,61.128],[20.4387,60.9024],[20.0239,60.7269],[19.601,60.6913],[19.211,60.6112],[19.1325,60.3019],[19.0832,60.191],[19.9395,59.5955],[22.0825,59.4869],[22.1511,59.5033],[22.3967,59.513],[22.6345,59.608],[22.8577,59.6357],[23.3522,59.6568],[24.4883,59.8171],[24.9301,59.9215],[25.1693,59.9435],[25.5826,59.9282],[26.0173,59.9767],[26.075,60.014],[26.2947,60.0465],[26.4919,60.1534],[26.6111,60.1617],[26.7656,60.2005],[27.2931,60.2002],[27.4564,60.2234],[27.7258,60.3917],[27.6869,60.4336],[27.748,60.4512],[27.7744,60.5336],[27.8453,60.5609],[27.8448,60.5808],[27.8734,60.6046],[28.5246,60.9571],[28.6492,60.9481],[28.684,60.9789],[28.7135,61.0427],[28.8043,61.0934],[28.8191,61.1216],[28.9422,61.1478],[29.2448,61.2707],[29.3288,61.3516],[29.5031,61.4613],[29.4962,61.4919],[29.5917,61.4956],[29.7405,61.5758],[29.8291,61.661],[30.0381,61.7654],[30.071,61.8185],[30.2742,61.9336],[30.3007,61.935],[30.314,61.9673],[30.4471,62.0347],[30.6029,62.1418],[30.6515,62.204],[30.7203,62.2089],[30.8108,62.2707],[30.9042,62.3105],[30.9432,62.3058],[30.9612,62.3436],[31.1628,62.4461],[31.1733,62.4819],[31.2216,62.4986],[31.3453,62.6403],[31.3738,62.6507],[31.4345,62.7779],[31.4667,62.7839],[31.4556,62.7968],[31.5867,62.9087],[31.5021,62.9963],[31.4488,63.0061],[31.463,63.0242],[31.2721,63.1076],[31.2326,63.221],[30.9865,63.3073],[30.9344,63.3555],[30.8542,63.3677],[30.7877,63.4053],[30.484,63.4667],[30.3845,63.5455],[30.255,63.5867],[30.2442,63.6073],[29.9792,63.7533],[30.2604,63.822],[30.3209,63.9095],[30.4919,64.017],[30.5536,64.1017],[30.5534,64.1322],[30.4664,64.2044],[30.5096,64.2217],[30.4824,64.2623],[30.3883,64.2691],[30.2855,64.3298],[30.1099,64.365],[30.0523,64.3978],[30.0583,64.4509],[30.0244,64.483],[30.0297,64.5006],[29.9871,64.5337],[29.9894,64.5876],[30.1301,64.6347],[30.1358,64.649],[30.0537,64.713],[30.0414,64.7412],[30.0856,64.7643],[30.0429,64.7929],[29.7396,64.7898],[29.6875,64.8188],[29.6997,64.8372],[29.6449,64.8665],[29.611,64.9273],[29.6192,64.9597],[29.5993,64.9951],[29.627,65.0606],[29.7327,65.0913],[29.8969,65.1051],[29.8193,65.1443],[29.8936,65.193],[29.8857,65.2063],[29.6429,65.2315],[29.6018,65.2599],[29.7466,65.3474],[29.7274,65.4003],[29.733,65.4725],[29.8639,65.5604],[29.7219,65.6371],[30.0158,65.6962],[30.1385,65.6687],[30.1194,65.7522],[30.0685,65.895],[29.9971,65.9788],[29.9891,66.0198],[29.9233,66.1271],[29.6992,66.2674],[29.7068,66.2739],[29.5196,66.4963],[29.4181,66.5912],[29.3826,66.5984],[29.3573,66.6399],[29.1494,66.7804],[29.1059,66.7904],[29.1107,66.8091],[29.0509,66.8782],[29.0342,66.9439],[29.0799,67.0004],[29.5088,67.2754],[29.5226,67.3099],[29.6422,67.3356],[29.6301,67.3531],[29.9221,67.5189],[30.0156,67.6711],[29.6594,67.803],[29.3335,68.0694],[28.6462,68.1963],[28.4339,68.5397],[28.7064,68.7322],[28.8008,68.8693],[28.6613,68.8864],[28.468,68.8854],[28.4158,68.9155],[28.9288,69.0518],[28.8054,69.1112],[28.8303,69.1719],[28.8315,69.2244],[29.2193,69.3976],[29.3365,69.4783],[29.1705,69.639],[29.1339,69.6953],[28.4042,69.8184],[28.3305,69.8492],[28.3453,69.8808],[28.1607,69.921],[27.9843,70.014],[27.977,70.0542],[27.9483,70.0919],[27.7393,70.0644],[27.616,70.075],[27.5543,70.059],[27.5212,70.0225],[27.4286,70.0192],[27.2794,69.9804],[27.2969,69.9536],[27.0356,69.9103],[26.9664,69.9388],[26.8783,69.9334],[26.8534,69.9599],[26.7155,69.9453],[26.6761,69.9646],[26.4637,69.9389],[26.4562,69.9202],[26.4078,69.8982],[26.4137,69.8815],[26.382,69.8535],[26.2459,69.8174],[26.2402,69.7936],[26.1288,69.7362],[26.0105,69.723],[25.8932,69.6672],[25.954,69.6473],[25.971,69.6041],[25.9329,69.5713],[25.84,69.5453],[25.8766,69.5253],[25.8498,69.4969],[25.8634,69.4836],[25.7973,69.4244],[25.8466,69.3945],[25.8079,69.3583],[25.76,69.3409],[25.7301,69.2635],[25.7022,69.2514],[25.7108,69.2272],[25.6948,69.1948],[25.7417,69.1409],[25.7237,69.1167],[25.7278,69.0759],[25.7752,69.0146],[25.7119,68.9797],[25.6555,68.9098],[25.6196,68.8908],[25.538,68.8869],[25.4889,68.9046],[25.406,68.8923],[25.2445,68.8419],[25.1544,68.797],[25.123,68.7476],[25.1094,68.6373],[24.9189,68.6055],[24.9032,68.5546],[24.8572,68.5622],[24.7834,68.6362],[24.6084,68.6819],[24.251,68.7271],[24.153,68.7536],[24.1586,68.7897],[24.0756,68.78],[23.9833,68.8271],[23.8715,68.8365],[23.7754,68.8189],[23.7311,68.7508],[23.6735,68.7055],[23.4406,68.6922],[23.1676,68.6285],[23.0544,68.6851],[22.8008,68.6875],[22.5354,68.7445],[22.3745,68.7167],[22.3408,68.8272],[22.1919,68.9188],[22.1758,68.9563],[21.6271,69.2766],[21.2788,69.3119]]]},"properties":{"id":"Q33","names":{"de":"Finnland","en":"Finland","ko":"핀란드","la":"Finnia","sv":"Finland"},"from":1985.5833333333333,"to":null,"wikidata":"Q33","adminLevel":2,"source":"OpenHistoricalMap","sourceUrl":"https://www.openhistoricalmap.org"}},{"type":"Feature","geometry":{"type":"Polygon","coordinates":[[[12.4874,43.8965],[12.5133,43.9381],[12.507,43.9914],[12.405,43.9459],[12.4195,43.9006],[12.4874,43.8965]]]},"properties":{"id":"Q238","names":{"ab":"Сан Марино","ace":"San Marino","af":"San Marino","als":"San Marino","am":"ሳን ማሪኖ (አገር)","ami":"San marino","an":"San Marino","ang":"Sanct Marinusland","ann":"San Marino","ar":"سان مارينو","as":"ছান মাৰিণ'","ast":"San Marín","avk":"Sanmarina","az":"San-Marino","ba":"Сан-Марино","ban":"San Marino","bar":"San Marino","bat-smg":"San Marėns","bcl":"San Marino","be":"Сан-Марына","be-x-old":"Сан-Марына","bew":"San Marino","bg":"Сан Марино","bh":"सैन मरीनो","bi":"San Marino","bn":"সান মারিনো","bo":"སན་མ་རི་ནོ།","br":"San Marino","bs":"San Marino","bxr":"Сан-Марино","ca":"San Marino","cbk-zam":"San Marino","cdo":"San Marino","ce":"Сан-Марино","ceb":"San Marino","co":"San Marinu","crh":"San Marino","cs":"San Marino","csb":"San Marino","cu":"Санъ Марино","cv":"Сан-Марино","cy":"San Marino","da":"San Marino","dag":"San Marino","de":"San Marino","diq":"San Marino","dsb":"San Marino","dv":"ސަން މަރީނޯ","ee":"San Marino","el":"Άγιος Μαρίνος","eml":"San Marein","en":"San Marino","eo":"San-Marino","es":"San Marino","et":"San Marino","eu":"San Marino","ext":"San Marinu","fa":"سان مارینو","ff":"San Marino","fi":"San Marino","fiu-vro":"San Marino","fo":"San Marino","fr":"Saint-Marin","frp":"Sant-Marin","frr":"San Marino","fur":"San Marin","fy":"San Marino","ga":"San Mairíne","gag":"San Marino","gcr":"Sen-Maren","gd":"San Marino","gl":"San Marino","gn":"San Maríno","gu":"સાન મૅરિનો","gv":"San Marino","ha":"San Marino","hak":"San Marino","haw":"Sana Marino","he":"סן מרינו","hi":"सान मारिनो","hif":"San Marino","hr":"San Marino","hsb":"San Marino","ht":"Sen Maren","hu":"San Marino","hy":"Սան Մարինո","ia":"San Marino","id":"San Marino","ie":"San Marino","ig":"San Marino","ilo":"San Marino","io":"San-Marino","is":"San Marínó","it":"San Marino","ja":"サンマリノ","jam":"San Mariino","jv":"San Marino","ka":"სან-მარინო","kaa":"San-Marino","kab":"San Marin","kbd":"Сан-Марино","kg":"Saint-Marin","kge":"San Marino","ki":"Canimarino","kk":"Сан-Марино","km":"សាន់ម៉ារីណូ","kn":"ಸಾನ್ ಮರಿನೊ","ko":"산마리노","koi":"Сан Марино","krc":"Сан-Марино","ku":"San Marîno","kv":"Сан-Марино","kw":"Sen Marin","ky":"Сан-Марино","la":"Sanctus Marinus","lad":"San Marino","lb":"San Marino","lez":"Сан-Марино","lfn":"San Marino","lg":"San Marino","li":"San Marino","lij":"San Marin","lld":"San Marino","lmo":"San Marin","ln":"Santu Marino","lo":"ປະເທດຊັງມາລີໂນ","lt":"San Marinas","ltg":"San Marins","lv":"Sanmarīno","mad":"San Marino","map-bms":"San Marino","mdf":"Сан-Марино","mg":"San-Marîno","mhr":"Сан-Марино","mi":"Hato Marino","min":"San Marino","mk":"Сан Марино","ml":"സാൻ മരീനോ","mn":"Сан-Марино","mr":"सान मारिनो","ms":"San Marino","mt":"San Marino","mwl":"San Marino","my":"ဆန်မာရီနိုနိုင်ငံ","myv":"Сан-Марино Мастор","nap":"San Marino","nds":"San Marino","nds-nl":"San Marino","ne":"सान मारिनो","nl":"San Marino","nn":"San Marino","no":"San Marino","nov":"San Marino","nrm":"Saint Mathîn","nv":"Dziłkʼi Yadaaʼáhí Hahoodzo","ny":"San Marino","oc":"Sant Marin","olo":"San Marino","om":"Saan Maariinoo","os":"Сан-Марино","pa":"ਸਾਨ ਮਰੀਨੋ","pag":"San Marino","pam":"San Marino","pap":"San Marino","pcd":"Saint-Marin","pl":"San Marino","pms":"San Marin","pnt":"Άι Μαρίνος","ps":"سان مارینو","pt":"San Marino","qu":"San Marino","rgn":"San Marein","rm":"San Marino","rn":"Saint-Marin","ro":"San Marino","roa-rup":"San Marino","roa-tara":"San Marine","ru":"Сан-Марино","rw":"Mutagatifu Marino","sa":"सान मरीनो","sah":"Сан Марино","sc":"Santu Marinu","scn":"San Marinu","sco":"San Marino","sd":"سان مارينو","se":"San Marino","sh":"San Marino","si":"සැන් මරිනෝ","sk":"San Maríno","sl":"San Marino","sm":"San Marino","smn":"San Marino","sn":"Musande Marino","so":"San Marino","sq":"San Marino","sr":"Сан Марино","srn":"San Marinokondre","stq":"San Marino","su":"San Marino","sv":"San Marino","sw":"San Marino","szl":"San Marino","szy":"San Marino","ta":"சான் மரீனோ","te":"సాన్ మారినో","tet":"Saun Mariñu","tg":"Сан-Марино","th":"ประเทศซานมารีโน","ti":"ሳን ማሪዮ","tk":"San-Marino","tl":"San Marino","tly":"San-Marino","to":"Sā Malino","tok":"ma San Malino","tpi":"San Marino","tr":"San Marino","trv":"San Marino","ts":"San Marino","tt":"Сан-Марино","tum":"San Marino","udm":"Сан-Марино","ug":"سان مارىنو","uk":"Сан-Марино","ur":"سان مارینو","uz":"San Marino","vec":"San Marin","vep":"San Marino","vi":"San Marino","vls":"San Marino","vo":"Sanmarinän","war":"San Marino","wo":"San Marino","xh":"Sen Marino","yi":"סאן מארינא","yo":"San Màrínò","za":"San Marino","zea":"San Marino","zh":"圣马力诺","zh-min-nan":"San Marino","zu":"USanti Marino"},"from":1740.0940860215053,"to":null,"wikidata":"Q238","adminLevel":2,"source":"OpenHistoricalMap","sourceUrl":"https://www.openhistoricalmap.org"}},{"type":"Feature","geometry":{"type":"MultiPolygon","coordinates":[[[[-9.581,39.4174],[-9.5681,39.3928],[-9.5152,39.3702],[-9.4581,39.3871],[-9.4437,39.4109],[-9.4523,39.4371],[-9.4914,39.4583],[-9.4914,39.4962],[-9.5306,39.5172],[-9.564,39.5129],[-9.6037,39.4804],[-9.581,39.4174]]],[[[-6.8071,40.8766],[-6.8425,40.8971],[-6.8622,40.9525],[-6.9303,41.0146],[-6.9233,41.034],[-6.8076,41.0386],[-6.7545,41.1032],[-6.7709,41.1301],[-6.7004,41.181],[-6.6441,41.2482],[-6.5692,41.2404],[-6.5219,41.2758],[-6.4837,41.272],[-6.4849,41.2925],[-6.4421,41.3031],[-6.4201,41.3432],[-6.3797,41.3563],[-6.3913,41.3827],[-6.3197,41.3859],[-6.3337,41.4093],[-6.2984,41.4309],[-6.3043,41.4509],[-6.1934,41.5728],[-6.2015,41.5946],[-6.2987,41.6604],[-6.445,41.6848],[-6.4574,41.6666],[-6.4996,41.6571],[-6.546,41.6838],[-6.5645,41.7517],[-6.5184,41.8672],[-6.5671,41.8825],[-6.5472,41.9407],[-6.5837,41.9656],[-6.6214,41.9397],[-6.7,41.9333],[-6.7436,41.9411],[-6.7718,41.9851],[-6.8052,41.9909],[-6.8203,41.9489],[-6.892,41.9398],[-6.946,41.9475],[-6.9794,41.9738],[-7.0146,41.9501],[-7.0654,41.9489],[-7.0955,41.9769],[-7.1468,41.9886],[-7.1832,41.9742],[-7.1762,41.9168],[-7.1967,41.88],[-7.3094,41.8456],[-7.3727,41.849],[-7.4197,41.8115],[-7.4466,41.8589],[-7.4958,41.8706],[-7.5213,41.8418],[-7.6096,41.8296],[-7.6019,41.8665],[-7.5841,41.8757],[-7.6516,41.881],[-7.6973,41.9072],[-7.8397,41.881],[-7.8729,41.8466],[-7.8918,41.8588],[-7.8847,41.9243],[-7.8991,41.9266],[-7.9285,41.8779],[-7.9887,41.8675],[-8.0129,41.8318],[-8.1268,41.8087],[-8.158,41.8183],[-8.1705,41.8778],[-8.1997,41.8821],[-8.2166,41.9071],[-8.1632,41.9804],[-8.086,42.0165],[-8.0839,42.0386],[-8.0961,42.0711],[-8.1181,42.082],[-8.183,42.0666],[-8.1975,42.1538],[-8.3385,42.0841],[-8.4253,42.0725],[-8.4855,42.0819],[-8.5273,42.0761],[-8.5444,42.0547],[-8.6328,42.0489],[-8.6663,42.0005],[-8.7398,41.9681],[-8.7586,41.9321],[-8.8732,41.8634],[-8.9313,41.8645],[-8.9289,41.7441],[-8.8427,41.5465],[-8.8285,41.4718],[-8.8354,41.3888],[-8.7924,41.3181],[-8.765,41.1977],[-8.7193,41.1303],[-8.6987,40.9862],[-8.879,40.3807],[-8.9565,40.1989],[-8.9548,40.1702],[-8.915,40.127],[-9.0964,39.7337],[-9.1338,39.5929],[-9.3008,39.435],[-9.4224,39.4033],[-9.4549,39.3735],[-9.4533,39.342],[-9.3922,39.2862],[-9.3919,39.2328],[-9.4703,39.0825],[-9.4668,38.9495],[-9.5494,38.7809],[-9.5305,38.6912],[-9.5133,38.6755],[-9.4307,38.6512],[-9.3884,38.6563],[-9.2714,38.6102],[-9.2326,38.5257],[-9.2714,38.4118],[-9.2489,38.3809],[-9.1938,38.3708],[-9.1487,38.3914],[-9.0566,38.3971],[-8.9301,38.4467],[-8.8688,38.4],[-8.8403,38.3425],[-8.8254,38.258],[-8.8376,38.1552],[-8.8835,38.0392],[-8.9398,37.9501],[-8.9289,37.9179],[-8.8538,37.8867],[-8.8433,37.8661],[-8.861,37.7506],[-8.8461,37.6812],[-8.8684,37.5962],[-8.84,37.5262],[-8.8568,37.425],[-8.9267,37.3251],[-8.9153,37.2621],[-8.9594,37.2181],[-8.9584,37.1674],[-9.0467,37.0279],[-9.0312,36.9938],[-8.9803,36.9626],[-8.919,36.9613],[-8.8128,37.0258],[-8.6526,37.0421],[-8.6062,37.082],[-8.449,37.047],[-8.3721,37.0561],[-8.2965,37.0327],[-8.1877,37.0494],[-8.1114,37.0257],[-7.9617,36.9377],[-7.8776,36.9211],[-7.5524,37.1051],[-7.4647,37.1357],[-7.3977,37.129],[-7.4126,37.2215],[-7.4332,37.2563],[-7.4217,37.2738],[-7.442,37.316],[-7.4405,37.391],[-7.4599,37.4061],[-7.4457,37.4199],[-7.4639,37.4872],[-7.5227,37.5531],[-7.5026,37.6024],[-7.4548,37.6463],[-7.4219,37.7534],[-7.3013,37.8419],[-7.2558,37.9265],[-7.2543,37.9832],[-7.1959,38.0014],[-7.136,37.9995],[-7.1033,38.0411],[-7.0615,38.0183],[-7.0106,38.0211],[-6.9522,38.1528],[-6.9687,38.1628],[-6.9338,38.2019],[-6.9587,38.2143],[-7.0055,38.2046],[-7.0272,38.1834],[-7.0987,38.18],[-7.1521,38.2761],[-7.2843,38.4224],[-7.3309,38.4377],[-7.2964,38.4752],[-7.3213,38.4798],[-7.314,38.5128],[-7.2432,38.6235],[-7.2706,38.6359],[-7.253,38.7284],[-7.2009,38.7505],[-7.1313,38.8118],[-7.0902,38.8199],[-7.0684,38.8542],[-7.0392,38.8647],[-7.0439,38.9121],[-6.952,39.0229],[-6.996,39.0993],[-7.0442,39.1182],[-7.1044,39.1002],[-7.1371,39.1068],[-7.1492,39.122],[-7.134,39.1698],[-7.2372,39.2061],[-7.2395,39.2829],[-7.3071,39.3357],[-7.3221,39.3856],[-7.2945,39.4563],[-7.3775,39.4894],[-7.3976,39.5328],[-7.4289,39.5341],[-7.4613,39.5729],[-7.4982,39.5894],[-7.5319,39.6619],[-7.3349,39.6409],[-7.2499,39.667],[-7.0588,39.6593],[-7.018,39.6701],[-7.0076,39.6873],[-6.9773,39.7716],[-6.9864,39.8105],[-6.9082,39.8665],[-6.9041,39.9264],[-6.8868,39.9396],[-6.8865,39.9781],[-6.8649,40.0102],[-6.9327,40.1012],[-7.0146,40.1318],[-7.0285,40.1888],[-7.0025,40.2319],[-6.9507,40.2575],[-6.8763,40.26],[-6.8631,40.2974],[-6.7907,40.3338],[-6.79,40.3715],[-6.8363,40.411],[-6.8494,40.4505],[-6.7958,40.5112],[-6.8012,40.5499],[-6.8413,40.5766],[-6.7967,40.6576],[-6.8294,40.74],[-6.8071,40.8766]]],[[[-15.8066,29.9418],[-15.7146,29.9787],[-15.6322,30.0881],[-15.6404,30.2247],[-15.753,30.335],[-15.9164,30.3598],[-16.0593,30.2994],[-16.0909,30.2603],[-16.1664,30.2318],[-16.2749,30.1237],[-16.2776,30.0037],[-16.2337,29.9038],[-16.1499,29.8478],[-16.062,29.8335],[-15.9137,29.849],[-15.8066,29.9418]]],[[[-16.4438,32.1989],[-16.2817,32.2569],[-16.2241,32.366],[-16.279,32.5746],[-16.4163,32.7965],[-16.2653,32.815],[-16.1005,32.905],[-16.0291,33.0432],[-16.051,33.2088],[-16.2158,33.3168],[-16.3889,33.3191],[-16.5537,33.2318],[-16.6278,33.0524],[-16.6086,32.9511],[-16.8997,33.0524],[-17.2266,33.0777],[-17.3611,33.011],[-17.4985,32.8865],[-17.4847,32.7134],[-17.254,32.5213],[-16.6525,32.2477],[-16.4438,32.1989]]],[[[-30.976,39.211],[-30.8633,39.3534],[-30.8469,39.5909],[-30.8551,39.8022],[-30.9979,39.914],[-31.2204,39.9182],[-31.344,39.8106],[-31.5363,39.5528],[-31.5582,39.3853],[-31.4703,39.2365],[-31.322,39.145],[-31.0638,39.1641],[-30.976,39.211]]],[[[-27.507,38.5143],[-27.3999,38.4643],[-27.1582,38.4106],[-26.922,38.4514],[-26.76,38.6083],[-26.7957,38.8461],[-27.0511,38.9808],[-27.3944,38.9872],[-27.6032,38.8825],[-27.6416,38.7305],[-27.8229,38.8205],[-27.6938,38.8782],[-27.6773,39.0405],[-27.7734,39.228],[-28.0069,39.3067],[-28.1854,39.2769],[-28.298,39.1854],[-28.331,39.0256],[-28.2925,38.968],[-28.5617,38.9188],[-28.9709,38.7905],[-29.0863,38.6962],[-29.0726,38.5009],[-28.9352,38.361],[-28.5974,38.2101],[-28.3887,38.1842],[-28.0316,38.1929],[-27.7707,38.2964],[-27.5482,38.4127],[-27.507,38.5143]]],[[[-25.3317,36.7785],[-25.1862,36.7279],[-24.9912,36.7279],[-24.8538,36.7631],[-24.5352,37.1931],[-24.5517,37.3483],[-24.9472,37.9788],[-25.0543,38.0632],[-25.6888,38.1238],[-25.8756,38.1],[-26.0239,37.9897],[-26.1008,37.8662],[-26.0898,37.7577],[-25.3317,36.7785]]]]},"properties":{"id":"Q45","names":{"ab":"Португалиа","am":"ፖርቱጋል","ar":"البرتغال","av":"Португалия","ay":"Purtuwal","az":"Portuqaliya","ba":"Португалия","be":"Партугалія","bg":"Португалия","bh":"पुर्तगाल","bn":"পর্তুগাল","bo":"པོ་ཅུ་གྷལ།","ce":"Португали","co":"Portugallu","cs":"Portugalsko","cu":"Портогалїꙗ","cv":"Португали","cy":"Portiwgal","de":"Portugal","dv":"ޕޯޗުގަލް","dz":"པོར་ཅུ་གལ་","el":"Πορτογαλία","en":"Portugal","eo":"Portugalio","fa":"پرتغال","ff":"Portokeesi","fi":"Portugali","fj":"Potukali","fy":"Portegal","ga":"An Phortaingéil","gd":"A' Phortagail","gn":"Poytuga","gu":"પોર્ટુગલ","gv":"Yn Phortiugal","he":"פורטוגל","hi":"पुर्तगाल","ht":"Pòtigal","hu":"Portugália","hy":"Պորտուգալիա","ik":"Pausigalaq","is":"Portúgal","it":"Portogallo","ja":"ポルトガル","jv":"Portegal","ka":"პორტუგალია","kg":"Mputulukesi","kk":"Португалия","km":"ព័រទុយកាល់","kn":"ಪೋರ್ಚುಗಲ್","ko":"포르투갈","ks":"پُرتَگال","ku":"Portûgal","kv":"Португалия","kw":"Portyngal","ky":"Португалия","la":"Portugallia","ln":"Pulutugal","lo":"ປະເທດປອກຕຸຍການ","lt":"Portugalija","lv":"Portugāle","mg":"Pôrtogaly","mi":"Potukara","mk":"Португалија","ml":"പോർച്ചുഗൽ","mn":"Португал","mr":"पोर्तुगाल","mt":"Portugall","my":"ပေါ်တူဂီနိုင်ငံ","ne":"पोर्तगाल","nv":"Dziil Binaashkǫ́ǫłii Bikéyah","om":"Poorchugaal","os":"Португали","pa":"ਪੁਰਤਗਾਲ","pi":"पुर्तगाल","pl":"Portugalia","ps":"پرتګال","pt":"Portugal","qu":"Purtuyal","ro":"Portugalia","ru":"Португалия","rw":"Porutigali","sa":"पुर्तगाल","sc":"Portugallu","sd":"پورچوگال","si":"පෘතුගාලය","sk":"Portugalsko","sl":"Portugalska","sm":"Potukale","sn":"Putugaro","so":"Burtuqaal","sq":"Portugalia","sr":"Португалија","ss":"IPhuthukezi","sw":"Ureno","ta":"போர்த்துகல்","te":"పోర్చుగల్","tg":"Португалия","th":"ประเทศโปรตุเกส","tk":"Portugaliýa","to":"Potukali","tr":"Portekiz","tt":"Португалия","ty":"Pōtītī","ug":"پورتۇگالىيە","uk":"Португалія","ur":"پرتگال","uz":"Portugaliya","vi":"Bồ Đào Nha","vo":"Portugän","wo":"Portugaal","xh":"Photshugo","yi":"פארטוגאל","yo":"Pọ́rtúgàl","za":"Buzdauzyaz","zh":"葡萄牙","zu":"IPhothugali"},"from":1999.967741935484,"to":null,"wikidata":"Q45","adminLevel":2,"source":"OpenHistoricalMap","sourceUrl":"https://www.openhistoricalmap.org"}},{"type":"Feature","geometry":{"type":"MultiPolygon","coordinates":[[[[12.8861,36.0763],[12.7405,36.0512],[12.6738,36.0116],[12.6283,35.9596],[12.6047,35.8971],[12.6061,35.8312],[12.6273,35.7784],[12.6782,35.7179],[12.4602,35.7216],[12.305,35.7503],[12.2136,35.7328],[12.1458,35.6939],[12.0953,35.6326],[12.0756,35.5699],[12.0815,35.5038],[12.1197,35.4351],[12.2368,35.3617],[12.3769,35.355],[12.5684,35.2947],[12.7032,35.3011],[12.8076,35.3522],[12.8583,35.4134],[12.8797,35.4972],[12.8665,35.5808],[12.8138,35.6538],[12.9315,35.6579],[13.0218,35.6893],[13.0972,35.7563],[13.1294,35.8395],[13.119,35.925],[13.0736,35.9981],[12.99,36.0542],[12.8861,36.0763]]],[[[12.2962,36.8415],[12.2523,36.9188],[12.1558,36.9901],[12.0234,37.0334],[11.9322,37.04],[11.8169,37.0119],[11.7445,36.9641],[11.6877,36.8812],[11.6772,36.791],[11.711,36.7013],[11.8305,36.585],[11.9288,36.5432],[12.0515,36.5349],[12.1674,36.5691],[12.257,36.6397],[12.3009,36.7296],[12.2962,36.8415]]],[[[13.4567,38.7214],[13.4328,38.7962],[13.3693,38.8637],[13.2718,38.9081],[13.1626,38.9206],[13.0567,38.897],[12.9731,38.8487],[12.9108,38.7667],[12.8963,38.6915],[12.9226,38.6077],[12.9844,38.5432],[13.0814,38.5002],[13.1872,38.4904],[13.2844,38.5097],[13.3797,38.5644],[13.4386,38.6352],[13.4567,38.7214]]],[[[8.9757,45.9617],[8.9775,45.9823],[8.9669,45.9841],[8.9757,45.9617]]],[[[9.2346,41.2987],[9.1349,41.3181],[8.7065,41.2405],[8.4957,41.2705],[8.3701,41.3173],[8.2344,41.3107],[8.1225,41.2679],[8.0603,41.2214],[7.9813,41.1261],[7.9161,40.9875],[7.8686,40.7417],[7.8766,40.5794],[7.9233,40.4683],[8.1016,40.2874],[8.0226,39.9995],[8.0159,39.8631],[8.0553,39.7739],[8.1655,39.6862],[8.1175,39.4289],[7.9717,39.2254],[7.9536,39.1192],[7.9786,39.0568],[8.1904,38.7532],[8.2986,38.6774],[8.4147,38.6581],[8.9388,38.6855],[9.0087,38.7138],[9.1641,38.8164],[9.6598,38.9048],[9.8031,39.0042],[9.8539,39.0791],[9.9546,39.8195],[10.0545,40.4033],[10.0911,40.5152],[10.0861,40.5687],[10.0116,40.7793],[10.041,40.8504],[10.0378,40.9148],[10.0079,40.9751],[9.898,41.0968],[9.8495,41.1858],[9.7818,41.2514],[9.7435,41.3253],[9.6063,41.4296],[9.45,41.4065],[9.3165,41.3361],[9.2698,41.2918],[9.2346,41.2987]]],[[[7.5396,43.7429],[7.6103,43.6559],[7.6418,43.5769],[7.7602,43.586],[8.1519,43.6946],[8.2406,43.7311],[8.3868,43.8253],[8.7497,44.1906],[8.8763,44.189],[9.1109,44.1003],[9.287,44.066],[9.7125,43.849],[9.8617,43.8216],[9.9476,43.7025],[9.7267,43.5955],[9.657,43.539],[9.6214,43.4741],[9.5725,43.2635],[9.6417,42.955],[9.6813,42.8876],[9.7645,42.8085],[9.7341,42.7049],[9.7825,42.6324],[9.8147,42.4386],[9.8019,42.3695],[9.8266,42.2667],[9.8786,42.2123],[9.978,42.1678],[10.2783,42.1144],[10.8503,42.1152],[11.0246,42.0468],[11.599,41.9254],[12.0386,41.5988],[12.2033,41.5305],[12.3379,41.4155],[12.3766,41.3632],[12.5827,40.9229],[12.6004,40.8473],[12.6857,40.7606],[12.8453,40.6938],[13.0244,40.6491],[13.785,40.5058],[14.0632,40.3635],[14.729,40.0952],[15.1378,39.8506],[15.3275,39.7965],[15.5397,39.6977],[15.5534,39.6367],[15.6394,39.4694],[15.7689,39.3378],[15.7998,39.2461],[15.8324,39.0424],[15.7625,38.8545],[15.6708,38.8031],[15.604,38.7297],[15.5284,38.5017],[15.2615,38.4733],[15.3323,38.5331],[15.3681,38.6097],[15.4521,38.6815],[15.4929,38.7581],[15.4981,38.8239],[15.4641,38.9056],[15.3957,38.9658],[15.2952,39.0042],[15.1777,39.0097],[15.0939,38.9878],[15.0164,38.9442],[14.962,38.8891],[14.9302,38.8182],[14.8768,38.7848],[14.6883,38.7618],[14.5264,38.7861],[14.4001,38.7525],[14.276,38.7462],[14.1664,38.6957],[14.0984,38.6121],[14.084,38.5366],[14.1031,38.4632],[14.1506,38.4013],[14.2242,38.3551],[14.3608,38.3299],[14.5004,38.3624],[14.5963,38.3526],[14.6846,38.3678],[14.6791,38.3584],[14.0197,38.2444],[13.635,38.3014],[13.4388,38.401],[13.3532,38.4232],[13.0791,38.3908],[12.6938,38.3878],[12.5875,38.3556],[12.4131,38.245],[11.9147,38.1713],[11.8257,38.1119],[11.7812,38.0351],[11.7837,37.9387],[11.8543,37.8236],[11.9187,37.7823],[12.2184,37.6599],[12.3165,37.5376],[12.5246,37.3971],[12.6024,37.3665],[12.9292,37.3054],[13.2375,37.1732],[13.5363,37.0117],[13.7558,36.9242],[14.378,36.6084],[14.595,36.5357],[15.0737,36.4421],[15.1791,36.4593],[15.3163,36.5295],[15.3766,36.5952],[15.5854,36.9712],[15.582,37.0463],[15.5491,37.1189],[15.4347,37.5784],[15.5449,37.7807],[15.6761,37.7283],[15.7724,37.7152],[16.0884,37.7227],[16.2292,37.7726],[16.6578,38.2027],[17.3916,38.8516],[17.4501,38.9564],[17.465,39.0209],[17.4103,39.2632],[18.5208,39.6305],[18.6266,39.7328],[18.773,40.0551],[18.7817,40.1101],[18.7694,40.1874],[18.665,40.3777],[18.1697,40.8098],[18.0422,40.8697],[17.6538,40.9874],[17.4704,41.1149],[17.2257,41.238],[16.9675,41.3287],[16.7259,41.3878],[16.5411,41.4654],[16.4657,41.78],[16.451,41.9207],[16.4253,41.9793],[16.3668,42.0373],[16.2238,42.1122],[16.0078,42.1631],[16.0214,42.2263],[16.0113,42.2804],[15.9756,42.3377],[15.9178,42.3839],[15.8036,42.4226],[15.6814,42.4214],[15.5953,42.3938],[15.5155,42.3406],[15.4254,42.3297],[15.0558,42.2307],[14.8611,42.347],[14.7228,42.388],[14.6151,42.4938],[14.3767,42.6402],[14.2468,42.7871],[14.1994,42.875],[14.1027,43.1648],[13.9043,43.5373],[13.885,43.6211],[13.8443,43.6729],[13.6668,43.7949],[13.4445,43.8434],[13.0634,44.0907],[12.8302,44.1658],[12.6427,44.3098],[12.5693,44.4925],[12.5632,44.5765],[12.7122,44.7453],[12.822,44.9076],[12.8652,45.3529],[13.0489,45.4305],[13.1958,45.4388],[13.3121,45.5462],[13.6254,45.6307],[13.8101,45.5809],[13.8435,45.5836],[13.9128,45.629],[13.8377,45.6852],[13.7912,45.7454],[13.6705,45.7983],[13.5987,45.8067],[13.5756,45.8524],[13.6359,45.9338],[13.6395,45.9852],[13.5905,45.9898],[13.539,45.9656],[13.4813,46.0022],[13.5089,46.0389],[13.497,46.0569],[13.6461,46.1394],[13.6595,46.1836],[13.5721,46.185],[13.554,46.2083],[13.4855,46.2243],[13.4171,46.2103],[13.4196,46.2301],[13.3768,46.2946],[13.4426,46.3277],[13.4451,46.361],[13.5517,46.3924],[13.5906,46.4348],[13.6892,46.44],[13.7141,46.5227],[13.5763,46.538],[13.5609,46.5519],[13.52,46.5469],[13.5042,46.5663],[13.4075,46.5615],[13.4098,46.5721],[13.3723,46.5793],[13.3709,46.5673],[13.3127,46.5536],[13.242,46.5561],[13.0922,46.6005],[12.8477,46.6054],[12.8288,46.6312],[12.7843,46.645],[12.7301,46.6347],[12.6906,46.657],[12.6191,46.6618],[12.569,46.6514],[12.5178,46.6775],[12.4427,46.6884],[12.3778,46.7222],[12.3511,46.777],[12.2844,46.7829],[12.2824,46.8152],[12.3057,46.8332],[12.2741,46.8844],[12.2062,46.8824],[12.1889,46.9062],[12.1439,46.9137],[12.1686,46.9377],[12.1307,46.9644],[12.1385,46.9821],[12.1214,47.0067],[12.1471,47.0247],[12.2046,47.0274],[12.2168,47.0587],[12.2408,47.0691],[12.2173,47.0841],[12.186,47.0921],[12.0919,47.0761],[12.0769,47.059],[11.9794,47.0505],[11.8367,46.993],[11.7805,46.9892],[11.7651,46.9728],[11.6269,47.0131],[11.5379,46.9841],[11.4788,47.0107],[11.4092,46.9671],[11.3261,46.9908],[11.1692,46.9647],[11.1552,46.934],[11.0973,46.9136],[11.0716,46.851],[11.0837,46.8223],[11.0393,46.8051],[11.0259,46.7737],[10.996,46.7669],[10.9211,46.7751],[10.8792,46.7639],[10.7865,46.7949],[10.7306,46.788],[10.7261,46.7979],[10.7644,46.8224],[10.6646,46.8759],[10.551,46.8393],[10.5544,46.8499],[10.4792,46.8591],[10.4507,46.8041],[10.4235,46.7869],[10.4442,46.7598],[10.4018,46.7346],[10.4188,46.719],[10.388,46.6776],[10.4066,46.6353],[10.4461,46.6413],[10.4923,46.6151],[10.4704,46.5423],[10.4532,46.5308],[10.4195,46.5509],[10.2998,46.5492],[10.2891,46.5684],[10.2465,46.5746],[10.2541,46.614],[10.24,46.6353],[10.0988,46.6055],[10.1007,46.5828],[10.0468,46.544],[10.0524,46.4613],[10.0403,46.4447],[10.0825,46.4217],[10.1277,46.4305],[10.1612,46.4154],[10.1629,46.3939],[10.1353,46.3825],[10.1057,46.3316],[10.1749,46.2546],[10.1233,46.2238],[10.0486,46.2284],[10.0537,46.2671],[9.9996,46.2833],[10.0001,46.3132],[9.9839,46.3296],[9.9959,46.3458],[9.9457,46.3775],[9.925,46.3661],[9.9074,46.3809],[9.7687,46.3361],[9.7372,46.3508],[9.7027,46.291],[9.67,46.2998],[9.6388,46.286],[9.5525,46.3036],[9.4943,46.3652],[9.4617,46.3755],[9.4638,46.4744],[9.4497,46.48],[9.4643,46.5079],[9.4342,46.4979],[9.4141,46.4681],[9.3907,46.473],[9.365,46.5079],[9.2818,46.496],[9.2699,46.4534],[9.2488,46.4382],[9.2805,46.4107],[9.277,46.3686],[9.2966,46.3285],[9.2486,46.2337],[9.2023,46.2084],[9.1839,46.1706],[9.0787,46.1213],[9.0891,46.0901],[9.0779,46.0694],[9.0095,46.0374],[9.0225,45.9896],[8.9958,45.9729],[9.014,45.9606],[9.0193,45.9284],[9.0869,45.9023],[9.023,45.822],[8.9563,45.8417],[8.9122,45.8305],[8.9434,45.8656],[8.8982,45.9254],[8.8968,45.9548],[8.8342,45.9852],[8.7859,45.9891],[8.8545,46.0616],[8.852,46.0756],[8.806,46.1014],[8.7654,46.1005],[8.7423,46.1223],[8.7148,46.098],[8.611,46.1253],[8.6002,46.1533],[8.5326,46.2156],[8.4419,46.2544],[8.4498,46.2743],[8.4278,46.2983],[8.463,46.3322],[8.4711,46.396],[8.4585,46.4199],[8.4662,46.4429],[8.4387,46.4627],[8.367,46.452],[8.3098,46.4243],[8.2919,46.4092],[8.3161,46.3982],[8.3128,46.3772],[8.2692,46.3658],[8.2628,46.346],[8.229,46.3368],[8.2019,46.3042],[8.141,46.3021],[8.0911,46.2682],[8.0839,46.2608],[8.1651,46.1829],[8.1513,46.1432],[8.1099,46.1133],[8.0389,46.1],[8.0231,46.0724],[8.0345,46.0442],[8.0072,46.0114],[7.989,45.996],[7.9087,45.997],[7.8802,45.9746],[7.8636,45.9167],[7.8002,45.9173],[7.7565,45.9388],[7.727,45.9235],[7.6613,45.9754],[7.5889,45.9707],[7.5754,45.9874],[7.5502,45.986],[7.5401,45.9561],[7.4956,45.9597],[7.3912,45.8994],[7.2904,45.9203],[7.2584,45.8891],[7.2061,45.8802],[7.1968,45.8604],[7.1536,45.8793],[7.1035,45.8594],[7.0443,45.9226],[7.0096,45.9049],[6.9946,45.8715],[6.94,45.8471],[6.8178,45.8338],[6.802,45.7819],[6.8122,45.7235],[6.8471,45.6897],[6.9064,45.6768],[6.9269,45.6473],[6.9677,45.6543],[6.996,45.6407],[6.9786,45.5869],[6.9953,45.5757],[7.006,45.5022],[7.0566,45.4942],[7.0557,45.4716],[7.0963,45.4696],[7.1135,45.4347],[7.1779,45.409],[7.1784,45.3896],[7.1103,45.3202],[7.1364,45.2585],[7.077,45.2114],[7.0422,45.2254],[6.966,45.2082],[6.9546,45.1822],[6.8984,45.1679],[6.8882,45.1365],[6.849,45.1273],[6.7664,45.158],[6.7438,45.1385],[6.6846,45.1398],[6.6286,45.1067],[6.6598,45.0719],[6.6754,45.0195],[6.7451,45.013],[6.7653,44.9621],[6.7497,44.9075],[6.8676,44.8503],[6.9068,44.8444],[6.9303,44.8625],[7.019,44.8249],[7.0009,44.7922],[7.0297,44.7337],[7.0751,44.6866],[6.9887,44.6902],[6.9622,44.6771],[6.9506,44.6496],[6.9681,44.6256],[6.9491,44.6189],[6.9335,44.5763],[6.8553,44.5316],[6.8674,44.4938],[6.9424,44.4328],[6.8976,44.421],[6.8871,44.3659],[6.9227,44.3483],[6.9692,44.2861],[6.9896,44.2834],[7.0067,44.2379],[7.1869,44.2011],[7.2622,44.1485],[7.34,44.1455],[7.3663,44.1174],[7.424,44.1122],[7.4323,44.1304],[7.5676,44.1546],[7.6182,44.1496],[7.6353,44.1764],[7.6827,44.1696],[7.6664,44.1308],[7.7173,44.0832],[7.703,44.0463],[7.6666,44.0313],[7.6551,43.9769],[7.5679,43.9437],[7.5614,43.8989],[7.4978,43.8716],[7.5396,43.7429]],[[12.4528,41.9003],[12.4458,41.902],[12.4577,41.9058],[12.4528,41.9003]],[[12.4874,43.8965],[12.4102,43.9017],[12.404,43.9552],[12.5085,43.9917],[12.5149,43.9464],[12.4874,43.8965]]]]},"properties":{"id":"Q38","names":{"ab":"Италиа","ace":"Itali","ady":"Италие","af":"Italië","als":"Italien","alt":"Италия","ami":"Italy","an":"Italia","ang":"Eotol","ann":"Itali","ast":"Italia","atj":"Italie","av":"Италия","avk":"Italia","ay":"Italiya","az":"İtaliya","ba":"Италия","ban":"Italia","bar":"Italien","bat-smg":"Italėjė","bbc":"Italia","bcl":"Italya","be":"Італія","be-x-old":"Італія","bew":"Itali","bg":"Италия","bi":"Itali","bm":"Italiya","br":"Italia","bs":"Italija","btm":"Italia","bxr":"Итали","ca":"Itàlia","cbk-zam":"Italia","cdo":"É-dâi-lé","ce":"Итали","ceb":"Italya","ch":"Italia","chr":"ᎢᏔᎵ","chy":"Italy","co":"Italia","crh":"İtaliya","cs":"Itálie","csb":"Italskô","cu":"Їталїꙗ","cv":"Итали","cy":"Yr Eidal","da":"Italien","dag":"Italia","de":"Italien","din":"Italia","diq":"İtalya","dsb":"Italska","ee":"Italy","el":"Ιταλία","eml":"Itâglia","en":"Italy","eo":"Italio","es":"Italia","et":"Itaalia","eu":"Italia","ext":"Italia","ff":"Italiya","fi":"Italia","fiu-vro":"Itaalia","fj":"Itali","fo":"Italia","fr":"Italie","frp":"Étalie","frr":"Itaalien","fur":"Italie","fy":"Itaalje","ga":"An Iodáil","gag":"İtaliya","gcr":"Itali","gd":"An Eadailt","gl":"Italia","gn":"Itália","gor":"Italia","got":"𐌹𐍄𐌰𐌻𐌾𐌰","gv":"Yn Iddaal","ha":"Italiya","hak":"Yi-thai-li","haw":"ʻĪkālia","hif":"Italy","hr":"Italija","hsb":"Italska","ht":"Itali","hu":"Olaszország","ia":"Italia","iba":"Itali","id":"Italia","ie":"Italia","ig":"Italy","ik":"Italia","ilo":"Italia","inh":"Итали","io":"Italia","is":"Ítalía","it":"Italia","ja":"イタリア","jam":"Itali","jbo":"italias","jv":"Itali","kaa":"Italiya","kab":"Ṭṭelyan","kbd":"Италэ","kbp":"Itaalii","kcg":"Italya","kg":"Italia","kge":"Italia","ki":"Itari","kk":"Италия","knc":"Italy","ko":"이탈리아","koi":"Италья","krc":"Италия","ksh":"Italie","ku":"Îtalya","kv":"Италия","kw":"Itali","ky":"Италия","la":"Italia","lad":"Italia","lb":"Italien","lbe":"Италия","lez":"Италия","lfn":"Italia","lg":"Yitale","li":"Italië","lij":"Italia","lld":"Talia","lmo":"Itàlia","ln":"Italya","lt":"Italija","ltg":"Italeja","lv":"Itālija","mad":"Italia","map-bms":"Italia","mdf":"Италия","mg":"Italia","mhr":"Италий","mi":"Itāria","min":"Itali","mk":"Италија","mn":"Итали","mrj":"Италия","ms":"Itali","mt":"Italja","mwl":"Eitália","myv":"Италия Мастор","nap":"Italia","nb":"Italia","nds":"Italien","nds-nl":"Italiën","nia":"Italia","nl":"Italië","nn":"Italia","no":"Italia","nov":"Italia","nr":"I-Italy","nrm":"Italie","nso":"Italia","nup":"Italy","nv":"Doohatsʼíí Yátiʼ Dineʼé Bikéyah","ny":"Italia","oc":"Itàlia","olo":"Itualii","om":"Xaaliyaanii","os":"Итали","pag":"Italia","pam":"Italya","pap":"Italia","pcd":"Italie","pdc":"Idali","pdt":"Italien","pfl":"Italien","pl":"Włochy","pms":"Italia","pnt":"Ιταλία","pt":"Itália","qu":"Italya","rm":"Italia","rmy":"Italiya","rn":"Ubutariyano","ro":"Italiei","roa-rup":"Italia","roa-tara":"Itaglie","ru":"Италия","rue":"Італія","rw":"Ubutaliyani","sah":"Италия","sc":"Itàlia","scn":"Italia","sco":"Italy","se":"Itália","sg":"Italïi","sh":"Italija / Италија","sh-Cyrl":"Италија","sh-Latn":"Italija","shi":"Ṭṭalyan","sk":"Taliansko","sl":"Italija","sm":"Italia","smn":"Italia","sn":"Itari","so":"Talyaaniga","sq":"Italia","sr":"Италија","sr-Latn":"Italija","srn":"Italiyanikondre","ss":"INtaliyane","st":"Ithali","stq":"Italien","su":"Italia","sv":"Italien","sw":"Italia","szl":"Italijo","szy":"Italy","tay":"Italy","tet":"Itália","tg":"Итолиё","tk":"Italiýa","tl":"Italya","tly":"Italijə","tn":"Italia","to":"ʻĪtali","tok":"ma Italija","tpi":"Itali","tr":"İtalya","trv":"Italy","ts":"Ithali","tt":"Италия","tum":"Italy","tw":"Italy","ty":"’Itāria","tyv":"Италия","udm":"Италия","uk":"Італія","ur":"اطالیہ","uz":"Italiya","ve":"Italy","vec":"Itàłia","vep":"Italii","vi":"Ý","vls":"Itoalië","vo":"Litaliyän","wa":"Itåleye","war":"Italya","wo":"Itaali","xal":"Италмудин Орн","xh":"IItaly","yo":"Itálíà","za":"Eiqdaihleih","zea":"Itâlië","zh":"義大利王","zu":"ITaliya"},"from":1984.9327956989248,"to":null,"wikidata":"Q38","adminLevel":2,"source":"OpenHistoricalMap","sourceUrl":"https://www.openhistoricalmap.org"}},{"type":"Feature","geometry":{"type":"MultiPolygon","coordinates":[[[[1.9721,42.4845],[1.9598,42.4533],[2.0093,42.4485],[1.9864,42.4749],[1.9896,42.4937],[1.9721,42.4845]]],[[[-2.9522,35.3202],[-2.9685,35.282],[-2.9388,35.2675],[-2.6026,35.44],[-2.707,35.5018],[-2.9522,35.3202]]],[[[-2.9059,35.7649],[-2.8255,35.8244],[-2.7836,35.9073],[-2.7894,35.9953],[-2.8408,36.0729],[-2.925,36.1242],[-3.0366,36.1429],[-3.1468,36.1196],[-3.2287,36.0638],[-3.2681,36.0029],[-3.2802,35.9391],[-3.2626,35.8661],[-3.2184,35.8074],[-3.1524,35.764],[-3.0741,35.7412],[-2.9908,35.7406],[-2.9059,35.7649]]],[[[-8.9313,41.8645],[-8.8732,41.8634],[-8.7527,41.9358],[-8.7438,41.9656],[-8.6629,42.0025],[-8.6376,42.0468],[-8.5515,42.0533],[-8.5205,42.0778],[-8.3335,42.084],[-8.247,42.139],[-8.2012,42.1476],[-8.1828,42.0661],[-8.1235,42.0812],[-8.0986,42.0731],[-8.0843,42.0429],[-8.086,42.0165],[-8.1578,41.9842],[-8.2164,41.914],[-8.2004,41.8779],[-8.1693,41.8765],[-8.165,41.8181],[-8.1018,41.8098],[-8.0205,41.8314],[-7.9761,41.8742],[-7.9212,41.8778],[-7.9102,41.9183],[-7.8927,41.927],[-7.8747,41.8471],[-7.8481,41.8625],[-7.8452,41.8813],[-7.7028,41.9075],[-7.6539,41.8812],[-7.592,41.8806],[-7.6096,41.8296],[-7.5239,41.8413],[-7.4913,41.8712],[-7.4477,41.86],[-7.4281,41.8087],[-7.3696,41.8488],[-7.3143,41.8435],[-7.1978,41.8798],[-7.1773,41.9161],[-7.1832,41.9742],[-7.1482,41.9881],[-7.0955,41.9769],[-7.0683,41.949],[-7.0146,41.9501],[-6.9794,41.9738],[-6.9377,41.9453],[-6.8944,41.94],[-6.8211,41.9471],[-6.8108,41.9869],[-6.7874,41.9887],[-6.7405,41.9404],[-6.6255,41.9398],[-6.5892,41.9629],[-6.5494,41.9445],[-6.5712,41.8835],[-6.5168,41.8736],[-6.5435,41.7785],[-6.568,41.745],[-6.5433,41.6997],[-6.5528,41.692],[-6.5125,41.6612],[-6.4574,41.6666],[-6.446,41.6846],[-6.3528,41.6757],[-6.283,41.6524],[-6.1993,41.5925],[-6.1959,41.5713],[-6.3006,41.4542],[-6.2949,41.4363],[-6.3333,41.4103],[-6.3177,41.3857],[-6.3874,41.3858],[-6.3842,41.3545],[-6.414,41.3484],[-6.4453,41.3008],[-6.4869,41.2913],[-6.4963,41.2662],[-6.5254,41.2708],[-6.5779,41.2388],[-6.589,41.2543],[-6.6466,41.2481],[-6.6978,41.1842],[-6.7669,41.1353],[-6.76,41.0974],[-6.8166,41.0336],[-6.9307,41.0297],[-6.9202,41.0015],[-6.8594,40.9501],[-6.8461,40.9007],[-6.8033,40.8636],[-6.8212,40.8334],[-6.8299,40.7551],[-6.7964,40.6631],[-6.8432,40.5727],[-6.807,40.5546],[-6.7964,40.5153],[-6.8494,40.4528],[-6.8368,40.4119],[-6.7811,40.3652],[-6.7933,40.3297],[-6.8614,40.2996],[-6.8763,40.26],[-6.9493,40.2573],[-7.0112,40.2266],[-7.028,40.1911],[-7.0104,40.1308],[-6.9422,40.1126],[-6.8668,40.0154],[-6.8842,39.9439],[-6.9066,39.9238],[-6.9088,39.8648],[-6.9869,39.8072],[-6.9777,39.7785],[-7.0146,39.6727],[-7.1513,39.6532],[-7.2482,39.6669],[-7.3349,39.6409],[-7.5362,39.6665],[-7.4933,39.5858],[-7.4313,39.5357],[-7.3911,39.5301],[-7.382,39.4914],[-7.2978,39.4606],[-7.3209,39.3873],[-7.3091,39.3386],[-7.2366,39.2813],[-7.241,39.2107],[-7.2072,39.1872],[-7.1383,39.1721],[-7.1409,39.1078],[-7.0309,39.1168],[-6.9613,39.0581],[-6.9562,39.0195],[-7.0482,38.9091],[-7.039,38.871],[-7.0902,38.8199],[-7.1313,38.8118],[-7.2071,38.7456],[-7.2566,38.7261],[-7.2695,38.6334],[-7.2507,38.618],[-7.314,38.5087],[-7.3207,38.4767],[-7.2994,38.4825],[-7.2988,38.4702],[-7.3357,38.4361],[-7.2811,38.4203],[-7.1518,38.2724],[-7.0987,38.18],[-7.0275,38.1832],[-7.0065,38.2047],[-6.9388,38.2195],[-6.936,38.1994],[-6.9649,38.1688],[-6.9588,38.1357],[-6.9891,38.0973],[-7.0072,38.0208],[-7.0468,38.0143],[-7.0981,38.0435],[-7.1314,38.0225],[-7.1307,38.0015],[-7.2008,38.0032],[-7.2542,37.9829],[-7.2555,37.9261],[-7.2866,37.8655],[-7.3237,37.8169],[-7.4209,37.7594],[-7.4543,37.653],[-7.4973,37.607],[-7.5208,37.5491],[-7.4635,37.4859],[-7.4456,37.4193],[-7.4566,37.4045],[-7.4396,37.3872],[-7.4415,37.3086],[-7.423,37.27],[-7.4335,37.2497],[-7.3949,37.1662],[-7.3863,36.9752],[-7.0065,36.9685],[-6.9114,36.9377],[-6.5476,36.4521],[-6.4311,36.2705],[-6.1982,36.0304],[-6.0568,35.9596],[-5.8855,35.965],[-5.6668,35.9357],[-5.3959,36.0022],[-5.3872,35.9232],[-5.3565,35.8733],[-5.2252,35.834],[-5.0206,35.8259],[-5.0331,35.9544],[-5.1119,36.0472],[-5.0753,36.1358],[-4.8982,36.2687],[-4.6665,36.2899],[-4.551,36.3189],[-4.043,36.5267],[-3.4123,36.4934],[-3.1951,36.5405],[-2.752,36.4797],[-2.1541,36.5201],[-2.042,36.5425],[-1.8833,36.6363],[-1.764,36.7715],[-1.7099,36.812],[-1.6626,36.8764],[-1.5896,37.0734],[-1.3564,37.2491],[-1.0464,37.34],[-0.7392,37.3853],[-0.5866,37.4357],[-0.4801,37.5063],[-0.4244,37.5642],[-0.3991,37.6256],[-0.3927,37.9223],[-0.231,38.0672],[-0.1808,38.2291],[0.4038,38.5791],[0.4557,38.6275],[0.4865,38.6881],[0.4826,38.8025],[0.4148,38.9116],[0.3064,38.9907],[0.0434,39.253],[0.0507,39.5802],[0.6113,40.2294],[1.0628,40.5592],[1.3707,40.9184],[1.5787,40.9796],[1.7969,41.0116],[2.2776,41.1191],[2.3444,41.1568],[2.4286,41.2356],[2.714,41.4107],[3.0723,41.5433],[3.3786,41.7214],[3.4312,41.7782],[3.4921,41.8966],[3.6014,42.3226],[3.5588,42.4258],[3.1209,42.4379],[3.0937,42.4253],[3.0331,42.475],[2.9734,42.4669],[2.9476,42.481],[2.9175,42.4563],[2.843,42.4582],[2.8014,42.4189],[2.7713,42.412],[2.7464,42.4251],[2.68,42.4065],[2.6607,42.3867],[2.6755,42.3424],[2.5773,42.3581],[2.5264,42.3334],[2.4778,42.3444],[2.4335,42.3934],[2.2538,42.4374],[2.1975,42.4176],[2.1485,42.4206],[2.0855,42.3626],[2.017,42.3485],[1.9651,42.3814],[1.937,42.4537],[1.8849,42.4496],[1.8351,42.4815],[1.7265,42.5018],[1.6643,42.4953],[1.655,42.4675],[1.5938,42.465],[1.5808,42.45],[1.5616,42.4582],[1.5465,42.4327],[1.45,42.438],[1.441,42.4751],[1.4233,42.4826],[1.465,42.5154],[1.4476,42.5412],[1.4166,42.5354],[1.4409,42.564],[1.4283,42.5796],[1.4405,42.5952],[1.3892,42.687],[1.352,42.7019],[1.3467,42.7197],[1.2785,42.7141],[1.232,42.7274],[1.1654,42.7093],[1.0815,42.7865],[0.9826,42.7873],[0.9592,42.8054],[0.9234,42.7906],[0.852,42.8267],[0.7145,42.8598],[0.6603,42.8394],[0.67,42.8065],[0.6492,42.7852],[0.6656,42.7757],[0.643,42.7549],[0.6768,42.7282],[0.6665,42.69],[0.5983,42.7048],[0.4275,42.6904],[0.3672,42.7208],[0.2965,42.6739],[0.2565,42.7166],[0.1799,42.7362],[-0.0125,42.685],[-0.1053,42.7214],[-0.1544,42.793],[-0.1816,42.7867],[-0.3114,42.8474],[-0.392,42.8006],[-0.4481,42.7994],[-0.5098,42.8253],[-0.5287,42.7931],[-0.5705,42.783],[-0.5661,42.8037],[-0.5967,42.805],[-0.6061,42.8334],[-0.678,42.8838],[-0.7264,42.8926],[-0.7312,42.9475],[-0.7516,42.9667],[-0.8194,42.951],[-0.9092,42.9643],[-0.947,42.9549],[-1.0154,42.9931],[-1.1097,43.0194],[-1.137,43.0093],[-1.2192,43.0532],[-1.2599,43.0437],[-1.3031,43.0688],[-1.2726,43.1161],[-1.283,43.1175],[-1.3324,43.1078],[-1.3518,43.0331],[-1.4412,43.0463],[-1.4713,43.091],[-1.4269,43.1176],[-1.3859,43.1873],[-1.3856,43.2549],[-1.4102,43.2719],[-1.4385,43.2666],[-1.5353,43.2947],[-1.5564,43.2911],[-1.5762,43.2498],[-1.6058,43.2524],[-1.6273,43.2777],[-1.6275,43.3068],[-1.6683,43.3148],[-1.73,43.2958],[-1.7384,43.3251],[-1.7815,43.3481],[-1.7888,43.3679],[-1.7718,43.3881],[-1.7715,43.4888],[-1.804,43.5949],[-2.1918,43.5237],[-2.6937,43.6555],[-2.9395,43.6435],[-3.3694,43.6644],[-3.4902,43.7046],[-3.6001,43.716],[-3.8638,43.6932],[-4.3568,43.6107],[-4.8714,43.6612],[-5.8392,43.8655],[-6.2893,43.7959],[-6.8936,43.7778],[-7.5902,43.98],[-7.697,43.9933],[-7.9177,43.979],[-8.0166,43.9528],[-8.1951,43.885],[-8.4626,43.7403],[-9.004,43.5291],[-9.4094,43.3072],[-9.5536,43.1343],[-9.5753,43.0516],[-9.5609,42.8614],[-9.3435,42.4974],[-9.1842,42.1667],[-9.1434,41.9797],[-9.1399,41.9143],[-9.1568,41.8726],[-8.9313,41.8645]],[[-5.3387,36.1528],[-5.2895,36.1501],[-5.2926,36.1136],[-5.3057,36.0849],[-5.3516,36.0692],[-5.3835,36.09],[-5.4003,36.1485],[-5.3387,36.1528]]],[[[3.5331,39.9867],[3.3784,40.1171],[3.2676,40.1579],[3.1302,40.1588],[2.8483,40.1037],[2.6342,40.0227],[2.3013,39.8157],[2.1301,39.7289],[2.0549,39.6307],[2.0511,39.5236],[2.1153,39.4308],[2.7534,38.9725],[2.864,38.9301],[3.0037,38.9269],[3.1328,38.9765],[3.4457,39.2488],[3.6918,39.5734],[3.7335,39.6775],[3.7376,39.7319],[4.2207,39.6041],[4.3488,39.6029],[4.4413,39.6329],[4.5098,39.685],[4.5871,39.8562],[4.5731,39.9439],[4.4712,40.1237],[4.3163,40.2283],[4.1203,40.2921],[4.0316,40.2923],[3.7736,40.2495],[3.6773,40.2172],[3.6218,40.1789],[3.555,40.1026],[3.5324,40.0398],[3.5331,39.9867]]],[[[1.5353,39.3188],[1.4493,39.3102],[1.2562,39.2573],[1.024,39.1523],[0.9474,39.095],[0.906,39.0212],[0.9034,38.9461],[0.959,38.7707],[1.1907,38.5101],[1.305,38.4498],[1.4051,38.4403],[1.6607,38.4613],[1.7798,38.5319],[1.8351,38.6195],[1.9085,39.0158],[1.8981,39.0906],[1.8139,39.2074],[1.7507,39.2565],[1.6302,39.3044],[1.5353,39.3188]]],[[[0.434,39.9813],[0.4058,39.8918],[0.414,39.8159],[0.4628,39.731],[0.5349,39.6829],[0.653,39.6506],[0.7395,39.6554],[0.8439,39.6966],[0.9208,39.7753],[0.9503,39.8887],[0.94,39.955],[0.883,40.0323],[0.8082,40.0791],[0.7203,40.0996],[0.6036,40.0917],[0.5116,40.0544],[0.434,39.9813]]],[[[-13.8064,28.0629],[-13.7412,28.1162],[-13.6917,28.1882],[-13.6327,28.3382],[-13.5983,28.5296],[-13.439,28.7899],[-13.277,28.8964],[-13.1039,29.2439],[-13.1046,29.3139],[-13.1307,29.378],[-13.2626,29.4994],[-13.2941,29.7495],[-13.3209,29.8144],[-13.4129,29.8895],[-13.4946,29.9121],[-13.6162,29.8954],[-13.6807,29.8603],[-13.726,29.8097],[-14.0261,29.1168],[-14.2218,28.8056],[-14.39,28.4548],[-14.6757,28.2282],[-14.7114,28.1677],[-14.7368,28.0556],[-14.6915,27.941],[-14.6207,27.8858],[-14.5521,27.8628],[-14.333,27.8385],[-14.2136,27.8664],[-13.8064,28.0629]]],[[[-16.9354,27.9477],[-16.8503,27.8445],[-16.739,27.7972],[-16.5948,27.8008],[-16.4719,27.8288],[-16.3985,27.864],[-16.2412,28.0223],[-16.2007,28.0926],[-16.1767,28.1798],[-15.9178,28.4391],[-15.8904,28.5435],[-15.9315,28.6852],[-15.9899,28.7406],[-16.0751,28.7779],[-16.3854,28.7749],[-16.5276,28.699],[-16.9169,28.5809],[-17.0446,28.5272],[-17.1085,28.4741],[-17.1476,28.3956],[-17.3131,28.4174],[-17.4415,28.3745],[-17.4834,28.3455],[-17.5431,28.2669],[-17.5719,28.1767],[-17.5747,28.0508],[-17.4916,27.9234],[-17.4078,27.8567],[-17.2533,27.8118],[-17.14,27.8227],[-17.0419,27.8621],[-16.9354,27.9477]]],[[[-16.0517,28.035],[-16.0589,27.8664],[-15.9789,27.7182],[-15.8286,27.5911],[-15.7269,27.5451],[-15.5292,27.5342],[-15.2871,27.6416],[-15.1769,27.7659],[-15.1299,27.8946],[-15.1378,28.0314],[-15.1941,28.2581],[-15.2868,28.3458],[-15.3884,28.3808],[-15.6998,28.3724],[-15.8251,28.3388],[-15.8897,28.2893],[-16.0146,28.1229],[-16.0517,28.035]]],[[[-17.6858,27.6999],[-17.655,27.814],[-17.7052,27.9389],[-17.7759,28.005],[-17.9194,28.0494],[-18.0426,28.0283],[-18.2878,27.9219],[-18.3678,27.8356],[-18.3929,27.7152],[-18.37,27.6202],[-18.2991,27.543],[-18.075,27.4477],[-17.9994,27.4336],[-17.9125,27.4462],[-17.8198,27.4912],[-17.7724,27.5412],[-17.6858,27.6999]]],[[[-17.6351,28.9968],[-17.743,29.0435],[-17.9066,29.0601],[-17.9831,29.0509],[-18.1067,28.9883],[-18.1939,28.9001],[-18.2258,28.8446],[-18.2316,28.7025],[-18.0876,28.4035],[-18.02,28.3133],[-17.9256,28.2621],[-17.8174,28.2466],[-17.7044,28.2833],[-17.6392,28.3428],[-17.5386,28.5068],[-17.4927,28.707],[-17.4932,28.7733],[-17.5953,28.9583],[-17.6351,28.9968]]],[[[-3.8652,35.2757],[-3.9015,35.2315],[-3.8873,35.2095],[-3.8355,35.2935],[-3.8652,35.2757]]],[[[-2.4465,35.1604],[-2.4,35.1756],[-2.4053,35.2373],[-2.4802,35.2368],[-2.4794,35.1909],[-2.4465,35.1604]]],[[[-4.3255,35.218],[-4.2964,35.1713],[-4.3138,35.2181],[-4.3255,35.218]]]]},"properties":{"id":"Q29","names":{"de":"Spanien","en":"Spain","es":"España","ko":"스페인","nl":"Spanje","pdt":"Spanien"},"from":1977.018817204301,"to":null,"wikidata":"Q29","adminLevel":2,"source":"OpenHistoricalMap","sourceUrl":"https://www.openhistoricalmap.org"}},{"type":"Feature","geometry":{"type":"Polygon","coordinates":[[[35.7827,33.3428],[35.8133,33.3639],[35.8244,33.4023],[35.9481,33.4806],[35.9411,33.5278],[36.0291,33.5493],[36.0592,33.5796],[35.9339,33.6547],[35.9719,33.6934],[35.9683,33.715],[36.01,33.7694],[36.0393,33.7776],[36.0763,33.8266],[36.0973,33.8218],[36.1554,33.8564],[36.1991,33.833],[36.2517,33.8584],[36.3257,33.8328],[36.3934,33.8306],[36.3667,33.8775],[36.32,33.8827],[36.2816,33.9108],[36.4042,34.0492],[36.5036,34.0636],[36.5142,34.1051],[36.5642,34.1348],[36.595,34.1895],[36.6219,34.1983],[36.5817,34.2647],[36.6005,34.3095],[36.5591,34.3232],[36.5303,34.3659],[36.5669,34.4018],[36.5607,34.4107],[36.4617,34.4692],[36.4421,34.5076],[36.3553,34.4991],[36.3389,34.5197],[36.412,34.5562],[36.405,34.603],[36.4542,34.5958],[36.462,34.6341],[36.3858,34.6325],[36.3597,34.6493],[36.3497,34.685],[36.3299,34.6904],[36.3112,34.683],[36.2957,34.6342],[36.2765,34.628],[36.1252,34.6419],[36.037,34.6289],[35.9895,34.6463],[35.8391,34.6009],[35.7543,34.6619],[35.674,34.686],[35.5909,34.6431],[35.5406,34.5862],[35.5179,34.5196],[35.52,34.4679],[35.4431,34.3837],[35.4143,34.3202],[35.387,34.1736],[35.3942,34.096],[35.3121,34.0528],[35.2496,33.9835],[35.2273,33.9097],[35.2356,33.8413],[35.1329,33.6149],[35.0541,33.5223],[35.0167,33.4185],[35.2564,33.3383],[35.2666,33.3211],[35.3415,33.3273],[35.3731,33.3068],[35.4798,33.3111],[35.5311,33.2966],[35.5508,33.3695],[35.5873,33.3799],[35.6435,33.4333],[35.6483,33.3744],[35.693,33.3723],[35.7374,33.3419],[35.7827,33.3428]]]},"properties":{"id":"Q822","names":{"ab":"Ливан","ace":"Lubnan","ady":"Ливан","af":"Libanon","als":"Libanon","am":"ሊባኖስ","ami":"Lebanon","an":"Liban","ang":"Libanus","ar":"لبنان","as":"লেবানন","ast":"El Líbanu","av":"Ливан","az":"Livan","ba":"Ливан","ban":"Lébanon","bar":"Libanon","bat_smg":"Lėbans","bbc":"Libanon","bcl":"Lebanon","be":"Ліван","be-x-old":"Лібан","bew":"Lèbanon","bg":"Ливан","bh":"लेबनान","bi":"Lebanon","bm":"Lubenan","bn":"লেবানন","bo":"ལེ་པ་ནོན།","br":"Liban","bs":"Liban","bxr":"Ливан","ca":"Líban","cbk_zam":"Líbano","cdo":"Lé-bă-nâung","ce":"Ливан","ceb":"Libano","crh":"Lübnan","cs":"Libanon","csb":"Liban","cv":"Ливан","cy":"Libanus","da":"Libanon","dag":"Lebanon","de":"Libanon","diq":"Lubnan","dsb":"Libanon","dtp":"Lubnan","dv":"ލުބުނާން","dz":"ལེ་བཱ་ནཱོན་","el":"Λίβανος","en":"Lebanon","eo":"Libano","es":"Líbano","et":"Liibanon","eu":"Libano","ext":"Líbanu","ff":"Liban","fi":"Libanon","fiu-vro":"Liibanon","fo":"Libanon","fr":"Liban","frp":"Liban","frr":"Liibanon","fy":"Libanon","ga":"An Liobáin","gag":"Livan","gcr":"Liban","gd":"Leabanon","gl":"Líbano","gn":"Lívano","gor":"Lebanon","gu":"લેબેનાન","gv":"Yn Livaan","ha":"Lebanon","hak":"Lì-pâ-nun","haw":"Lepanona","he":"לבנון","hi":"लेबनान","hif":"Lebanon","hr":"Libanon","hsb":"Libanon","ht":"Liban","hu":"Libanon","hy":"Լիբանան","ia":"Libano","id":"Lebanon","ie":"Libano","ig":"Lebanon","ilo":"Lebanon","io":"Libano","is":"Líbanon","it":"Libano","ja":"レバノン","jam":"Lebanan","jbo":"lu'orgu'e","jv":"Libanon","ka":"ლიბანი","kaa":"Livan","kab":"Lubnan","kbd":"Ливан","kbp":"Liibaŋ","kcg":"Lebanon","kg":"Lebanon","kge":"Libanon","ki":"Lebanon","kk":"Ливан","km":"លីបង់","kn":"ಲೆಬನನ್","ko":"레바논","krc":"Любнан","ks":"لؠبنان","ku":"Libnan","kv":"Ливан","kw":"Lebanon","ky":"Ливан","la":"Libanus","lad":"Levanon","lb":"Libanon","lez":"Ливан","lfn":"Lubnan","li":"Libanon","lij":"Libano","lld":"Liban","lmo":"Liban","ln":"Liban","lo":"ປະເທດເລບານອນ","lt":"Libanas","lv":"Libāna","mad":"Lebanon","mdf":"Либан","mg":"Libàna","mhr":"Ливан","mi":"Repanona","min":"Libanon","mk":"Либан","ml":"ലെബനാൻ","mn":"Ливан","mr":"लेबेनॉन","ms":"Lubnan","mt":"Libanu","mwl":"Líbano","my":"လက်ဘနွန်နိုင်ငံ","nap":"Libbano","nb":"Libanon","nds":"Libanon","ne":"लेबनान","nl":"Libanon","nn":"Libanon","no":"Libanon","nov":"Liban","nv":"Gadtsoh Dineʼé Bikéyah","oc":"Liban","olo":"Livanu","om":"Libaanon","os":"Ливан","pa":"ਲਿਬਨਾਨ","pam":"Líbanu","pap":"Líbano","pcd":"Liban","pl":"Liban","pms":"Lìban","pnt":"Λίβανος","pt":"Líbano","qu":"Lipanu","ro":"Liban","ru":"Ливан","rue":"Лібанон","rw":"Libani","sa":"लेबनान","sah":"Либан","sc":"Lìbanu","scn":"Lìbbanu","sco":"Lebanon","se":"Libanon","sh":"Libanon","si":"ලෙබනන් සමුහාණ්ඩුව","sk":"Libanon","sl":"Libanon","sm":"Lepanona","smn":"Libanon","sn":"Lebanon","so":"Lubnaan","sq":"Libani","sr":"Либан","srn":"Libanon","ss":"ILibhanoni","stq":"Libanon","su":"Libanon","sv":"Libanon","sw":"Lebanoni","szl":"Liban","szy":"Lebanon","ta":"லெபனான்","tay":"Lebanon","te":"లెబనాన్","tet":"Líbanu","tg":"Лубнон","th":"ประเทศเลบานอน","tk":"Liwan","tl":"Lebanon","tly":"Livan","to":"Lepanoni","tok":"ma Lunpan","tpi":"Lebanon","tr":"Lübnan","trv":"Lebanon","ts":"Lebanon","tt":"Ливан","tum":"Lebanon","udm":"Ливан","ug":"لىۋان","uk":"Ліван","uz":"Livan","vec":"Łìbano","vep":"Livan","vi":"Liban","vls":"Libanon","vo":"Libanän","wa":"Liban","war":"Libano","wo":"Libaa","yi":"לבנון","yo":"Lẹ́bánọ́nì","za":"Lebanon","zea":"Libanon","zh":"黎巴嫩","zh_min_nan":"Lī-pa-lùn"},"from":1994.8736559139784,"to":2000.3978494623657,"wikidata":"Q822","adminLevel":2,"source":"OpenHistoricalMap","sourceUrl":"https://www.openhistoricalmap.org"}},{"type":"Feature","geometry":{"type":"Polygon","coordinates":[[[-2.9346,49.3034],[-2.7222,49.2667],[-2.5605,49.2203],[-2.1332,49.4074],[-2.0988,49.4596],[-2.1389,49.5404],[-2.0658,49.6817],[-2.0547,49.9201],[-2.2419,49.9403],[-2.3689,49.9308],[-2.5066,49.906],[-2.6204,49.8497],[-2.6702,49.7976],[-2.6927,49.7029],[-2.8546,49.6454],[-2.9922,49.5269],[-3.0199,49.4591],[-3.0161,49.4051],[-2.9909,49.3552],[-2.9346,49.3034]]]},"properties":{"id":"Q25230","names":{"am":"ገርንዚ","an":"Guernési","ar":"غيرنزي","az":"Gernsi","be":"Гернсі","bg":"Гърнзи","bh":"बालिविक ऑफ गुएर्नसी","br":"Gwernenez","cy":"Beilïaeth Ynys y Garn","da":"Bailiwick of Guernsey","de":"Bailiwick of Guernsey","dv":"ގުއާންސޭ","el":"Βαϊλάτο του Γκέρνζι","en":"Guernsey","eo":"Gernezejo","es":"Bailía de Guernsey","eu":"Guernesey","fa":"قلمرو پیشکاری گرنزی","fr":"Bailliage de Guernesey","ga":"Geansaí (oileán)","he":"גרנזי","hi":"ग्वेर्नसे","hr":"Bailiwick Guernsey","hu":"Guernsey Bailiffség","hy":"Գերնսի","id":"Bailiwick of Guernsey","it":"Baliato di Guernsey","ja":"ガーンジー","ka":"გერნზი","kk":"Гернси","kn":"ಬೇಲಿವಿಕ್ ಆಫ್ ಗರ್ನ್ಸಿ","ko":"건지섬","kw":"Gwernenys","la":"Sarnia","lt":"Gernsis","lv":"Gērnsija","mi":"Kōnihi","mr":"गर्न्सी","ne":"गुर्न्जी","oc":"Guernesey","os":"Гернси","pa":"ਗਰਨਜ਼ੇ","ru":"Гернси (коронное владение)","rw":"Gwasi","sd":"بيليوڪ آف گرنزي","sr":"Бејливик Гернзи","ta":"குயெர்ன்சி","tg":"Гернсӣ","th":"เขตเจ้าพนักงานศาลเกิร์นซีย์","tt":"Гернси","uk":"Гернсі","uz":"Gernsi","vi":"Địa hạt Guernsey","zh":"根西行政區"},"from":1987.3682795698924,"to":null,"wikidata":"Q25230","adminLevel":2,"source":"OpenHistoricalMap","sourceUrl":"https://www.openhistoricalmap.org"}},{"type":"Feature","geometry":{"type":"Polygon","coordinates":[[[-2.0988,49.4596],[-2.1332,49.4074],[-2.2146,49.3639],[-2.48,49.265],[-2.5605,49.2203],[-2.5265,49.0579],[-2.5265,48.9267],[-2.2426,48.8713],[-1.9847,48.8827],[-1.9847,48.9407],[-1.9439,48.9642],[-1.8603,49.0658],[-1.8349,49.25],[-1.8934,49.3156],[-1.994,49.3636],[-2.0988,49.4596]]]},"properties":{"id":"Q785","names":{"am":"ጀርዚ","an":"Jèrri","ar":"جيرزي","az":"Cersi","be":"Джэрсі","bg":"Джърси","bh":"जर्सी","bn":"জার্সি (দ্বীপপুঞ্জ)","br":"Jerzenez","ca":"Illa de Jersey","cy":"Beilïaeth Jersey","dv":"ޖާސޭ","el":"Βαϊλάτο του Τζέρσεϊ","en":"Jersey","eo":"Ĵerzejo","fa":"جرزی","ga":"Geirsí","gl":"Illa de Jersey","gv":"Jersee","he":"ג'רזי","hi":"जर्सी","hr":"Bailiwick Jersey","hu":"Jersey Bailiffség","hy":"Ջերսի","it":"Baliato di Jersey","ja":"ジャージー","ka":"ჯერზი","kk":"Джерси (арал)","kn":"ಜರ್ಸಿ","ko":"저지섬","kw":"Jersenys","ky":"Жерси аралы","la":"Caesarea insula","lt":"Džersis","lv":"Džērsija","mi":"Tōrehe","mk":"Џерси","mr":"जर्सी","ne":"जर्सी","nl":"Jersey (eiland)","oc":"Bailiá de Jersey","os":"Джерси","pa":"ਜਰਸੀ","ru":"Джерси (коронное владение)","sq":"Xhersi","sr":"Џерзи","ta":"யேர்சி","te":"జెర్సీ","th":"เจอร์ซีย์","tt":"Җерси","uk":"Джерсі","ur":"جرزی","zh":"澤西"},"from":1987.3682795698924,"to":null,"wikidata":"Q785","adminLevel":2,"source":"OpenHistoricalMap","sourceUrl":"https://www.openhistoricalmap.org"}},{"type":"Feature","geometry":{"type":"MultiPolygon","coordinates":[[[[17.7388,57.567],[17.7127,57.439],[17.607,57.3539],[17.5871,57.2783],[17.6234,57.1962],[17.7052,57.1336],[17.7628,57.1109],[17.7821,57.0504],[17.7567,56.9053],[17.7951,56.8212],[17.8555,56.7719],[17.9448,56.7309],[18.1741,56.7007],[18.3279,56.7166],[18.5284,56.773],[18.652,56.8467],[19.2796,57.308],[19.3366,57.3643],[19.3607,57.4682],[19.3469,57.5051],[19.2851,57.5676],[19.6552,57.8422],[19.7266,57.9385],[19.7205,58.0303],[19.6985,58.0859],[19.625,58.1482],[19.5323,58.1866],[19.6003,58.2243],[19.6854,58.303],[19.7067,58.3776],[19.6971,58.4107],[19.6422,58.4786],[19.5934,58.5084],[19.3854,58.5797],[19.0887,58.5926],[18.9136,58.5439],[18.8367,58.4915],[18.7914,58.3956],[18.8155,58.329],[18.8759,58.2485],[18.9892,58.1776],[18.5202,58.1004],[18.1796,57.9549],[18.111,57.8984],[18.0203,57.7862],[17.8926,57.7185],[17.7752,57.6281],[17.7388,57.567]]],[[[19.9395,59.5955],[19.0832,60.191],[19.1316,60.2996],[19.2089,60.59],[19.1499,60.6314],[19.0228,60.6769],[18.1783,60.8218],[17.883,60.9344],[17.767,61.1711],[17.8095,61.2534],[17.8802,61.5063],[17.9716,61.6876],[18.0581,61.9761],[18.2888,62.4165],[18.9871,62.8348],[19.4266,63.0758],[19.8482,63.1351],[19.9752,63.1683],[20.162,63.1652],[20.3961,63.3343],[20.6914,63.4855],[20.9386,63.5225],[21.3677,63.6335],[21.4515,63.7151],[21.4721,63.8077],[21.4604,63.8543],[21.3972,63.9579],[21.5009,64.0419],[21.8855,64.215],[22.0612,64.3818],[22.0798,64.4497],[22.064,64.5095],[21.8168,64.8352],[21.9047,64.8906],[22.4979,65.0866],[22.7541,65.0889],[22.934,65.1323],[23.0459,65.1951],[23.0836,65.2475],[23.0905,65.2846],[23.6659,65.3256],[23.9117,65.3654],[24.1325,65.515],[24.1778,65.6607],[24.1648,65.695],[24.1727,65.7251],[24.128,65.7843],[24.1555,65.8159],[24.1222,65.8583],[24.1497,65.8637],[24.0548,65.9479],[24.0553,65.9852],[24.0196,66.0489],[23.9746,66.0728],[23.8893,66.1611],[23.7242,66.2066],[23.6628,66.3165],[23.677,66.3636],[23.6423,66.4363],[23.6524,66.4588],[23.8819,66.5635],[23.8932,66.596],[23.8819,66.6318],[23.9032,66.6863],[23.8917,66.7436],[23.9392,66.7911],[24.004,66.8052],[23.9334,66.8888],[23.8167,66.9755],[23.7203,67.0169],[23.6767,67.0585],[23.6666,67.0979],[23.5813,67.1531],[23.574,67.173],[23.6149,67.214],[23.5967,67.218],[23.6027,67.2603],[23.7354,67.2897],[23.7857,67.3375],[23.7514,67.3462],[23.7652,67.4201],[23.5946,67.4536],[23.4772,67.4438],[23.4313,67.4855],[23.4847,67.543],[23.4734,67.555],[23.5535,67.587],[23.4846,67.7372],[23.4813,67.8646],[23.5325,67.8932],[23.6361,67.9135],[23.6622,67.9504],[23.383,68.0512],[23.3065,68.1456],[23.1656,68.122],[23.1494,68.1394],[23.1552,68.2174],[23.0669,68.2903],[22.9037,68.3366],[22.8083,68.3949],[22.7486,68.3855],[22.6622,68.4274],[22.378,68.4541],[22.3746,68.4662],[22.3031,68.4761],[22.0722,68.477],[21.9192,68.5682],[21.7371,68.5879],[21.7168,68.6192],[21.4636,68.6869],[21.4064,68.7489],[21.3147,68.754],[21.2166,68.8172],[21.0721,68.8694],[20.9057,68.8946],[20.8845,68.9067],[20.8876,68.9271],[20.9343,68.949],[20.9346,68.967],[20.9112,68.9807],[20.7954,69.0112],[20.6755,69.0182],[20.5486,69.06],[20.06,69.0458],[20.3066,68.9262],[20.3359,68.8023],[20.2028,68.6659],[20.0522,68.5911],[19.9375,68.5579],[20.2265,68.4908],[19.9214,68.356],[18.9838,68.517],[18.6212,68.507],[18.4057,68.5819],[18.1259,68.5365],[18.1011,68.406],[18.1514,68.1988],[17.8998,67.9694],[17.6647,68.0384],[17.2815,68.1188],[17.1805,68.0505],[16.7381,67.9142],[16.5563,67.6472],[16.4949,67.5945],[16.4076,67.534],[16.158,67.5192],[16.0898,67.4353],[16.4041,67.205],[16.3878,67.0455],[16.194,66.9826],[16.0388,66.9124],[15.6214,66.5943],[15.3772,66.4843],[15.4847,66.2825],[15.0357,66.1536],[14.5163,66.1326],[14.5844,65.9013],[14.6255,65.8118],[14.5415,65.7008],[14.4988,65.5213],[14.5068,65.3097],[14.3832,65.2498],[14.326,65.1189],[13.9776,64.8597],[13.7055,64.64],[13.6543,64.5803],[13.8912,64.5071],[14.1139,64.4625],[14.1571,64.1951],[13.9675,64.008],[13.2111,64.0954],[12.9267,64.058],[12.6836,63.9742],[12.3306,63.7151],[12.2995,63.672],[12.1498,63.5939],[12.2129,63.4786],[11.9746,63.2692],[12.2182,63.0003],[12.0747,62.9025],[12.1364,62.7479],[12.0561,62.6119],[12.2994,62.2675],[12.1377,61.7238],[12.4196,61.563],[12.5693,61.5687],[12.8708,61.3565],[12.7935,61.2015],[12.707,61.1433],[12.6826,61.0612],[12.6125,61.0468],[12.4476,61.0507],[12.224,61.0131],[12.3268,60.8968],[12.3345,60.8524],[12.3954,60.7339],[12.511,60.6425],[12.5158,60.6002],[12.5819,60.5509],[12.6064,60.5135],[12.6061,60.4088],[12.4988,60.3237],[12.5419,60.1934],[12.5006,60.0991],[12.4486,60.0392],[12.3411,59.9657],[12.231,59.9276],[12.1743,59.8898],[11.9875,59.8989],[11.8852,59.8721],[11.8881,59.8593],[11.8394,59.8414],[11.926,59.7932],[11.94,59.6946],[11.8891,59.6932],[11.8624,59.6528],[11.7789,59.643],[11.6979,59.6088],[11.691,59.5896],[11.7531,59.4794],[11.7797,59.3865],[11.8162,59.3448],[11.8298,59.2418],[11.782,59.2011],[11.7649,59.1171],[11.7768,59.0902],[11.7105,59.0337],[11.652,58.9062],[11.573,58.8884],[11.5535,58.899],[11.5296,58.8776],[11.4607,58.8897],[11.4538,58.9855],[11.4646,58.9912],[11.3399,59.115],[11.1537,59.0792],[11.1174,59.0154],[11.0667,58.9774],[10.6392,58.8921],[10.5922,58.7614],[10.6478,58.4901],[10.8456,58.2597],[10.9987,57.9775],[11.1463,57.8356],[11.2012,57.6755],[11.5192,57.4542],[11.5851,57.3832],[11.6833,57.1731],[12.0067,56.9719],[12.2964,56.6404],[12.1176,56.3833],[12.326,56.3025],[12.3376,56.2733],[12.3881,56.2401],[12.3652,56.2147],[12.6518,56.048],[12.6465,55.9263],[12.6778,55.8934],[12.6992,55.8359],[12.8935,55.6436],[12.8804,55.6135],[12.7362,55.5441],[12.7144,55.4891],[12.6096,55.4315],[12.6407,55.3367],[12.6944,55.3498],[12.7089,55.3046],[12.9231,55.1484],[12.9963,55.168],[13.3982,55.1383],[13.783,55.2181],[13.8527,55.2179],[13.9863,55.1849],[14.1676,55.1779],[14.7018,55.6076],[14.596,55.7553],[14.9682,55.8132],[15.0746,55.8464],[15.1591,55.898],[15.3074,55.8899],[15.4427,55.8067],[15.5601,55.7619],[15.6864,55.7468],[15.8073,55.7553],[15.9137,55.7858],[16.027,55.8572],[16.5928,56.0226],[16.7514,56.0992],[16.8043,56.1463],[16.9176,56.3078],[16.9313,56.363],[16.9897,56.4674],[17.0604,56.5478],[17.1009,56.6566],[17.2087,56.7719],[17.5143,57.2709],[17.517,57.3354],[17.46,57.4442],[17.2499,57.6156],[17.2767,57.6909],[17.2348,57.8265],[17.5362,58.2633],[17.5706,58.3985],[18.1721,58.5417],[18.8024,58.7903],[19.0791,58.9252],[19.4547,59.1573],[19.796,59.2813],[19.8701,59.3388],[20.0095,59.5479],[19.9395,59.5955]]]]},"properties":{"id":"Q34","names":{"ab":"Швециа","ace":"Swèdia","ady":"Шуецие","af":"Swede","als":"Schweden","am":"ስዊድን","ami":"Sweden","an":"Suecia","ang":"Swēoland","ann":"Siwiden","ar":"السويد","as":"ছুইডেন","ast":"Suecia","atj":"Sweden","av":"Швеция","avk":"Sveriga","ay":"Swisya","az":"İsveç","ba":"Швеция","ban":"Swédia","bar":"Schwedn","bat-smg":"Švedėjė","bcl":"Suesya","be":"Швецыя","be-x-old":"Швэцыя","bew":"Swèden","bg":"Швеция","bh":"स्वीडन","bi":"Swiden","bm":"Swedi","bn":"সুইডেন","bo":"སི་ཝེ་དེན།","br":"Sveden","bs":"Švedska","bxr":"Швеци","ca":"Suècia","cbk-zam":"Suecia","cdo":"Sôi-diēng","ce":"Швеци","ceb":"Suwesya","ch":"Swesia","chy":"Sweden","co":"Svezia","crh":"İsveçiya","cs":"Švédsko","csb":"Szwedzkô","cu":"Свєньско","cv":"Сĕвер","cy":"Sweden","da":"Sverige","dag":"Sweden","de":"Schweden","diq":"İswec","dsb":"Šwedska","dv":"ސުވިޑަން","dz":"སུའི་ཌན་","ee":"Sweden","el":"Σουηδία","eml":"Śvèsia","en":"Sweden","eo":"Svedio","es":"Suecia","et":"Rootsi","eu":"Suedia","ext":"Suecia","fa":"سوئد","ff":"Suwed","fi":"Ruotsi","fiu-vro":"Roodsi","fj":"Suwiteni","fo":"Svøríki","fr":"Suède","frp":"Suèda","frr":"Sweeden","fur":"Svezie","fy":"Sweden","ga":"An tSualainn","gag":"Şvețiya","gcr":"Swèd","gd":"An t-Suain","gl":"Suecia","gn":"Suésia","got":"𐍃𐍅𐌰𐌹𐌷𐌰𐌻𐌰𐌽𐌳","gu":"સ્વિડન","gv":"Yn Toolynn","ha":"Sweden","hak":"Sui-tiên","haw":"Kuekene","he":"שוודיה","hi":"स्वीडन","hif":"Sweden","hr":"Švedska","hsb":"Šwedska","ht":"Syèd","hu":"Svédország","hy":"Շվեդիա","ia":"Svedia","iba":"Sweden","id":"Swedia","ie":"Svedia","ig":"Sweden","ilo":"Suesia","io":"Suedia","is":"Svíþjóð","it":"Svezia","iu":"ᔅᕗᕆᑭ","ja":"スウェーデン","jam":"Swiidn","jbo":"sueriges","jv":"Swèdhen","ka":"შვედეთი","kaa":"Shveciya","kab":"Sswid","kbd":"Шуецэ","kbp":"Sʊyɛdɩ","kg":"Suedi","kge":"Swedia","ki":"Cuindeni","kk":"Швеция","km":"ស៊ុយអែត","kn":"ಸ್ವೀಡನ್","knc":"Sweden","ko":"스웨덴","koi":"Шведму","krc":"Швеция","ks":"سویٖڈن","ku":"Swêd","kv":"Швеция","kw":"Swedherwyk","ky":"Швеция","la":"Suecia","lad":"Suesia","lb":"Schweden","lez":"Швеция","lfn":"Sveria","lg":"Swiiden","li":"Zwede","lij":"Svéçia","lld":"Svezia","lmo":"Svezia","ln":"Swédi","lo":"ປະເທດຊູແອດ","lt":"Švedija","ltg":"Švedeja","lv":"Zviedrija","mad":"Swedia","map-bms":"Swedia","mdf":"Шведмастор","mg":"Soeda","mhr":"Швеций","mi":"Huitene","min":"Swedia","mk":"Шведска","ml":"സ്വീഡൻ","mn":"Швед","mr":"स्वीडन","ms":"Sweden","mt":"Żvezja","mwl":"Suécia","my":"ဆွီဒင်နိုင်ငံ","myv":"Швеция Мастор","nap":"Sguezia","nds":"Sweden","nds-nl":"Sveden","ne":"स्विडेन","nl":"Zweden","nn":"Sverige","no":"Sverige","nov":"Suedia","nrm":"Suède","nv":"Chʼah Bideeʼí Dineʼé Bikéyah","oc":"Suècia","olo":"Ruočči","om":"Iswiidin","or":"ସ୍ୱିଡେନ","os":"Швеци","pa":"ਸਵੀਡਨ","pag":"Suesia","pam":"Suesia","pap":"Suesia","pcd":"Suède","pdc":"Schweden","pl":"Szwecja","pms":"Svessia","pnt":"Σουηδία","ps":"سویډن","pt":"Suécia","qu":"Suwikusuyu","rm":"Svezia","ro":"Suedia","roa-rup":"Suidii","roa-tara":"Svezzie","ru":"Швеция","rue":"Швеція","rw":"Suwede","sa":"स्वीडन","sah":"Сибиэссийэ","sc":"Isvètzia","scn":"Svezzia","sco":"Swaden","sd":"سويڊن","se":"Ruoŧŧa","sh":"Švedska","shi":"Sswid","si":"ස්වීඩනය","sk":"Švédsko","sl":"Švedska","sm":"Suetena","smn":"Ruotâ","sn":"Swidheni","so":"Iswiidhan","sq":"Suedia","sr":"Шведска","srn":"Swerigekondre","ss":"ISwideni","st":"Sweden","stq":"Sweeden","su":"Swédia","sv":"Sverige","sw":"Uswidi","szl":"Szwecyjŏ","szy":"Sweden","ta":"சுவீடன்","tay":"Sweden","te":"స్వీడన్","tet":"Suésia","tg":"Суэд","th":"ประเทศสวีเดน","ti":"ሽወደን","tk":"Iswiç","tl":"Sweden","tly":"Isvec","to":"Suēteni","tok":"ma Sensa","tpi":"Suwidan","tr":"İsveç","trv":"Sweden","ts":"Sweden","tt":"Швеция","tum":"Sweden","tw":"Sweden","ty":"Tuete","tyv":"Швеция","udm":"Швеция","ug":"شۋېتسىيە","uk":"Швеція","ur":"سویڈن","uz":"Shvetsiya","vec":"Svèsia","vep":"Ročinma","vi":"Thụy Điển","vls":"Zweedn","vo":"Svedän","wa":"Suwede","war":"Suwesya","wo":"Suweed","yi":"שוועדן","yo":"Swídìn","za":"Nyeiqdenj","zea":"Zweden","zh":"瑞典","zu":"ISwidi"},"from":1985.5833333333333,"to":null,"wikidata":"Q34","adminLevel":2,"source":"OpenHistoricalMap","sourceUrl":"https://www.openhistoricalmap.org"}},{"type":"Feature","geometry":{"type":"MultiPolygon","coordinates":[[[[15.3644,54.8545],[15.4523,54.9524],[15.5127,55.0784],[15.4935,55.2055],[15.5621,55.3276],[15.5072,55.4212],[15.4193,55.4897],[15.2682,55.5364],[15.0952,55.5364],[14.9222,55.4835],[14.8535,55.4929],[14.3468,55.1483],[14.3358,55.0501],[14.491,54.9193],[14.8727,54.807],[15.1556,54.788],[15.3644,54.8545]]],[[[12.4704,56.1462],[12.3677,56.2139],[12.3414,56.1838],[12.0324,56.2817],[11.9967,56.3677],[11.6915,56.4082],[11.5161,56.3886],[11.2533,56.1365],[11.1497,56.0979],[11.0018,55.9423],[10.7961,55.7737],[10.7803,55.7499],[10.8006,55.7078],[10.7055,55.6617],[10.7089,55.758],[10.7515,55.8399],[10.8772,55.9138],[11.2651,56.3112],[11.3097,56.3748],[11.3214,56.4799],[11.2727,56.5515],[11.4484,56.4898],[11.6325,56.486],[11.8082,56.5273],[11.8913,56.5742],[11.9099,56.6007],[11.8453,56.7565],[11.7128,56.9364],[11.6002,56.9382],[11.3708,56.9086],[11.2198,56.8373],[11.1868,56.8103],[11.1463,56.7358],[11.1607,56.6585],[11.2198,56.5931],[11.1429,56.6509],[11.0248,56.7049],[10.8723,56.7362],[10.711,56.7388],[10.6423,56.8339],[10.6409,56.8595],[10.7563,57.0437],[10.8662,57.009],[10.9843,56.997],[11.1848,57.0194],[11.2885,57.0568],[11.5068,57.1917],[11.2253,57.5232],[11.0138,57.5619],[11.0248,57.7306],[10.9747,57.7855],[10.7192,57.9442],[10.4885,57.9437],[10.3464,57.9101],[10.0957,57.7979],[9.8523,57.7884],[9.7123,57.7483],[9.4736,57.5821],[9.3089,57.3987],[9.2347,57.3506],[8.9267,57.3584],[8.7396,57.3174],[8.5748,57.3282],[8.4203,57.3054],[8.2861,57.241],[8.0434,57.06],[7.8916,56.8788],[7.7581,56.5897],[7.7488,56.3633],[7.7632,56.2308],[7.7371,56.0416],[7.8188,55.7723],[7.7234,55.601],[7.7172,55.5382],[7.7337,55.494],[7.7999,55.4284],[7.9877,55.3579],[8.0551,55.2861],[8.0451,55.0998],[8.29,55.0648],[8.319,55.085],[8.365,55.0636],[8.472,55.0547],[8.4722,55.0253],[8.5015,55.0002],[8.5574,54.9929],[8.5559,54.9207],[8.7279,54.8928],[8.8917,54.9049],[9.0478,54.8721],[9.1484,54.8722],[9.2404,54.8499],[9.2461,54.8172],[9.2949,54.8017],[9.3438,54.8003],[9.3828,54.8392],[9.4287,54.8271],[9.483,54.8372],[9.5966,54.8871],[9.6278,54.8806],[9.6051,54.8549],[9.74,54.8233],[9.8939,54.8414],[10.0516,54.766],[10.1696,54.7379],[10.2011,54.8531],[10.25,54.845],[10.2485,54.8141],[10.2719,54.7783],[10.4198,54.645],[10.6698,54.5748],[10.7165,54.5766],[10.8236,54.6421],[10.7549,54.6736],[10.7573,54.6849],[10.8284,54.7466],[10.9002,54.7559],[10.9063,54.7094],[10.9997,54.6736],[11.134,54.6641],[11.2541,54.6343],[11.4423,54.5557],[11.7942,54.4519],[12.0637,54.4555],[12.1461,54.4684],[12.1619,54.5257],[12.2412,54.6272],[12.8368,54.8549],[12.8791,54.8867],[12.9028,54.9285],[12.9017,54.9944],[12.8568,55.1025],[12.7222,55.1389],[12.6034,55.2231],[12.5903,55.325],[12.6407,55.3367],[12.6096,55.4315],[12.7144,55.4891],[12.7283,55.5403],[12.8804,55.6135],[12.8935,55.6436],[12.6992,55.8359],[12.6778,55.8934],[12.6465,55.9263],[12.6467,56.0548],[12.4704,56.1462]]]]},"properties":{"id":"Q35","names":{"ab":"Даниа","af":"Denemarke","am":"ዴንማርክ","an":"Dinamarca","ar":"الدنمارك","as":"ডেনমাৰ্ক","av":"Дания","ay":"Dinamarka","az":"Danimarka","ba":"Дания","be":"Данія","bg":"Дания","bh":"डेनमार्क","bi":"Denmak","bn":"ডেনমার্ক","bo":"དན་མྲག","bs":"Danska","ca":"Dinamarca","ce":"Дани","ch":"Denamarka","co":"Danimarca","cs":"Dánsko","cu":"Данїꙗ","cv":"Дани","cy":"Denmarc","de":"Dänemark","dv":"ޑެންމާކު","dz":"ཌེན་མཱཀ","ee":"Denmark","el":"Δανία","en":"Denmark","eo":"Danio","es":"Dinamarca","et":"Taani","eu":"Danimarka","fa":"دانمارک","ff":"Danemark","fi":"Tanska","fj":"Denimake","fr":"Danemark (pays constitutif)","fy":"Denemark","ga":"An Danmhairg","gd":"An Danmhairg","gl":"Dinamarca","gn":"Ndinamáka","gu":"ડેન્માર્ક","gv":"Yn Danvarg","ha":"Denmark","he":"דנמרק","hi":"डेनमार्क","hr":"Danska","ht":"Dannmak","hu":"Dánia","hy":"Դանիա","id":"Denmark","ie":"Dania","ig":"Denmark","io":"Dania","is":"Danmörk","it":"Danimarca","ja":"デンマーク","jv":"Dhènemarken","ka":"დანია","kg":"Danemark","ki":"Ndenimaki","kk":"Дания","km":"ដាណឺម៉ាក","kn":"ಡೆನ್ಮಾರ್ಕ್","ko":"덴마크","ks":"ڈیٚنمارٛک","ku":"Danîmarka","kv":"Дания","ky":"Дания","la":"Dania","lb":"Dänemark","lg":"Denimaaka","li":"Denemarke","ln":"Danemark","lo":"ປະເທດດານມາກ","lt":"Danija","lv":"Dānija","mg":"Danemarka","mi":"Tenemāka","mk":"Данска","ml":"ഡെന്മാർക്ക്","mn":"Дани","mr":"डेन्मार्क","ms":"Denmark","mt":"Danimarka","my":"ဒိန်းမတ်နိုင်ငံ","ne":"डेनमार्क","nl":"Denemarken","nv":"Chʼah Bideeʼí Dineʼé Bikéyah Yázhí","oc":"Danemarc","om":"Deenmaark","os":"Дани","pa":"ਡੈੱਨਮਾਰਕ","pl":"Dania","ps":"ډېنمارک","pt":"Dinamarca","qu":"Lanispampa","rm":"Danemarc","rn":"Danemark","ro":"Danemarca","ru":"Дания","rw":"Danimarike","sa":"डेनमार्क","sc":"Danimarca","sd":"ڊينمارڪ","se":"Dánmárku","sg":"Danemêrke","si":"ඩෙන්මාර්කය","sk":"Dánsko","sl":"Danska","sm":"Tenimaka","sn":"Dhanemaki","so":"Denimarki","sr":"Данска","ss":"IDenimakhi","st":"Denmark","su":"Dénmark","sw":"Udeni","ta":"டென்மார்க்","te":"డెన్మార్క్","tg":"Дания","th":"ประเทศเดนมาร์ก","tk":"Daniýa","tl":"Dinamarka","to":"Tenimaʻake","tr":"Danimarka","ts":"Denmark","tt":"Дания","tw":"Dεnmaak","ug":"دانىيە","uk":"Данія","ur":"ڈنمارک","uz":"Daniya","vi":"Đan Mạch","vo":"Danän","wa":"Daenmåtche","wo":"Danmaark","xh":"Dominikha","yi":"דענמארק","yo":"Dẹ́nmárkì","za":"Danhmai","zh":"丹麦","zu":"IDenimaki"},"from":1999.266129032258,"to":null,"wikidata":"Q35","adminLevel":2,"source":"OpenHistoricalMap","sourceUrl":"https://www.openhistoricalmap.org"}},{"type":"Feature","geometry":{"type":"MultiPolygon","coordinates":[[[[-19.1025,67.0321],[-19.0201,66.9935],[-18.8072,66.9548],[-18.4941,66.9623],[-18.3911,66.9806],[-18.2291,67.0492],[-18.181,67.0915],[-18.159,67.1662],[-18.2277,67.2545],[-18.4653,67.3372],[-18.6891,67.3541],[-18.9294,67.3287],[-19.1039,67.2683],[-19.1945,67.1929],[-19.2014,67.1438],[-19.1876,67.1011],[-19.1025,67.0321]]],[[[-13.6416,64.4684],[-13.4164,64.3955],[-13.1685,64.3889],[-12.9481,64.4411],[-12.8561,64.4962],[-12.8059,64.5558],[-12.8231,64.6456],[-12.889,64.7015],[-13.0044,64.7478],[-13.2166,64.7844],[-13.1266,64.8416],[-13.0463,64.9212],[-13.0161,65.0669],[-13.0277,65.1744],[-13.1355,65.5539],[-14.0646,66.4491],[-14.1641,66.5081],[-14.3887,66.5595],[-15.8917,66.7274],[-16.2996,66.7288],[-16.7439,66.6826],[-16.888,66.6443],[-17.3763,66.4574],[-17.5459,66.4297],[-17.4944,66.4782],[-17.4813,66.5597],[-17.5191,66.6228],[-17.6358,66.694],[-17.7402,66.732],[-17.8988,66.7608],[-18.1673,66.7564],[-18.4,66.6984],[-18.49,66.6402],[-18.5168,66.6015],[-18.5278,66.5371],[-18.4921,66.4716],[-18.4103,66.4148],[-18.3183,66.3769],[-18.8773,66.3838],[-20.1201,66.3372],[-22.2947,66.6546],[-22.8893,66.6666],[-23.0802,66.6565],[-23.4737,66.5663],[-24.2097,66.1525],[-24.5393,65.8876],[-24.9554,65.5974],[-25.0056,65.5383],[-25.0131,65.5041],[-24.9788,65.4257],[-23.7133,63.6142],[-23.6089,63.5305],[-23.4853,63.4898],[-23.3405,63.4708],[-23.1921,63.4726],[-22.9855,63.5057],[-20.6948,63.0901],[-20.519,63.0882],[-19.0901,63.1853],[-18.6342,63.1872],[-17.9668,63.2775],[-17.7045,63.3466],[-17.3165,63.547],[-16.5784,63.5868],[-16.4397,63.6069],[-15.9295,63.7549],[-15.6947,63.857],[-14.6928,64.0734],[-14.1236,64.2518],[-13.6416,64.4684]]]]},"properties":{"id":"Q189","names":{"ab":"Исландиа","ace":"Islandia","af":"Ysland","als":"Island","am":"አይስላንድ","ami":"Iceland","an":"Islandia","ang":"Īsland","ann":"Aisilan","ar":"آيسلندا","as":"আইচলেণ্ড","ast":"Islandia","av":"Исландия","avk":"Islanda","ay":"Islandiya","az":"İslandiya","ba":"Исландия","ban":"Islandia","bar":"Island","bat-smg":"Islandėjė","bcl":"Islandya","be":"Ісландыя","be-x-old":"Ісьляндыя","bew":"Èslan","bg":"Исландия","bh":"आइसलैंड","bi":"Aislan","bm":"Aisland","bn":"আইসল্যান্ড","bo":"ཨཡིསུ་ལེན་ཌ།","br":"Island","bs":"Island","bxr":"Исланд","ca":"Islàndia","cbk-zam":"Islandia","cdo":"Bĭng-dō̤","ce":"Исланди","ceb":"Islandya","ch":"Islandia","co":"Islanda","crh":"İslandiya","cs":"Island","csb":"Islandëjô","cu":"Исландъ","cv":"Исланди","cy":"Gwlad yr Iâ","da":"Island","dag":"Iceland","de":"Island","diq":"İslanda","dsb":"Islandska","dv":"އައިސްލަންޑަން","dz":"ཨའིསི་ལེནཌ་","ee":"Iceland","el":"Ισλανδία","eml":"Islanda","en":"Iceland","eo":"Islando","es":"Islandia","et":"Island","eu":"Islandia","ext":"Islandia","fa":"ایسلند","ff":"Islannda","fi":"Islanti","fiu-vro":"Island","fj":"Aisiladi","fo":"Ísland","fr":"Islande","frp":"Islanda","frr":"Islun","fur":"Islande","fy":"Yslân","ga":"An Íoslainn","gag":"İslandiya","gcr":"Islann","gd":"Innis Tìle","gl":"Islandia","gn":"Ilándia","got":"𐌴𐌹𐍃𐌰𐌻𐌰𐌽𐌳","gu":"આઈસલેંડ","gv":"Yn Eeslynn","ha":"Ayislan","hak":"Pên-tó","haw":"ʻĀina Hau","he":"איסלנד","hi":"आइसलैण्ड","hif":"Iceland","hr":"Island","hsb":"Islandska","ht":"Islann","hu":"Izland","hy":"Իսլանդիա","ia":"Islanda","id":"Islandia","ie":"Island","ig":"Iceland","ilo":"Islandia","inh":"Исланди","io":"Islando","is":"Ísland","it":"Islanda","iu":"ᐊᐃᔅᓚᓐᑦ","ja":"アイスランド","jam":"Aislan","jbo":"island","jv":"Èslan","ka":"ისლანდია","kaa":"Islandiya","kab":"Island","kbd":"Ислэнд","kbp":"Isilandɩ","kg":"Islande","kk":"Исландия","km":"ប្រទេសអ៊ីស្លង់","kn":"ಐಸ್ಲ್ಯಾಂಡ್","ko":"아이슬란드","koi":"Исланд","krc":"Исландия","ksh":"Island","ku":"Îslenda","kv":"Исландия","kw":"Island","ky":"Исландия","la":"Islandia","lad":"Islandia","lb":"Island","lez":"Исландия","lfn":"Island","lg":"Isilandi","li":"Iesland","lij":"Islanda","lld":"Islanda","lmo":"Islanda","ln":"Islandi","lo":"ປະເທດອິດສະລັງ","lt":"Islandija","ltg":"Īslandeja","lv":"Islande","mad":"Islandia","map-bms":"Islandia","mdf":"Исландмастор","mg":"Islandy","mhr":"Исландий","mi":"Tiorangi","min":"Islandia","mk":"Исланд","ml":"ഐസ്‌ലാന്റ്","mn":"Исланд","mr":"आइसलँड","ms":"Iceland","mt":"Iżlanda","mwl":"Eislándia","my":"အိုက်စလန်နိုင်ငံ","myv":"Исландия Мастор","nb":"Island","nds":"Iesland","nds-nl":"Ieslaand","ne":"आइसल्यान्ड","nl":"IJsland","nn":"Island","no":"Island","nov":"Islande","nrm":"Islaunde","nv":"Tin Kéyah","oc":"Islàndia","olo":"Islandii","om":"Aayislaandi","or":"ଆଇସଲ୍ୟାଣ୍ଡ","os":"Исланди","pa":"ਆਈਸਲੈਂਡ","pag":"Island","pam":"Islandya","pap":"Islandia","pcd":"Islinde","pl":"Islandia","pms":"Islanda","pnt":"Ισλανδία","ps":"آيسلينډ","pt":"Islândia","qu":"Islanriya","rm":"Islanda","ro":"Islanda","roa-rup":"Islanda","roa-tara":"Islanne","ru":"Исландия","rue":"Ісланд","rw":"Isilande","sa":"आइसलैंड","sah":"Исландия","sc":"Islanda","scn":"Islandia","sco":"Iceland","sd":"آئس لينڊ","se":"Islánda","sg":"Islânde","sh":"Island","shi":"Ayslanda","si":"අයිස්ලන්තය","sk":"Island","sl":"Islandija","sm":"Aiselani","smn":"Island","sn":"Yisirandi","so":"Ayslaan","sq":"Islanda","sr":"Исланд","srn":"Islenikondre","ss":"Echweni","st":"Iceland","stq":"Ieslound","su":"Islandia","sv":"Island","sw":"Isilandi","szl":"Islandyjo","szy":"Iceland","ta":"ஐசுலாந்து","tay":"Iceland","te":"ఐస్‌లాండ్","tet":"Izlándia","tg":"Исландия","th":"ประเทศไอซ์แลนด์","tk":"Islandiýa","tl":"Iceland","tly":"Islandijə","to":"ʻAisilani","tok":"ma Isilan","tpi":"Aislan","tr":"İzlanda","trv":"Iceland","ts":"Iceland","tt":"Исландия","tum":"Iceland","tyv":"Исландия","udm":"Исландия","ug":"ئىسلاندىيە","uk":"Ісландія","ur":"آئس لینڈ","uz":"Islandiya","vec":"Islanda","vep":"Islandii","vi":"Iceland","vls":"Ysland","vo":"Lisladeän","wa":"Izlande","war":"Islandya","wo":"Islaand","xh":"Ayisilend","yi":"איסלאנד","yo":"Íslándì","za":"Binghdauj","zea":"Iesland","zh":"冰岛","zu":"I-Ayisilandi"},"from":1979.4166666666667,"to":null,"wikidata":"Q189","adminLevel":2,"source":"OpenHistoricalMap","sourceUrl":"https://www.openhistoricalmap.org"}},{"type":"Feature","geometry":{"type":"Polygon","coordinates":[[[16.9027,50.4482],[16.9741,50.4177],[17.1083,50.4054],[17.1408,50.3822],[17.1995,50.3873],[17.2011,50.364],[17.2545,50.3296],[17.2936,50.3183],[17.3437,50.3278],[17.3475,50.2657],[17.3862,50.2829],[17.4239,50.2715],[17.4337,50.2533],[17.4905,50.2741],[17.5896,50.2785],[17.6168,50.2668],[17.687,50.3004],[17.6879,50.3221],[17.713,50.3226],[17.7449,50.3004],[17.7258,50.264],[17.7651,50.2364],[17.7585,50.2066],[17.6042,50.1704],[17.5999,50.1542],[17.6572,50.1095],[17.7173,50.1065],[17.7492,50.0782],[17.7719,50.025],[17.8277,50.0113],[17.8264,49.994],[17.8649,49.976],[17.9198,49.9783],[17.9977,50.0156],[18.0403,50.0072],[18.0444,50.0366],[18.018,50.0316],[18.0066,50.0447],[18.0336,50.066],[18.0858,50.046],[18.1111,49.9983],[18.1532,49.9836],[18.2066,49.9979],[18.2206,49.9689],[18.2748,49.9651],[18.2882,49.9315],[18.315,49.9188],[18.3498,49.9293],[18.3339,49.9462],[18.4307,49.9382],[18.4916,49.9033],[18.5329,49.9002],[18.5397,49.9252],[18.5715,49.9214],[18.5656,49.8807],[18.602,49.865],[18.5694,49.8345],[18.6341,49.7174],[18.7093,49.7046],[18.7465,49.6775],[18.8052,49.6781],[18.8265,49.5971],[18.8395,49.5954],[18.8373,49.5654],[18.8582,49.543],[18.8485,49.5186],[18.969,49.5058],[18.9632,49.4599],[18.9871,49.4263],[18.9702,49.4139],[18.9793,49.3959],[19.031,49.3954],[19.0765,49.417],[19.1265,49.4035],[19.1955,49.4133],[19.1863,49.432],[19.2266,49.4573],[19.2396,49.5143],[19.2664,49.5324],[19.3624,49.5361],[19.3712,49.5659],[19.466,49.6134],[19.4775,49.5891],[19.5271,49.5726],[19.5292,49.5402],[19.5705,49.4694],[19.6133,49.4472],[19.635,49.4546],[19.6446,49.4106],[19.7235,49.3892],[19.7479,49.4082],[19.7906,49.4107],[19.8029,49.3681],[19.7925,49.2997],[19.8206,49.282],[19.7668,49.2366],[19.7631,49.2076],[19.7819,49.2001],[19.8621,49.1966],[19.9282,49.2353],[19.9813,49.2316],[20.0877,49.1795],[20.1039,49.2538],[20.1479,49.3188],[20.1641,49.3067],[20.2203,49.3516],[20.3129,49.3433],[20.3303,49.4026],[20.3798,49.4046],[20.3904,49.3904],[20.4689,49.4157],[20.5755,49.3761],[20.6149,49.4178],[20.6524,49.4014],[20.7229,49.4197],[20.7418,49.4158],[20.7577,49.3757],[20.7865,49.3738],[20.8264,49.3344],[20.8632,49.3479],[20.9281,49.2963],[20.9877,49.3085],[20.9881,49.3268],[21.0449,49.3654],[21.0949,49.366],[21.0951,49.3824],[21.0501,49.4198],[21.1284,49.435],[21.1907,49.4013],[21.2766,49.4607],[21.4361,49.4127],[21.6287,49.4468],[21.6575,49.4184],[21.7186,49.4129],[21.778,49.356],[21.8311,49.3913],[21.8978,49.3552],[21.9661,49.3451],[21.986,49.309],[22.03,49.2822],[22.0408,49.2584],[22.0311,49.2279],[22.0486,49.2175],[22.1867,49.1775],[22.2257,49.1829],[22.2256,49.1567],[22.3073,49.1368],[22.3681,49.1462],[22.4248,49.0992],[22.4946,49.0867],[22.5824,49.0974],[22.6833,49.0389],[22.7694,49.0522],[22.8338,49.0261],[22.8523,49.0031],[22.8849,49.0069],[22.8659,49.0678],[22.8857,49.0985],[22.8324,49.1107],[22.7895,49.151],[22.7462,49.156],[22.7566,49.181],[22.7111,49.1717],[22.7404,49.2117],[22.7219,49.2214],[22.7506,49.3168],[22.747,49.3607],[22.6972,49.495],[22.6511,49.5089],[22.6414,49.53],[22.8056,49.6934],[22.8477,49.7101],[22.9544,49.8033],[22.9667,49.8307],[23.2196,50.0448],[23.47,50.218],[23.581,50.2659],[23.6386,50.3205],[23.6863,50.3316],[23.7088,50.3793],[23.8018,50.4045],[23.9975,50.4121],[24.0703,50.5047],[24.0982,50.6374],[24.0812,50.6444],[24.0852,50.6706],[24.0662,50.6778],[24.0752,50.7132],[24.0164,50.7295],[24.0164,50.7706],[23.9643,50.7808],[23.9672,50.8106],[23.9944,50.8384],[24.0948,50.8359],[24.1459,50.8685],[24.0561,50.891],[23.976,50.9469],[23.9614,50.9839],[23.9211,51.0056],[23.9358,51.0144],[23.9199,51.0248],[23.9116,51.0714],[23.8568,51.0998],[23.8499,51.1234],[23.8695,51.1295],[23.8694,51.1501],[23.7386,51.2161],[23.6956,51.2901],[23.6462,51.2916],[23.6411,51.3326],[23.6611,51.3627],[23.6839,51.3675],[23.6788,51.3909],[23.7029,51.4186],[23.6509,51.4542],[23.6715,51.4795],[23.6219,51.4954],[23.6234,51.5125],[23.5949,51.5352],[23.566,51.5338],[23.5683,51.5765],[23.5432,51.6105],[23.5406,51.6608],[23.5592,51.6662],[23.5502,51.7172],[23.5286,51.7296],[23.6426,51.8027],[23.6024,51.8419],[23.6079,51.8771],[23.6285,51.8746],[23.6385,51.896],[23.6179,51.9032],[23.6168,51.9237],[23.645,51.936],[23.6319,51.9512],[23.6886,51.9919],[23.6594,52.0191],[23.6656,52.0386],[23.6427,52.0577],[23.6536,52.0711],[23.6033,52.1147],[23.5544,52.1097],[23.4881,52.1527],[23.4836,52.1676],[23.5073,52.1752],[23.4256,52.176],[23.365,52.2083],[23.2072,52.2258],[23.2035,52.2772],[23.1823,52.2833],[23.3562,52.4686],[23.4678,52.5496],[23.641,52.6074],[23.7342,52.6069],[23.9387,52.713],[23.9399,52.8129],[23.9248,52.8302],[23.9165,52.9389],[23.9466,52.9585],[23.9169,53.0391],[23.872,53.0846],[23.9178,53.1576],[23.8643,53.1957],[23.855,53.2319],[23.819,53.244],[23.7986,53.2743],[23.6595,53.5214],[23.5818,53.744],[23.5489,53.7679],[23.5507,53.8374],[23.5101,53.914],[23.515,53.9563],[23.4845,53.9928],[23.5206,54.0301],[23.5286,54.0658],[23.4895,54.1446],[23.451,54.1758],[23.4245,54.1775],[23.3826,54.2275],[23.3375,54.2517],[23.2489,54.2568],[23.1499,54.3131],[23.0922,54.2985],[23.051,54.3124],[23.0632,54.341],[22.9939,54.3619],[23.0085,54.3796],[22.8834,54.4095],[22.8424,54.4066],[22.7963,54.365],[22.6416,54.3538],[21.4526,54.3187],[20.6363,54.3674],[19.6556,54.4528],[19.4042,54.6039],[18.9518,54.8367],[18.4824,55.015],[18.3166,55.0359],[17.8418,55.0227],[17.1205,54.9181],[16.8448,54.8321],[16.7627,54.7852],[16.4826,54.7464],[16.3188,54.702],[16.1763,54.622],[16.049,54.5123],[15.9405,54.4523],[15.1721,54.3375],[14.2802,54.125],[14.2383,54.1258],[14.1978,54.2516],[14.1648,54.2632],[14.1566,54.3013],[14.1064,54.3177],[14.1147,54.4409],[14.0783,54.4409],[14.0694,54.2789],[14.1682,54.2383],[14.2406,53.9932],[14.2264,53.9288],[14.1853,53.9141],[14.212,53.9006],[14.2118,53.8681],[14.2833,53.7733],[14.2666,53.7535],[14.2829,53.6833],[14.2711,53.6666],[14.2843,53.6345],[14.3111,53.6187],[14.3059,53.5431],[14.3713,53.4562],[14.3733,53.4089],[14.4211,53.2764],[14.4504,53.261],[14.3822,53.2041],[14.3669,53.1715],[14.3883,53.1427],[14.3423,53.0507],[14.1449,52.9625],[14.1597,52.8884],[14.1229,52.8416],[14.1466,52.8235],[14.2139,52.8183],[14.2867,52.7712],[14.3519,52.7519],[14.4675,52.6602],[14.5946,52.6108],[14.6369,52.5757],[14.6043,52.5352],[14.6355,52.4951],[14.5929,52.4521],[14.5522,52.4357],[14.5332,52.4007],[14.5618,52.3278],[14.5848,52.3068],[14.5797,52.2864],[14.6876,52.2569],[14.7163,52.2349],[14.687,52.1975],[14.7038,52.1672],[14.6805,52.1461],[14.6867,52.1063],[14.7589,52.0642],[14.7075,51.9797],[14.7189,51.9457],[14.6928,51.9011],[14.6113,51.8573],[14.5906,51.828],[14.6007,51.8093],[14.6451,51.7966],[14.6673,51.7278],[14.753,51.6678],[14.7627,51.6055],[14.7158,51.5653],[14.7332,51.5295],[14.9486,51.4717],[14.9721,51.4348],[14.9601,51.4325],[14.9584,51.3959],[14.9837,51.374],[14.9674,51.3625],[15.0418,51.2733],[15.0076,51.2045],[14.9978,51.1228],[14.9198,50.9764],[14.8185,50.8764],[15.0001,50.8685],[15.0056,50.9061],[14.9894,50.9216],[15.0202,50.9663],[15.0078,50.9853],[14.9714,50.989],[14.9841,51.0082],[15.0677,51.0212],[15.1066,51.0104],[15.1009,50.9945],[15.1323,50.9909],[15.1635,51.0173],[15.1796,50.9834],[15.2358,50.9986],[15.2768,50.9723],[15.2905,50.9504],[15.2714,50.9365],[15.277,50.8946],[15.3092,50.8618],[15.3569,50.8478],[15.3815,50.7776],[15.4366,50.8086],[15.532,50.7788],[15.6078,50.7751],[15.6986,50.7349],[15.8104,50.755],[15.8645,50.6741],[15.9876,50.685],[16.0163,50.6334],[15.9887,50.6165],[16.0167,50.6031],[16.0585,50.6131],[16.064,50.6339],[16.1101,50.6614],[16.1705,50.6453],[16.1814,50.6283],[16.212,50.6322],[16.2337,50.6709],[16.3432,50.6606],[16.4492,50.5731],[16.4066,50.569],[16.4111,50.5488],[16.3653,50.5052],[16.3182,50.5078],[16.2972,50.4829],[16.2582,50.4799],[16.1964,50.4334],[16.2145,50.4091],[16.2452,50.4081],[16.2786,50.368],[16.3051,50.3825],[16.3591,50.3798],[16.3621,50.3498],[16.3832,50.3288],[16.4327,50.323],[16.5429,50.2323],[16.5615,50.208],[16.5578,50.1707],[16.5804,50.1435],[16.6923,50.0984],[16.7801,50.144],[16.81,50.1894],[16.8473,50.2074],[16.8764,50.1984],[16.9048,50.223],[16.9498,50.2213],[16.97,50.2422],[16.9968,50.2168],[17.025,50.2278],[17.0033,50.2531],[17.0181,50.2713],[17.0116,50.2917],[16.9449,50.3183],[16.9091,50.3904],[16.8605,50.4099],[16.9027,50.4482]]]},"properties":{"id":"Q36","names":{"ab":"Польша","ace":"Polandia","ady":"Полшэ","af":"Pole","als":"Polen","ami":"Poland","an":"Polonia","ang":"Polaland","ann":"Polan","ar":"بولندا","ast":"Polonia","av":"Польша","avk":"Polska","ay":"Puluña","az":"Polşa","ba":"Польша","ban":"Polandia","bar":"Poin","bat-smg":"Lėnkėjė","bcl":"Polonya","bdr":"Poland","be":"Польшча","be-x-old":"Польшча","bew":"Polen","bg":"Полша","bi":"Polan","bjn":"Pulandia","br":"Polonia","bs":"Poljska","btm":"Polandia","bxr":"Польшо","ca":"Polònia","cbk-zam":"Polonia","cdo":"Pŏ̤-làng","ce":"Польша","ceb":"Polskowa","ch":"Polaki","chy":"Poland","co":"Polonia","crh":"Lehistan","cs":"Polsko","csb":"Pòlskô","cu":"Пол҄ьска","cv":"Польша","cy":"Gwlad Pwyl","da":"Polen","de":"Polen","diq":"Polonya","dsb":"Pólska","dtp":"Poland","ee":"Pɔlisa","el":"Πολωνία","eml":"Pulógna","en":"Poland","eo":"Pollando","es":"Polonia","et":"Poola","eu":"Polonia","ext":"Poloña","ff":"Poloonya","fi":"Puola","fiu-vro":"Poola","fj":"Poladi","fo":"Pólland","fr":"Pologne","frp":"Pologne","frr":"Poolen","fur":"Polonie","fy":"Poalen","ga":"An Pholainn","gag":"Polşa","gcr":"Pològn","gd":"A' Phòlainn","gl":"Polonia","gn":"Polóña","got":"𐍀𐌰𐌿𐌻𐌰𐌿𐌽𐌹𐌰","gv":"Yn Pholynn","ha":"Poland","hak":"Pô-làn","haw":"Pōlani","he":"פולין","hif":"Poland","hr":"Poljska","hsb":"Pólska","ht":"Polòy","hu":"Lengyelország","ia":"Polonia","iba":"Poland","id":"Polandia","ie":"Polonia","ig":"Poland","ik":"Puulan","ilo":"Polonia","inh":"Полхехье","io":"Polonia","is":"Pólland","it":"Polonia","ja":"ポーランド","jam":"Puolan","jbo":"polskas","jv":"Polen","kaa":"Polsha","kab":"Bulunda","kbd":"Лэхьый","kbp":"Pɔlɔɔñɩ","kcg":"Polan","kg":"Pologne","kge":"Pulandiya","ki":"Borandi","kk":"Польша","knc":"Poland","ko":"폴란드","koi":"Польска","krc":"Польша","ksh":"Pole","ku":"Polonya","kv":"Польша","kw":"Poloni","ky":"Польша","la":"Polonia","lad":"Polonia","lb":"Polen","lbe":"Польша","lez":"Польша","lfn":"Polsca","lg":"Bupoolo","li":"Pole","lij":"Polonia","lld":"Polonia","lmo":"Polònia","ln":"Poloni","lt":"Lenkija","ltg":"Puoleja","lv":"Polija","mad":"Polandia","map-bms":"Polandia","mdf":"Полень мастор","mg":"Pôlônia","mhr":"Польша","mi":"Pōrana","min":"Polandia","mk":"Полска","mn":"Польш","mrj":"Польша","ms":"Poland","mt":"Polonja","mwl":"Polónia","myv":"Польша Мастор","nap":"Pulonnia","nds":"Polen","nds-nl":"Polen","nl":"Polen","nn":"Polen","no":"Polen","nov":"Polonia","nrm":"Polongne","nso":"Poland","nv":"Haltso Hóteelnii Bikéyah","ny":"Poland","oc":"Polonha","olo":"Pol'šu","om":"Poolaandi","os":"Польшæ","pag":"Polonya","pam":"Polonya","pap":"Polonia","pcd":"Polonne","pdc":"Polen","pfl":"Polen","pl":"Polska","pms":"Polònia","pnt":"Πολωνία","pt":"Polónia","qu":"Pulunya","rm":"Pologna","rmy":"Polska","rn":"Pologne","ro":"Polonia","roa-rup":"Pulunii","roa-tara":"Pulonie","ru":"Польша","rue":"Польско","rw":"Polonye","sah":"Польша","sc":"Polònia","scn":"Pulonia","sco":"Poland","se":"Polska","sg":"Pölôni","sh":"Poljska","shi":"Bulunya","sk":"Poľsko","sl":"Poljska","sm":"Polani","smn":"Puola","sn":"Polandi","so":"Boland","sq":"Polonia","sr":"Пољска","srn":"Polikondre","ss":"IPholandi","st":"Poland","stq":"Polen","su":"Polandia","sv":"Polen","sw":"Polandi","szl":"Polsko","szy":"Poland","tay":"Poland","te":"పోలాండ్","tet":"Polónia","tg":"Лаҳистон","ti":"ፖላንድ","tk":"Polşa","tl":"Polonya","tly":"Polša","to":"Polani","tok":"ma Posuka","tpi":"Polan","tr":"Polonya","trv":"Poran","ts":"Polendi","tt":"Польша","tum":"Poland","tw":"Poland","ty":"Pōrana","tyv":"Польша","udm":"Польша","uk":"Польща","uz":"Polsha","ve":"Poland","vec":"Połònia","vep":"Pol'šanma","vi":"Ba Lan","vls":"Pooln","vo":"Polän","wa":"Pologne","war":"Polonya","wo":"Poloñ","xh":"IPoland","yo":"Pólándì","za":"Bohlanz","zea":"Poôl'n","zh":"波蘭","zh-min-nan":"Pho-lân","zu":"IPolandi"},"from":1991.220430107527,"to":null,"wikidata":"Q36","adminLevel":2,"source":"OpenHistoricalMap","sourceUrl":"https://www.openhistoricalmap.org"}},{"type":"Feature","geometry":{"type":"Polygon","coordinates":[[[26.5574,57.5139],[26.5794,57.5371],[26.6074,57.5118],[26.6471,57.554],[26.7376,57.5755],[26.7383,57.5877],[26.7727,57.575],[26.7534,57.5635],[26.773,57.5597],[26.784,57.5761],[26.8629,57.5939],[26.8636,57.6088],[26.9265,57.6333],[26.9515,57.6156],[26.9395,57.6103],[27.0305,57.6042],[27.0439,57.5972],[27.0346,57.5856],[27.1042,57.5657],[27.258,57.5508],[27.3471,57.5219],[27.3224,57.575],[27.4051,57.6124],[27.3887,57.6161],[27.4009,57.633],[27.3786,57.6446],[27.3814,57.673],[27.4468,57.7173],[27.5178,57.7093],[27.5414,57.7311],[27.4947,57.7877],[27.5307,57.7908],[27.5579,57.8338],[27.6864,57.8355],[27.7081,57.8485],[27.7408,57.8278],[27.7762,57.8331],[27.8158,57.8624],[27.8169,57.893],[27.7041,57.9003],[27.6955,57.9074],[27.7197,57.9122],[27.7101,57.9217],[27.679,57.924],[27.6598,57.9524],[27.6845,57.96],[27.6982,57.9951],[27.6493,58.0202],[27.6538,57.9958],[27.6207,58.0056],[27.6056,58.0543],[27.6354,58.1004],[27.4905,58.2192],[27.4864,58.3066],[27.5551,58.3686],[27.3422,58.8933],[27.7218,58.9678],[27.747,58.9895],[27.7449,59.027],[27.7666,59.0329],[27.7921,59.0704],[27.8102,59.13],[27.8897,59.1852],[27.9032,59.2408],[28.0194,59.2856],[28.1297,59.291],[28.2007,59.3579],[28.2083,59.3795],[28.1929,59.3993],[28.0892,59.457],[27.9597,59.4862],[27.8105,59.5455],[27.3869,59.6518],[27.0531,59.6192],[26.8169,59.6625],[26.6267,59.8231],[26.4377,59.9392],[26.153,59.9006],[26.0225,59.8155],[25.5817,59.8262],[24.4817,59.7027],[23.5229,59.4823],[23.1908,59.4841],[22.7321,59.2922],[22.5996,59.296],[22.3956,59.269],[21.8525,59.0575],[21.652,58.9181],[21.6973,58.8312],[21.606,58.6891],[21.516,58.6491],[21.4529,58.6012],[21.4213,58.5396],[21.3863,58.3491],[21.3828,58.3005],[21.4021,58.2557],[21.6129,57.8959],[21.7152,57.7866],[21.915,57.7481],[22.145,57.7789],[22.5824,57.9265],[22.7081,57.9396],[22.9992,57.7012],[23.1815,57.586],[23.4057,57.5939],[23.5835,57.67],[23.6488,57.7833],[23.6007,57.8995],[24.2097,57.8992],[24.2607,57.9173],[24.3532,57.8761],[24.4093,57.8717],[24.4595,57.88],[24.4461,57.9084],[24.4623,57.925],[24.5139,57.9306],[24.5309,57.9469],[24.5843,57.9618],[24.6289,57.942],[24.6748,57.9594],[24.6897,57.9473],[24.7426,57.9651],[24.7433,57.9812],[24.8071,57.9903],[24.8325,57.9728],[25.0214,58.0183],[25.1059,58.0778],[25.2122,58.0808],[25.2037,58.065],[25.2283,58.0535],[25.2255,58.0218],[25.2674,57.9946],[25.3014,57.9931],[25.2981,58.0421],[25.2649,58.0601],[25.2868,58.0816],[25.3721,58.0288],[25.4486,58.0171],[25.465,58.0075],[25.4465,57.9993],[25.4858,57.9748],[25.5185,57.9801],[25.5123,57.9695],[25.5518,57.9722],[25.5573,57.9604],[25.5738,57.9739],[25.5943,57.9596],[25.5869,57.9504],[25.6557,57.9145],[25.7025,57.9032],[25.7374,57.9242],[25.7884,57.9046],[25.8202,57.8649],[25.8757,57.865],[25.896,57.8507],[26.0568,57.8486],[26.024,57.7728],[26.1351,57.752],[26.1429,57.7332],[26.2042,57.7157],[26.1796,57.6887],[26.2424,57.6522],[26.2326,57.6489],[26.2791,57.5953],[26.4016,57.5722],[26.4695,57.5756],[26.4998,57.5245],[26.5574,57.5139]]]},"properties":{"id":"Q191","names":{"ab":"Естониа","af":"Estland","am":"ኤስቶኒያ","an":"Estonia","ar":"إستونيا","av":"Эстония","ay":"Istuña","az":"Estoniya","ba":"Эстония","be":"Эстонія","bg":"Естония","bh":"इस्टोनिया","bi":"Estonia","bm":"Estonia","bn":"এস্তোনিয়া","bo":"ཨིསུ་ཊོ་ནིཡ།","br":"Estonia","bs":"Estonija","ca":"Estònia","ce":"Эстони","ch":"Estonia","co":"Estonia","cs":"Estonsko","cu":"Єсть","cv":"Эстони","cy":"Estonia","da":"Estland","de":"Estland","dz":"ཨིསི་ཊོ་ནི་ཡ་","ee":"Estonia","el":"Εσθονία","en":"Estonia","eo":"Estonio","es":"Estonia","eu":"Estonia","fa":"استونی","ff":"Estoniya","fi":"Viro","fo":"Estland","fr":"Estonie","fy":"Estlân","ga":"An Eastóin","gd":"Eastòinia","gl":"Estonia","gn":"Etóña","gu":"ઈસ્ટોનિયા","gv":"Yn Estaan","ha":"Istoniya","he":"אסטוניה","hi":"एस्टोनिया","hr":"Estonija","ht":"Estoni","hu":"Észtország","hy":"Էստոնիա","ia":"Estonia","id":"Estonia","ie":"Estonia","ig":"Estoniya","io":"Estonia","is":"Eistland","it":"Estonia","ja":"エストニア","jv":"Èstlan","ka":"ესტონეთი","kg":"Estoni","kk":"Эстония","km":"អេស្តូនី","kn":"ಎಸ್ಟೊನಿಯ","ko":"에스토니아","ku":"Estonya","kv":"Эстония","kw":"Estoni","ky":"Эстония","la":"Estonia","lb":"Estland","lg":"Estonia","li":"Esland","ln":"Estonia","lo":"ປະເທດແອັດສະໂຕນີ","lt":"Estija","lv":"Igaunija","mg":"Estônia","mi":"Etonia","mk":"Естонија","ml":"എസ്റ്റോണിയ","mn":"Эстони","mr":"एस्टोनिया","ms":"Estonia","mt":"Estonja","my":"အက်စ်တိုးနီးယားနိုင်ငံ","nb":"Estland","ne":"एस्टोनिया","nl":"Estland","nn":"Estland","nv":"Hakázítah Dineʼé Bikéyah","ny":"Estonia","oc":"Estònia","om":"Istooniyaa","or":"ଏସ୍ତୋନିଆ","os":"Эстони","pa":"ਇਸਤੋਨੀਆ","pl":"Estonia","ps":"اېستونيا","pt":"Estónia","qu":"Istunya","rm":"Estonia","ro":"Estonia","ru":"Эстония","rw":"Esitoniya","sa":"एस्टोनिया","sc":"Estònia","sd":"اسٽونيا","se":"Estteeana","sg":"Estonïi","si":"එස්ටෝනියාව","sk":"Estónsko","sl":"Estonija","sm":"Esitonia","sn":"Estonia","so":"Estoniya","sq":"Estonia","sr":"Естонија","ss":"IWestoniya","st":"Estonia","su":"Éstonia","sv":"Estland","sw":"Estonia","ta":"எசுத்தோனியா","te":"ఎస్టోనియా","tg":"Эстония","th":"ประเทศเอสโตเนีย","tk":"Estoniýa","tl":"Estonya","to":"ʻEsitōnia","tr":"Estonya","ts":"Estonia","tt":"Эстония","tw":"Estonia","ty":"Etoni","ug":"ئېستونىيە","uk":"Естонія","ur":"استونیا","uz":"Estoniya","ve":"Estonia","vi":"Estonia","vo":"Lestiyän","wa":"Estoneye","wo":"Estooni","xh":"Estoniya","yi":"עסטלאנד","yo":"Estóníà","za":"Estonia","zh":"爱沙尼亚","zu":"I-Estoniya"},"from":1996.529569892473,"to":null,"wikidata":"Q191","adminLevel":2,"source":"OpenHistoricalMap","sourceUrl":"https://www.openhistoricalmap.org"}},{"type":"Feature","geometry":{"type":"Polygon","coordinates":[[[22.7081,57.9396],[22.5824,57.9265],[22.145,57.7789],[21.915,57.7481],[21.7152,57.7866],[21.6156,57.7716],[21.422,57.7041],[21.3547,57.6542],[21.3025,57.5689],[21.2077,57.5136],[21.1624,57.4501],[21.0773,57.3784],[21.0471,57.2931],[21.0429,57.1057],[20.793,56.9817],[20.7147,56.9135],[20.6886,56.8377],[20.6982,56.7497],[20.6776,56.6774],[20.6117,56.6003],[20.6021,56.5322],[20.6337,56.4519],[20.609,56.3782],[20.6323,56.1693],[20.7099,56.0458],[21.1626,56.0862],[21.2005,56.0766],[21.238,56.1231],[21.2274,56.1591],[21.2758,56.173],[21.3287,56.2181],[21.4521,56.2485],[21.4996,56.2931],[21.6115,56.3251],[21.7221,56.3136],[21.8357,56.3716],[21.8709,56.3616],[21.9695,56.3766],[22.016,56.4241],[22.1334,56.4312],[22.208,56.4243],[22.2398,56.4008],[22.3121,56.4099],[22.3492,56.3938],[22.4283,56.4095],[22.5825,56.3899],[22.6874,56.3523],[22.7337,56.372],[22.8999,56.3742],[22.9286,56.3881],[22.921,56.398],[22.9357,56.4107],[22.9692,56.4139],[23.0022,56.4064],[23.0189,56.3706],[23.0051,56.3685],[23.0349,56.3262],[23.0899,56.3087],[23.1767,56.3337],[23.1704,56.3666],[23.3082,56.3814],[23.388,56.3789],[23.439,56.3517],[23.5449,56.3321],[23.6412,56.3618],[23.7737,56.3701],[23.7665,56.3237],[23.8036,56.3421],[24.019,56.3298],[24.0227,56.3107],[24.0492,56.2993],[24.046,56.2797],[24.0978,56.2773],[24.1148,56.2523],[24.1768,56.2509],[24.2901,56.2856],[24.2849,56.3003],[24.4542,56.2582],[24.5795,56.2882],[24.5756,56.3156],[24.6215,56.3452],[24.627,56.3732],[24.6929,56.3786],[24.7057,56.4036],[24.8618,56.4158],[24.8534,56.4341],[24.8799,56.4499],[24.9188,56.4387],[24.9057,56.4127],[24.9698,56.3629],[24.9733,56.3143],[25.0505,56.2674],[25.0737,56.2028],[25.0989,56.1852],[25.1746,56.1745],[25.2275,56.1917],[25.3136,56.1461],[25.4041,56.1582],[25.4196,56.1452],[25.5047,56.1445],[25.5361,56.1654],[25.5654,56.1399],[25.6018,56.1344],[25.6846,56.1441],[25.6763,56.1299],[25.6945,56.1218],[25.6871,56.093],[25.7001,56.083],[25.8104,56.0568],[25.8587,56.0225],[25.8489,56.0082],[25.8603,55.9997],[26.046,55.9542],[26.1203,55.8795],[26.1839,55.8685],[26.2294,55.8382],[26.2686,55.7677],[26.3082,55.7448],[26.35,55.7424],[26.3858,55.7045],[26.4428,55.7089],[26.5184,55.6797],[26.5771,55.6758],[26.6303,55.6807],[26.6515,55.7001],[26.7219,55.7008],[26.7837,55.6778],[26.7998,55.698],[26.8704,55.7138],[26.9203,55.7878],[27.0153,55.8288],[27.0976,55.8293],[27.1331,55.8514],[27.2873,55.7852],[27.361,55.8133],[27.4312,55.7941],[27.6129,55.7865],[27.6397,55.8482],[27.6247,55.8923],[27.6532,55.9132],[27.653,55.9295],[27.7542,55.9797],[27.7926,55.9804],[27.8265,56.018],[27.8065,56.0354],[27.9222,56.061],[27.972,56.1198],[28.0446,56.1188],[28.1196,56.1654],[28.1706,56.1768],[28.1777,56.2047],[28.1981,56.2091],[28.1842,56.2262],[28.2408,56.276],[28.1901,56.3616],[28.1656,56.3746],[28.1926,56.4449],[28.1295,56.4912],[28.1375,56.5082],[28.095,56.5187],[28.1074,56.5436],[28.1411,56.5517],[28.1435,56.5718],[28.0419,56.5913],[28.0114,56.6367],[28.0125,56.6725],[27.9036,56.7464],[27.9148,56.7728],[27.9445,56.7765],[27.9461,56.8037],[27.9744,56.8114],[27.9711,56.8305],[27.905,56.8211],[27.874,56.8775],[27.8486,56.8794],[27.687,56.8367],[27.659,56.8423],[27.6851,56.914],[27.7372,56.9201],[27.767,57.0007],[27.7169,57.0037],[27.7437,57.0645],[27.7673,57.083],[27.7157,57.097],[27.7501,57.0979],[27.7425,57.1204],[27.8122,57.142],[27.8332,57.1666],[27.8257,57.1919],[27.8671,57.245],[27.8672,57.2941],[27.8239,57.3231],[27.7818,57.3203],[27.7694,57.3472],[27.6841,57.3721],[27.6633,57.396],[27.5162,57.4249],[27.5666,57.5147],[27.5382,57.5386],[27.3258,57.5235],[27.258,57.5508],[27.1174,57.5621],[27.0346,57.5856],[27.0439,57.5972],[27.0305,57.6042],[26.9453,57.6029],[26.9515,57.6156],[26.9093,57.6333],[26.8653,57.6171],[26.8629,57.5939],[26.7994,57.5823],[26.773,57.5597],[26.7534,57.5635],[26.7727,57.575],[26.7383,57.5877],[26.7102,57.5663],[26.6717,57.5656],[26.6146,57.5293],[26.6168,57.5094],[26.5764,57.5331],[26.5249,57.5163],[26.4998,57.5245],[26.4695,57.5756],[26.4016,57.5722],[26.2776,57.5955],[26.2356,57.6579],[26.1841,57.6856],[26.1976,57.7201],[26.1429,57.7332],[26.1351,57.752],[26.0242,57.7687],[26.0572,57.8439],[25.9986,57.859],[25.8836,57.849],[25.8202,57.8649],[25.7729,57.9125],[25.7374,57.9242],[25.6799,57.9045],[25.5804,57.9442],[25.589,57.9528],[25.5738,57.9739],[25.5573,57.9604],[25.5518,57.9722],[25.4858,57.9748],[25.4514,57.9923],[25.4568,58.0114],[25.3639,58.0314],[25.2957,58.0815],[25.2661,58.0672],[25.3038,58.0343],[25.2922,57.993],[25.2563,57.9938],[25.2304,58.0155],[25.2461,58.0186],[25.2195,58.0302],[25.2065,58.0833],[25.1059,58.0778],[25.0214,58.0183],[24.8325,57.9728],[24.8071,57.9903],[24.7433,57.9812],[24.7426,57.9651],[24.6897,57.9473],[24.6447,57.959],[24.6166,57.943],[24.5843,57.9618],[24.5309,57.9469],[24.4623,57.925],[24.4461,57.9084],[24.4595,57.9063],[24.4595,57.88],[24.4121,57.8647],[24.2607,57.9173],[24.2097,57.8992],[23.9744,57.8993],[23.9562,57.8334],[23.9646,57.7029],[23.9967,57.614],[23.9904,57.5275],[24.03,57.3151],[24.002,57.3006],[23.6,57.2535],[23.5526,57.2779],[23.4881,57.4198],[23.4369,57.4763],[23.2141,57.5873],[23.1815,57.586],[22.9992,57.7012],[22.7081,57.9396]]]},"properties":{"id":"Q211","names":{"ab":"Латвиа","af":"Letland","am":"ላትቪያ","an":"Letonia","ar":"لاتفيا","av":"Латвия","az":"Latviya","ba":"Латвия","be":"Латвія","bg":"Латвия","bh":"लैटविया","bi":"Latvia","bn":"লাতভিয়া","bo":"ལ་ཊ་ཝིཡ།","br":"Latvia","ca":"Letònia","ce":"Латви","ch":"Letonia","co":"Lettonia","cs":"Lotyšsko","cu":"Латвїꙗ","cv":"Латви","cy":"Latfia","da":"Letland","de":"Lettland","dv":"ލެޓުވިއާ","dz":"ལེཊི་བི་ཡ","ee":"Latvia","el":"Λετονία","en":"Latvia","eo":"Latvio","es":"Letonia","et":"Läti","eu":"Letonia","fa":"لتونی","ff":"Latvia","fi":"Latvia","fo":"Lettland","fr":"Lettonie","fy":"Letlân","ga":"An Laitvia","gd":"An Laitbhe","gl":"Letonia","gn":"Letóña","gu":"લાટવિયા","gv":"Yn Latvey","ha":"Laitfiya","he":"לטביה","hi":"लातविया","ht":"Letoni","hu":"Lettország","hy":"Լատվիա","ia":"Lettonia","id":"Latvia","ie":"Latvia","ig":"Latvia","io":"Latvia","is":"Lettland","it":"Lettonia","ja":"ラトビア","jv":"Lètlan","ka":"ლატვია","kg":"Latvia","kk":"Латвия","km":"ឡេតូនី","kn":"ಲಾಟ್ವಿಯ","ko":"라트비아","ku":"Letonya","kv":"Латвия","kw":"Latvi","ky":"Латвия","la":"Lettonia","lb":"Lettland","lg":"Latvia","li":"Letland","ln":"Letoni","lo":"ປະເທດລັດເວຍ","lv":"Latvija","mg":"Letônia","mi":"Rāwhia","mk":"Латвија","ml":"ലാത്വിയ","mn":"Латви","mr":"लात्व्हिया","ms":"Latvia","mt":"Latvja","my":"လတ်ဗီယာနိုင်ငံ","nb":"Latvia","ne":"लात्भिया","nl":"Letland","nn":"Latvia","nv":"Dahńdzílgaiʼnii Bikéyah","oc":"Letònia","om":"Laativiyaa","os":"Латви","pa":"ਲਾਤਵੀਆ","pl":"Łotwa","ps":"لاتويا","pt":"Letónia","qu":"Litunya","rm":"Lettonia","ro":"Letonia","ru":"Латвия","rw":"Lativiya","sa":"लाट्विया","sc":"Letònia","sd":"ليٽويا","se":"Látvia","si":"ලැට්වියාව","sk":"Lotyšsko","sm":"Lativia","sn":"Rativhiya","so":"Latfiya","sq":"Letonia","sr":"Летонија","ss":"ILathiviya","st":"Latvia","su":"Latvia","sv":"Lettland","sw":"Latvia","ta":"லாத்வியா","te":"లాట్వియా","tg":"Латвия","th":"ประเทศลัตเวีย","tk":"Latwiýa","tl":"Letonya","to":"Lativia","tr":"Letonya","ts":"Latvia","tt":"Латвия","tw":"Latvia","ug":"لاتۋىيە","uk":"Латвія","ur":"لٹویا","uz":"Latviya","vi":"Latvia","vo":"Latviyän","wa":"Letoneye","wo":"Letóoni","yi":"לעטלאנד","yo":"Látfíà","za":"Latvia","zh":"拉脫維亞","zu":"ILatviya"},"from":1996.529569892473,"to":null,"wikidata":"Q211","adminLevel":2,"source":"OpenHistoricalMap","sourceUrl":"https://www.openhistoricalmap.org"}},{"type":"Feature","geometry":{"type":"MultiPolygon","coordinates":[[[[4.8692,51.4118],[4.8724,51.4115],[4.8731,51.4124],[4.8692,51.4118]]],[[[4.9223,51.4377],[4.9249,51.4407],[4.9223,51.4402],[4.9223,51.4377]]],[[[4.9341,51.4334],[4.9354,51.432],[4.9355,51.4333],[4.9341,51.4334]]],[[[4.9307,51.4372],[4.931,51.4367],[4.9316,51.4372],[4.9307,51.4372]]],[[[4.9313,51.4364],[4.9324,51.4345],[4.9327,51.4365],[4.9313,51.4364]]],[[[4.9354,51.4375],[4.9355,51.4362],[4.9368,51.4363],[4.9354,51.4375]]],[[[4.9306,51.4399],[4.9322,51.4388],[4.9324,51.44],[4.9306,51.4399]]],[[[4.9417,51.4495],[4.9416,51.4479],[4.9422,51.4495],[4.9417,51.4495]]],[[[6.4126,53.6045],[6.3347,53.7444],[6.2037,53.7065],[5.9544,53.6932],[5.8347,53.6672],[5.5836,53.6818],[4.9753,53.5559],[4.8281,53.4924],[4.7584,53.4329],[4.5872,53.3607],[4.532,53.3125],[4.4945,53.2314],[4.3445,53.0452],[4.328,52.9523],[4.3638,52.8758],[4.3109,52.7713],[4.2804,52.5917],[4.2268,52.5357],[4.2074,52.4874],[4.2088,52.4343],[4.1267,52.3263],[4.0647,52.2671],[3.9338,52.1835],[3.833,52.1615],[3.7199,52.1036],[3.6654,52.0479],[3.6378,51.9806],[3.2869,51.8099],[3.2298,51.746],[3.2132,51.689],[3.1162,51.6198],[3.0802,51.5508],[3.2952,51.4491],[3.3836,51.3412],[3.3625,51.3179],[3.3662,51.2971],[3.4262,51.2475],[3.5268,51.246],[3.5242,51.2882],[3.5813,51.2871],[3.59,51.306],[3.7955,51.256],[3.7958,51.2133],[3.8929,51.2191],[3.8858,51.2009],[4.008,51.2429],[4.0619,51.2446],[4.1591,51.2899],[4.2414,51.3535],[4.22,51.3683],[4.231,51.3744],[4.3295,51.3775],[4.3403,51.3604],[4.3769,51.3553],[4.4218,51.3652],[4.4317,51.375],[4.3864,51.4167],[4.3989,51.4353],[4.3842,51.4458],[4.4719,51.4764],[4.5382,51.4824],[4.5473,51.474],[4.5314,51.4419],[4.5429,51.4249],[4.6438,51.4229],[4.7748,51.5048],[4.8376,51.482],[4.8249,51.4408],[4.8415,51.4224],[4.781,51.4323],[4.7765,51.4139],[4.8852,51.4166],[4.9216,51.3985],[4.9981,51.4403],[5.0325,51.4862],[5.0776,51.4714],[5.1,51.4386],[5.0748,51.3978],[5.1235,51.3521],[5.1343,51.3155],[5.2002,51.3227],[5.2422,51.3052],[5.226,51.2683],[5.2379,51.2614],[5.353,51.2746],[5.4174,51.2623],[5.4811,51.2976],[5.5158,51.2952],[5.5566,51.2657],[5.5602,51.2233],[5.6527,51.1977],[5.658,51.1847],[5.7457,51.1895],[5.7767,51.1785],[5.7881,51.1553],[5.8281,51.1643],[5.8558,51.1446],[5.8127,51.1204],[5.8311,51.0958],[5.8017,51.0948],[5.8011,51.064],[5.7805,51.0626],[5.7624,51.0388],[5.7755,51.0251],[5.765,50.9965],[5.7218,50.9641],[5.7577,50.9559],[5.7189,50.9078],[5.6983,50.9102],[5.6485,50.8733],[5.6423,50.8431],[5.6615,50.8183],[5.6917,50.8121],[5.691,50.7553],[5.7409,50.76],[5.7774,50.783],[5.8074,50.7562],[5.8801,50.7673],[5.903,50.7529],[6.0145,50.7551],[6.0263,50.7725],[5.9779,50.8051],[6.0241,50.8135],[6.0187,50.8458],[6.076,50.8554],[6.0887,50.9157],[6.0182,50.9347],[6.0052,50.9568],[6.0268,50.9813],[5.897,50.9749],[5.9055,51.0022],[5.8674,51.0461],[5.9188,51.064],[5.9576,51.0348],[6.0045,51.087],[6.1737,51.1572],[6.1391,51.1733],[6.1747,51.1846],[6.1652,51.1944],[6.0822,51.1716],[6.0681,51.221],[6.0863,51.2225],[6.0727,51.2426],[6.1245,51.2747],[6.1694,51.3294],[6.2264,51.3603],[6.2238,51.3966],[6.2114,51.4009],[6.222,51.4784],[6.2,51.5273],[6.0914,51.6059],[6.1172,51.6508],[6.0366,51.6728],[6.0322,51.7232],[5.9526,51.7453],[5.9908,51.7662],[5.9896,51.7823],[5.9458,51.8232],[6.0604,51.8613],[6.1575,51.8432],[6.1661,51.8604],[6.1084,51.8919],[6.1538,51.9045],[6.2096,51.8692],[6.2799,51.8741],[6.3113,51.8504],[6.3998,51.8287],[6.4092,51.8524],[6.3905,51.8723],[6.4686,51.8546],[6.6848,51.9174],[6.722,51.8961],[6.7889,51.9297],[6.7988,51.9587],[6.8285,51.9641],[6.8303,51.9862],[6.7915,52.008],[6.6879,52.0399],[6.6953,52.0643],[6.7449,52.081],[6.7606,52.1188],[6.8555,52.1205],[6.9096,52.1764],[6.9495,52.1805],[6.9889,52.2263],[7.0613,52.2347],[7.027,52.286],[7.0723,52.3717],[6.9876,52.4698],[6.9423,52.4356],[6.7527,52.4641],[6.6976,52.4863],[6.7011,52.5266],[6.6809,52.5533],[6.7637,52.5615],[6.7256,52.5851],[6.7271,52.6145],[6.7109,52.6271],[6.7505,52.6469],[7.0557,52.6434],[7.0873,52.85],[7.1815,52.9416],[7.2174,53.007],[7.2027,53.1129],[7.1798,53.1326],[7.1999,53.1723],[7.2276,53.1803],[7.2103,53.1875],[7.2192,53.2059],[7.188,53.3322],[7.0046,53.3267],[6.9104,53.4609],[6.8589,53.4676],[6.6369,53.5764],[6.6201,53.5681],[6.4126,53.6045]],[[4.8734,51.4159],[4.8748,51.4165],[4.8753,51.4161],[4.8736,51.4155],[4.8734,51.4159]],[[4.8658,51.4143],[4.8678,51.4133],[4.8663,51.4132],[4.8658,51.4143]],[[4.9407,51.4556],[4.9421,51.4552],[4.9406,51.4553],[4.9407,51.4556]],[[4.9487,51.455],[4.9498,51.4543],[4.949,51.4538],[4.9487,51.455]],[[4.9427,51.4532],[4.9448,51.4535],[4.9449,51.453],[4.9428,51.4527],[4.9427,51.4532]],[[4.941,51.4453],[4.9423,51.4451],[4.9412,51.4449],[4.941,51.4453]],[[4.9457,51.4447],[4.9496,51.4453],[4.9439,51.4438],[4.9457,51.4447]],[[4.9331,51.4495],[4.9515,51.4537],[4.9404,51.4452],[4.9331,51.4495]],[[4.9315,51.4476],[4.9341,51.4474],[4.9319,51.4467],[4.9315,51.4476]],[[4.9295,51.4496],[4.9315,51.4496],[4.9304,51.4487],[4.9295,51.4496]],[[4.9274,51.4486],[4.9281,51.4489],[4.9291,51.4481],[4.9274,51.4486]],[[4.9242,51.4464],[4.9269,51.4454],[4.9257,51.4449],[4.9242,51.4464]],[[4.9181,51.444],[4.9189,51.444],[4.9182,51.4434],[4.9181,51.444]],[[4.9392,51.4436],[4.9399,51.4438],[4.9403,51.4418],[4.9392,51.4436]],[[4.9398,51.4398],[4.9415,51.4397],[4.9399,51.4395],[4.9398,51.4398]],[[4.9408,51.4393],[4.9422,51.4395],[4.9414,51.4379],[4.9408,51.4393]],[[4.94,51.4361],[4.9426,51.4356],[4.941,51.4346],[4.94,51.4361]],[[4.94,51.4361],[4.92,51.4345],[4.9209,51.4448],[4.94,51.4361]],[[4.8357,51.4485],[4.8362,51.4488],[4.8367,51.4484],[4.8362,51.448],[4.8357,51.4485]],[[4.8388,51.4182],[4.84,51.4188],[4.8412,51.4179],[4.8388,51.4182]],[[4.8886,51.4247],[4.8915,51.4248],[4.8914,51.4232],[4.8886,51.4247]],[[4.9358,51.4093],[4.9364,51.4053],[4.9285,51.4051],[4.9358,51.4093]]],[[[-69.7357,12.258],[-69.6777,12.3382],[-69.661,12.4146],[-69.6942,12.5519],[-69.74,12.6216],[-69.8868,12.7517],[-69.9764,12.8085],[-70.0852,12.8208],[-70.1903,12.7743],[-70.2552,12.6772],[-70.2699,12.5447],[-70.249,12.4525],[-70.2011,12.3864],[-70.1628,12.3489],[-70.1422,12.3621],[-69.7357,12.258]]],[[[-68.4413,11.9331],[-68.3466,11.8485],[-68.2584,11.8253],[-68.1612,11.8415],[-68.0792,11.8983],[-68.0318,11.9819],[-67.9906,12.1199],[-67.9954,12.2639],[-68.0634,12.3732],[-68.118,12.4071],[-68.2007,12.4269],[-68.2491,12.4698],[-68.3243,12.5033],[-68.4527,12.5023],[-68.5372,12.453],[-68.5983,12.3779],[-68.623,12.2857],[-68.6211,12.217],[-68.7061,12.3205],[-68.7851,12.3641],[-68.8572,12.3762],[-68.9433,12.5083],[-69.0841,12.5814],[-69.1607,12.5931],[-69.2324,12.5774],[-69.3024,12.5311],[-69.346,12.4711],[-69.367,12.3631],[-69.3591,12.2618],[-69.3292,12.1887],[-69.2355,12.0665],[-69.0645,11.9399],[-68.8922,11.8546],[-68.7861,11.8341],[-68.7013,11.7837],[-68.6292,11.777],[-68.5265,11.8109],[-68.4702,11.8677],[-68.4413,11.9331]]],[[[-62.8473,17.674],[-62.9896,17.727],[-63.026,17.7252],[-63.0992,17.8113],[-63.0546,17.8061],[-62.9494,18.0173],[-63.0172,18.0571],[-63.1364,18.0537],[-63.2678,17.8964],[-63.1954,17.846],[-63.289,17.8454],[-63.4064,17.7815],[-63.455,17.7062],[-63.4682,17.5992],[-63.4455,17.5282],[-63.3863,17.4612],[-63.2924,17.4199],[-63.1986,17.4169],[-63.1225,17.3216],[-63.0559,17.2815],[-62.8971,17.4404],[-62.7845,17.6167],[-62.8473,17.674]]]]},"properties":{"id":"Q29999","names":{"de":"Königreich der Niederlande","en":"Kingdom of the Netherlands","fr":"Royaume des Pays-Bas","id":"Kerajaan Belanda","nl":"Koninkrijk der Nederlanden","source":"https://wetten.overheid.nl/BWBR0002153/1998-10-09/0/"},"from":1996.8333333333333,"to":null,"wikidata":"Q29999","adminLevel":2,"source":"OpenHistoricalMap","sourceUrl":"https://www.openhistoricalmap.org"}},{"type":"Feature","geometry":{"type":"MultiPolygon","coordinates":[[[[4.9358,51.4093],[4.9273,51.4082],[4.9364,51.4053],[4.9358,51.4093]]],[[[4.9242,51.4464],[4.9265,51.4453],[4.9255,51.4467],[4.9242,51.4464]]],[[[4.9407,51.4556],[4.9406,51.4553],[4.9421,51.4552],[4.9407,51.4556]]],[[[4.9427,51.4532],[4.9428,51.4527],[4.9449,51.453],[4.9448,51.4535],[4.9427,51.4532]]],[[[4.9487,51.455],[4.949,51.4538],[4.9498,51.4543],[4.9487,51.455]]],[[[4.9331,51.4495],[4.9414,51.4464],[4.9515,51.4537],[4.9331,51.4495]],[[4.9417,51.4495],[4.9422,51.4495],[4.942,51.448],[4.9417,51.4495]]],[[[4.9457,51.4447],[4.944,51.4437],[4.9491,51.4437],[4.9457,51.4447]]],[[[4.9392,51.4436],[4.9397,51.4418],[4.9399,51.4438],[4.9392,51.4436]]],[[[4.9398,51.4398],[4.9399,51.4395],[4.9415,51.4397],[4.9398,51.4398]]],[[[4.9408,51.4393],[4.9414,51.4379],[4.9423,51.4394],[4.9408,51.4393]]],[[[4.941,51.4453],[4.9412,51.4449],[4.9423,51.4451],[4.941,51.4453]]],[[[4.9315,51.4476],[4.9335,51.4472],[4.9333,51.4483],[4.9315,51.4476]]],[[[4.9295,51.4496],[4.9318,51.4493],[4.9307,51.4504],[4.9295,51.4496]]],[[[4.9274,51.4486],[4.9291,51.4481],[4.9281,51.4489],[4.9274,51.4486]]],[[[4.9181,51.444],[4.9185,51.4434],[4.9189,51.444],[4.9181,51.444]]],[[[4.94,51.4361],[4.9424,51.435],[4.9422,51.4365],[4.94,51.4361]]],[[[4.94,51.4361],[4.923,51.4474],[4.9294,51.4309],[4.94,51.4361]],[[4.9341,51.4334],[4.9354,51.4323],[4.9342,51.432],[4.9341,51.4334]],[[4.9313,51.4364],[4.9327,51.4365],[4.9327,51.4344],[4.9313,51.4364]],[[4.9354,51.4375],[4.9366,51.4368],[4.9355,51.4362],[4.9354,51.4375]],[[4.9307,51.4372],[4.9316,51.4372],[4.9314,51.4366],[4.9307,51.4372]],[[4.9223,51.4377],[4.924,51.4416],[4.9247,51.439],[4.9223,51.4377]],[[4.9306,51.4399],[4.9324,51.44],[4.9322,51.4388],[4.9306,51.4399]]],[[[4.8886,51.4247],[4.8914,51.4232],[4.8916,51.4248],[4.8886,51.4247]]],[[[4.8357,51.4485],[4.8362,51.448],[4.8367,51.4484],[4.8362,51.4488],[4.8357,51.4485]]],[[[4.8734,51.4159],[4.8736,51.4155],[4.8753,51.4161],[4.8748,51.4165],[4.8734,51.4159]]],[[[4.8658,51.4143],[4.8671,51.4133],[4.867,51.4144],[4.8658,51.4143]]],[[[4.8388,51.4182],[4.8408,51.4175],[4.84,51.4188],[4.8388,51.4182]]],[[[2.3889,51.2682],[2.5491,51.0842],[2.575,51.0029],[2.6031,50.9915],[2.6323,50.947],[2.5957,50.9212],[2.6099,50.8789],[2.599,50.8531],[2.6321,50.8169],[2.7221,50.8108],[2.7913,50.7281],[2.8492,50.7218],[2.9038,50.6932],[2.9548,50.7527],[3.1437,50.7893],[3.199,50.7204],[3.2555,50.7032],[3.2653,50.6771],[3.2447,50.6704],[3.2449,50.6419],[3.2762,50.6004],[3.2915,50.5249],[3.3738,50.4927],[3.4469,50.506],[3.4775,50.5324],[3.5184,50.5247],[3.5,50.5026],[3.5073,50.4893],[3.6058,50.4963],[3.6593,50.4587],[3.6735,50.4101],[3.6673,50.3512],[3.7075,50.3061],[3.7493,50.3507],[3.8424,50.3534],[3.8896,50.3366],[3.8857,50.327],[4.028,50.3584],[4.0792,50.3111],[4.1179,50.3034],[4.1241,50.2743],[4.148,50.2581],[4.1677,50.2595],[4.1541,50.2735],[4.1689,50.2883],[4.2048,50.2738],[4.216,50.2487],[4.1545,50.2131],[4.1549,50.1661],[4.1283,50.137],[4.1928,50.1345],[4.197,50.1082],[4.2313,50.0714],[4.1642,50.0484],[4.139,50.0236],[4.1626,49.9972],[4.1522,49.9746],[4.2057,49.9577],[4.3061,49.9683],[4.4447,49.938],[4.5236,49.9502],[4.5833,49.9835],[4.6942,49.9963],[4.6994,50.0516],[4.6832,50.0649],[4.6996,50.0922],[4.8244,50.1693],[4.8358,50.1535],[4.8759,50.154],[4.8902,50.1403],[4.8684,50.1208],[4.8732,50.0909],[4.8378,50.0933],[4.8417,50.076],[4.8258,50.0669],[4.8388,50.0364],[4.7912,49.9624],[4.8501,49.946],[4.8902,49.9089],[4.8532,49.865],[4.8703,49.8223],[4.8562,49.7949],[4.9057,49.7855],[4.9967,49.8002],[5.0171,49.7791],[5.096,49.7606],[5.123,49.719],[5.1611,49.7154],[5.1651,49.6961],[5.2756,49.6927],[5.3276,49.6588],[5.3113,49.6172],[5.3556,49.6283],[5.4311,49.5925],[5.4662,49.5294],[5.4496,49.5183],[5.4705,49.4974],[5.5592,49.5279],[5.6062,49.5077],[5.6462,49.55],[5.7385,49.5388],[5.7663,49.562],[5.8168,49.5472],[5.8718,49.5741],[5.8479,49.5956],[5.9077,49.6391],[5.9022,49.6682],[5.8634,49.6785],[5.8865,49.709],[5.8314,49.7245],[5.8313,49.7448],[5.7933,49.7906],[5.7531,49.7934],[5.7435,49.8204],[5.7562,49.8665],[5.7834,49.8771],[5.7375,49.8964],[5.7637,49.9154],[5.7745,49.9543],[5.8364,49.9799],[5.82,50.0093],[5.8568,50.0284],[5.8679,50.0436],[5.8591,50.0675],[5.8869,50.0789],[5.9005,50.1159],[5.9598,50.131],[5.9643,50.1713],[6.0191,50.1815],[6.06,50.1539],[6.0998,50.1706],[6.1195,50.1635],[6.1218,50.1358],[6.1503,50.1375],[6.1321,50.1533],[6.1453,50.1755],[6.1891,50.1875],[6.1678,50.2193],[6.1763,50.2357],[6.2909,50.2765],[6.3059,50.3192],[6.3628,50.3055],[6.4079,50.3342],[6.3444,50.3794],[6.3775,50.4395],[6.3414,50.4615],[6.3493,50.4872],[6.3074,50.5009],[6.2248,50.4948],[6.1995,50.5275],[6.266,50.6157],[6.2647,50.643],[6.1875,50.6403],[6.1885,50.6646],[6.1665,50.6622],[6.1211,50.717],[6.0414,50.7186],[6.0403,50.7455],[6.0208,50.7544],[5.815,50.7563],[5.772,50.783],[5.7394,50.7576],[5.6865,50.7575],[5.6939,50.8115],[5.6542,50.8199],[5.6389,50.8477],[5.6545,50.8748],[5.7034,50.9117],[5.7237,50.9099],[5.7557,50.9499],[5.7213,50.9579],[5.7671,50.9989],[5.7725,51.0581],[5.8002,51.0658],[5.8026,51.0952],[5.8318,51.0966],[5.8077,51.113],[5.8491,51.1424],[5.8282,51.1643],[5.7788,51.1516],[5.7671,51.1837],[5.6634,51.1861],[5.5691,51.2201],[5.5577,51.2603],[5.5077,51.2965],[5.4852,51.3],[5.4174,51.2623],[5.353,51.2746],[5.2379,51.2614],[5.226,51.2683],[5.2321,51.3094],[5.1343,51.3155],[5.1317,51.347],[5.0712,51.3935],[5.1046,51.4313],[5.0773,51.4714],[5.0511,51.4711],[5.0402,51.4865],[5.0133,51.4735],[4.9963,51.4394],[4.9139,51.3951],[4.9247,51.3969],[4.8839,51.4166],[4.7754,51.4141],[4.7739,51.4314],[4.8335,51.4198],[4.8249,51.4408],[4.8403,51.4785],[4.7771,51.5046],[4.6397,51.4223],[4.5429,51.4249],[4.5314,51.4419],[4.5482,51.4733],[4.5392,51.4814],[4.4769,51.4783],[4.3827,51.4502],[4.3952,51.4367],[4.3864,51.4167],[4.4243,51.3812],[4.4121,51.3617],[4.3437,51.3577],[4.3345,51.3777],[4.2176,51.3739],[4.2351,51.3566],[4.1591,51.2899],[4.0548,51.2429],[4.0102,51.2437],[3.8863,51.2002],[3.8886,51.223],[3.7939,51.2138],[3.792,51.25],[3.7738,51.264],[3.5946,51.3033],[3.5839,51.2889],[3.5242,51.2882],[3.5276,51.246],[3.4323,51.2456],[3.3795,51.2747],[3.363,51.3118],[3.3853,51.3341],[3.375,51.3589],[3.2952,51.4491],[3.0802,51.5508],[2.6144,51.3455],[2.3889,51.2682]],[[6.2468,50.5982],[6.2482,50.5968],[6.2462,50.5974],[6.2468,50.5982]],[[4.8692,51.4118],[4.8722,51.4129],[4.8724,51.4115],[4.8692,51.4118]],[[6.2064,50.5211],[6.1901,50.5242],[6.1929,50.531],[6.2064,50.5211]],[[6.2405,50.587],[6.2357,50.5673],[6.185,50.5414],[6.1841,50.5629],[6.2405,50.587]],[[6.1845,50.6487],[6.173,50.6564],[6.1912,50.6641],[6.1845,50.6487]],[[6.2692,50.625],[6.1807,50.6242],[6.1752,50.6374],[6.2265,50.6473],[6.2655,50.6422],[6.2692,50.625]]]]},"properties":{"id":"Q31","names":{"ab":"Бельгиа","ace":"Bèlgia","ady":"Белгие","af":"België","als":"Belgien","ami":"Belguim","an":"Belchica","ang":"Belgice","ast":"Bélxica","av":"Белген","avk":"Belga","ay":"Bilkiya","az":"Belçika","ba":"Бельгия","ban":"Bélgia","bar":"Bejgien","bat_smg":"Belgėjė","bcl":"Belhika","be":"Бельгія","be_x_old":"Бэльгія","bew":"Bèlgi","bg":"Белгия","bi":"Beljiom","bm":"Bɛliziki","br":"Belgia","bs":"Belgija","bxr":"Бельги","ca":"Bèlgica","cbk_zam":"Bélgica","ce":"Бельги","ceb":"Belhika","ch":"Belgika","co":"Belghju","crh":"Belçika","cs":"Belgie","csb":"Belgijskô","cu":"Бєлгїѥ","cv":"Бельги","cy":"Gwlad Belg","da":"Belgien","de":"Belgien","diq":"Belçıka","dsb":"Belgiska","dtp":"Belgium","ee":"Belgium","el":"Βέλγιο","eml":"Bélgi","en":"Belgium","eo":"Belgio","es":"Bélgica","et":"Belgia","eu":"Belgika","ext":"Bélgica","fi":"Belgia","fiu_vro":"Belgiä","fo":"Belgia","fr":"Belgique","frp":"Bèlgica","frr":"Belgien","fur":"Belgjo","fy":"Belgje","ga":"an Bheilg","gag":"Belçika","gcr":"Bèljik","gd":"a' Bheilg","gl":"Bélxica","gn":"Véyhika","gv":"yn Velg","ha":"Beljik","haw":"Pelekiuma","hif":"Belgium","hr":"Belgija","hsb":"Belgiska","ht":"Bèljik","hu":"Belgium","ia":"Belgica","iba":"Belgium","id":"Belgia","ie":"Belgia","ig":"Belgium","ilo":"Belhika","inh":"Бельги","io":"Belgia","is":"Belgía","it":"Belgio","jam":"Beljiom","jbo":"beldjym","jv":"Bèlgi","kaa":"Belgiya","kab":"Biljik","kbd":"Белгиэ","kbp":"Pɛliziki","kg":"Belezi","kge":"Belgia","kk":"Бельгия","knc":"Belgium","ko":"벨기에","koi":"Белгия","krc":"Бельгия","ksh":"Beljie","ku":"Belçîka","kv":"Бельгия","kw":"Pow Belg","ky":"Бельгия","la":"Belgica","lad":"Beljika","lb":"Belsch","lez":"Бельгия","lfn":"Beljia","lg":"Bubirigi","li":"Belsj","lij":"Belgio","lld":"Belje","lmo":"Belgi","ln":"Bɛ́ljika","lt":"Belgija","ltg":"Beļgeja","lv":"Beļģija","mad":"Belgia","map_bms":"Belgia","mdf":"Бэльгия","mg":"Belzika","mhr":"Бельгий","mi":"Pehiamu","min":"Belgia","mk":"Белгија","mn":"Бельги","mos":"Belgium","ms":"Belgium","mt":"Belġju","mwl":"Bélgica","myv":"Бельгия Мастор","nap":"Belge","nb":"Belgia","nds":"Belgien","nds_nl":"België","nl":"België","nn":"Belgia","no":"Belgia","nov":"Belgia","nrm":"Belgique","nso":"Belgium","ny":"Belgium","oc":"Belgica","olo":"Bel'gii","om":"Beeljiyeem","os":"Бельги","pag":"Belhika","pam":"Belgika","pap":"Bélgika","pcd":"Bergike","pdc":"Belgien","pfl":"Belgien","pl":"Belgia","pms":"Belgi","pnt":"Βέλγιον","pt":"Bélgica","qu":"Wilhika","rm":"Belgia","rmy":"Beljiya","rn":"Ububirigi","ro":"Belgia","roa_tara":"Bèlge","ru":"Бельгия","rue":"Белґія","rw":"Ububiligi","sah":"Бельгия","sc":"Bèlgiu","scn":"Belgiu","sco":"Belgium","sd":"بيلجيم","se":"Belgia","sg":"Bêleze","sh":"Belgija","shi":"Bljika","sk":"Belgicko","sl":"Belgija","sm":"Peleseuma","smn":"Belgia","sn":"Bherujyamu","so":"Beljim","sq":"Belgjika","sr":"Белгија","srn":"Belgikondre","ss":"IBhelijiyamu","stq":"Belgien","su":"Bélgia","sv":"Belgien","sw":"Ubelgiji","szl":"Belgijŏ","szy":"Belguim","tay":"Belguim","tet":"Béljika","tg":"Белгия","tk":"Belgiýa","tl":"Belhika","tly":"Belcikə","to":"Pelesiume","tpi":"Beljiam","tr":"Belçika","trv":"Belguim","ts":"Belgium","tt":"Бельгия","tum":"Belgium","tw":"Bɛlgyiom","udm":"Бельгия","uk":"Бельгія","uz":"Belgiya","vec":"Belzo","vep":"Bel'gii","vi":"Bỉ","vls":"België","vo":"Belgän","wa":"Beldjike","war":"Belhika","wo":"Belsik","xh":"Bheljiyam","yo":"Bẹ́ljíọ̀m","za":"Bijliswz","zea":"België"},"from":1987.763440860215,"to":null,"wikidata":"Q31","adminLevel":2,"source":"OpenHistoricalMap","sourceUrl":"https://www.openhistoricalmap.org"}},{"type":"Feature","geometry":{"type":"MultiPolygon","coordinates":[[[[-5.5876,59.2936],[-5.7049,59.3248],[-5.8376,59.3343],[-6.0629,59.2936],[-6.1943,59.2976],[-6.3235,59.279],[-6.4268,59.2434],[-6.498,59.1972],[-6.5404,59.141],[-6.5476,59.0716],[-6.5217,59.0185],[-6.4674,58.97],[-6.283,58.9028],[-6.1241,58.8934],[-5.9511,58.9237],[-5.7949,58.9124],[-5.657,58.9288],[-5.4996,58.9929],[-5.4451,59.0447],[-5.4232,59.0937],[-5.4269,59.1513],[-5.4608,59.2113],[-5.5876,59.2936]]],[[[-4.4099,59.2875],[-4.5868,59.2661],[-4.7269,59.2046],[-4.7811,59.1508],[-4.8007,59.1064],[-4.7983,59.0536],[-4.7777,59.0134],[-4.7199,58.9607],[-4.6351,58.9192],[-4.4106,58.8824],[-4.2901,58.8922],[-4.1804,58.9204],[-4.0979,58.9611],[-4.0355,59.019],[-4.0137,59.1066],[-4.0352,59.1561],[-4.0793,59.2003],[-4.223,59.2655],[-4.4099,59.2875]]],[[[-8.1063,57.8823],[-8.1546,57.9687],[-8.2533,58.034],[-8.4051,58.0751],[-8.5476,58.0794],[-8.6795,58.0561],[-8.9214,57.9659],[-9.0003,57.8992],[-9.0244,57.8217],[-8.99,57.7443],[-8.886,57.6718],[-8.7142,57.6106],[-8.5195,57.5941],[-8.3719,57.6181],[-8.2535,57.6722],[-8.1305,57.794],[-8.1063,57.8823]]],[[[-13.3133,57.5997],[-13.3431,57.6766],[-13.4256,57.7413],[-13.548,57.784],[-13.6756,57.7982],[-13.8194,57.7852],[-13.9438,57.7439],[-14.0295,57.6799],[-14.0629,57.602],[-14.0346,57.5197],[-13.954,57.4546],[-13.8349,57.4113],[-13.6854,57.3954],[-13.5494,57.4102],[-13.4262,57.4536],[-13.3438,57.5182],[-13.3133,57.5997]]],[[[1.7239,51.0986],[1.8875,51.1994],[1.7326,51.265],[1.7683,51.3609],[1.7519,51.4422],[1.6722,51.5257],[1.5456,51.5791],[1.4936,51.6979],[1.5662,51.7594],[1.6106,51.8298],[1.7058,51.8989],[1.8078,51.9435],[1.8696,51.9959],[1.9412,52.1453],[1.9508,52.2085],[2.0436,52.345],[2.0909,52.4925],[2.0669,52.5737],[2.068,52.6643],[1.9992,52.8028],[1.8571,52.9199],[1.5021,53.0955],[1.3786,53.1283],[1.0602,53.1738],[0.7947,53.1798],[0.6786,53.2395],[0.6275,53.3481],[0.5059,53.5139],[0.4826,53.6374],[0.4347,53.7332],[0.1683,53.9677],[0.2305,54.0269],[0.2614,54.0869],[0.2601,54.1507],[0.2259,54.2101],[0.151,54.2687],[-0.0869,54.3888],[-0.2265,54.5499],[-0.3348,54.6259],[-0.6171,54.7347],[-0.8644,54.7842],[-0.9771,54.8623],[-1.0045,54.9131],[-1.0199,55.018],[-1.1477,55.1708],[-1.1608,55.2364],[-1.1936,55.2912],[-1.1886,55.3601],[-1.2269,55.43],[-1.2688,55.5733],[-1.2508,55.6564],[-1.2825,55.7269],[-1.4066,55.8101],[-1.6883,55.8809],[-1.7786,55.9823],[-2.274,56.381],[-2.2562,56.441],[-2.153,56.5364],[-2.0882,56.6361],[-1.8755,56.8088],[-1.8401,56.8642],[-1.8307,56.9163],[-1.6938,57.075],[-1.6795,57.1243],[-1.684,57.1903],[-1.5552,57.2751],[-1.4225,57.4024],[-1.3962,57.5211],[-1.4734,57.6809],[-1.5281,57.7343],[-1.6638,57.8205],[-1.8755,57.8862],[-2.1336,57.9003],[-2.4809,57.8756],[-2.8502,57.9066],[-3.0534,57.8847],[-3.2052,57.9212],[-3.2488,58.026],[-3.1356,58.1076],[-2.9572,58.1612],[-2.7698,58.2789],[-2.679,58.4054],[-2.6657,58.5196],[-2.5509,58.6027],[-2.5211,58.7096],[-2.4135,58.747],[-2.3212,58.8089],[-2.2709,58.8969],[-2.1893,58.9682],[-2.14,59.061],[-2.1362,59.111],[-2.0128,59.203],[-1.9839,59.2655],[-1.9936,59.3276],[-1.9775,59.3846],[-1.8298,59.3274],[-1.646,59.3063],[-1.4564,59.3324],[-1.3078,59.3951],[-1.2387,59.4535],[-1.2043,59.5233],[-1.2142,59.5872],[-1.2618,59.6505],[-1.0805,59.6774],[-0.9434,59.741],[-0.8474,59.8683],[-0.7917,59.9149],[-0.7608,59.9711],[-0.6287,60.0643],[-0.601,60.1148],[-0.5934,60.1886],[-0.3576,60.3412],[-0.3198,60.4302],[-0.3334,60.4775],[-0.3827,60.5329],[-0.3586,60.6153],[-0.3915,60.6914],[-0.3499,60.8242],[-0.381,60.8978],[-0.4318,60.947],[-0.5418,60.9999],[-0.7554,61.0458],[-0.8983,61.0556],[-1.0314,61.0424],[-1.1589,61.0041],[-1.2786,60.9227],[-1.4553,60.8498],[-1.7011,60.7711],[-1.8783,60.6683],[-2.0215,60.5504],[-2.1831,60.4617],[-2.2187,60.4133],[-2.2375,60.3413],[-2.3585,60.3027],[-2.4614,60.242],[-2.5081,60.1773],[-2.5107,60.1076],[-2.4779,60.0512],[-2.4259,60.0088],[-2.3076,59.9516],[-2.2098,59.924],[-1.9801,59.9145],[-1.7849,59.9662],[-1.7892,59.9041],[-1.7701,59.841],[-1.6742,59.7531],[-1.8337,59.7268],[-1.9553,59.6732],[-2.0411,59.5723],[-2.0521,59.5053],[-2.1767,59.5635],[-2.3132,59.5894],[-2.4839,59.5886],[-2.6538,59.5518],[-2.7651,59.5785],[-2.8946,59.5868],[-3.0383,59.5697],[-3.3252,59.4873],[-3.429,59.4178],[-3.4557,59.3775],[-3.4646,59.3269],[-3.6133,59.28],[-3.7079,59.2033],[-3.7412,59.1362],[-3.7526,59.0285],[-3.8182,58.9078],[-3.8201,58.8549],[-3.8029,58.811],[-3.8146,58.8054],[-3.8759,58.787],[-4.1029,58.7964],[-4.2587,58.7585],[-5.0403,58.8266],[-6.3444,58.7146],[-6.4681,58.6879],[-6.9747,58.4867],[-7.1091,58.4596],[-7.2649,58.4004],[-7.4259,58.4716],[-7.6413,58.4877],[-7.8663,58.4488],[-7.9476,58.4092],[-8.0103,58.353],[-8.0329,58.3052],[-8.0318,58.2531],[-7.969,58.168],[-7.847,58.1081],[-7.6425,58.0734],[-8.0297,57.8006],[-8.0903,57.717],[-8.1047,57.5467],[-8.0953,57.4943],[-7.8448,57.2101],[-7.8863,57.0613],[-8.0244,56.8437],[-8.0327,56.7919],[-8.0179,56.7431],[-7.9678,56.6766],[-7.397,56.1956],[-6.9682,56.0193],[-6.8655,55.623],[-6.7789,55.5375],[-6.5875,55.4471],[-6.7443,55.4157],[-6.7192,55.2805],[-6.8143,55.2212],[-6.9782,55.1956],[-7.0547,55.1481],[-7.2825,55.051],[-7.3451,55.0508],[-7.3896,55.023],[-7.4068,54.9832],[-7.3983,54.9473],[-7.448,54.9331],[-7.4419,54.8755],[-7.4728,54.8338],[-7.5457,54.7937],[-7.5456,54.7422],[-7.6357,54.7512],[-7.7528,54.7052],[-7.8361,54.7364],[-7.8792,54.7033],[-7.9196,54.6989],[-7.9011,54.6905],[-7.9085,54.6671],[-7.8606,54.651],[-7.8527,54.633],[-7.8148,54.6424],[-7.7462,54.6195],[-7.7078,54.6347],[-7.6935,54.6191],[-7.7908,54.5807],[-7.8513,54.5333],[-8.008,54.5427],[-8.0496,54.4879],[-8.1765,54.4653],[-8.1486,54.4537],[-8.1467,54.4332],[-8.0516,54.3664],[-8.0016,54.3588],[-7.9549,54.3088],[-7.8705,54.2937],[-7.857,54.2164],[-7.8133,54.2015],[-7.694,54.2042],[-7.6748,54.1816],[-7.6563,54.1857],[-7.6212,54.1516],[-7.5478,54.1222],[-7.5312,54.1335],[-7.4816,54.1224],[-7.4168,54.1548],[-7.4089,54.1397],[-7.3748,54.1417],[-7.3913,54.128],[-7.3816,54.1237],[-7.3215,54.1157],[-7.3187,54.1363],[-7.3352,54.1441],[-7.313,54.1645],[-7.2831,54.1686],[-7.3037,54.1232],[-7.2841,54.1227],[-7.2495,54.1675],[-7.2547,54.1936],[-7.2199,54.2158],[-7.1518,54.223],[-7.1574,54.2682],[-7.2105,54.2981],[-7.1784,54.318],[-7.1871,54.3363],[-7.1096,54.3547],[-7.0537,54.4121],[-7.0244,54.4186],[-6.8763,54.3466],[-6.8527,54.2928],[-6.8776,54.2796],[-6.8313,54.262],[-6.793,54.2088],[-6.7414,54.1821],[-6.6962,54.1992],[-6.6412,54.1746],[-6.6338,54.1465],[-6.661,54.1229],[-6.6451,54.096],[-6.662,54.064],[-6.6388,54.0464],[-6.5126,54.0527],[-6.4752,54.0665],[-6.4815,54.0745],[-6.4371,54.0577],[-6.3869,54.0628],[-6.3622,54.0784],[-6.3672,54.1082],[-6.3479,54.1138],[-6.3259,54.093],[-6.2893,54.1121],[-6.0754,54.0158],[-5.8263,53.8705],[-5.3723,54.0852],[-5.1196,54.2652],[-5.0909,54.4686],[-4.8709,54.433],[-4.5464,54.526],[-4.3797,54.5469],[-4.1483,54.5473],[-3.9509,54.4259],[-3.7778,54.288],[-3.7327,54.2026],[-3.6126,54.0833],[-3.5562,53.9976],[-3.391,53.8674],[-3.3942,53.7616],[-3.3717,53.6994],[-3.4315,53.605],[-3.4424,53.5465],[-3.6314,53.5078],[-3.8414,53.5423],[-3.9979,53.5275],[-4.1043,53.5843],[-4.2052,53.6107],[-4.4092,53.6295],[-4.6251,53.6243],[-4.8028,53.5857],[-4.9193,53.501],[-4.9439,53.4493],[-5.0202,53.3655],[-5.0314,53.2785],[-4.9665,53.176],[-4.8119,53.0845],[-4.9924,52.9724],[-5.0967,52.85],[-5.1313,52.7652],[-5.1196,52.6902],[-5.0598,52.6201],[-4.9689,52.5723],[-4.8046,52.5449],[-4.6382,52.5713],[-4.413,52.451],[-4.4445,52.4133],[-4.6475,52.3394],[-4.8306,52.3143],[-5.0125,52.2295],[-5.2114,52.2118],[-5.2962,52.1773],[-5.3997,52.1069],[-5.5082,52.0886],[-5.5989,52.0544],[-5.695,51.9739],[-5.7373,51.8551],[-5.7932,51.7879],[-5.8048,51.7141],[-5.7496,51.6182],[-5.6115,51.5465],[-5.3223,51.4939],[-5.2001,51.4406],[-5.0161,51.4014],[-4.8685,51.3987],[-4.7471,51.429],[-4.6274,51.4024],[-4.748,51.3976],[-4.8426,51.3737],[-4.9259,51.3284],[-4.9826,51.2625],[-4.9995,51.1794],[-4.9849,51.1122],[-4.9276,51.0405],[-4.8557,50.9958],[-4.8833,50.9308],[-4.8839,50.8811],[-4.9205,50.8464],[-5.0188,50.7876],[-5.1712,50.7394],[-5.2742,50.6804],[-5.3255,50.6289],[-5.3603,50.552],[-5.4987,50.4329],[-5.6659,50.3985],[-5.8428,50.3337],[-5.986,50.2298],[-6.0938,50.2503],[-6.2202,50.2427],[-6.599,50.1007],[-6.6796,50.0244],[-6.7275,49.893],[-6.7141,49.8183],[-6.6509,49.7449],[-6.5145,49.6801],[-6.3531,49.6674],[-6.1804,49.7116],[-6.0248,49.8],[-5.908,49.7545],[-5.7589,49.7468],[-5.6401,49.7759],[-5.5053,49.8564],[-5.3249,49.768],[-5.2245,49.7555],[-5.1219,49.7645],[-5.0179,49.7945],[-4.8742,49.8676],[-4.802,49.9318],[-4.7367,50.0229],[-4.6232,50.0541],[-4.514,50.1238],[-4.3852,50.1393],[-4.0853,50.0946],[-3.9774,50.0434],[-3.8608,50.0146],[-3.7314,50.0013],[-3.6229,50.0117],[-3.4694,50.0538],[-3.38,50.1112],[-3.3339,50.1833],[-3.2566,50.237],[-3.1908,50.3248],[-3.1574,50.4522],[-3.0774,50.4851],[-2.8679,50.5183],[-2.7686,50.477],[-2.7253,50.4083],[-2.6499,50.355],[-2.5555,50.3231],[-2.4486,50.313],[-2.3187,50.3333],[-2.1934,50.3965],[-2.0092,50.3785],[-1.5726,50.4561],[-1.3875,50.3828],[-1.1829,50.3848],[-0.6466,50.5414],[-0.5291,50.5954],[-0.2401,50.6249],[0.1449,50.5417],[0.3271,50.5413],[0.4455,50.5757],[0.5503,50.6422],[0.708,50.6668],[0.8675,50.7167],[1.0244,50.7129],[1.1517,50.7447],[1.2515,50.8099],[1.2814,50.8955],[1.3556,50.9491],[1.5499,51.0388],[1.7239,51.0986]]]]},"properties":{"id":"Q145","names":{"ab":"Британиаду","af":"Verenigde Koninkryk","am":"የተባበሩት የሀገር ንጉሳዊ አገዛዝ","an":"Reino Uniu","ar":"المملكة المتحدة","as":"যুক্তৰাজ্য","av":"Цолъараб Къиралат","az":"Birləşmiş Krallıq","ba":"Бөйөк Британия","be":"Вялікабрытанія","bg":"Обединено кралство Великобритания и Северна Ирландия","bh":"यूनाइटेड किंगडम","bi":"Yunaeted Kingdom","bm":"Bonba Britania","bn":"যুক্তরাজ্য","bo":"དབྱིན་ཇི་མཉམ་འབྲེལ།","br":"Rouantelezh-Unanet","bs":"Ujedinjeno Kraljevstvo","ca":"Regne Unit","ce":"Йоккха Британи","ch":"Reinu Unidu","co":"Regnu Unitu","cs":"Spojené království","cu":"Вєлика Британїꙗ","cv":"Аслă Британи","cy":"Y Deyrnas Unedig","da":"Storbritannien","de":"Vereinigtes Königreich","dv":"ޔުނައިޓެޑް ކިންގްޑަމް","dz":"ཡུ་ནའི་ཊེཊ་ཀིང་ཌམ","el":"Ηνωμένο Βασίλειο","en":"United Kingdom","eo":"Unuiĝinta Reĝlando","es":"Reino Unido","et":"Suurbritannia","eu":"Erresuma Batua","fa":"بریتانیا","ff":"Biritaani-Mawndi","fi":"Yhdistynyt kuningaskunta","fj":"Matanitu Cokovata","fo":"Stóra Bretland","fr":"Royaume-Uni","fy":"Feriene Keninkryk","ga":"Ríocht Aontaithe","gd":"An Rìoghachd Aonaichte","gl":"Reino Unido","gn":"Tavetã Joaju","gu":"યુનાઇટેડ કિંગડમ","gv":"Reeriaght Unnaneysit","ha":"Birtaniya","he":"הממלכה המאוחדת","hi":"यूनाइटेड किंगडम","hr":"Ujedinjeno Kraljevstvo","ht":"Wayòm Ini","hu":"Egyesült Királyság","hy":"Միացյալ Թագավորություն","ia":"Regno Unite","id":"Britania Raya","ie":"Reyatu Unit","ig":"Obodoézè Nà Ofú","ik":"Tannapta Umialgutiat","io":"Unionita Rejio","is":"Bretland","it":"Regno Unito","iu":"ᑯᐃᓐ ᓄᓇᖓᓐᓂ","ja":"イギリス","jv":"Karajan Manunggal","ka":"გაერთიანებული სამეფო","kg":"Royaume-Uni","ki":"United Kingdom (UK)","kk":"Ұлыбритания","km":"សហរាជាណាចក្រ","kn":"ಯುನೈಟೆಡ್ ಕಿಂಗ್‌ಡಂ","ko":"영국","ks":"یونایٹِڑ کِنگڈَم","ku":"Keyaniya Yekbûyî","kv":"Ыджыд Британия","kw":"Ruvaneth Unys","ky":"Улуу Британия","la":"Britanniarum regnum","lb":"Vereenegt Kinnekräich","lg":"Great Britain","li":"Vereineg Keuninkriek","ln":"Ingɛlɛ́tɛlɛ","lo":"ສະຫະລາຊະອານາຈັກ","lt":"Jungtinė Karalystė","lv":"Apvienotā Karaliste","mg":"Fanjakana Mitambatra","mi":"Kīngitanga Kotahi","mk":"Обединето Кралство","ml":"യുണൈറ്റഡ് കിങ്ഡം","mn":"Их Британи","mr":"युनायटेड किंग्डम","mt":"Renju Unit","my":"ယူနိုက်တက်ကင်းဒမ်းနိုင်ငံ","nb":"Storbritannia","ne":"संयुक्त अधिराज्य","nl":"Verenigd Koninkrijk","nn":"Storbritannia","nv":"Tótaʼ Dineʼé Bikéyah","oc":"Reialme Unit","om":"Tokkummaa Biyya Mootii","or":"ଯୁକ୍ତରାଜ୍ୟ","os":"Стыр Британи","pa":"ਯੂਨਾਈਟਡ ਕਿੰਗਡਮ","pdt":"Kjennichrikj von Enjlaunt","pl":"Wielka Brytania","ps":"برېتانيا","pt":"Reino Unido","qu":"Hukllachasqa Qhapaq Llaqta","rm":"Reginavel Unì","rn":"Ubwongereza","ro":"Regatul Unit al Marii Britanii și al Irlandei de Nord","ru":"Великобритания","rw":"Ubwongereza","sa":"संयुक्ताधिराज्यम्","sc":"Rennu Unidu","sco":"Unitit Kinrick","sd":"گڏيل بادشاھت","se":"Ovttastuvvan gonagasriika","si":"එක්සත් රාජධානිය","sk":"Spojené kráľovstvo","sl":"Združeno kraljestvo Velike Britanije in Severne Irske","sm":"Peretānia","sn":"Bhuritani","so":"Boqortooyada Midowday","sq":"Mbretëria e Bashkuar","sr":"Уједињено Краљевство","su":"Karajaan Ngahiji","sv":"Storbritannien","sw":"Ufalme wa Muungano","ta":"ஐக்கிய இராச்சியம்","te":"యునైటెడ్ కింగ్‌డమ్","tg":"Бритониё","th":"สหราชอาณาจักร","tk":"Birleşen Patyşalyk","to":"Pilitānia","tr":"Birleşik Krallık","tt":"Бөекбритания","ty":"Paratāne","ug":"بۈيۈك بېرىتانىيە","uk":"Велика Британія","ur":"مملکت متحدہ","uz":"Birlashgan Qirollik","vi":"Vương quốc Liên hiệp Anh và Bắc Ireland","vo":"Regän Pebalöl","wa":"Rweyåme-Uni","wo":"Nguur-Yu-Bennoo","xh":"Iunited kingdom","yi":"פאראייניגטע קעניגרייך","yo":"Ilẹ̀ọba Aṣọ̀kan","za":"Yinghgoz","zh":"英国","zu":"Umbuso Ohlangeneyo"},"from":1987.3709677419354,"to":null,"wikidata":"Q145","adminLevel":2,"source":"OpenHistoricalMap","sourceUrl":"https://www.openhistoricalmap.org"}},{"type":"Feature","geometry":{"type":"MultiPolygon","coordinates":[[[[8.8312,41.2611],[9.1349,41.3181],[9.2698,41.2918],[9.3165,41.3361],[9.45,41.4065],[9.6307,41.4336],[9.6413,41.457],[9.6746,41.7045],[9.6723,41.8629],[9.807,42.046],[9.8282,42.2612],[9.8034,42.3598],[9.8148,42.4351],[9.7825,42.6324],[9.7362,42.7004],[9.7645,42.8085],[9.6579,42.9204],[9.5891,43.1756],[9.5242,43.2077],[9.3575,43.225],[9.1745,43.1565],[9.0924,43.0777],[9.0532,42.9316],[8.8721,42.8424],[8.6161,42.7676],[8.5247,42.7232],[8.4702,42.6704],[8.3941,42.5488],[8.3148,42.4885],[8.2757,42.4287],[8.269,42.2323],[8.3212,41.9552],[8.3152,41.8642],[8.3342,41.7993],[8.4136,41.6568],[8.5623,41.4436],[8.7317,41.3028],[8.8312,41.2611]]],[[[1.6609,51.0769],[1.3556,50.9491],[1.2814,50.8955],[1.2425,50.7256],[1.2504,50.4818],[1.2195,50.4127],[1.2197,50.3468],[1.1869,50.3027],[1.1644,50.2216],[0.9843,50.1255],[0.475,50.0431],[0.0259,49.879],[-0.0936,49.8128],[-0.1519,49.7613],[-0.2432,49.5362],[-0.5536,49.5624],[-0.7042,49.5503],[-0.859,49.5889],[-0.9127,49.6462],[-0.9625,49.7588],[-1.0128,49.8174],[-1.1,49.8699],[-1.2025,49.903],[-1.3881,49.9224],[-1.6725,49.8876],[-1.8895,49.9328],[-2.0547,49.9201],[-2.0658,49.6817],[-2.1315,49.5462],[-2.0988,49.4596],[-1.994,49.3636],[-1.8934,49.3156],[-1.8349,49.25],[-1.8603,49.0658],[-1.9439,48.9642],[-1.9847,48.9407],[-1.9847,48.8827],[-2.2426,48.8713],[-2.5265,48.9267],[-2.5265,49.0579],[-2.5605,49.2203],[-2.7222,49.2667],[-2.9346,49.3034],[-3.0178,49.2756],[-3.0885,49.2304],[-3.1345,49.1808],[-3.1575,49.1159],[-3.5053,49.1051],[-3.7611,49.0664],[-4.1195,48.9536],[-4.6634,48.8424],[-4.9051,48.7571],[-5.3061,48.6443],[-5.418,48.5455],[-5.4523,48.4527],[-5.4427,48.395],[-5.3191,48.0847],[-5.3164,48.0179],[-5.2666,47.9375],[-5.2075,47.8961],[-4.4817,47.5932],[-4.2599,47.5457],[-4.2064,47.5051],[-4.0783,47.4657],[-3.9098,47.4766],[-3.667,47.4446],[-3.4964,47.1965],[-3.4216,47.1416],[-3.345,47.1099],[-3.082,47.0778],[-2.8794,47.108],[-2.6886,47.0334],[-2.6697,47.0102],[-2.704,46.7173],[-2.6875,46.6598],[-2.6522,46.6108],[-2.5348,46.5296],[-2.0452,46.3446],[-1.7283,46.0442],[-1.6531,45.8573],[-1.5896,45.7953],[-1.558,45.7256],[-1.5772,45.6608],[-1.5577,45.5804],[-1.4653,45.4938],[-1.4433,45.4481],[-1.4921,44.9867],[-1.5635,44.5804],[-1.5415,44.4759],[-1.5477,44.3869],[-1.5855,44.1866],[-1.7207,43.6897],[-1.804,43.5949],[-1.7715,43.4888],[-1.7718,43.3881],[-1.7888,43.3679],[-1.7252,43.2983],[-1.6965,43.3118],[-1.6261,43.3068],[-1.6125,43.2551],[-1.5686,43.2574],[-1.5638,43.2851],[-1.5329,43.2937],[-1.4066,43.2715],[-1.3825,43.2531],[-1.3862,43.1959],[-1.4145,43.1342],[-1.4713,43.091],[-1.4412,43.0463],[-1.3554,43.0286],[-1.3406,43.0977],[-1.2734,43.1186],[-1.3089,43.071],[-1.2554,43.0433],[-1.2192,43.0532],[-1.1355,43.0088],[-1.1185,43.02],[-1.0147,42.9931],[-0.9466,42.9546],[-0.9089,42.9644],[-0.8184,42.9512],[-0.7507,42.9648],[-0.7252,42.923],[-0.732,42.8961],[-0.676,42.8811],[-0.6035,42.8326],[-0.5942,42.8044],[-0.5699,42.8068],[-0.5705,42.783],[-0.5244,42.7973],[-0.5038,42.8276],[-0.4427,42.7956],[-0.3847,42.801],[-0.3143,42.8475],[-0.1871,42.7868],[-0.1612,42.7977],[-0.1018,42.7219],[-0.0722,42.7178],[-0.0585,42.6933],[-0.0094,42.6847],[0.1822,42.7356],[0.2589,42.7162],[0.2994,42.6757],[0.3594,42.7225],[0.4303,42.6908],[0.6026,42.7025],[0.6714,42.6899],[0.6787,42.7244],[0.6473,42.7514],[0.6666,42.7749],[0.6473,42.7822],[0.6689,42.8017],[0.6591,42.8378],[0.7235,42.8589],[0.8512,42.827],[0.9231,42.7908],[0.9583,42.8047],[0.982,42.7877],[1.0805,42.7871],[1.1643,42.7101],[1.231,42.7275],[1.2585,42.7155],[1.3552,42.7196],[1.3538,42.6999],[1.3894,42.6841],[1.4373,42.6033],[1.469,42.6065],[1.4692,42.6335],[1.4941,42.6532],[1.565,42.6526],[1.6022,42.6255],[1.7331,42.6155],[1.7273,42.5923],[1.7857,42.5734],[1.738,42.5528],[1.7304,42.4928],[1.8245,42.4853],[1.895,42.4476],[1.937,42.4537],[1.9701,42.3763],[2.0134,42.349],[2.0834,42.3631],[2.1569,42.4234],[2.2069,42.419],[2.2521,42.4366],[2.4293,42.3942],[2.482,42.3406],[2.531,42.333],[2.5716,42.3577],[2.671,42.3407],[2.6564,42.3823],[2.6739,42.4047],[2.7508,42.4254],[2.7774,42.412],[2.8379,42.4581],[2.9216,42.4579],[2.9421,42.479],[2.9681,42.4656],[3.0357,42.474],[3.086,42.4256],[3.448,42.4353],[3.4373,42.4965],[3.3942,42.5882],[3.3162,42.6688],[3.3135,42.8054],[3.3392,42.9798],[3.4333,43.0673],[3.5474,43.0656],[3.6399,43.0899],[3.7821,43.1997],[3.888,43.2345],[3.9902,43.2986],[4.2933,43.2567],[4.4565,43.1846],[4.5898,43.1521],[4.7101,43.1468],[4.8375,43.1184],[4.9375,43.127],[5.0464,43.0478],[5.1232,43.0127],[5.333,42.9747],[5.5098,42.9641],[5.7256,42.8643],[6.1418,42.7865],[6.4556,42.7919],[6.6015,42.8411],[6.7129,42.9008],[6.9226,43.0951],[6.973,43.2221],[7.3141,43.3916],[7.5002,43.5165],[7.4089,43.7296],[7.4294,43.747],[7.4528,43.7423],[7.533,43.5368],[7.6249,43.5759],[7.6103,43.6559],[7.5396,43.7429],[7.4954,43.8597],[7.513,43.883],[7.5608,43.8982],[7.5764,43.9489],[7.6529,43.9745],[7.6704,43.9984],[7.662,44.0272],[7.7005,44.0407],[7.7155,44.0792],[7.6676,44.1296],[7.6759,44.1771],[7.6353,44.1764],[7.6201,44.1498],[7.4345,44.1298],[7.4258,44.1123],[7.3568,44.1171],[7.3448,44.1451],[7.2634,44.1482],[7.1615,44.2076],[7.1409,44.2011],[7.0776,44.2318],[7.0378,44.224],[7.0026,44.243],[6.9928,44.2813],[6.9601,44.2939],[6.9219,44.3514],[6.8931,44.3596],[6.8928,44.4209],[6.9454,44.4274],[6.8767,44.4812],[6.8589,44.5347],[6.9321,44.5728],[6.9372,44.6021],[6.9678,44.6195],[6.9476,44.6537],[6.9636,44.6783],[7.0307,44.6914],[7.0688,44.6798],[7.0715,44.6975],[7.0289,44.7351],[7.0049,44.7859],[7.0232,44.8213],[7.0025,44.8417],[6.9352,44.8621],[6.9111,44.8448],[6.8617,44.8517],[6.752,44.9055],[6.7649,44.9596],[6.7401,44.9893],[6.7444,45.0149],[6.6734,45.0196],[6.6623,45.0675],[6.6268,45.1031],[6.684,45.1398],[6.743,45.1381],[6.7664,45.158],[6.8487,45.1273],[6.8971,45.1399],[6.8847,45.1557],[6.9402,45.1709],[6.9631,45.2052],[7.0482,45.2257],[7.0735,45.2103],[7.1359,45.2542],[7.1109,45.3261],[7.1638,45.3606],[7.181,45.3998],[7.1222,45.4311],[7.093,45.4705],[7.0521,45.4722],[7.0493,45.4966],[7,45.5055],[6.9969,45.569],[6.9799,45.5931],[7.001,45.6366],[6.963,45.6547],[6.9237,45.6499],[6.901,45.681],[6.8543,45.6867],[6.8108,45.7245],[6.8022,45.7826],[6.8207,45.837],[6.8664,45.8259],[6.8835,45.8491],[6.9416,45.8475],[6.9948,45.8715],[7.0093,45.9046],[7.044,45.9227],[7.037,45.9552],[7.0092,45.9713],[7.0101,45.9939],[6.9364,46.0625],[6.8721,46.051],[6.8979,46.122],[6.8126,46.1321],[6.7904,46.1536],[6.8105,46.18],[6.8092,46.2119],[6.8643,46.2832],[6.7722,46.3504],[6.8064,46.383],[6.8211,46.4272],[6.6819,46.4543],[6.5191,46.4564],[6.4256,46.4158],[6.3352,46.4037],[6.253,46.3604],[6.2196,46.3119],[6.2482,46.2966],[6.2489,46.2639],[6.2701,46.2485],[6.3004,46.2554],[6.3054,46.2377],[6.1879,46.1808],[6.1785,46.1604],[6.1266,46.1405],[6.0607,46.1512],[5.9574,46.1286],[5.9922,46.1865],[5.9708,46.2044],[6.0337,46.2386],[6.1208,46.248],[6.1043,46.2835],[6.1699,46.3661],[6.0676,46.4149],[6.0862,46.4433],[6.0735,46.4599],[6.1535,46.5368],[6.1105,46.5765],[6.2794,46.6876],[6.4491,46.7731],[6.4585,46.7885],[6.4313,46.8122],[6.4645,46.8903],[6.4327,46.9287],[6.4965,46.9741],[6.614,46.9915],[6.7192,47.0512],[6.6996,47.0619],[6.7084,47.0833],[6.8499,47.1564],[6.8514,47.1755],[6.9486,47.2395],[6.9452,47.289],[7.0007,47.2993],[7.013,47.3202],[7.057,47.3344],[7.05,47.359],[7.0183,47.3714],[6.8803,47.3526],[6.8889,47.3767],[6.9367,47.406],[6.9403,47.4321],[6.9959,47.4496],[6.9857,47.4916],[7.0249,47.5043],[7.1953,47.4935],[7.1724,47.4463],[7.1925,47.439],[7.2309,47.4394],[7.2455,47.4247],[7.3386,47.4412],[7.3812,47.4321],[7.455,47.4706],[7.429,47.4911],[7.4809,47.4811],[7.5111,47.497],[7.5009,47.5148],[7.5297,47.5252],[7.4992,47.5401],[7.5857,47.5841],[7.591,47.6047],[7.5238,47.6609],[7.5118,47.6953],[7.5466,47.7266],[7.5297,47.7772],[7.5607,47.8367],[7.5552,47.8727],[7.6198,47.9672],[7.6091,47.9996],[7.5719,48.0303],[7.5772,48.1156],[7.6685,48.2244],[7.6909,48.2977],[7.7429,48.3244],[7.7346,48.4001],[7.7671,48.486],[7.8051,48.5135],[7.8019,48.5882],[7.8417,48.6435],[7.8923,48.6642],[7.9658,48.7242],[7.9749,48.7594],[8.0178,48.7631],[8.034,48.7889],[8.0934,48.8075],[8.1413,48.8959],[8.1978,48.9577],[8.2309,48.9659],[8.2256,48.9748],[8.092,48.9893],[7.93,49.0566],[7.9172,49.0408],[7.8612,49.0349],[7.7945,49.0658],[7.7655,49.0463],[7.6348,49.0541],[7.6095,49.0788],[7.5357,49.0937],[7.4889,49.1412],[7.5059,49.1515],[7.494,49.1685],[7.4398,49.1644],[7.4456,49.1843],[7.3653,49.1721],[7.3562,49.144],[7.3205,49.1411],[7.2935,49.115],[7.2387,49.1288],[7.1569,49.121],[7.1024,49.1556],[7.0511,49.1134],[7.0278,49.1721],[7.0349,49.1908],[6.9592,49.2028],[6.9379,49.2225],[6.8363,49.211],[6.8592,49.175],[6.8342,49.1513],[6.7388,49.1638],[6.7112,49.1883],[6.7314,49.2063],[6.7233,49.219],[6.6963,49.2154],[6.6891,49.246],[6.6606,49.2614],[6.6703,49.2802],[6.594,49.3179],[6.5655,49.3491],[6.5988,49.3693],[6.5372,49.4098],[6.5446,49.4294],[6.4204,49.4764],[6.3651,49.4596],[6.3354,49.4675],[6.2396,49.514],[6.1573,49.504],[6.0923,49.4531],[6.0537,49.4642],[6.0388,49.4485],[5.9869,49.4527],[5.9708,49.4914],[5.9414,49.5006],[5.8688,49.4995],[5.8361,49.5218],[5.838,49.5402],[5.7723,49.5633],[5.7476,49.5396],[5.6444,49.5502],[5.6144,49.5109],[5.5566,49.5292],[5.4745,49.4974],[5.4524,49.515],[5.4653,49.5324],[5.4491,49.5482],[5.457,49.567],[5.4264,49.5975],[5.3516,49.631],[5.3389,49.6162],[5.3099,49.6192],[5.3254,49.6597],[5.2726,49.6941],[5.1724,49.6933],[5.1592,49.7167],[5.1276,49.7131],[5.0929,49.7642],[5.0211,49.7777],[4.9878,49.7999],[4.8603,49.7896],[4.8716,49.8158],[4.8512,49.8618],[4.8856,49.9056],[4.8425,49.95],[4.7903,49.9678],[4.8413,50.045],[4.8198,50.0604],[4.8374,50.0673],[4.8469,50.0971],[4.8724,50.0878],[4.8684,50.117],[4.8913,50.1343],[4.824,50.1668],[4.6966,50.0881],[4.6796,49.9962],[4.579,49.982],[4.5088,49.9471],[4.4457,49.9372],[4.3081,49.9695],[4.1985,49.956],[4.1484,49.9767],[4.1602,49.9932],[4.139,50.0236],[4.2283,50.0783],[4.1987,50.1063],[4.1978,50.1349],[4.1297,50.1345],[4.1554,50.163],[4.1521,50.2075],[4.2207,50.2541],[4.2092,50.2716],[4.1587,50.2851],[4.1636,50.2574],[4.1433,50.2579],[4.1218,50.2777],[4.1227,50.298],[4.0201,50.3571],[3.8857,50.327],[3.8896,50.3366],[3.8424,50.3534],[3.7501,50.351],[3.7068,50.3071],[3.6573,50.3686],[3.6736,50.4044],[3.6642,50.4523],[3.6086,50.4965],[3.4994,50.488],[3.5177,50.5195],[3.4704,50.5326],[3.4518,50.5099],[3.3715,50.4935],[3.288,50.5265],[3.2787,50.5947],[3.2411,50.6576],[3.2588,50.6958],[3.2468,50.7119],[3.2057,50.7117],[3.1522,50.788],[3.1146,50.7944],[3.0805,50.773],[3.0602,50.7807],[2.9521,50.7523],[2.9291,50.7095],[2.8991,50.6941],[2.7936,50.7263],[2.7176,50.8135],[2.6335,50.8149],[2.6035,50.8478],[2.6122,50.8642],[2.5973,50.915],[2.6279,50.9525],[2.6079,50.9875],[2.5719,51.0084],[2.5543,51.0773],[2.37,51.3052],[2.2429,51.2949],[1.9691,51.2032],[1.8902,51.2008],[1.7314,51.1032],[1.6609,51.0769]],[[1.9721,42.4845],[1.9896,42.4937],[1.9874,42.4698],[2.0128,42.4484],[1.9598,42.4533],[1.9721,42.4845]]],[[[172.2581,-22.5148],[172.2961,-22.4345],[172.2957,-22.3565],[172.2568,-22.2764],[172.194,-22.2242],[172.1144,-22.1983],[172.0301,-22.2025],[171.9539,-22.2362],[171.8924,-22.3029],[171.8712,-22.3583],[171.8717,-22.4364],[171.9043,-22.5083],[171.9643,-22.5632],[172.0425,-22.5927],[172.1269,-22.5923],[172.2047,-22.5621],[172.2581,-22.5148]]],[[[171.3101,-22.5383],[171.3944,-22.5417],[171.4738,-22.5151],[171.5361,-22.4624],[171.569,-22.4012],[171.5769,-22.3235],[171.552,-22.2488],[171.4981,-22.1886],[171.4336,-22.1552],[171.339,-22.1412],[171.2572,-22.1606],[171.1897,-22.2074],[171.1433,-22.284],[171.1354,-22.3618],[171.1656,-22.4449],[171.2226,-22.5024],[171.3101,-22.5383]]],[[[169.1397,-22.6997],[169.1694,-22.6286],[169.167,-22.5344],[169.1288,-22.4606],[169.066,-22.4085],[168.9823,-22.3819],[168.898,-22.3861],[168.8218,-22.4198],[168.7602,-22.4864],[168.7277,-22.5777],[168.7326,-22.6597],[168.7691,-22.7299],[168.8319,-22.7819],[168.9115,-22.8078],[169.0061,-22.8009],[169.0844,-22.762],[169.1397,-22.6997]]],[[[168.2615,-21.7759],[168.3128,-21.709],[168.3294,-21.6475],[168.3263,-21.5719],[168.3511,-21.4559],[168.3208,-21.3463],[168.2628,-21.2843],[168.142,-21.2001],[167.9683,-20.946],[167.4117,-20.5566],[167.2947,-20.4936],[167.0866,-20.4556],[166.8003,-20.2957],[166.7254,-20.2264],[166.6454,-20.1923],[166.3289,-20.1388],[166.2194,-20.094],[166.1418,-20.0859],[166.0288,-20.1175],[165.9334,-20.2061],[165.9018,-20.2709],[165.9015,-20.3681],[165.9869,-20.6341],[166.0402,-20.6993],[166.2613,-20.8861],[166.3605,-20.9281],[166.4683,-20.9281],[166.8652,-21.0803],[166.9922,-21.2279],[167.0684,-21.2689],[167.1412,-21.2862],[167.2078,-21.3425],[167.2926,-21.3796],[167.4286,-21.4703],[167.7204,-21.7652],[167.8786,-21.8382],[167.9772,-21.8618],[168.0888,-21.8539],[168.2615,-21.7759]]],[[[165.9735,-20.0246],[166.047,-19.8988],[166.0583,-19.8284],[166.0374,-19.7428],[165.9667,-19.6636],[165.6848,-19.5181],[165.6158,-19.5015],[165.5502,-19.5061],[165.4699,-19.5349],[165.4033,-19.5973],[165.3185,-19.8016],[165.3044,-19.872],[165.3202,-19.9579],[165.3854,-20.0379],[165.4826,-20.0804],[165.8273,-20.0882],[165.8929,-20.0775],[165.9735,-20.0246]]],[[[164.5457,-18.7744],[164.6088,-18.7171],[164.6445,-18.6189],[164.6356,-18.5463],[164.5728,-18.4001],[164.5271,-18.348],[164.4561,-18.3102],[164.3719,-18.2998],[164.2978,-18.3193],[164.2394,-18.3591],[164.1636,-18.4444],[164.1378,-18.5418],[164.1553,-18.6186],[164.2205,-18.7178],[164.3544,-18.7903],[164.4609,-18.8033],[164.5457,-18.7744]]],[[[166.769,-23.1107],[166.893,-23.1988],[166.9644,-23.2193],[167.0746,-23.2126],[167.7255,-22.9059],[167.7894,-22.8243],[167.8127,-22.7233],[167.7592,-22.536],[167.7073,-22.4396],[167.5618,-22.332],[167.434,-22.29],[167.2953,-22.2147],[167.1597,-22.0631],[167.1182,-21.9036],[167.0526,-21.8175],[166.7725,-21.636],[166.5751,-21.4527],[166.4576,-21.3799],[166.3728,-21.2983],[166.2564,-21.2411],[166.1768,-21.1636],[165.8929,-20.9858],[165.484,-20.6257],[165.4369,-20.5084],[165.3865,-20.4595],[165.2206,-20.3861],[165.0572,-20.3652],[164.9587,-20.3327],[164.7228,-20.1304],[164.3946,-19.7719],[164.2937,-19.7218],[164.1828,-19.5753],[163.9833,-19.2573],[163.9905,-19.1572],[163.9617,-19.0673],[163.7093,-18.7347],[163.4625,-18.5109],[163.4295,-18.3682],[163.3791,-18.2708],[163.3348,-17.9719],[163.2905,-17.8762],[163.2067,-17.8147],[162.9527,-17.6918],[162.8521,-17.6921],[162.7851,-17.7193],[162.7127,-17.7967],[162.608,-18.0626],[162.6286,-18.4786],[162.6653,-18.5922],[162.7048,-18.6436],[162.9643,-19.4737],[163.0752,-19.652],[163.1507,-19.7286],[163.25,-19.8688],[163.4429,-20.0595],[163.5521,-20.2152],[163.6067,-20.2587],[163.8449,-20.6382],[164.0087,-20.786],[164.1179,-20.9755],[164.2305,-21.0614],[164.2765,-21.1313],[164.3462,-21.1822],[164.5161,-21.2481],[164.6576,-21.4652],[164.9309,-21.6699],[165.2893,-21.8185],[165.3676,-21.9115],[165.5087,-21.9746],[165.6429,-22.092],[165.7521,-22.1448],[165.8551,-22.2615],[165.9238,-22.2993],[166.0137,-22.4244],[166.2317,-22.621],[166.2891,-22.7027],[166.4233,-22.7774],[166.6911,-23.0611],[166.769,-23.1107]]],[[[158.6543,-20.0972],[159.1013,-19.5436],[159.1905,-19.352],[159.2489,-19.1646],[159.2461,-19.0673],[159.2283,-19.0258],[159.1232,-18.8998],[159.0662,-18.803],[158.9797,-18.7529],[158.8596,-18.7497],[158.3961,-18.8309],[158.2986,-18.8784],[158.1654,-19.0316],[158.1406,-19.1004],[158.142,-19.1633],[158.1029,-19.2385],[158.0747,-19.372],[157.993,-19.5676],[157.9827,-19.6665],[157.9958,-19.7228],[158.0521,-19.8042],[158.0754,-19.8965],[158.1056,-19.9495],[158.1969,-20.0495],[158.3933,-20.1649],[158.4462,-20.181],[158.5979,-20.152],[158.6543,-20.0972]]],[[[158.7548,-21.154],[158.807,-21.063],[158.806,-20.9646],[158.7744,-20.9028],[158.7075,-20.8351],[158.692,-20.7638],[158.6522,-20.6935],[158.5605,-20.6267],[158.463,-20.6077],[158.359,-20.6344],[158.3034,-20.6717],[158.256,-20.7333],[158.2457,-20.845],[158.3611,-21.0986],[158.4778,-21.1982],[158.5489,-21.2196],[158.68,-21.2071],[158.7548,-21.154]]],[[[159.7124,-22.0074],[159.7615,-21.9329],[159.7776,-21.8268],[159.7422,-21.703],[159.6736,-21.6297],[159.7519,-21.5473],[159.7797,-21.3978],[159.7453,-21.2951],[159.6825,-21.234],[159.6121,-21.2004],[159.5074,-21.1956],[159.4037,-21.1492],[159.3333,-21.1466],[159.2293,-21.1802],[159.1521,-21.2705],[159.0886,-21.2449],[158.9804,-21.2359],[158.9145,-21.2065],[158.8317,-21.203],[158.748,-21.2318],[158.6584,-21.3156],[158.634,-21.3837],[158.6415,-21.4841],[158.7178,-21.5795],[158.7782,-21.6102],[158.9474,-21.6632],[159.0628,-21.6648],[159.1782,-21.6143],[159.2321,-21.5406],[159.2921,-21.5735],[159.39,-21.5827],[159.4295,-21.621],[159.3653,-21.6791],[159.2537,-21.7445],[159.2022,-21.8433],[159.1994,-21.9122],[159.2211,-21.9844],[159.3011,-22.0666],[159.3752,-22.0952],[159.4834,-22.1054],[159.641,-22.0573],[159.7124,-22.0074]]],[[[-140.3483,-7.8935],[-140.3764,-7.8015],[-140.4547,-7.7229],[-140.5397,-7.6941],[-140.6351,-7.7072],[-140.8181,-7.8044],[-140.8786,-7.8675],[-140.9228,-7.997],[-140.9062,-8.1125],[-140.866,-8.1772],[-140.7961,-8.2286],[-140.7121,-8.2502],[-140.6271,-8.2382],[-140.5616,-8.1984],[-140.4919,-8.115],[-140.4008,-8.042],[-140.3605,-7.9755],[-140.3483,-7.8935]]],[[[-140.4021,-8.6673],[-140.4205,-8.5925],[-140.4717,-8.5246],[-140.5397,-8.4859],[-140.6266,-8.4729],[-140.7012,-8.4902],[-140.7715,-8.5416],[-140.8107,-8.6069],[-140.8227,-8.6831],[-140.7828,-8.7958],[-140.6883,-8.8665],[-140.5588,-8.873],[-140.4547,-8.8124],[-140.4472,-8.8912],[-140.3947,-9.0447],[-140.2977,-9.1341],[-140.2046,-9.1656],[-140.2906,-9.2496],[-140.3277,-9.3141],[-140.3387,-9.3901],[-140.3192,-9.4751],[-140.2283,-9.5979],[-140.0997,-9.6772],[-139.9913,-9.6774],[-139.897,-9.6214],[-139.852,-9.5468],[-139.8089,-9.3775],[-139.8209,-9.2911],[-139.8685,-9.218],[-139.9236,-9.1788],[-140.0481,-9.1345],[-139.9616,-9.1209],[-139.9026,-9.0932],[-139.8479,-9.0413],[-139.8151,-8.9712],[-139.7608,-9.0781],[-139.6843,-9.1391],[-139.5986,-9.158],[-139.4486,-9.138],[-139.3517,-9.0874],[-139.2908,-8.9824],[-139.287,-8.8747],[-139.3315,-8.7762],[-139.3934,-8.7153],[-139.5005,-8.6669],[-139.577,-8.6619],[-139.6832,-8.6918],[-139.741,-8.7383],[-139.8034,-8.8397],[-139.815,-8.7439],[-139.843,-8.6827],[-139.889,-8.6346],[-139.9581,-8.5995],[-140.2307,-8.5815],[-140.3369,-8.6163],[-140.4021,-8.6673]]],[[[-138.7175,-9.4308],[-138.7449,-9.336],[-138.8107,-9.2658],[-138.9034,-9.2324],[-139.0024,-9.2449],[-139.0766,-9.2925],[-139.1218,-9.3565],[-139.1394,-9.4418],[-139.1236,-9.5165],[-139.2692,-9.5946],[-139.331,-9.6594],[-139.3669,-9.772],[-139.3574,-9.8368],[-139.3253,-9.9059],[-139.3308,-10.0365],[-139.2927,-10.1272],[-139.2316,-10.1912],[-139.1611,-10.222],[-139.0863,-10.2248],[-139.0233,-10.2048],[-138.9629,-10.1578],[-138.8668,-10.2122],[-138.7716,-10.2226],[-138.6895,-10.1933],[-138.6271,-10.1321],[-138.5948,-10.0176],[-138.6367,-9.8741],[-138.601,-9.7938],[-138.5966,-9.7168],[-138.6462,-9.6098],[-138.749,-9.547],[-138.7175,-9.4308]]],[[[-138.4112,-10.4172],[-138.4549,-10.3302],[-138.5466,-10.2517],[-138.6405,-10.2192],[-138.7523,-10.2304],[-138.8351,-10.2821],[-138.8812,-10.3563],[-138.8959,-10.5109],[-138.8842,-10.5873],[-138.8314,-10.6708],[-138.7524,-10.7312],[-138.6786,-10.7533],[-138.5891,-10.7427],[-138.4914,-10.6838],[-138.4369,-10.6067],[-138.4092,-10.522],[-138.4112,-10.4172]]],[[[-138.8197,-14.5933],[-138.9045,-14.6099],[-138.9965,-14.6714],[-139.0437,-14.7444],[-139.0558,-14.8304],[-139.0295,-14.9142],[-138.97,-14.9809],[-138.8722,-15.0314],[-138.7791,-15.042],[-138.6942,-15.0163],[-138.6347,-14.9681],[-138.5926,-14.8912],[-138.5836,-14.8149],[-138.6137,-14.7208],[-138.6785,-14.647],[-138.7451,-14.6068],[-138.8197,-14.5933]]],[[[-141.2877,-13.9469],[-141.3437,-13.9084],[-141.4078,-13.8897],[-141.4856,-13.8942],[-141.5471,-13.9202],[-141.6037,-13.9722],[-141.6337,-14.0308],[-141.6429,-14.111],[-141.6288,-14.175],[-141.5465,-14.2742],[-141.4201,-14.3157],[-141.3288,-14.3791],[-141.1852,-14.4003],[-141.0989,-14.384],[-141.027,-14.3343],[-140.9847,-14.27],[-140.9693,-14.1835],[-140.9863,-14.109],[-141.0375,-14.036],[-141.1182,-13.9756],[-141.2109,-13.9465],[-141.2877,-13.9469]]],[[[-140.6225,-15.7982],[-140.6449,-15.7162],[-140.6987,-15.6489],[-140.7731,-15.6083],[-140.8639,-15.5995],[-140.9837,-15.6335],[-141.0487,-15.6765],[-141.1009,-15.7583],[-141.1108,-15.8445],[-141.0831,-15.9281],[-141.0228,-15.994],[-140.9343,-16.0356],[-140.8463,-16.0419],[-140.7409,-16.0075],[-140.6805,-15.9598],[-140.6356,-15.8839],[-140.6225,-15.7982]]],[[[-140.1068,-15.7612],[-140.1968,-15.7685],[-140.285,-15.8067],[-140.3407,-15.8604],[-140.3759,-15.9408],[-140.3759,-16.0273],[-140.3392,-16.1128],[-140.2757,-16.1731],[-140.1885,-16.2065],[-140.0905,-16.2066],[-139.9953,-16.1683],[-139.9244,-16.1006],[-139.8872,-16.0125],[-139.8898,-15.9267],[-139.9333,-15.8401],[-140.0035,-15.7859],[-140.1068,-15.7612]]],[[[-138.3085,-17.125],[-138.4219,-17.1249],[-138.5073,-17.1433],[-138.5775,-17.1798],[-138.6309,-17.2339],[-138.6646,-17.3136],[-138.6645,-17.3904],[-138.6353,-17.4627],[-138.5823,-17.5177],[-138.4774,-17.558],[-138.3327,-17.5549],[-138.2202,-17.5076],[-138.155,-17.4464],[-138.1197,-17.3533],[-138.1366,-17.2482],[-138.2051,-17.1652],[-138.3085,-17.125]]],[[[-137.0701,-18.0594],[-137.1693,-18.0832],[-137.2437,-18.1441],[-137.2818,-18.2329],[-137.2727,-18.3306],[-137.2085,-18.444],[-137.1367,-18.5115],[-137.0131,-18.5623],[-136.8935,-18.5528],[-136.8247,-18.514],[-136.7745,-18.4526],[-136.7517,-18.3787],[-136.7616,-18.2915],[-136.8045,-18.216],[-136.9038,-18.12],[-136.99,-18.0722],[-137.0701,-18.0594]]],[[[-136.457,-18.2592],[-136.5726,-18.2911],[-136.6504,-18.3682],[-136.6782,-18.4711],[-136.6501,-18.5751],[-136.593,-18.6399],[-136.4128,-18.7619],[-136.2959,-18.7812],[-136.1877,-18.7519],[-136.1207,-18.6939],[-136.0859,-18.6253],[-136.0791,-18.5493],[-136.1061,-18.4661],[-136.1539,-18.4052],[-136.2696,-18.3203],[-136.3701,-18.2727],[-136.457,-18.2592]]],[[[-136.5671,-21.1277],[-136.7502,-21.0907],[-136.8166,-21.1009],[-136.8872,-21.1352],[-136.9427,-21.1925],[-136.9697,-21.2544],[-136.9734,-21.3312],[-136.9475,-21.4019],[-136.8965,-21.4629],[-136.8405,-21.4983],[-136.7066,-21.5422],[-136.6203,-21.5522],[-136.5577,-21.635],[-136.4818,-21.6821],[-136.3688,-21.7004],[-136.2617,-21.6678],[-136.1946,-21.6096],[-136.1575,-21.5309],[-136.1573,-21.4419],[-136.1893,-21.3604],[-136.2457,-21.2941],[-136.3237,-21.2535],[-136.4088,-21.1575],[-136.4814,-21.1291],[-136.5671,-21.1277]]],[[[-135.522,-21.2709],[-135.6557,-21.2735],[-135.7304,-21.2919],[-135.8042,-21.3417],[-135.8508,-21.4167],[-135.8605,-21.5035],[-135.826,-21.629],[-135.7722,-21.7024],[-135.6896,-21.7545],[-135.5542,-21.7746],[-135.466,-21.7599],[-135.3212,-21.6893],[-135.2498,-21.5936],[-135.2427,-21.486],[-135.2921,-21.388],[-135.3968,-21.3066],[-135.522,-21.2709]]],[[[-135.9589,-21.9862],[-135.9842,-21.9001],[-136.0417,-21.8339],[-136.1199,-21.7955],[-136.2115,-21.7894],[-136.2978,-21.8182],[-136.3739,-21.8818],[-136.4146,-21.9592],[-136.4228,-22.0467],[-136.394,-22.1293],[-136.3319,-22.1954],[-136.2508,-22.2324],[-136.1573,-22.2367],[-136.081,-22.2119],[-136.0134,-22.1565],[-135.9678,-22.0708],[-135.9589,-21.9862]]],[[[-134.6581,-22.9983],[-134.7536,-22.8821],[-134.8186,-22.8351],[-134.9355,-22.8003],[-135.0411,-22.8141],[-135.1183,-22.8622],[-135.3091,-23.0724],[-135.3381,-23.1552],[-135.3273,-23.2405],[-135.2712,-23.3216],[-135.1829,-23.3734],[-135.1147,-23.4583],[-135.0461,-23.4942],[-134.9659,-23.5057],[-134.879,-23.4903],[-134.8196,-23.4586],[-134.7217,-23.3704],[-134.6659,-23.4873],[-134.5776,-23.5564],[-134.456,-23.5758],[-134.3467,-23.5387],[-134.283,-23.4851],[-134.2423,-23.4072],[-134.2352,-23.3298],[-134.2594,-23.2562],[-134.3284,-23.171],[-134.4088,-23.1256],[-134.5195,-23.115],[-134.6179,-23.1464],[-134.6242,-23.0691],[-134.6581,-22.9983]]],[[[-136.8939,-23.1272],[-136.9212,-23.0452],[-136.987,-22.9723],[-137.0651,-22.9357],[-137.1576,-22.9305],[-137.2423,-22.9593],[-137.3201,-23.0219],[-137.3622,-23.1049],[-137.3695,-23.192],[-137.3401,-23.2749],[-137.2755,-23.3419],[-137.1841,-23.3803],[-137.097,-23.3822],[-137.021,-23.3576],[-136.9519,-23.3007],[-136.9029,-23.2106],[-136.8939,-23.1272]]],[[[-138.5718,-21.7747],[-138.6075,-21.707],[-138.682,-21.64],[-138.8227,-21.5845],[-138.9185,-21.5758],[-139.0374,-21.6169],[-139.1983,-21.7398],[-139.2467,-21.8134],[-139.2521,-21.9306],[-139.1936,-22.0262],[-139.0833,-22.0839],[-138.9609,-22.0884],[-139.0039,-22.178],[-139.0008,-22.2781],[-138.9326,-22.406],[-138.8403,-22.4699],[-138.7379,-22.483],[-138.6229,-22.4475],[-138.548,-22.3975],[-138.5013,-22.3238],[-138.4858,-22.2339],[-138.5068,-22.1507],[-138.5835,-22.0579],[-138.6683,-22.0075],[-138.6159,-21.965],[-138.5793,-21.9092],[-138.5638,-21.8454],[-138.5718,-21.7747]]],[[[-140.6271,-21.4214],[-140.7262,-21.4376],[-140.8025,-21.4863],[-140.8811,-21.5959],[-140.9027,-21.6923],[-140.8812,-21.7756],[-140.8217,-21.8518],[-140.702,-21.9136],[-140.6127,-21.9289],[-140.5008,-21.9048],[-140.4249,-21.8594],[-140.3708,-21.7874],[-140.3539,-21.7019],[-140.371,-21.6292],[-140.4564,-21.4881],[-140.5322,-21.4389],[-140.6271,-21.4214]]],[[[-138.9149,-20.7645],[-138.9389,-20.6803],[-138.9973,-20.6124],[-139.0772,-20.5732],[-139.1676,-20.5659],[-139.2531,-20.5922],[-139.3227,-20.6501],[-139.3615,-20.7284],[-139.3669,-20.8039],[-139.339,-20.8884],[-139.2881,-20.9474],[-139.2084,-20.9888],[-139.1191,-20.9963],[-139.0348,-20.971],[-138.9675,-20.9178],[-138.9266,-20.8463],[-138.9149,-20.7645]]],[[[-138.2946,-20.7656],[-138.3442,-20.6707],[-138.442,-20.5994],[-138.5278,-20.5692],[-138.6254,-20.5737],[-138.7061,-20.6141],[-138.7622,-20.6827],[-138.7947,-20.7996],[-138.7854,-20.895],[-138.7379,-20.981],[-138.6401,-21.0577],[-138.5436,-21.0885],[-138.4565,-21.0802],[-138.3698,-21.035],[-138.3152,-20.9649],[-138.2892,-20.8491],[-138.2946,-20.7656]]],[[[-138.7384,-19.0718],[-138.8366,-19.0746],[-138.9108,-19.099],[-138.9716,-19.1467],[-139.0146,-19.2232],[-139.0891,-19.1601],[-139.1736,-19.1286],[-139.2602,-19.1298],[-139.3517,-19.1667],[-139.4237,-19.2221],[-139.4629,-19.2882],[-139.4729,-19.3732],[-139.4505,-19.4463],[-139.4104,-19.4983],[-139.3456,-19.541],[-139.1934,-19.5697],[-139.1293,-19.5537],[-139.0638,-19.5141],[-139.0202,-19.4639],[-138.9907,-19.3958],[-138.8864,-19.4723],[-138.8359,-19.5417],[-138.7711,-19.5858],[-138.6753,-19.6059],[-138.5684,-19.5807],[-138.5059,-19.533],[-138.4692,-19.4748],[-138.4547,-19.4108],[-138.4642,-19.3363],[-138.4923,-19.2783],[-138.555,-19.2183],[-138.6078,-19.1353],[-138.6688,-19.0924],[-138.7384,-19.0718]]],[[[-138.9911,-18.5503],[-139.0103,-18.4725],[-139.0634,-18.4044],[-139.1402,-18.3619],[-139.2177,-18.3505],[-139.305,-18.3696],[-139.3772,-18.4199],[-139.4195,-18.486],[-139.4324,-18.5713],[-139.3941,-18.6754],[-139.2976,-18.748],[-139.1772,-18.7603],[-139.0671,-18.7129],[-139.074,-18.8011],[-139.0558,-18.8651],[-139.0102,-18.9273],[-138.9444,-18.9696],[-138.8676,-18.9884],[-138.7785,-18.984],[-138.7014,-18.9613],[-138.6376,-18.9184],[-138.591,-18.8532],[-138.5732,-18.7782],[-138.5856,-18.7008],[-138.6319,-18.6284],[-138.7049,-18.5784],[-138.8031,-18.558],[-138.9001,-18.572],[-138.998,-18.6238],[-138.9911,-18.5503]]],[[[-144.7271,-19.8309],[-144.7521,-19.7476],[-144.8176,-19.6763],[-144.9001,-19.6388],[-144.9956,-19.6319],[-145.0815,-19.6611],[-145.1716,-19.7385],[-145.2133,-19.8158],[-145.2188,-19.8915],[-145.1836,-19.9823],[-145.0862,-20.0715],[-145.0075,-20.1092],[-144.9211,-20.1148],[-144.8265,-20.0835],[-144.7536,-20.0167],[-144.7183,-19.924],[-144.7271,-19.8309]]],[[[-143.3057,-20.398],[-143.3379,-20.319],[-143.4091,-20.2471],[-143.4923,-20.2112],[-143.5728,-20.2096],[-143.6583,-20.2424],[-143.7375,-20.3202],[-143.7714,-20.3907],[-143.7759,-20.4682],[-143.7501,-20.5403],[-143.7063,-20.5913],[-143.6081,-20.6477],[-143.5107,-20.6597],[-143.4648,-20.7485],[-143.383,-20.8104],[-143.3172,-20.8291],[-143.2409,-20.8261],[-143.1516,-20.8896],[-143.0625,-20.9145],[-142.9729,-20.9045],[-142.8941,-20.8596],[-142.8423,-20.7887],[-142.826,-20.7133],[-142.8426,-20.6281],[-142.8837,-20.5622],[-142.9721,-20.5019],[-143.0954,-20.4897],[-143.1901,-20.4176],[-143.3057,-20.398]]],[[[-140.1707,-19.6049],[-140.2039,-19.524],[-140.2809,-19.4474],[-140.3537,-19.414],[-140.4485,-19.4072],[-140.5343,-19.4367],[-140.6003,-19.4961],[-140.6446,-19.5824],[-140.6502,-19.6603],[-140.6174,-19.7508],[-140.5558,-19.8159],[-140.4748,-19.8546],[-140.3782,-19.8625],[-140.2827,-19.8302],[-140.2153,-19.7735],[-140.1757,-19.6975],[-140.1707,-19.6049]]],[[[-140.448,-19.1108],[-140.4748,-19.0284],[-140.5341,-18.9625],[-140.6146,-18.925],[-140.7258,-18.9119],[-140.8021,-18.93],[-140.8767,-18.9802],[-140.9193,-19.0454],[-140.9344,-19.1311],[-140.9125,-19.215],[-140.8501,-19.2952],[-140.7668,-19.343],[-140.6699,-19.3573],[-140.5832,-19.3353],[-140.5028,-19.2761],[-140.4581,-19.1996],[-140.448,-19.1108]]],[[[-141.0159,-19.1754],[-141.0479,-19.0935],[-141.1088,-19.0273],[-141.1765,-18.9896],[-141.2657,-18.9764],[-141.3532,-18.9984],[-141.4175,-19.0451],[-141.4629,-19.119],[-141.4749,-19.2057],[-141.4465,-19.3004],[-141.3918,-19.3696],[-141.3161,-19.4123],[-141.2188,-19.4234],[-141.1308,-19.3984],[-141.061,-19.3434],[-141.0201,-19.2661],[-141.0159,-19.1754]]],[[[-140.4371,-17.7023],[-140.471,-17.6095],[-140.5548,-17.5351],[-140.6584,-17.5032],[-140.77,-17.518],[-140.9672,-17.6465],[-141.0457,-17.7539],[-141.0852,-17.8671],[-141.1786,-17.9047],[-141.2476,-17.9774],[-141.284,-18.1064],[-141.2535,-18.2337],[-141.2045,-18.3061],[-141.0944,-18.3975],[-140.9336,-18.568],[-140.7866,-18.6203],[-140.6427,-18.6311],[-140.5465,-18.5967],[-140.4771,-18.5244],[-140.4521,-18.4413],[-140.4648,-18.3561],[-140.5147,-18.2743],[-140.6003,-18.2074],[-140.6188,-18.1341],[-140.6667,-18.0525],[-140.4979,-17.8928],[-140.447,-17.7952],[-140.4371,-17.7023]]],[[[-141.2752,-17.3573],[-141.309,-17.2667],[-141.3613,-17.2077],[-141.4411,-17.1662],[-141.5216,-17.1581],[-141.6039,-17.1776],[-141.6853,-17.2342],[-141.7309,-17.3083],[-141.7414,-17.3847],[-141.7217,-17.4586],[-141.6599,-17.5467],[-141.5811,-17.5911],[-141.502,-17.6013],[-141.404,-17.5767],[-141.3317,-17.527],[-141.285,-17.4518],[-141.2752,-17.3573]]],[[[-141.6999,-16.8217],[-141.727,-16.7403],[-141.7806,-16.6733],[-141.8552,-16.6318],[-141.9305,-16.621],[-142.0094,-16.6374],[-142.0848,-16.6864],[-142.1319,-16.7598],[-142.1442,-16.8373],[-142.1221,-16.9243],[-142.0662,-16.9947],[-141.9866,-17.036],[-141.901,-17.0475],[-141.8178,-17.0268],[-141.7533,-16.9799],[-141.709,-16.9058],[-141.6999,-16.8217]]],[[[-142.129,-15.5274],[-142.2257,-15.5458],[-142.299,-15.5859],[-142.4057,-15.6832],[-142.4505,-15.747],[-142.5899,-15.8549],[-142.6654,-15.9499],[-142.7331,-16.1008],[-142.74,-16.1859],[-142.6844,-16.3381],[-142.5974,-16.422],[-142.5238,-16.4462],[-142.4486,-16.4465],[-142.376,-16.4277],[-142.3095,-16.3845],[-142.2041,-16.24],[-142.1142,-16.0327],[-141.9372,-15.8262],[-141.9152,-15.72],[-141.9462,-15.6255],[-142.0273,-15.5519],[-142.129,-15.5274]]],[[[-144.4413,-14.7634],[-144.5166,-14.7406],[-144.6033,-14.7473],[-144.6836,-14.7862],[-144.7412,-14.8523],[-144.7687,-14.9228],[-144.7672,-15.001],[-144.7364,-15.0712],[-144.6822,-15.1246],[-144.6001,-15.1574],[-144.502,-15.1544],[-144.4106,-15.1115],[-144.3564,-15.0553],[-144.3261,-14.9725],[-144.3319,-14.8927],[-144.373,-14.8165],[-144.4413,-14.7634]]],[[[-144.8882,-14.1838],[-144.9516,-14.1911],[-145.0636,-14.2334],[-145.2188,-14.3548],[-145.3203,-14.4028],[-145.4044,-14.4918],[-145.4607,-14.6342],[-145.4695,-14.7097],[-145.4389,-14.8036],[-145.3704,-14.8752],[-145.2689,-14.9132],[-145.1526,-14.8923],[-145.0813,-14.8408],[-144.9724,-14.7042],[-144.8311,-14.6381],[-144.6817,-14.5144],[-144.649,-14.4],[-144.685,-14.2858],[-144.767,-14.2119],[-144.8882,-14.1838]]],[[[-145.6666,-14.2422],[-145.75,-14.1557],[-145.8682,-14.1256],[-145.9811,-14.1484],[-146.1577,-14.242],[-146.2636,-14.2223],[-146.4224,-14.2557],[-146.5043,-14.3105],[-146.5622,-14.3909],[-146.609,-14.5377],[-146.5907,-14.6442],[-146.5124,-14.7349],[-146.3869,-14.769],[-146.191,-14.7057],[-146.1182,-14.659],[-146.0174,-14.6683],[-145.8552,-14.6298],[-145.7323,-14.5538],[-145.6468,-14.4495],[-145.6296,-14.3425],[-145.6666,-14.2422]]],[[[-141.8545,-18.5025],[-141.9516,-18.5227],[-142.0314,-18.5803],[-142.0761,-18.6664],[-142.0777,-18.7666],[-142.0431,-18.847],[-141.9461,-18.9645],[-141.8645,-19.0032],[-141.7636,-19.0062],[-141.6622,-18.9664],[-141.5957,-18.9074],[-141.5483,-18.8095],[-141.5436,-18.7236],[-141.5829,-18.6341],[-141.6656,-18.5575],[-141.7527,-18.517],[-141.8545,-18.5025]]],[[[-142.2055,-17.7523],[-142.2925,-17.7687],[-142.3632,-17.8044],[-142.4526,-17.8172],[-142.5215,-17.8538],[-142.583,-17.9312],[-142.6087,-18.0605],[-142.5882,-18.1349],[-142.5283,-18.2135],[-142.4009,-18.2993],[-142.377,-18.394],[-142.3332,-18.4583],[-142.2573,-18.5078],[-142.1708,-18.5229],[-142.0764,-18.4993],[-141.9589,-18.4131],[-141.9111,-18.3411],[-141.8973,-18.2565],[-141.9189,-18.1709],[-141.9746,-18.0806],[-141.9874,-17.9293],[-142.0188,-17.8496],[-142.1022,-17.7756],[-142.2055,-17.7523]]],[[[-142.3487,-17.2971],[-142.3999,-17.1799],[-142.5098,-17.1091],[-142.6315,-17.1021],[-142.7393,-17.1593],[-142.7947,-17.2539],[-142.7889,-17.3713],[-142.85,-17.4365],[-142.8808,-17.5184],[-142.8737,-17.6385],[-142.815,-17.7461],[-142.718,-17.8123],[-142.5986,-17.8376],[-142.4905,-17.8168],[-142.3966,-17.7543],[-142.3525,-17.6919],[-142.3349,-17.6295],[-142.3432,-17.5422],[-142.395,-17.457],[-142.3545,-17.3686],[-142.3487,-17.2971]]],[[[-142.8537,-17.8306],[-142.8755,-17.7522],[-142.9275,-17.6837],[-143.0058,-17.6405],[-143.093,-17.6319],[-143.1815,-17.659],[-143.2506,-17.7147],[-143.2929,-17.7913],[-143.3021,-17.8774],[-143.2756,-17.9624],[-143.2183,-18.0306],[-143.1408,-18.0716],[-143.0519,-18.0811],[-142.9572,-18.0521],[-142.8902,-17.994],[-142.8532,-17.9138],[-142.8537,-17.8306]]],[[[-145.5705,-17.1206],[-145.6798,-17.1425],[-145.7741,-17.2192],[-145.8187,-17.33],[-145.7968,-17.446],[-145.7355,-17.5349],[-145.6521,-17.5854],[-145.5552,-17.672],[-145.4169,-17.7021],[-145.2998,-17.6755],[-145.2279,-17.6213],[-145.1889,-17.5557],[-145.1774,-17.4694],[-145.1979,-17.3941],[-145.2607,-17.3047],[-145.3857,-17.1784],[-145.4572,-17.1427],[-145.5705,-17.1206]]],[[[-145.0909,-17.0333],[-144.7731,-17.1756],[-144.6221,-17.1987],[-144.5503,-17.3041],[-144.4593,-17.3581],[-144.3849,-17.3779],[-144.3083,-17.3744],[-144.2151,-17.3366],[-144.145,-17.2526],[-144.092,-17.1068],[-144.113,-16.9602],[-143.9668,-16.9212],[-143.9092,-16.871],[-143.8723,-16.8056],[-143.5472,-16.947],[-143.5219,-17.0395],[-143.4762,-17.1272],[-143.3898,-17.2121],[-143.3148,-17.2579],[-143.2931,-17.2964],[-143.4051,-17.2483],[-143.5344,-17.2498],[-143.6306,-17.3031],[-143.6833,-17.3879],[-143.6869,-17.4965],[-143.6273,-17.6135],[-143.5362,-17.6772],[-143.429,-17.6914],[-143.313,-17.6475],[-143.2278,-17.5604],[-143.2052,-17.4532],[-143.2413,-17.3507],[-143.1543,-17.397],[-143.0363,-17.4131],[-142.9428,-17.3852],[-142.8732,-17.3307],[-142.8338,-17.2647],[-142.8201,-17.2009],[-142.8254,-17.137],[-142.8538,-17.0661],[-142.849,-16.9598],[-142.7122,-16.9293],[-142.6385,-16.8838],[-142.578,-16.7932],[-142.5679,-16.6963],[-142.6495,-16.5182],[-142.7168,-16.4635],[-142.7958,-16.4306],[-142.805,-16.3344],[-142.8502,-16.2511],[-142.9427,-16.1769],[-143.1256,-16.0837],[-143.2729,-16.0832],[-143.3853,-16.148],[-143.423,-16.2029],[-143.4412,-16.2651],[-143.438,-16.3313],[-143.4105,-16.4026],[-143.4223,-16.4046],[-143.5479,-16.4102],[-143.6555,-16.3623],[-143.7548,-16.2743],[-143.8511,-16.2426],[-143.9911,-16.2385],[-144.1126,-16.2995],[-144.2176,-16.2046],[-144.3561,-16.1407],[-144.4597,-16.14],[-144.5613,-16.1866],[-144.6022,-16.0554],[-144.6899,-15.9599],[-144.5693,-15.9578],[-144.4812,-15.915],[-144.4187,-15.8397],[-144.3985,-15.7429],[-144.4132,-15.6753],[-144.446,-15.6191],[-144.5006,-15.5655],[-144.5703,-15.5291],[-144.6444,-15.5174],[-144.7203,-15.5304],[-144.7874,-15.5698],[-144.8318,-15.6242],[-144.86,-15.7019],[-144.8604,-15.7702],[-144.8358,-15.8424],[-144.7847,-15.9064],[-144.7958,-15.9044],[-144.846,-15.8821],[-144.9168,-15.7004],[-144.9863,-15.6208],[-145.1199,-15.5733],[-145.2486,-15.5909],[-145.2299,-15.5174],[-145.2343,-15.4491],[-145.2635,-15.3796],[-145.3089,-15.3298],[-145.3669,-15.2971],[-145.516,-15.2566],[-145.6459,-15.2722],[-145.7267,-15.3301],[-145.7819,-15.4239],[-145.7988,-15.5214],[-145.7838,-15.6191],[-145.75,-15.688],[-145.665,-15.7743],[-145.5673,-15.823],[-145.4692,-15.8271],[-145.4625,-15.9123],[-145.5578,-15.8549],[-145.6897,-15.8423],[-145.7887,-15.7096],[-145.9305,-15.6219],[-146.0252,-15.5984],[-145.9817,-15.3718],[-145.9834,-15.2974],[-146.0318,-15.2027],[-146.1243,-15.1424],[-146.3586,-15.0978],[-146.4591,-15.1079],[-146.5831,-15.0404],[-146.8134,-14.9937],[-146.9276,-15.0304],[-147.0465,-15.1462],[-147.1316,-15.0527],[-147.2582,-15.0196],[-147.5295,-14.7858],[-147.6544,-14.74],[-147.7945,-14.7162],[-147.8944,-14.7181],[-147.9742,-14.7537],[-148.1049,-14.7049],[-148.2129,-14.7052],[-148.3069,-14.7366],[-148.4186,-14.8256],[-148.4707,-14.7435],[-148.5199,-14.7012],[-148.623,-14.6622],[-148.7065,-14.6522],[-148.8124,-14.6827],[-148.8912,-14.7597],[-148.9208,-14.8349],[-148.9231,-14.9094],[-148.9024,-14.979],[-148.8583,-15.039],[-148.7723,-15.0926],[-148.6763,-15.1127],[-148.6024,-15.1037],[-148.5003,-15.0581],[-148.4299,-15.2187],[-148.3769,-15.2744],[-148.3099,-15.3134],[-148.199,-15.3247],[-148.0851,-15.2841],[-147.9521,-15.3781],[-147.7748,-15.4438],[-147.6667,-15.4412],[-147.5748,-15.4978],[-147.5007,-15.5178],[-147.2766,-15.5226],[-147.1308,-15.4684],[-147.0657,-15.4257],[-147.0174,-15.5002],[-147.0718,-15.5693],[-147.0961,-15.644],[-147.0928,-15.7318],[-147.0584,-15.8122],[-146.9874,-15.8966],[-146.8965,-15.9563],[-146.7666,-16.0147],[-146.5959,-16.0545],[-146.6011,-16.201],[-146.5639,-16.2785],[-146.5061,-16.3424],[-146.4052,-16.3882],[-146.2723,-16.3834],[-146.1666,-16.3241],[-146.1083,-16.2191],[-146.0255,-16.2402],[-145.9318,-16.4141],[-145.7957,-16.5681],[-145.6468,-16.6969],[-145.5708,-16.7372],[-145.5308,-16.8506],[-145.4661,-16.9246],[-145.2873,-17.0098],[-145.1237,-17.013],[-145.0909,-17.0333]],[[-143.1283,-16.6118],[-143.087,-16.6141],[-143.0868,-16.7352],[-143.0973,-16.7385],[-143.1754,-16.7229],[-143.1767,-16.6147],[-143.1283,-16.6118]],[[-145.407,-16.0297],[-145.2263,-16.1607],[-145.1843,-16.2762],[-145.0697,-16.4093],[-144.969,-16.4644],[-144.8532,-16.487],[-144.7571,-16.467],[-144.6737,-16.4085],[-144.6191,-16.5429],[-144.5337,-16.6274],[-144.4596,-16.6744],[-144.4601,-16.6957],[-144.4771,-16.7037],[-144.5826,-16.6632],[-144.6403,-16.6107],[-144.7123,-16.5794],[-144.8108,-16.5709],[-144.9865,-16.5843],[-145.0677,-16.5346],[-145.1496,-16.5104],[-145.1533,-16.4164],[-145.1739,-16.3533],[-145.3597,-16.1408],[-145.407,-16.0297]]],[[[-148.0152,-15.8028],[-148.0528,-15.7238],[-148.1381,-15.6421],[-148.2203,-15.607],[-148.2988,-15.6053],[-148.3818,-15.6347],[-148.4518,-15.7025],[-148.4882,-15.8052],[-148.489,-15.884],[-148.4547,-15.9643],[-148.3833,-16.0328],[-148.2998,-16.0687],[-148.2102,-16.0709],[-148.1166,-16.0333],[-148.0537,-15.9733],[-148.0157,-15.8907],[-148.0152,-15.8028]]],[[[-147.8501,-17.8643],[-147.8694,-17.7869],[-147.9136,-17.7259],[-147.9913,-17.6785],[-148.0698,-17.6643],[-148.1478,-17.6792],[-148.2239,-17.7269],[-148.2732,-17.7995],[-148.2871,-17.8746],[-148.2686,-17.9595],[-148.2244,-18.0229],[-148.1482,-18.07],[-148.0613,-18.0835],[-147.9727,-18.0642],[-147.9084,-18.0191],[-147.8664,-17.9543],[-147.8501,-17.8643]]],[[[-149.5672,-16.7805],[-149.6551,-16.7971],[-149.736,-16.85],[-149.7939,-16.9413],[-149.8088,-17.0373],[-149.7824,-17.12],[-149.7253,-17.1863],[-149.6177,-17.239],[-149.5319,-17.2506],[-149.4454,-17.2268],[-149.3766,-17.1705],[-149.332,-17.0809],[-149.3227,-16.9939],[-149.3462,-16.9059],[-149.4004,-16.8369],[-149.4685,-16.7985],[-149.5672,-16.7805]]],[[[-149.6292,-17.3246],[-149.7045,-17.2815],[-149.783,-17.2685],[-149.9525,-17.2864],[-150.0445,-17.3254],[-150.1056,-17.3914],[-150.1338,-17.4741],[-150.125,-17.5721],[-150.0866,-17.6501],[-149.9594,-17.77],[-149.8691,-17.8011],[-149.7899,-17.8048],[-149.7446,-17.8774],[-149.6724,-17.9318],[-149.5162,-17.9862],[-149.4392,-17.9956],[-149.24,-18.0838],[-149.1082,-18.0833],[-148.9773,-18.0012],[-148.9122,-17.8849],[-148.9155,-17.7227],[-148.98,-17.6218],[-149.0877,-17.55],[-149.107,-17.4865],[-149.1446,-17.4319],[-149.2456,-17.3638],[-149.4444,-17.2911],[-149.5358,-17.2911],[-149.6292,-17.3246]]],[[[-150.6325,-17.4298],[-150.721,-17.4481],[-150.7857,-17.4925],[-150.8477,-17.584],[-150.8653,-17.6711],[-150.849,-17.7462],[-150.7969,-17.8171],[-150.7127,-17.8695],[-150.6151,-17.8844],[-150.5312,-17.8641],[-150.4505,-17.8051],[-150.4107,-17.7393],[-150.3974,-17.6533],[-150.4196,-17.5686],[-150.4798,-17.4893],[-150.5458,-17.4463],[-150.6325,-17.4298]]],[[[-151.5754,-16.2281],[-151.6004,-16.1551],[-151.6579,-16.0896],[-151.7357,-16.0448],[-151.8335,-16.0272],[-151.9095,-16.0422],[-151.9812,-16.089],[-152.0306,-16.1598],[-152.0486,-16.2338],[-152.035,-16.3423],[-151.9913,-16.4305],[-151.9984,-16.5603],[-151.978,-16.6331],[-151.9048,-16.7147],[-151.8347,-16.7459],[-151.7559,-16.7558],[-151.7163,-16.796],[-151.6868,-16.9733],[-151.6184,-17.0738],[-151.5321,-17.1211],[-151.4031,-17.1283],[-151.3281,-17.1037],[-151.2355,-17.0481],[-151.1598,-16.9693],[-151.0746,-17.019],[-150.9761,-17.0311],[-150.87,-16.9967],[-150.787,-16.9262],[-150.7412,-16.8388],[-150.7374,-16.7406],[-150.7966,-16.5996],[-150.8459,-16.5397],[-150.9207,-16.4932],[-151.0187,-16.481],[-151.1247,-16.5083],[-151.201,-16.5703],[-151.2424,-16.4819],[-151.3293,-16.3941],[-151.4117,-16.3595],[-151.5299,-16.3492],[-151.5724,-16.3113],[-151.5754,-16.2281]]],[[[-152.0245,-16.4135],[-152.0577,-16.3209],[-152.1256,-16.2544],[-152.2041,-16.2186],[-152.2927,-16.2163],[-152.3874,-16.2469],[-152.4558,-16.3041],[-152.4974,-16.3967],[-152.5027,-16.4871],[-152.4728,-16.5673],[-152.4191,-16.6238],[-152.3202,-16.6748],[-152.2126,-16.6833],[-152.1293,-16.654],[-152.0657,-16.5941],[-152.0287,-16.4999],[-152.0245,-16.4135]]],[[[-154.2991,-15.7948],[-154.321,-15.7203],[-154.3836,-15.6423],[-154.4615,-15.6028],[-154.5492,-15.5961],[-154.6332,-15.6224],[-154.7011,-15.6798],[-154.744,-15.7567],[-154.7521,-15.8409],[-154.7252,-15.9213],[-154.6665,-15.9865],[-154.5856,-16.0247],[-154.5012,-16.0321],[-154.4184,-16.0064],[-154.3508,-15.9505],[-154.3083,-15.8754],[-154.2991,-15.7948]]],[[[-154.4239,-16.4776],[-154.478,-16.3827],[-154.5537,-16.3207],[-154.6536,-16.2806],[-154.7642,-16.2897],[-154.8603,-16.3441],[-154.9195,-16.4257],[-154.9407,-16.5112],[-154.9317,-16.6437],[-154.8813,-16.7263],[-154.807,-16.7746],[-154.733,-16.7911],[-154.5774,-16.7819],[-154.5002,-16.7388],[-154.431,-16.6554],[-154.4087,-16.5601],[-154.4239,-16.4776]]],[[[-153.9584,-16.5672],[-154.0425,-16.5828],[-154.1172,-16.631],[-154.1833,-16.7181],[-154.204,-16.8015],[-154.1914,-16.8762],[-154.132,-16.9824],[-154.0602,-17.0328],[-153.9727,-17.0533],[-153.8647,-17.0363],[-153.789,-16.9953],[-153.7328,-16.9261],[-153.7089,-16.8411],[-153.7225,-16.754],[-153.781,-16.6473],[-153.8596,-16.5868],[-153.9584,-16.5672]]],[[[-154.7043,-21.59],[-154.7834,-21.6029],[-154.8595,-21.6472],[-154.9209,-21.7239],[-154.9432,-21.8104],[-154.9246,-21.8955],[-154.8708,-21.9643],[-154.7857,-22.0116],[-154.6999,-22.0273],[-154.6094,-22.0096],[-154.5375,-21.961],[-154.4938,-21.8956],[-154.4741,-21.8076],[-154.4929,-21.7221],[-154.5441,-21.6524],[-154.6195,-21.6058],[-154.7043,-21.59]]],[[[-152.7489,-22.4389],[-152.8376,-22.4349],[-152.9232,-22.4615],[-152.992,-22.5183],[-153.033,-22.5947],[-153.0391,-22.6811],[-153.0125,-22.7532],[-152.962,-22.8121],[-152.8759,-22.8577],[-152.7853,-22.8676],[-152.6983,-22.8432],[-152.6267,-22.7895],[-152.5823,-22.7131],[-152.5734,-22.6261],[-152.6009,-22.543],[-152.6602,-22.4776],[-152.7489,-22.4389]]],[[[-151.1073,-22.4284],[-151.1476,-22.3379],[-151.223,-22.2728],[-151.3049,-22.2361],[-151.3927,-22.2298],[-151.476,-22.2557],[-151.543,-22.3103],[-151.5855,-22.3863],[-151.5943,-22.4745],[-151.5451,-22.6083],[-151.4988,-22.6685],[-151.4211,-22.714],[-151.3189,-22.7264],[-151.2226,-22.6961],[-151.155,-22.6346],[-151.1111,-22.5352],[-151.1073,-22.4284]]],[[[-149.1807,-23.3221],[-149.2272,-23.2337],[-149.2908,-23.1724],[-149.3745,-23.1335],[-149.4877,-23.1242],[-149.5949,-23.1545],[-149.708,-23.2225],[-149.7631,-23.3059],[-149.772,-23.394],[-149.7349,-23.4844],[-149.6269,-23.5978],[-149.5283,-23.6271],[-149.3723,-23.6176],[-149.2805,-23.5854],[-149.2084,-23.5151],[-149.18,-23.4332],[-149.1807,-23.3221]]],[[[-147.5658,-23.633],[-147.682,-23.6338],[-147.7505,-23.651],[-147.8475,-23.7066],[-147.8989,-23.7668],[-147.9315,-23.8468],[-147.9288,-23.9331],[-147.8938,-24.0022],[-147.8181,-24.0707],[-147.7123,-24.1065],[-147.579,-24.0972],[-147.4599,-24.033],[-147.392,-23.9579],[-147.3652,-23.8534],[-147.3891,-23.7486],[-147.4655,-23.668],[-147.5658,-23.633]]],[[[-144.3416,-27.3647],[-144.4535,-27.384],[-144.5426,-27.4382],[-144.5926,-27.5114],[-144.6095,-27.6175],[-144.5843,-27.7008],[-144.5198,-27.7795],[-144.4124,-27.8379],[-144.3113,-27.8516],[-144.2028,-27.8243],[-144.1299,-27.7712],[-144.0864,-27.6934],[-144.0764,-27.5938],[-144.0974,-27.5091],[-144.1576,-27.4329],[-144.2449,-27.3826],[-144.3416,-27.3647]]],[[[-143.2594,-27.8726],[-143.2781,-27.7983],[-143.335,-27.7283],[-143.4139,-27.6854],[-143.5073,-27.6738],[-143.5987,-27.6974],[-143.679,-27.757],[-143.7235,-27.8219],[-143.7374,-27.9077],[-143.7153,-27.9813],[-143.6547,-28.0493],[-143.5634,-28.0903],[-143.4737,-28.0998],[-143.3875,-28.078],[-143.3135,-28.0245],[-143.2732,-27.9573],[-143.2594,-27.8726]]],[[[-175.9652,-13.417],[-175.9277,-13.35],[-175.9203,-13.2548],[-175.9458,-13.1795],[-176.0205,-13.0729],[-176.0796,-13.0202],[-176.1732,-12.9855],[-176.2494,-12.9851],[-176.3407,-13.0326],[-176.389,-13.0944],[-176.4556,-13.271],[-176.4444,-13.3741],[-176.3991,-13.4783],[-176.3539,-13.5388],[-176.2568,-13.587],[-176.1206,-13.5828],[-176.0456,-13.5509],[-176.0166,-13.5219],[-175.9652,-13.417]]],[[[-177.9121,-14.5189],[-177.8483,-14.4691],[-177.8015,-14.3807],[-177.803,-14.2795],[-177.8533,-14.1948],[-178.0401,-14.0778],[-178.1248,-14.0463],[-178.2369,-14.047],[-178.3271,-14.1014],[-178.3719,-14.1708],[-178.387,-14.2413],[-178.3715,-14.3432],[-178.3294,-14.4185],[-178.2667,-14.4721],[-178.0834,-14.5578],[-178.0068,-14.5601],[-177.9121,-14.5189]]],[[[-51.5045,4.6587],[-51.6282,4.7222],[-51.8016,4.9753],[-51.8572,5.0113],[-52.1099,5.1121],[-52.2201,5.1939],[-52.48,5.4711],[-52.8889,5.6484],[-53.8639,5.9842],[-54.0205,5.6588],[-54.0226,5.6116],[-54.005,5.5734],[-54.0164,5.5382],[-54.152,5.3621],[-54.3113,5.2258],[-54.3436,5.1564],[-54.4486,5.0243],[-54.4508,4.9367],[-54.4867,4.903],[-54.4787,4.7552],[-54.4355,4.7094],[-54.4235,4.6043],[-54.4508,4.4842],[-54.4334,4.3764],[-54.3941,4.2698],[-54.4106,4.2086],[-54.3949,4.1779],[-54.3386,4.1523],[-54.3347,4.1317],[-54.3539,4.0417],[-54.1874,3.8147],[-54.1255,3.7887],[-54.0507,3.6406],[-54.0179,3.6415],[-53.9888,3.611],[-54.0194,3.4154],[-54.0557,3.3777],[-54.0802,3.3097],[-54.1766,3.2006],[-54.2112,3.1274],[-54.188,3.131],[-54.1771,3.1166],[-54.1885,3.0646],[-54.1692,3.0107],[-54.1851,2.9978],[-54.163,2.956],[-54.1913,2.8773],[-54.1702,2.8531],[-54.2853,2.678],[-54.3756,2.4838],[-54.4235,2.4359],[-54.4934,2.4171],[-54.5316,2.3402],[-54.5848,2.3483],[-54.5956,2.3289],[-54.5383,2.3254],[-54.5136,2.2797],[-54.5385,2.2626],[-54.5027,2.2536],[-54.4686,2.2116],[-54.4081,2.2007],[-54.3668,2.2241],[-54.3618,2.1757],[-54.3316,2.1544],[-54.2694,2.1441],[-54.1845,2.1783],[-54.1833,2.1556],[-54.1438,2.1201],[-54.1052,2.1109],[-54.0651,2.1965],[-54.0174,2.1819],[-53.9879,2.2113],[-53.9415,2.2196],[-53.941,2.2768],[-53.9224,2.2887],[-53.8897,2.2717],[-53.8847,2.304],[-53.7634,2.3747],[-53.7211,2.351],[-53.7438,2.3201],[-53.7372,2.3062],[-53.6972,2.3108],[-53.6503,2.2785],[-53.4699,2.2519],[-53.4321,2.2919],[-53.4119,2.2864],[-53.3706,2.3156],[-53.3401,2.352],[-53.2301,2.2688],[-53.2318,2.2498],[-53.2778,2.2193],[-53.2745,2.1899],[-53.246,2.2122],[-53.2272,2.2031],[-53.095,2.2238],[-53.0487,2.1898],[-52.9818,2.169],[-52.9094,2.1892],[-52.8424,2.2913],[-52.6641,2.3741],[-52.6395,2.4385],[-52.6105,2.452],[-52.6215,2.4692],[-52.5519,2.5276],[-52.5611,2.5486],[-52.5295,2.5883],[-52.5489,2.6102],[-52.55,2.6458],[-52.5264,2.6586],[-52.4208,2.8921],[-52.3771,2.9174],[-52.3946,2.9272],[-52.3275,3.0714],[-52.3489,3.1354],[-52.3301,3.1643],[-52.3022,3.173],[-52.2881,3.2281],[-52.254,3.2523],[-52.2364,3.2394],[-52.1952,3.2944],[-52.0872,3.4883],[-51.9926,3.6223],[-51.9735,3.7008],[-51.9522,3.722],[-51.9215,3.7242],[-51.9203,3.7769],[-51.8704,3.8071],[-51.7973,3.8889],[-51.7794,3.9708],[-51.6587,4.0528],[-51.6147,4.2355],[-51.6457,4.3949],[-51.6372,4.5083],[-51.5045,4.6587]]],[[[-61.097,14.2487],[-61.0043,14.2729],[-60.7532,14.2217],[-60.6792,14.2757],[-60.65,14.316],[-60.6071,14.4177],[-60.6026,14.4972],[-60.6854,14.8778],[-60.7328,14.9484],[-60.8251,15.0015],[-60.9379,15.0105],[-61.0581,15.064],[-61.1597,15.0794],[-61.3657,14.9907],[-61.4194,14.9032],[-61.434,14.7883],[-61.4161,14.7198],[-61.2522,14.3572],[-61.2017,14.3065],[-61.097,14.2487]]],[[[-61.1386,15.7019],[-61.0661,15.7518],[-61.0212,15.8051],[-60.9122,16.093],[-60.8049,16.2651],[-60.7939,16.3677],[-60.8593,16.4893],[-60.9237,16.5324],[-60.9911,16.549],[-61.1219,16.5218],[-61.2115,16.525],[-61.2447,16.5896],[-61.3195,16.6615],[-61.3976,16.7046],[-61.4682,16.7145],[-61.5464,16.6987],[-61.8594,16.5612],[-61.9203,16.5192],[-61.9557,16.481],[-61.9989,16.3811],[-62.0151,16.2379],[-61.9634,15.9843],[-61.7945,15.7024],[-61.68,15.6442],[-61.4424,15.7875],[-61.3235,15.7341],[-61.1386,15.7019]]],[[[-109.1032,10.1156],[-109.0403,10.1717],[-109.0072,10.2379],[-108.9974,10.3158],[-109.028,10.4125],[-109.0987,10.4821],[-109.1789,10.5155],[-109.2657,10.517],[-109.3514,10.4797],[-109.411,10.412],[-109.4348,10.3479],[-109.4326,10.2578],[-109.4017,10.1884],[-109.3528,10.1353],[-109.2767,10.0931],[-109.1972,10.0851],[-109.1032,10.1156]]],[[[-56.0521,46.8363],[-56.1008,46.8595],[-56.1256,46.9218],[-56.1055,47.1012],[-56.2552,47.3053],[-56.4014,47.3418],[-56.4433,47.3342],[-56.5988,47.2701],[-56.6685,47.1946],[-56.6943,47.1047],[-56.6531,46.9414],[-56.6956,46.8614],[-56.6905,46.7827],[-56.6634,46.7302],[-56.5638,46.6421],[-56.4577,46.5961],[-56.2703,46.5515],[-56.1267,46.5572],[-56.0107,46.5879],[-55.9063,46.6546],[-55.9829,46.803],[-56.0521,46.8363]]],[[[68.1293,-49.7636],[67.9609,-49.7942],[67.8933,-49.8319],[67.8451,-49.8812],[67.8214,-49.9367],[67.8237,-49.9942],[67.8518,-50.0487],[67.9042,-50.0965],[68.0301,-50.1473],[68.1798,-50.154],[68.3157,-50.1143],[68.4058,-50.0389],[68.43,-49.9443],[68.3824,-49.854],[68.2735,-49.7883],[68.1293,-49.7636]]],[[[70.7744,-49.4208],[70.8464,-49.3151],[70.8562,-49.188],[70.8127,-49.0347],[70.7088,-48.9397],[70.5498,-48.8772],[69.9984,-48.7897],[69.8932,-48.6538],[69.7905,-48.5941],[69.6776,-48.5026],[69.5831,-48.4736],[69.4907,-48.4663],[69.2286,-48.4976],[69.1073,-48.4624],[69.0805,-48.3696],[68.9982,-48.2971],[68.9085,-48.262],[68.7933,-48.2491],[68.6912,-48.2627],[68.5909,-48.3051],[68.527,-48.3623],[68.4967,-48.4301],[68.3983,-48.4759],[68.317,-48.5606],[68.2968,-48.6282],[68.3136,-48.7067],[68.3539,-48.7593],[68.4144,-48.8013],[68.4824,-48.8999],[68.4886,-48.933],[68.4335,-49.0142],[68.4191,-49.0621],[68.4512,-49.1752],[68.3813,-49.24],[68.3439,-49.3192],[68.2426,-49.3459],[68.1566,-49.3993],[68.1165,-49.4513],[68.1013,-49.5085],[68.1218,-49.5845],[68.1961,-49.6563],[68.3048,-49.7018],[68.4348,-49.7144],[68.4669,-49.8417],[68.5452,-49.9329],[68.5378,-50.0396],[68.589,-50.1187],[68.7263,-50.1924],[68.8729,-50.213],[69.028,-50.182],[69.1361,-50.1043],[69.1673,-50.0114],[69.1513,-49.9548],[69.1189,-49.9116],[69.2058,-49.8939],[69.195,-49.9414],[69.206,-49.9984],[69.2423,-50.0509],[69.3008,-50.0943],[69.4043,-50.1318],[69.5244,-50.1409],[69.6518,-50.1154],[69.7412,-50.0651],[69.7937,-49.9966],[69.7969,-49.9039],[70.127,-49.9273],[70.3746,-49.8614],[70.4855,-49.7999],[70.5814,-49.6937],[70.6872,-49.6585],[70.7641,-49.5998],[70.8024,-49.5071],[70.7744,-49.4208]]],[[[50.5383,-46.2293],[50.5862,-46.1307],[50.6629,-46.0908],[50.7121,-46.0425],[50.7431,-45.9567],[50.7285,-45.8883],[50.6903,-45.8353],[50.6034,-45.7755],[50.5292,-45.7461],[50.3891,-45.734],[50.2574,-45.7694],[50.1358,-45.8638],[50.0377,-45.8913],[49.956,-45.9378],[49.9008,-45.9952],[49.8739,-46.0591],[49.8767,-46.1377],[49.9229,-46.2136],[50.0053,-46.2764],[50.1218,-46.3253],[50.0949,-46.4143],[50.1346,-46.517],[50.2086,-46.576],[50.3157,-46.6181],[50.4273,-46.6315],[50.5379,-46.6145],[50.6307,-46.5697],[50.6948,-46.4991],[50.7142,-46.4222],[50.6915,-46.3431],[50.6309,-46.2769],[50.5383,-46.2293]]],[[[52.4357,-46.6405],[52.5054,-46.6068],[52.5709,-46.5512],[52.6051,-46.4861],[52.61,-46.4177],[52.5832,-46.3421],[52.5261,-46.281],[52.3783,-46.2047],[52.2042,-46.1818],[52.0034,-46.2155],[51.8438,-46.1529],[51.6643,-46.1476],[51.4562,-46.2304],[51.3899,-46.2863],[51.3564,-46.3509],[51.3591,-46.4291],[51.4101,-46.5183],[51.4813,-46.5854],[51.6265,-46.6573],[51.8435,-46.6687],[51.998,-46.6299],[52.113,-46.6695],[52.2112,-46.6796],[52.4357,-46.6405]]],[[[77.7492,-38.6055],[77.6691,-38.5428],[77.5767,-38.5088],[77.4787,-38.5032],[77.3947,-38.5229],[77.3101,-38.5735],[77.2605,-38.6414],[77.248,-38.7189],[77.2676,-38.798],[77.325,-38.8732],[77.4182,-38.922],[77.5439,-38.9377],[77.6624,-38.9151],[77.7565,-38.8514],[77.7991,-38.7704],[77.7963,-38.6844],[77.7492,-38.6055]]],[[[77.8423,-37.7777],[77.7954,-37.6888],[77.7158,-37.6234],[77.6119,-37.5897],[77.4944,-37.5935],[77.4009,-37.6218],[77.32,-37.6833],[77.2671,-37.7839],[77.2583,-37.8528],[77.2915,-37.9441],[77.3706,-38.0254],[77.4874,-38.076],[77.6014,-38.0804],[77.7118,-38.0469],[77.8005,-37.9781],[77.8506,-37.8838],[77.8423,-37.7777]]],[[[54.6351,-15.7093],[54.5558,-15.6799],[54.4716,-15.682],[54.3926,-15.716],[54.3346,-15.7749],[54.3043,-15.8506],[54.3064,-15.9345],[54.3407,-16.0086],[54.3999,-16.0666],[54.4792,-16.1001],[54.5634,-16.102],[54.6508,-16.0671],[54.7108,-16.0069],[54.7417,-15.9283],[54.7395,-15.8472],[54.7036,-15.7704],[54.6351,-15.7093]]],[[[47.2194,-11.3677],[47.1424,-11.4108],[47.0862,-11.4854],[47.0678,-11.566],[47.0851,-11.6594],[47.1348,-11.7345],[47.2038,-11.7819],[47.2939,-11.8032],[47.377,-11.789],[47.4523,-11.7453],[47.5687,-11.6184],[47.5961,-11.5296],[47.582,-11.4378],[47.5132,-11.3472],[47.4138,-11.3036],[47.3091,-11.3114],[47.2194,-11.3677]]],[[[42.8821,-16.8932],[42.796,-16.8496],[42.7006,-16.8361],[42.6275,-16.8466],[42.5624,-16.88],[42.5129,-16.9324],[42.4827,-17.0077],[42.4849,-17.0882],[42.5192,-17.1618],[42.5958,-17.2333],[42.6848,-17.2664],[42.7958,-17.2627],[42.8813,-17.2239],[42.9437,-17.1503],[42.9665,-17.0625],[42.9434,-16.9646],[42.8821,-16.8932]]],[[[39.9261,-21.5923],[39.9589,-21.4995],[39.9441,-21.4072],[39.8615,-21.3013],[39.7805,-21.2495],[39.6876,-21.2324],[39.5726,-21.2549],[39.4908,-21.3057],[39.4349,-21.3776],[39.4155,-21.4679],[39.4319,-21.5659],[39.4818,-21.6468],[39.558,-21.6991],[39.6595,-21.7224],[39.7617,-21.712],[39.858,-21.6649],[39.9261,-21.5923]]],[[[40.5469,-22.2001],[40.4805,-22.1523],[40.3992,-22.1316],[40.2866,-22.1422],[40.2114,-22.1774],[40.1502,-22.239],[40.122,-22.3021],[40.116,-22.4099],[40.1464,-22.4826],[40.23,-22.5592],[40.3161,-22.5931],[40.4224,-22.5917],[40.5155,-22.5504],[40.5814,-22.4768],[40.6136,-22.3816],[40.5975,-22.2709],[40.5469,-22.2001]]],[[[45.299,-13.2246],[45.3777,-13.1704],[45.436,-13.0735],[45.4463,-12.9892],[45.4848,-12.9105],[45.5071,-12.7984],[45.481,-12.6574],[45.4429,-12.5988],[45.3056,-12.4724],[45.1851,-12.4014],[45.0704,-12.3782],[44.9976,-12.392],[44.8222,-12.4962],[44.758,-12.5817],[44.7425,-12.6608],[44.7696,-12.7606],[44.7463,-12.8908],[44.7919,-13.046],[44.8647,-13.1584],[45.0072,-13.251],[45.1528,-13.2717],[45.2283,-13.2583],[45.299,-13.2246]]]]},"properties":{"id":"Q142","names":{"ab":"Франциа","af":"Frankryk","am":"ፈረንሣይ","an":"Francia","ar":"فرنسا","as":"ফ্ৰান্স","av":"Паранс","ay":"Phransiya","az":"Fransa","ba":"Франция","be":"Францыя","bg":"Франция","bh":"फ्रांस","bi":"Franis","bm":"Fàransi","bn":"ফ্রান্স","bo":"ཧྥ་རན་སི།","br":"Bro-C'hall","bs":"Francuska","ca":"França","ce":"Франци","ch":"Francia","co":"Francia","cs":"Francie","cu":"Франкїꙗ","cv":"Франци","cy":"Ffrainc","da":"Frankrig","de":"Frankreich","dv":"ފަރަންސޭސިވިލާތް","dz":"ཕརཱནསི་","ee":"Frans","el":"Γαλλία","en":"France","eo":"Francio","es":"Francia","et":"Prantsusmaa","eu":"Frantzia","fa":"فرانسه","ff":"Farayse","fi":"Ranska","fj":"Varanise","fo":"Frakland","fr":"France","fy":"Frankryk","ga":"An Fhrainc","gd":"An Fhraing","gl":"Francia","gn":"Hyãsia","gu":"ફ્રાન્સ","gv":"Yn Rank","ha":"Faransa","he":"צרפת","hi":"फ़्रान्स","hr":"Francuska","ht":"Frans","hu":"Franciaország","hy":"Ֆրանսիա","ia":"Francia","id":"Prancis","ie":"Francia","io":"Francia","is":"Frakkland","it":"Francia","iu":"ᕗᕌᓐᔅ","ja":"フランス","jv":"Prancis","ka":"საფრანგეთი","kg":"Fwalansa","ki":"Baranja","kk":"Франция","km":"បារាំង","kn":"ಫ್ರಾನ್ಸ್","ko":"프랑스","ks":"فرٛانٛس","ku":"Fransa","kv":"Прансузму","kw":"Pow Frynk","ky":"Франция","la":"Francia","lb":"Frankräich","lg":"Bufalansa","li":"Frankriek","ln":"Falansia","lo":"ປະເທດຝຣັ່ງ","lt":"Prancūzija","lv":"Francija","mg":"Frantsa","mi":"Wīwī","mk":"Франција","ml":"ഫ്രാൻസ്","mn":"Франц","mr":"फ्रान्स","ms":"Perancis","mt":"Franza","my":"ပြင်သစ်နိုင်ငံ","nb":"Frankrike","ne":"फ्रान्स","nl":"Frankrijk","nn":"Frankrike","nv":"Dáághahii Dineʼé Bikéyah","oc":"França","om":"Firaansi","os":"Франц","pa":"ਫ਼ਰਾਂਸ","pdt":"Fraunkrikj","pi":"फ्रांस","pl":"Francja","ps":"فرانسه","pt":"França","qu":"Ransiya","rm":"Frantscha","rn":"Ubufaransa","ro":"Franța","ru":"Франция","rw":"Ubufaransa","sa":"फ्रान्सदेशः","sc":"Frantza","sd":"فرانس","se":"Frankriika","sg":"Farânzi","si":"ප්‍රංශය","sk":"Francúzsko","sl":"Francija","sm":"Farani","sn":"Furanzi","so":"Faransiiska","sq":"Franca","sr":"Француска","ss":"IFulansi","st":"Fora","su":"Prancis","sv":"Frankrike","sw":"Ufaransa","ta":"பிரான்சு","te":"ఫ్రాన్స్","tg":"Фаронса","th":"ประเทศฝรั่งเศส","ti":"ፈረንሳ","tk":"Fransiýa","tl":"Pransiya","tn":"Fora","to":"Falanisē","tr":"Fransa","ts":"Furhwa","tt":"Франция","ty":"Farāni","ug":"فرانسىيە","uk":"Франція","ur":"فرانس","uz":"Fransiya","vi":"Pháp","vo":"Fransän","wo":"Faraas","xh":"Fransi","yi":"פראנקרייך","yo":"Fránsì","za":"Fazgoz","zh":"法国","zu":"IFulansi"},"from":1980.5779569892472,"to":2007,"wikidata":"Q142","adminLevel":2,"source":"OpenHistoricalMap","sourceUrl":"https://www.openhistoricalmap.org"}},{"type":"Feature","geometry":{"type":"Polygon","coordinates":[[[-4.0339,54.4792],[-4.1483,54.5473],[-4.3797,54.5469],[-4.6013,54.5152],[-4.8687,54.4336],[-4.8998,54.3892],[-5.0213,54.3052],[-5.0866,54.1878],[-5.1497,54.1278],[-5.1762,54.0555],[-5.1672,53.9895],[-5.1366,53.9431],[-5.0768,53.896],[-4.9218,53.8442],[-4.5663,53.8557],[-4.4281,53.8895],[-4.1316,54.0598],[-3.9904,54.2238],[-3.9701,54.3203],[-4.0161,54.4012],[-4.0339,54.4792]]]},"properties":{"id":"Q9676","names":{"ace":"Pulo Man","af":"Man","an":"Isla de Man","ang":"Manīeġ","ast":"Islla de Man","az":"Men adası","ba":"Мэн Утрауы","ban":"Nusa Man","bcl":"Isla nin Man","be":"Востраў Мэн","be-x-old":"Мэн","bew":"Pulo Man","bg":"Ман","br":"Manav","bs":"Ostrvo Man","ca":"Illa de Man","cdo":"Man Dō̤","ceb":"Pulo sa Mans","cs":"Man","cv":"Мэн утравĕ","cy":"Ynys Manaw","de":"Insel Man","diq":"Adey Mani","dsb":"Man","el":"Νήσος του Μαν","en":"Isle of Man","eo":"Manksinsulo","es":"Isla de Man","et":"Man","eu":"Man","ext":"Man","fa":"جزیره من","fi":"Mansaari","fo":"Mann","fr":"Île de Man","frp":"Ila de Man","frr":"Eilun Man","fy":"Man","ga":"Oileán Mhanann","gd":"Eilean Mhanainn","gl":"Illa de Man","gv":"Ellan Vannin","hak":"Man Tó","he":"האי מאן","hi":"आइल ऑफ़ मैन","hr":"Otok Man","hsb":"Man","hu":"Man-sziget","ia":"Insula de Man","id":"Pulau Man","io":"Insulo Man","is":"Mön","it":"Isola di Man","ja":"マン島","jv":"Pulo Man","kaa":"Men atawı","kab":"Tigzirt n Man","kk":"Мэн аралы","ko":"맨섬","kw":"Ynys Manow","ky":"Мэн аралы","la":"Monapia","lb":"Insel Man","li":"Man","lij":"Izoa de Man","lmo":"Isula de Man","ln":"Esanga ya Man","lt":"Meno sala","lv":"Menas Sala","mg":"Nosin'i Man","mi":"Motu o Mana","mk":"Ман","ms":"Pulau Man","nds-nl":"Man","nl":"Eiland Man","nn":"Øya Man","no":"Man","nov":"Isle de Man","nrm":"Île dé Man","oc":"Illa de Man","olo":"Manninsuari","os":"Мэн","pl":"Wyspa Man","pms":"Ìsola ëd Man","pt":"Ilha de Man","qu":"Man wat'a","ro":"Insula Man","ru":"Остров Мэн","rue":"Остров Мен","rw":"Ikirwa cya Man","sc":"Ìsula de Man","scn":"Ìsula di Man","sco":"Isle o Man","se":"Mannin","sh":"Man","sk":"Ostrov Man","sl":"Man","sq":"Ishulli i Manit","sr":"Острво Мен","stq":"Man","su":"Pulo Man","sw":"Kisiwa cha Man","ta":"மாண் தீவு","th":"ไอล์ออฟแมน","tk":"Man Adasy","tl":"Pulo ng Man","tok":"ma Manin","tr":"Man Adası","tt":"Мэн утравы","uk":"Острів Мен","uz":"Men oroli","vec":"Ìzoła de Man","vi":"Đảo Man","vls":"Eyland Man","war":"Isla han Man","yo":"Erékùṣù ilẹ̀ Man","zea":"Eiland Man","zh":"马恩岛"},"from":1987.3709677419354,"to":null,"wikidata":"Q9676","adminLevel":2,"source":"OpenHistoricalMap","sourceUrl":"https://www.openhistoricalmap.org"}},{"type":"Feature","geometry":{"type":"MultiPolygon","coordinates":[[[[6.2468,50.5982],[6.2462,50.5974],[6.2482,50.5968],[6.2468,50.5982]]],[[[6.2064,50.5211],[6.1945,50.5309],[6.1873,50.5272],[6.2064,50.5211]]],[[[6.2405,50.587],[6.1739,50.5572],[6.1779,50.5414],[6.2226,50.555],[6.2405,50.587]]],[[[6.1845,50.6487],[6.1877,50.6643],[6.1755,50.6624],[6.1845,50.6487]]],[[[6.2692,50.625],[6.2634,50.6429],[6.1676,50.6433],[6.2692,50.625]]],[[[8.6694,47.6849],[8.7149,47.6895],[8.6985,47.715],[8.6703,47.7112],[8.6694,47.6849]]],[[[7.2174,53.2056],[7.208,53.1885],[7.2276,53.1803],[7.1909,53.1619],[7.1806,53.1293],[7.2028,53.1134],[7.213,53.0109],[7.1815,52.9416],[7.0873,52.85],[7.0548,52.6445],[7.0421,52.6329],[6.8709,52.6528],[6.7418,52.6453],[6.7135,52.6293],[6.7216,52.5949],[6.7667,52.5635],[6.6895,52.5521],[6.7053,52.521],[6.6975,52.4863],[6.7448,52.4676],[6.9417,52.4354],[6.9941,52.4643],[7.0722,52.3736],[7.027,52.286],[7.0658,52.2412],[6.985,52.225],[6.9529,52.1824],[6.8805,52.156],[6.8629,52.1251],[6.7631,52.1188],[6.7509,52.085],[6.6962,52.0702],[6.6879,52.0399],[6.753,52.0284],[6.8266,51.9935],[6.8297,51.9793],[6.8285,51.9641],[6.7988,51.9587],[6.77,51.9162],[6.7326,51.8987],[6.6688,51.9139],[6.4654,51.8549],[6.394,51.8727],[6.387,51.8653],[6.4077,51.8544],[6.4017,51.8273],[6.3126,51.8502],[6.2882,51.8715],[6.2187,51.868],[6.1698,51.9014],[6.1178,51.9017],[6.1092,51.896],[6.1633,51.8626],[6.1666,51.8407],[6.0624,51.8635],[6.0327,51.8424],[5.9455,51.8243],[5.9921,51.7703],[5.9523,51.7427],[6.0295,51.7255],[6.0303,51.6798],[6.1169,51.6565],[6.0944,51.6152],[6.2074,51.5193],[6.2236,51.475],[6.2053,51.3995],[6.2267,51.4003],[6.2244,51.365],[6.1686,51.333],[6.1245,51.2747],[6.0727,51.2426],[6.0789,51.1766],[6.1,51.1698],[6.1611,51.1929],[6.1808,51.1864],[6.1473,51.1759],[6.1714,51.1601],[6.0045,51.087],[5.9678,51.0444],[5.9465,51.0367],[5.9068,51.0626],[5.8752,51.0515],[5.8748,51.0286],[5.9055,51.0022],[5.8938,50.9811],[5.9046,50.9745],[6.0174,50.9834],[6.0182,50.9347],[6.0937,50.9212],[6.0768,50.8965],[6.0866,50.8696],[6.0742,50.8467],[6.028,50.8477],[6.021,50.8121],[5.9769,50.8035],[6.0278,50.7736],[6.0206,50.7558],[6.0403,50.7455],[6.0414,50.7186],[6.1107,50.7229],[6.1659,50.6622],[6.1956,50.6614],[6.1928,50.6401],[6.23,50.6492],[6.2691,50.6375],[6.2359,50.5659],[6.1973,50.5336],[6.2318,50.4977],[6.347,50.4892],[6.3426,50.4611],[6.3775,50.4412],[6.351,50.3761],[6.3987,50.3456],[6.4055,50.3233],[6.3525,50.3105],[6.3122,50.3214],[6.2812,50.2691],[6.1763,50.2357],[6.1665,50.2225],[6.1926,50.182],[6.1423,50.1697],[6.1527,50.1409],[6.1292,50.1213],[6.1325,50.0929],[6.1127,50.0613],[6.1521,49.9918],[6.1712,49.9853],[6.1679,49.966],[6.2214,49.9501],[6.2326,49.9033],[6.3128,49.8682],[6.3284,49.8359],[6.3628,49.8508],[6.4325,49.8107],[6.4701,49.8222],[6.524,49.8122],[6.502,49.7463],[6.517,49.724],[6.4968,49.7267],[6.4962,49.7103],[6.4265,49.6659],[6.4371,49.6504],[6.422,49.6234],[6.3614,49.5769],[6.381,49.5535],[6.3573,49.5332],[6.375,49.4643],[6.4204,49.4764],[6.5446,49.4294],[6.5382,49.405],[6.5981,49.3701],[6.5899,49.351],[6.5636,49.356],[6.5674,49.3458],[6.6094,49.3068],[6.6703,49.2802],[6.6606,49.2614],[6.6899,49.2497],[6.6896,49.2203],[6.7267,49.2132],[6.7112,49.1883],[6.7388,49.1638],[6.8342,49.1513],[6.8562,49.1751],[6.8421,49.2089],[6.8585,49.2226],[6.8887,49.2101],[6.9379,49.2225],[6.9592,49.2028],[7.035,49.1914],[7.0278,49.1721],[7.0511,49.1134],[7.0883,49.1296],[7.0804,49.1488],[7.101,49.1555],[7.158,49.1206],[7.2404,49.1293],[7.2917,49.1158],[7.3299,49.1451],[7.3562,49.144],[7.3653,49.1721],[7.4456,49.1843],[7.4333,49.1677],[7.488,49.1695],[7.5059,49.1549],[7.4889,49.1369],[7.5289,49.097],[7.6294,49.0736],[7.6578,49.0495],[7.7572,49.0453],[7.8028,49.0633],[7.8658,49.0331],[7.9458,49.0555],[7.9748,49.0295],[8.0866,48.9922],[8.2318,48.9675],[8.1986,48.9581],[8.1487,48.9048],[8.0864,48.8015],[8.0347,48.7892],[8.0076,48.7592],[7.9756,48.7597],[7.9593,48.7185],[7.8429,48.6445],[7.8013,48.5869],[7.8043,48.5118],[7.7689,48.4907],[7.7337,48.3974],[7.7449,48.3276],[7.6937,48.3017],[7.6685,48.2244],[7.5774,48.1205],[7.5682,48.0357],[7.6219,47.9767],[7.5831,47.9313],[7.5778,47.8925],[7.5575,47.8804],[7.5627,47.8411],[7.5302,47.7837],[7.549,47.7345],[7.5112,47.6975],[7.5201,47.6653],[7.5912,47.5941],[7.6139,47.5781],[7.6883,47.5986],[7.6721,47.5852],[7.687,47.5683],[7.634,47.5612],[7.6793,47.5328],[7.7956,47.5576],[7.8225,47.588],[7.8949,47.5856],[7.9253,47.5468],[8.087,47.5574],[8.1067,47.5808],[8.2078,47.6212],[8.2233,47.6081],[8.2876,47.6106],[8.3322,47.5705],[8.4328,47.5666],[8.4919,47.5805],[8.4581,47.597],[8.5157,47.6336],[8.5843,47.5998],[8.6025,47.6101],[8.5955,47.6408],[8.6283,47.6531],[8.6037,47.6725],[8.5627,47.6702],[8.5238,47.6449],[8.4679,47.6409],[8.4078,47.6716],[8.4125,47.7054],[8.457,47.7297],[8.4499,47.7375],[8.489,47.7732],[8.5773,47.7817],[8.5628,47.8032],[8.6114,47.8019],[8.6268,47.7608],[8.6529,47.7734],[8.6542,47.8001],[8.6796,47.7868],[8.689,47.7582],[8.7364,47.7541],[8.713,47.7344],[8.7355,47.7172],[8.7357,47.6926],[8.7924,47.675],[8.7981,47.7013],[8.7712,47.7145],[8.8023,47.7365],[8.8729,47.6991],[8.8531,47.6872],[8.8959,47.6481],[9.0252,47.6864],[9.1779,47.6548],[9.2562,47.659],[9.4451,47.5948],[9.5147,47.5369],[9.7355,47.5342],[9.7636,47.5865],[9.8031,47.5954],[9.8256,47.574],[9.8163,47.5525],[9.8728,47.5302],[9.8836,47.5473],[9.9242,47.5303],[9.9647,47.5443],[9.995,47.4863],[10.0375,47.4892],[10.0544,47.4661],[10.0954,47.4519],[10.1038,47.4288],[10.0743,47.4153],[10.0998,47.3548],[10.1192,47.3756],[10.1657,47.3688],[10.1692,47.3858],[10.2363,47.3818],[10.1995,47.3265],[10.2163,47.3122],[10.1756,47.2892],[10.1782,47.27],[10.2319,47.2707],[10.3391,47.3104],[10.3971,47.3769],[10.4308,47.3838],[10.4734,47.443],[10.4667,47.4743],[10.4315,47.5028],[10.4544,47.5558],[10.5681,47.5337],[10.5972,47.5695],[10.6912,47.5588],[10.6948,47.5447],[10.7577,47.5345],[10.7752,47.5158],[10.8865,47.5368],[10.9182,47.5178],[10.8711,47.4992],[10.8696,47.4837],[10.9383,47.4801],[10.9278,47.4719],[10.9834,47.4306],[10.9693,47.4004],[11.111,47.3958],[11.2067,47.4337],[11.249,47.4325],[11.2234,47.3994],[11.2728,47.3979],[11.3381,47.4511],[11.4206,47.4452],[11.3849,47.4741],[11.4359,47.5153],[11.5739,47.5142],[11.6062,47.5819],[11.6326,47.5806],[11.6337,47.5927],[11.8474,47.5824],[11.855,47.6023],[12.0093,47.6242],[12.0192,47.6122],[12.2066,47.6087],[12.1634,47.6961],[12.2271,47.718],[12.2501,47.7413],[12.2649,47.7332],[12.2437,47.7061],[12.2549,47.6802],[12.3375,47.6971],[12.3639,47.6841],[12.4396,47.6952],[12.4391,47.6765],[12.4994,47.6251],[12.5751,47.6325],[12.6058,47.6739],[12.7843,47.672],[12.7592,47.6537],[12.8248,47.6116],[12.7807,47.581],[12.7975,47.5539],[12.847,47.5463],[12.9208,47.4934],[12.9948,47.478],[13.0032,47.4641],[13.0475,47.4922],[13.0325,47.5309],[13.0578,47.561],[13.0415,47.5763],[13.07,47.5861],[13.0629,47.6],[13.0981,47.6423],[13.0737,47.6917],[13.018,47.723],[12.9668,47.7076],[12.9104,47.7209],[12.9449,47.7644],[12.9386,47.7836],[13.0014,47.8543],[12.9391,47.9423],[12.8757,47.963],[12.8573,48.0092],[12.7699,48.0668],[12.7487,48.1067],[12.7652,48.1286],[12.782,48.1237],[12.802,48.1485],[12.8273,48.1522],[12.8725,48.2018],[12.9569,48.2096],[13.0167,48.2555],[13.0808,48.2777],[13.2554,48.2937],[13.4092,48.3735],[13.4572,48.5115],[13.4365,48.5526],[13.45,48.5639],[13.4754,48.5562],[13.5109,48.5911],[13.7271,48.513],[13.7549,48.5643],[13.8021,48.5744],[13.8244,48.6184],[13.8135,48.6834],[13.8334,48.6919],[13.8012,48.7099],[13.8396,48.7716],[13.8085,48.7785],[13.8152,48.7971],[13.7646,48.8344],[13.7315,48.8867],[13.6714,48.8801],[13.5869,48.9661],[13.5115,48.969],[13.5008,48.9418],[13.4074,48.9847],[13.3977,49.0497],[13.2924,49.1166],[13.2293,49.1158],[13.1802,49.1367],[13.1725,49.172],[13.0284,49.2733],[13.0291,49.3043],[12.95,49.3429],[12.8888,49.3509],[12.8769,49.3325],[12.7879,49.3449],[12.7476,49.4009],[12.6574,49.4343],[12.6356,49.4797],[12.6419,49.5257],[12.5917,49.5366],[12.5592,49.6119],[12.5224,49.6313],[12.5228,49.6809],[12.4473,49.7021],[12.4006,49.7549],[12.4671,49.7857],[12.475,49.8353],[12.5491,49.9004],[12.5477,49.9205],[12.4735,49.9406],[12.492,49.9789],[12.4641,49.9941],[12.4339,49.9851],[12.4291,50.0022],[12.3288,50.0322],[12.3109,50.0555],[12.2616,50.0581],[12.2731,50.0744],[12.1995,50.1109],[12.1952,50.1432],[12.216,50.1682],[12.1524,50.2291],[12.0906,50.2524],[12.1359,50.2744],[12.1262,50.3062],[12.1068,50.3144],[12.1851,50.3191],[12.2009,50.3091],[12.2018,50.276],[12.2614,50.2613],[12.2654,50.2516],[12.24,50.2482],[12.2868,50.2253],[12.2794,50.1994],[12.293,50.1755],[12.3335,50.1718],[12.3326,50.2397],[12.3528,50.2374],[12.3613,50.2756],[12.3989,50.2929],[12.4013,50.3228],[12.4909,50.3525],[12.4882,50.3724],[12.5203,50.3969],[12.6254,50.4162],[12.6754,50.4159],[12.7047,50.3986],[12.7413,50.434],[12.7907,50.4481],[12.807,50.4346],[12.8187,50.4595],[12.9473,50.4041],[13.0204,50.4488],[13.0307,50.508],[13.0796,50.5002],[13.1316,50.5185],[13.1957,50.5035],[13.2389,50.5837],[13.2551,50.5952],[13.3209,50.5807],[13.3273,50.6083],[13.3767,50.627],[13.3726,50.6474],[13.4312,50.6104],[13.4699,50.6074],[13.5233,50.6387],[13.5189,50.6596],[13.5427,50.6765],[13.5265,50.7001],[13.545,50.7112],[13.6062,50.7115],[13.6617,50.7313],[13.7007,50.7181],[13.7759,50.7361],[13.8555,50.7272],[13.8993,50.7462],[13.8976,50.7918],[13.9385,50.7899],[13.9894,50.8188],[14.028,50.8048],[14.0785,50.8125],[14.227,50.8632],[14.2349,50.8857],[14.2647,50.8938],[14.3071,50.885],[14.388,50.8992],[14.4005,50.9336],[14.3121,50.9537],[14.3291,50.9816],[14.3196,50.9854],[14.2603,50.9872],[14.2605,51.0074],[14.3042,51.055],[14.4126,51.0188],[14.4594,51.0351],[14.4869,51.0235],[14.5009,51.0463],[14.5071,51.0204],[14.5646,51.0101],[14.6006,50.9795],[14.5634,50.9204],[14.6523,50.9259],[14.6248,50.8569],[14.7058,50.8406],[14.7253,50.8224],[14.7946,50.8203],[14.8223,50.8879],[14.8967,50.9407],[14.9171,50.9946],[14.9636,51.0498],[15.0108,51.2141],[15.0371,51.2437],[15.0335,51.292],[14.9668,51.3593],[14.9835,51.3731],[14.959,51.3952],[14.9737,51.4426],[14.9229,51.482],[14.7298,51.5308],[14.7116,51.5618],[14.766,51.6112],[14.7578,51.6613],[14.6571,51.7399],[14.6451,51.7966],[14.5914,51.8196],[14.5936,51.8402],[14.6928,51.9011],[14.7189,51.9457],[14.7048,51.9761],[14.756,52.0597],[14.747,52.0798],[14.6825,52.117],[14.6805,52.1461],[14.7038,52.1672],[14.687,52.1975],[14.7161,52.2328],[14.6911,52.256],[14.575,52.2896],[14.5761,52.3215],[14.5353,52.3917],[14.5469,52.4313],[14.6314,52.4884],[14.6065,52.5259],[14.6369,52.5757],[14.5946,52.6108],[14.4675,52.6602],[14.3519,52.7519],[14.1229,52.8416],[14.1597,52.8884],[14.1449,52.9625],[14.3423,53.0507],[14.3883,53.1427],[14.3669,53.1715],[14.3775,53.2018],[14.4063,53.2123],[14.4504,53.261],[14.4211,53.2764],[14.3713,53.4562],[14.3059,53.5431],[14.3178,53.6178],[14.2843,53.6345],[14.2666,53.699],[14.2666,53.7535],[14.2833,53.7733],[14.2118,53.8681],[14.2123,53.9003],[14.1922,53.9121],[14.2264,53.9288],[14.2421,53.9871],[14.1682,54.2383],[14.0694,54.2789],[14.0783,54.4409],[13.9993,54.6444],[13.9183,54.7167],[13.6038,54.8576],[13.4761,54.8885],[13.203,54.8669],[12.9721,54.786],[12.7491,54.7442],[12.3224,54.5781],[12.3002,54.5116],[12.2589,54.4518],[12.1648,54.3853],[11.9533,54.3336],[11.6441,54.3312],[11.5382,54.4078],[11.3113,54.5294],[11.1413,54.5771],[10.8196,54.5474],[10.7553,54.5143],[10.6521,54.51],[10.3134,54.6071],[10.1696,54.7379],[10.0516,54.766],[9.8939,54.8414],[9.7409,54.8234],[9.6051,54.8549],[9.6278,54.8806],[9.5966,54.8871],[9.4627,54.8317],[9.3828,54.8392],[9.3304,54.8042],[9.2581,54.8106],[9.2383,54.8268],[9.2404,54.8499],[9.1484,54.8722],[9.0478,54.8721],[8.9234,54.9035],[8.7279,54.8928],[8.5559,54.9207],[8.5574,54.9929],[8.5015,55.0002],[8.4722,55.0253],[8.472,55.0547],[8.3467,55.0654],[8.3227,55.0845],[8.2902,55.0745],[8.0451,55.0998],[7.9479,54.9267],[7.9301,54.7654],[7.9472,54.6417],[8.1615,54.3337],[7.9953,54.3866],[7.8106,54.3918],[7.654,54.3522],[7.5847,54.3149],[7.5339,54.2512],[7.5215,54.195],[7.5325,54.1451],[7.5792,54.0856],[7.6698,54.015],[7.7289,53.9942],[6.726,53.8635],[6.5969,53.8177],[6.4775,53.7962],[6.3472,53.7246],[6.4126,53.6045],[6.5512,53.5827],[6.7262,53.4869],[6.8804,53.4484],[6.8924,53.4392],[6.8968,53.3646],[6.9245,53.3396],[7.0479,53.3071],[7.1918,53.315],[7.2174,53.2056]],[[10.4724,47.5869],[10.4554,47.556],[10.4349,47.5695],[10.4329,47.5816],[10.4724,47.5869]]],[[[7.4085,54.0069],[7.55,54.0268],[7.4484,54.1379],[7.4082,54.1358],[7.4085,54.0069]]]]},"properties":{"id":"Q183","names":{"ab":"Германиа","af":"Duitsland","am":"ጀርመን","an":"Alemanya","ar":"ألمانيا","as":"জাৰ্মানী","av":"Германия","ay":"Alimaña","az":"Almaniya","ba":"Әлмәниә","be":"Германія","bg":"Германия","bh":"जर्मनी","bi":"Jemani","bm":"Alimaɲi","bn":"জার্মানি","bo":"འཇར་མན།","br":"Alamagn","bs":"Njemačka","ca":"Alemanya","ce":"Германи","ch":"Alemaña","co":"Germania","cs":"Německo","cu":"Нѣмьци","cv":"Германи","cy":"Yr Almaen","da":"Tyskland","de":"Deutschland","dv":"ޖަރުމަނުވިލާތް","dz":"ཇཱར་མ་ནི","ee":"Dzamanya","el":"Γερμανία","en":"Germany","eo":"Germanio","es":"Alemania","et":"Saksamaa","eu":"Alemania","fa":"آلمان","ff":"Almaanya","fi":"Saksa","fj":"Jamani","fo":"Týskland","fr":"Allemagne","fy":"Dútslân","ga":"An Ghearmáin","gd":"A' Ghearmailt","gl":"Alemaña","gn":"Alemáña","gu":"જર્મની","gv":"Yn Ghermaan","ha":"Jamus","he":"גרמניה","hi":"जर्मनी","hr":"Njemačka","ht":"Almay","hu":"Németország","hy":"Գերմանիա","ia":"Germania","id":"Jerman","ie":"Germania","ig":"Jémanị","ik":"Tuitchilan","io":"Germania","is":"Þýskaland","it":"Germania","iu":"ᔮᒪᓂ","ja":"ドイツ","jv":"Jerman","ka":"გერმანია","kg":"Alemanyi","ki":"Njĩrĩmani","kk":"Германия","km":"អាល្លឺម៉ង់","kn":"ಜರ್ಮನಿ","ko":"독일","ks":"جَرمَنی","ku":"Almanya","kv":"Германия","kw":"Almayn","ky":"Германия","la":"Germania","lb":"Däitschland","lg":"Girimane","li":"Duitsland","ln":"Alémani","lo":"ປະເທດເຢຍລະມັນ","lt":"Vokietija","lv":"Vācija","mg":"Alemaina","mi":"Tiamana","mk":"Германија","ml":"ജർമ്മനി","mn":"Герман","mr":"जर्मनी","ms":"Jerman","mt":"Ġermanja","my":"ဂျာမနီနိုင်ငံ","nb":"Tyskland","ne":"जर्मनी","nl":"Duitsland","nn":"Tyskland","nv":"Béésh Bichʼahii Bikéyah","ny":"Germany","oc":"Alemanha","om":"Jarmanii","or":"ଜର୍ମାନୀ","os":"Герман","pa":"ਜਰਮਨੀ","pdt":"Dietschlaunt","pi":"जर्मनी","pl":"Niemcy","ps":"جرمني","pt":"Alemanha","qu":"Alimanya","rm":"Germania","rn":"Ubudagi","ro":"Germania","ru":"Германия","rw":"Ubudage","sa":"शर्मण्यदेशः","sc":"Germània","sd":"جرمني","se":"Duiska","si":"ජර්මනිය","sk":"Nemecko","sl":"Nemčija","sm":"Siamani","sn":"Jerumani","so":"Jarmalka","sq":"Gjermania","sr":"Њемачка","ss":"IJalimane","st":"Jeremane","su":"Jérman","sv":"Tyskland","sw":"Ujerumani","ta":"ஜெர்மனி","te":"జర్మనీ","tg":"Олмон","th":"ประเทศเยอรมนี","ti":"ጀርመን","tk":"Germaniýa","tl":"Alemanya","to":"Siamane","tr":"Almanya","ts":"Jarimani","tt":"Алмания","tw":"Germany","ty":"Heremani","ug":"گېرمانىيە","uk":"Німеччина","ur":"جرمنی","uz":"Germaniya","vi":"Đức","vo":"Deutän","wa":"Almagne","wo":"Almaañ","xh":"IJamani","yi":"דייטשלאנד","yo":"Jẹ́mánì","za":"Dwzgoz","zh":"德国","zu":"IJalimani"},"from":1996.8333333333333,"to":null,"wikidata":"Q183","adminLevel":2,"source":"OpenHistoricalMap","sourceUrl":"https://www.openhistoricalmap.org"}},{"type":"Feature","geometry":{"type":"Polygon","coordinates":[[[-17.2448,21.3514],[-17.3187,20.8291],[-17.2976,20.7507],[-17.2359,20.6672],[-17.0489,20.766],[-17.0666,20.8851],[-17.0302,21.0666],[-17.0096,21.098],[-16.9486,21.3335],[-13.0003,21.3354],[-13.0737,22.4314],[-13.0854,22.5392],[-13.1506,22.7578],[-13.1033,22.8977],[-12.9975,23.026],[-12.5704,23.2918],[-12.3651,23.3202],[-12.1495,23.4185],[-11.9991,23.457],[-12.0005,25.9985],[-8.6655,25.9988],[-8.668,28.4587],[-8.6824,28.5004],[-8.6824,28.6659],[-8.6676,28.7117],[-8.4304,28.841],[-8.3685,28.9165],[-8.1823,29.0355],[-8.0363,29.0999],[-7.945,29.1762],[-7.6195,29.3894],[-7.3496,29.3834],[-7.2588,29.4673],[-7.1469,29.5092],[-6.9582,29.5092],[-6.7835,29.4463],[-6.6996,29.5162],[-6.4131,29.5651],[-6.0008,29.5791],[-5.7562,29.6141],[-5.7212,29.5232],[-5.6373,29.4953],[-5.5395,29.5232],[-5.4347,29.642],[-5.2739,29.8866],[-5.1761,29.9775],[-4.8756,30.1802],[-4.624,30.285],[-4.4842,30.3828],[-4.3724,30.5086],[-4.2745,30.5576],[-4.1557,30.5855],[-4.002,30.5925],[-3.8342,30.6275],[-3.6455,30.7113],[-3.6595,30.8371],[-3.5547,30.9559],[-3.6087,31.0309],[-3.6241,31.0865],[-3.6897,31.1256],[-3.7314,31.1763],[-3.7489,31.1802],[-3.8108,31.1429],[-3.8393,31.1528],[-3.8428,31.1702],[-3.815,31.2205],[-3.8152,31.3372],[-3.7475,31.3852],[-3.6735,31.3892],[-3.6595,31.6478],[-3.5914,31.6783],[-3.5116,31.6727],[-3.2192,31.7177],[-3.0026,31.7736],[-2.8278,31.7946],[-2.9387,32.0486],[-2.8812,32.0763],[-2.6956,32.0897],[-2.5161,32.1322],[-1.4358,32.0867],[-1.2103,32.0897],[-1.1906,32.1252],[-1.1956,32.146],[-1.2327,32.1637],[-1.3052,32.1512],[-1.3096,32.1674],[-1.2766,32.2009],[-1.2441,32.3569],[-1.218,32.3926],[-1.1232,32.4179],[-1.032,32.4944],[-1.327,32.6989],[-1.4233,32.7424],[-1.5588,32.9336],[-1.503,32.9746],[-1.4995,33.0602],[-1.5714,33.112],[-1.6236,33.1966],[-1.6742,33.238],[-1.6834,33.2708],[-1.6832,33.3692],[-1.6127,33.5215],[-1.6173,33.5544],[-1.6624,33.6447],[-1.7468,33.7024],[-1.7032,33.7618],[-1.7187,33.8981],[-1.6696,34.0792],[-1.7461,34.2903],[-1.8096,34.3725],[-1.703,34.4797],[-1.7507,34.4942],[-1.8711,34.5966],[-1.7731,34.7341],[-1.7877,34.7567],[-1.9797,34.8653],[-2.0163,34.9262],[-2.0612,34.9297],[-2.2117,35.0234],[-2.2064,35.3371],[-2.5071,35.4257],[-2.6026,35.44],[-2.9505,35.2655],[-2.9677,35.2861],[-2.9601,35.316],[-2.707,35.5018],[-2.7478,35.5509],[-2.8135,35.5939],[-2.9776,35.6376],[-3.0583,35.6286],[-3.1359,35.5962],[-3.3019,35.439],[-3.6766,35.4865],[-4.2982,35.3911],[-4.5825,35.4145],[-4.8434,35.5529],[-5.019,35.7501],[-5.0206,35.8259],[-5.2252,35.834],[-5.3716,35.8812],[-5.3959,36.0022],[-5.6668,35.9357],[-5.8855,35.965],[-6.0568,35.9596],[-6.1039,35.9263],[-6.1745,35.8217],[-6.2341,35.6397],[-6.5405,34.9177],[-7.0024,34.1757],[-7.1674,34.0437],[-7.7555,33.786],[-8.3973,33.5484],[-8.6589,33.4319],[-8.9317,33.1284],[-9.3839,32.7522],[-9.4874,32.645],[-9.5229,32.5554],[-9.5246,32.3626],[-9.5521,32.1505],[-9.8432,31.8662],[-10.0022,31.5835],[-10.0726,31.3964],[-10.0717,31.107],[-10.116,30.7194],[-10.1095,30.5911],[-10.0575,30.4808],[-9.9457,30.4482],[-9.8776,30.4016],[-9.8182,30.3219],[-9.8177,30.2841],[-9.9794,30.0059],[-10.1881,29.7857],[-10.3608,29.5192],[-10.6725,29.1956],[-11.2836,28.8639],[-11.4924,28.6639],[-11.6198,28.4909],[-12.103,28.3221],[-12.4909,28.2106],[-12.8015,28.189],[-13.0076,28.1463],[-13.067,28.1003],[-13.2167,27.9065],[-13.3072,27.862],[-13.3589,27.8029],[-13.5204,27.3891],[-13.674,27.1267],[-13.6819,27.0325],[-13.7537,26.8532],[-14.1035,26.6393],[-14.2343,26.6208],[-14.3196,26.5836],[-14.4135,26.4735],[-14.5267,26.4297],[-14.6262,26.3359],[-14.7145,26.1864],[-14.7138,26.0488],[-14.767,25.942],[-14.8384,25.8537],[-14.9131,25.6059],[-14.9883,25.502],[-15.0411,25.3505],[-15.0672,25.2026],[-15.0451,25.0055],[-15.0986,24.8045],[-15.1562,24.7598],[-15.1927,24.7018],[-15.293,24.6529],[-15.3711,24.5877],[-15.4935,24.4407],[-15.6864,24.2767],[-15.7776,24.1724],[-15.9499,24.0728],[-16.0946,23.9175],[-16.2177,23.6988],[-16.2247,23.6288],[-16.1918,23.5344],[-16.1938,23.4995],[-16.2567,23.4272],[-16.2812,23.3623],[-16.3968,23.1894],[-16.4235,23.1227],[-16.427,23.0608],[-16.4881,22.9859],[-16.5149,22.9084],[-16.555,22.7702],[-16.5626,22.678],[-16.6247,22.607],[-16.6663,22.497],[-16.7428,22.4885],[-16.8321,22.4424],[-17.0336,22.2414],[-17.0515,22.1229],[-17.1716,21.8637],[-17.1974,21.7228],[-17.1994,21.5827],[-17.2448,21.3514]],[[-2.4465,35.1604],[-2.4782,35.1877],[-2.4802,35.2368],[-2.4053,35.2373],[-2.4031,35.1668],[-2.4465,35.1604]],[[-3.8518,35.2552],[-3.8797,35.2129],[-3.8991,35.2139],[-3.9015,35.2315],[-3.8541,35.2935],[-3.8355,35.2935],[-3.8518,35.2552]],[[-4.3255,35.218],[-4.3138,35.2181],[-4.2958,35.1715],[-4.3255,35.218]],[[-5.4209,35.9123],[-5.4187,35.9163],[-5.4161,35.9126],[-5.4209,35.9123]]]},"properties":{"id":"Q1028","names":{"ab":"Марокко","af":"Marokko","am":"ሞሮኮ","an":"Marruecos","ar":"المغرب","as":"মৰক্কো","ay":"Maruku","az":"Mərakeş","ba":"Мәғриб (ил)","be":"Марока","bg":"Мароко","bh":"मोरक्को","bi":"Moroko","bm":"Maroko","bn":"মরক্কো","bo":"མོ་རོ་ཁོ།","br":"Maroko","bs":"Maroko","ca":"Marroc","ce":"Марокко","co":"Maroccu","cs":"Maroko","cv":"Марокко","cy":"Moroco","da":"Marokko","de":"Marokko","dv":"މައުރިބު","dz":"མོ་རོ་ཀོ","ee":"Moroko","el":"Μαρόκο","en":"Morocco","eo":"Maroko","es":"Marruecos","et":"Maroko","eu":"Maroko","fa":"مراکش","ff":"Morooku","fi":"Marokko","fo":"Marokko","fr":"Maroc","fy":"Marokko","ga":"Maracó","gd":"Maroco","gl":"Marrocos","gn":"Marruéko","gu":"મોરોક્કો","gv":"Yn Varoc","ha":"Moroko","he":"מרוקו","hi":"मोरक्को","hr":"Maroko","ht":"Mawòk","hu":"Marokkó","hy":"Մարոկկո","ia":"Marocco","id":"Maroko","ie":"Morocco","ig":"Morocco","io":"Maroko","is":"Marokkó","it":"Marocco","ja":"モロッコ","jv":"Maroko","ka":"მაროკო","kg":"Maroko","ki":"Morocco","kk":"Марокко","km":"ម៉ារ៉ុក","kn":"ಮೊರಾಕೊ","ko":"모로코","ks":"مراکش","ku":"Maroko","kv":"Марокко","kw":"Marok","ky":"Марокко","la":"Marocum","lb":"Marokko","lg":"Morocco","li":"Marokko","ln":"Malɔkɛ","lo":"ປະເທດໂມຣັອກໂຄ","lt":"Marokas","lv":"Maroka","mg":"Marôka","mi":"Marako","mk":"Мароко","ml":"മൊറോക്കൊ","mn":"Марокко","mr":"मोरोक्को","ms":"Maghribi","mt":"Marokk","my":"မော်ရိုကိုနိုင်ငံ","nb":"Marokko","ne":"मोरोक्को","nl":"Marokko","nn":"Marokko","nr":"Morocco","nv":"Eʼeʼaahjí Ghą́ą́ʼaskʼidii Biłikahii Bikéyah","oc":"Marròc","om":"Morookoo","or":"ମୋରୋକ୍କୋ","os":"Марокко","pa":"ਮੋਰੱਕੋ","pl":"Maroko","ps":"مراکش","pt":"Marrocos","qu":"Marwikus","ro":"Maroc","ru":"Марокко","rw":"Maroke","sa":"मोराको","sc":"Marocu","sd":"مراڪش","se":"Marokko","sg":"Marôko","si":"මොරොක්කෝව","sk":"Maroko","sl":"Maroko","sm":"Morocco","sn":"Moroko","so":"Marooko","sq":"Maroku","sr":"Мароко","ss":"IMorokho","st":"Morocco","su":"Maroko","sv":"Marocko","sw":"Moroko","ta":"மொரோக்கோ","te":"మొరాకో","tg":"Марокаш","th":"ประเทศโมร็อกโก","ti":"ሞሮኮ","tk":"Marokko","tl":"Maruekos","tr":"Fas","ts":"Morokho","tt":"Марокко","ug":"ماراكەش","uk":"Марокко","ur":"المغرب","uz":"Marokash","vi":"Maroc","vo":"Marokän","wa":"Marok","wo":"Marok","xh":"Morokho","yi":"מאראקא","yo":"Morocco","za":"Morocco","zh":"摩洛哥","zu":"IMorokho"},"from":1973.1693548387098,"to":null,"wikidata":"Q1028","adminLevel":2,"source":"OpenHistoricalMap","sourceUrl":"https://www.openhistoricalmap.org"}},{"type":"Feature","geometry":{"type":"Polygon","coordinates":[[[2.4593,20.0388],[2.5148,20.0159],[2.946,19.9417],[3.2128,19.8078],[3.1994,19.5538],[3.2323,19.4955],[3.2262,19.4692],[3.2608,19.3883],[3.251,19.3655],[3.1929,19.3258],[3.1744,19.2516],[3.1393,19.2219],[3.1041,19.1355],[3.1388,19.096],[3.226,19.0511],[3.3184,18.9777],[5.7943,19.4498],[7.4827,20.8726],[11.9009,23.4772],[11.9985,23.515],[11.8924,23.6601],[11.5414,24.2975],[10.7207,24.5523],[10.6774,24.5539],[10.4105,24.4733],[10.2603,24.5766],[10.2422,24.5951],[10.1934,24.7499],[10.0445,24.8296],[10.032,24.8563],[10.0214,25.268],[10.0079,25.3314],[9.4012,26.1134],[9.3778,26.1689],[9.4348,26.272],[9.4776,26.3156],[9.4826,26.3526],[9.8358,26.5042],[9.8546,26.5244],[9.8963,26.6528],[9.8826,26.7018],[9.9106,26.8431],[9.8255,26.9206],[9.7213,27.2919],[9.7563,27.423],[9.8216,27.5057],[9.7939,27.5697],[9.8634,27.6192],[9.9359,27.8669],[9.777,28.2676],[9.8513,28.786],[9.8483,28.9757],[9.8261,29.1285],[9.6677,29.6083],[9.5497,29.8023],[9.2865,30.1171],[9.5564,30.228],[9.4914,30.339],[9.045,32.0718],[9.0199,32.1049],[8.3326,32.5264],[8.2829,32.8364],[8.0868,33.0943],[8.0022,33.1084],[7.872,33.1841],[7.7507,33.2077],[7.725,33.2314],[7.6932,33.4541],[7.553,33.6587],[7.5342,33.7362],[7.4985,33.8],[7.4798,33.8939],[7.5175,34.095],[7.6315,34.1991],[7.7653,34.2447],[7.8315,34.4144],[8.0941,34.5301],[8.2365,34.6477],[8.2106,34.6812],[8.2666,34.7503],[8.2489,34.902],[8.3005,35.0677],[8.3137,35.1031],[8.4313,35.2417],[8.3174,35.2895],[8.2944,35.3251],[8.29,35.4026],[8.337,35.5379],[8.3236,35.6522],[8.2577,35.7503],[8.2414,35.8277],[8.2756,36.0368],[8.3171,36.1459],[8.3071,36.2436],[8.3544,36.3509],[8.3577,36.4304],[8.3492,36.4488],[8.2956,36.4687],[8.1679,36.4914],[8.1699,36.5258],[8.4304,36.6626],[8.4618,36.7328],[8.4067,36.768],[8.4131,36.7839],[8.6733,36.8309],[8.6364,36.8955],[8.642,36.941],[8.5906,37.1412],[8.4203,37.1209],[8.2603,37.1538],[7.7426,37.1767],[7.5449,37.2598],[7.3924,37.2915],[7.1851,37.2992],[6.7593,37.1877],[6.5904,37.2784],[6.4709,37.2981],[6.3446,37.2959],[6.2581,37.273],[6.1441,37.215],[5.9958,37.0639],[5.6387,37.0157],[5.5536,36.9872],[5.1704,36.9817],[4.8326,37.0957],[3.8521,37.1231],[3.2835,37.0212],[2.9224,37.0179],[2.7713,36.9872],[2.7191,36.94],[2.3978,36.8478],[2.3552,36.8555],[1.5216,36.7444],[1.3293,36.7521],[0.8212,36.6387],[0.6908,36.5538],[0.3845,36.439],[0.0597,36.2744],[-0.012,36.213],[-0.3715,36.1129],[-0.5407,36.0824],[-0.8205,35.9663],[-0.9524,35.9688],[-1.2061,35.9205],[-1.2809,35.8916],[-1.3493,35.8362],[-1.662,35.4637],[-1.8333,35.3636],[-1.9796,35.3216],[-2.2064,35.3371],[-2.2211,35.05],[-2.1938,35.0036],[-2.0612,34.9297],[-2.0163,34.9262],[-1.9797,34.8653],[-1.7695,34.7413],[-1.8711,34.5966],[-1.7507,34.4942],[-1.703,34.4797],[-1.8096,34.3725],[-1.7461,34.2903],[-1.6696,34.0792],[-1.7187,33.8981],[-1.7032,33.7618],[-1.7468,33.7024],[-1.6624,33.6447],[-1.6173,33.5544],[-1.6127,33.5215],[-1.6832,33.3692],[-1.6742,33.238],[-1.6236,33.1966],[-1.5714,33.112],[-1.4995,33.0602],[-1.503,32.9746],[-1.5588,32.9336],[-1.4233,32.7424],[-1.327,32.6989],[-1.032,32.4944],[-1.1232,32.4179],[-1.218,32.3926],[-1.2441,32.3569],[-1.2766,32.2009],[-1.3057,32.1737],[-1.3052,32.1512],[-1.2118,32.1583],[-1.1906,32.1252],[-1.2103,32.0897],[-1.4358,32.0867],[-2.5161,32.1322],[-2.6956,32.0897],[-2.8812,32.0763],[-2.9387,32.0486],[-2.8278,31.7946],[-3.0026,31.7736],[-3.2192,31.7177],[-3.5116,31.6727],[-3.5914,31.6783],[-3.6595,31.6478],[-3.6735,31.3892],[-3.7475,31.3852],[-3.8152,31.3372],[-3.815,31.2205],[-3.8428,31.1702],[-3.8393,31.1528],[-3.8108,31.1429],[-3.7489,31.1802],[-3.7314,31.1763],[-3.6897,31.1256],[-3.6241,31.0865],[-3.6087,31.0309],[-3.5547,30.9559],[-3.6595,30.8371],[-3.6455,30.7113],[-3.8342,30.6275],[-4.002,30.5925],[-4.1557,30.5855],[-4.2745,30.5576],[-4.3724,30.5086],[-4.4842,30.3828],[-4.624,30.285],[-4.8756,30.1802],[-5.1761,29.9775],[-5.2739,29.8866],[-5.4347,29.642],[-5.5395,29.5232],[-5.6373,29.4953],[-5.7212,29.5232],[-5.7562,29.6141],[-6.0008,29.5791],[-6.4131,29.5651],[-6.6996,29.5162],[-6.7835,29.4463],[-6.9582,29.5092],[-7.1469,29.5092],[-7.2588,29.4673],[-7.3496,29.3834],[-7.6195,29.3894],[-7.945,29.1762],[-8.0363,29.0999],[-8.2505,28.9948],[-8.3835,28.9058],[-8.4304,28.841],[-8.6488,28.7259],[-8.6788,28.6928],[-8.6683,27.3156],[-4.516,24.804],[1.1465,21.1017],[1.1801,20.9953],[1.1453,20.7959],[1.1546,20.7388],[1.2967,20.7335],[1.364,20.6577],[1.5597,20.5975],[1.644,20.5227],[1.6592,20.3975],[1.7781,20.3043],[1.855,20.2948],[1.8914,20.2318],[1.9553,20.2549],[2.0712,20.2133],[2.1613,20.2749],[2.2008,20.2739],[2.3165,20.1802],[2.4004,20.0566],[2.4593,20.0388]]]},"properties":{"id":"Q262","names":{"ab":"Алжир","af":"Algerië","am":"አልጄሪያ","an":"Alcheria","ar":"الجزائر","as":"আলজেৰিয়া","ay":"Alhirya","az":"Əlcəzair","ba":"Әлжәзәир","be":"Алжыр","bg":"Алжир","bh":"अल्जीरिया","bi":"Aljiria","bm":"Alizeri","bn":"আলজেরিয়া","bo":"ཨཱལ་ཇི་རི་ཡ།","br":"Aljeria","bs":"Alžir","ca":"Algèria","ce":"Алжазаира","ch":"Aljiria","co":"Algeria","cs":"Alžírsko","cu":"Алджаꙁаиръ","cv":"Алжир","cy":"Algeria","da":"Algeriet","de":"Algerien","dv":"ޖަޒާއިރު","ee":"Ɔldzeria","el":"Αλγερία","en":"Algeria","eo":"Alĝerio","es":"Argelia","et":"Alžeeria","eu":"Aljeria","fa":"الجزایر","ff":"Aljeri","fi":"Algeria","fo":"Algeria","fr":"Algérie","fy":"Algerije","ga":"An Ailgéir","gd":"Aildiria","gl":"Alxeria","gn":"Arhélia","gu":"અલ્જીરિયા","gv":"Yn Algear","ha":"Aljeriya","he":"אלג'יריה","hi":"अल्जीरिया","hr":"Alžir","ht":"Aljeri","hu":"Algéria","hy":"Ալժիր","ia":"Algeria","id":"Aljazair","ie":"Algeria","ig":"Algeria","ik":"Aljiriya","io":"Aljeria","is":"Alsír","it":"Algeria","ja":"アルジェリア","jv":"Algir","ka":"ალჟირი","kg":"Algeria","ki":"Algeria","kk":"Алжир","km":"អាល់ហ្សេរី","kn":"ಅಲ್ಜೀರಿಯ","ko":"알제리","ks":"اَلجیٖریا","ku":"Cezayir","kv":"Алжир","kw":"Aljeri","ky":"Алжир","la":"Algerium","lb":"Algerien","lg":"Algeria","li":"Algerije","ln":"Aljeria","lo":"ປະເທດອານເຊຣີ","lt":"Alžyras","lv":"Alžīrija","mg":"Aljeria","mi":"Aratiria","mk":"Алжир","ml":"അൾജീറിയ","mn":"Алжир","mr":"अल्जीरिया","ms":"Algeria","mt":"Alġerija","my":"အယ်လ်ဂျီးရီးယားနိုင်ငံ","nb":"Algerie","ne":"अल्जेरिया","nl":"Algerije","nn":"Algerie","nv":"Ghą́ą́ʼaskʼidii Biłikahii Bikéyah Ntsaaígíí","ny":"Algeria","oc":"Argeria","om":"Aljeeriyaa","or":"ଆଲଜେରିଆ","os":"Алжир","pa":"ਅਲਜੀਰੀਆ","pl":"Algieria","ps":"الجزایر","pt":"Argélia","qu":"Alhirya","rm":"Algeria","ro":"Algeria","ru":"Алжир","rw":"Aligeriya","sa":"अल्जीरिया","sc":"Algeria","sd":"الجزائر","se":"Algeria","sg":"Alazëri","si":"ඇල්ජීරියාව","sk":"Alžírsko","sl":"Alžirija","sm":"Algeria","sn":"Arujeriya","so":"Aljeeriya","sq":"Algjeria","sr":"Алжир","ss":"I-Alijeriya","st":"Algeria","su":"Aljazair","sv":"Algeriet","sw":"Aljeria","ta":"அல்சீரியா","te":"అల్జీరియా","tg":"Алҷазоир","th":"ประเทศแอลจีเรีย","ti":"አልጀሪያ","tk":"Alžir","tl":"Algeria","to":"ʻAlisilia","tr":"Cezayir","ts":"Algeriya","tt":"Алжир","tw":"Algeria","ty":"Areteria","ug":"ئالجىرىيە","uk":"Алжир","ur":"الجزائر","uz":"Jazoir","vo":"Laljerän","wa":"Aldjereye","wo":"Alseeri","xh":"E-Algeria","yi":"אלעזשיר","yo":"Àlgéríà","za":"Algeria","zh":"阿尔及利亚","zu":"I-Aljeriya"},"from":1963.779569892473,"to":null,"wikidata":"Q262","adminLevel":2,"source":"OpenHistoricalMap","sourceUrl":"https://www.openhistoricalmap.org"}},{"type":"Feature","geometry":{"type":"Polygon","coordinates":[[[11.6642,33.3488],[11.5533,33.3793],[11.3696,33.4756],[11.3355,33.6181],[11.2903,33.6902],[11.3022,33.7968],[11.2838,33.8911],[11.233,33.9604],[11.1595,34.0073],[11.2728,34.4453],[11.532,34.503],[11.7135,34.5773],[11.7691,34.635],[11.8656,34.7898],[11.8802,34.8548],[11.8676,34.9214],[11.8297,34.9799],[11.7468,35.0473],[11.6737,35.1502],[11.6014,35.1995],[11.3999,35.2888],[11.3533,35.3616],[11.2943,35.4028],[11.3204,35.4593],[11.3272,35.5272],[11.2727,35.7078],[11.2926,35.8159],[11.2524,35.9088],[11.1879,35.9669],[11.1044,35.9997],[11.0124,36.0044],[10.9094,35.9786],[10.8164,35.9894],[10.7611,36.0555],[10.7141,36.1495],[10.7285,36.2141],[10.9101,36.272],[11.0083,36.3386],[11.1563,36.5847],[11.2071,36.6472],[11.3084,36.705],[11.3561,36.7702],[11.3791,36.8269],[11.3839,36.901],[11.3448,36.985],[11.3176,37.1037],[11.2854,37.1598],[11.2105,37.2352],[11.1281,37.2749],[10.8301,37.3429],[10.3766,37.3803],[10.3673,37.4236],[10.3268,37.483],[10.2623,37.5277],[10.1805,37.5552],[10.0566,37.5511],[9.9697,37.5152],[9.7919,37.5451],[9.6443,37.5413],[9.4802,37.4956],[9.3607,37.5024],[9.2828,37.48],[9.2141,37.4397],[9.1829,37.4394],[9.2086,37.5024],[9.2035,37.6014],[9.1667,37.671],[9.1118,37.718],[9.0627,37.7425],[8.96,37.7609],[8.8787,37.7514],[8.8028,37.7213],[8.6679,37.6197],[8.6201,37.5282],[8.6226,37.4561],[8.6771,37.3658],[8.7455,37.3229],[8.8708,37.2921],[8.7963,37.2424],[8.7317,37.1702],[8.5906,37.1412],[8.642,36.941],[8.6364,36.8955],[8.6733,36.8309],[8.4131,36.7839],[8.4067,36.768],[8.4618,36.7328],[8.4304,36.6626],[8.1699,36.5258],[8.1679,36.492],[8.3338,36.4564],[8.3577,36.4304],[8.3554,36.3561],[8.3071,36.2436],[8.3171,36.1459],[8.2756,36.0368],[8.2414,35.8277],[8.2577,35.7503],[8.3236,35.6522],[8.337,35.5379],[8.29,35.4026],[8.2944,35.3251],[8.3174,35.2895],[8.4313,35.2417],[8.3137,35.1031],[8.3005,35.0677],[8.2489,34.902],[8.2666,34.7503],[8.2106,34.6812],[8.2365,34.6477],[8.0941,34.5301],[7.8315,34.4144],[7.7653,34.2447],[7.6315,34.1991],[7.5175,34.095],[7.4798,33.8939],[7.4985,33.8],[7.5342,33.7362],[7.553,33.6587],[7.7082,33.4149],[7.7097,33.2782],[7.725,33.2314],[7.7507,33.2077],[7.872,33.1841],[8.0022,33.1084],[8.0868,33.0943],[8.2829,32.8364],[8.3313,32.5276],[9.0199,32.1049],[9.045,32.0718],[9.4914,30.339],[9.5564,30.228],[9.7796,30.321],[9.8705,30.3368],[9.9439,30.3834],[10.0072,30.4698],[10.0644,30.5063],[10.219,30.7042],[10.272,30.8007],[10.3055,30.895],[10.2753,31.0338],[10.2923,31.0895],[10.2662,31.122],[10.2627,31.1869],[10.2036,31.2838],[10.1339,31.4788],[10.2121,31.5662],[10.2764,31.6726],[10.3887,31.7393],[10.527,31.7409],[10.6349,31.8791],[10.6137,31.9177],[10.6399,31.9448],[10.6334,31.957],[10.6508,31.9749],[10.7214,31.9679],[10.7952,31.9982],[10.8833,32.1235],[11.071,32.227],[11.3561,32.3208],[11.4375,32.3752],[11.4626,32.3689],[11.5466,32.4078],[11.595,32.4543],[11.5934,32.5277],[11.5514,32.581],[11.5066,32.6074],[11.4832,32.6562],[11.5032,32.8445],[11.4954,32.9185],[11.5278,32.9862],[11.526,33.077],[11.6642,33.3488]]]},"properties":{"id":"Q948","names":{"ab":"Тунис","af":"Tunisië","am":"ቱኒዚያ","an":"Tunicia","as":"তুনিছিয়া","az":"Tunis","ba":"Тунис","be":"Туніс","bg":"Тунис","bh":"ट्यूनीशिया","bi":"Tunisia","bm":"Tunizi","bn":"তিউনিসিয়া","bo":"ཏུ་ནི་ཤི་ཡ།","br":"Tunizia","bs":"Tunis","ca":"Tunísia","ce":"Тунис","co":"Tunisia","cs":"Tunisko","cv":"Тунис","cy":"Tiwnisia","da":"Tunesien","de":"Tunesien","dv":"ތޫނިސް","ee":"Tunisia","el":"Τυνησία","en":"Tunisia","eo":"Tunizio","es":"Túnez","et":"Tuneesia","eu":"Tunisia","ff":"Tuniisi","fi":"Tunisia","fo":"Tunesia","fr":"Tunisie","fy":"Tuneezje","ga":"An Túinéis","gd":"Tuinisia","gl":"Tunisia","gn":"Tunísia","gu":"ટ્યુનિશિયા","gv":"Yn Tooneesh","ha":"Tunisiya","he":"תוניסיה","hi":"तूनिसीया","hr":"Tunis","ht":"Tinizi","hu":"Tunézia","hy":"Թունիս","ia":"Tunisia","id":"Tunisia","ie":"Tunisia","ig":"Tunisia","io":"Tunizia","is":"Túnis","it":"Tunisia","ja":"チュニジア","jv":"Tunis","ka":"ტუნისი","kg":"Tunisia","ki":"Tunisia","kk":"Тунис","km":"ទុយនីស៊ី","kn":"ಟುನೀಶಿಯ","ko":"튀니지","ku":"Tûnis","kw":"Tunisi","ky":"Тунис","la":"Tunesia","lb":"Tunesien","lg":"Tunisia","li":"Tunesië","ln":"Tunisia","lo":"ຕູນິເຊຍ","lt":"Tunisas","lv":"Tunisija","mg":"Tonizia","mi":"Tūnihia","mk":"Тунис","ml":"ടുണീഷ്യ","mn":"Тунис","mr":"ट्युनिसिया","ms":"Tunisia","mt":"Tuneżija","my":"တူနီးရှားနိုင်ငံ","nb":"Tunisia","ne":"ट्युनिसिया","nl":"Tunesië","nn":"Tunisia","nv":"Ghą́ą́ʼaskʼidii Biłikahii Bikéyah Yázhí","oc":"Tunisia","om":"Tuniisiyaa","or":"ଟ୍ୟୁନିସିଆ","os":"Тунис","pa":"ਟੁਨੀਸ਼ੀਆ","pl":"Tunezja","pt":"Tunísia","qu":"Tunisya","rm":"Tunesia","ro":"Tunisia","ru":"Тунис","rw":"Tunisiya","sa":"टुनिशिया","sc":"Tunisia","sd":"تيونس","se":"Tunisia","sg":"Tunizïi","si":"ටියුනීසියාව","sk":"Tunisko","sl":"Tunizija","sm":"Tunisia","sn":"Tunisia","so":"Tunisiya","sq":"Tunizia","sr":"Тунис","ss":"IThunisiya","st":"Tunisia","su":"Tunisia","sv":"Tunisien","sw":"Tunisia","ta":"தூனிசியா","te":"ట్యునీషియా","tg":"Тунис","th":"ประเทศตูนิเซีย","ti":"ቱኒዝያ","tk":"Tunis","tl":"Tunisia","tn":"Tunisia","tr":"Tunus","ts":"Tunisia","tt":"Тунис","tw":"Tunisia","ug":"تۇنىس","uk":"Туніс","uz":"Tunis","vi":"Tunisia","vo":"Tünisän","wa":"Tunizeye","wo":"Tiniisi","yi":"טוניסיע","yo":"Tunisia","za":"Tunisia","zh":"突尼西亞","zu":"IThuniziya"},"from":1973.0860215053763,"to":null,"wikidata":"Q948","adminLevel":2,"source":"OpenHistoricalMap","sourceUrl":"https://www.openhistoricalmap.org"}},{"type":"Feature","geometry":{"type":"MultiPolygon","coordinates":[[[[49.0987,41.4255],[48.7597,41.7764],[48.6361,41.8666],[48.5832,41.8353],[48.5552,41.7819],[48.4185,41.6521],[48.4128,41.6232],[48.3773,41.591],[48.2919,41.564],[48.2329,41.52],[48.0648,41.4923],[48.0542,41.4671],[48.0643,41.46],[48.0025,41.4247],[47.9984,41.3706],[47.9547,41.3544],[47.9669,41.3186],[47.8984,41.2988],[47.9106,41.2554],[47.8856,41.2194],[47.8187,41.2196],[47.7857,41.188],[47.7483,41.1874],[47.7011,41.2257],[47.6205,41.2371],[47.5549,41.1994],[47.5068,41.2253],[47.4984,41.2684],[47.3702,41.2746],[47.2644,41.3354],[47.2601,41.3956],[47.2242,41.3985],[47.2422,41.4448],[47.2184,41.4456],[47.1919,41.4883],[47.1581,41.4991],[47.1719,41.5219],[47.1354,41.5478],[47.1129,41.5948],[47.0753,41.5784],[47.0725,41.559],[47.0195,41.556],[47.0163,41.58],[46.9911,41.5998],[47.0089,41.6228],[46.9995,41.6413],[46.9274,41.6767],[46.915,41.7266],[46.869,41.719],[46.8312,41.7601],[46.8078,41.7615],[46.7716,41.7953],[46.7809,41.8119],[46.7613,41.8559],[46.7229,41.8485],[46.7115,41.8271],[46.6243,41.8346],[46.5853,41.8028],[46.5568,41.8216],[46.5539,41.8603],[46.527,41.8843],[46.5008,41.8877],[46.4485,41.8632],[46.422,41.908],[46.4009,41.8479],[46.3017,41.7785],[46.2423,41.7581],[46.2048,41.7727],[46.1798,41.7099],[46.2049,41.6563],[46.1953,41.63],[46.2501,41.6],[46.2648,41.631],[46.2785,41.6009],[46.3222,41.6087],[46.3446,41.572],[46.3048,41.5763],[46.3045,41.5483],[46.3252,41.5392],[46.3477,41.4927],[46.4035,41.4832],[46.3939,41.478],[46.4261,41.4718],[46.4326,41.4537],[46.5083,41.4129],[46.6159,41.3931],[46.6106,41.3839],[46.6427,41.3737],[46.6268,41.3646],[46.636,41.3585],[46.6577,41.371],[46.6659,41.3404],[46.6941,41.3284],[46.6992,41.2975],[46.7317,41.2888],[46.6623,41.2082],[46.6665,41.1723],[46.6389,41.1061],[46.5525,41.1126],[46.4945,41.0555],[46.468,41.0696],[46.4582,41.0992],[46.3738,41.1046],[46.2719,41.1904],[46.1352,41.2045],[46.0928,41.1728],[46.0672,41.1886],[45.9491,41.1788],[45.8832,41.2118],[45.8078,41.2227],[45.7408,41.2597],[45.7024,41.2965],[45.7362,41.34],[45.7579,41.344],[45.7526,41.3535],[45.6779,41.3572],[45.6397,41.3791],[45.5845,41.375],[45.5692,41.4031],[45.4647,41.4542],[45.3994,41.4273],[45.3142,41.4719],[45.2585,41.4641],[45.2205,41.4277],[45.179,41.4234],[45.0927,41.3397],[45.0199,41.3023],[45.0626,41.2462],[45.0248,41.1962],[45.0494,41.2051],[45.0892,41.1785],[45.1214,41.2052],[45.2043,41.1518],[45.1732,41.1185],[45.0989,41.1199],[45.0712,41.0998],[45.076,41.0726],[45.0595,41.0513],[45.103,41.0634],[45.1018,41.0461],[45.1159,41.0498],[45.13,41.095],[45.1643,41.0809],[45.1663,41.0485],[45.1932,41.05],[45.2581,41.004],[45.2621,41.0269],[45.2867,41.0408],[45.3182,41.0007],[45.3623,40.9961],[45.3988,41.0245],[45.4275,41.0211],[45.4404,41.0124],[45.4073,40.9865],[45.4223,40.9588],[45.4548,40.9706],[45.4842,40.9394],[45.4812,40.9235],[45.5572,40.9001],[45.5581,40.8833],[45.603,40.8807],[45.5942,40.8254],[45.5461,40.7753],[45.4035,40.7304],[45.3964,40.6962],[45.3748,40.7049],[45.3642,40.6524],[45.3974,40.6299],[45.3882,40.6159],[45.4629,40.5794],[45.4307,40.5402],[45.4501,40.4998],[45.5126,40.4711],[45.511,40.4553],[45.5573,40.4293],[45.5924,40.4284],[45.6365,40.3961],[45.6496,40.367],[45.6968,40.3665],[45.9592,40.2759],[45.9555,40.251],[45.9335,40.2578],[45.9797,40.212],[45.9618,40.1238],[45.9041,40.1046],[45.911,40.0739],[45.8815,40.0214],[45.8394,39.9919],[45.7943,40.0259],[45.6736,40.0309],[45.6042,40.0047],[45.6105,39.9742],[45.6993,39.9691],[45.7199,39.9516],[45.799,39.9358],[45.8047,39.9173],[45.7885,39.9051],[45.8277,39.825],[45.9788,39.7864],[46.0564,39.7151],[46.0691,39.6987],[46.0588,39.6911],[46.0792,39.6769],[46.0977,39.6866],[46.156,39.652],[46.178,39.5797],[46.2064,39.606],[46.2493,39.601],[46.3575,39.6395],[46.3709,39.6205],[46.4083,39.6316],[46.4132,39.5799],[46.4305,39.5692],[46.5208,39.5843],[46.5755,39.5562],[46.5875,39.5289],[46.5448,39.5465],[46.4991,39.5189],[46.5353,39.4679],[46.4854,39.4835],[46.4559,39.4482],[46.3969,39.4571],[46.3806,39.4358],[46.3827,39.4014],[46.4089,39.3614],[46.4685,39.3317],[46.5042,39.343],[46.5382,39.3088],[46.52,39.298],[46.5534,39.2543],[46.6342,39.231],[46.5754,39.217],[46.5867,39.2008],[46.5371,39.1585],[46.5163,39.2132],[46.4981,39.1953],[46.5086,39.1769],[46.4643,39.2004],[46.4316,39.1877],[46.4398,39.155],[46.4967,39.1504],[46.484,39.1333],[46.537,39.0847],[46.5181,39.0618],[46.5542,39.0571],[46.5359,39.0381],[46.5465,39.0018],[46.5181,38.995],[46.5238,38.9701],[46.5077,38.9611],[46.5378,38.9048],[46.5338,38.8674],[46.6548,38.9542],[46.6933,39.0148],[46.7532,39.0259],[46.7663,39.068],[46.8325,39.1134],[46.8482,39.1408],[46.9259,39.1632],[46.9625,39.1405],[47.0188,39.1669],[47.0621,39.2063],[47.0542,39.2157],[47.0804,39.266],[47.3119,39.3699],[47.3825,39.4573],[47.5643,39.5146],[47.6686,39.5779],[47.7381,39.597],[47.8155,39.6587],[47.917,39.6602],[47.9857,39.7088],[48.0314,39.6916],[48.3684,39.3804],[48.2652,39.3341],[48.2103,39.3286],[48.1293,39.2712],[48.149,39.1988],[48.2202,39.1631],[48.2346,39.1301],[48.3076,39.1082],[48.3393,39.0367],[48.3298,39.0127],[48.2696,38.9672],[48.0884,38.9467],[48.0707,38.911],[48.0283,38.8992],[48.0166,38.9105],[48.021,38.8375],[48.1071,38.789],[48.1073,38.7698],[48.1738,38.7618],[48.2496,38.7265],[48.2526,38.6622],[48.2948,38.6465],[48.3149,38.6043],[48.3619,38.5948],[48.4589,38.6085],[48.4622,38.5643],[48.5061,38.5465],[48.5126,38.5185],[48.5908,38.4559],[48.5996,38.4175],[48.6625,38.3922],[48.7384,38.4106],[48.7905,38.4515],[48.9453,38.4443],[48.9304,38.7435],[48.9022,38.8195],[48.9688,38.8862],[49.0023,38.9701],[48.9939,39.1402],[49.0313,39.1535],[49.0934,39.0936],[49.171,39.08],[49.1394,39.0733],[49.0529,39.0098],[49.0172,38.9495],[49.078,38.8996],[49.146,38.8984],[49.1992,38.9216],[49.2411,38.975],[49.2414,39.0749],[49.2862,39.1382],[49.3001,39.2522],[49.319,39.253],[49.3399,39.1998],[49.4021,39.1857],[49.4429,39.1998],[49.4807,39.2376],[49.4907,39.3035],[49.4644,39.3725],[49.3355,39.4961],[49.3358,39.5499],[49.3791,39.629],[49.4409,39.5888],[49.4931,39.6044],[49.5099,39.6298],[49.4532,39.7616],[49.5102,39.7589],[49.5792,39.7051],[49.6489,39.7397],[49.6541,39.7655],[49.604,39.8212],[49.6012,39.8589],[49.4938,39.8847],[49.4793,39.896],[49.4855,39.9132],[49.5446,39.9213],[49.5645,39.9645],[49.5803,39.9676],[49.6881,39.9482],[49.7063,39.9824],[49.6627,40.0571],[49.5247,40.1209],[49.5123,40.1369],[49.5284,40.1613],[49.7955,40.2599],[50.0139,40.2413],[50.1183,40.2772],[50.1639,40.3206],[50.2745,40.2866],[50.3019,40.2473],[50.3139,40.1694],[50.3898,40.1511],[50.4331,40.1873],[50.4595,40.2531],[50.4248,40.3591],[50.4777,40.3408],[50.4753,40.2633],[50.5213,40.2376],[50.6003,40.2337],[50.6549,40.2549],[50.694,40.2989],[50.6827,40.3489],[50.6583,40.3714],[50.4097,40.4684],[50.3418,40.5485],[50.3033,40.5629],[50.1893,40.5495],[50.1413,40.5702],[50.0928,40.6348],[49.7444,40.6137],[49.7039,40.6611],[49.6184,40.6668],[49.5902,40.6856],[49.5796,40.7405],[49.6149,40.7821],[49.6108,40.8148],[49.5847,40.839],[49.4498,40.8832],[49.3987,40.9161],[49.295,41.025],[49.2078,41.1905],[49.159,41.3382],[49.0987,41.4255]]],[[[44.7639,39.7145],[44.8152,39.6566],[44.8162,39.6152],[44.8605,39.6027],[44.8776,39.6136],[44.8729,39.5994],[44.8927,39.5991],[44.8941,39.5786],[44.9155,39.5671],[44.9096,39.5282],[44.9496,39.4951],[44.9417,39.4639],[44.9689,39.4517],[44.9642,39.4221],[45.0532,39.3823],[45.0862,39.3519],[45.0826,39.3314],[45.1283,39.3024],[45.1503,39.2115],[45.1739,39.2179],[45.3378,39.1725],[45.4026,39.0984],[45.4013,39.076],[45.4563,39.0521],[45.4376,39.0131],[45.4478,38.9956],[45.5415,38.9648],[45.5805,38.9788],[45.6159,38.9456],[45.6893,38.9512],[45.8154,38.9053],[45.8467,38.9105],[45.9099,38.8738],[45.944,38.8967],[46.0119,38.8722],[46.0577,38.8869],[46.1396,38.845],[46.1495,38.8938],[46.1089,38.9534],[46.1018,39.0154],[46.0758,39.0314],[46.0693,39.0799],[46.0187,39.1085],[46.0282,39.1328],[46.0037,39.1495],[46.0002,39.1856],[45.9829,39.1966],[45.9876,39.245],[46.0062,39.2622],[45.9996,39.2906],[45.8622,39.3566],[45.7922,39.3703],[45.8043,39.4291],[45.8407,39.4601],[45.8136,39.4846],[45.8249,39.5045],[45.7989,39.5717],[45.6943,39.6036],[45.6227,39.5627],[45.5751,39.5667],[45.5629,39.544],[45.5366,39.543],[45.4734,39.4914],[45.4313,39.5326],[45.3144,39.5545],[45.2985,39.5833],[45.305,39.6129],[45.2421,39.6122],[45.2252,39.6014],[45.2271,39.5806],[45.169,39.5913],[45.1865,39.6495],[45.1726,39.6639],[45.1867,39.6805],[45.1477,39.7122],[45.1217,39.7598],[45.0611,39.7945],[44.9508,39.7271],[44.9066,39.7285],[44.8875,39.7492],[44.7639,39.7145]]]]},"properties":{"id":"Q227","names":{"ab":"Азербаиџьан","af":"Azerbeidjan","am":"አዘርባይጃን","an":"Azerbaichán","ar":"أذربيجان","as":"আজেৰবাইজান","av":"Азарбижан","ay":"Asar suyu","az":"Azərbaycan","ba":"Әзербайжан","be":"Азербайджан","bg":"Азербайджан","bh":"अज़रबैजान","bi":"Asebaijan","bn":"আজারবাইজান","bo":"ཨ་ཟེ་རྦཡི་ཇན།","br":"Azerbaidjan","bs":"Azerbejdžan","ca":"Azerbaidjan","ce":"Азербайджан","co":"Azerbaighjan","cs":"Ázerbájdžán","cu":"Аꙁѣрбаичанъ","cv":"Азербайджан","cy":"Aserbaijan","da":"Aserbajdsjan","de":"Aserbaidschan","dv":"އަޒަރުބައިޖާން","dz":"ཨཛར་བཡེ་ཇན","ee":"Azerbaijan","el":"Αζερμπαϊτζάν","en":"Azerbaijan","eo":"Azerbajĝano","es":"Azerbaiyán","et":"Aserbaidžaan","eu":"Azerbaijan","fa":"جمهوری آذربایجان","ff":"Aserbayjan","fi":"Azerbaidžan","fj":"Azerbaijan","fo":"Aserbadsjan","fr":"Azerbaïdjan","fy":"Azerbeidzjan","ga":"An Asarbaiseáin","gd":"Asarbaideàn","gl":"Azerbaidján","gn":"Aservaijã","gu":"અઝેરબીજાન","gv":"Yn Asserbajaan","ha":"Azerbaijan","he":"אזרבייג'ן","hi":"अज़रबाइजान","hr":"Azerbajdžan","ht":"Azèbayidjan","hu":"Azerbajdzsán","hy":"Ադրբեջան","ia":"Azerbaijan","id":"Azerbaijan","ie":"Azerbaidjan","ig":"Azerbaijan","io":"Azerbaijan","is":"Aserbaísjan","it":"Azerbaigian","ja":"アゼルバイジャン","jv":"Azerbaijan","ka":"აზერბაიჯანი","kg":"Azerbaidjan","ki":"Azerbaijan","kk":"Әзербайжан","km":"អាស៊ែបៃសង់","kn":"ಅಜೆರ್ಬೈಜಾನ್","ko":"아제르바이잔","ks":"آذرِبایجان","ku":"Azerbaycan","kv":"Азербайджан","kw":"Azerbayjan","ky":"Азербайжан","la":"Atropatene","lb":"Aserbaidjan","li":"Azerbeidzjan","ln":"Azɛrbayzáni","lo":"ປະເທດອາແຊກໄບຊານ","lt":"Azerbaidžanas","lv":"Azerbaidžāna","mg":"Azerbaijàna","mi":"Atepaihānia","mk":"Азербејџан","ml":"അസർബെയ്ജാൻ","mn":"Азербайжан","mr":"अझरबैजान","ms":"Azerbaijan","mt":"Ażerbajġan","my":"အဇာဘိုင်ဂျန်နိုင်ငံ","nb":"Aserbajdsjan","ne":"अजरबैजान","nl":"Azerbeidzjan","nn":"Aserbajdsjan","nv":"Daakǫʼ Dineʼé Bikéyah","ny":"Azerbaijan","oc":"Azerbaitjan","om":"Azarbaajan","or":"ଆଜରବାଇଜାନ","os":"Азербайджан","pa":"ਆਜ਼ਰਬਾਈਜਾਨ","pdt":"Aserbaidschan","pl":"Azerbejdżan","ps":"اذربایجان","pt":"Azerbaijão","qu":"Asarsuyu","rm":"Aserbeidschan","rn":"Azerbaijan","ro":"Azerbaidjan","ru":"Азербайджан","rw":"Azeribayijani","sa":"अजर्बैजान","sc":"Azerbaigián","sd":"آذربائيجان","se":"Azerbaižan","sg":"Zerebaidyäan","si":"අසර්බයිජානය","sk":"Azerbajdžan","sl":"Azerbajdžan","sm":"Azerbaijin","so":"Aserbiijaan","sq":"Azerbajxhani","sr":"Азербејџан","ss":"IZebajani","st":"Azerbaijan","su":"Azerbaijan","sv":"Azerbajdzjan","sw":"Azerbaijan","ta":"அசர்பைஜான்","te":"అజర్‌బైజాన్","tg":"Озарбойҷон","th":"ประเทศอาเซอร์ไบจาน","tk":"Azarbeýjan","tl":"Aserbayan","tn":"Azerbaijan","to":"ʻAsapaisani","tr":"Azerbaycan","ts":"Azerbaijan","tt":"Әзербайҗан","tw":"Azerbaijan","ty":"Atepaihānia","ug":"ئەزەربەيجان","uk":"Азербайджан","ur":"آذربائیجان","uz":"Ozarbayjon","vi":"Azerbaijan","vo":"Lasärbäcän","wa":"Azerbayidjan","wo":"Aserbayjaan","yi":"אזערביידזשאן","yo":"Azerbaijan","za":"Ahsehbaiqgyangh","zh":"阿塞拜疆","zu":"Azerbaijan"},"from":1991.983870967742,"to":2018.6129032258063,"wikidata":"Q227","adminLevel":2,"source":"OpenHistoricalMap","sourceUrl":"https://www.openhistoricalmap.org"}},{"type":"Feature","geometry":{"type":"Polygon","coordinates":[[[26.2483,39.4233],[26.3466,39.437],[26.4647,39.4239],[26.4937,39.2823],[26.5552,39.224],[26.6362,39.188],[26.7118,39.0868],[26.6949,38.9782],[26.7055,38.9084],[26.7243,38.8737],[26.7787,38.832],[26.6714,38.7989],[26.6204,38.752],[26.6078,38.6984],[26.5572,38.7351],[26.4207,38.7592],[26.318,38.7311],[26.2795,38.7054],[26.2578,38.6674],[26.2539,38.613],[26.3235,38.5394],[26.3429,38.4979],[26.3025,38.4603],[26.2301,38.4361],[26.2116,38.3871],[26.2205,38.3453],[26.1908,38.3188],[26.1734,38.2519],[26.2119,38.1677],[26.2431,38.1803],[26.3478,38.1492],[26.5064,38.0464],[26.6345,38.0283],[26.6873,38.0578],[26.7125,38.1001],[26.7435,38.0863],[26.758,38.022],[26.7853,37.9798],[26.8287,37.9534],[26.9113,37.9457],[26.9721,37.9844],[27.0314,37.9418],[27.1365,37.9043],[27.1232,37.8648],[27.1649,37.7806],[27.096,37.7043],[26.9929,37.6903],[26.9423,37.6414],[26.9512,37.5709],[27.0668,37.5433],[27.0923,37.5003],[27.094,37.3981],[27.2174,37.242],[27.1517,37.188],[27.1013,37.1778],[27.1313,37.1669],[27.1509,37.0836],[27.1348,37.0523],[27.1408,37.029],[27.1186,37.0085],[27.2382,36.9353],[27.3208,36.9204],[27.3903,36.9322],[27.4518,36.8813],[27.6118,36.8873],[27.5236,36.8373],[27.4617,36.8553],[27.3916,36.8035],[27.2617,36.7428],[27.2728,36.6576],[27.3352,36.5813],[27.4771,36.5467],[27.5889,36.5781],[27.6232,36.5654],[27.6987,36.6064],[27.7771,36.6984],[27.8745,36.7048],[27.907,36.6951],[27.9274,36.6418],[27.929,36.5339],[27.9639,36.4618],[28.1337,36.5069],[28.2352,36.5556],[28.2351,36.6095],[28.3417,36.6511],[28.3941,36.6964],[28.4588,36.6919],[28.5022,36.7091],[28.5434,36.6501],[28.5963,36.622],[28.6625,36.6123],[28.7814,36.4949],[28.8504,36.4893],[28.911,36.5265],[28.9478,36.4799],[29.0025,36.461],[29.0117,36.4385],[28.9997,36.3842],[29.0289,36.3319],[29.1035,36.278],[29.1807,36.246],[29.3004,36.1375],[29.3461,36.128],[29.3469,36.159],[29.4671,36.1655],[29.5113,36.1841],[29.5374,36.1627],[29.6152,36.1681],[29.6121,36.1511],[29.6834,36.0812],[29.6321,36.0571],[29.7295,35.9222],[29.8284,35.9348],[30.1128,36.0439],[30.1975,36.0579],[30.2838,36.0017],[30.3776,35.9763],[30.4736,35.9822],[30.5595,36.0175],[30.6901,36.1252],[30.7631,36.2686],[30.8046,36.4801],[30.835,36.5498],[30.8339,36.6419],[30.8446,36.6478],[30.977,36.6563],[31.2119,36.6204],[31.2873,36.5802],[31.4409,36.5346],[31.5518,36.4672],[31.8088,36.3837],[31.9247,36.3305],[32.1043,36.1077],[32.2458,36],[32.3768,35.9303],[32.583,35.8542],[32.7951,35.8151],[32.8998,35.8311],[32.992,35.8821],[33.0761,35.8693],[33.1533,35.878],[33.2632,35.9278],[33.5374,35.9192],[33.7377,35.9378],[33.8172,35.9631],[33.9379,36.032],[34.0698,36.0514],[34.264,36.1902],[34.3296,36.3147],[34.4504,36.4329],[34.7072,36.5951],[34.7866,36.548],[34.9161,36.5197],[35.1512,36.4079],[35.5939,36.1584],[35.692,36.0338],[35.9311,35.9192],[36.0054,35.9416],[36.0177,35.9206],[36.0096,35.8801],[36.1034,35.8681],[36.1566,35.8129],[36.1744,35.9138],[36.1979,35.9473],[36.2556,35.963],[36.2885,35.9526],[36.2903,36.0106],[36.3363,35.9883],[36.3729,36.007],[36.3898,36.0401],[36.3722,36.1236],[36.3843,36.1399],[36.3687,36.166],[36.3962,36.1881],[36.395,36.2252],[36.4607,36.1988],[36.5118,36.2424],[36.6254,36.2141],[36.6248,36.2342],[36.6621,36.2288],[36.6955,36.2465],[36.683,36.2788],[36.695,36.2945],[36.6624,36.2981],[36.6575,36.3389],[36.6006,36.3402],[36.6187,36.3575],[36.5654,36.4224],[36.5446,36.5015],[36.5776,36.5392],[36.5887,36.5826],[36.5741,36.6594],[36.6271,36.7042],[36.6172,36.7496],[36.6657,36.7985],[36.6652,36.827],[36.9949,36.7648],[36.9939,36.7446],[37.0464,36.7238],[37.0163,36.6895],[37.0207,36.6662],[37.0859,36.6346],[37.1058,36.6721],[37.1679,36.6581],[37.213,36.6736],[37.4436,36.633],[37.4708,36.635],[37.4953,36.6736],[37.6568,36.7484],[37.7794,36.749],[37.9358,36.8164],[38.0242,36.8298],[38.0417,36.862],[38.2397,36.924],[38.3887,36.9027],[38.5524,36.8456],[38.7449,36.707],[39.0278,36.7098],[39.2087,36.6695],[39.8166,36.7562],[40.0273,36.8258],[40.0597,36.8546],[40.1857,36.8793],[40.358,36.9637],[40.4094,37.0138],[40.5281,37.0278],[40.7709,37.1268],[40.815,37.1235],[40.8323,37.1071],[40.911,37.132],[41.1569,37.096],[41.2148,37.0624],[41.2674,37.0798],[41.5119,37.078],[41.6472,37.117],[41.7897,37.1282],[42.0299,37.1814],[42.0848,37.2075],[42.2149,37.3205],[42.2245,37.3168],[42.2056,37.2812],[42.2871,37.277],[42.3415,37.2345],[42.3478,37.2162],[42.3203,37.1854],[42.3532,37.1315],[42.3508,37.1023],[42.462,37.1391],[42.5726,37.1438],[42.6622,37.2721],[42.6969,37.291],[42.6902,37.3102],[42.7369,37.32],[42.7465,37.3477],[42.7961,37.3792],[42.8255,37.3705],[42.8342,37.3441],[42.956,37.3131],[43.0311,37.3554],[43.1496,37.3723],[43.2407,37.3455],[43.3055,37.3035],[43.3241,37.3233],[43.3576,37.3274],[43.5132,37.2401],[43.572,37.2546],[43.6267,37.2207],[43.6952,37.2346],[43.8064,37.2263],[43.8307,37.1927],[43.8551,37.2238],[43.9162,37.2231],[43.9547,37.2873],[43.9932,37.2987],[44.0204,37.3281],[44.0679,37.3136],[44.1182,37.3215],[44.2289,37.2822],[44.2702,37.2386],[44.2782,37.1676],[44.2208,37.1542],[44.1839,37.1015],[44.2314,37.0489],[44.2232,37.0351],[44.2507,36.9839],[44.31,36.9631],[44.3598,37.0221],[44.3564,37.0495],[44.465,37.0737],[44.6305,37.1893],[44.767,37.1663],[44.7782,37.149],[44.7528,37.1931],[44.783,37.2588],[44.8201,37.2937],[44.6484,37.4138],[44.5853,37.4901],[44.6265,37.5751],[44.6017,37.7012],[44.5056,37.7707],[44.2969,37.8553],[44.2419,37.9507],[44.3573,38.1583],[44.3765,38.2252],[44.5166,38.305],[44.5056,38.3417],[44.4342,38.3718],[44.3161,38.374],[44.2998,38.3944],[44.3196,38.4084],[44.3023,38.447],[44.3228,38.4841],[44.3102,38.5304],[44.321,38.6251],[44.2704,38.6514],[44.2823,38.6764],[44.2556,38.7186],[44.2808,38.7337],[44.2879,38.7837],[44.3145,38.8071],[44.2998,38.8406],[44.2459,38.8515],[44.245,38.8704],[44.2117,38.8989],[44.2153,38.9206],[44.1919,38.9347],[44.189,38.98],[44.1723,38.9896],[44.1794,39.0102],[44.2126,39.0209],[44.1913,39.0732],[44.2241,39.1027],[44.1669,39.1776],[44.0984,39.204],[44.1034,39.2406],[44.0888,39.2477],[44.1072,39.2842],[44.08,39.2943],[44.0742,39.3355],[44.0335,39.377],[44.0717,39.4129],[44.1856,39.403],[44.2193,39.4187],[44.2941,39.377],[44.3765,39.4129],[44.4215,39.4113],[44.4342,39.4423],[44.4085,39.4717],[44.4387,39.5022],[44.416,39.5565],[44.4802,39.6106],[44.4872,39.6434],[44.4673,39.6841],[44.6118,39.7808],[44.6612,39.7193],[44.7112,39.7134],[44.8036,39.6355],[44.8179,39.6514],[44.7698,39.7131],[44.7476,39.7164],[44.745,39.7433],[44.7258,39.7408],[44.7108,39.77],[44.6873,39.772],[44.6861,39.7967],[44.6564,39.7923],[44.6192,39.8263],[44.5911,39.8295],[44.5894,39.8606],[44.4883,39.9601],[44.3511,40.0275],[44.2474,40.0493],[44.1714,40.0273],[43.9018,40.0214],[43.7683,40.0831],[43.7138,40.0808],[43.6581,40.1123],[43.6593,40.1515],[43.7157,40.1622],[43.7128,40.1719],[43.6591,40.2208],[43.6761,40.225],[43.68,40.2546],[43.6441,40.2706],[43.5964,40.3391],[43.6185,40.3937],[43.6095,40.4345],[43.5487,40.473],[43.5717,40.5041],[43.6376,40.5221],[43.6428,40.5554],[43.6701,40.5701],[43.7478,40.6792],[43.7473,40.7338],[43.6824,40.8416],[43.6715,40.937],[43.5783,40.9931],[43.4684,41.0312],[43.4714,41.0682],[43.4474,41.0993],[43.4741,41.123],[43.4489,41.1755],[43.3705,41.2021],[43.2315,41.1739],[43.195,41.2522],[43.1324,41.2521],[43.2057,41.2876],[43.2135,41.3058],[43.1394,41.3178],[43.1017,41.3536],[43.0253,41.3733],[42.9642,41.4515],[42.9052,41.4769],[42.8906,41.5027],[42.8479,41.4731],[42.8009,41.4969],[42.8309,41.5865],[42.7809,41.5769],[42.7007,41.6002],[42.5986,41.5825],[42.5746,41.5602],[42.5721,41.5119],[42.5125,41.4689],[42.5216,41.4385],[42.4504,41.4385],[42.2882,41.491],[42.2024,41.4918],[42.1798,41.5137],[42.0845,41.5104],[42.0433,41.4941],[41.9614,41.5247],[41.9104,41.4981],[41.8815,41.4604],[41.8188,41.433],[41.7874,41.46],[41.7134,41.4742],[41.7114,41.495],[41.6333,41.4869],[41.3004,41.6131],[41.2322,41.5542],[41.1087,41.5041],[40.919,41.3914],[40.6802,41.3394],[40.5146,41.2413],[40.2856,41.211],[40.1512,41.14],[39.7087,41.2107],[39.599,41.2731],[39.4178,41.3059],[39.2611,41.2704],[39.1284,41.2775],[39.0012,41.2383],[38.8688,41.2376],[38.6575,41.1734],[38.5668,41.1682],[38.4573,41.13],[38.3912,41.1276],[38.0408,41.1783],[37.9594,41.2683],[37.8595,41.3089],[37.666,41.3348],[37.5818,41.3204],[37.5072,41.2859],[37.3723,41.3352],[37.2629,41.3461],[37.1861,41.4281],[37.0208,41.5061],[36.7234,41.5779],[36.5624,41.5726],[36.4316,41.5085],[36.3996,41.5316],[36.3754,41.6743],[36.344,41.7285],[36.2532,41.8229],[36.1393,41.8889],[36.0644,41.9203],[35.9591,41.9352],[35.8506,41.9186],[35.5925,41.8369],[35.4534,41.8817],[35.4355,41.9078],[35.4761,41.9803],[35.4738,42.062],[35.4512,42.1093],[35.3781,42.185],[35.3157,42.2181],[35.1986,42.2409],[35.0983,42.2836],[34.9222,42.2964],[34.8503,42.2846],[34.7579,42.2421],[34.7071,42.1938],[34.6828,42.1464],[34.5099,42.1756],[34.2902,42.1494],[34.1335,42.177],[33.7265,42.1796],[33.3261,42.2189],[32.9381,42.1169],[32.8149,42.0624],[32.477,42.0113],[32.1578,41.8968],[32.0395,41.8334],[31.9756,41.774],[31.7581,41.6955],[31.5593,41.5894],[31.2618,41.4873],[31.1639,41.4108],[31.1341,41.3546],[31.127,41.2974],[30.9405,41.2729],[30.5482,41.3425],[30.2984,41.4157],[30.1617,41.4032],[30.0468,41.3384],[29.9937,41.3391],[29.5728,41.3793],[29.3196,41.4297],[29.027,41.4565],[28.7193,41.5466],[28.4163,41.6696],[28.3055,41.8083],[28.3258,41.876],[28.3233,41.9808],[27.9765,41.9898],[27.9076,41.9749],[27.8619,42.0065],[27.8228,41.9926],[27.8292,41.9476],[27.6992,41.978],[27.5712,41.9317],[27.5633,41.9056],[27.511,41.9583],[27.4677,41.9586],[27.4145,41.9907],[27.3716,42.0513],[27.336,42.0598],[27.2935,42.0972],[27.2218,42.0986],[27.2008,42.0832],[27.2003,42.0595],[27.0614,42.0899],[27.0215,42.0777],[27.0062,42.0388],[26.9813,42.0379],[26.9653,42.0008],[26.8707,41.991],[26.8471,41.9697],[26.7919,41.9895],[26.754,41.958],[26.6239,41.9796],[26.5616,41.9258],[26.5838,41.9046],[26.5667,41.8857],[26.5795,41.8781],[26.5386,41.8235],[26.3689,41.8208],[26.3374,41.7694],[26.3292,41.7362],[26.3787,41.6956],[26.4895,41.6733],[26.4887,41.6537],[26.5294,41.6217],[26.5935,41.6102],[26.5911,41.5271],[26.6332,41.3926],[26.6277,41.3488],[26.5837,41.322],[26.5459,41.3412],[26.4962,41.3262],[26.4615,41.2822],[26.4063,41.2537],[26.3253,41.2552],[26.3231,41.1852],[26.3066,41.1746],[26.3364,41.1458],[26.3048,41.1176],[26.3323,41.1107],[26.3105,41.0803],[26.3267,41.0427],[26.364,41.0241],[26.36,41.0036],[26.3256,40.9828],[26.3597,40.9497],[26.2847,40.924],[26.2941,40.8948],[26.2632,40.9071],[26.2512,40.8842],[26.221,40.887],[26.2098,40.8277],[26.1542,40.8046],[26.1202,40.742],[26.0364,40.7302],[25.9318,40.683],[25.9847,40.5847],[26.0781,40.5235],[26.2904,40.5156],[26.4591,40.5303],[26.1352,40.3636],[26.1171,40.2985],[26.1715,40.2289],[26.119,40.1397],[26.1045,40.1958],[26.0584,40.2601],[26.0047,40.3032],[25.961,40.3156],[25.7528,40.2821],[25.6127,40.2167],[25.5712,40.1693],[25.5666,40.1108],[25.5822,40.0812],[25.7125,40.0179],[25.8554,40.0243],[25.9918,40.0506],[26.0756,40.0882],[26.0655,40.048],[26.0778,40.0158],[26.0262,40.013],[25.9798,39.9868],[25.9558,39.9567],[25.9524,39.9207],[25.9094,39.9054],[25.8689,39.8679],[25.8637,39.8245],[25.923,39.7553],[26.0544,39.7106],[26.06,39.6969],[26.0557,39.6541],[26.0117,39.6139],[25.9718,39.5192],[25.9632,39.4796],[25.9804,39.4345],[26.0672,39.3884],[26.2483,39.4233]]]},"properties":{"id":"Q43","names":{"ab":"Ҭырқәтәыла","ace":"Turuki","ady":"Тыркуе","af":"Turkye","als":"Türkei","alt":"Türkiye","am":"ቱርክ","ami":"Turkey","an":"Turquía","ang":"Tyrcland","ar":"تركيا","as":"তুৰস্ক","ast":"Turquía","atj":"Turkia","av":"Туркия","avk":"Turka","ay":"Turkiya","az":"Türkiyə","ba":"Төркиә","ban":"Turki","bar":"Tiakei","bat-smg":"Torkėjė","bbc":"Turki","bcl":"Turkiya","bdr":"Türkiye","be":"Турцыя","be-x-old":"Турэччына","bew":"Turki","bg":"Турция","bh":"तुर्की","bi":"Teki","bjn":"Turki","bm":"Türkiye","bn":"তুরস্ক","bo":"ཏུར་ཀི།","br":"Turkia","bs":"Turska","btm":"Turki","bxr":"Түрэг Улас","ca":"Turquia","cbk_zam":"Turquía","cdo":"Tū-ī-gì","ce":"Туркойчоь","ceb":"Turkeya","ch":"Turkey","chy":"Turkey","co":"Turchia","crh":"Türkiye","cs":"Turecko","csb":"Tëreckô","cu":"Тѷрци","cv":"Турци","cy":"Twrci","da":"Tyrkiet","dag":"Turkey","de":"Türkei","dga":"Türkiye","din":"Turkia","diq":"Tırkiya","dsb":"Turkojska","dtp":"Turki","dv":"ތުރުކީވިލާތް","dz":"བྱའི་རིགས་ཅིག","ee":"Dɔkɔ","el":"Τουρκία","eml":"Turchî","en":"Turkey","eo":"Turkio","es":"Turquía","et":"Türgi","eu":"Turkia","ext":"Turquia","fa":"ترکیه","ff":"Turkiya","fi":"Turkki","fiu-vro":"Türgü","fj":"Taki","fo":"Turkaland","fon":"Türkiye","fr":"Turquie","frp":"Turquia","frr":"Türkei","fur":"Turchie","fy":"Turkije","ga":"An Tuirc","gag":"Türkiye","gcr":"Tirki","gd":"An Tuirc","gl":"Turquía","gn":"Turykía","gor":"Turki","got":"𐍄𐍅𐍂𐌺𐌾𐌰","gpe":"Turkey","gu":"તુર્કસ્તાન","guc":"Türkiye","gur":"Türkiye","guw":"Türkiye","gv":"Yn Turkee","ha":"Turkiyya","hak":"Thú-ngí-khì","haw":"Kuleke","he":"טורקיה","hi":"तुर्की","hif":"Turkey","hr":"Turska","hsb":"Turkowska","ht":"Tiki","hu":"Törökország","hy":"Թուրքիա","ia":"Turchia","iba":"Turki","id":"Turki","ie":"Turcia","ig":"Turkéy","igl":"Türkiye","ik":"Turkii","ilo":"Turkia","inh":"Туркий мохк","io":"Turkia","is":"Tyrkland","it":"Turchia","iu":"ᑑᕐᑭ","ja":"トルコ","jam":"Toerki","jbo":"turk","jv":"Turki","ka":"თურქეთი","kaa":"Túrkiya","kab":"Tturk","kbd":"Тыркуей","kbp":"Tuurkii","kcg":"Turukya","kg":"Turki","kge":"Turki","ki":"Takĩ","kk":"Түркия","km":"តួកគី","kn":"ಟರ್ಕಿ","knc":"Turkey","ko":"터키","koi":"Тюркия","krc":"Тюрк","ks":"تُرکی","ksh":"Türkei","ku":"Tirkiye","kv":"Турция","kw":"Turki","ky":"Түркия","la":"Turcia","lad":"Turkia","lb":"Tierkei","lbe":"Туркия","lez":"Турция","lfn":"Turcia","lg":"Buturuki","li":"Turkije","lij":"Turchia","lld":"Turchia","lmo":"Türchia","ln":"Turkí","lo":"ປະເທດຕູຣາເຄຍ","lt":"Turkija","ltg":"Turceja","lv":"Turcija","mad":"Turki","map-bms":"Turki","mdf":"Туркия","mg":"Tiorkia","mhr":"Турций","mi":"Tākei","min":"Turki","mk":"Турција","ml":"തുർക്കി","mn":"Турк","mos":"Türkiye","mr":"तुर्किये","mrj":"Турци","ms":"Turki","mt":"Turkija","mwl":"Turquie","my":"တူရကီနိုင်ငံ","myv":"Турция Мастор","nap":"Turchia","nb":"Tyrkia","nds":"Törkie","nds-nl":"Turkije","ne":"टर्की","ng":"Turkey","nia":"Turki","nl":"Turkije","nn":"Tyrkia","no":"Tyrkia","nov":"Turkia","nr":"Türkiye","nrm":"Turtchie","nso":"Turkey","nv":"Bichʼah Łichíiʼii Bikéyah","ny":"Turkey","oc":"Turquia","olo":"Turtsii","om":"Tarkii","or":"ତୁର୍କୀ","os":"Турк","pa":"ਤੁਰਕੀ","pag":"Turkiya","pam":"Turkiya","pap":"Turkia","pcd":"Turkie","pcm":"Turkey","pdc":"Turkie","pfl":"Türkei","pl":"Turcja","pms":"Turchìa","pnt":"Τουρκία","ps":"تورکيه","pt":"Turquia","qu":"Turkiya","rm":"Tirchia","rmy":"Turkiya","rn":"Turukiya","ro":"Turcia","roa-rup":"Turchia","roa-tara":"Turchie","rsk":"Турска","ru":"Турция","rue":"Турція","rw":"Turukiya","sa":"तुर्की","sah":"Түүркүйэ","sc":"Turkia","scn":"Turchìa","sco":"Turkey","sd":"ترڪي","se":"Durka","sg":"Turukïi","sh":"Turska","shi":"Turkya","si":"තුර්කිය","sk":"Turecko","sl":"Turčija","sm":"Take","smn":"Turkki","sn":"Turuki","so":"Turkiga","sq":"Turqia","sr":"Турска","srn":"Turkiyakondre","ss":"IThekhi","st":"Turkey","stq":"Turkäi","su":"Turki","sv":"Turkiet","sw":"Uturuki","szl":"Turcyjo","szy":"Turkey","ta":"துருக்கி","tay":"Turkey","te":"టర్కీ","tet":"Turkia","tg":"Туркия","th":"ประเทศตุรกี","ti":"ቱርኪ","tk":"Türkiýe","tl":"Turkiya","tly":"Tyrkijə","tn":"Turkey","to":"Toake","tok":"ma Tuki","tpi":"Teki","tr":"Türkiye","trv":"Turkey","ts":"Turkey","tt":"Төркия","tum":"Turkey","tw":"Turkey","ty":"Turiti","tyv":"Турция","udm":"Турция","ug":"تۈركىيە جۇمھۇرىيىتى","uk":"Туреччина","ur":"ترکیہ","uz":"Turkiya","ve":"Turkey","vec":"Turchìa","vep":"Turkanma","vi":"Thổ Nhĩ Kỳ","vls":"Turkeye","vo":"Türkän","wa":"Tourkeye","war":"Turkeya","wo":"Tirki","xal":"Туркгудин Орн","xh":"ITurkiya","yi":"טערקיי","yo":"Turkey","za":"Dujwjgiz","zea":"Turkije","zh":"土耳其","zu":"ITheki"},"from":1982.3844086021506,"to":2022.4166666666667,"wikidata":"Q43","adminLevel":2,"source":"OpenHistoricalMap","sourceUrl":"https://www.openhistoricalmap.org"}},{"type":"Feature","geometry":{"type":"Polygon","coordinates":[[[61.7084,25.7009],[61.7334,25.7397],[61.7976,25.718],[61.8401,25.7448],[61.8505,25.8178],[61.8204,25.8492],[61.8418,25.8765],[61.8896,25.887],[61.8399,25.9134],[61.8192,25.9686],[61.8459,26.0181],[61.8301,26.0303],[61.8602,26.176],[61.8961,26.2593],[61.9611,26.2602],[62.002,26.2862],[62.0326,26.3339],[62.0885,26.3157],[62.1054,26.2821],[62.2132,26.2676],[62.2275,26.3275],[62.27,26.3256],[62.2501,26.3466],[62.2808,26.386],[62.2601,26.4079],[62.2578,26.4457],[62.2771,26.4409],[62.3071,26.4637],[62.3033,26.5083],[62.365,26.5373],[62.4158,26.5337],[62.4407,26.5653],[62.5973,26.576],[62.6504,26.6103],[62.6892,26.6005],[62.7363,26.6134],[62.7473,26.6391],[62.7947,26.651],[62.824,26.6382],[62.9948,26.6484],[63.0483,26.6277],[63.1111,26.6518],[63.1949,26.6463],[63.1885,26.6953],[63.2064,26.7712],[63.1867,26.8345],[63.2441,26.8465],[63.251,27.0917],[63.2999,27.1244],[63.3302,27.1188],[63.2774,27.2168],[63.2287,27.2255],[63.1928,27.2595],[63.1171,27.2362],[63.0406,27.2373],[62.9389,27.2034],[62.8772,27.2263],[62.8198,27.2196],[62.7752,27.2592],[62.8171,27.2785],[62.8252,27.3071],[62.7933,27.342],[62.8484,27.463],[62.8289,27.7645],[62.7616,28.0257],[62.7933,28.279],[62.5972,28.2484],[62.5105,28.3253],[62.4888,28.3734],[62.3895,28.4322],[62.0439,28.5101],[61.9114,28.5633],[61.7264,28.7406],[61.6828,28.7606],[61.5762,28.9154],[61.5334,29.0102],[61.4789,29.0236],[61.5107,29.0478],[61.4749,29.089],[61.4746,29.1188],[61.4209,29.1355],[61.4135,29.1744],[61.4302,29.1985],[61.3746,29.2408],[61.3559,29.2748],[61.3708,29.3358],[61.3548,29.3831],[61.3086,29.3956],[61.1646,29.5337],[60.8736,29.8578],[61.8014,30.8321],[61.7848,30.9411],[61.835,30.9738],[61.8291,31.092],[61.7745,31.2047],[61.7785,31.303],[61.7067,31.3762],[60.8561,31.4865],[60.8134,31.7083],[60.8323,31.9793],[60.8161,32.0264],[60.8831,32.1978],[60.815,32.4811],[60.7095,32.6961],[60.6296,33.0211],[60.5832,33.1298],[60.6341,33.228],[60.8245,33.3998],[60.8667,33.4217],[60.8511,33.4822],[60.8825,33.5052],[60.922,33.4974],[60.9463,33.5137],[60.9027,33.54],[60.7034,33.5455],[60.5813,33.597],[60.5515,33.64],[60.5469,33.7314],[60.5822,33.8054],[60.5176,34.0618],[60.5227,34.1065],[60.5655,34.1926],[60.6705,34.2738],[60.683,34.3086],[60.9184,34.3048],[60.8485,34.3707],[60.8438,34.4074],[60.8074,34.4654],[60.7419,34.5108],[60.7423,34.5269],[60.8487,34.5421],[60.8973,34.5673],[60.9222,34.623],[60.9829,34.62],[61.0005,34.6426],[61.0038,34.7112],[61.0681,34.8123],[61.0781,34.8799],[61.0611,34.9098],[61.1171,35.001],[61.101,35.0273],[61.1109,35.0526],[61.1448,35.0844],[61.1267,35.0945],[61.1306,35.1297],[61.1073,35.1633],[61.0871,35.1648],[61.1156,35.2043],[61.101,35.2166],[61.0955,35.2688],[61.1097,35.2829],[61.1557,35.2767],[61.1897,35.2976],[61.1759,35.3446],[61.1978,35.3844],[61.1919,35.4034],[61.226,35.4211],[61.2833,35.5437],[61.2703,35.5605],[61.274,35.6061],[61.247,35.6444],[61.2288,35.6451],[61.2157,35.6828],[61.2484,35.7224],[61.2478,35.781],[61.2686,35.7992],[61.2446,35.8865],[61.2112,35.9303],[61.1174,35.9609],[61.1702,35.9934],[61.1626,36.0331],[61.2113,36.1092],[61.2303,36.1159],[61.2105,36.1269],[61.227,36.1755],[61.1934,36.225],[61.1967,36.2627],[61.1505,36.3161],[61.1604,36.3316],[61.1433,36.3969],[61.1651,36.4132],[61.1719,36.4689],[61.1566,36.4861],[61.1841,36.5682],[61.1435,36.6439],[60.6823,36.6223],[60.348,36.6289],[60.263,36.7624],[60.1633,36.8538],[60.0974,36.9331],[60.083,36.98],[60.0386,37.0231],[59.9903,37.0454],[59.8986,37.0523],[59.8434,37.0958],[59.7747,37.1237],[59.755,37.109],[59.6802,37.141],[59.6287,37.119],[59.5519,37.1359],[59.5529,37.1736],[59.4798,37.212],[59.4841,37.2476],[59.4375,37.2842],[59.4352,37.3039],[59.3966,37.3173],[59.3778,37.4078],[59.4113,37.4357],[59.3874,37.4451],[59.3886,37.4848],[59.3506,37.5288],[59.2289,37.5124],[59.0563,37.616],[58.8875,37.6593],[58.8143,37.6983],[58.8041,37.6519],[58.7865,37.6425],[58.7501,37.6564],[58.7326,37.6327],[58.6278,37.6594],[58.5597,37.7034],[58.4867,37.6394],[58.3868,37.6273],[58.3645,37.6558],[58.2276,37.6824],[58.207,37.7716],[58.158,37.7913],[58.1277,37.7834],[58.0767,37.8056],[58.0348,37.8046],[57.8824,37.8723],[57.8303,37.8644],[57.7875,37.9019],[57.7538,37.8977],[57.7324,37.9192],[57.5784,37.9384],[57.5199,37.9192],[57.3568,37.9819],[57.3769,38.0798],[57.2945,38.162],[57.2993,38.202],[57.2502,38.2357],[57.2468,38.2691],[57.1588,38.2709],[57.1465,38.2435],[57.0647,38.181],[57.0047,38.1894],[56.989,38.2147],[56.8396,38.2291],[56.7567,38.2835],[56.6778,38.2692],[56.6034,38.2342],[56.5659,38.2626],[56.417,38.256],[56.3233,38.1798],[56.3514,38.1194],[56.3254,38.0804],[56.203,38.073],[56.1572,38.092],[55.9837,38.0787],[55.9569,38.0936],[55.8771,38.0951],[55.8128,38.1257],[55.5034,38.085],[55.4649,38.094],[55.412,38.0468],[55.2212,37.9749],[55.1938,37.9474],[55.165,37.9577],[55.1272,37.9479],[55.0368,37.8782],[55.0172,37.8429],[54.9279,37.7845],[54.8557,37.7582],[54.7888,37.649],[54.7913,37.6186],[54.8175,37.6062],[54.7996,37.53],[54.6734,37.4372],[54.5882,37.4595],[54.4869,37.4183],[54.3975,37.3608],[54.2853,37.3518],[54.2446,37.32],[53.833,37.3568],[53.9463,37.0135],[53.9243,36.9795],[53.8893,36.9664],[53.2171,36.8923],[52.8799,36.8065],[52.5339,36.7515],[51.9798,36.6243],[51.7209,36.6403],[51.5231,36.7158],[51.0892,36.7895],[50.7987,36.9235],[50.3778,37.1669],[50.3133,37.2582],[50.2707,37.374],[50.211,37.4318],[50.0468,37.4618],[49.9452,37.5212],[49.7907,37.5054],[49.4179,37.5419],[49.2105,37.6289],[49.1144,37.6974],[49.0507,37.7682],[49.0011,37.916],[48.9453,38.4443],[48.7905,38.4515],[48.7384,38.4106],[48.6625,38.3922],[48.6282,38.4015],[48.5996,38.4175],[48.5908,38.4559],[48.5126,38.5185],[48.5061,38.5465],[48.4622,38.5643],[48.4589,38.6085],[48.3619,38.5948],[48.3149,38.6043],[48.2948,38.6465],[48.2526,38.6622],[48.2496,38.7265],[48.1738,38.7618],[48.1073,38.7698],[48.1071,38.789],[48.021,38.8375],[48.0166,38.9105],[48.0283,38.8992],[48.0707,38.911],[48.0884,38.9467],[48.2696,38.9672],[48.3298,39.0127],[48.3393,39.0367],[48.3076,39.1082],[48.2346,39.1301],[48.2202,39.1631],[48.149,39.1988],[48.1293,39.2712],[48.2103,39.3286],[48.2652,39.3341],[48.3684,39.3787],[48.0314,39.6916],[47.9857,39.7088],[47.917,39.6602],[47.8155,39.6587],[47.7461,39.6021],[47.6762,39.5797],[47.5643,39.5146],[47.3825,39.4573],[47.3119,39.3699],[47.0804,39.266],[47.0542,39.2157],[47.0621,39.2063],[47.0198,39.1676],[46.9518,39.1396],[46.9259,39.1632],[46.8403,39.1391],[46.8338,39.1167],[46.7677,39.0701],[46.7564,39.0302],[46.6945,39.0164],[46.6395,38.9424],[46.5356,38.8683],[46.5148,38.8886],[46.45,38.897],[46.4189,38.8837],[46.347,38.9165],[46.2866,38.9008],[46.1857,38.8425],[46.1503,38.8415],[46.0583,38.8874],[46.0141,38.873],[45.9456,38.8957],[45.9099,38.8738],[45.7988,38.9245],[45.7436,38.9281],[45.6921,38.9517],[45.6162,38.9417],[45.5837,38.9769],[45.5415,38.9648],[45.4584,38.9902],[45.4372,39.012],[45.4567,39.0497],[45.4013,39.076],[45.4026,39.0984],[45.3378,39.1725],[45.1739,39.2179],[45.152,39.2062],[45.1485,39.261],[45.1021,39.3327],[45.0803,39.334],[45.0834,39.3544],[45.0417,39.3898],[44.9673,39.4203],[44.9602,39.4392],[44.9715,39.4442],[44.9405,39.4592],[44.9454,39.499],[44.9096,39.5251],[44.9186,39.5328],[44.8941,39.6054],[44.8772,39.5932],[44.8755,39.6153],[44.8578,39.6024],[44.8237,39.611],[44.7278,39.7032],[44.6439,39.7329],[44.6196,39.7745],[44.4673,39.6841],[44.4812,39.6714],[44.4802,39.6106],[44.416,39.5565],[44.4356,39.5205],[44.4315,39.4919],[44.4085,39.4717],[44.4342,39.4423],[44.4215,39.4113],[44.3765,39.4129],[44.2941,39.377],[44.2193,39.4187],[44.1856,39.403],[44.0521,39.4068],[44.0363,39.3622],[44.0742,39.3355],[44.08,39.2943],[44.1072,39.2842],[44.0888,39.2477],[44.1,39.2451],[44.0984,39.204],[44.1669,39.1776],[44.2241,39.1027],[44.1913,39.0732],[44.2126,39.0209],[44.1794,39.0102],[44.1723,38.9896],[44.189,38.98],[44.1919,38.9347],[44.2153,38.9206],[44.2117,38.8989],[44.2412,38.859],[44.2998,38.8406],[44.3145,38.8071],[44.2879,38.7837],[44.2808,38.7337],[44.2556,38.7186],[44.2823,38.6764],[44.2704,38.6514],[44.321,38.6251],[44.3102,38.5304],[44.3248,38.5024],[44.3088,38.4514],[44.3196,38.4084],[44.2998,38.3944],[44.3161,38.374],[44.4342,38.3718],[44.5056,38.3417],[44.5166,38.305],[44.3765,38.2252],[44.3573,38.1583],[44.2419,37.9507],[44.2969,37.8553],[44.5056,37.7707],[44.6017,37.7012],[44.6265,37.5751],[44.5853,37.4901],[44.6484,37.4138],[44.8201,37.2937],[44.783,37.2588],[44.7528,37.1931],[44.7849,37.145],[44.75,37.1153],[44.7839,37.0924],[44.8073,37.0441],[44.8564,37.0457],[44.8976,37.0243],[44.9046,37.0055],[44.8837,36.96],[44.9108,36.9194],[44.9028,36.8605],[44.8658,36.8455],[44.8375,36.7957],[44.8582,36.7731],[44.9451,36.7818],[44.9703,36.751],[45.0257,36.7427],[45.0567,36.7028],[45.0704,36.6342],[45.0634,36.6151],[45.0264,36.6007],[45.0377,36.5629],[45.0096,36.5523],[45.0047,36.5328],[45.0482,36.5095],[45.0881,36.4221],[45.1436,36.405],[45.2348,36.4327],[45.267,36.3948],[45.2821,36.3396],[45.2618,36.3053],[45.3011,36.2769],[45.2681,36.2546],[45.314,36.2347],[45.3364,36.2044],[45.3232,36.1886],[45.327,36.1401],[45.3815,36.0825],[45.342,36.0038],[45.3535,35.9747],[45.3708,35.982],[45.3928,35.9678],[45.4416,35.999],[45.5519,35.9987],[45.662,35.9292],[45.7628,35.8012],[45.8084,35.8235],[45.8772,35.8121],[45.893,35.8357],[45.9519,35.8231],[45.9626,35.8404],[46.0218,35.8354],[46.0774,35.8582],[46.1373,35.8435],[46.1383,35.823],[46.1709,35.7999],[46.1882,35.8093],[46.2153,35.7981],[46.2933,35.8352],[46.3402,35.8199],[46.346,35.8004],[46.3314,35.763],[46.277,35.7289],[46.1964,35.721],[46.1595,35.6889],[46.0351,35.7047],[46.0091,35.6774],[46.0107,35.6487],[45.9945,35.6372],[46.0125,35.628],[46.0257,35.5832],[45.9801,35.5838],[45.9971,35.5342],[46.0149,35.5233],[45.9854,35.496],[46.0509,35.3893],[46.145,35.3132],[46.1573,35.2858],[46.1153,35.2334],[46.1844,35.2247],[46.1954,35.2069],[46.1961,35.1867],[46.1553,35.1577],[46.155,35.1295],[46.1808,35.1052],[46.1166,35.0741],[46.071,35.0812],[46.0788,35.0597],[46.0586,35.038],[46.0095,35.0715],[45.9231,35.0949],[45.9313,35.0493],[45.8804,35.038],[45.8753,35.0085],[45.8943,34.9638],[45.8648,34.9027],[45.7895,34.912],[45.7926,34.8536],[45.6948,34.8198],[45.6988,34.7728],[45.6574,34.7271],[45.7033,34.6914],[45.6967,34.6718],[45.7288,34.6224],[45.7418,34.5407],[45.6871,34.5576],[45.601,34.5511],[45.5336,34.6022],[45.5136,34.5469],[45.5268,34.5215],[45.5216,34.482],[45.4407,34.4594],[45.4962,34.3369],[45.5395,34.351],[45.5836,34.3027],[45.5787,34.2327],[45.5552,34.197],[45.5802,34.1481],[45.4722,34.0689],[45.4673,34.0153],[45.4127,33.9784],[45.4202,33.9598],[45.4349,33.9464],[45.5119,33.9441],[45.607,33.8003],[45.6426,33.7736],[45.6475,33.728],[45.72,33.6613],[45.7717,33.6369],[45.7547,33.5992],[45.8131,33.6266],[45.9166,33.6276],[45.9053,33.6063],[45.9599,33.5639],[45.863,33.4931],[45.943,33.4835],[46.0066,33.5079],[46.0816,33.3527],[46.1321,33.2949],[46.1849,33.2658],[46.1806,33.2073],[46.215,33.2036],[46.1975,33.1816],[46.1214,33.1175],[46.0621,33.1241],[46.0407,33.0954],[46.1566,33.0725],[46.1261,33.0207],[46.0989,33.014],[46.1022,32.9776],[46.1736,32.9533],[46.3123,32.9688],[46.4474,32.9333],[46.6226,32.8222],[46.7206,32.786],[46.8872,32.632],[47.1684,32.4573],[47.2497,32.4652],[47.2911,32.4936],[47.3775,32.4737],[47.464,32.389],[47.4354,32.3521],[47.4777,32.311],[47.5162,32.3047],[47.5074,32.2708],[47.5705,32.2118],[47.5302,32.172],[47.5291,32.1426],[47.567,32.112],[47.615,32.1077],[47.6474,32.0833],[47.6521,32.0539],[47.6901,32.0134],[47.7081,32.0208],[47.7116,31.9706],[47.7487,31.9217],[47.8076,31.8824],[47.8052,31.8456],[47.8529,31.8173],[47.8659,31.7836],[47.683,31.3946],[47.6828,30.9978],[48.0322,30.9963],[48.0264,30.4825],[48.1585,30.4297],[48.1986,30.3221],[48.2738,30.3334],[48.4047,30.204],[48.4162,30.1764],[48.3814,30.1225],[48.44,30.0704],[48.4581,29.9953],[48.8813,29.8153],[49.4646,29.79],[50.1251,29.0922],[51.3439,27.6525],[51.4194,27.6239],[53.1168,26.6106],[53.8632,26.3168],[53.9648,26.2946],[54.2258,26.0562],[54.2725,25.9797],[54.2752,25.8846],[54.313,25.7881],[54.3775,25.7306],[54.473,25.6978],[54.5938,25.6948],[54.6858,25.7294],[54.7778,25.8153],[54.8074,25.9],[54.8328,25.7813],[54.9001,25.7139],[55.0092,25.6725],[55.0717,25.6749],[55.1754,25.7121],[55.242,25.7783],[55.2695,25.9043],[55.2324,25.9938],[55.1527,26.058],[55.2338,26.0722],[55.3553,26.0605],[55.4494,26.0956],[55.529,26.1887],[55.5407,26.2879],[55.7364,26.3383],[56.1326,26.5019],[56.2412,26.5902],[56.561,26.7088],[56.6057,26.7671],[56.6682,26.9037],[56.8045,26.7358],[56.8474,26.6422],[56.8601,26.5643],[56.8364,26.4069],[56.8484,26.3162],[56.961,26.1083],[56.9823,25.9584],[57.0153,25.8985],[57.0695,25.8475],[57.0856,25.7285],[57.1468,25.6456],[57.2068,25.6072],[57.6878,25.4467],[58.0418,25.3598],[59.0721,25.2021],[59.5521,25.1956],[59.7708,25.1717],[59.8607,25.1419],[59.963,25.149],[60.43,25.0775],[60.579,25.0732],[61.371,24.8618],[61.5718,24.8353],[61.5907,25.0346],[61.6526,25.3101],[61.6765,25.6452],[61.7084,25.7009]]]},"properties":{"id":"Q794","names":{"ab":"Џьамтәыла","af":"Iran","am":"ፋርስ","an":"Irán","ar":"إيران","as":"ইৰান","av":"Иран","az":"İran","ba":"Иран","be":"Іран","bg":"Иран","bh":"ईरान","bi":"Iran","bn":"ইরান","bo":"ཡི་ལང་།","br":"Iran","bs":"Iran","ca":"Iran","ce":"Иран","co":"Iranu","cs":"Írán","cv":"Иран","cy":"Iran","da":"Iran","de":"Iran","dv":"އީރާން","el":"Ιράν","en":"Iran","eo":"Irano","es":"Irán","et":"Iraan","eu":"Iran","fa":"ایران","ff":"Iran","fi":"Iran","fj":"Iran","fo":"Iran","fr":"Iran","fy":"Iran","ga":"An Iaráin","gd":"Ioràn","gl":"Irán","gn":"Iran","gu":"ઈરાન","gv":"Yn Eeraan","ha":"Iran","he":"איראן","hi":"ईरान","hr":"Iran","ht":"Iran","hu":"Irán","hy":"Իրան","ia":"Iran","id":"Iran","ie":"Iran","io":"Iran","is":"Íran","it":"Iran","ja":"イラン","jv":"Iran","ka":"ირანი","kg":"Iran","ki":"Iran","kk":"Иран","km":"អ៊ីរ៉ង់","kn":"ಇರಾನ್","ko":"이란","ks":"ایٖران","ku":"Îran","kv":"Иран","kw":"Iran","ky":"Иран","la":"Irania","lb":"Iran","li":"Iran","ln":"Iran","lo":"ປະເທດອິຫຣ່ານ","lt":"Iranas","lv":"Irāna","mg":"Iràna","mi":"Īrāna","mk":"Иран","ml":"ഇറാൻ","mn":"Иран","mr":"इराण","ms":"Iran","mt":"Iran","my":"အီရန်နိုင်ငံ","nb":"Iran","ne":"इरान","nl":"Iran","nn":"Iran","nv":"Tsiikʼi Déíbaalí Bikéyah","ny":"Iran","oc":"Iran","om":"Iraan","or":"ଇରାନ","os":"Иран","pa":"ਈਰਾਨ","pdt":"Iran","pl":"Iran","ps":"ايران","pt":"Irão","qu":"Iran","rm":"Iran","rn":"Irani","ro":"Iran","ru":"Иран","rw":"Irani","sa":"पारस","sc":"Iran","sd":"ايران","se":"Iran","sg":"Iran","si":"ඉරානය","sk":"Irán","sl":"Iran","sm":"Iran","sn":"Irani","so":"Iiraan","sq":"Irani","sr":"Иран","ss":"I-Irani","st":"Iran","su":"Iran","sv":"Iran","sw":"Irani","ta":"ஈரான்","te":"ఇరాన్","tg":"Эрон","th":"ประเทศอิหร่าน","ti":"ኢራን","tk":"Eýran","tl":"Iran","to":"ʻIlaani","tr":"İran","ts":"Iran","tt":"Иран","tw":"Iran","ug":"ئىران","uk":"Іран","uz":"Eron","vi":"Iran","vo":"Lirän","wa":"Iran","wo":"Iraan","xh":"IIran","yi":"איראן","yo":"Ìránì","za":"Iran","zh":"伊朗","zu":"I-Irani"},"from":1959.279569892473,"to":2018.6129032258063,"wikidata":"Q794","adminLevel":2,"source":"OpenHistoricalMap","sourceUrl":"https://www.openhistoricalmap.org"}},{"type":"Feature","geometry":{"type":"Polygon","coordinates":[[[35.674,34.686],[35.7543,34.6619],[35.8391,34.6009],[35.9759,34.6339],[35.986,34.6483],[36.0526,34.628],[36.1284,34.6398],[36.2815,34.6313],[36.3001,34.64],[36.3107,34.6812],[36.339,34.6921],[36.3826,34.6329],[36.4581,34.638],[36.4549,34.5976],[36.4038,34.6075],[36.4086,34.5539],[36.3419,34.5278],[36.3414,34.5131],[36.3608,34.4992],[36.4445,34.5074],[36.4696,34.4629],[36.5698,34.406],[36.5321,34.3619],[36.562,34.3203],[36.5978,34.3129],[36.5817,34.2647],[36.595,34.227],[36.6226,34.2061],[36.5696,34.1419],[36.5169,34.1072],[36.5036,34.0636],[36.4098,34.0509],[36.2832,33.9177],[36.3253,33.8788],[36.3694,33.8735],[36.3963,33.8336],[36.3257,33.8328],[36.2517,33.8584],[36.2019,33.8331],[36.1581,33.8564],[36.1,33.8233],[36.0702,33.8236],[36.0367,33.7731],[36.0128,33.7708],[35.9683,33.715],[35.9681,33.6836],[35.9349,33.6461],[36.0191,33.6137],[36.0592,33.5796],[36.0291,33.5493],[35.9411,33.5278],[35.9552,33.5],[35.9398,33.4717],[35.8296,33.4072],[35.8106,33.3609],[35.7733,33.3356],[35.8132,33.317],[35.7774,33.2767],[35.8151,33.245],[35.8171,33.2031],[35.8377,33.1931],[35.8444,33.1676],[35.817,33.113],[35.8504,33.1023],[35.8713,32.9814],[35.895,32.9449],[35.8511,32.8898],[35.8377,32.8281],[35.7619,32.751],[35.7956,32.7554],[35.8006,32.7369],[35.8753,32.7306],[35.8821,32.7145],[35.9345,32.7206],[35.9646,32.6639],[36.0224,32.6587],[36.0257,32.6023],[36.069,32.5682],[36.0788,32.5135],[36.1998,32.5271],[36.2119,32.4948],[36.2354,32.4973],[36.3057,32.4592],[36.4067,32.3772],[36.6665,32.3393],[36.7211,32.3137],[36.8382,32.3113],[36.8808,32.3338],[36.9624,32.44],[37.0087,32.4248],[37.0772,32.4334],[37.2061,32.5574],[37.2553,32.572],[37.3595,32.5606],[37.3793,32.5924],[37.4249,32.607],[37.5207,32.7174],[37.7408,32.7619],[37.7621,32.7877],[37.7693,32.8784],[37.7847,32.8934],[37.8191,32.9061],[37.9018,32.8985],[38.3509,33.1416],[38.3631,33.1628],[38.4202,33.1768],[39.6575,33.8215],[40.6905,34.3315],[40.9653,34.4019],[41.2042,34.7931],[41.1915,35.1821],[41.2013,35.243],[41.2431,35.3665],[41.2611,35.4942],[41.3422,35.5937],[41.3635,35.6552],[41.3545,35.8256],[41.2367,36.0603],[41.277,36.3548],[41.3854,36.5164],[41.7899,36.5893],[41.8438,36.6179],[42.3768,37.062],[42.3203,37.1854],[42.3482,37.2143],[42.3432,37.2304],[42.2848,37.2811],[42.2138,37.2773],[42.2257,37.313],[42.2076,37.3185],[42.0915,37.213],[42.0373,37.1837],[41.7956,37.1293],[41.6472,37.117],[41.5175,37.0779],[41.2927,37.0809],[41.1981,37.0639],[41.1984,37.0801],[41.1466,37.0976],[40.9039,37.1317],[40.8338,37.1068],[40.8088,37.1259],[40.7678,37.128],[40.7515,37.1095],[40.6937,37.1027],[40.5321,37.0289],[40.4112,37.0147],[40.3614,36.9662],[40.1757,36.8761],[40.0679,36.857],[40.0349,36.8291],[39.8235,36.758],[39.2129,36.6691],[39.0206,36.7107],[38.7449,36.707],[38.5557,36.8442],[38.3953,36.9009],[38.2431,36.924],[38.0476,36.8649],[38.0185,36.826],[37.9447,36.8193],[37.7885,36.7525],[37.6552,36.7475],[37.4953,36.6736],[37.4718,36.6344],[37.2838,36.6701],[37.2168,36.6753],[37.1679,36.6581],[37.1433,36.6761],[37.1144,36.6721],[37.0859,36.6346],[37.0207,36.6662],[37.0196,36.6982],[37.0465,36.7221],[36.9945,36.7416],[36.9936,36.7591],[36.9174,36.7859],[36.8848,36.7787],[36.6687,36.8285],[36.6669,36.7991],[36.6172,36.7496],[36.6271,36.7042],[36.5745,36.6598],[36.5887,36.5826],[36.5755,36.529],[36.5441,36.5018],[36.5621,36.4637],[36.5551,36.4443],[36.6187,36.3575],[36.6023,36.3344],[36.6623,36.3328],[36.656,36.3001],[36.6926,36.296],[36.6836,36.2678],[36.6971,36.2513],[36.6621,36.2288],[36.6256,36.2389],[36.6262,36.2164],[36.5118,36.2424],[36.5027,36.2275],[36.4831,36.2328],[36.4647,36.1965],[36.3894,36.2192],[36.3998,36.1943],[36.368,36.1628],[36.3886,36.1463],[36.3716,36.1214],[36.3896,36.0833],[36.3762,36.0116],[36.3434,35.9895],[36.2863,36.0091],[36.292,35.9547],[36.2428,35.9614],[36.1891,35.9398],[36.1568,35.813],[36.1034,35.8681],[35.9988,35.8825],[36.0139,35.9143],[36.0054,35.9416],[35.9229,35.9218],[35.692,36.0338],[35.2422,35.9867],[35.1875,35.9203],[35.1085,35.2686],[35.1793,35.1657],[35.1443,34.9794],[35.1465,34.7875],[35.674,34.686]]]},"properties":{"id":"Q131404661","names":{"ar":"اَلْجُمْهُورِيَّةُ ٱلْعَرَبِيَّةُ ٱلْسُوْرِيَّة","da":"Den Syriske Republik","de":"Arabische Republik Syrien","el":"Συριακή Αραβική Δημοκρατία","en":"Syrian Arab Republic","es":"República Árabe Siria","fi":"Syyrian arabitasavalta","fr":"République arabe syrienne","is":"Sýrlenska araba­lýðveldið","ja":"シリア・アラブ共和国","ko":"시리아 아랍 공화국","lb":"Arabesch Republik Syrien","nds":"Araab’sche Republiek Syrien","nl":"Syrische Arabische Republiek","nn":"Den arabiske republikken Syria","no":"Den arabiske republikken Syria","ru":"Сирийская Арабская Республика","sco":"Sirie Arab Republic","sv":"Arabrepubliken Syrien","zh":"敘利亞阿拉伯共和國"},"from":1981.6236559139784,"to":2003.8817204301076,"wikidata":"Q131404661","adminLevel":2,"source":"OpenHistoricalMap","sourceUrl":"https://www.openhistoricalmap.org"}}]}
