{"type":"FeatureCollection","features":[{"type":"Feature","geometry":{"type":"MultiPolygon","coordinates":[[[[120.62239364097859,21.92519911404314],[120.57657912681843,21.95050963040056],[120.52810195396687,22.096486650664232],[120.1134367317989,22.641852937895678],[119.96409133384968,23.086133562285326],[119.95028212974812,23.2830081808156],[120.02075484703327,23.619784914214037],[120.26632216881062,23.975986086089037],[120.85697463463093,24.8092532980031],[120.97320083091999,24.892076097685717],[121.16460708091999,24.949632250029467],[121.26763442466999,25.03241881008806],[121.4288664192989,25.134364687163256],[121.53135970543171,25.07742842312517],[121.78051284263874,24.900125108916185],[121.63036635826374,24.709273897368334],[121.59270766685749,24.645675264555834],[121.60309890220906,24.505971513945482],[121.57255843590046,24.226443849760912],[121.48153212974812,24.09287031765642],[121.39941695640827,23.933911882597826],[121.37008193443562,23.622638307768725],[121.32531264732624,23.40023764248552],[121.1824064583614,23.037910066801928],[120.9697370858028,22.719880663115404],[120.78197768638874,22.34474142666521],[120.77584365318562,22.18593557949724],[120.7246427864864,21.988931261259935],[120.62239364097859,21.92519911404314]]]]},"properties":{"id":"dapenkeng-culture","name":"Dapenkeng culture","names":{"en":"Dapenkeng culture","fr":"Dapenkeng culture"},"subjectTo":"Dakapeng culture","partOf":"Dakapeng culture","borderPrecision":1,"wikidata":null,"wikipedia":null,"year":-4000,"source":"Historical Basemaps","sourceUrl":"https://github.com/aourednik/historical-basemaps"}},{"type":"Feature","geometry":{"type":"MultiPolygon","coordinates":[[[[99.8722257942989,2.63756402607622],[99.86316207359577,2.567644678313158],[100.12141707847859,2.542796693999193],[100.45648482750202,2.117784582335375],[100.7319441170528,1.870563827711962],[100.85431960533406,1.877182089049242],[100.85605910728718,1.966142975050829],[100.80060866783406,2.067692362028978],[100.83172133873249,2.175784193236254],[101.05975631187702,2.080969177443407],[101.27575210045124,1.719237886626146],[101.47430709312702,1.54809423561754],[101.67528060386921,1.523109518248461],[101.86814406822468,1.434568368155382],[102.0097990364864,1.269662820059679],[102.13589003990437,0.939505957323931],[102.27828505943562,0.742825351912401],[102.47178176353718,0.622509859759234],[102.70160964439656,0.565819166857622],[103.04658797691609,0.528438948351763],[103.2404890389278,0.458958231169603],[103.46307662437702,0.287862710911654],[103.72215560386921,0.0151834192461],[103.71359542320515,-0.016971982758619],[103.68662551353718,-0.118340797465422],[103.5007429451778,-0.315737046044447],[103.40866378258015,-0.500223256390669],[103.23762038658406,-0.659467495720961],[103.31132033775593,-0.818175770085432],[103.3841886849239,-0.894272543233015],[103.74692824791218,-1.11590985183058],[104.12119582603718,-1.140521563332655],[104.2298918099239,-1.191118038933851],[104.29766372154499,-1.362546600144483],[104.35518935631062,-1.705587424080946],[104.3524275154903,-1.889892257493116],[104.47247603843952,-2.08027855281172],[104.56754592369343,-2.137265123169996],[104.81258681724812,-2.155803359788038],[104.60981276939656,-2.575665630143263],[104.67776015709187,-2.670844711106398],[104.99460891197468,-2.466801322739698],[105.36515334556843,-2.580394424241163],[105.44490340660359,-2.599284805100538],[105.56392959068562,-2.713410295289137],[105.6286726326778,-2.910283721726515],[105.94282058189656,-3.214655078690626],[105.7110929817989,-4.104884065430738],[105.69315627525593,-4.308285154145338],[105.79667952965046,-4.733882345002272],[105.78708938072468,-4.930913366120436],[105.79636672447468,-5.229591287415602],[105.79559615562702,-5.350346483033277],[105.72847274254109,-5.827141679566481],[105.68928054283406,-5.897135652344801],[105.64068892906452,-5.929026044648268],[105.47567275474812,-5.81498519305525],[105.30404189537312,-5.580207742493727],[105.18672469566609,-5.542331613343336],[105.06914046715046,-5.758665956299879],[105.03278640220906,-5.879498876374342],[104.56340316246296,-5.600874341767408],[104.46468642662312,-5.639219678681471],[104.64216140220906,-5.975669301789381],[104.56848433922077,-6.071165479462721],[104.47688582847859,-5.982384122651197],[103.87250045250202,-5.341800607483961],[103.52345565269734,-4.9993724000865],[103.06859115074421,-4.612679876130201],[102.46222976158406,-4.181821740906813],[102.28652480552937,-3.978840268891432],[102.19675734947468,-3.756602920334913],[102.11066726158406,-3.604252494614698],[101.65957168052937,-3.319250978272535],[101.34546187828327,-3.0148913038188],[100.81207564781452,-2.336048044007399],[100.77875808189656,-2.177243627350904],[100.79625228355671,-2.024697698395826],[100.6503019661739,-1.630999959748365],[100.2720060677364,-0.970915175717451],[99.97199538658406,-0.501324929040052],[99.69655135582234,-0.152409575622656],[99.53036788414265,-0.016971982758619],[99.40104964683796,0.088420264679812],[99.1133146614864,0.22124772544565],[98.99888137291218,0.557795010764025],[98.68911269615437,1.370494567114733],[98.71933272789265,1.47858592148485],[98.6710310311153,1.618280254561327],[98.60055068443562,1.707089506346605],[98.30258468101765,1.935200058180712],[97.98250106285359,2.112426124770067],[97.73999312828327,2.207213484007738],[97.59714797447468,2.251384102064989],[97.54329970787312,2.41012033100786],[97.5087004036739,2.740469061095141],[97.42767623375202,2.924561105925463],[97.25448897789265,3.140228115279101],[96.88595870445515,3.514327131468676],[96.72036269615437,3.704589210707567],[96.39438155601765,3.646694503981493],[96.11843398521687,3.951094471175097],[95.82762435386921,4.223691068846605],[95.5609236092403,4.534462534148119],[95.30815413902546,4.959623895842455],[95.20507338951374,5.245321356017016],[95.19055465172077,5.410494409758471],[95.21608260582234,5.499504648405932],[95.28316024254109,5.550485693175219],[95.46405318687702,5.569940172392748],[95.62773421715046,5.525817476469896],[95.74045089195515,5.468877874571703],[96.02468398521687,5.215323530394457],[96.18733504722859,5.145788274962328],[96.60203078697468,5.076786600310228],[96.75271132896687,5.064410291869066],[96.99945357750202,5.109420381743334],[97.20378402183796,5.173398100096605],[97.38407424400593,5.180140577513598],[97.5293302864864,5.040668092924975],[97.94281295250202,4.520546041685961],[98.17378524254109,4.381262384611986],[98.19936660240437,4.311420046049975],[98.14550307701374,4.069854341704271],[98.62529281090046,3.657878957945726],[98.96240523765827,3.436213813979052],[99.49126723716999,3.126008592802904],[99.79594710777546,2.980528198439501],[99.85836318443562,2.904411159712694],[99.8722257942989,2.63756402607622]]],[[[111.1199064583614,1.270334206778429],[110.89339736412312,1.511309229094408],[110.96976760338093,1.759294830519579],[111.1337995858028,2.032884918410204],[111.37182906578327,2.598927341658495],[111.63454726646687,2.720227085310839],[112.30133346031452,2.874169908720873],[112.75924972008015,3.008589826781176],[112.95166305015827,3.155150734145067],[113.18754104088093,3.614647709090136],[113.42307570884968,3.759805523116015],[113.81483748863484,4.262612425047777],[113.91349318931843,4.358137212950609],[114.02327254722859,4.424527727324389],[114.07372573326374,4.455024801451586],[114.16662124107624,4.511172853667162],[114.45025924156452,4.562621675688646],[114.74521163414265,4.984381281096361],[114.85397628258015,5.015870653349779],[114.82273391197468,4.895166479308031],[114.87784865806843,4.855816923338793],[114.96151259849812,4.876515947539232],[115.0368986458614,4.895166479308031],[115.12111190269734,4.830928407866381],[115.15932753990437,4.838081442076586],[115.36143020103718,4.875920377928637],[115.43390944908406,5.003149591643236],[115.41776565025593,5.111135088164232],[115.20305159996296,5.275868974882982],[115.29166701744343,5.453975282866381],[115.48784163902546,5.486159883696459],[115.71728042076374,5.467606626707934],[115.78708938072468,5.740099035460375],[115.97079757164265,5.881146513182543],[116.09869674156452,6.097453676421068],[116.3377790779903,6.358475290495775],[116.56179336021687,6.822775446135424],[116.59562972496296,6.899092756468676],[116.74052718590046,6.689739786345385],[116.88901809166218,6.645576559264086],[117.03112319420124,6.836500250059984],[117.16805556724812,6.61441572781267],[117.32570937584187,6.487681471068285],[117.5070906014278,6.392770849425219],[117.54088881920124,6.240357481200121],[117.45925429771687,6.081332288939379],[117.35358718345906,5.877785764891527],[117.37006667564656,5.788860403258226],[117.65428451011921,5.846658788878344],[117.86653426597859,5.904306493956469],[117.91826919029499,5.80275686855974],[117.76156142662312,5.580031000334642],[118.09537795494343,5.625234209257982],[118.25600722740437,5.663704000670336],[118.37702468345906,5.638547502715014],[118.84297469566609,5.340928159911059],[118.99796584556843,5.277723394591234],[119.04260543297077,5.169805132109545],[118.97141555259968,5.048925481993578],[118.88132766197468,4.978847585875414],[118.68284133384968,4.914877020079516],[118.41559127281452,4.901593290526293],[118.10842421959187,4.939047418791674],[117.94840529869343,4.798915945250414],[117.9918318123653,4.684646688658617],[118.39120772789265,4.374171339232348],[118.31868270347859,4.234229646880053],[118.11238387535359,4.144840799528978],[117.82211593101765,4.099734865385912],[117.58916762779499,4.048401914793871],[117.55868819664265,3.980721079069994],[117.54050734947468,3.940269790846727],[117.68385604332234,3.629244171339892],[117.58021834800984,3.565474830824755],[117.33471206138874,3.545888744551561],[117.07397750328327,3.507199846465014],[117.16311171959187,3.405726276595018],[117.21508315513874,3.272402368742846],[117.13904097984577,3.170576893050097],[117.23602584312702,3.075473390776537],[117.34200576256062,3.02487715359392],[117.58774093101765,2.650510631758593],[117.82918837974812,2.314259611327074],[117.84828475425984,2.225346170622728],[117.69636062095906,1.900947533804796],[117.73006728599812,1.799350224692247],[117.91282180259968,1.590053402144335],[118.24725631187702,1.387442909438036],[118.51726058433796,1.165625892836474],[118.76522353599812,0.823025428015612],[118.55611709068562,0.746316217142962],[118.21828750084187,0.758291922766588],[117.85968306968952,0.865542970854662],[117.7082853646114,0.820732377726458],[117.53428939293171,0.610662959772966],[117.37497237633015,0.197262354452036],[117.33888534019734,-0.016971982758619],[117.31821731041218,-0.139655172567942],[117.37765029381062,-0.431837983172514],[117.42981246422077,-0.622370518487074],[117.37029555748249,-1.00378415707884],[117.25522139976765,-1.004031933587171],[117.04563430259968,-0.934580959122755],[116.57888320396687,-1.367720283310987],[116.38421157310749,-1.660468496125318],[116.0462751717403,-1.934458292763807],[116.24550155113484,-2.105623163025953],[116.27270034263874,-2.283497489731886],[116.3491316170528,-2.416793264191725],[116.04077437828327,-2.442873872559645],[116.24452498863484,-2.702999271195509],[116.24821761558796,-2.798310674470045],[116.20198348472859,-2.90010014895735],[115.95590499351765,-3.199323333542921],[115.86336806724812,-3.377465165894606],[115.8063078255489,-3.536469854157545],[115.56814101646687,-3.803909934800245],[114.98581222008015,-4.078456319611647],[114.7124128670528,-4.206153310578443],[114.58087447593952,-4.295410074036695],[114.49362472008015,-4.155785001557447],[114.50462630699421,-3.965103305619337],[114.35624984215046,-3.603159583848097],[114.21847060631062,-3.431875861924269],[114.0994978279903,-3.34951249484358],[113.97059920738484,-3.362500585358717],[113.74445632408406,-3.598138726990797],[113.60839370201374,-3.611134685319044],[113.46075728843952,-3.382671750825025],[113.32001021812702,-3.294006742280104],[113.12349990318562,-3.243590511124708],[112.94931319664265,-3.040595687668898],[112.79538253258015,-2.971020854752638],[112.63836196373249,-3.333612121384718],[112.57773116539265,-3.422717250626661],[112.40625289390827,-3.448501743119337],[112.24562362144734,-3.39800897960005],[112.04686263511921,-3.455636419098951],[111.90337661216999,-3.614832795899488],[111.73945144127156,-3.646959222596266],[111.71330550621296,-3.39916602496443],[111.72859481285359,-3.259319700043775],[111.58721450279499,-2.79569546107588],[111.43599227379109,-2.973974622529127],[110.79682448814656,-3.172363914292433],[110.65250686119343,-2.988375104706861],[110.36506179283406,-2.995357669633009],[110.23842910240437,-3.065532125275709],[110.1023054451778,-3.078540958207228],[110.07638839195515,-2.786260999482252],[110.06593612144734,-2.493952907364942],[109.94623092125202,-1.858707822602369],[109.94090560386921,-1.642648614686109],[109.78280166099812,-1.306190170090773],[109.59978774498249,-1.122298039239027],[109.24452498863484,-0.932415403168775],[109.17891982506062,-0.869010366242506],[109.42858413170124,-0.709605909627058],[109.18953231285359,-0.538537539284803],[109.07335952232624,-0.405348337929823],[109.15776351402546,-0.074725050222256],[109.1241789192989,-0.016971982758619],[108.9990568489864,0.198187835771463],[108.8409757942989,0.331290804106615],[108.87031081627156,0.541057251650713],[108.81431106041218,0.807816826064013],[108.89605239341999,1.100297294814013],[108.95550063560749,1.259293400008104],[109.14623549888874,1.520239554602526],[109.28236678550984,1.882722817618273],[109.42594436119343,1.870326720435045],[109.51750472496296,1.820520602423571],[109.55395797203327,1.800703965384386],[109.72311690758015,1.616803489882372],[109.90182021568562,1.553646527487658],[110.28948501060749,1.516362391669176],[110.4752302498653,1.440501533705614],[110.81756118248249,1.24426122780504],[110.96831038902546,1.225523196417711],[111.1199064583614,1.270334206778429]]],[[[113.07268813560749,-7.876816667359449],[113.26259139488484,-7.908177770417311],[113.55871108482624,-7.913900769990065],[113.76137832115437,-7.830829061310865],[113.94835952232624,-7.824078477662184],[114.23076919029499,-7.931510366242506],[114.25219253013874,-8.020443357270338],[114.1376066536739,-8.21136609439192],[114.06916335533406,-8.433954633515455],[114.32927993248249,-8.782966054719068],[114.10475448082234,-8.68810883883772],[113.74381545494343,-8.599913991730787],[113.47468856285359,-8.486092008393385],[113.07378676841999,-8.347123540680983],[112.83578017662312,-8.347638524811842],[112.57097915123249,-8.462617315095045],[112.41435531090046,-8.488374151032545],[112.09337905357624,-8.444576658051588],[111.43913558433796,-8.382431424897291],[110.77773574302937,-8.320307172577955],[110.41538527916218,-8.206685460846998],[110.03817275474812,-7.991411126893141],[109.54362014244343,-7.839940942566969],[109.1153493180568,-7.738750693331721],[109.03720382164265,-7.720286763947584],[108.61044600914265,-7.702139772217848],[108.36070540855671,-7.836140073578932],[108.16022780845906,-7.85564271334944],[107.72973159263874,-7.786660112183668],[107.36764052818562,-7.564995683472731],[107.2068205208614,-7.533564008515455],[106.48369887779499,-7.503360189240553],[106.32023909996296,-7.433792985718824],[106.34466842125202,-7.370187677186109],[106.54658797691609,-7.16002217654524],[106.36552718590046,-7.039659417908766],[106.11754897545124,-6.995707906525709],[105.88996413658406,-6.932635225098707],[105.7522306771114,-6.920232690613844],[105.18477920006062,-6.865668691437818],[105.14388564537312,-6.781699575226881],[105.2861662239864,-6.771202958863356],[105.46737960289265,-6.813187993805983],[105.63347152183796,-6.755237497132399],[105.66398909996296,-6.519298471253492],[105.67216781090046,-6.456322587769606],[105.81074813316609,-6.481571592133619],[105.79429924903748,-6.289274651952216],[105.79152968834187,-6.256896890442945],[105.89147475670124,-6.150919832032301],[105.93318465660359,-6.0259837282115],[106.02416518638874,-6.080723680298902],[106.30810073326374,-6.130947984498121],[106.52126601646687,-6.109951890748121],[106.62800887535359,-6.309376157563307],[106.86400130699421,-6.269573606293775],[106.93512252281452,-6.135954297822096],[106.94509414146687,-6.0259837282115],[107.06136611412312,-6.07847920779524],[107.3396330208614,-6.154148019593336],[107.52461532066609,-6.35075990084944],[107.67702773521687,-6.330368436616041],[107.7686872811153,-6.451916612427809],[107.96960738609577,-6.438776887696363],[108.17332747886921,-6.355717576783277],[108.30900100181843,-6.450752176087477],[108.47539046715046,-6.685549653809645],[108.55577376793171,-6.920526422303297],[108.95341018150593,-6.938729203980543],[109.16108993004109,-7.023108400147535],[109.21701476418451,-7.014384389671774],[109.3819914192989,-6.98864880923567],[110.02727797935749,-7.044451154511549],[110.24257186363484,-7.031283773224928],[110.39589217613484,-6.954677499573805],[110.49153426597859,-6.662121690552809],[110.6132917733028,-6.541098035615065],[110.8145857186153,-6.534306443970777],[110.91451552818562,-6.629429734986402],[111.04471877525593,-6.851591504853346],[111.32965377281452,-6.908178247254469],[111.56827834556843,-6.920361436646559],[111.91680434654499,-6.957741655152418],[112.2747907967403,-7.026889718812086],[112.40491012047077,-7.134644426148512],[112.53656295250202,-7.264518655579664],[112.50087264488484,-7.464936651032545],[112.62459090660359,-7.674394048493483],[112.67842391441609,-7.718775666993238],[113.07268813560749,-7.876816667359449]]],[[[117.79683974693562,-8.495821393769361],[117.70542434166218,-8.438815511506178],[117.67735579918171,-8.36261407260237],[117.69098952720906,-8.267242826264479],[117.80621627281452,-8.17801419619856],[117.94793990562702,-8.161929525178053],[118.02465346763874,-8.20296994571028],[118.04830459068562,-8.298379339020826],[118.13014510582234,-8.342568792145826],[118.26713851402546,-8.277387059968092],[118.41998580406452,-8.324619687836744],[118.46731093834187,-8.392844594758131],[118.46200087974812,-8.596083082001783],[118.54416182945515,-8.529292501252272],[118.61765578697468,-8.392351545136549],[118.76082900474812,-8.379335798066236],[118.8632917733028,-8.48080960635481],[118.87260726402546,-8.671463407319166],[118.95416549156452,-8.655246175568678],[118.98202804039265,-8.702477849763014],[118.97054580162312,-8.880987561982252],[118.82820418785359,-8.786445058625318],[118.68881514976765,-8.760206617158033],[118.62546828697468,-8.786445058625318],[118.65803054283406,-8.856244481843092],[118.27463820884968,-8.926982320588209],[118.21065810631062,-8.886158384125807],[118.25399306724812,-8.765452779572584],[118.21599868248249,-8.739213384430983],[118.07720473716999,-8.859918035309889],[117.97385695884968,-8.975375570099928],[117.8408537239864,-8.954382337372877],[117.55727675865437,-9.055645383637525],[117.27662948082234,-9.145239270966627],[117.11590102623249,-9.122319616120436],[116.97642043541218,-9.17766133670149],[116.80034163902546,-9.146259702485182],[116.75419143150593,-9.114581502717115],[116.66315749595906,-9.059344686310865],[116.63447097252156,-8.933391011994459],[116.69891646812702,-8.815979398530104],[116.66269210289265,-8.702477849763014],[116.7495451302364,-8.65062562350569],[116.8534040779903,-8.599548734467604],[116.9583845467403,-8.529292501252272],[117.05932906578327,-8.560976423066236],[117.33397201011921,-8.566733754914381],[117.51381209800984,-8.613260663788893],[117.55415633629109,-8.739213384430983],[117.68509963463093,-8.78842679385481],[117.8171720833614,-8.813561834138014],[117.90240767906452,-8.69722977999983],[118.03313735435749,-8.691981710236647],[118.05590346763874,-8.608012594025709],[117.93772414634968,-8.540010846894361],[117.79683974693562,-8.495821393769361]]],[[[106.1643171639278,-2.998099960129835],[105.99474624107624,-2.890428460877516],[105.90241530845906,-2.725398219864942],[105.88230422447468,-2.560203470032789],[105.81182387779499,-2.382413543503858],[105.58349898765827,-2.204967178147413],[105.45276168297077,-2.160768665116407],[105.25175765465046,-2.173908866685011],[105.19965651939656,-2.110476411622145],[105.3214216561153,-1.817892469208815],[105.42667678306843,-1.709628261368849],[105.65572646568562,-1.956973589699842],[105.72237685631062,-1.747112430375196],[105.8634367317989,-1.626060642045118],[105.89634231041218,-1.80392722014723],[106.0365324349239,-2.203994430344679],[106.32863906334187,-2.571952022355177],[106.64274886558796,-2.711081422608473],[106.5234480233028,-2.793948806565382],[106.47066024254109,-2.92117039088545],[106.55266097496296,-3.175201572220899],[106.1643171639278,-2.998099960129835]]],[[[114.89562514732624,-8.654628194611647],[114.51071456383015,-8.452072538178541],[114.45750716636921,-8.331433690827467],[114.64503768394734,-8.33102170352278],[114.87628463218952,-8.247906125825025],[115.08439925621296,-8.234733976166822],[115.50045302818562,-8.46900597934065],[115.34816268394734,-8.545598424714186],[115.24370101402546,-8.590313352387525],[115.07236007164265,-8.781361974518873],[114.89562514732624,-8.654628194611647]]],[[[120.30511001060749,14.57529219265642],[119.97168258140827,14.90490301724138],[119.77184585045124,15.469834886748217],[119.78871444175984,15.660442911345385],[119.81296065758015,15.978120409209154],[119.68141463707234,16.187451921660326],[119.76202681968952,16.35914000149431],[120.20210555504109,16.042466722685717],[120.2931242317989,16.233226381499193],[120.30344680259968,16.41746290798845],[120.25812819908406,16.61428793545427],[120.24656203697468,16.874698244292162],[120.31154159019734,17.071763597685717],[120.3230314583614,17.370326601225756],[120.35980514000202,17.757880769926928],[120.3930769295528,18.04379232998552],[120.56437209556843,18.43162306423845],[120.64886764000202,18.488971315581225],[120.80041793297077,18.55281790371599],[121.03637221763874,18.527911745268725],[121.58078292320515,18.294051729399584],[121.83984664390827,18.275552355009935],[121.92465499351765,18.37100752468767],[122.0495939583614,18.447494112212084],[122.13901046226765,18.384166322905443],[122.14715102623249,18.206330858427904],[122.02781203697468,18.00917204495134],[122.00743392418171,17.793162904936693],[122.07029250572468,17.43757780667009],[122.31363967369343,17.260247789580248],[122.39557937095906,17.114329897124193],[122.20331099937702,16.542222582060717],[122.06395247886921,16.33230360623064],[121.68860152672077,16.058362566191576],[121.43898299644734,15.918075166899584],[121.40227034996296,15.873532854277514],[121.40356734703327,15.75283297177019],[121.3681745858028,15.498668276030443],[121.24220565269734,15.30783327694597],[121.29929641197468,15.212662302214525],[121.45681289146687,14.882681451994799],[121.61163619468952,14.38752134915056],[121.7287931771114,14.108259760100267],[121.77041152427937,14.09564360256853],[121.97345260093952,13.949970804411791],[122.10659316490437,13.918491922575853],[122.17925551841999,14.064768396574877],[122.39741042564656,14.306631647307299],[122.48647597740437,14.319521509367846],[122.67462447593952,14.269106470305346],[122.77617171715046,14.174032770354174],[122.85634139488484,13.888343416411303],[122.98506453941609,13.729808412749193],[123.13177016685749,13.692007623869799],[123.35920241783406,13.952952943999193],[123.63851455162312,13.832856737334154],[123.70189956138874,13.820275865752123],[123.73689559410359,13.763187013823412],[123.66124251793171,13.693143449980639],[123.49137404869343,13.622900568205736],[123.39762404869343,13.527418695647142],[123.81889632652546,12.97563227291765],[123.67696670006062,12.892744623381517],[123.42121413658406,12.981134020048998],[123.23898604820515,13.02520903225603],[123.19697097252156,13.24111422177019],[123.09369185875202,13.380644403654955],[122.82416060875202,13.621467195708178],[122.48540786216999,13.88120039578142],[122.36934188316609,13.880951486784838],[122.32527450035359,13.77921064968767],[122.49199965904499,13.430172525603197],[122.39409163902546,13.30291327114763],[122.0672941536739,13.65160997982683],[121.62493422935749,13.89840944882097],[121.48617080162312,13.891750894743822],[121.33172133873249,13.827899538237475],[121.24972060631062,13.71338041897478],[121.18709853599812,13.681481920439623],[121.00936416099812,13.655685030180834],[120.8645124764278,13.757016740996264],[120.59850600670124,13.921617113310717],[120.5106306404903,14.112003885466478],[120.79860213707234,14.385773264128588],[120.94382003258015,14.290805422026537],[121.10496810386921,14.253032289702318],[121.28544143150593,14.34235819454851],[121.21723464439656,14.418434702116869],[120.89658645103718,14.551147066313646],[120.70640853355671,14.728614412505053],[120.47143081138874,14.804338060576342],[120.36362746666218,14.530945383269213],[120.30511001060749,14.57529219265642]]],[[[120.89078811119343,12.365831934172533],[120.73374465416218,12.549723230559252],[120.71095565269734,12.651321016508959],[120.54695418785359,13.152829729277514],[120.34050277183796,13.387433611113451],[120.64858535240437,13.413506113249682],[121.03917983482624,13.407996736723803],[121.18066695640827,13.332071863371752],[121.3044767708614,13.129049860197924],[121.31683639000202,12.741561495024584],[121.27363875816609,12.52547415371599],[121.17732528160359,12.39820536251726],[121.09403518150593,12.201097093779467],[120.89078811119343,12.365831934172533]]],[[[125.0699568123653,11.244016252715014],[124.98977187584187,11.358191095549486],[124.88334182213093,11.43420275326433],[124.85420516441609,11.491314493376635],[124.91656020591999,11.643918596465014],[124.87549117515827,11.834406458098314],[124.62806991050984,11.992697321135424],[124.33040908287312,12.208060823637865],[124.2640486092403,12.417557321745775],[124.49450210045124,12.462519251067064],[124.95213607261921,12.527031503874682],[125.11906722496296,12.476568781096361],[125.24640944908406,12.292607866484545],[125.27772811363484,11.924222551543139],[125.33314803550984,11.562225900847338],[125.44868758629109,11.206709467131517],[125.39841750572468,11.149427019316576],[125.32305434654499,11.12385233517351],[125.0699568123653,11.244016252715014]]],[[[121.88314345787312,10.627257906157396],[121.9663191170528,11.230978571135424],[121.99363997886921,11.758330904204271],[122.21063521812702,11.580912195403002],[122.47016433189656,11.454417787749193],[122.6350202889278,11.442058168608568],[122.91992476890827,11.525263391692064],[122.93236068199421,11.3283544408864],[122.89682296226765,11.150391184050463],[122.78874495933796,11.029453836638353],[122.70619491050984,10.940329157072924],[122.2972746224239,10.647209726530932],[121.87300399254109,10.468407236296557],[121.88314345787312,10.627257906157396]]],[[[118.69967177818562,10.035908304411791],[118.75656417320515,10.169449411589525],[118.84784224937702,10.214116655547045],[118.98916152427937,10.392306886870287],[119.10811904381062,10.627629839140795],[119.14522078941609,10.900896631438158],[119.20700362633015,11.129742227751635],[119.35385421226765,11.212639414030932],[119.41674331138874,11.13018950100603],[119.34453872154499,11.002969347197435],[119.46889785240437,10.755472742278002],[119.56431106041218,10.501556955534838],[119.51552108238484,10.450623117644213],[119.21700576256062,10.29114969845476],[119.03380111168171,10.125577532011889],[118.86455062340046,10.02356108303728],[118.69967177818562,10.035908304411791]]],[[[122.76859572838093,9.21239813442888],[122.39562514732624,9.478434168059252],[122.30312636802937,9.649777017790697],[122.34745315025593,9.815056406218432],[122.60209945152546,9.910903536040209],[122.70073989341999,10.03183230038347],[122.92015365074421,10.851844392973803],[123.11761764000202,10.934868417937182],[123.23906997154499,10.922424875456713],[123.29033950279499,10.865350328642748],[123.31205275963093,10.738339983183764],[123.14426711509968,10.331377588469408],[123.10443404625202,10.229646288115404],[122.96222213218952,9.594010912138842],[123.03656295250202,9.46075590725603],[123.13299849937702,9.25130709286394],[123.03712752769734,9.066852174956225],[122.94163039634968,9.047589861113451],[122.76859572838093,9.21239813442888]]],[[[117.12781051109577,8.469577394682787],[117.22448256920124,8.685808740813158],[117.3787947029903,8.895802103239916],[117.53589156578327,9.048627458769701],[117.80207351158406,9.208031259734057],[118.08850387047077,9.431024156767748],[118.5080671639278,9.921140276152514],[118.55771163414265,9.673459612090014],[118.50457290123249,9.482750498015307],[118.38454726646687,9.349073015410326],[118.27627089927937,9.266241632658861],[118.04424575279499,9.170442186552904],[117.96718886802937,9.11309393521013],[117.85714248131062,8.833304964262865],[117.71008590172077,8.712273203093432],[117.44408706138874,8.635461412627123],[117.27061751793171,8.45083101864519],[117.12781051109577,8.469577394682787]]],[[[125.95463088463093,6.652467809874437],[125.91082290123249,6.849339567381762],[125.74777511070515,7.185722433287523],[125.61458114097859,7.236262880522631],[125.44320968101765,6.962694250304125],[125.28043654869343,6.593827806670092],[125.39131453941609,6.422524057585619],[125.4659757942989,6.24478157635393],[125.53285506675984,5.939940534788988],[125.46145156334187,5.717408262450121],[125.28927138756062,5.488303266722582],[125.15203383873249,5.602373682219408],[125.07284835289265,5.722916685301684],[125.1634626717403,5.907373033720873],[125.12945846031452,6.053437315184496],[124.96576980064656,6.084847532469652],[124.80300429771687,5.785874448973559],[124.72530654381062,5.811126314360521],[124.22405532310749,6.089605890471361],[123.97346023033406,6.336855493742846],[123.88060286949421,6.565385423857592],[123.86417678306843,6.851268373686693],[124.07358077476765,7.258353792387865],[124.02478316734577,7.474268041808031],[123.81526473472859,7.658065401274584],[123.46498397300984,7.790728651244066],[123.33368209312702,7.77139004345598],[123.30615523765827,7.695080839354418],[123.24790481041218,7.593303285796068],[123.02297500084187,7.478448950011156],[122.72541335533406,7.452396951872728],[122.71332076500202,7.674750887114428],[122.63507369468952,7.782581411559008],[122.45516494224812,7.693248354155443],[122.22833541343952,7.26072224255266],[121.99187758873249,6.872631155211351],[121.89360335777546,6.910547815520189],[121.83990767906452,6.967609964568041],[121.8244963021114,7.05652245159807],[121.84884932945515,7.196360670287035],[122.01048568199421,7.533452116209887],[122.09366897056843,7.775066934782885],[122.21169570396687,7.902391992766283],[122.38402846763874,7.985355936247728],[122.63799575279499,8.004962526518725],[122.73632338951374,8.062362276274584],[122.79649642418171,8.272155367094896],[122.88876632164265,8.342245660979174],[123.13582137535359,8.450786195952318],[123.4858732552364,8.496016107756517],[123.61694625328327,8.33746203060808],[123.66279891441609,8.013531290251635],[123.80546859215046,8.0837255346364],[124.0239363045528,8.109618746001146],[124.11720565269734,8.192410074431322],[124.21039870689656,8.446743570525072],[124.37160018394734,8.561454378325365],[124.5871916146114,8.466619096953295],[124.67058089683796,8.428687654692553],[124.74164107750202,8.918048464018725],[124.87212661216999,8.924685083586596],[124.99087050865437,8.715273462492846],[125.13256362388874,8.931600176054857],[125.22484878013874,8.995329462248705],[125.40131667564656,8.951235376555346],[125.4609709114864,9.053023897368334],[125.43950179527546,9.370639406401537],[125.36229232261921,9.624602876860521],[125.42805007408406,9.783579431731127],[125.61384108970906,9.53620585079851],[125.93394759605671,9.174750887114428],[126.03708938072468,8.958961092192553],[126.07461074302937,8.812918268401049],[125.92319777916218,8.482217394072435],[126.02999404381062,8.380792223173998],[126.27187636802937,8.425783716399096],[126.30630019615437,8.235264383513353],[126.25448897789265,8.0445409643239],[126.2799406380489,7.733274065215014],[126.37267592857624,7.536518655974291],[126.37203505943562,7.339562021452807],[126.32172683189656,7.148838602263353],[126.19462874840046,6.888064943510912],[126.04523757408406,6.608192526060961],[125.95463088463093,6.652467809874437]]]]},"properties":{"id":"austronesians","name":"Austronesians","names":{"en":"Austronesians","fr":"Austronesians"},"subjectTo":"Austronesians","partOf":"Austronesians","borderPrecision":1,"wikidata":null,"wikipedia":null,"year":-4000,"source":"Historical Basemaps","sourceUrl":"https://github.com/aourednik/historical-basemaps"}},{"type":"Feature","geometry":{"type":"MultiPolygon","coordinates":[[[[146.7127333016231,-43.721809781830885],[146.49712661216998,-43.61904946688948],[145.96689895103717,-43.40729180697737],[145.72265151451373,-43.24016610507307],[145.4938612313106,-42.918430722992994],[145.27936843345904,-42.6676754129344],[145.1825056404903,-42.48116723422346],[145.30095961998248,-42.4616207254344],[145.37702468345904,-42.506531156342604],[145.56630996177935,-42.58340493563948],[145.62429336021685,-42.51891747836409],[145.53049758384967,-42.345310605805494],[145.2141981453731,-42.03065911654768],[144.9360456795528,-41.70970574740706],[144.86892226646685,-41.59412804965315],[144.70011428306842,-41.16398660067854],[144.69687941978717,-40.862190641205885],[144.7761335701778,-40.84276238803206],[145.22802260826373,-40.983108915131666],[145.89188674400592,-41.142315305512525],[146.3822126717403,-41.30834618930159],[146.74070266197467,-41.29478494052229],[146.94913772056842,-41.23012200717268],[147.12060073326373,-41.17839089755354],[147.2885847420528,-41.15234795932112],[147.59635451744342,-41.16458932284651],[147.73382094810748,-41.02944222811995],[148.05588820884967,-40.919651426117994],[148.26952651451373,-41.09258309726057],[148.26568129966998,-41.137554563325025],[148.32305434654498,-41.497234739106275],[148.31925490806842,-41.80580560092268],[147.98119643638873,-42.48201409701643],[147.9256697029903,-42.82340279940901],[147.8153181404903,-42.96535149936018],[147.39066604088092,-43.08217660311995],[147.14171889732623,-43.256687558930494],[146.92144301841998,-43.566597379487135],[146.83597854088092,-43.68932381991682],[146.7127333016231,-43.721809781830885]]]]},"properties":{"id":"aboriginal-tasmanians","name":"Aboriginal Tasmanians","names":{"en":"Palawa","fr":"Aborigènes de Tasmanie"},"subjectTo":"Aboriginal Tasmanians","partOf":"Aboriginal Tasmanians","borderPrecision":1,"wikidata":"Q265730","wikipedia":{"en":"https://en.wikipedia.org/wiki/Aboriginal_Tasmanians","fr":"https://fr.wikipedia.org/wiki/Aborig%C3%A8nes_de_Tasmanie"},"year":-4000,"source":"Historical Basemaps","sourceUrl":"https://github.com/aourednik/historical-basemaps"}},{"type":"Feature","geometry":{"type":"MultiPolygon","coordinates":[[[[139.42260268638873,35.165511690337084],[139.20864394615435,35.16507300015154],[139.05291274498248,35.024886690337084],[139.0228376717403,34.68834265347185],[138.86382583091998,34.5674320089406],[138.77944472740435,34.579948030669115],[138.74982741783404,34.649703584868334],[138.75103286216998,34.92264898892107],[138.68374160240435,34.99233969326677],[138.58896926353717,34.97309073086443],[138.4501600594356,34.9029918539113],[138.29520705650592,34.763026796538256],[138.1490583748653,34.5278812276906],[137.75918105552935,34.55247076626482],[137.5317488045528,34.52661856289568],[137.24822524498248,34.48160894985857],[137.04178908775592,34.72873648281755],[136.7338514656856,34.87408789272966],[136.61693862388873,34.759601198393725],[136.58658889244342,34.67703207607927],[136.50706008384967,34.51817663784685],[136.52367690513873,34.49281271572771],[136.71134475181842,34.40433844204607],[136.89858535240435,34.25873144741716],[136.76687148521685,34.16959723110857],[136.3937635750606,34.11170538540544],[136.1992292733028,34.00339087124529],[135.99099257896685,33.72367437954607],[135.75567153404498,33.34231527920427],[135.4460096688106,33.50672491665544],[135.19150832603717,33.60141714688005],[135.06292251060748,33.69002493496599],[135.05695632408404,33.76618918057146],[134.9692488045528,34.13417013760271],[135.01397231529498,34.204093538481615],[135.23673537681842,34.35053595181169],[135.3170271248653,34.471313081938646],[135.28681472252154,34.5981937276906],[135.20571425865435,34.617084108549975],[134.9356794686153,34.54035147305193],[134.78246596763873,34.55273779507341],[134.42731765220904,34.62817724819841],[134.21349624107623,34.570617281157396],[134.02172378013873,34.46866949673357],[133.82529738853717,34.385741792876146],[133.70426467369342,34.429931246001146],[133.58913711021685,34.442374788481615],[132.84772780845904,34.26313360806169],[132.48118117759967,34.12908514614763],[132.38665297935748,34.268539034087084],[132.1834822029903,34.287170015532396],[131.99730971763873,34.09000738735857],[131.9949598641231,33.80434378262224],[131.6548719734981,33.91156347866716],[131.39416030357623,33.93642386074724],[130.89904311607623,33.90366705532732],[130.77932265709185,33.966903291899584],[130.81162551353717,34.1193118917531],[130.89232924888873,34.24644049282732],[131.10976699302935,34.24053534146013],[131.33410170982623,34.291774355132006],[131.67228225181842,34.501952730376146],[132.6628523201778,35.38062628384294],[132.78869155357623,35.38724859829607],[132.98076919029498,35.444869600493334],[133.00620559166217,35.254149996001146],[133.22861770103717,35.31183584805193],[133.80405715416217,35.427482210356615],[134.22356704185748,35.4537731039113],[134.75583938072467,35.531173311430834],[135.15697768638873,35.646468721587084],[135.18804458091998,35.443011842924975],[135.35766128013873,35.32253988857927],[135.43247512291217,35.360839449126146],[135.72710708091998,35.45048102017107],[135.92803481529498,35.60351904507341],[135.9265241951778,35.76252707119646],[135.97788527916217,35.97254904385271],[136.1872663826778,36.20200308438005],[136.50152114341998,36.46351202603044],[136.66849807213092,36.66749533291521],[136.64042190025592,37.17027624722185],[136.72185805748248,37.26593359585466],[136.81084731529498,37.31068380947771],[137.30964187095904,37.43265112515154],[137.3349256844356,37.27354010220232],[137.1181745858028,37.14577444668474],[137.01377395103717,37.037353121001146],[136.98302749107623,36.83360632534685],[137.04532912681842,36.668258272368334],[137.17620376060748,36.643066011626146],[137.27591994713092,36.69418676968279],[137.46403029869342,36.85367926235857],[137.57181838463092,36.892081819731615],[137.8874963691638,37.02481461594864],[139.5383982412448,35.29032277566102],[139.42260268638873,35.165511690337084]]],[[[132.4670515389278,32.75788076992693],[132.42185500572467,32.929183565337084],[132.34257033775592,33.10677298184099],[132.12111953209185,33.34754904385271],[132.44994643638873,33.51961477871599],[132.57937148521685,33.640494905669115],[132.7843122811153,33.907523714262865],[132.96868422935748,33.79364355679216],[133.24547866295123,33.80055960293474],[133.46291640709185,33.88352163906755],[133.60300734947467,34.036159120757006],[133.80564406822467,34.17622336025896],[134.01023391197467,34.189330660063646],[134.1526747078731,34.113456331450365],[134.5404157967403,34.01269873257341],[134.60976699302935,33.898578249174975],[134.56475356529498,33.8413463460988],[134.5191297859981,33.650817476469896],[134.38769057701373,33.54264410610857],[133.99859145591998,33.14826925869646],[133.9174909920528,33.24331625576677],[133.7268934578731,33.37623556729021],[133.51652053306842,33.39485128994646],[133.2409773201778,33.299056612212084],[133.15415481041217,33.21636541958513],[133.04386428306842,32.9939456808156],[132.96967605064654,32.76526220913591],[132.90069106529498,32.66990240688982],[132.69875625084185,32.54885824795427],[132.56757644127154,32.63746603604021],[132.4670515389278,32.75788076992693]]],[[[130.5793104500606,30.906545244414232],[130.55413344810748,30.969977937895678],[130.67454055259967,31.211490236479662],[130.73246291588092,31.478250108916185],[130.5819197029903,31.528737627226732],[130.47443679283404,31.439628206450365],[130.40439895103717,31.229978166777514],[130.23293593834185,31.026460252959154],[130.0862684578731,31.121388994414232],[130.06011489341998,31.216558061797045],[130.20514968345904,31.426370226103685],[130.2193250984981,31.559724413115404],[130.05887893150592,31.97206266995134],[130.13494399498248,32.023002229887865],[130.44396499107623,32.28393133755388],[130.4811659188106,32.347499452788256],[130.49653151939654,32.55701788540544],[130.25739577720904,32.9120365011281],[130.10752395103717,32.930778108794115],[130.03458693931842,32.81000097866716],[129.8459120125606,32.587421022612475],[129.7337293953731,32.637984834868334],[129.6303358406856,32.86631353970232],[129.46087172935748,32.98657950039568],[129.34337905357623,33.15138968105974],[129.5280409188106,33.297774873930834],[129.85825637291217,33.260367952544115],[130.1761579842403,33.33719977017107],[130.31766799400592,33.546989046294115],[130.42656997154498,33.67417105313005],[130.64440444420123,33.7000003683156],[130.85947707603717,33.67505987759294],[130.97111037681842,33.50388678188982],[131.09250930259967,33.427962862212084],[131.28603652427935,33.39026220913591],[131.56875136802935,33.48606451626482],[131.66982558677935,33.308532320219896],[131.41355422447467,33.11121710415544],[131.59562209556842,33.00366552944841],[131.79528335045123,32.80728491421404],[131.83098891685748,32.69308813687029],[131.5629988045528,32.43224676724138],[131.4536238045528,32.24792822476091],[131.40685561607623,32.08277472134294],[131.3687391609981,31.803355776030443],[131.31928542564654,31.51120527859392],[131.21062758873248,31.35226973171892],[131.12311843345904,31.307637773711107],[131.0487928719356,31.275754533965014],[130.9596815438106,31.193025194365404],[130.74401381920123,30.88783415432634],[130.5793104500606,30.906545244414232]]]]},"properties":{"id":"jomon","name":"Jōmon","names":{"en":"Jōmon pottery","fr":"Céramique de la période Jōmon"},"subjectTo":"Jōmon","partOf":"Jōmon","borderPrecision":1,"wikidata":"Q4390366","wikipedia":{"en":"https://en.wikipedia.org/wiki/J%C5%8Dmon_pottery","fr":"https://fr.wikipedia.org/wiki/C%C3%A9ramique_de_la_p%C3%A9riode_J%C5%8Dmon"},"year":-4000,"source":"Historical Basemaps","sourceUrl":"https://github.com/aourednik/historical-basemaps"}},{"type":"Feature","geometry":{"type":"MultiPolygon","coordinates":[[[[-78.26179300746264,-9.742421296838932],[-76.38791948631228,-9.705678678777161],[-74.61741613281461,-9.978063810084496],[-73.36444452880086,-10.931411769660173],[-72.16594995104859,-12.94706174133446],[-72.00251887226418,-14.30898739787114],[-72.22042697731004,-15.425766436231218],[-73.11740172169971,-16.457287392279323],[-73.28297897865032,-16.367351926606275],[-73.6725968985722,-16.196661390107252],[-74.04964157630657,-16.044990934174635],[-74.6214265494511,-15.665019429963209],[-75.23090836097454,-15.221601880829908],[-75.78529068519329,-14.727239049714186],[-76.05259415199016,-14.41014710788069],[-76.24178024818157,-14.105595983307936],[-76.23820969154094,-13.908625997346022],[-76.23803421546673,-13.502021230500318],[-76.35918137122844,-13.22907964114485],[-76.64871457964954,-12.842323458174974],[-76.71058365394329,-12.75967923526106],[-76.72494444200693,-12.730947490342317],[-77.33550735999798,-11.509389318268873],[-77.46394058753704,-11.388950742524244],[-77.67389389564251,-11.294097341340162],[-77.70724960853313,-11.256047643464186],[-77.68253799964641,-11.014555372040846],[-77.69160934974407,-10.836669362824537],[-77.75874802161907,-10.658920682709791],[-77.99172997938516,-10.234450054395035],[-78.26179300746264,-9.742421296838932]]]]},"properties":{"id":"norte-chico","name":"Norte Chico","names":{"en":"Norte Chico","fr":"Norte chico du Chili"},"subjectTo":"Norte Chico","partOf":"Norte Chico","borderPrecision":1,"wikidata":"Q4344485","wikipedia":{"en":"https://en.wikipedia.org/wiki/Norte_Chico,_Chile","fr":"https://fr.wikipedia.org/wiki/Norte_chico_du_Chili"},"year":-4000,"source":"Historical Basemaps","sourceUrl":"https://github.com/aourednik/historical-basemaps"}},{"type":"Feature","geometry":{"type":"MultiPolygon","coordinates":[[[[43.294502686920836,35.66858681062941],[42.771664605301865,35.72267350872792],[41.154071689948154,35.126718224123934],[40.81352581303159,34.19021706260335],[40.955907875717344,33.43477825839353],[39.19593289767788,33.594261777999364],[37.2377941054076,33.84967118568679],[35.7162084908321,34.312369905669115],[35.82100585411335,34.343776308257006],[35.873065027697336,34.422286592680834],[35.85191634605671,34.492946230132006],[35.7507543892696,34.74680670376482],[35.80885222862507,35.01379736538591],[35.841380152209055,35.04263266201677],[35.796431574328196,35.270717226225756],[35.60734084556843,35.41754492397966],[35.663958582384836,35.45949514980974],[35.680430445177805,35.52767141934099],[35.7331762642696,35.58536108608904],[35.69143203209187,35.68502005215349],[35.739504847033274,35.690265260893725],[35.85594466636921,35.83450277920427],[35.829051050646555,35.884784303862475],[35.71850493858601,36.09155615444841],[35.66494658897663,36.133529268462084],[35.70863250206257,36.21223410244646],[35.81413775274349,36.29849189880415],[35.81724074791218,36.30102881069841],[36.09526351402546,36.48246344204607],[36.10452178428913,36.56117209072771],[36.0824308724239,36.62153204556169],[38.08915879769903,37.42540289331078],[40.47297993611501,37.851085239456495],[41.976144558905375,37.68406694803534],[42.00543638223958,37.680812300998205],[42.94193754376015,36.48890173179021],[43.294502686920836,35.66858681062941]]]]},"properties":{"id":"city-states","name":"city-states","names":{"en":"city-states","fr":"city-states"},"subjectTo":"city-states","partOf":"city-states","borderPrecision":1,"wikidata":null,"wikipedia":null,"year":-4000,"source":"Historical Basemaps","sourceUrl":"https://github.com/aourednik/historical-basemaps"}},{"type":"Feature","geometry":{"type":"MultiPolygon","coordinates":[[[[50.13237288902546,30.06642874355974],[49.71784881065632,30.002053819853685],[49.51097396324421,30.020675264555834],[49.45236495445515,30.07772596951189],[49.321360620959055,30.102862917143725],[49.235083612902415,30.223380647856615],[49.22222808311726,30.47745855923357],[49.02017119835163,30.43257101650896],[48.945723566515696,30.387942873198412],[48.80132964561726,30.08272513027849],[48.713843378527415,29.99996145840349],[48.55364898155476,29.994622789580248],[48.51058486412312,29.993188463408373],[48.21184829185749,29.948093019682787],[48.028277430041086,29.973121248442553],[47.95715239952351,29.947564684111498],[47.911360773546946,29.890292726714037],[47.935923609240305,29.80140646572771],[47.99603179405476,29.490258775908373],[47.84490874717976,29.50315436001482],[47.61403945396687,29.272241197783373],[41.94977851818943,32.20855238803876],[41.05768490276161,32.89477824606016],[40.955907875717344,33.43477825839353],[40.81352581303159,34.19021706260335],[41.154071689948154,35.126718224123934],[42.771664605301865,35.72267350872792],[43.294502686920836,35.66858681062941],[45.240622212947,35.4672641010405],[45.615393854211604,35.16276214251302],[46.60280572061329,34.36049000106165],[49.306727748969465,31.81562220966758],[49.49744567440413,31.636122985729077],[50.13237288902546,30.06642874355974]]]]},"properties":{"id":"ur","name":"Ur","names":{"en":"University of Rochester","fr":"Université de Rochester"},"subjectTo":"Ur","partOf":"Ur","borderPrecision":1,"wikidata":"Q149990","wikipedia":{"en":"https://en.wikipedia.org/wiki/University_of_Rochester","fr":"https://fr.wikipedia.org/wiki/Universit%C3%A9_de_Rochester"},"year":-4000,"source":"Historical Basemaps","sourceUrl":"https://github.com/aourednik/historical-basemaps"}},{"type":"Feature","geometry":{"type":"MultiPolygon","coordinates":[[[[55.8053198189571,27.005092226225756],[55.65757277916218,26.996945940215014],[55.42489913414265,26.963107668120287],[55.34008696983601,26.79935225125017],[55.098128351671946,26.73744162197771],[54.92553237388874,26.53802641506853],[54.75987533043171,26.41062506313982],[54.64605620811726,26.39131888027849],[54.064944300158274,26.70138319607439],[53.63393691490437,26.74793966885271],[53.380679163439524,26.9095893728322],[52.89083388756062,27.05232390042009],[52.77987197349812,27.18784865017595],[52.63377669761921,27.314601503569506],[52.41038802574421,27.580957018095873],[51.961550745470774,27.776948534209154],[51.698863062365305,27.814521394926928],[51.611304316027415,27.82704123135271],[51.350134882433665,28.03613432522478],[51.082259211046946,28.51201971646013],[50.796755823595774,29.01329382534685],[50.702456507189524,29.133781038481615],[50.704722437365305,29.400607668120287],[50.359839472277415,29.74293478604021],[50.13237288902546,30.06642874355974],[49.49744567440413,31.636122985729077],[49.306727748969465,31.81562220966758],[54.0096785435487,30.359075947291938],[56.56377262042298,29.677984193458798],[57.84081965886011,28.996892439625658],[58.18136553577668,28.06039127810509],[58.351638474234974,27.464435993501088],[58.36867812584187,25.54787977810564],[58.109637293322336,25.547322832304857],[57.900454554064524,25.540891252715014],[57.805090937121165,25.64833029385271],[57.464880976183665,25.704793535429857],[57.32798293541218,25.787087999541185],[57.254771265490305,25.793286882597826],[57.24507049034382,26.01846274014177],[57.112402948839915,26.076190553862475],[57.06634047935749,26.307468019682787],[56.93497756431843,26.464543901640795],[56.929087671740305,26.75186689968767],[56.79043105552937,26.97391279812517],[56.683550867541086,26.968356691557787],[56.66781905601765,27.04989584561052],[56.43094924400593,27.106566988188646],[56.067767176134836,27.112168871123217],[55.89973357628132,27.104804598051928],[55.8053198189571,27.005092226225756]]]]},"properties":{"id":"elam","name":"Elam","names":{"en":"Elam","fr":"Élam"},"subjectTo":"Elam","partOf":"Elam","borderPrecision":1,"wikidata":"Q128904","wikipedia":{"en":"https://en.wikipedia.org/wiki/Elam","fr":"https://fr.wikipedia.org/wiki/%C3%89lam"},"year":-4000,"source":"Historical Basemaps","sourceUrl":"https://github.com/aourednik/historical-basemaps"}},{"type":"Feature","geometry":{"type":"MultiPolygon","coordinates":[[[[13.47769873362816,-8.485613591650017],[39.43894451680135,-7.923928089744616],[39.47772887657429,-7.997649110596754],[39.40043166588093,-8.309211171906568],[39.391829523546946,-8.735015310090162],[39.57677367637898,-9.541707433503248],[39.6576147408321,-9.795738614838697],[39.83821776817585,-10.00506440524397],[40.208785089953196,-10.252111829560377],[40.38686660240437,-10.37247506503401],[40.46619323204304,-10.47525540713606],[40.52401259849812,-10.550122655671217],[40.619517359240305,-10.76598969821272],[40.5364103646114,-11.02673474673567],[40.40044310997273,-11.230388082306959],[40.311343225939524,-11.344973005097486],[40.392519983752024,-11.548167623322584],[40.450381311877024,-11.872153676789381],[40.44549086998249,-12.081891454499342],[40.52701857994343,-12.583784498017408],[40.48177245567585,-12.844442762177565],[40.36584380577351,-12.990858472626783],[40.53394225548054,-13.30826608065901],[40.60333159874226,-13.530550397675611],[40.6008634896114,-14.032622731965162],[40.59920791099812,-14.401239789765455],[40.61833480308796,-14.483810819428541],[40.701338800890696,-14.540838636201002],[40.848616632921946,-14.578646100800611],[40.85543731163288,-14.699382222931959],[40.7810392708614,-14.921983159821608],[40.527442011339915,-15.183100141327955],[40.61015990684773,-15.35451737765608],[40.57406905601765,-15.481702245514967],[40.38579848716999,-15.73632661227522],[40.025157007677805,-16.143841184418775],[39.795062098009836,-16.423971570771315],[39.471255335314524,-16.717016614716627],[38.85896972130085,-17.055155195038893],[38.19267562340046,-17.348934568207838],[37.863894495470774,-17.451328672211744],[37.27531722496296,-17.713161863129713],[36.89233306358601,-17.99996987704573],[36.31359008262898,-18.649462140839674],[35.91478255699421,-19.031639493744947],[35.377886805041086,-19.426824964326002],[34.84678939293171,-19.802927411835768],[34.72620299766804,-19.860380567353346],[34.71029571007038,-20.292583860200025],[34.67331984947468,-20.51510850314436],[34.69901565025593,-20.57224885348616],[35.02253631065632,-20.813072599213697],[35.107153925402415,-20.984491742890455],[35.03266814659382,-21.188030637543775],[34.99418929527546,-21.270725644867994],[35.20164779136921,-21.950323499482252],[35.23384765098835,-22.20447961215315],[35.260760340197336,-22.274328626435377],[35.371436151964915,-22.280451215546705],[35.448287043078196,-22.223093427460768],[35.51175979088093,-22.184820569794752],[35.53088286827351,-22.45806733493147],[35.42541411827351,-23.456112302582838],[35.29743102501179,-23.825008786957838],[35.44399932335163,-23.913671888154127],[35.512225183947336,-23.938953794282057],[35.500865015490305,-24.085165418427565],[35.4300871224239,-24.22512856845198],[35.1980314583614,-24.47983590487776],[34.88371947716023,-24.72201577548323],[34.58479979942585,-24.875175870698072],[34.01502898643757,-25.060696042817213],[33.656905207140696,-25.201269544404127],[33.347266230089915,-25.303612149994947],[32.944861444933665,-25.5396236551219],[32.65110305259968,-25.838962949555494],[32.499712976916086,-26.06808701876936],[32.63101104210163,-26.220337308686354],[32.89595702598835,-26.37232629184065],[32.91596892784382,-26.518461622040846],[32.887390253529176,-26.715051172579674],[32.849036249621165,-26.978884137909986],[32.767230066759836,-27.51663247470198],[32.60903457115437,-27.89831391696272],[32.52742675255085,-27.981102384369947],[32.345477137072336,-28.02597848300276],[32.30343535850788,-28.134109891694166],[32.39324859092976,-28.37544671420393],[32.3462248177364,-28.585289396088697],[32.234744104845774,-28.74441758517561],[31.978331598742255,-28.94834939364729],[31.563080820544013,-29.209801114838697],[31.326805068175602,-29.509405299501744],[31.296990427477606,-29.54721108798323],[30.674901041491278,-30.438341535370924],[30.487155827280144,-30.686724305145788],[30.391005548937567,-30.81392899874983],[30.294790757737793,-30.920219874431666],[29.831868204577216,-31.431621946137525],[29.295138391955145,-31.909426130097486],[29.08635846343894,-32.1267062219706],[28.921853098376044,-32.29790917758284],[28.27691939781452,-32.76323357943831],[27.656355890734442,-33.253921903412916],[27.40815070579792,-33.42601052645979],[26.962971720202216,-33.71297875766096],[26.658656153185614,-33.84707299594221],[26.3066511483028,-33.892288602631666],[25.865729364855536,-33.88682977084456],[25.618521723253973,-33.91912499789534],[25.559100183947333,-34.07814828280745],[25.565064463122138,-34.1353382242137],[25.51585868309284,-34.17357674960432],[25.313666376574286,-34.12950173739729],[25.064669641955145,-34.07280007724104],[24.928593668444403,-34.07944527987776],[24.81606963585163,-34.16864434603987],[24.69349006126667,-34.308731473725416],[24.592217478258856,-34.35978738192854],[24.429938349230536,-34.33470193270979],[24.084670099718817,-34.1510852945262],[23.742917093737372,-34.0755123269969],[23.499220880968817,-34.06966058139143],[23.359755548937567,-34.120796598237135],[23.188918146593817,-34.241897977631666],[22.971856150133856,-34.19785348300276],[22.681775125963934,-34.10311547641096],[22.5885332682646,-34.13458312854779],[22.549130472643622,-34.14788094882307],[22.262129816515692,-34.16752663974104],[21.997218164904364,-34.26340524081526],[21.66930106590534,-34.50560799960432],[21.345505747301825,-34.5443958414012],[21.14705565880085,-34.538452543061354],[20.846911463244208,-34.500923551362135],[20.514832529528388,-34.53339043978987],[20.25607207725788,-34.62289086703596],[19.883807215197333,-34.99228707675276],[19.320893320544013,-34.732857145112135],[19.279349359972723,-34.504131711762525],[19.18137267540241,-34.4217151773387],[18.966362986071356,-34.396728910248854],[18.840062174303778,-34.435120023530104],[18.72423842857624,-34.21926537875471],[18.57026771019245,-34.19417230014143],[18.5030737252071,-34.30870477084456],[18.487156900866278,-34.39771691684065],[18.346327814562567,-34.34715691928206],[18.29292396019245,-34.24557534579573],[18.412772211535223,-34.02287713412581],[18.45907500694538,-33.832127012055494],[18.073050531847723,-33.22279015902815],[17.927741083605536,-33.09596673373518],[17.867608103258856,-32.99441186312971],[17.94545844505573,-32.917976774018385],[18.231507334215888,-32.898323453705885],[18.30869773338581,-32.70750848178206],[18.335690531237372,-32.338821805756666],[18.262307199938544,-32.04027215365706],[18.178561243517645,-31.805298246186354],[17.903866800768622,-31.291069425385572],[17.5665388436153,-30.827820218842604],[17.432107923119183,-30.570482995543706],[17.354287180407294,-30.42151299838362],[17.078530344469794,-29.7992672098094],[16.788300547106513,-29.138924039643385],[16.5301618904903,-28.77085152987776],[16.334208521349677,-28.56079522494612],[16.1281843514278,-28.339535154145338],[15.659789118273505,-27.889295972626783],[15.453804048998602,-27.61645928744612],[15.291948351366766,-27.15286485080061],[15.136913332445868,-26.82907334689436],[15.075613054735907,-26.606766141694166],[15.129913362963446,-26.485908902924635],[15.153246912462958,-26.33334580783186],[14.947422060473212,-26.00966111544905],[14.843331369860419,-25.62222329501448],[14.909797701342352,-25.234415448945143],[14.90903666923786,-25.01834908847151],[14.667572054369696,-24.42148057345686],[14.44403651664997,-23.411688245576002],[14.409003290636786,-23.252706922333815],[14.396092447741278,-23.074791349213697],[14.5244303078487,-22.941069043915846],[14.570058855517157,-22.758144773285963],[14.576767954333075,-22.731251157563307],[14.53272059868122,-22.49620095614729],[14.415466341479071,-22.267668165009596],[13.957572016222723,-21.690342344086744],[13.803647074206122,-21.442819989960768],[13.307551416857489,-20.471565641205885],[12.929404291613348,-19.741556562226393],[12.52433207939411,-19.062439359467604],[12.079512629015692,-18.49144021395979],[11.849736246569403,-18.021673597138502],[11.794679674608954,-17.843861020844557],[11.774609598620184,-17.59605256442366],[11.781281504137763,-17.3360160959178],[11.80262568901325,-16.522013105195143],[11.795175585253485,-16.15980759982405],[11.782002481920966,-15.867509282868483],[11.96069911430622,-15.714616216462233],[12.060033831103095,-15.593660749238111],[12.177230867846259,-15.275659002106764],[12.25060275505329,-14.945055402558424],[12.300918963094107,-14.560185316377684],[12.33287528465534,-14.315750516694166],[12.440729174120673,-13.877037442963697],[12.585389170153388,-13.463659681122877],[12.848094019396552,-13.164415754120924],[12.930457148058661,-12.910041250031568],[13.050743135912665,-12.750912107270338],[13.338574442370184,-12.648617185395338],[13.459035906298407,-12.50220147494612],[13.649036440356024,-12.196759618561842],[13.813229593737372,-11.656247533600904],[13.837068590624579,-11.357520498078443],[13.816288980944403,-10.976270116608717],[13.729883226855048,-10.544334806244947],[13.639446291430243,-10.30304089907942],[13.418027910692938,-9.985778249543287],[13.203851732714423,-9.636731542389967],[13.083758387072333,-9.287485517304518],[13.14586356590534,-9.064934171479322],[13.36017135093952,-8.892893232148268],[13.431432756884345,-8.82282964114485],[13.479528460009345,-8.63209191684065],[13.47769873362816,-8.485613591650017]]]]},"properties":{"id":"khoisan","name":"Khoisan","names":{"en":"Khoisan","fr":"Khoïsan"},"subjectTo":"Khoisan","partOf":"Khoisan","borderPrecision":1,"wikidata":"Q459387","wikipedia":{"en":"https://en.wikipedia.org/wiki/Khoisan","fr":"https://fr.wikipedia.org/wiki/Kho%C3%AFsan"},"year":-4000,"source":"Historical Basemaps","sourceUrl":"https://github.com/aourednik/historical-basemaps"}},{"type":"Feature","geometry":{"type":"MultiPolygon","coordinates":[[[[32.647959742052805,29.85220106716814],[32.43838027427937,29.775519930083178],[32.318491968615305,29.54019697781267],[33.41938281716004,26.279627019384403],[33.737255442084205,24.49954031980903],[33.3453212836059,23.354044941297275],[31.278241259367615,19.972426701336538],[30.59714950553447,19.802153762878252],[30.171467159388758,19.972426701336538],[30.001194220930476,21.07920080131539],[30.426876567076185,22.781930185898247],[30.681027409357977,23.607920423314074],[31.107968320909325,24.995478385855954],[30.939976342751482,25.96175439446023],[30.74925276779698,26.724648694278244],[30.049932992963793,27.99613919397494],[29.85920941800929,29.649076843580644],[29.359381708605536,30.81107100125017],[29.683102640612372,31.05317076321306],[30.099139246447333,31.231925569731615],[30.47605613182331,31.31528814907732],[30.827059778673895,31.43673666592302],[30.995955500109442,31.468850694853685],[31.151381525500067,31.443749986845873],[31.392270121081122,31.444261156279467],[31.71741584251667,31.38775213833513],[31.808123621447333,31.178281389433764],[32.07651046226765,31.013650499541185],[32.30937865684773,31.084018312651537],[32.59724334190632,30.963901125151537],[32.76873305748249,30.95155295010271],[33.02139190147663,31.132072054106615],[33.12956527183796,31.051686845976732],[33.25459960411335,31.026528917509935],[33.557601007921946,30.967715822417162],[32.647959742052805,29.85220106716814]]]]},"properties":{"id":"egypt","name":"Egypt","names":{"en":"Egypt","fr":"Égypte"},"subjectTo":"Egypt","partOf":"Egypt","borderPrecision":1,"wikidata":"Q79","wikipedia":{"en":"https://en.wikipedia.org/wiki/Egypt","fr":"https://fr.wikipedia.org/wiki/%C3%89gypte"},"year":-4000,"source":"Historical Basemaps","sourceUrl":"https://github.com/aourednik/historical-basemaps"}},{"type":"Feature","geometry":{"type":"MultiPolygon","coordinates":[[[[72.69562056968952,22.12853582974138],[72.31904891441609,22.11503180142107],[72.23298171470906,22.019551836211107],[72.12713912437702,21.828742586333178],[72.13103774498249,21.746179186064623],[72.25569442222859,21.632083498198412],[72.28899672935749,21.54956968899431],[72.25619796226765,21.352563463408373],[72.1208601326778,21.155339800078295],[71.89442733238484,20.989677034575365],[71.52892592857624,20.823730074126146],[71.30259231041218,20.772426210600756],[71.0244474739864,20.657476030547045],[70.85505202720906,20.650762163359545],[70.46747878502156,20.77700003262224],[70.20994857261921,20.94797857876482],[69.75222304771687,21.398070894438646],[69.12606337974812,21.96850737209978],[68.8941755623653,22.285655580717943],[69.01423171470906,22.30496748562517],[69.49224379966999,22.24880941982927],[69.76916793297077,22.287507616240404],[69.96852401207234,22.35145720120134],[70.17620376060749,22.478955827910326],[70.41056350181843,22.752622209746264],[70.3806486458614,22.860560976225756],[70.31022170494343,22.82864340420427],[70.04594710777546,22.777261339384935],[69.66488936851765,22.789163194853685],[69.39181807945515,22.8394046651906],[69.10719588707234,22.898904405791185],[68.88241103599812,22.99714811917009],[68.79081252525593,23.028724275786303],[68.37294295738484,23.326415621001146],[68.0721769661739,23.67518766995134],[68.04699996422077,23.764070116240404],[67.69232467125202,23.814155183989428],[67.48602584312702,23.928060136992357],[67.31589034508015,24.092885576445482],[67.2042341561153,24.588166795927904],[67.1535978646114,24.65159186001482],[66.99953750084187,24.714782320219896],[66.70171645591999,24.752278886992357],[66.65421584556843,24.783935152251146],[66.64811232994343,24.90462454434099],[66.70050338218952,25.114379488188646],[66.62050918052937,25.31748541470232],[66.43233016441609,25.488610826689623],[66.30008986900593,25.494687639433764],[65.76880172203327,25.309339128691576],[65.21567061851765,25.270059190947435],[64.85119155357624,25.20576437588396],[64.42497542808796,25.173116289336107],[64.23826125572468,25.210826479155443],[64.12006667564656,25.312226854521654],[64.05922225425984,25.401034914214037],[63.650332483752024,25.336646639067553],[63.40352538536335,25.164601885039232],[63.01806167076374,25.15743979092302],[63.29304526454925,26.877572133692844],[64.81298535067545,28.51443068798259],[67.61902858660072,28.982104560636806],[69.02205020456336,31.086636987580768],[70.77582722701666,32.02198473288919],[73.6987889311055,32.13890320105275],[78.84320153030184,30.735881583090105],[79.1939569347925,30.034370774108787],[78.84320153030184,28.631349156146143],[72.29576731314286,28.982104560636806],[70.30815335436245,28.046756815328372],[69.72356101354468,26.99449060185639],[70.07431641803534,25.474550515730204],[72.52960424946995,24.422284302258223],[73.23111505845128,23.7207734932769],[72.69562056968952,22.12853582974138]]]]},"properties":{"id":"indus-valley-civilization","name":"Indus valley civilization","names":{"en":"Indus Valley Civilization","fr":"civilisation de la vallée de l'Indus"},"subjectTo":"Indus valley civilization","partOf":"Indus valley civilization","borderPrecision":1,"wikidata":"Q42534","wikipedia":{"en":"https://en.wikipedia.org/wiki/Indus_Valley_Civilisation","fr":"https://fr.wikipedia.org/wiki/Civilisation_de_la_vall%C3%A9e_de_l%27Indus"},"year":-4000,"source":"Historical Basemaps","sourceUrl":"https://github.com/aourednik/historical-basemaps"}},{"type":"Feature","geometry":{"type":"MultiPolygon","coordinates":[[[[41.976144558905375,37.68406694803534],[42.240378202531765,38.45184017668562],[42.598904560359244,38.420390496174434],[42.81905232393752,38.420390496174434],[42.91340136547107,38.30088171023195],[43.24047804278736,38.28830183802747],[44.27202756355413,37.84800631087092],[45.59920408112602,36.665498323650475],[46.196748010838476,36.388741135152074],[46.536404560359244,35.84780663035974],[45.92628075844231,35.33832180607859],[45.615393854211604,35.16276214251302],[45.240622212947,35.4672641010405],[43.294502686920836,35.66858681062941],[42.94193754376015,36.48890173179021],[42.00543638223958,37.680812300998205],[41.976144558905375,37.68406694803534]]]]},"properties":{"id":"hurrian-kingdoms","name":"Hurrian Kingdoms","names":{"en":"Hurrian Kingdoms","fr":"Hurrian Kingdoms"},"subjectTo":"Hurrian Kingdoms","partOf":"Hurrian Kingdoms","borderPrecision":1,"wikidata":null,"wikipedia":null,"year":-4000,"source":"Historical Basemaps","sourceUrl":"https://github.com/aourednik/historical-basemaps"}},{"type":"Feature","geometry":{"type":"MultiPolygon","coordinates":[[[[-78.61407091317118,2.11920869861587],[-75.8980767544808,0.846086436729756],[-77.12130629307164,-0.48351088782551],[-77.17449018605384,-1.281269282558668],[-79.76017934832112,-2.785670249695991],[-79.74477097083782,-2.676250852387525],[-79.83896347572063,-2.346026576798536],[-79.81301590491985,-2.170478500168898],[-80.02785965491985,-2.448112643998243],[-80.35725876380657,-2.728416360657789],[-80.50732895423626,-2.684253610413649],[-80.77762314368938,-2.538698591034986],[-80.9610490470097,-2.354813731949903],[-80.78616043616985,-2.227343715470411],[-80.74118515540813,-2.119224466126539],[-80.81634232093548,-1.858862794678785],[-80.81377884437298,-1.661865867417433],[-80.7538957266972,-1.452044643204786],[-80.80300613929485,-1.325063265603163],[-80.96610733558391,-1.033107079308607],[-80.8793611197636,-0.956666148942091],[-80.66320511390423,-0.867236293595411],[-80.33884903480266,-0.663181163113691],[-80.4822663932011,-0.485572792332746],[-80.48215958167766,-0.3838998747283],[-80.40312668372844,-0.224856026213743],[-80.17984482337688,-0.016971982758619],[-80.10896011878704,0.049028903502844],[-80.04623886634563,0.430440627295397],[-80.09817215491985,0.633673213679216],[-80.1348771720097,0.716208599764727],[-80.0855607657597,0.817998133856676],[-79.77687546302532,0.863141022879503],[-79.37601181556438,1.016531788069628],[-79.19764420081829,1.124947510916613],[-78.98431107093548,1.296987973410509],[-78.94347855140423,1.380803190428637],[-78.92853256751751,1.41149767513933],[-78.98112961341594,1.551179491240404],[-79.0624665885136,1.678105674940966],[-79.0138826041386,1.773532711226366],[-78.7847566275761,1.824865661818407],[-78.57526871253704,1.774477444846056],[-78.49182602454876,1.920829616743944],[-78.61407091317118,2.11920869861587]]]]},"properties":{"id":"valdivia","name":"Valdivia","names":{"en":"Valdivia Province","fr":"Valdivia"},"subjectTo":"Valdivia","partOf":"Valdivia","borderPrecision":1,"wikidata":"Q721733","wikipedia":{"en":"https://en.wikipedia.org/wiki/Valdivia_Province","fr":"https://fr.wikipedia.org/wiki/Province_de_Valdivia"},"year":-4000,"source":"Historical Basemaps","sourceUrl":"https://github.com/aourednik/historical-basemaps"}},{"type":"Feature","geometry":{"type":"MultiPolygon","coordinates":[[[[31.055061787480906,19.91663183336486],[30.993972451733036,19.374463978602527],[30.993972451733036,18.59451190192521],[31.358788745662746,18.619671646334155],[31.736184911796933,19.12286653451307],[32.16390056674901,19.500262700647255],[32.64193571051898,19.902818611190384],[33.42188778719629,20.129256310870897],[33.86218331435284,19.852499122372492],[33.96282229198862,19.236085384353323],[34.28989896930492,18.55677228531179],[34.51633666898543,17.990678036110513],[33.447047531605236,17.814559825247894],[33.3715682983784,18.02841765272393],[32.994172132244216,18.657411262947573],[32.51613698847425,18.280015096813386],[32.050681716908755,17.764240336430003],[31.396528362276165,17.44974353131818],[30.52851718016754,17.600701997771854],[29.886943697739426,18.355494330040226],[29.94984305876179,19.336724361989106],[30.170721675083357,19.97727234932165],[30.171467159388758,19.972426701336538],[30.59714950553447,19.802153762878252],[31.055061787480906,19.91663183336486]]]]},"properties":{"id":"kerma","name":"Kerma","names":{"en":"Kerman Province","fr":"Kerman"},"subjectTo":"Kerma","partOf":"Kerma","borderPrecision":1,"wikidata":"Q165352","wikipedia":{"en":"https://en.wikipedia.org/wiki/Kerman_province","fr":"https://fr.wikipedia.org/wiki/Province_de_Kerman"},"year":-4000,"source":"Historical Basemaps","sourceUrl":"https://github.com/aourednik/historical-basemaps"}},{"type":"Feature","geometry":{"type":"MultiPolygon","coordinates":[[[[44.672198328478586,-16.23558083895979],[44.91735366295124,-16.203270353119947],[45.196936640246165,-16.0374263894969],[45.277781519396555,-16.049967206757643],[45.43354705284382,-16.094116605561354],[45.55457213829304,-16.055725492280104],[45.73227218101765,-15.890102781098463],[46.142283472521555,-15.825677312653639],[46.281939539416086,-15.952485479157545],[46.41920379112507,-15.939479268830397],[46.46436217735554,-15.85676518801985],[46.387549433214915,-15.691685117524244],[46.734419855578196,-15.44942704562483],[46.92456725548054,-15.360046781342604],[47.06952575157429,-15.461425222199537],[47.24464324425007,-15.365706838410475],[47.10612777183796,-15.143568433564283],[47.19930556724812,-15.016262449067213],[47.426272425158274,-14.825099386017897],[47.52952102134968,-14.958347715180494],[47.63286879966999,-14.983552373688795],[47.88371947716023,-14.716083921235182],[47.81254867027546,-14.627255834382154],[47.698958429796946,-14.443191922944166],[47.74116424034382,-14.309638418000318],[47.85039046715046,-14.31576005343733],[47.97167113731648,-14.283718503754713],[48.04899123619343,-14.13103047732649],[47.915545496447336,-13.737275518220045],[47.94245818565632,-13.584690488617994],[48.05726531456257,-13.565369046967604],[48.10995009849812,-13.597038663666822],[48.22359755943562,-13.79381410006819],[48.349612268908274,-13.838030256074049],[48.43965056846882,-13.653529561799147],[48.75133803795124,-13.417710698884108],[48.85723784874226,-13.252239621918775],[48.917464289171946,-13.04874173526106],[48.993289026720774,-12.737159169953443],[48.93341735313679,-12.578401960175611],[48.934832605822336,-12.47670976046858],[49.176333460314524,-12.266468442719557],[49.33660033653523,-12.412291921418287],[49.541750940783274,-12.70419827822981],[49.81718734215046,-12.83071366671858],[49.880469355089915,-12.919562734406568],[49.97618773887898,-13.300679601471998],[50.10845092247273,-14.120246328156568],[50.15020278404499,-14.418864644806959],[50.25442031334187,-14.774549878876783],[50.43014815758015,-15.104658521454908],[50.503340754015696,-15.314229406159498],[50.486304316027415,-15.47952023867903],[50.455096277697336,-15.549497045319654],[50.42932799766804,-15.594039357941725],[50.18732360313679,-15.956830419343092],[50.0885229439571,-15.899843610566236],[50.003558191759836,-15.734774030488111],[49.753760370714915,-15.398466504853346],[49.620284113390696,-15.462312139313795],[49.59773925255085,-15.653023160737135],[49.684981379015696,-16.046881116669752],[49.862750086291086,-16.281658567231275],[49.898238214953196,-16.4595455301219],[49.76034072349812,-16.745846189301588],[49.42470839927937,-17.197809613984205],[49.404639276964915,-17.40122834567366],[49.42284301231648,-17.80159989718733],[49.34185317466999,-18.227621473115065],[49.02305892418171,-19.18165246371565],[48.651656183703196,-20.33920518283186],[48.087378534777415,-22.04376069430647],[47.491595301134836,-24.059830106537916],[47.25847915123249,-24.765831388276197],[47.173811945421946,-24.88041535739241],[46.94546416710163,-25.16691628817854],[46.855059656603586,-25.217951215546705],[46.23910048912312,-25.263739026826002],[45.78949645469929,-25.410877622407057],[45.576182398302805,-25.62107697848616],[45.21050551841999,-25.6599849832469],[45.04681304405476,-25.45058099154768],[44.9585180611446,-25.387203611176588],[44.71300033043171,-25.305088437836744],[44.54635146568562,-25.337219632905104],[44.425330194933665,-25.31205026034651],[44.036761316759836,-24.988716520112135],[43.989756617052805,-24.88077012423811],[43.980994257433665,-24.62655679110823],[43.93416503380085,-24.518610395234205],[43.727191004259836,-24.353788770478346],[43.67141250084187,-24.226787961762525],[43.67171386192585,-23.902649320405104],[43.82707503746296,-23.412924207490065],[43.78472808311726,-23.266834653657057],[43.65536788414265,-23.051014341157057],[43.3763647408321,-22.63212624911604],[43.291262659533274,-22.409847654145338],[43.32482818077351,-22.11106721286116],[43.50102523277546,-21.49418679599104],[43.60321715782429,-21.398634351533033],[43.81647399376179,-21.31555596713362],[44.16165069053913,-20.698309339326002],[44.47033599327351,-20.17013780001936],[44.51709655235554,-20.023853696625807],[44.58538726280476,-19.527967847626783],[44.53573897789265,-19.36917344455061],[44.410498651964915,-19.26775971774397],[44.2510099739864,-19.102844632905104],[44.280928644640696,-19.020157254975416],[44.39421752403523,-18.79112283114729],[44.159529718859446,-18.40391389254866],[44.10704329918171,-18.09896890048323],[44.07575896690632,-17.876581586640455],[43.97164824913288,-17.552675641816236],[43.98251632164265,-17.50180856112776],[44.215003046496165,-17.189880765717604],[44.37802031944538,-16.92261163119612],[44.4514494271114,-16.725416578095533],[44.45442870567585,-16.242399610322096],[44.672198328478586,-16.23558083895979]]],[[[8.81955913017536,38.976913057524584],[8.696099314196356,38.99581106777849],[8.58237651298786,39.06576880093279],[8.417174372179755,39.212203584868334],[8.374221834643134,39.307845674712084],[8.465033564074286,39.639937959868334],[8.508480104906806,39.94647558804216],[8.487975153429755,40.20879706021013],[8.428189310534247,40.46485479946794],[8.201552423937567,40.66299780483904],[8.159486803515204,40.78467520352068],[8.240707430346259,40.855338655669115],[8.405552896960028,40.86208304043474],[8.766072306139716,40.86280020352068],[8.918423685534247,40.94002493496599],[9.306203875048407,41.184447847563646],[9.590851816637763,40.902911745268725],[9.793739351732977,40.56368216152849],[9.78784755180622,40.441955171782396],[9.695723566515692,40.31368979092302],[9.630800280077704,40.09585531826677],[9.698009523852118,39.69349630947771],[9.648338350756415,39.457213960844896],[9.478920015795477,39.144157015044115],[9.296275171740302,39.23312338467302],[9.062541994555243,39.21989019985857],[8.998516115648993,39.175094209868334],[8.931367907030829,39.053702913481615],[8.81955913017536,38.976913057524584]]]]},"properties":{"id":"hunters-gatherers","name":"Hunters-gatherers","names":{"en":"Hunters-gatherers","fr":"Hunters-gatherers"},"subjectTo":"Hunters-gatherers","partOf":"Hunters-gatherers","borderPrecision":1,"wikidata":null,"wikipedia":null,"year":-4000,"source":"Historical Basemaps","sourceUrl":"https://github.com/aourednik/historical-basemaps"}},{"type":"Feature","geometry":{"type":"MultiPolygon","coordinates":[[[[58.416212544859235,37.76401663178423],[59.102107411703656,38.47502952971013],[60.05998775208778,39.079535365946015],[61.10549439016344,38.93680251535878],[61.130892040603506,38.98633652736787],[62.583926426750736,38.28432609815763],[62.09738403163499,37.02040860397883],[61.60686096877769,36.82371258713551],[60.39448564872986,36.337559306220506],[58.84363176429841,36.77722992407008],[58.416212544859235,37.76401663178423]]]]},"properties":{"id":"namazga","name":"Namazga","names":{"en":"Namazga","fr":"Namazga"},"subjectTo":"Namazga","partOf":"Namazga","borderPrecision":1,"wikidata":null,"wikipedia":null,"year":-4000,"source":"Historical Basemaps","sourceUrl":"https://github.com/aourednik/historical-basemaps"}},{"type":"Feature","geometry":{"type":"MultiPolygon","coordinates":[[[[24.693467173083075,34.94047125454607],[24.715638193590888,35.03477057095232],[24.69006637047077,35.09244116421404],[24.3243570656612,35.207789980132006],[24.013197931750067,35.210414491850756],[23.78559401939655,35.26285132046404],[23.567723307116278,35.25498160000505],[23.513134989245184,35.275958620268725],[23.466885599596747,35.31790503140154],[23.529439005358466,35.569625459868334],[23.671465906603583,35.572249971587084],[23.669087442858466,35.61158331509294],[23.665133509142645,35.66665609951677],[23.696656259997138,35.69812353726091],[23.733677896960028,35.627318941313646],[23.74287513206745,35.561759554106615],[23.879452738268622,35.5524173605031],[23.956812891466864,35.52767141934099],[24.03900435875202,35.561759554106615],[24.033263239367255,35.59847220059099],[24.08185676048542,35.61158331509294],[24.152676615221747,35.5643802511281],[24.135817560656317,35.522426210600756],[24.091456446154364,35.519801698882006],[24.073323282702216,35.49620398159685],[24.113204035265692,35.485717378813646],[24.1777448983028,35.46998556729021],[24.21970275352741,35.449000917632006],[24.22960380028034,35.39131888027849],[24.388283762438544,35.37296637173357],[24.768567118151434,35.4280277120656],[24.997481379015692,35.421020113188646],[25.01360038231159,35.362479768950365],[25.100091013415106,35.34674795742693],[25.37401870201374,35.31790503140154],[25.511635813219794,35.294765077788256],[25.67320731590534,35.34936865444841],[25.713534388048895,35.327010713774584],[25.6684675545528,35.186820589262865],[25.74180320213581,35.13700445767107],[25.788973841173895,35.13700445767107],[25.935492548449286,35.21303518887224],[26.064152750475653,35.239249788481615],[26.099352869494208,35.21564825649919],[26.16882613609577,35.2471080648488],[26.27350905845905,35.3126598226613],[26.23604491661335,35.22876318569841],[26.242667231066473,35.14487417813005],[26.16048530052448,35.024283968169115],[25.898680719836005,35.04525717373552],[25.74173644493366,35.00885351772966],[25.590724024279364,35.016418062407396],[24.693467173083075,34.94047125454607]]]]},"properties":{"id":"minoan","name":"Minoan","names":{"en":"Minoan","fr":"minoen"},"subjectTo":"Minoan","partOf":"Minoan","borderPrecision":1,"wikidata":"Q1669994","wikipedia":{"en":"https://en.wikipedia.org/wiki/Minoan_language","fr":"https://fr.wikipedia.org/wiki/Minoen"},"year":-4000,"source":"Historical Basemaps","sourceUrl":"https://github.com/aourednik/historical-basemaps"}},{"type":"Feature","geometry":{"type":"MultiPolygon","coordinates":[[[[140.01261428306842,41.38180883999529],[139.9777479500606,41.5034671651906],[140.12449172447467,41.7921520101613],[140.0996961922481,41.9459720480031],[139.85248855064654,42.03524740811052],[139.77720168541217,42.112052522856615],[139.71174148033404,42.47759588833513],[139.9739637703731,42.65139731045427],[140.20896438072467,42.728900514799975],[140.49982741783404,42.896407686430834],[140.51682570884967,43.05700262661638],[140.37356093834185,43.18519171353044],[140.49824050377154,43.320357881743334],[140.59891799400592,43.326991640288256],[140.89655593345904,43.134826265532396],[141.0641737313106,43.09662588711443],[141.30364516685748,43.187030397612475],[141.30192092369342,43.72046621914568],[141.50669387291217,43.80445440884294],[141.70942214439654,43.91419180508318],[141.7426863045528,44.24878653164568],[141.74572280357623,44.628566347319506],[141.56659987877154,44.96956595059099],[141.52277663658404,45.18263205166521],[141.5974226326778,45.279723726469896],[141.8753309578731,45.435424410063646],[141.90395644615435,45.40314444180193],[142.13218215416217,45.20967825527849],[142.53904250572467,44.842650972563646],[143.02050307701373,44.463683687407396],[143.50817397545123,44.155761324126146],[143.79023269127154,44.02764471646013],[144.02810195396685,43.950927339751146],[144.48659804771685,43.861808382231615],[144.61382583091998,43.84276159878435],[144.75043776939654,43.88161429043474],[145.13999465416217,44.178283296782396],[145.34760573814654,44.24303778286638],[145.3485975594356,44.197990022856615],[145.20989516685748,44.03688772793474],[145.05938247154498,43.785766206938646],[145.1485700936153,43.59949835415544],[145.35955336998248,43.32998999233904],[145.4481306404903,43.16955908413591],[145.19591811607623,43.047015749174975],[144.99468520591998,42.93744238491716],[144.7541609139278,42.86632879849138],[144.59018996666217,42.859584413725756],[144.37011245201373,42.94904669399919],[144.1663923592403,42.942226015288256],[144.00284865806842,42.87769278164568],[143.84792617271685,42.77464636440935],[143.50858596275592,42.42098196621599],[143.33037856529498,42.196105562407396],[143.2137556404903,41.926539980132006],[143.03350356529498,41.95822867031755],[142.84231093834185,42.066852174956225],[141.92812636802935,42.50126227017107],[141.72100356529498,42.53934820767107],[141.39690688560748,42.51944311733904],[140.92962172935748,42.255458437163256],[140.86069777916217,42.39004477139177],[140.69352248619342,42.55014380093279],[140.54087356041217,42.53700216885271],[140.42145827720904,42.48542746182146],[140.22344497154498,42.36310919399919],[140.24552443931842,42.2284427511281],[140.7676649422481,42.00501211758318],[141.01946547935748,41.87086065884294],[141.1550398201778,41.74934347744646],[140.97927382896685,41.65285452480974],[140.84342482994342,41.639762483794115],[140.70597365806842,41.697169862944506],[140.5888777108028,41.67771109219255],[140.44289687584185,41.536429964262865],[140.26859572838092,41.324672304350756],[140.11245253990435,41.27311285610857],[140.01261428306842,41.38180883999529]]],[[[137.8874963691638,37.02481461594864],[138.31724074791217,37.20550879116716],[138.4920301766231,37.301349245268725],[138.69896987388873,37.44820364590349],[138.85615066002154,37.73505743618669],[139.19793227623248,37.92043264980974],[139.35387710045123,38.06723745938005],[139.43984511802935,38.18843802090349],[139.4781391949878,38.325539934052046],[139.50393203209185,38.4178844320363],[139.74572280357623,38.679584108549975],[139.7414198250606,38.74329718228044],[139.8960829109981,38.99850424404802],[139.96793654869342,39.208968721587084],[140.03008559654498,39.48317679043474],[140.01108840416217,39.69351156826677],[139.86213210533404,39.78246649380388],[139.80463698814654,39.890746675688646],[139.91034987877154,39.98660620327654],[139.98502639244342,40.11461981411638],[139.91515639732623,40.57495459194841],[140.15972426841998,40.72901495571794],[140.23911574791217,40.83798941250505],[140.38640883873248,40.98550375576677],[140.47280410240435,40.98567923184099],[140.56716445396685,40.825831972319506],[140.65697768638873,40.72361334438982],[140.7933454842403,40.74948843594255],[141.1525526375606,40.865417085844896],[141.07664016197467,41.102138124663256],[140.93682387779498,41.1146617757863],[140.7745008797481,41.25522574063005],[141.08701613853717,41.44161947842302],[141.28579238365435,41.371539674956225],[141.43688491295123,41.26935537930193],[141.44829848716998,41.179713808257006],[141.44120315025592,40.78918036099138],[141.46714309166217,40.5140872823781],[141.5662489266231,40.456718050200365],[141.67560866783404,40.316222749907396],[141.99811843345904,39.671989046294115],[141.99851516197467,39.448878847319506],[141.8878279061153,39.12996634121599],[141.56858352134967,38.785209261137865],[141.46709731529498,38.58749350186052],[141.49639419029498,38.42189749355974],[141.42873671959185,38.389918886382006],[141.09665969322467,38.26184424038591],[141.02447036216998,38.2107425558156],[140.95058730552935,38.12141378994646],[140.87221816490435,37.91744955654802],[140.8808698983028,37.73915060635271],[140.9232282967403,37.62462195034685],[140.98220351646685,37.26819952603044],[140.96393874595904,36.95626028652849],[140.6556043953731,36.618312441069506],[140.54662612388873,36.287223421294115],[140.55544570396685,35.969142519194506],[140.64475539634967,35.835753999907396],[140.83425429771685,35.677123628813646],[140.55686477134967,35.5430065023488],[140.46990493248248,35.485587679106615],[140.39493850181842,35.40912207241716],[140.3166151375606,35.03381689663591],[139.93157049578738,34.87724306519224],[139.80777605123959,35.00730558288169],[139.92046645591998,35.261901460844896],[140.0028944344356,35.497359834868334],[139.9137068123653,35.55441244717302],[139.68267348716998,35.44583090420427],[139.5383982412448,35.29032277566102],[137.8874963691638,37.02481461594864]]]]},"properties":{"id":"ainu","name":"Ainu","names":{"en":"Ainu","fr":"Ainu"},"subjectTo":"Ainu","partOf":"Ainu","borderPrecision":1,"wikidata":"Q22105058","wikipedia":null,"year":-4000,"source":"Historical Basemaps","sourceUrl":"https://github.com/aourednik/historical-basemaps"}},{"type":"Feature","geometry":{"type":"MultiPolygon","coordinates":[[[[25.73594222165643,36.38653506822634],[25.789157796122215,36.40489303146257],[25.872782270282734,36.35592882884054],[25.76635112135116,36.33755930622052],[25.713135546885383,36.34980613615219],[25.73594222165643,36.38653506822634]]],[[[25.3330243007012,36.45994089964729],[25.37103542531962,36.49661778527289],[25.492671024098556,36.42324665835019],[25.492671024098556,36.331435169041356],[25.386239875166982,36.319185450416924],[25.31781985085383,36.39877419215787],[25.31781985085383,36.39877419215787],[25.3330243007012,36.45994089964729]]],[[[25.751146671503797,36.81375611186905],[25.857577820435367,36.83809722624421],[25.857577820435367,36.83809722624421],[25.94880451951957,36.91107409621058],[26.024826768756405,36.95968659606273],[26.024826768756405,36.95968659606273],[26.085644568145874,36.89891612690345],[25.956406744443257,36.84418129487496],[25.834771145664316,36.78331883149609],[25.751146671503797,36.78331883149609],[25.751146671503797,36.78331883149609],[25.751146671503797,36.81375611186905]]],[[[24.29912171108023,36.75286945753905],[24.42835953478285,36.79549519508755],[24.588006258180208,36.86851272864293],[24.67923295726441,36.75896029963509],[24.46637065940127,36.649251177336765],[24.29912171108023,36.75286945753905]]],[[[24.8236752308144,36.637051610171376],[24.8236752308144,36.661448812220584],[24.876890805280183,36.679741640978875],[24.97571972928807,36.637051610171376],[24.94531082959334,36.56991946228899],[24.8236752308144,36.637051610171376]]],[[[25.044139753601222,36.661448812220584],[25.16577535238016,36.74068632260297],[25.196184252074893,36.673644514576154],[25.10495755299069,36.637051610171376],[25.05934420344859,36.618748636935905],[25.044139753601222,36.661448812220584]]],[[[25.241797601616994,36.75286945753905],[25.249399826540678,36.75896029963509],[25.29501317608278,36.807669623462985],[25.29501317608278,36.807669623462985],[25.431853224709084,36.6980301207178],[25.386239875166982,36.637051610171376],[25.26460427638805,36.704125314038706],[25.241797601616994,36.75286945753905]]],[[[24.42835953478285,37.20833853996449],[24.534790683714423,37.11746294371295],[24.44356398463022,37.0992747162255],[24.42835953478285,37.20833853996449]]],[[[24.29912171108023,37.66107502189996],[24.39795063508812,37.667092994189616],[24.382746185240748,37.570746906161986],[24.261110586461815,37.540613155635555],[24.29912171108023,37.66107502189996]]],[[[24.39795063508812,37.46824245164144],[24.48917733417232,37.39580161737422],[24.3599395104697,37.30515202694268],[24.3599395104697,37.39580161737422],[24.39795063508812,37.46824245164144]]],[[[24.861686355432816,37.52855624381453],[24.94531082959334,37.51046722146939],[25.044139753601222,37.377680456560746],[24.84648190558545,37.36559724964213],[24.861686355432816,37.52855624381453]]],[[[24.65642628249336,37.901413077728705],[24.76285743142493,38.003319956303606],[25.27220650131173,37.56472113091166],[25.469864349327505,37.43806729073237],[25.31781985085383,37.40184103098311],[24.922504154822285,37.69116000393879],[24.65642628249336,37.901413077728705]]],[[[24.648824057569676,37.014338584785854],[24.71724408188283,37.050751425742014],[24.78566410619598,36.947536378182036],[24.67923295726441,36.90499535372954],[24.648824057569676,37.014338584785854]]],[[[25.15057090253279,37.17200141281893],[25.31021762593015,37.19622810717101],[25.31021762593015,37.00219709179456],[25.112559777914374,36.94146054239683],[24.937708604669652,36.95968659606273],[25.15057090253279,37.17200141281893]]],[[[25.378637650243302,37.11746294371295],[25.538284373640657,37.220447029530426],[25.538284373640657,37.220447029530426],[25.60670439795381,37.12352471549815],[25.599102173030126,37.026478138264174],[25.545886598564337,36.95968659606273],[25.454659899480134,36.9232301280182],[25.36343320039593,37.00826808071462],[25.34062652562488,37.087146804747654],[25.34062652562488,37.087146804747654],[25.378637650243302,37.11746294371295]]]]},"properties":{"id":"cycladic","name":"Cycladic","names":{"en":"Cycladic civilization","fr":"Civilisation des Cyclades"},"subjectTo":"Cycladic","partOf":"Cycladic","borderPrecision":1,"wikidata":"Q318144","wikipedia":{"en":"https://en.wikipedia.org/wiki/Cycladic_culture","fr":"https://fr.wikipedia.org/wiki/Culture_des_Cyclades"},"year":-4000,"source":"Historical Basemaps","sourceUrl":"https://github.com/aourednik/historical-basemaps"}},{"type":"Feature","geometry":{"type":"MultiPolygon","coordinates":[[[[74.2091322567945,14.752583624373774],[80.136367578808,14.48887190469884],[80.16166213463093,14.254099451262377],[80.16971877525593,13.891985498625658],[80.07589248131062,13.669416986662767],[80.17812636802937,13.523516260344408],[80.20183669112136,13.491685502526611],[80.31988051841999,13.33321341152849],[80.31345656822468,13.104481302458666],[80.22375777672077,12.831091486174486],[79.92280868004109,12.10616263027849],[79.86674412709428,11.969091014091317],[79.76935103843952,11.730975710112475],[79.7252796581039,11.515919075964018],[79.71073440025593,11.44494207974138],[79.71220807803685,11.424527911645875],[79.73182967613484,11.15271910305681],[79.82626632164265,10.358728014189623],[79.78994277427937,10.250633798796557],[79.50091842125202,10.250013910490892],[79.30626967857624,10.25594576473894],[79.22248366783406,10.19222220059099],[79.07228377769734,9.759851061064623],[78.92660811851765,9.492679201323412],[78.93772414634968,9.435519777495287],[79.15964797447468,9.27715643521013],[78.79764846275593,9.130231462675951],[78.66012862633015,9.123585306364916],[78.31383803795124,8.995764337736986],[78.18113234947468,8.811212145048998],[78.1357755989864,8.499774538237475],[78.06494430015827,8.385257326323412],[77.89976027916218,8.257814966399096],[77.84802767502394,8.232693772986277],[77.7339265439026,8.177286614748871],[77.66318038414265,8.14293249722185],[77.61860946129109,8.117421709257982],[77.58883956383015,8.098305307585619],[77.48439315269734,8.028187357146166],[77.41947463463093,8.028042398650072],[77.34137252281452,8.053283296782396],[76.70353225181843,8.706356607634447],[76.6623869271114,8.884175859648607],[76.53785994957234,9.118999086577318],[76.46720982062818,9.410125717712518],[76.3852873177364,9.747702203947924],[76.29400169963552,9.98494614387835],[76.24837566146853,10.103524527673583],[76.07506087730671,10.553955637175463],[76.04670811007392,10.612195984134463],[75.73442294059149,11.253671169659425],[75.65175155113484,11.423489175993822],[75.5906967808219,11.517517622322632],[75.43986977288574,11.74980134311904],[75.21094039390827,12.10236796017351],[74.96174148033406,12.876961313444994],[74.77759773629309,13.527907139134715],[74.73362258384968,13.68335875149431],[74.70298936199268,13.751270509405119],[74.52085177973689,14.155057073232983],[74.42143634905956,14.375454284217641],[74.40150741050984,14.419635378081225],[74.37707415176834,14.461922599128645],[74.2091322567945,14.752583624373774]]]]},"properties":{"id":"dravidians","name":"Dravidians","names":{"en":"Dravidians","fr":"Dravidians"},"subjectTo":"Dravidians","partOf":"Dravidians","borderPrecision":1,"wikidata":null,"wikipedia":null,"year":-4000,"source":"Historical Basemaps","sourceUrl":"https://github.com/aourednik/historical-basemaps"}},{"type":"Feature","geometry":{"type":"MultiPolygon","coordinates":[[[[-16.872428480140158,21.842211055916504],[46.37718206234675,2.686195917746029],[46.36050322960163,2.667831026274584],[46.22544175888997,2.552302650726346],[45.541262659533274,1.967072092253588],[44.56746962974812,1.462954007346056],[44.300696405871165,1.290809475142382],[43.724307093127024,0.800251446921251],[43.09933541455362,0.170020864515159],[42.941233667834055,0.010588750500105],[42.91478255699421,-0.016971982758619],[42.440066370470774,-0.511580146592237],[41.88418487022663,-1.21815697078047],[41.6073217720821,-1.593676365655043],[41.65220168541218,-1.752453006547071],[41.60989287803913,-1.876740492623426],[41.33932403038288,-2.051799453538038],[41.088606867296946,-2.128604806702711],[40.91536620567585,-2.078140176575758],[40.8768644661739,-2.427730954926588],[40.74980834434773,-2.593229211609938],[40.448504480822336,-2.6447261941844],[40.27134231041218,-2.816691077988722],[40.23169616173054,-3.032834209244825],[40.23441604088093,-3.191706575196363],[40.07403090904499,-3.471666492264845],[39.64013198326374,-4.08267203692732],[39.681399378283274,-4.324065603058912],[39.52981093834187,-4.61671916369734],[39.417368921740305,-4.731353200715162],[39.26727202842976,-4.776162542145826],[39.22912124107624,-4.844893850129225],[39.1224699349239,-5.03702060107527],[38.93381026695515,-5.634787000458815],[38.87236693809773,-6.092471040528395],[38.921526941759836,-6.340208925049879],[39.22087768028523,-6.784406579774],[39.5664282173946,-7.044216073792555],[39.55541900108601,-7.171341337006666],[39.437205347521555,-7.330470002930738],[39.270125421984446,-7.801093496125318],[39.28673461387898,-7.877326406281568],[39.424300226671946,-7.896092332642652],[39.43894451680135,-7.923928089744616],[13.47769873362816,-8.485613591650017],[13.476829561693915,-8.416032232087233],[13.387093576891669,-8.15567819003401],[13.167040857775458,-7.844777501862623],[13.023100691952575,-7.605400401961766],[12.968592676623114,-7.514751828950025],[12.877001795275458,-7.051051534455397],[12.795710596544989,-6.860588945191481],[12.671483072741278,-6.695635236542799],[12.371690783007391,-6.257806695740797],[12.339376482470282,-6.189817823212721],[12.194246324999579,-5.775236047547438],[12.19966224144245,-5.751352704804518],[12.263479265673407,-5.470049299042799],[12.226512941820868,-5.362102903168775],[11.999688181383856,-5.004106916230299],[11.949000391466864,-4.924229062836744],[11.772603067858466,-4.536981023591139],[11.151153597338446,-3.932286657136061],[11.134011301501044,-3.915594733994581],[10.880460772021063,-3.693730272095777],[10.641218218310126,-3.446424878876783],[10.524656328661688,-3.23696366671858],[9.931443247301825,-2.710815109055616],[10.060082468493231,-2.570729650300123],[9.893924746020087,-2.443995393555738],[9.656445536120184,-2.419099487107374],[9.24319079826618,-1.771810568612196],[9.415137323839911,-1.637990154069044],[9.465267214281806,-1.593399680893995],[9.320650133593329,-1.415781296532728],[9.111855539782294,-1.352692641060926],[8.981377634508856,-1.098785198968031],[8.815209421618231,-0.895802534859754],[8.958716425402411,-0.819237269204237],[9.202508005602606,-0.634416438382246],[9.302547487719306,-0.456271923821546],[9.43366054008747,-0.016971982758619],[9.473350557787665,0.116013907153032],[9.660363230211981,0.084639795381449],[9.883252176745184,0.078766025859736],[9.854229006273993,0.17403309817972],[9.602188143236884,0.332348339516543],[9.350058588488348,0.535152577120684],[9.443478617174872,0.554414831358812],[9.565582308275946,0.611869775015734],[9.628979715807684,0.889529608446978],[9.64398482750202,0.955186568457506],[9.622189554674872,1.088586412627123],[9.557406458361395,1.126579128462694],[9.370391878588446,1.170653425413988],[9.499513658983954,1.380638681609057],[9.700561556322821,1.616188131529711],[9.851344141466864,1.87705787296953],[9.881230387194403,2.058266245085619],[9.894341501696356,2.137687526900194],[9.800771746142157,2.378959022719286],[9.923090013964423,2.824045501906298],[9.851335558398016,3.147975765425585],[9.765205416186102,3.382905565459154],[9.585654291613348,3.674833141524218],[9.780175241930731,3.853175722319506],[9.650894197924384,4.018121801573656],[9.542992624743231,4.043305479246996],[9.2838936180904,4.017317854124926],[9.032190355761298,4.137507520872973],[8.95325282524372,4.283495985228441],[8.924869570238837,4.524912439543627],[8.874658617480048,4.620119177061937],[8.63722613762165,4.683152281004809],[8.591811213000067,4.712041460234545],[8.50779155205036,4.765486799437426],[8.407044443590888,4.784328066069506],[8.327965769274481,4.841343008238695],[8.262993845446356,4.745887361723803],[8.327561411364325,4.61258467312517],[8.298690828783759,4.555330358702562],[8.140204462511786,4.466023527342699],[7.888258966906317,4.452766023833178],[7.449147734148749,4.407335840422533],[7.175744089586981,4.527480684477709],[7.046161207659491,4.508142076689623],[6.92367986152912,4.342650972563646],[6.844479593737372,4.291642271239184],[6.650170359118231,4.322995744902514],[6.08877995918537,4.328133188444994],[5.851289782030829,4.42929085369768],[5.606589827044257,4.632113062102221],[5.419493708117255,4.955793939787767],[5.333021196825751,5.247909151274584],[5.354585680468329,5.362343393523119],[5.44819215248371,5.476928793150805],[5.383361372454413,5.610234342772387],[5.152887854082831,5.641512953001879],[5.095240149004706,5.755762659270189],[4.886312040789374,6.003147207457445],[4.634121450884589,6.212299905974291],[4.360316309435614,6.326093279082201],[4.072063478930243,6.439846121031664],[3.949497255785712,6.579388700682543],[3.718945059283026,6.54711779232683],[3.610964092715033,6.413429819304369],[3.459676537020453,6.381331049162767],[3.413565020302215,6.3790140355832],[3.063426050646552,6.361420236784838],[2.766808065874823,6.34811409588518],[2.616754564745673,6.341382108885668],[2.062096390230902,6.276640497404955],[1.922951780492069,6.265819670409864],[1.761008772356757,6.253225885588549],[1.557863506777533,6.237427316862963],[1.341844233973273,6.17976053829851],[1.17636540840412,6.084084116179369],[1.165727171404608,6.066323839384935],[0.939379486544379,5.759484850127123],[0.802637848360785,5.71471508618059],[0.536134216292151,5.720493398863695],[0.089773598416098,5.655979238707445],[-0.118851010398618,5.572919450957201],[-0.203663793103448,5.528644167143725],[-0.300653104417794,5.478011885888282],[-0.477038773028166,5.385931545678787],[-0.607789006726495,5.317674719054125],[-1.176074710385553,5.138508402068041],[-1.600233045117609,4.95330675717058],[-2.031221595303766,4.698200784880541],[-2.290958610074274,4.843784891325853],[-2.716545787350885,5.039863668639086],[-2.749738898770563,5.095558248717211],[-2.803544488446466,5.185831152159594],[-2.933519568936578,5.274515234190844],[-3.027103391186944,5.267953001219652],[-3.09144612838482,5.159785829741381],[-3.134569135205499,5.140627466399096],[-3.350640025632135,5.152871690947435],[-3.667796102063409,5.228444181639574],[-3.941593614117853,5.265976034361742],[-4.374339484038781,5.254648030026621],[-4.575233588742666,5.249389217760193],[-4.999971356885187,5.238270841795824],[-5.57543369819378,5.128995500761889],[-5.834145513074152,5.039471231657885],[-6.315529790417902,4.873208128172777],[-7.097943749921075,4.52201374645891],[-7.413408246533624,4.330689035612963],[-7.528605428235284,4.336791597563646],[-7.562493291394464,4.35118445034685],[-8.243275609509698,4.640275560576342],[-8.792475667493097,4.9186864721364],[-9.247899022595636,5.17188414211931],[-9.42929455329632,5.362137399870775],[-9.93726345588421,5.863056265074633],[-10.4371175437138,6.205133043486498],[-10.762624707715265,6.356947027403734],[-11.16827103187298,6.597549520689867],[-11.46540352393841,6.843901239592455],[-11.749388661877862,7.079251848418139],[-12.046761479871027,7.262896143156908],[-12.263942685620538,7.35138853665056],[-12.279014554517023,7.414897524077318],[-12.251578298108331,7.548413358885668],[-12.27409264137005,7.630976759154223],[-12.513051000134698,7.725783907133959],[-12.869152036206476,7.972840391356371],[-13.044136968152277,8.13769110317888],[-13.212491002576105,8.347035967070482],[-12.990156140820734,8.455546938139818],[-12.91199776221966,8.557393633086107],[-12.927251782910577,8.627264581877611],[-13.14486786414837,8.722107492644213],[-13.174346890942804,8.772887788969896],[-13.164252248303644,8.850765787321947],[-13.141406980054132,9.0271488058156],[-13.281672444836847,9.27468355770769],[-13.625553098218194,9.623440347868822],[-13.680051770703546,9.91564520474138],[-14.058002439038507,10.080054842192553],[-14.466443028943292,10.333368860442064],[-14.591384854809991,10.46654852505388],[-14.550901380078546,10.644569002348803],[-14.574861493603937,10.784330927092455],[-14.820922818677179,10.80285795803728],[-14.966219869153253,10.847027384001635],[-15.018011060254327,10.916822038847826],[-14.991490331189386,11.05668696041765],[-15.00829502631878,11.10174425717058],[-15.029396024243585,11.15828665371599],[-15.116153684155694,11.158095918852709],[-15.341422048108331,11.221154772002123],[-15.415780034558527,11.33538969631853],[-15.361260381238214,11.519795976836107],[-15.21297260810589,11.717116914946459],[-15.098965611951105,11.81267889614763],[-15.158031430737726,11.876103006560228],[-15.32538887550091,11.926575266081713],[-15.54958149482464,11.919748865324877],[-15.736251798169366,11.843088709074877],[-15.808596578137628,11.84292086239519],[-16.086015668408624,11.969427667815111],[-16.247872319714777,12.102531992155932],[-16.27898880531048,12.210499368864916],[-16.424529042737237,12.248307787138842],[-16.566605535046808,12.309811197478197],[-16.57060143043255,12.311540209013842],[-16.695794072644464,12.412958704192064],[-16.77209946204876,12.597077928740404],[-16.72550293494915,12.787829004485033],[-16.768208470837823,13.03539904232683],[-16.776349034802667,13.124526582915209],[-16.775572743909112,13.145343385893725],[-16.767117467419855,13.35967596646013],[-16.689412084119073,13.448810182768725],[-16.49428078223919,13.474656664091967],[-16.452353444592706,13.54464968319597],[-16.455103841321222,13.571074091154955],[-16.458260503308527,13.601410471159838],[-16.47089096595501,13.722545229155443],[-16.640429463879816,13.842927538115404],[-16.67105957557415,13.912758432585619],[-16.69670006324505,14.077932916838549],[-16.87041946937298,14.363524996001146],[-17.050065007703058,14.585562311369799],[-17.22053810645794,14.725009523589037],[-17.433180776135675,14.807168565947435],[-17.190234151379816,14.96020372982683],[-16.86476990272259,15.2977147924489],[-16.6003198294804,15.749488435942553],[-16.450055089490167,16.11839064236345],[-16.405699697034112,16.489955507475756],[-16.378804173962823,16.71591147061052],[-16.125475850598566,17.30111464138689],[-16.041072812573663,17.66987761135759],[-15.982691731946222,18.178399645048998],[-16.05569073249554,18.67393263455095],[-16.1906518607304,19.029531084257982],[-16.47160240699505,19.365741335112475],[-16.35130974342083,19.493095003325365],[-16.269598927991144,19.68392141934099],[-16.23956772376751,20.1224857198781],[-16.269036260144464,20.36390646572771],[-16.34728142310833,20.522616945464037],[-16.71086594154095,20.890441499907396],[-16.84450050880169,20.940990053374193],[-17.02129265357708,20.74361380215349],[-17.046217885510675,20.832524858672045],[-17.051907506482355,21.00409849758806],[-17.01608368446087,21.314147554594896],[-16.983651128308527,21.595269762236498],[-16.872428480140158,21.842211055916504]]]]},"properties":{"id":"bantu","name":"Bantu","names":{"en":"Bantul","fr":"kabupaten de Bantul"},"subjectTo":"Bantu","partOf":"Bantu","borderPrecision":1,"wikidata":"Q11477","wikipedia":{"en":"https://en.wikipedia.org/wiki/Bantul_Regency"},"year":-4000,"source":"Historical Basemaps","sourceUrl":"https://github.com/aourednik/historical-basemaps"}},{"type":"Feature","geometry":{"type":"MultiPolygon","coordinates":[[[[142.33755019615435,-10.91538277987776],[142.64426711509967,-11.092706121247389],[142.74920180748248,-11.321312345307447],[142.77031997154498,-11.613681234162428],[142.82346633384967,-11.918680585663893],[142.93834975670123,-12.007422841828443],[143.12742141197467,-12.01337090853987],[143.17309096763873,-12.12133923892317],[142.9707899422481,-12.534967817109205],[143.29229262779498,-12.686838544648268],[143.37115004966998,-12.813800252717115],[143.43748000572467,-13.080647863190748],[143.4735212654903,-13.665407575409986],[143.5380964608028,-13.944986738007643],[143.7431745858028,-14.465823568146803],[143.87487319420123,-14.586329854767897],[144.06472304771685,-14.592281736176588],[144.21230605552935,-14.452100194733717],[144.38535598228717,-14.369087613862135],[144.5291853279903,-14.667567647736647],[144.6925917000606,-14.72443047885237],[144.94622329185748,-14.908246434968092],[145.11966994713092,-14.977798856537916],[145.1843366951778,-15.047596372407057],[145.18485549400592,-15.231954015534498],[145.22220900963092,-15.66417542819319],[145.34638503502154,-16.013568319123365],[145.32554152916217,-16.4904293191844],[145.45112136314654,-16.598232663910963],[145.86948684166217,-17.194960035126783],[145.99418166588092,-17.51257745150862],[146.01871779869342,-17.862209714692213],[145.92455581138873,-18.25660363559065],[146.10622695396685,-18.548672117035963],[146.22996047447467,-18.923536695283033],[146.32175734947467,-19.082291044037916],[146.94948867271685,-19.443359769623854],[147.07758620689654,-19.51303140048323],[147.41271499107623,-19.563177503388502],[147.5935926766231,-19.855278409760572],[147.97294143150592,-20.09608117465315],[148.1904402108028,-20.171909726899244],[148.70373061607623,-20.202618039887525],[148.75644973228717,-20.291510022919752],[148.68986037681842,-20.399742521088697],[148.56704238365435,-20.65432778720198],[148.70600417564654,-20.844784177582838],[149.10148147056842,-21.06012383822737],[149.2001600594356,-21.31423989657698],[149.41137221763873,-21.917835630219557],[149.50620559166217,-22.254627622407057],[149.55675795982623,-22.432550824921705],[149.67019179771685,-22.57220307711897],[150.01726821373248,-22.730434812348463],[150.00811294029498,-22.673225797455885],[149.94477370689654,-22.323645032685377],[150.35558608482623,-22.55167428378401],[150.61091140220904,-22.621080793183424],[150.69362929771685,-22.67811814669905],[150.7544050545528,-22.811520017426588],[150.80247024009967,-23.599888242524244],[151.2001600594356,-23.942411817353346],[151.4582167000606,-24.08811227206526],[151.73014357994342,-24.15748826388655],[151.85947707603717,-24.290745176117994],[151.9692488045528,-24.5512203348094],[152.07273391197467,-24.74175874118147],[152.31797316978717,-24.817552961152174],[152.3967390389278,-24.950924314301588],[152.39982131431842,-25.07173577670393],[152.48574355552935,-25.31320420626936],[152.5335798592403,-25.363981641572096],[152.76116469810748,-25.420729078095533],[152.83135512779498,-25.471462644379713],[152.90423110435748,-25.63030091647444],[153.06907180259967,-26.227749265473463],[153.0810194344356,-26.622030652802565],[153.08671096275592,-27.00997392062483],[153.02762893150592,-27.19453851107893],[152.94622329185748,-27.340992368500807],[153.2964735359981,-27.912666715424635],[153.39640334556842,-28.12870828036604],[153.47783950279498,-28.503797925751783],[153.4934950203731,-28.840868390839674],[153.36136916588092,-29.159185804169752],[153.2027235359981,-29.910084165375807],[152.93955520103717,-30.69940034274397],[153.00107863853717,-31.05550614718733],[152.97185805748248,-31.418175138276197],[152.83397963951373,-31.768339551728346],[152.5367079109981,-32.20791665438948],[152.44512465904498,-32.507114805024244],[152.17618850181842,-32.87666741732893],[151.97365859459185,-32.95978204135237],[151.76464370201373,-33.00473824862776],[151.5743055672481,-33.21509209994612],[151.36449721763873,-33.52090112094221],[151.2169294686153,-34.208328641694166],[151.00255874107623,-34.4950794351512],[150.84971145103717,-34.71808282260237],[150.8557234139278,-35.01075402621565],[150.7619734139278,-35.253128446381666],[150.61310866783404,-35.39366189364729],[150.34281447838092,-35.547222532075025],[150.22150710533404,-35.694107450287916],[150.08652785728717,-36.153511441987135],[150.01073745201373,-36.62571755770979],[149.97519973228717,-37.04692498568831],[149.98484328697467,-37.34688226107893],[149.85709670494342,-37.63442269686995],[149.7123670906856,-37.79433480624495],[149.50414565513873,-37.928848661225416],[149.1647596688106,-37.97423974398909],[148.64345839927935,-38.013611234467604],[148.27416518638873,-38.02713815097151],[148.0369978279903,-38.09787026767073],[147.80524733970904,-38.232456601899244],[147.11680129478717,-38.655456937592604],[146.91714003990435,-38.71336404208479],[146.82104018638873,-38.84133569125471],[146.6653700203731,-38.8736080301219],[146.42768386314654,-38.89964715365706],[146.29922011802935,-38.89352074984846],[146.43192580650592,-39.059387601655104],[146.52591994713092,-39.180637754242994],[145.93387893150592,-38.881470121186354],[145.53591445396685,-38.72253838900862],[145.53713515709185,-38.51171532992659],[145.50425246666217,-38.44150582675276],[145.25207045982623,-38.23123971347151],[144.96982863853717,-38.0657581460887],[144.78031447838092,-38.05975762728987],[144.56174758384967,-38.13682977084456],[144.41111281822467,-38.24571648959456],[144.74758437584185,-38.455810941498854],[144.31142714927935,-38.56529275302229],[143.89345839927935,-38.757793821137525],[143.46447280357623,-38.95674554232893],[143.36480239341998,-38.96973077182112],[143.09292128990435,-38.86803857211409],[142.69431594322467,-38.67078057650862],[142.39293960045123,-38.56917230014143],[141.90403274009967,-38.42963067416487],[141.67472365806842,-38.410923398774244],[141.56707290123248,-38.48141518954573],[141.54719069908404,-38.53255120639143],[141.22526076744342,-38.456550992768385],[140.88732436607623,-38.2975582254344],[140.6521864266231,-38.16391030673323],[140.2491560311153,-37.79436913852034],[140.01201919029498,-37.64163247470198],[139.82250503013873,-37.246258176606275],[139.86265090416217,-36.78035394076643],[139.82567885826373,-36.5954212320262],[139.74335769127154,-36.372330106537916],[139.44448378990435,-36.04130593661604],[139.38100722740435,-35.80551186923323],[139.36791518638873,-35.614273465912916],[139.12746718834185,-35.60838738803206],[138.77366164634967,-35.78762856845198],[138.50551894615435,-35.83917657260237],[138.35236648033404,-35.865005887787916],[138.27248671959185,-35.83327905062971],[138.19716933677935,-35.75692788485823],[138.42983535240435,-35.55244866732893],[138.53460219810748,-35.29727212313948],[138.56762221763873,-34.92772332553206],[138.45405105064654,-34.78163567904768],[138.21262649009967,-34.51493111972151],[138.10149672935748,-34.35610619906721],[137.88285354088092,-34.68737069491682],[137.68332961509967,-35.330879606049635],[137.59804824302935,-35.38203851107893],[137.23948195884967,-35.38277856234846],[137.14982131431842,-35.453079618256666],[137.06188491295123,-35.459629453461744],[136.94704726646685,-35.4726184976512],[137.03612807701373,-35.29395715121565],[137.0724745125606,-35.11543694857893],[137.1083631844356,-35.07076684359846],[137.39342788170123,-35.08929101352034],[137.5022840828731,-35.025345243256666],[137.55924514244342,-34.910705961030104],[137.51188186119342,-34.45911065463362],[137.71604445884967,-34.083347715180494],[137.8637342781856,-33.8794674051219],[137.90459731529498,-33.70126382235823],[137.91250136802935,-33.51676217440901],[137.98064711998248,-33.45936242465315],[138.09084609459185,-33.452774442475416],[138.18874648521685,-33.2935413492137],[138.16576674888873,-33.19179955844221],[138.0200300545528,-32.96945992831526],[137.86823562095904,-32.74712411288557],[137.81986525963092,-33.06528512362776],[137.69018081138873,-33.18006554965315],[137.45717910240435,-33.31413308505354],[137.31748488853717,-33.524490751069166],[137.27878859947467,-33.594395078461744],[137.19341567466998,-33.804504789155104],[137.06711867759967,-33.951084531586744],[136.7308454842403,-34.05992165927229],[136.40008071373248,-34.276897825043775],[136.10612014244342,-34.53196755770979],[135.9439344734981,-34.84402505282698],[135.71242812584185,-35.207439817231275],[135.52807143638873,-35.054886258881666],[135.3573103279903,-34.45715752963362],[135.23900893638873,-34.196575559418775],[135.15310195396685,-34.05044213656721],[134.84369948814654,-33.69482842807112],[134.71023086021685,-33.36431161288557],[134.63109878013873,-33.26905480746565],[134.31438735435748,-33.30151788119612],[134.2084608406856,-33.257202543061354],[134.14605239341998,-33.149185575287916],[134.1077986092403,-33.0284046304637],[134.25809768150592,-32.87542382602034],[134.23699477623248,-32.741890348237135],[134.08124831627154,-32.56410638217268],[133.83703139732623,-32.34197274569807],[133.71750930259967,-32.29769555453596],[133.34406569908404,-32.36843530062971],[133.1250868172481,-32.337078489106275],[132.69767287681842,-32.08988992099104],[132.57413772056842,-32.083782590668775],[132.37664321373248,-32.160522855561354],[132.18223098228717,-32.148201383393385],[131.99254897545123,-32.06590691928206],[131.69445327232623,-31.831182874482252],[131.2801618904903,-31.634849942963697],[131.18235305259967,-31.63506165866194],[130.85727981041217,-31.73113862399397],[130.28022292564654,-31.770496763032057],[129.97918227623248,-31.771118558686354],[129.1853895516231,-31.798204816620924],[128.91025832603717,-31.85602227572737],[128.61481765220904,-31.952036298554518],[128.17002395103717,-32.15013543490706],[127.73266128013874,-32.26553002719221],[127.26507857750202,-32.38098565463362],[126.58870223472859,-32.42055550936995],[126.23124984215046,-32.41492883090315],[126.05894759605671,-32.43436471347151],[125.64190963218952,-32.56243173007307],[125.19517043541218,-32.77325860385237],[124.84723189781452,-32.95208398227034],[124.60478499840046,-33.016182340424635],[124.41095260093952,-33.054748929780104],[124.24838546226765,-33.1441272867137],[123.97165969322468,-33.45637933139143],[123.62303451011921,-33.915073789399244],[123.3585539192989,-34.04284325961409],[123.01397231529499,-34.037186063569166],[122.76803115318562,-34.0313343179637],[122.35103133629109,-34.09579507235823],[122.17092421959187,-34.17886010531721],[121.87240889976765,-34.00136224154768],[121.74030593345906,-33.9634632242137],[121.40951827476765,-33.97050515536604],[120.70223525474812,-34.048294462006666],[120.28013900230671,-34.11913720492659],[120.07367232750202,-34.10046807650862],[119.77148726890827,-34.12017098788557],[119.5920744271114,-34.22230950717268],[119.32982924888874,-34.5790523660594],[119.17498305748249,-34.63661614779768],[118.74418929527546,-34.58025018100081],[118.67277053306843,-34.605842984955885],[118.41594222496296,-34.92440453891096],[118.20707992027546,-35.090340055268385],[117.79331496666218,-35.212253965180494],[117.52976516197468,-35.25102273349104],[116.84779647300984,-35.21419183139143],[116.56097701500202,-35.18929711703596],[116.25139144371296,-35.100723661225416],[115.96654036949421,-34.93578378085432],[115.61626723716999,-34.63118401889143],[115.28334334800984,-34.472847379487135],[115.11485579918171,-34.45411340121565],[115.04692367027546,-34.42245522860823],[114.96134475181843,-33.86925546054182],[114.98578933189656,-33.754715360444166],[115.20575240562702,-33.80515328769026],[115.40850356529499,-33.7665638101512],[115.5580168099239,-33.575447477143385],[115.64668563316609,-33.36537591342268],[115.7668562264278,-32.75454369906721],[115.74726394127156,-32.20761147860823],[115.67698195884968,-31.927919782441236],[115.56090072105671,-31.66103021029768],[115.0582609505489,-30.80351296786604],[114.96464827965046,-30.517527021210768],[114.89996627281452,-30.142443097870924],[114.91221145103718,-29.697262204926588],[114.84051040123249,-29.3858150613719],[114.63039687584187,-28.90295831088362],[114.33208754966999,-28.477526105683424],[114.06081679771687,-28.147436536591627],[113.96464065025593,-28.033178724091627],[114.02223494957234,-27.62608949069319],[113.92522719810749,-27.38466874484358],[113.5954695076778,-26.883037961762525],[113.15806868980671,-26.425062574189283],[113.03511336754109,-26.162660993378736],[113.0915861458614,-26.057699598115065],[113.17618850181843,-26.141670621674635],[113.24452498863484,-26.34109536532698],[113.32664779136921,-26.41456834201155],[113.43298629234577,-26.572010434907057],[113.57982924888874,-26.655979551117994],[113.73937514732624,-26.66653481845198],[113.58323195884968,-26.152166761201002],[113.38659957359577,-25.973730481904127],[113.28495315025593,-25.826788343232252],[113.32116225670124,-25.690336622040846],[113.65769484947468,-26.068197644990065],[113.88065627525593,-26.50903169040022],[114.09509566734577,-26.53862038974104],[114.05043319175984,-26.288614667695143],[114.18084243248249,-26.271389402192213],[114.18252089927937,-26.0170406473094],[114.0553083748653,-25.801126874726393],[113.59189895103718,-25.185356534760572],[113.43258956383015,-24.874161161225416],[113.37920669029499,-24.61360589389143],[113.36190322349812,-24.2830375802928],[113.52196029136921,-24.015673078339674],[113.66741469810749,-23.780147947114088],[113.76201919029499,-23.481134809296705],[113.72466567466999,-23.017105497162916],[113.6101179451778,-22.731264509003736],[113.62543014000202,-22.56592980746565],[113.82230666588093,-22.253988660615065],[113.87154677818562,-22.10767022494612],[113.90056899498249,-22.0376762521678],[114.02252486656452,-22.329861081879713],[114.02734664390827,-22.5205806863719],[114.07483199547077,-22.60312692050276],[114.23199752281452,-22.61550370578108],[114.30904677818562,-22.56448403720198],[114.39310744713093,-22.310005582612135],[114.45634749840046,-22.093716062348463],[114.8002043099239,-21.883192457001783],[115.34923842857624,-21.60229340915022],[115.56738570640827,-21.455606855195143],[115.87116530845906,-21.194311536591627],[116.1345548958614,-20.983953870576002],[116.41879561851765,-20.83712235812483],[116.77440932701374,-20.785517133515455],[117.08811477134968,-20.778484739106275],[117.40317824791218,-20.77781525973616],[117.59692672203327,-20.75833360080061],[117.75520614097859,-20.675350583832838],[117.96847060631062,-20.471458829682447],[118.19072249840046,-20.413759626191236],[118.6086759896114,-20.381090558808424],[118.73431685875202,-20.31724587802229],[118.86508468101765,-20.06903497103987],[118.93625167320515,-20.024374402802565],[119.13646224449421,-20.03666726474104],[119.53112319420124,-20.137548841279127],[119.81251815269734,-20.117874540131666],[120.22289565513874,-19.983488477509596],[120.71038344810749,-19.7726558816844],[120.87214950035359,-19.676941312592604],[121.19428542564656,-19.377451337617018],[121.38649276207234,-19.116382993500807],[121.51682570884968,-18.83638421420393],[121.57633498619343,-18.702747739594557],[121.76076796959187,-18.537056363862135],[122.19645217369343,-18.243687070649244],[122.23190597008015,-18.16732255343733],[122.20167830894734,-17.98303071383772],[122.09275344322468,-17.62090150241194],[122.08547500084187,-17.398397840302565],[122.56406691978718,-16.895162977021315],[122.73833754966999,-16.58328477267561],[122.86900618980671,-16.659296430390455],[123.02266982506062,-16.856033719819166],[123.30124953697468,-17.46574441317854],[123.41870406578327,-17.579918302338697],[123.49824813316609,-17.319094098847486],[123.50830367515827,-17.109293378632643],[123.70408919761921,-17.21694413546858],[123.82684615562702,-17.248470701020338],[123.91204360435749,-16.974916852753736],[123.88523391197468,-16.911405957978346],[123.63165572593952,-16.803881086152174],[123.55294326256062,-16.695965207856275],[123.55619338463093,-16.441679395478346],[123.5758390755489,-16.390787519257643],[123.97947219322468,-16.408991254609205],[124.27727034996296,-16.5227836740428],[124.56586745689656,-16.50945130709944],[124.71627334068562,-16.496412671845533],[124.8463468880489,-16.53004113559065],[124.53141311119343,-16.32516709689436],[124.33776381920124,-16.26200906161604],[124.39524367759968,-16.020317472260572],[124.36374953697468,-15.886891759675123],[124.42450240562702,-15.657898343842604],[124.61432937095906,-15.498568929474928],[124.68864730308796,-15.466621793549635],[125.01804641197468,-15.643917478364088],[125.10913375328327,-15.624654210846998],[125.05853560875202,-15.421336568635084],[125.10795882652546,-15.205084241669752],[125.17386916588093,-15.039676107209303],[125.15565780113484,-14.80450574282942],[125.31700423668171,-14.727873243134596],[125.49717238853718,-14.676636136811354],[125.86320022056843,-14.694914258759596],[126.10146621177937,-14.204934514802076],[126.26835921715046,-14.071074880402662],[126.42573836754109,-14.147019780915358],[126.54604628990437,-14.350181974213697],[126.66506484459187,-14.102008260529615],[126.7646589608028,-14.00008622531233],[126.8534269661739,-13.783772863190748],[127.16648391197468,-14.06279603366194],[127.39746383140827,-14.100444234650709],[127.52909377525593,-14.195505536835768],[127.67795852134968,-14.436746038239576],[127.96256545494343,-14.703128255646803],[128.01755813072467,-15.020859159272291],[127.9848738045528,-15.287912763398268],[128.06614211509967,-15.376742757599928],[128.18139174888873,-15.249349988740065],[128.38897231529498,-14.943780339997389],[128.45885756920123,-14.886408246796705],[128.98087600181842,-14.923437513154127],[129.1964216561153,-14.992895520966627],[129.4828749031856,-15.214777387421705],[129.63227370689654,-15.27802983645735],[129.70249465416217,-15.06174508456526],[129.83855727623248,-14.927954114716627],[129.84861281822467,-14.81985989932356],[129.7288465828731,-14.6739009988719],[129.4588270516231,-14.496494687836744],[129.42302993248248,-14.413933194916822],[129.42655471275592,-14.305860914033033],[129.49160293052935,-14.261222280305006],[129.76328566978717,-14.019071973603346],[129.76626113365435,-13.81564847354231],[129.85227492759967,-13.72011796359358],[130.0855360359981,-13.592476285737135],[130.20598891685748,-13.484157003205397],[130.27386001060748,-13.363228238862135],[130.23192885826373,-13.280684865754225],[130.23289016197467,-13.147189534943678],[130.46349624107623,-12.758938230317213],[130.51760390709185,-12.733391202729322],[130.6604872078731,-12.72037259463606],[130.83957961509967,-12.707269109528639],[130.95127395103717,-12.630752958100416],[130.85886672447467,-12.446610845368483],[131.02834609459185,-12.268255628388502],[131.1829481453731,-12.23614922885237],[131.53991225670123,-12.400642789643385],[131.8174696297481,-12.368270314972975],[132.3980360359981,-12.328884519379713],[132.62845900963092,-12.27117005709944],[132.73310378502154,-12.194671071808912],[132.75112441490435,-12.169199384492018],[132.71654799888873,-12.080284513276197],[132.62626174400592,-11.74993745211897],[132.51459792564654,-11.623050130646803],[132.30280593345904,-11.502738393586256],[132.13444045494342,-11.541232503693678],[132.02456191490435,-11.47790376071272],[132.04062941978717,-11.382525838654615],[132.20559218834185,-11.318603910248854],[132.38376906822467,-11.299159444611647],[132.66144851158404,-11.533748067658522],[132.7760114998653,-11.577992833893873],[132.92898086021685,-11.533173955720045],[133.09293654869342,-11.672655500214674],[133.39728835533404,-11.881771482270338],[133.55918410728717,-11.951347745698072],[134.14269545982623,-12.08357182864485],[134.40871718834185,-12.121143735688307],[134.59479812095904,-12.057175077241041],[134.76211074302935,-12.06317273501692],[134.93998244713092,-12.33612195376692],[135.12852004478717,-12.386565603058912],[135.19175246666217,-12.373721517365553],[135.4445448250606,-12.17612496737776],[135.6490125984981,-12.188396848481275],[135.9424696297481,-12.359384931367018],[136.09121230552935,-12.575194753449537],[136.29860976646685,-12.511177457612135],[136.35337356041217,-12.155095495026686],[136.43450454185748,-12.116775907319166],[136.6396131844356,-12.326100744050123],[136.79108718345904,-12.370272077363111],[136.85967544029498,-12.440060056489088],[136.66369155357623,-12.624820150178053],[136.60668471763873,-12.815645612519361],[136.52762893150592,-12.91117135409651],[136.52297500084185,-13.108231939118483],[136.4690809578731,-13.22276917819319],[136.23832229088092,-13.229627050202467],[136.0086317391231,-13.331823743622877],[135.8308973641231,-13.484774030488111],[135.8288221688106,-13.73269120578108],[135.96454909752154,-13.891323484223463],[135.88064101646685,-14.202999509614088],[135.70904067466998,-14.464002050202467],[135.45757583091998,-14.680681623261549],[135.38805678795123,-14.896969236176588],[135.41660598228717,-14.973190702241041],[135.6274519295528,-15.169813550751783],[136.0943708748653,-15.448520101349928],[136.4586286873653,-15.752892888825514],[136.6871443123653,-16.025764859955885],[136.79784682701373,-16.070034421723463],[136.95487502525592,-16.018833555024244],[137.07371047447467,-16.031298078339674],[137.42570022056842,-16.189468778412916],[137.75956252525592,-16.39855805758772],[137.95461562584185,-16.601568616669752],[138.26032546470904,-16.842495359223463],[138.41083816002154,-16.89939729098616],[138.61010268638873,-16.911690152924635],[138.96274856041217,-16.993572629731275],[139.07531264732623,-17.075981534760572],[139.17309096763873,-17.355503476899244],[139.24831679771685,-17.431642926972486],[139.4762831063106,-17.571018613617994],[139.81826308677935,-17.761026777070143],[140.06020644615435,-17.830437101166822],[140.2497206063106,-17.79824296359358],[140.43633559654498,-17.721550382416822],[140.70754531334185,-17.631971753876783],[140.80094436119342,-17.561829007905104],[141.1324110359981,-16.957149900239088],[141.31382277916217,-16.448162473481275],[141.40151503990435,-15.856735624116041],[141.51760390709185,-15.532259382050611],[141.71129897545123,-15.226692594330885],[141.65236953209185,-15.036095060151197],[141.4681501717403,-14.75677625064192],[141.47809890220904,-14.616904653351881],[141.58454421470904,-14.330600179474928],[141.66839126060748,-14.114287771027662],[141.59475234459185,-13.987305082123854],[141.51232436607623,-13.809475339692213],[141.55216506431842,-13.497904218476393],[141.59882644127154,-13.046469129365065],[141.6997938484981,-12.912751592438795],[141.84760573814654,-12.842509664338209],[141.91894057701373,-12.702511228364088],[141.67852309654498,-12.467817701142408],[141.69340041588092,-12.378801740449049],[141.95302871177935,-11.952336705964186],[142.09292128990435,-11.532499707978346],[142.12565139244342,-11.157391942780592],[142.21161941002154,-11.04914800051985],[142.33755019615435,-10.91538277987776]]]]},"properties":{"id":"aboriginal-tribes","name":"Aboriginal tribes","names":{"en":"Aboriginal tribes","fr":"Aboriginal tribes"},"subjectTo":"Aboriginal tribes","partOf":"Aboriginal tribes","borderPrecision":1,"wikidata":null,"wikipedia":null,"year":-4000,"source":"Historical Basemaps","sourceUrl":"https://github.com/aourednik/historical-basemaps"}},{"type":"Feature","geometry":{"type":"MultiPolygon","coordinates":[[[[37.2377941054076,33.84967118568679],[39.19593289767788,33.594261777999364],[40.955907875717344,33.43477825839353],[41.05768490276161,32.89477824606016],[41.94977851818943,32.20855238803876],[47.61403945396687,29.272241197783373],[47.80355742882038,29.184920870024584],[47.99150756309773,29.277490221220873],[48.1290617317989,29.268191896635912],[48.44353393028523,28.4402347433156],[48.462683710558665,28.385850511748217],[48.58751204918171,28.093883119780443],[48.75173858116413,27.871879183012865],[48.83184340904499,27.57345350857439],[48.85502150963093,27.522691332060717],[49.13191131065632,27.53597220059099],[49.243506464464915,27.479030214507006],[49.151927027209055,27.372457109648607],[49.2391577095821,27.28848799343767],[49.321604761584055,27.161550127226732],[49.427317652209055,27.131045900542162],[49.532542261584055,27.009526811797045],[49.93138411949421,26.9341255056447],[50.12176421592976,26.737586580473803],[50.09017470787312,26.61149176235857],[49.983958277209055,26.59574469204607],[49.93417266319538,26.48306807156267],[50.07624724815632,26.311841570097826],[49.9919767708614,26.04484137173357],[49.93686202476765,25.955783449370287],[50.01140502403523,25.835229479033373],[50.14689162681843,25.535644136626146],[50.21432403038288,25.588124834257982],[50.38191894005085,25.461173616606615],[50.429209742052805,25.18402250881853],[50.61889556358601,24.870853029448412],[50.606543573839915,24.68021734829607],[50.70592025230671,24.559718691069506],[50.77828124473835,24.47092970486345],[50.907393488390696,24.433082185942553],[50.968333277209055,24.436244569975756],[50.96494582603718,24.712745271880053],[50.89617827842976,24.909551225859545],[50.8473234505489,25.265224062163256],[50.93111327598835,25.538573824126146],[51.01538756798054,25.588124834257982],[50.988955530627024,25.67209395046892],[51.06882766197468,25.945460878569506],[51.21702102134968,26.066470705229662],[51.35766509483601,26.02896078701677],[51.388796839220774,25.887261949736498],[51.50592711876179,25.845275484282396],[51.53446486900593,25.75584753628435],[51.586672815783274,25.60911902065935],[51.53905394981648,25.420184694487475],[51.55285552452351,25.10153158779802],[51.606150660021555,24.98728712673845],[51.558917078478586,24.815652452666185],[51.412005457384836,24.605685793120287],[51.287825617296946,24.410777651030443],[51.2914152474239,24.28136786099138],[51.45416930626179,24.218226991850756],[51.52285293052937,24.160663210112475],[51.60644057701374,24.202647768217943],[51.58590224693562,24.003221117216967],[51.764571222765696,24.00286444302263],[51.94559768150593,23.945495210844896],[52.25463775108601,23.987481676298998],[52.3010473580196,24.081946932036303],[52.38302901695515,24.10818251248064],[52.48116210411335,24.055703722197435],[52.671649012072336,24.074679933745287],[52.93944076011921,24.02441557522478],[53.040225061877024,24.0399604665822],[53.0757055611446,24.087190233427904],[53.68676284263874,23.987481676298998],[54.01652816246296,24.05045660610857],[54.006297144396555,24.181653581816576],[54.107520136339915,24.10293348904314],[54.27599242637898,24.109820924956225],[54.34709838341023,24.154452882964037],[54.48741439293171,24.34434279080095],[54.59216216514851,24.37732847805681],[54.7120581002071,24.59993704434099],[54.77081969688679,24.73348196621599],[55.09080031822468,25.02003630276384],[55.457198175890696,25.420184694487475],[55.53048613975788,25.37295492764177],[55.633460077746165,25.4531741964406],[56.01545623253132,25.771625124174975],[56.15673354576374,25.9664798605031],[56.29730895469929,26.15973051663103],[56.36705306480671,26.23611982937517],[56.40502837608601,25.861381136137865],[56.214846643908274,25.543342195708178],[56.16130736778523,25.47334440823259],[56.28163579109504,25.46239995693982],[56.36601928184773,25.454724870879076],[56.406260523302805,25.308688722807787],[56.40648177574421,25.07998427029314],[56.405257257921946,24.918748460966967],[56.40537551353718,24.8195072042531],[56.610796961291086,24.47688253994646],[56.79418853233601,24.26761397000017],[57.146197351916086,23.9824710714406],[57.359369486926965,23.85851371320451],[57.396296877561824,23.83704082328193],[57.45101455162312,23.805223070341967],[57.90421584556843,23.571113191801928],[58.08071807335163,23.501605592924975],[58.20529464195515,23.495515428740404],[58.46465590904499,23.50877150173845],[58.62849334190632,23.4582954275197],[59.02163604210163,23.020764909941576],[59.25432113121296,22.72900541897478],[59.46142104576374,22.538865648466967],[59.82569030235554,22.37445219631853],[59.837283167345774,22.279178224760912],[59.53569320152546,21.8020511495656],[59.25884917686726,21.47744711514177],[58.86135390709187,21.11447676296892],[58.7740605037841,20.941229844505894],[58.51204970787312,20.421229921538256],[58.403086695177805,20.357472978789232],[58.15044692466999,20.39505537625017],[58.04437163780476,20.43295057888689],[57.93127349327351,20.400937639433764],[57.80608275841023,20.171960436064623],[57.77755263756062,19.669990144926928],[57.778426203234446,19.31421049709978],[57.83862975548054,19.03480681057634],[57.65703490684773,18.970885835844896],[57.18620971153523,18.938108049590014],[56.90431121300007,18.81680067654314],[56.73888686607624,18.689376436430834],[56.608599695666086,18.466741167265795],[56.549361261828196,18.218829714018725],[56.4575529427364,18.09156187649431],[56.2575903267696,17.97677382107439],[56.01284316490437,17.93178518887224],[55.88154509971882,17.931510530669115],[55.70811751793171,17.95018347378435],[55.561072382433665,17.937171541411303],[55.38948729942585,17.8097415792531],[55.290408167345774,17.676099382597826],[55.23443511436726,17.44726141567888],[55.23563674400593,17.28843458767595],[55.19483855675007,17.148564897734545],[54.91061309288288,16.97005995388689],[54.756079706652415,16.95067175503435],[54.40687468956257,17.045220934111498],[54.08425811241413,17.01911886807146],[53.681250605089915,16.897540651518725],[53.33573440025593,16.763379656035326],[53.208453211291086,16.718633257109545],[53.02094939659382,16.653768144804857],[52.894324335558665,16.60995253201189],[52.65216735313679,16.488719545561693],[52.35659697960163,16.233945451933764],[52.23764327476765,16.10025557156267],[52.16285613487507,15.871372781950853],[52.135169062121165,15.687059961516283],[51.95041182945515,15.540526949126146],[51.59900174748452,15.378753642468041],[51.312563929064524,15.246890627104662],[50.29111770103718,14.958784662444017],[49.71286300133015,14.773288332182787],[49.33384993980671,14.632695757109545],[49.17317870567585,14.498915277678392],[48.96038726280476,14.21889742489519],[48.87929629770281,14.168719980766735],[48.76460174034382,14.097749315459154],[48.536746057970774,14.046437822539232],[48.270144495470774,14.077626787382982],[48.0361662239864,14.045357309538744],[47.662295374377024,13.847587190825365],[47.36957457969929,13.6690526830739],[46.939394983752024,13.490221582610033],[46.877734106218426,13.473871601683081],[46.601199182970774,13.40054567928972],[46.079287561877024,13.399416528899096],[45.825903925402415,13.405233942229174],[45.69247725914265,13.347759805876635],[45.51863769005085,13.207596384245775],[45.395979914171946,13.07389887448015],[45.19341567466999,12.933683000761889],[44.963572535021555,12.825172029692553],[44.788802179796946,12.80573710079851],[44.681067499621165,12.82455977078142],[44.440535578234446,12.639777742583178],[44.062747034533274,12.613552652556322],[43.84059050987507,12.663913332182787],[43.60489847704723,12.828886858628167],[43.56005004356648,12.8602786886281],[43.483645472033274,12.93000467892351],[43.34084990928913,13.126665674406908],[43.30284789512898,13.240954004485033],[43.38397887657429,13.565180383879564],[43.34756377647663,13.851036630827807],[43.2069425911739,14.079471193510912],[43.05326369713093,14.60650786038103],[42.79587844322468,15.47008093472185],[42.763525995714915,15.666981302458666],[42.88387969444538,15.984922014433764],[42.828047785265696,16.321475588042162],[42.81439879844929,16.40412863369646],[42.76366332481648,16.64545591946306],[42.53529265831257,17.07066687222185],[42.206519159777415,17.514735780913256],[42.009444269640696,17.736680589873217],[41.628558191759836,18.047204576689623],[41.39917663048054,18.440644823271654],[41.20152310600852,18.89638667414274],[41.033022913439524,19.28490790005388],[40.81975844810749,19.68472059841814],[40.69382003258015,19.868707262236498],[40.336348566515696,20.096686922270678],[39.76407912681843,20.40679510708513],[39.526900324328196,20.692212663847826],[39.16673949669148,21.218801103789232],[39.13041213463093,21.650762163359545],[39.10333922813679,22.0001655447072],[39.1021948189571,22.400445543486498],[39.05560210655476,22.571889482695482],[38.91509536216999,22.87021406765642],[38.490122827990305,23.612683855254076],[38.329417261584055,23.83471830959978],[37.988421473009836,24.11356123562517],[37.78184798668171,24.214786134917162],[37.55722335289265,24.27148588772478],[37.41881087730671,24.398265443999193],[37.201453241808665,24.65831335659685],[37.26854232261921,24.969781480986498],[37.21826842735554,25.166631303984545],[37.00525573204304,25.534686647612475],[36.669295343859446,26.016835771757982],[36.329762091157946,26.40276266471046],[36.31222442100788,26.42269667263689],[35.831072840197336,27.095153413969896],[35.59481337974812,27.51398619290056],[35.43649581383015,27.72965582485857],[35.111590418322336,28.072061144072435],[34.87561706016804,28.0969730245656],[34.76388076256062,28.096747957426928],[34.798899683459055,28.230243288237475],[34.88559249351765,28.357480608183764],[35.025679621203196,28.948632799345873],[35.07210448692585,29.21136053677263],[35.09547332237507,29.342677675444506],[35.0733976692989,29.418868623930834],[34.98467925499226,29.46721991177263],[34.9542570442989,29.43680914517107],[34.93554213951374,29.418094240385912],[34.76433471153523,29.24668654080095],[34.54894927452351,28.731626115996264],[34.398840937121165,28.095985017973803],[34.32201293419148,27.828979097563646],[34.24119857261921,27.75892027493181],[34.0580053658321,27.79031332607927],[33.85604384849812,28.024955354887865],[33.50405791710163,28.329183183867357],[33.33074096153523,28.551192842680834],[33.17847350548054,28.995608888823412],[32.94378188560749,29.19842108364763],[32.81360534141804,29.477700792509935],[32.73727706383015,29.693547807890795],[32.647959742052805,29.85220106716814],[33.557601007921946,30.967715822417162],[33.70960906456257,30.99570997830095],[33.916968378527415,31.070052705962084],[34.03360358613812,31.14050449207255],[34.146304163439524,31.20857962246599],[34.19527724693562,31.23814161892595],[34.50065902183796,31.621099077422045],[34.59913543175007,31.817897402007006],[34.681338343127024,32.045978151518725],[34.758502039416086,32.300719820219896],[34.84289077232624,32.670699678618334],[34.894969019396555,32.662833772856615],[34.956587824328196,32.704818330962084],[34.959082636339915,32.796657167632006],[34.97200683067585,32.938407503325365],[35.088973078234446,33.069259248930834],[35.13231185386921,33.23151739712419],[35.20838836143757,33.33358725186052],[35.356089624865305,33.63978155728044],[35.34855941246296,33.74446829434099],[35.42986586998249,33.74446829434099],[35.49185088585163,33.83082541104021],[35.52440169761921,33.9747691976613],[35.532080683214915,34.118705354887865],[35.7162084908321,34.312369905669115],[36.6120874758201,34.03994221205645],[37.2377941054076,33.84967118568679]]]]},"properties":{"id":"semites","name":"Semites","names":{"en":"Ancient Semitic-speaking peoples","fr":"peuples sémitiques antiques"},"subjectTo":"Semites","partOf":"Semites","borderPrecision":1,"wikidata":"Q23808759","wikipedia":{"en":"https://en.wikipedia.org/wiki/Ancient_Semitic-speaking_peoples"},"year":-4000,"source":"Historical Basemaps","sourceUrl":"https://github.com/aourednik/historical-basemaps"}}]}
