{"type":"FeatureCollection","features":[{"type":"Feature","geometry":{"type":"MultiPolygon","coordinates":[[[[120.68637100000012,22.053608],[120.69303900000011,22.104443],[120.691093,22.115273000000116],[120.677757,22.17194],[120.674988,22.181938],[120.629433,22.277496],[120.620529,22.295277],[120.61026,22.3127750000001],[120.5761030000001,22.362217],[120.573036,22.366108],[120.553307,22.382774],[120.505547,22.422497],[120.488586,22.429161],[120.481369,22.429996],[120.47580700000015,22.432217],[120.44470200000012,22.453327000000115],[120.429153,22.466938],[120.42302700000016,22.474716],[120.416901,22.482502],[120.392761,22.478329],[120.386108,22.478607],[120.38192700000013,22.480549],[120.37719700000014,22.483330000000137],[120.34554300000013,22.503887],[120.34166000000016,22.507221],[120.328598,22.519444],[120.307083,22.540436],[120.30255100000011,22.550632],[120.300339,22.557865],[120.30525200000011,22.549999],[120.30664100000013,22.544998],[120.32388300000014,22.526386000000116],[120.330887,22.521172],[120.332764,22.525829],[120.329987,22.53611],[120.32193,22.554443],[120.312759,22.572498],[120.296097,22.596941],[120.27137800000014,22.610275],[120.266388,22.613052],[120.26249700000017,22.616386],[120.253326,22.628052],[120.244713,22.640274],[120.24025700000016,22.649441],[120.238586,22.660828],[120.251099,22.677494000000138],[120.252213,22.684441000000106],[120.25166300000012,22.689995000000124],[120.228676,22.736725],[120.206383,22.773331],[120.199707,22.786942],[120.17276,22.881664],[120.16748,22.908045],[120.163879,22.953606],[120.135536,23.02277400000014],[120.1077580000001,23.01361100000014],[120.06442300000015,23.034996],[120.05581700000016,23.041107],[120.05275700000016,23.044998],[120.05137600000012,23.050274],[120.049149,23.060829],[120.053307,23.071941],[120.056931,23.075829],[120.06749,23.079163],[120.086929,23.079163],[120.09554300000013,23.084721],[120.099152,23.088329],[120.09999100000016,23.093887],[120.09387200000015,23.124718000000144],[120.09166,23.129162],[120.087769,23.132496000000117],[120.08194000000015,23.13472000000013],[120.067207,23.136662],[120.062477,23.139439],[120.058594,23.142773],[120.05609100000015,23.147217000000126],[120.055542,23.153049],[120.05748,23.158886],[120.083328,23.22805000000011],[120.099716,23.266941],[120.109711,23.286942000000124],[120.129997,23.31749900000011],[120.141098,23.319996],[120.145264,23.322773],[120.148331,23.327221],[120.14804100000015,23.391941],[120.147491,23.397495],[120.13472,23.466106],[120.12886,23.493328],[120.12516800000014,23.508759],[120.12387100000012,23.514164000000108],[120.11554,23.568886],[120.111099,23.613884],[120.111366,23.620274],[120.11554,23.631386],[120.1933140000001,23.781109],[120.196373,23.785553],[120.221916,23.819443],[120.2397,23.829998],[120.278702,23.889069],[120.283867,23.898331],[120.31247700000017,23.953327],[120.363037,24.048332],[120.42109700000015,24.141106],[120.4272,24.149998],[120.471909,24.193045],[120.476379,24.210274],[120.50804100000016,24.286663],[120.510536,24.291943],[120.544983,24.3622170000001],[120.558868,24.385273],[120.571663,24.40221800000012],[120.578598,24.410275],[120.594437,24.427988],[120.62859300000014,24.463608],[120.642761,24.47916],[120.650543,24.493885],[120.65664700000013,24.511108],[120.665817,24.533054],[120.6741596643803,24.55134576460216],[120.72771726859703,24.626902539736413],[120.751389,24.647495],[120.86026,24.737495],[120.8647,24.740551],[120.871597,24.73999],[120.90332000000012,24.836662],[120.90708832908835,24.844964321936814],[120.97320083091999,24.892076097685717],[121.16460708091999,24.949632250029467],[121.26763442466999,25.03241881008806],[121.4288664192989,25.134364687163256],[121.53135970543171,25.07742842312517],[121.78051284263874,24.900125108916185],[121.63036635826374,24.709273897368334],[121.59270766685749,24.645675264555834],[121.60309890220906,24.505971513945482],[121.57255843590046,24.226443849760912],[121.48153212974812,24.09287031765642],[121.39941695640827,23.933911882597826],[121.37008193443562,23.622638307768725],[121.32531264732624,23.40023764248552],[121.1824064583614,23.037910066801928],[120.9697370858028,22.719880663115404],[120.78197768638874,22.34474142666521],[120.77584365318562,22.18593557949724],[120.7246427864864,21.988931261259935],[120.69555011623473,21.970797727388323],[120.68637100000012,22.053608]]]]},"properties":{"id":"dapenkeng-culture","name":"Dapenkeng culture","names":{"en":"Dapenkeng culture","fr":"Dapenkeng culture"},"subjectTo":"Dakapeng culture","partOf":"Dakapeng culture","borderPrecision":1,"wikidata":null,"wikipedia":null,"year":-5000,"source":"Historical Basemaps","sourceUrl":"https://github.com/aourednik/historical-basemaps"}},{"type":"Feature","geometry":{"type":"MultiPolygon","coordinates":[[[[118.65165700000011,-8.539167],[118.659149,-8.552223],[118.666092,-8.552223],[118.670822,-8.549999],[118.676933,-8.542777999999885],[118.68248000000028,-8.534445],[118.706383,-8.497221],[118.721649,-8.464722],[118.72360200000014,-8.459999],[118.72580700000015,-8.448334],[118.720261,-8.426665999999898],[118.718048,-8.421946],[118.713318,-8.399723],[118.713318,-8.386112],[118.71394584563238,-8.383597903440394],[118.76082900474812,-8.379335798066236],[118.8632917733028,-8.48080960635481],[118.87260726402546,-8.671463407319166],[118.95416549156452,-8.655246175568678],[118.98202804039265,-8.702477849763014],[118.97819524031758,-8.76206483903643],[118.970261,-8.75889],[118.966087,-8.756111],[118.95247700000016,-8.742498],[118.938873,-8.722221],[118.9202580000001,-8.699722],[118.91330700000015,-8.693056],[118.90332,-8.689722],[118.896942,-8.688889],[118.88749700000017,-8.693056],[118.818878,-8.711945],[118.81192,-8.711945],[118.76138300000014,-8.711945],[118.755257,-8.712778],[118.745529,-8.716665],[118.741364,-8.719444],[118.704437,-8.744444],[118.701103,-8.748055],[118.70166,-8.752779],[118.731491,-8.759778],[118.741821,-8.769945],[118.74214511014011,-8.770245391102529],[118.68881514976765,-8.760206617158033],[118.62546828697468,-8.786445058625318],[118.64097302807203,-8.81968053194169],[118.583878,-8.836111],[118.469994,-8.872499],[118.457207,-8.871944],[118.43026700000019,-8.864445],[118.418053,-8.856388],[118.411102,-8.849442999999894],[118.405548,-8.841389],[118.391937,-8.814167],[118.383881,-8.795279],[118.382477,-8.790001],[118.381653,-8.777224],[118.38304100000016,-8.774445],[118.38997700000027,-8.7675],[118.409149,-8.752779],[118.42137100000025,-8.737777999999878],[118.42970300000025,-8.725555],[118.433037,-8.715555],[118.44136,-8.66388899999987],[118.43109100000015,-8.633612],[118.411102,-8.586666],[118.406372,-8.584723],[118.403587,-8.588612],[118.399429,-8.598333],[118.395264,-8.628056],[118.395264,-8.641668],[118.24059749569645,-8.802764929566488],[118.25399306724812,-8.765452779572584],[118.21599868248249,-8.739213384430983],[118.0936419916312,-8.84562308132843],[118.082207,-8.846110999999894],[118.02887,-8.854166],[118.008881,-8.868332],[117.948593,-8.902224],[117.88416300000017,-8.934723],[117.79443400000025,-8.935556],[117.743591,-8.920555],[117.734154,-8.916666],[117.721649,-8.915277],[117.71027400000014,-8.917223],[117.65609700000016,-8.938334],[117.652481,-8.941668],[117.649719,-8.945555],[117.647774,-8.950277],[117.644989,-8.954445],[117.638321,-8.961111],[117.634163,-8.963888],[117.629967,-8.966665],[117.563599,-9.002501],[117.545532,-9.011946],[117.530548,-9.0175],[117.438873,-9.041668],[117.41137700000013,-9.048611],[117.405823,-9.049999],[117.39415,-9.050556],[117.358032,-9.049999],[117.344994,-9.049168],[117.310532,-9.0425],[117.305252,-9.041111],[117.301086,-9.038334],[117.28942900000015,-9.025557],[117.28526300000021,-9.022778],[117.279709,-9.021389],[117.25026700000012,-9.016666],[117.243317,-9.016666],[117.231934,-9.01889],[117.21138,-9.026112],[117.203049,-9.031668],[117.196091,-9.038334],[117.1680530000001,-9.065556],[117.1652680000002,-9.069445],[117.155823,-9.087221],[117.1524810000002,-9.090555],[117.148331,-9.093056],[117.142761,-9.094444],[117.09971600000017,-9.103333],[117.0522,-9.110832],[117.04609700000015,-9.111389],[117.040543,-9.109999],[116.806931,-9.044445],[116.8022,-9.0425],[116.755707,-9.01426],[116.753601,-9.013889],[116.75138900000013,-9.009445],[116.74387400000023,-8.984165],[116.74331700000016,-8.979445],[116.75417300000026,-8.883333],[116.755547,-8.878056],[116.758331,-8.873888],[116.794708,-8.827778],[116.779427,-8.673334],[116.79131888902293,-8.630081667607932],[116.8534040779903,-8.599548734467604],[116.9583845467403,-8.529292501252272],[117.05932906578327,-8.560976423066236],[117.33397201011921,-8.566733754914381],[117.51381209800984,-8.613260663788893],[117.55415633629109,-8.739213384430983],[117.68509963463093,-8.78842679385481],[117.8171720833614,-8.813561834138014],[117.89900498384662,-8.701873878759738],[117.95694000000015,-8.737777999999878],[117.966377,-8.74861],[117.976646,-8.745277],[118.02110300000015,-8.708055],[118.03777300000013,-8.690277],[118.053307,-8.671946],[118.06442300000015,-8.6625],[118.073318,-8.657778],[118.084152,-8.655001],[118.130814,-8.646946],[118.151382,-8.646946],[118.16249100000027,-8.649723],[118.17276000000015,-8.653055],[118.18221300000016,-8.657223],[118.20832800000017,-8.665277],[118.21527100000014,-8.665277],[118.25360100000012,-8.6625],[118.25833100000011,-8.66055699999987],[118.262497,-8.657778],[118.28109700000016,-8.642223],[118.286377,-8.634167],[118.289146,-8.623333],[118.289146,-8.616388],[118.287773,-8.604445],[118.284416,-8.59416599999986],[118.275543,-8.5825],[118.231659,-8.55139],[118.084152,-8.465277],[118.069992,-8.459166],[118.050812,-8.458055],[118.03914600000019,-8.459999],[118.019989,-8.468056],[118.005547,-8.474167],[117.994431,-8.476944],[117.987762,-8.476944],[117.98275800000022,-8.475],[117.83220700000015,-8.373333],[117.825272,-8.366388],[117.71273393711786,-8.250404514138594],[117.80621627281452,-8.17801419619856],[117.94793990562702,-8.161929525178053],[118.02465346763874,-8.20296994571028],[118.04830459068562,-8.298379339020826],[118.13014510582234,-8.342568792145826],[118.21980933101858,-8.299906378024414],[118.251389,-8.342777],[118.259163,-8.348888],[118.3119200000001,-8.374722],[118.318047,-8.375277],[118.323318,-8.373888],[118.368042,-8.343332],[118.37497700000017,-8.336666],[118.3872070000001,-8.323055],[118.39354919642312,-8.31645028914792],[118.41998580406452,-8.324619687836744],[118.46731093834187,-8.392844594758131],[118.46200087974812,-8.596083082001783],[118.54416182945515,-8.529292501252272],[118.61765578697468,-8.392351545136549],[118.68999616025282,-8.385775147565809],[118.68802600000015,-8.4125],[118.683319,-8.448334],[118.681931,-8.453888],[118.670822,-8.476944],[118.665268,-8.491943],[118.65165700000011,-8.539167]]],[[[118.75782,-8.771112],[118.774323,-8.771112],[118.84082,-8.777779],[118.889427,-8.782501],[118.89415,-8.784445],[118.92915300000016,-8.804167],[118.93609600000013,-8.810832999999889],[118.94693,-8.833889],[118.94693,-8.839443],[118.944138,-8.843332],[118.934708,-8.8475],[118.92416260852977,-8.850180104678635],[118.82820418785359,-8.786445058625318],[118.75313366482746,-8.772313864728098],[118.75782,-8.771112]]],[[[113.391098,-8.451111],[113.396652,-8.452499],[113.400818,-8.455278],[113.4083330000002,-8.461666],[113.40912647706342,-8.463365588285537],[113.36174145706637,-8.446940060355898],[113.391098,-8.451111]]],[[[115.161942,-8.678236],[115.145264,-8.66055699999987],[115.0761030000001,-8.592222],[114.966377,-8.496666],[114.925812,-8.469999],[114.891663,-8.449722],[114.87719700000014,-8.443611],[114.792213,-8.411112],[114.753326,-8.402224],[114.718323,-8.396112],[114.705833,-8.395],[114.699142,-8.395],[114.65387,-8.397500999999863],[114.63472,-8.39889],[114.623032,-8.401112],[114.616089,-8.401112],[114.602478,-8.390278],[114.57166300000017,-8.359722],[114.54758785133562,-8.331235791845035],[114.64503768394734,-8.33102170352278],[114.87628463218952,-8.247906125825025],[115.08439925621296,-8.234733976166822],[115.50045302818562,-8.46900597934065],[115.34816268394734,-8.545598424714186],[115.24370101402546,-8.590313352387525],[115.16294575889637,-8.680357097961236],[115.161942,-8.678236]]],[[[106.953049,-6.087222],[106.983597,-6.083889],[106.994713,-6.081112],[107.003052,-6.075556],[107.00499,-6.070834],[107.01108007589444,-6.055775630717511],[107.06136611412312,-6.07847920779524],[107.3396330208614,-6.154148019593336],[107.52461532066609,-6.35075990084944],[107.67702773521687,-6.330368436616041],[107.7686872811153,-6.451916612427809],[107.96960738609577,-6.438776887696363],[108.17332747886921,-6.355717576783277],[108.30900100181843,-6.450752176087477],[108.47539046715046,-6.685549653809645],[108.55577376793171,-6.920526422303297],[108.95341018150593,-6.938729203980543],[109.16108993004109,-7.023108400147535],[109.21701476418451,-7.014384389671774],[109.3819914192989,-6.98864880923567],[110.02727797935749,-7.044451154511549],[110.24257186363484,-7.031283773224928],[110.3526298450056,-6.976293461107093],[110.371643,-6.981111999999882],[110.378593,-6.981111999999882],[110.39082300000013,-6.979722],[110.396378,-6.978333],[110.466377,-6.951667],[110.475807,-6.947778],[110.49080700000013,-6.935555],[110.507492,-6.917778],[110.55748,-6.858611],[110.563599,-6.851111],[110.579437,-6.825833],[110.62164300000012,-6.745555],[110.628036,-6.731389],[110.64582800000011,-6.681110999999873],[110.649147,-6.670834],[110.650543,-6.665277],[110.660263,-6.615],[110.662201,-6.589723],[110.662201,-6.5775],[110.662201,-6.563889],[110.66304000000014,-6.557777],[110.67281168669037,-6.539089853273544],[110.8145857186153,-6.534306443970777],[110.91451552818562,-6.629429734986402],[111.04471877525593,-6.851591504853346],[111.32965377281452,-6.908178247254469],[111.56827834556843,-6.920361436646559],[111.91680434654499,-6.957741655152418],[112.2747907967403,-7.026889718812086],[112.40491012047077,-7.134644426148512],[112.53656295250202,-7.264518655579664],[112.50087264488484,-7.464936651032545],[112.62459090660359,-7.674394048493483],[112.67842391441609,-7.718775666993238],[113.07268813560749,-7.876816667359449],[113.26259139488484,-7.908177770417311],[113.55871108482624,-7.913900769990065],[113.76137832115437,-7.830829061310865],[113.94835952232624,-7.824078477662184],[114.23076919029499,-7.931510366242506],[114.25219253013874,-8.020443357270338],[114.1376066536739,-8.21136609439192],[114.06916335533406,-8.433954633515455],[114.22457068338352,-8.64247241820492],[114.219437,-8.646389],[114.212486,-8.646389],[114.098038,-8.640835],[114.061653,-8.636112],[113.96388200000013,-8.600277],[113.87191800000016,-8.561666],[113.74054,-8.532501],[113.73359700000015,-8.532501],[113.72136700000021,-8.531113],[113.66304,-8.493889],[113.6588670000001,-8.49111],[113.6519320000001,-8.484444],[113.648041,-8.475],[113.646652,-8.469444],[113.643883,-8.465277],[113.63693200000012,-8.458611],[113.61360200000013,-8.447779],[113.55609100000015,-8.435556],[113.44165,-8.379166],[113.316383,-8.307501],[113.29221300000017,-8.296667],[113.277206,-8.291111],[113.2327580000001,-8.281113],[113.20166,-8.2775],[113.18248000000017,-8.2775],[113.158043,-8.280279],[113.1091540000001,-8.287779],[113.079712,-8.2925],[113.033867,-8.30139],[113.02858700000024,-8.302778],[113.023613,-8.304722],[112.988037,-8.32361],[112.971649,-8.334444],[112.96527100000014,-8.341944],[112.96171645234863,-8.347366031587985],[112.83578017662312,-8.347638524811842],[112.64071949101118,-8.432335484086785],[112.523323,-8.396112],[112.363876,-8.342777],[112.2916560000001,-8.331112],[112.16638200000011,-8.316944],[111.947197,-8.283611],[111.85664400000013,-8.268057],[111.794983,-8.26],[111.78804,-8.26],[111.782494,-8.261391],[111.717484,-8.29389],[111.713318,-8.296667],[111.693588,-8.331112],[111.693588,-8.336666],[111.695534,-8.341389],[111.703049,-8.354166],[111.651093,-8.362499],[111.44693,-8.314166999999884],[111.38526900000011,-8.2775],[111.112488,-8.241667],[111.078873,-8.249166],[111.068604,-8.252501],[111.045258,-8.256668],[111.017761,-8.256668],[110.915817,-8.221945],[110.833603,-8.201666],[110.785538,-8.195],[110.77249100000012,-8.194166],[110.7211,-8.1975],[110.714996,-8.196945],[110.470261,-8.108055],[110.379967,-8.074167],[110.371643,-8.068611],[110.3647,-8.061945],[110.214157,-7.980555999999865],[110.118042,-7.939166],[110.084427,-7.918056],[110.056396,-7.897513999999887],[110.037201,-7.889444],[109.91943400000014,-7.850279],[109.70276600000011,-7.797778],[109.583603,-7.775556],[109.50972,-7.767222],[109.401382,-7.728056],[109.399147,-7.723333],[109.395264,-7.720555],[109.289703,-7.699444],[109.2649990000001,-7.696667],[109.157494,-7.690556],[109.118317,-7.692499],[109.071114,-7.7],[109.053864,-7.703611],[109.04221300000012,-7.712222],[108.991653,-7.717222],[108.896942,-7.695277],[108.892212,-7.69],[108.886658,-7.681666],[108.882477,-7.665556],[108.879967,-7.641111],[108.809143,-7.656667],[108.779701,-7.681666],[108.685257,-7.679722],[108.5811,-7.686388],[108.56330900000012,-7.689166],[108.530273,-7.697499],[108.525543,-7.699444],[108.51666300000011,-7.704167],[108.507217,-7.714999999999861],[108.50499,-7.719722],[108.503601,-7.725278],[108.503601,-7.738889],[108.505829,-7.757223],[108.505829,-7.758272858787349],[108.41646448997719,-7.806222095899567],[108.381088,-7.804722],[108.1869200000001,-7.786388],[108.16304,-7.783055],[108.141098,-7.7775],[108.0705410000001,-7.759167],[107.921097,-7.718332999999859],[107.82998700000013,-7.689166],[107.806091,-7.672222],[107.794983,-7.669443999999885],[107.68887300000011,-7.632777],[107.682747,-7.625278],[107.679153,-7.621944],[107.636932,-7.588612],[107.62024700000012,-7.577778],[107.57582100000013,-7.554167],[107.553307,-7.5425],[107.47164900000013,-7.505279],[107.466087,-7.503889],[107.39971900000012,-7.493611],[107.3936000000001,-7.493055],[107.31749,-7.488333],[107.20166,-7.475277999999889],[107.082489,-7.448055],[106.70971700000013,-7.419444],[106.591087,-7.420278],[106.578049,-7.419444],[106.567207,-7.416945],[106.42330900000013,-7.371388],[106.4060970000001,-7.350278],[106.39242625292908,-7.320479522020448],[106.54658797691609,-7.16002217654524],[106.48467396458102,-7.118863948520833],[106.487488,-7.116944],[106.492477,-7.115],[106.50943000000012,-7.104167],[106.525269,-7.0925],[106.535538,-7.0825],[106.544434,-7.070834],[106.5458220000001,-7.065277],[106.5458220000001,-7.045],[106.539703,-7.010279],[106.536926,-6.999444],[106.534149,-6.995277],[106.527481,-6.988611],[106.50943000000012,-6.979167],[106.504173,-6.9775],[106.447197,-6.966111],[106.441093,-6.966666],[106.43609600000013,-6.968889],[106.42804,-6.974167],[106.425262,-6.978333],[106.414993,-6.988611],[106.38472,-6.999444],[106.369141,-7.004168],[106.35748300000012,-7.006111],[106.328049,-7.002778],[106.322487,-7.00139],[106.286102,-6.987222],[106.171654,-6.917222],[106.146942,-6.900833],[106.127197,-6.885834],[106.10247800000013,-6.869444],[106.07639300000011,-6.854445],[106.03804,-6.837500999999861],[106.033333,-6.835556],[106.018333,-6.831389],[106.000549,-6.828611],[105.936653,-6.825278],[105.923027,-6.825278],[105.684418,-6.843056],[105.609154,-6.855278],[105.592758,-6.859166],[105.568047,-6.868889],[105.5522,-6.87361],[105.545532,-6.87361],[105.485809,-6.870277],[105.481087,-6.868055],[105.473312,-6.861944],[105.44664,-6.845],[105.370529,-6.819722],[105.358871,-6.817779],[105.320541,-6.815],[105.30748,-6.814445],[105.3022,-6.815833],[105.243317,-6.810278],[105.21681868160199,-6.77631900882082],[105.2861662239864,-6.771202958863356],[105.4521232739557,-6.809653279606735],[105.453598,-6.811666],[105.460274,-6.818334],[105.464432,-6.821112],[105.469994,-6.8225],[105.48027,-6.819167],[105.484421,-6.816388],[105.491364,-6.808888],[105.49553497143818,-6.803364411770191],[105.63347152183796,-6.755237497132399],[105.66398909996296,-6.519298471253492],[105.67160995709496,-6.460618049062304],[105.673599,-6.463056],[105.675537,-6.467778],[105.67970300000013,-6.491110999999876],[105.684418,-6.5],[105.6933140000001,-6.51139],[105.705833,-6.519722],[105.711113,-6.521111],[105.71666,-6.519722],[105.76888300000013,-6.496388],[105.780548,-6.487777999999878],[105.79044492930251,-6.477872396789187],[105.81074813316609,-6.481571592133619],[105.80827638541328,-6.452675435649836],[105.8141480000001,-6.439166],[105.82222,-6.413334],[105.823036,-6.407223],[105.83194000000015,-6.315277],[105.832489,-6.309166],[105.83194000000015,-6.289444],[105.828323,-6.265556],[105.828323,-6.251945],[105.83194000000015,-6.228056],[105.8365149128691,-6.209196670256028],[105.89147475670124,-6.150919832032301],[105.93318465660359,-6.0259837282115],[106.02416518638874,-6.080723680298902],[106.30810073326374,-6.130947984498121],[106.52126601646687,-6.109951890748121],[106.62800887535359,-6.309376157563307],[106.86400130699421,-6.269573606293775],[106.93512252281452,-6.135954297822096],[106.93948965383984,-6.087792018139869],[106.953049,-6.087222]]],[[[106.529984,-3.108056],[106.52153,-3.106347],[106.515823,-3.101944],[106.51026900000011,-3.093611],[106.457489,-3.009445],[106.444427,-2.981389],[106.4060970000001,-2.969722],[106.314987,-2.925278],[106.306641,-2.919722],[106.288879,-2.910278],[106.278587,-2.906667],[106.268333,-2.903333],[106.21138,-2.885],[106.145744,-2.868474],[106.1160890000001,-2.85],[106.101089,-2.844444],[106.084717,-2.840278],[106.027771,-2.834999999999866],[106.01416,-2.834999999999866],[106.001663,-2.833611],[105.990807,-2.830833],[105.978317,-2.822778],[105.966927,-2.806944],[105.929153,-2.748611],[105.918869,-2.724722],[105.901657,-2.652778],[105.900269,-2.640556],[105.900269,-2.62],[105.901093,-2.606945],[105.902481,-2.601389],[105.91748,-2.561944],[105.923599,-2.554167],[105.9272,-2.550833],[105.93248,-2.542778],[105.936653,-2.533055],[105.940811,-2.516666],[105.94136,-2.503612],[105.940811,-2.4975],[105.935257,-2.475555],[105.933319,-2.470833],[105.923599,-2.459167],[105.91277300000013,-2.449722],[105.90387,-2.444722],[105.8936,-2.441389],[105.859993,-2.433889],[105.851646,-2.428333],[105.829163,-2.403055],[105.820831,-2.390833],[105.819443,-2.385278],[105.818047,-2.372777],[105.807747,-2.272222],[105.801086,-2.183333],[105.799713,-2.170834],[105.785263,-2.158055],[105.75305200000014,-2.134722],[105.7447130000001,-2.129167],[105.73858600000011,-2.127778],[105.48027,-2.101110999999889],[105.415817,-2.120278],[105.342484,-2.126945],[105.20607815443151,-2.095046155098022],[105.29615274536212,-1.878609992531887],[105.38025700000014,-1.820833],[105.390549,-1.810556],[105.396103,-1.8025],[105.401382,-1.7875],[105.402206,-1.774445],[105.40081800000013,-1.761945],[105.397491,-1.751667],[105.39264298963946,-1.74463502818428],[105.42667678306843,-1.709628261368849],[105.65572646568562,-1.956973589699842],[105.71217842334832,-1.779224094608403],[105.781097,-1.795],[105.805817,-1.797778],[105.81109600000013,-1.796389],[105.8119200000001,-1.79],[105.809982,-1.785278],[105.77514748851277,-1.701826842412863],[105.8634367317989,-1.626060642045118],[105.89634231041218,-1.80392722014723],[106.0365324349239,-2.203994430344679],[106.32863906334187,-2.571952022355177],[106.64274886558796,-2.711081422608473],[106.5234480233028,-2.793948806565382],[106.47066024254109,-2.92117039088545],[106.5309700437994,-3.10800494232502],[106.529984,-3.108056]]],[[[103.46360800000014,-0.367222],[103.454712,-0.362221999999861],[103.452477,-0.3575],[103.4805530000001,-0.298056],[103.496368,-0.2725],[103.510818,-0.252778],[103.51416,-0.249167],[103.525269,-0.239722],[103.533333,-0.234167],[103.538307,-0.232222],[103.55470300000013,-0.228056],[103.560806,-0.227222],[103.58205011661062,-0.229393658576404],[103.5007429451778,-0.315737046044447],[103.4740041923483,-0.369309765862221],[103.46360800000014,-0.367222]]],[[[109.449417,-1.040556],[109.492477,-0.979722],[109.583054,-0.975556],[109.623787,-0.984835],[109.673805,-1.008242999999879],[109.711647,-0.987778],[109.734993,-0.998889],[109.74247700000012,-1.005],[109.748032,-1.013334],[109.756378,-1.032516],[109.753601,-1.088056],[109.754173,-1.094167],[109.755547,-1.099722],[109.75972,-1.109167],[109.76582300000013,-1.116667],[109.773323,-1.123611],[109.77887,-1.131667],[109.77887,-1.138611],[109.772774,-1.146111],[109.67944945236187,-1.202342013141163],[109.59978774498249,-1.122298039239027],[109.4497692736568,-1.04211540741067],[109.449417,-1.040556]]],[[[97.171356,5.159999],[97.180252,5.155277],[97.190521,5.151943],[97.203583,5.151111],[97.222748,5.152499],[97.23996,5.15611],[97.260529,5.162777],[97.30068976535469,5.177022172325158],[97.38407424400593,5.180140577513598],[97.5293302864864,5.040668092924975],[97.94281295250202,4.520546041685961],[98.17378524254109,4.381262384611986],[98.19936660240437,4.311420046049975],[98.14550307701374,4.069854341704271],[98.62529281090046,3.657878957945726],[98.96240523765827,3.436213813979052],[99.49126723716999,3.126008592802904],[99.79594710777546,2.980528198439501],[99.85836318443562,2.904411159712694],[99.8722257942989,2.63756402607622],[99.86316207359577,2.567644678313158],[100.10983237497892,2.543911315305263],[100.119423,2.527222],[100.122742,2.523889],[100.127747,2.521944],[100.133034,2.523333],[100.13442340689681,2.526298994288796],[100.45648482750202,2.117784582335375],[100.7319441170528,1.870563827711962],[100.85431960533406,1.877182089049242],[100.85605910728718,1.966142975050829],[100.82139907547915,2.02961776474522],[100.8224790000001,2.028888],[100.82608,2.025555000000111],[100.850517,1.995277000000101],[100.859703,1.98361100000011],[100.87468,1.9575],[100.88359100000014,1.939166000000114],[100.888313,1.923333],[100.891083,1.905555],[100.891647,1.8925],[100.89386000000013,1.880833],[100.904137,1.856944],[100.91857900000014,1.836944],[100.925247,1.830278],[100.92884800000013,1.826944],[100.942459,1.820555],[100.949982,1.864444],[100.949982,1.871389],[100.946617,1.881666],[100.894417,2.021389],[100.888313,2.035833],[100.882736,2.043889],[100.873291,2.054999],[100.866364,2.061666000000116],[100.862183,2.064444],[100.821091,2.105555],[100.81470368170396,2.11666134527901],[100.83172133873249,2.175784193236254],[101.05975631187702,2.080969177443407],[101.27575210045124,1.719237886626146],[101.47430709312702,1.54809423561754],[101.67528060386921,1.523109518248461],[101.86814406822468,1.434568368155382],[102.0097990364864,1.269662820059679],[102.13589003990437,0.939505957323931],[102.27828505943562,0.742825351912401],[102.47178176353718,0.622509859759234],[102.70160964439656,0.565819166857622],[103.04658797691609,0.528438948351763],[103.07992202845756,0.516494331939354],[103.080544,0.515555],[103.0866390000001,0.501111],[103.09081300000014,0.484722],[103.09081300000014,0.471111],[103.089417,0.458611],[103.08747900000014,0.453889],[103.081917,0.445555],[103.070824,0.436111],[103.04747,0.425],[102.947456,0.374444],[102.774979,0.286667],[102.72081,0.258611],[102.593307,0.186667000000114],[102.584976,0.181111],[102.575531,0.176944],[102.569977,0.175555],[102.563019,0.175555],[102.554138,0.18055500000014],[102.53025800000012,0.197500000000105],[102.519974,0.207778],[102.51164200000011,0.220278],[102.506363,0.228333],[102.50080900000012,0.236667],[102.497192,0.24],[102.4882970000001,0.245],[102.430801,0.250278],[102.42746000000011,0.246944],[102.429413,0.242222],[102.433578,0.238611000000105],[102.52330000000012,0.177778],[102.539963,0.166667],[102.558296,0.157778],[102.568588,0.154444000000126],[102.574142,0.153055000000109],[102.587189,0.1525],[102.63079800000014,0.197500000000105],[102.641357,0.207778],[102.645248,0.210555],[102.649406,0.213333],[102.65912600000013,0.2175],[102.67468300000013,0.222222],[102.7966310000001,0.246944],[102.819977,0.251111],[102.851639,0.253889000000129],[102.872192,0.253889000000129],[102.884407,0.255278],[102.90441900000013,0.262778],[103.14969600000012,0.401667],[103.16275,0.409167],[103.174973,0.417500000000132],[103.181923,0.424444],[103.19551100000012,0.445],[103.199692,0.454444000000137],[103.20246900000012,0.465555],[103.20514100267958,0.471624520276154],[103.2404890389278,0.458958231169603],[103.46307662437702,0.287862710911654],[103.72215560386921,0.0151834192461],[103.71359542320515,-0.016971982758619],[103.71267520685404,-0.020430698117071],[103.668549,-0.023077],[103.602737,-0.027218],[103.58500700000013,-0.046393],[103.587517,-0.050534],[103.588867,-0.056115],[103.58226,-0.101161],[103.578644,-0.104765],[103.43470800000011,-0.203889],[103.42249300000015,-0.212222],[103.3936,-0.224444],[103.37719700000014,-0.228611],[103.334717,-0.234167],[103.31137100000012,-0.238333],[103.300537,-0.241110999999876],[103.28610200000014,-0.247222],[103.269707,-0.258889],[103.274986,-0.260278],[103.31832900000012,-0.265],[103.33194,-0.265],[103.351089,-0.263611],[103.356644,-0.262222],[103.425812,-0.235556],[103.47442600000011,-0.215556],[103.47998000000013,-0.214444],[103.486099,-0.215],[103.49080700000013,-0.216944],[103.49498,-0.219722],[103.497757,-0.223889],[103.499153,-0.229444],[103.49859600000013,-0.242222],[103.444427,-0.325278],[103.43887300000011,-0.333611],[103.416725,-0.35109],[103.342361,-0.364096],[103.436234,-0.375972],[103.46972710321305,-0.377879174440839],[103.40866378258015,-0.500223256390669],[103.23762038658406,-0.659467495720961],[103.31132033775593,-0.818175770085432],[103.3841886849239,-0.894272543233015],[103.74692824791218,-1.11590985183058],[104.12119582603718,-1.140521563332655],[104.2298918099239,-1.191118038933851],[104.29766372154499,-1.362546600144483],[104.35518935631062,-1.705587424080946],[104.3524275154903,-1.889892257493116],[104.47247603843952,-2.08027855281172],[104.56754592369343,-2.137265123169996],[104.81258681724812,-2.155803359788038],[104.60981276939656,-2.575665630143263],[104.6342888132221,-2.609951088877524],[104.62442,-2.615833],[104.60304300000013,-2.628889],[104.599152,-2.631667],[104.59137,-2.637778],[104.580551,-2.6475],[104.573608,-2.655],[104.56192,-2.670556],[104.542763,-2.699444],[104.53804,-2.715278],[104.531097,-2.77],[104.532494,-2.772778],[104.545532,-2.765278],[104.552467,-2.758334],[104.555252,-2.754167],[104.55941800000011,-2.744722],[104.564697,-2.722777],[104.577209,-2.693889],[104.59137,-2.674167],[104.594994,-2.670556],[104.611366,-2.659722],[104.6514942849416,-2.634052103520548],[104.67776015709187,-2.670844711106398],[104.99460891197468,-2.466801322739698],[105.36515334556843,-2.580394424241163],[105.44490340660359,-2.599284805100538],[105.56392959068562,-2.713410295289137],[105.6286726326778,-2.910283721726515],[105.94282058189656,-3.214655078690626],[105.8817943442751,-3.449099856349505],[105.876923,-3.4625],[105.823036,-3.647778],[105.816093,-3.675],[105.8141480000001,-3.693611],[105.81487807701642,-3.706172387946997],[105.7110929817989,-4.104884065430738],[105.69315627525593,-4.308285154145338],[105.79667952965046,-4.733882345002272],[105.78708938072468,-4.930913366120436],[105.79636672447468,-5.229591287415602],[105.79559615562702,-5.350346483033277],[105.72847274254109,-5.827141679566481],[105.69932420394426,-5.879198518231446],[105.62359600000013,-5.819167],[105.34108700000013,-5.513889],[105.293869,-5.453055],[105.286926,-5.446388],[105.275269,-5.444166],[105.2686,-5.444166],[105.263611,-5.446388],[105.255547,-5.451667],[105.19687232692326,-5.545607799554964],[105.18672469566609,-5.542331613343336],[105.0701744680065,-5.756763576204944],[105.059418,-5.750556],[104.976646,-5.703334],[104.8936,-5.67],[104.783333,-5.603889],[104.758614,-5.587501],[104.740807,-5.570556],[104.72527300000013,-5.545278],[104.718872,-5.537778],[104.715553,-5.534166],[104.699142,-5.517778],[104.690811,-5.512501],[104.681374,-5.508334],[104.671097,-5.505],[104.659988,-5.502223],[104.621643,-5.492778],[104.60999300000015,-5.493332999999893],[104.565536,-5.499444],[104.554428,-5.502223],[104.544983,-5.50639],[104.541367,-5.509723],[104.533333,-5.521945],[104.531097,-5.526667],[104.525818,-5.541667],[104.526382,-5.547778],[104.54081700000012,-5.581389],[104.54914900000011,-5.600555],[104.55222443362197,-5.605216585461265],[104.46468642662312,-5.639219678681471],[104.61985384785689,-5.933379574860472],[104.57916300000011,-5.931666],[104.560776,-5.929748],[104.556641,-5.875278],[104.555252,-5.869721],[104.546371,-5.851389],[104.537491,-5.839722999999879],[104.527206,-5.829445],[104.44136000000015,-5.753056],[104.342758,-5.665833],[104.306374,-5.622777],[104.309143,-5.618889],[104.311096,-5.614166],[104.311096,-5.607223],[104.3099820000001,-5.601666],[104.30774700000012,-5.596945],[104.29971300000011,-5.584723],[104.266098,-5.549999],[104.233871,-5.5275],[104.173599,-5.486388],[104.095261,-5.429167],[104.00972,-5.330278],[104.003601,-5.275000999999861],[104.002777,-5.268889],[104.000816,-5.264167],[103.904984,-5.125],[103.891098,-5.111389],[103.721916,-4.961667],[103.717758,-4.958889],[103.708328,-4.955],[103.69664,-4.952778],[103.6266480000001,-4.931666],[103.61161,-4.919433],[103.569717,-4.913334],[103.552757,-4.91],[103.443039,-4.860833],[103.404709,-4.833333],[103.354713,-4.793056],[103.307213,-4.747222],[103.29414400000013,-4.732223],[103.283867,-4.722222],[103.262772,-4.702223],[103.2333220000001,-4.676945],[103.225807,-4.670834],[103.12915,-4.595834],[103.101089,-4.575833],[103.0516510000001,-4.543056],[103.023041,-4.530833],[102.873596,-4.42],[102.85304300000013,-4.399722],[102.823608,-4.37361],[102.72554,-4.293056],[102.71804800000012,-4.286944],[102.671371,-4.250834],[102.643333,-4.230278],[102.599426,-4.19861],[102.551376,-4.164445],[102.539146,-4.155833],[102.493874,-4.125555],[102.449417,-4.095],[102.337769,-4.014999999999873],[102.326103,-4.006111],[102.308319,-3.989722],[102.30193300000013,-3.982222],[102.291092,-3.965556],[102.288879,-3.960834],[102.279427,-3.935555],[102.277481,-3.923889],[102.28137200000015,-3.914444],[102.26915,-3.810555],[102.2410890000001,-3.683889],[102.237762,-3.673611],[102.235527,-3.668889],[102.224701,-3.6525],[102.217758,-3.645555],[102.210274,-3.639444],[102.2061,-3.636667],[102.112762,-3.579444],[101.995819,-3.508334],[101.869713,-3.421389],[101.654427,-3.266666],[101.63472000000013,-3.2525],[101.626923,-3.246111],[101.609154,-3.223055],[101.491364,-3.059444],[101.485809,-3.051111],[101.470261,-3.025833],[101.461113,-3.003889],[101.404427,-2.889722],[101.32222,-2.732222],[101.313873,-2.72],[101.303589,-2.709722],[101.296097,-2.703611],[101.279709,-2.6925],[101.261932,-2.683055],[101.256943,-2.680833],[101.247482,-2.676944999999876],[101.199417,-2.656389],[101.181091,-2.6475],[101.140549,-2.619444],[101.124687,-2.607778],[101.109711,-2.595277999999894],[101.095261,-2.581667],[101.085541,-2.570834],[101.02887,-2.4975],[101.020538,-2.48527799999988],[101.006462,-2.457117],[100.916382,-2.335833],[100.905548,-2.319445],[100.838318,-2.187222],[100.833603,-2.171667],[100.832764,-2.165277],[100.832207,-2.145555],[100.833603,-2.14],[100.84166,-2.127778],[100.861649,-2.106389],[100.867203,-2.098333],[100.874687,-2.085278],[100.880814,-2.070834],[100.88220200000012,-2.065278],[100.882751,-2.045556],[100.88220200000012,-1.999722],[100.87608300000011,-1.964722],[100.8697130000001,-1.936667],[100.86637900000011,-1.926389],[100.85608700000012,-1.9025],[100.845833,-1.885278],[100.741089,-1.736111],[100.699997,-1.681111],[100.688309,-1.665555],[100.675812,-1.650278],[100.658043,-1.633889],[100.649986,-1.621667],[100.647774,-1.616945],[100.606087,-1.495555],[100.582764,-1.4175],[100.586113,-1.385278],[100.584717,-1.379722],[100.56694,-1.335833],[100.564987,-1.331111],[100.562187,-1.326945],[100.559418,-1.323056],[100.55525200000011,-1.320278],[100.43747700000011,-1.241389],[100.381927,-1.114722],[100.382477,-1.108611],[100.381927,-1.045555999999863],[100.33527400000014,-0.874167],[100.331383,-0.864722],[100.321663,-0.846667],[100.316093,-0.838611],[100.29358700000012,-0.806389],[100.211929,-0.723333],[100.17693300000013,-0.696666999999877],[100.16330700000015,-0.683056],[100.133041,-0.646667],[100.126923,-0.639167],[100.116089,-0.622777999999869],[100.10999300000015,-0.608333],[100.108597,-0.602778],[100.098328,-0.578889],[100.088593,-0.561111],[100.050262,-0.510278],[100.013321,-0.471389],[100.003052,-0.461111],[99.99275200000011,-0.450833],[99.914703,-0.398611],[99.83498277212439,-0.327765877262348],[99.80413349519345,-0.288687933430107],[99.752197,-0.165555999999867],[99.748856,-0.155277999999896],[99.748856,-0.148611],[99.752762,-0.132222],[99.765259,-0.103333],[99.768158,-0.092612],[99.768158,-0.085571],[99.765259,-0.074444],[99.759705,-0.059444],[99.75497400000012,-0.050556],[99.746628,-0.038333],[99.740524,-0.030556],[99.659714,0.053056],[99.635818,0.076944],[99.608322,0.097500000000139],[99.590546,0.107222],[99.35054000000014,0.230556],[99.341095,0.234722],[99.3163760000001,0.237222],[99.304153,0.236111],[99.293045,0.233333],[99.27859500000011,0.226944],[99.265549,0.219444000000124],[99.260818,0.2175],[99.25,0.214722],[99.236923,0.213889],[99.219711,0.2175],[99.168335,0.238611000000105],[99.154724,0.245556],[99.143066,0.254444],[99.13612400000011,0.261389],[99.134171,0.266111],[99.13612400000011,0.270833],[99.158051,0.317499],[99.11416600000013,0.342222],[99.110825,0.345555000000104],[99.110825,0.351111],[99.11972000000014,0.369444],[99.12249800000012,0.373611],[99.12916600000011,0.380555],[99.134171,0.389444],[99.135559,0.395],[99.136948,0.412778],[99.12249800000012,0.508055],[99.10333300000013,0.584722],[99.035553,0.775833],[99.027222,0.788333000000137],[99.021118,0.795833],[98.964172,0.9375],[98.880569,1.182777000000101],[98.838623,1.311111],[98.78862,1.414444],[98.725571,1.515833],[98.720856,1.524722],[98.70446800000013,1.556389],[98.702515,1.561111],[98.703903,1.565278],[98.714188,1.568611],[98.720291,1.569166000000109],[98.729736,1.566667000000109],[98.738068,1.561111],[98.740845,1.556944],[98.744736,1.547500000000127],[98.751129,1.539722],[98.75918600000011,1.534444],[98.76474000000013,1.535833],[98.77168300000011,1.5425],[98.77446,1.546667000000127],[98.82225,1.621944],[98.824463,1.646111],[98.824463,1.666667],[98.823639,1.672777],[98.773636,1.744722],[98.770859,1.748611],[98.76474000000013,1.756389],[98.750305,1.769444],[98.742783,1.775555],[98.730576,1.783611],[98.725571,1.785833],[98.719467,1.785],[98.714188,1.783055],[98.709183,1.780833],[98.554977,1.905],[98.53804000000014,1.921944],[98.522751,1.934444],[98.506363,1.945277],[98.45636,1.9775],[98.439133,1.987777],[98.241074,2.08694400000013],[98.144363,2.157027],[98.138306,2.162499],[98.109695,2.181666],[98.087753,2.193888],[98.0471950000001,2.215277],[97.948578,2.267222],[97.936905,2.269166],[97.925247,2.267222],[97.915802,2.263055],[97.899139,2.251944],[97.890259,2.247222],[97.875793,2.241111],[97.870514,2.239722],[97.864136,2.239166000000125],[97.762192,2.265833],[97.75192300000015,2.269166],[97.748581,2.2725],[97.659409,2.395833],[97.654694,2.404722000000106],[97.651917,2.415833],[97.650528,2.428055],[97.648315,2.480833],[97.648315,2.494444],[97.649704,2.5],[97.650528,2.513055000000122],[97.650528,2.597777],[97.650528,2.625277],[97.649139,2.637500000000102],[97.637482,2.721666],[97.630524,2.763611],[97.624969,2.785277],[97.610794,2.832778],[97.601913,2.858055],[97.596924,2.866944000000103],[97.587479,2.877777],[97.583313,2.880555],[97.577194,2.881111],[97.57109100000014,2.880555],[97.559967,2.877777],[97.553848,2.877222],[97.54692100000011,2.877222],[97.541641,2.878611],[97.536636,2.880555],[97.44830300000012,2.915555],[97.42774891684563,2.924395965334202],[97.42767623375202,2.924561105925463],[97.30668145506144,3.075233751774135],[97.30246,3.085277],[97.293304,3.11722200000014],[97.290802,3.128333],[97.289413,3.140555],[97.289413,3.16111],[97.28524800000014,3.1775],[97.283035,3.182222000000138],[97.259979,3.220555],[97.253586,3.228055],[97.249695,3.230833],[97.244125,3.232222],[97.209137,3.239722],[97.180252,3.245277],[97.171356,3.250833],[97.16803,3.254167],[97.162476,3.262222],[97.07692,3.401111],[97.03579700000012,3.483889],[97.027466,3.503055000000131],[97.005539,3.536111000000119],[96.8802490000001,3.677499],[96.87329100000011,3.684443],[96.86525,3.689999000000114],[96.79608200000013,3.736944],[96.78775000000013,3.742499],[96.722748,3.751388],[96.682739,3.751388],[96.634979,3.751388],[96.610794,3.748055],[96.589691,3.741943000000106],[96.57109100000014,3.739166],[96.55830400000013,3.738332000000128],[96.53968800000013,3.740555],[96.5233,3.744443],[96.51442,3.748055],[96.488861,3.76361],[96.459412,3.789721],[96.428024,3.819721],[96.414139,3.833333],[96.391647,3.858888],[96.348587,3.919444],[96.331924,3.944166],[96.32164000000012,3.961944],[96.314972,3.975554000000102],[96.29858400000012,4.000278],[96.284134,4.02],[96.268311,4.03861],[96.19441200000011,4.116387],[96.187469,4.123332000000119],[96.183853,4.126665],[96.174973,4.131388],[96.160797,4.137777000000142],[96.155243,4.138888],[96.141647,4.138888],[96.094971,4.171944],[96.066071,4.197777],[96.020813,4.214166],[96.00914,4.223055],[95.943573,4.281943],[95.939957,4.285276],[95.903854,4.331666],[95.828308,4.420554],[95.663864,4.57361],[95.64469900000012,4.588611],[95.5885770000001,4.633611],[95.531082,4.682776],[95.422745,4.846666],[95.283585,5.118332],[95.29858400000012,5.143055],[95.30275,5.152499],[95.304138,5.158054000000106],[95.304138,5.164999],[95.29997300000014,5.174443],[95.23219300000011,5.283054],[95.2547,5.392777],[95.255539,5.405832],[95.252197,5.416110000000117],[95.239685,5.452777],[95.223862,5.479444000000115],[95.22595583484969,5.507008602863527],[95.28316024254109,5.550485693175219],[95.46405318687702,5.569940172392748],[95.62773421715046,5.525817476469896],[95.74045089195515,5.468877874571703],[96.02468398521687,5.215323530394457],[96.18733504722859,5.145788274962328],[96.60203078697468,5.076786600310228],[96.75271132896687,5.064410291869066],[96.99945357750202,5.109420381743334],[97.16896011175685,5.162494417493802],[97.171356,5.159999]],[[98.91835937500002,2.664648437499991],[98.8701171875,2.730664062499997],[98.79179687499999,2.799169921874991],[98.70742187500002,2.853759765625],[98.64023437500003,2.872705078124994],[98.571875,2.876367187499994],[98.53046875000001,2.85859375],[98.52617187499999,2.824121093749994],[98.58125,2.732373046874997],[98.64052734375002,2.650292968749994],[98.662109375,2.643847656249989],[98.68964843750001,2.687646484374994],[98.72275390625003,2.723730468749991],[98.75996093750001,2.729394531249994],[98.826171875,2.671142578125],[98.91904296875003,2.558203125],[98.94882812500003,2.504443359374989],[98.9267578125,2.482519531249991],[98.88466796875002,2.47578125],[98.78427734375003,2.514550781249994],[98.7109375,2.576953124999989],[98.68886718750002,2.555126953124997],[98.75390625,2.467480468749997],[98.81796875000003,2.380273437499994],[98.84628906250003,2.3525390625],[98.90800781249999,2.344433593749997],[98.9990234375,2.348828125],[99.09306640624999,2.370263671874994],[99.14345703125002,2.396630859374994],[99.14296875000002,2.411962890624991],[99.10214843750003,2.436962890624997],[99.04150390625,2.482519531249991],[98.97910156250003,2.575292968749991],[98.91835937500002,2.664648437499991]]],[[[102.872742,0.303889],[102.906357,0.318333],[102.916077,0.322222],[102.922203,0.323055],[102.92691000000013,0.322222],[102.928299,0.316944],[102.92691000000013,0.311389],[102.923714,0.306736],[102.917473,0.298889],[102.9133000000001,0.296111],[102.880249,0.281111],[102.859703,0.274444],[102.846916,0.273611],[102.841347,0.275],[102.836639,0.276944],[102.833862,0.281111],[102.8358,0.285833000000139],[102.848862,0.293611],[102.872742,0.303889]]],[[[117.52026400000011,3.931111000000101],[117.521103,3.927777000000106],[117.55445021146045,3.91001777270534],[117.68385604332234,3.629244171339892],[117.67769555551317,3.625453559790129],[117.515549,3.613889],[117.35582,3.636666],[117.176933,3.648055],[117.163879,3.6475],[117.076393,3.643333],[117.069992,3.642777],[117.06469700000014,3.641388],[117.054977,3.637222],[117.05081200000018,3.634444],[117.045532,3.626388],[117.03249400000016,3.604444],[117.030273,3.599721],[117.030273,3.594166],[117.054428,3.604444],[117.0811,3.611944],[117.097488,3.616111000000103],[117.10859700000015,3.618610000000103],[117.124153,3.620833],[117.1997070000001,3.618055],[117.204437,3.616111000000103],[117.207764,3.612500000000125],[117.20915200000013,3.607222],[117.208603,3.594166],[117.203598,3.571666],[117.203049,3.565277],[117.203049,3.551666],[117.204987,3.54],[117.20996722085644,3.527378576750082],[117.07397750328327,3.507199846465014],[117.16311171959187,3.405726276595018],[117.21508315513874,3.272402368742846],[117.13904097984577,3.170576893050097],[117.23602584312702,3.075473390776537],[117.34200576256062,3.02487715359392],[117.58774093101765,2.650510631758593],[117.82918837974812,2.314259611327074],[117.84828475425984,2.225346170622728],[117.69636062095906,1.900947533804796],[117.73006728599812,1.799350224692247],[117.91282180259968,1.590053402144335],[118.24725631187702,1.387442909438036],[118.51726058433796,1.165625892836474],[118.76522353599812,0.823025428015612],[118.74792383155743,0.816679154594952],[118.743591,0.819167],[118.695534,0.839722],[118.690811,0.841667],[118.679703,0.844444],[118.673599,0.845],[118.660538,0.844444],[118.648331,0.843055000000106],[118.64276100000018,0.841667],[118.50499,0.828611000000137],[118.343872,0.843055000000106],[118.187759,0.871944],[118.165817,0.877222],[118.129433,0.888889],[118.11026,0.897222],[118.09721400000024,0.904722],[118.071381,0.919722],[118.063026,0.925278],[118.030823,0.961667],[118.025269,0.976667],[118.014999,1.0075],[117.99942000000021,1.053333],[117.995247,1.063055000000134],[117.989151,1.070555],[117.95555100000013,1.098611],[117.951393,1.101389],[117.911652,1.123333],[117.904709,1.123333],[117.899147,1.121944],[117.89444,1.119722],[117.89166300000011,1.115833],[117.88832100000013,1.104722],[117.890266,1.094444],[117.892487,1.089722],[117.900543,1.0775],[117.931374,1.032778],[117.985527,0.936389],[118.02887,0.856111],[118.030823,0.851389],[118.0336,0.840278],[118.036377,0.8225],[118.03529959417567,0.813019759548545],[117.85968306968952,0.865542970854662],[117.7082853646114,0.820732377726458],[117.53428939293171,0.610662959772966],[117.37497237633015,0.197262354452036],[117.33888534019734,-0.016971982758619],[117.31821731041218,-0.139655172567942],[117.37765029381062,-0.431837983172514],[117.42981246422077,-0.622370518487074],[117.39296388773262,-0.858514337201914],[117.330551,-0.855],[117.290009,-0.80639],[117.265854,-0.821647],[117.25776700000017,-0.868055],[117.177757,-0.9625],[117.1679489800959,-0.975112431041586],[117.04563430259968,-0.934580959122755],[116.77620528366015,-1.184607801099141],[116.741089,-1.105833],[116.74054000000012,-1.099722],[116.741089,-1.093333],[116.74247700000012,-1.081111],[116.74387400000023,-1.075556],[116.75,-1.054445],[116.752213,-1.049444],[116.75499,-1.045555999999863],[116.758881,-1.035833],[116.758881,-1.029167],[116.756943,-1.024167],[116.752777,-1.021389],[116.7480320000002,-1.022222],[116.74331700000016,-1.024167],[116.73719800000015,-1.031667],[116.73220800000013,-1.040556],[116.728317,-1.050278],[116.71859700000016,-1.081944],[116.712486,-1.103055],[116.710274,-1.114722],[116.710274,-1.121389],[116.711647,-1.1325],[116.71388200000013,-1.135833],[116.722763,-1.1475],[116.729431,-1.154444],[116.745247,-1.166111],[116.752213,-1.172778],[116.75499,-1.176944],[116.76379706927656,-1.196122472640838],[116.57888320396687,-1.367720283310987],[116.38421157310749,-1.660468496125318],[116.29143076165693,-1.735692696769136],[116.22580700000015,-1.775833],[116.22248800000011,-1.779167],[116.221649,-1.785278],[116.22467430483253,-1.789817046663449],[116.0462751717403,-1.934458292763807],[116.24550155113484,-2.105623163025953],[116.27270034263874,-2.283497489731886],[116.3491316170528,-2.416793264191725],[116.04077437828327,-2.442873872559645],[116.24452498863484,-2.702999271195509],[116.24821761558796,-2.798310674470045],[116.20198348472859,-2.90010014895735],[116.1970233427911,-2.906131515043945],[116.15109300000017,-2.826111],[116.14166300000011,-2.815],[116.13749700000017,-2.815],[116.13192700000013,-2.823334],[116.109993,-2.923334],[116.110809,-2.936111],[116.121094,-2.975277],[116.12983418001345,-2.987831281476343],[115.95590499351765,-3.199323333542921],[115.86336806724812,-3.377465165894606],[115.8063078255489,-3.536469854157545],[115.58851140546275,-3.78103580512289],[115.548027,-3.798334],[115.378311,-3.861111],[115.317207,-3.883055],[115.28637700000024,-3.89305499999989],[115.17469800000015,-3.938889],[115.02388,-4.002501],[114.985527,-4.018889],[114.937477,-4.039444],[114.92804000000012,-4.043612],[114.909416,-4.0525],[114.891663,-4.061944],[114.79971300000011,-4.119444],[114.762772,-4.144167],[114.754707,-4.149445],[114.71138,-4.174722],[114.7066500000002,-4.176945],[114.684708,-4.1825],[114.640823,-4.186388],[114.635269,-4.184999],[114.631363,-4.1825],[114.6244200000001,-4.174722],[114.616089,-4.1625],[114.611366,-4.146945],[114.608597,-4.129167],[114.60803200000021,-4.081944],[114.60720800000024,-3.902222],[114.60720800000024,-3.7175],[114.60803200000021,-3.704444],[114.60803200000021,-3.683889],[114.60720800000024,-3.677778],[114.601929,-3.655833],[114.59359700000027,-3.636667],[114.581383,-3.615],[114.522217,-3.536945],[114.481087,-3.498611],[114.471649,-3.502778],[114.45999100000029,-3.504722999999899],[114.44136000000015,-3.504167],[114.43609600000013,-3.502778],[114.426933,-3.498055],[114.374992,-3.461121],[114.318878,-3.441944],[114.3035890000001,-3.436388],[114.294708,-3.431667],[114.27026400000022,-3.415277],[114.209717,-3.385833],[114.11416151714558,-3.35966398352615],[114.0994978279903,-3.34951249484358],[113.97059920738484,-3.362500585358717],[113.91326289537717,-3.422244327068921],[113.873306,-3.4425],[113.85498,-3.451389],[113.824158,-3.461667],[113.777481,-3.47],[113.748032,-3.474722],[113.71720900000014,-3.478055],[113.682747,-3.478055],[113.671097,-3.476111],[113.656937,-3.47],[113.63832100000013,-3.461111],[113.620529,-3.451389],[113.613037,-3.445278],[113.61026,-3.441111],[113.608871,-3.435832999999889],[113.608871,-3.428889],[113.61026,-3.423334],[113.624687,-3.39],[113.63498700000014,-3.359167],[113.63777200000015,-3.348055],[113.641663,-3.318056],[113.641663,-3.256389],[113.63916,-3.238611],[113.632751,-3.2175],[113.626648,-3.203055],[113.61499,-3.180556],[113.608871,-3.173056],[113.602768,-3.172222],[113.50943,-3.175],[113.475273,-3.180556],[113.46555300000011,-3.184722],[113.458038,-3.190833],[113.449142,-3.209167],[113.447197,-3.220833],[113.44637300000011,-3.233889],[113.44165,-3.242778],[113.4369200000001,-3.244722],[113.37052900000026,-3.261389],[113.363602,-3.261389],[113.35859700000015,-3.259167],[113.30802900000015,-3.229722],[113.24498,-3.183333],[113.231369,-3.169444999999882],[113.225807,-3.161389],[113.13526900000011,-3.066945],[113.064697,-2.993889],[113.034714,-2.989722],[112.97554000000014,-3.053889],[112.9679772011145,-3.062346465141725],[112.94931319664265,-3.040595687668898],[112.79538253258015,-2.971020854752638],[112.63836196373249,-3.333612121384718],[112.57773116539265,-3.422717250626661],[112.51312509346106,-3.4324318037434],[112.506943,-3.428333],[112.471367,-3.402221999999881],[112.46027400000014,-3.392778],[112.433594,-3.364444999999876],[112.417213,-3.353611],[112.367752,-3.334445],[112.332764,-3.321389],[112.305542,-3.314722],[112.2930530000001,-3.313334],[112.245819,-3.313889],[112.229431,-3.318056],[112.193039,-3.329722],[112.182747,-3.333055],[112.173866,-3.337778],[112.16165200000012,-3.346111],[112.151382,-3.356389],[112.078049,-3.426945],[112.04867724870729,-3.455110302094337],[112.04686263511921,-3.455636419098951],[112.03879996501674,-3.464581874839312],[111.969711,-3.530833],[111.948593,-3.550556],[111.913597,-3.570556],[111.902481,-3.573334],[111.896378,-3.573889],[111.88942700000013,-3.573889],[111.86747700000012,-3.568334],[111.808029,-3.540278],[111.803864,-3.5375],[111.804428,-3.524722],[111.81275900000014,-3.505555999999899],[111.820267,-3.4925],[111.832764,-3.456944],[111.840271,-3.430278],[111.8416600000001,-3.424722],[111.8435970000001,-3.406389],[111.843048,-3.379722],[111.8416600000001,-3.367222],[111.838882,-3.349444],[111.83194,-3.308333],[111.828598,-3.291388999999867],[111.824997,-3.274167],[111.81609300000014,-3.194167],[111.81609300000014,-3.146389],[111.819717,-3.129167],[111.824997,-3.114167],[111.83194,-3.086945],[111.832764,-3.080556],[111.832764,-3.066945],[111.830551,-3.041667],[111.82582100000013,-3.025833],[111.810806,-2.999166],[111.802467,-2.986945],[111.794144,-2.974444],[111.76416,-2.9225],[111.756653,-2.909444],[111.751938,-2.900556],[111.729713,-2.811666],[111.728592,-2.806111],[111.728592,-2.799445],[111.731087,-2.788333],[111.738037,-2.774722],[111.752487,-2.754723],[111.7544400000001,-2.749999999999886],[111.7544400000001,-2.743889],[111.74971,-2.741944],[111.74498,-2.743889],[111.728592,-2.754723],[111.71138000000013,-2.771945],[111.70665,-2.780833],[111.702477,-2.790556],[111.68248000000011,-2.884167],[111.6997070000001,-2.927222],[111.703873,-2.93],[111.705833,-2.935],[111.703873,-2.939722],[111.701103,-2.943889],[111.6927490000001,-2.949166],[111.64271712566408,-2.97770355879288],[111.58721450279499,-2.79569546107588],[111.4679364571018,-2.936314932869374],[111.467484,-2.936111],[111.451103,-2.932222],[111.426933,-2.928611],[111.335823,-2.921111],[111.32415800000012,-2.923334],[111.30497700000012,-2.931389],[111.23027,-2.966389],[111.168053,-3],[111.160538,-3.006111],[111.14888000000013,-3.01555599999989],[111.140549,-3.021111],[111.07193,-3.062222],[111.063026,-3.066945],[111.039146,-3.077222],[110.96248600000013,-3.096389],[110.950821,-3.098333],[110.923866,-3.097778],[110.906937,-3.094444],[110.758881,-3.035556],[110.754707,-3.032778],[110.751938,-3.028611],[110.751938,-3.021667],[110.75610400000011,-3.012222],[110.766937,-2.995833],[110.776093,-2.984167],[110.78970300000015,-2.970555],[110.79776,-2.965],[110.821114,-2.953889],[110.83138300000013,-2.950556],[110.869713,-2.941111],[110.879967,-2.937778],[110.963043,-2.904167],[110.966377,-2.900556],[110.967201,-2.894434],[110.964996,-2.889722],[110.960274,-2.887778],[110.954163,-2.886945],[110.933594,-2.886945],[110.914429,-2.888333],[110.909714,-2.890278],[110.802757,-2.941111],[110.78970300000015,-2.948611],[110.779427,-2.958889],[110.751389,-2.992222],[110.734993,-3.017778],[110.724701,-3.041667],[110.718323,-3.049166999999898],[110.7081580088153,-3.059324084531373],[110.65250686119343,-2.988375104706861],[110.63614016495657,-2.988772681606519],[110.616928,-2.919722],[110.613602,-2.909444],[110.606644,-2.895833],[110.598602,-2.883611],[110.594994,-2.88],[110.586113,-2.875278],[110.569717,-2.871110999999871],[110.551086,-2.869166],[110.5374910000001,-2.869166],[110.508041,-2.873889],[110.487488,-2.880833],[110.360809,-2.949166],[110.352478,-2.954722],[110.329987,-2.973055],[110.32222,-2.979443999999887],[110.305252,-2.996389],[110.286652,-3.012222],[110.282494,-3.015],[110.277206,-3.015],[110.261932,-3.0025],[110.244141,-2.986111],[110.237488,-2.979443999999887],[110.231934,-2.971111],[110.205833,-2.901389],[110.20915200000013,-2.891111],[110.211929,-2.886945],[110.21748400000013,-2.878889],[110.227768,-2.861667],[110.246368,-2.818611],[110.248322,-2.806944],[110.248322,-2.793056],[110.246933,-2.787777999999889],[110.241364,-2.779444],[110.227829,-2.764502],[110.224991,-2.709722],[110.19693000000012,-2.507778],[110.139977,-2.296945],[110.136658,-2.286667],[110.132477,-2.276945],[110.1244200000001,-2.264722],[110.099716,-2.248333],[110.0961,-2.244722],[110.094711,-2.239444],[110.094711,-2.2325],[110.095543,-2.183889],[110.096939,-2.171667],[110.10164600000013,-2.155833],[110.1119230000001,-2.131944],[110.1244200000001,-2.089444],[110.12580900000012,-2.083889],[110.127762,-2.065278],[110.127762,-2.058611],[110.12580900000012,-2.046945],[110.1147,-2.016111],[110.09137,-1.956389],[110.08527400000014,-1.942222],[110.071663,-1.928333],[110.06387300000011,-1.922221999999863],[110.045532,-1.913333],[110,-1.894586],[109.96666,-1.881945],[109.94886800000012,-1.872222],[109.94876501633664,-1.872155621396392],[109.94623092125202,-1.858707822602369],[109.94386030404635,-1.762526949442761],[109.948318,-1.760556],[109.957207,-1.755834],[109.977768,-1.742223],[109.981659,-1.739445],[109.991928,-1.729167],[110,-1.717327],[110.013321,-1.695555],[110.031937,-1.659444],[110.036652,-1.643611],[110.069443,-1.465555],[110.07083100000011,-1.396945],[110.07083100000011,-1.39],[110.070267,-1.376945],[110.068047,-1.365278],[110.057747,-1.333889],[110.05108600000011,-1.320278],[110.045532,-1.311943999999869],[110.031097,-1.298889],[110.007217,-1.281667],[109.9180530000001,-1.1825],[109.87220800000011,-1.091389],[109.729713,-0.953611],[109.679703,-0.983055],[109.674149,-0.984444],[109.650818,-0.973611],[109.614433,-0.956389],[109.591927,-0.914722],[109.589706,-0.909722],[109.578873,-0.893333],[109.57193,-0.886389],[109.559708,-0.878333],[109.549988,-0.874167],[109.469994,-0.851667],[109.445251,-0.848889],[109.438309,-0.848889],[109.426086,-0.850278],[109.420532,-0.851667],[109.41581700000012,-0.854167],[109.412201,-0.857778],[109.410812,-0.863055],[109.412201,-0.868611],[109.414429,-0.873611],[109.417213,-0.8775],[109.420532,-0.887778],[109.420532,-0.894722],[109.417213,-0.905],[109.414429,-0.909167],[109.4102630000001,-0.9125],[109.405548,-0.914722],[109.395264,-0.918056],[109.388321,-0.918056],[109.376648,-0.916111],[109.290268,-0.878333],[109.279984,-0.868055],[109.272491,-0.855],[109.2705380000001,-0.850278],[109.267761,-0.839167],[109.26390098919414,-0.814752004390437],[109.4097757704478,-0.721614580973692],[109.471916,-0.744722],[109.477478,-0.743333],[109.486923,-0.739167],[109.514427,-0.726944],[109.418587,-0.614444],[109.414993,-0.611111],[109.406097,-0.605556],[109.371094,-0.585833],[109.366379,-0.583611],[109.36080900000013,-0.582222],[109.354156,-0.582222],[109.286926,-0.586389],[109.275818,-0.589166999999861],[109.26638800000012,-0.593333],[109.26617722156878,-0.593385562161781],[109.18953231285359,-0.538537539284803],[109.10911396240726,-0.446339910032623],[109.099716,-0.399167],[109.08483550748936,-0.36039515659414],[109.12428433547366,-0.205868090494434],[109.175812,-0.212222],[109.194427,-0.199167],[109.1910400000001,-0.132772],[109.17804,0.031111000000124],[109.165543,0.106389],[109.121643,0.207222],[109.116928,0.216111],[109.099152,0.239444000000105],[109.078598,0.26],[109.064148,0.273611],[109.053307,0.283333],[109.04081700000012,0.291389],[109.036102,0.293611],[109.030548,0.29500000000013],[109.00610400000011,0.2975],[108.986099,0.298333],[108.973038,0.2975],[108.952477,0.2975],[108.934708,0.300278],[108.92581200000012,0.305278],[108.919708,0.312778],[108.91748000000013,0.3175],[108.915543,0.329167],[108.916092,0.33527800000013],[108.920258,0.351667],[108.935257,0.384722],[108.938026,0.388611],[108.94497700000011,0.4025],[108.94693,0.407222],[108.947746,0.413333000000137],[108.94693,0.426389],[108.93193100000013,0.60861100000011],[108.921654,0.646389],[108.888893,0.758055000000127],[108.88472000000013,0.767778],[108.875809,0.779444],[108.85859700000015,0.796389],[108.84549,0.810562000000118],[108.846367,0.8225],[108.848328,0.82722200000012],[108.853867,0.835555],[108.8913730000001,0.866389],[108.89637800000014,0.868333000000121],[108.909416,0.867778],[108.921654,0.869166000000121],[108.92581200000012,0.871944],[108.943039,0.888889],[108.962196,0.910833000000139],[108.97026100000011,0.923333],[108.978592,0.9425],[108.984711,0.963611],[108.984711,0.977222],[108.982758,0.995833000000118],[108.97998,1.006667],[108.97442600000011,1.021944000000133],[108.959991,1.055555],[108.958603,1.176666],[109.064987,1.201389],[109.08138300000013,1.205555],[109.095833,1.211666],[109.15525800000012,1.255555000000129],[109.162201,1.262222],[109.1744230000001,1.2775],[109.2649990000001,1.393333],[109.262207,1.395833],[109.243591,1.405],[109.235527,1.399444],[109.2285920000001,1.3925],[109.173866,1.324167],[109.165543,1.311666],[109.14971900000012,1.279444],[109.1436000000001,1.265],[109.136108,1.258889000000124],[109.05941800000011,1.219166],[109.054703,1.217222000000106],[109.048317,1.216388],[108.981934,1.211666],[108.980553,1.217222000000106],[108.981369,1.223333],[108.982758,1.228889],[108.986649,1.238333],[108.998268,1.258333000000107],[109.007217,1.2725],[109.010818,1.276111],[109.025269,1.29583300000013],[109.040268,1.321944],[109.056091,1.354167000000132],[109.059982,1.363889],[109.061371,1.369166],[109.06275900000014,1.381666000000109],[109.06275900000014,1.406034573880854],[109.14623549888874,1.520239554602526],[109.18259577875317,1.617057804224374],[109.200546,1.624722000000133],[109.209427,1.630278],[109.22998,1.643889000000115],[109.236923,1.650833],[109.26304600000014,1.679444000000103],[109.274696,1.695277],[109.282761,1.708333],[109.331383,1.791111000000114],[109.334991,1.815278],[109.33723499152082,1.877985646017881],[109.42594436119343,1.870326720435045],[109.51750472496296,1.820520602423571],[109.55395797203327,1.800703965384386],[109.72311690758015,1.616803489882372],[109.90182021568562,1.553646527487658],[110.28948501060749,1.516362391669176],[110.4752302498653,1.440501533705614],[110.81756118248249,1.24426122780504],[110.96831038902546,1.225523196417711],[111.1199064583614,1.270334206778429],[110.89339736412312,1.511309229094408],[110.90073235205988,1.535127033158151],[110.942467,1.517222000000118],[110.9727630000001,1.499444],[110.98027,1.493333],[110.99054,1.483055],[111.017212,1.455],[111.036377,1.433055000000138],[111.052757,1.415],[111.063026,1.405],[111.155548,1.363889],[111.319443,1.333055],[111.333054,1.333055],[111.350807,1.335555000000113],[111.366653,1.340555000000109],[111.376923,1.343889000000104],[111.3797,1.348055],[111.301651,1.406944000000124],[111.287201,1.413055],[111.262497,1.415833],[111.241928,1.415833],[111.224701,1.4125],[111.20971700000013,1.406944000000124],[111.200272,1.402777000000128],[111.191933,1.397222],[111.18718700000011,1.395278000000133],[111.181664,1.393889],[111.174698,1.393889],[111.169434,1.395278000000133],[111.159714,1.399444],[111.061653,1.458889],[111.054153,1.465],[111.024147,1.524167],[111.015823,1.529444],[111.00972000000013,1.537222],[111.00360100000012,1.551389],[111,1.568611],[111,1.575555],[111.001389,1.587778000000128],[111.02192700000012,1.649444],[111.027481,1.664444],[111.030823,1.667778000000112],[111.039146,1.673333],[111.043869,1.675555],[111.064423,1.682222],[111.169434,1.938333000000114],[111.173309,1.948055],[111.19609100000014,2.021389],[111.205551,2.066388],[111.235809,2.111666],[111.2391510000001,2.115277],[111.247482,2.120555],[111.252213,2.122777],[111.25776700000011,2.124166],[111.274696,2.120555],[111.29414400000013,2.1125],[111.321381,2.105555],[111.32832300000013,2.105555],[111.333878,2.106944],[111.338593,2.108889],[111.34887700000013,2.119166],[111.36998,2.146667],[111.372757,2.150833],[111.374153,2.15611],[111.372757,2.161666],[111.368042,2.163888],[111.35498,2.163055],[111.270828,2.151388],[111.191933,2.141111],[111.17931030525261,2.141111],[111.28971893340703,2.403666576868769],[111.3119200000001,2.39055500000012],[111.316093,2.387777000000142],[111.322769,2.380833],[111.36811100000011,2.339094],[111.39415,2.356111],[111.450272,2.36861],[111.444138,2.391111000000137],[111.440811,2.394444],[111.426849,2.413685],[111.403053,2.480833],[111.418053,2.578055],[111.42719828161107,2.624491888266482],[111.63454726646687,2.720227085310839],[112.30133346031452,2.874169908720873],[112.75924972008015,3.008589826781176],[112.89142179160741,3.109265069620821],[112.93248,3.122221],[112.953049,3.128888],[112.96748400000013,3.135000000000105],[112.98108700000012,3.141944],[112.998322,3.152222],[113.01053600000012,3.160555000000102],[113.02916,3.176111],[113.042213,3.190555],[113.053864,3.20611],[113.065536,3.221944],[113.076393,3.238333000000125],[113.082489,3.252778],[113.274986,3.486111],[113.298317,3.5174990000001],[113.38832100000013,3.643333],[113.39637800000014,3.655555],[113.414993,3.691944],[113.517761,3.808055000000138],[113.54637100000014,3.83],[113.553864,3.83611100000013],[113.669708,3.932499],[113.73552700000016,3.996944],[113.77665700000011,4.044722],[113.92608600000017,4.244165],[113.934418,4.256666],[113.943863,4.274444],[113.964432,4.321388],[113.98490362167884,4.401323613621142],[114.02327254722859,4.424527727324389],[114.07372573326374,4.455024801451586],[114.16662124107624,4.511172853667162],[114.45025924156452,4.562621675688646],[114.57871874454618,4.746309045758252],[114.579987,4.747777],[114.592758,4.762221000000125],[114.633881,4.803054],[114.65525800000012,4.822777],[114.66609200000016,4.8325],[114.685532,4.847499],[114.716927,4.871387000000141],[114.736649,4.885833000000105],[114.83645884408844,4.948192436124521],[114.82273391197468,4.895166479308031],[114.87784865806843,4.855816923338793],[114.96151259849812,4.876515947539232],[115.01964809512839,4.890898687644611],[115.02249100000017,4.879443],[115.023323,4.873332000000119],[115.02912900000013,4.82021],[115.032211,4.810555],[115.03498800000011,4.806388],[115.04248,4.800277000000108],[115.047211,4.79833200000013],[115.052757,4.79833200000013],[115.061653,4.803054],[115.11051395751052,4.83901254551435],[115.12111190269734,4.830928407866381],[115.15932753990437,4.838081442076586],[115.36143020103718,4.875920377928637],[115.38566652392366,4.91846453211447],[115.392487,4.925277],[115.45220900000015,4.988888],[115.461929,4.999721],[115.47971300000017,5.022775],[115.52887,5.041944],[115.54609700000015,5.053054],[115.557747,5.06861],[115.56192,5.0783330000001],[115.564697,5.089166],[115.568604,5.12611],[115.574158,5.179166],[115.559143,5.202499],[115.541931,5.198888],[115.529709,5.200277],[115.51053600000012,5.208611],[115.487198,5.219443000000126],[115.48304700000017,5.222221000000104],[115.361099,5.307499],[115.358322,5.311666],[115.359711,5.323889],[115.370529,5.379721],[115.371918,5.385277],[115.37886000000015,5.398889],[115.38165300000014,5.403054],[115.48812770721457,5.48613675117898],[115.71728042076374,5.467606626707934],[115.73065030323542,5.519794647865738],[115.74971,5.519721],[115.76249700000017,5.520277],[115.792213,5.525],[115.80304,5.527777000000128],[115.81749,5.533888],[115.829712,5.542221],[115.84887700000013,5.563888000000134],[115.857208,5.576388],[115.88665800000012,5.628887],[115.89415,5.6424990000001],[115.89637800000014,5.647222000000113],[115.90442700000017,5.679999000000123],[115.909149,5.716110000000128],[115.915047,5.738006],[115.918869,5.747499],[115.924988,5.754999000000112],[115.931931,5.761666],[115.944138,5.77],[115.991364,5.797777],[116.01416,5.809443],[116.034714,5.823055],[116.04221300000017,5.8291660000001],[116.05108600000017,5.840833],[116.05525200000011,5.850277],[116.056641,5.855832],[116.056641,5.862499000000128],[116.053307,5.900277],[116.09027100000014,5.977777000000117],[116.1072312969441,6.106771401242931],[116.3377790779903,6.358475290495775],[116.348276763918,6.380233176473576],[116.358032,6.388611000000139],[116.414429,6.428887],[116.4910890000001,6.482777],[116.498032,6.489443],[116.503326,6.497499],[116.507492,6.507222],[116.507492,6.513888],[116.50277700000015,6.529721],[116.50277700000015,6.534999],[116.50417300000015,6.540555],[116.510269,6.548055],[116.56109600000013,6.606388],[116.623306,6.673888],[116.630257,6.680832],[116.63916000000017,6.692221],[116.643883,6.701111],[116.647217,6.711389000000111],[116.64804100000015,6.717499],[116.64804100000015,6.731111],[116.64665200000013,6.743332],[116.642487,6.760278],[116.643333,6.773333],[116.65164802580257,6.818155536546709],[116.74052718590046,6.689739786345385],[116.7948654003392,6.673578857895658],[116.789146,6.662221],[116.780823,6.6433320000001],[116.776093,6.620832],[116.7769320000001,6.60111],[116.779427,6.590277],[116.781662,6.585555000000113],[116.784988,6.581944000000135],[116.789146,6.579166],[116.799988,6.576666],[116.82415800000012,6.58],[116.845261,6.58611],[116.8541560000001,6.590833],[116.862488,6.596388000000104],[116.98165900000015,6.741943],[117.0423114857415,6.818354457898558],[117.16805556724812,6.61441572781267],[117.32570937584187,6.487681471068285],[117.5070906014278,6.392770849425219],[117.54088881920124,6.240357481200121],[117.45925429771687,6.081332288939379],[117.35358718345906,5.877785764891527],[117.37006667564656,5.788860403258226],[117.65428451011921,5.846658788878344],[117.86653426597859,5.904306493956469],[117.9162983764154,5.806625346456334],[117.909416,5.801388],[117.906937,5.797221],[117.906937,5.790277000000117],[117.90771187795906,5.787751954310133],[117.76156142662312,5.580031000334642],[118.09537795494343,5.625234209257982],[118.25600722740437,5.663704000670336],[118.37702468345906,5.638547502715014],[118.84297469566609,5.340928159911059],[118.99796584556843,5.277723394591234],[119.04260543297077,5.169805132109545],[118.97141555259968,5.048925481993578],[118.96273693187342,5.042174524928376],[118.939423,5.035832],[118.91330700000015,5.027777],[118.818329,4.992777000000103],[118.77916000000016,4.977221],[118.74887100000012,4.964999],[118.710541,4.947777],[118.70166,4.943054],[118.54971300000011,4.958611],[118.448318,4.996943],[118.445251,5.001111],[118.424988,5.021666],[118.413307,5.030555],[118.39804100000015,5.035832],[118.39137300000016,5.035832],[118.3577580000001,5.035832],[118.35080700000015,5.035832],[118.34137,5.031666],[118.20915200000013,4.963611],[118.205551,4.959999],[118.17876826021502,4.930470083779462],[118.10842421959187,4.939047418791674],[117.94840529869343,4.798915945250414],[117.9918318123653,4.684646688658617],[118.39120772789265,4.374171339232348],[118.3752937667881,4.343464329245231],[118.183594,4.307776],[118.125,4.290481],[118.073883,4.266944],[118.013046,4.231943],[118.00000000000011,4.224443000000122],[117.995247,4.223888],[117.988312,4.223888],[117.908043,4.244999],[117.90332,4.246943],[117.890266,4.254444],[117.886932,4.258055000000127],[117.873306,4.277222000000108],[117.863037,4.287221],[117.775269,4.335277000000133],[117.693039,4.374721],[117.62915,4.35361],[117.651932,4.284444],[117.65332000000012,4.279166],[117.651932,4.266944],[117.649719,4.261944],[117.64444,4.253888000000131],[117.601089,4.19972],[117.592056,4.169818],[117.545532,4.14111],[117.492752,4.124721],[117.402481,4.150555000000111],[117.392761,4.139722],[117.392761,4.107499000000132],[117.397774,4.09861],[117.40525800000023,4.092499],[117.415543,4.089166],[117.4711,4.076111],[117.545532,4.02],[117.56725434314245,3.9997425611686],[117.55868819664265,3.980721079069994],[117.54050734947468,3.940269790846727],[117.5421683017512,3.936666],[117.535263,3.936666],[117.524429,3.933888],[117.52026400000011,3.931111000000101]]],[[[111.376923,2.536111],[111.376923,2.495277],[111.37831100000011,2.482777000000112],[111.381088,2.471944000000121],[111.399429,2.408055],[111.405823,2.393888],[111.41387900000012,2.381666],[111.41387900000012,2.376111],[111.409149,2.373888],[111.370819,2.360278],[111.365257,2.358889],[111.350807,2.371944],[111.30562746299091,2.441497616270773],[111.37182906578327,2.598927341658495],[111.37973194578144,2.602576184088898],[111.376923,2.536111]]],[[[117.431931,3.553888],[117.433319,3.559166],[117.438026,3.561388],[117.443588,3.561388],[117.44914200000017,3.559999],[117.4582816120946,3.555746919322458],[117.4320849844415,3.553656995612797],[117.431931,3.553888]]],[[[117.21666000000016,3.545555],[117.216087,3.558610000000101],[117.219437,3.568889],[117.2227630000001,3.572222000000124],[117.23526000000027,3.57972100000012],[117.244141,3.585277],[117.253883,3.589444],[117.27082800000028,3.592777],[117.276932,3.591944],[117.390823,3.561944],[117.40851693350544,3.551776775414456],[117.33471206138874,3.545888744551561],[117.22639165777167,3.529815704266126],[117.21666000000016,3.545555]]],[[[117.5963670000001,4.064444],[117.59499400000016,4.076944],[117.597763,4.087777],[117.60054,4.091944],[117.610786,4.102151],[117.612198,4.10611],[117.63136300000019,4.128055],[117.641663,4.138332],[117.646378,4.140277],[117.658043,4.142499],[117.663597,4.14111],[117.66832,4.138888],[117.6766510000001,4.133611],[117.73995099358416,4.081628836643389],[117.59855596982106,4.050470748482283],[117.5963670000001,4.064444]]],[[[117.913597,4.14111],[117.9189351775199,4.1147800077853],[117.82211593101765,4.099734865385912],[117.77979949233234,4.090409930942463],[117.71027400000014,4.149166],[117.68692,4.168336],[117.649719,4.205277],[117.6436,4.212777],[117.640823,4.216944000000126],[117.638893,4.228610000000117],[117.649719,4.238054],[117.683319,4.259166],[117.688316,4.260593],[117.723877,4.259999],[117.743042,4.258611],[117.749153,4.258055000000127],[117.760269,4.255278],[117.76970700000015,4.251111],[117.785538,4.239443000000108],[117.903557,4.174043],[117.904709,4.173055],[117.913597,4.14111]]],[[[115.262497,5.304166],[115.263046,5.298055],[115.26026900000011,5.293888],[115.24054,5.2658330000001],[115.23304700000017,5.259722],[115.2255208272492,5.258630032497149],[115.20305159996296,5.275868974882982],[115.24853413125008,5.367283380588116],[115.262497,5.304166]]],[[[125.775269,7.148889],[125.788879,7.134444],[125.796097,7.121943],[125.797493,7.116943],[125.79704503019212,7.084073973861182],[125.76052464536734,7.15941894892407],[125.775269,7.148889]]],[[[126.216087,6.946943],[126.209717,6.948054],[126.203598,6.947221],[126.19664,6.944721],[126.188309,6.934999],[126.18609600000013,6.930832],[126.165268,6.881665],[126.17276000000015,6.866387],[126.17806705826807,6.857037941577095],[126.06767321509822,6.650223905199696],[126.068329,6.656388],[126.070541,6.662777000000119],[126.073608,6.667499],[126.084717,6.699165],[126.095543,6.734444],[126.07666000000017,6.843611],[126.065536,6.856943000000115],[126.06275900000014,6.858888],[126.048599,6.86361],[126.04221300000017,6.865555],[126.027206,6.866943000000106],[126.023323,6.868609000000106],[126.005547,6.884999],[125.988312,6.905832],[125.978317,6.919721],[125.976929,6.92333200000013],[125.969994,6.947221],[125.969994,6.94972],[125.97360200000014,6.966388],[125.98082000000011,6.985276000000113],[125.987762,6.997777],[125.986366,7.0075],[125.982208,7.020555],[125.959717,7.06111],[125.943314,7.074444],[125.913879,7.086944],[125.904984,7.095277],[125.88804600000014,7.115555],[125.886658,7.119165],[125.841087,7.251389],[125.84137,7.272222],[125.84832800000015,7.314999],[125.851379,7.327222],[125.85526300000015,7.334722],[125.856644,7.340833],[125.855553,7.349721],[125.85247800000013,7.353610000000117],[125.8477630000001,7.35611],[125.83442700000012,7.360555],[125.827477,7.361666],[125.81109600000013,7.361943],[125.808594,7.361388],[125.750267,7.323333],[125.72442600000011,7.303332],[125.689697,7.276388000000111],[125.652206,7.236666000000127],[125.650818,7.232499000000132],[125.64891677850446,7.223234224043491],[125.61458114097859,7.236262880522631],[125.44320968101765,6.962694250304125],[125.28043654869343,6.593827806670092],[125.39131453941609,6.422524057585619],[125.4659757942989,6.24478157635393],[125.53285506675984,5.939940534788988],[125.46145156334187,5.717408262450121],[125.34361451770167,5.560612883914544],[125.31915300000014,5.565555],[125.294724,5.575028],[125.28942900000015,5.578333],[125.287491,5.580555],[125.287201,5.584444],[125.29248,5.608054],[125.293869,5.610555],[125.300537,5.621387],[125.305252,5.628887],[125.305542,5.633054],[125.304153,5.64111],[125.285538,5.688332],[125.27887,5.698054],[125.270264,5.705555],[125.22387700000013,5.742777],[125.19165,5.767221],[125.176933,5.835833],[125.21582000000012,5.871943000000101],[125.256378,5.917777],[125.285538,5.975554],[125.28942900000015,6.002222],[125.28942900000015,6.005555],[125.277206,6.060832000000119],[125.2705380000001,6.084444000000133],[125.268333,6.087777],[125.263611,6.091666],[125.255257,6.094999],[125.17942800000014,6.107222],[125.154709,6.101388],[125.152771,6.090277000000128],[125.13477669241342,6.03059297568617],[125.12945846031452,6.053437315184496],[124.96576980064656,6.084847532469652],[124.85405235907072,5.879641224087161],[124.849716,5.880832],[124.831383,5.886388],[124.719147,5.933054],[124.52638200000013,6.019166],[124.39498900000012,6.093888000000106],[124.376373,6.105555],[124.3679810000001,6.118608],[124.328049,6.112777],[124.32666,6.113333],[124.321663,6.115832],[124.268333,6.151666],[124.185806,6.210555000000113],[124.181091,6.217221000000109],[124.06749000000013,6.379166],[124.04221300000017,6.431665000000123],[124.032211,6.494999],[124.03610200000014,6.531388],[124.059708,6.544166],[124.05108600000017,6.633611],[124.035538,6.740832000000125],[123.99165300000016,6.77361],[123.984421,6.766666],[123.976379,6.764166],[123.970543,6.768888],[123.960541,6.784999],[123.948593,6.823333000000105],[123.968323,6.926665],[123.979431,6.971944000000121],[123.993042,7.023889],[124.000267,7.038054],[124.03970300000015,7.10861],[124.053864,7.130277],[124.065536,7.143055],[124.068878,7.146111],[124.072487,7.147222],[124.077477,7.145833],[124.08220700000015,7.145555],[124.102768,7.148055],[124.11387600000012,7.150555],[124.11859100000015,7.152777],[124.154984,7.171944],[124.160263,7.180554],[124.266098,7.363054],[124.2686,7.374443],[124.2508160000001,7.408054],[124.24971,7.409444],[124.238876,7.418055],[124.236923,7.419166000000132],[124.233322,7.417777],[124.205261,7.408888],[124.173866,7.403054],[124.16442900000015,7.408054],[124.13832100000013,7.43611],[124.131653,7.453333],[124.124687,7.484721],[124.11192300000016,7.525555],[124.025543,7.634999],[124.01193200000012,7.648610000000133],[123.919434,7.687499],[123.88665800000012,7.694999],[123.88053900000011,7.696387000000129],[123.823036,7.698332000000107],[123.774429,7.699165000000107],[123.741364,7.722499],[123.736099,7.727499],[123.73332200000016,7.735276000000113],[123.733871,7.744443000000103],[123.737762,7.76111],[123.733871,7.768055000000118],[123.71582000000012,7.785555],[123.693039,7.803054],[123.676651,7.812499],[123.611107,7.829491000000132],[123.60080700000015,7.834999],[123.57248700000014,7.848332000000141],[123.56330900000012,7.849721000000102],[123.539703,7.848055000000102],[123.458878,7.810555000000136],[123.4552389403801,7.789293368184321],[123.33368209312702,7.77139004345598],[123.30615523765827,7.695080839354418],[123.24790481041218,7.593303285796068],[123.1102234922879,7.523000037092112],[123.103317,7.54666600000013],[123.102768,7.552499],[123.13220200000012,7.573055],[123.158043,7.579721],[123.162201,7.58],[123.166656,7.579166],[123.170258,7.574721],[123.180267,7.575832],[123.194138,7.584722000000113],[123.195534,7.586666],[123.190811,7.608054],[123.134987,7.708888],[123.118042,7.728333000000134],[123.116379,7.729444],[123.063599,7.67861],[123.043587,7.653333],[123.0416560000001,7.649444],[123.030548,7.622776000000101],[123.032211,7.595554],[123.037201,7.583055],[123.037773,7.579444],[123.02916,7.552499],[123.00306607822212,7.476705891983154],[122.95813039454048,7.47277170098342],[122.952766,7.475832],[122.878593,7.466110000000128],[122.87824385806697,7.46577750690326],[122.79223348272649,7.458247160932657],[122.780273,7.471388],[122.781937,7.67861],[122.7836,7.683054],[122.792213,7.697498],[122.799713,7.709722],[122.81694000000016,7.714166],[122.822769,7.71111],[122.81694000000016,7.732222],[122.811371,7.744721],[122.808594,7.748332],[122.790543,7.763055000000122],[122.786102,7.766388],[122.719437,7.780277],[122.6588670000001,7.781111],[122.63939358756501,7.776628264528105],[122.63507369468952,7.782581411559008],[122.45516494224812,7.693248354155443],[122.22833541343952,7.26072224255266],[122.02195297182149,6.921992973284731],[121.957489,6.951111],[121.947197,6.959999],[121.940536,6.968055],[121.921097,6.994165],[121.896942,7.07722200000012],[121.900269,7.143055],[121.902481,7.14777800000013],[121.918587,7.178887],[121.925537,7.191943],[121.934143,7.202499],[122.034714,7.326666000000102],[122.02887,7.352499],[122.053864,7.437221],[122.076927,7.504722000000129],[122.09887700000013,7.539165000000139],[122.125809,7.563333],[122.131088,7.638055],[122.131653,7.647222],[122.12886,7.672221],[122.126373,7.686666],[122.113312,7.722499],[122.104431,7.727777000000117],[122.103317,7.727777000000117],[122.111099,7.775832],[122.1353448992928,7.82002615621139],[122.21169570396687,7.902391992766283],[122.38402846763874,7.985355936247728],[122.63799575279499,8.004962526518725],[122.73632338951374,8.062362276274584],[122.74892011845007,8.106280730983729],[122.77858700000013,8.111664],[122.791931,8.11416400000013],[122.819992,8.119719],[122.902481,8.142498],[122.909149,8.144444000000135],[122.92302700000016,8.150831],[122.9891510000001,8.198887000000127],[122.992752,8.204443],[122.996933,8.222775],[122.98442100000011,8.330832],[122.98359799298325,8.383908764749352],[123.13582137535359,8.450786195952318],[123.4858732552364,8.496016107756517],[123.61694625328327,8.33746203060808],[123.66118405372437,8.024939636169146],[123.651932,8.0166660000001],[123.651093,8.014444],[123.652771,8.01222],[123.658821,8.007933],[123.651932,7.974999],[123.65387,7.965277],[123.66330700000015,7.954999],[123.671097,7.953888],[123.679153,7.956944000000135],[123.681931,7.959722000000113],[123.688919,7.968156],[123.751099,8.00583300000011],[123.771652,8.024443],[123.777206,8.032221],[123.786652,8.049721],[123.82511850184211,8.08605447953791],[124.0239363045528,8.109618746001146],[124.11018660572437,8.186179557817166],[124.118317,8.185276],[124.145828,8.182499],[124.171097,8.186943],[124.219994,8.208054],[124.222763,8.210276],[124.226646,8.215832],[124.260818,8.273609],[124.256653,8.288054],[124.245407,8.32307500000013],[124.25499000000013,8.337498],[124.280823,8.393888],[124.284416,8.407499],[124.286102,8.417498000000137],[124.286377,8.43861],[124.284149,8.442497],[124.280548,8.454165],[124.27998400000013,8.458609000000138],[124.280823,8.462498],[124.31045673663579,8.51794476314614],[124.37160018394734,8.561454378325365],[124.5871916146114,8.466619096953295],[124.67058089683796,8.428687654692553],[124.6775729363062,8.476838814189232],[124.678864,8.476387000000102],[124.700821,8.473331],[124.70887800000014,8.474165],[124.719437,8.479719000000102],[124.727478,8.486385],[124.748596,8.509165],[124.75,8.513887],[124.769707,8.592497],[124.769707,8.596109],[124.763611,8.635277],[124.75998700000014,8.641109000000142],[124.753883,8.647778],[124.745247,8.644444],[124.743042,8.645277],[124.741928,8.647778],[124.739433,8.657221000000106],[124.738586,8.665554],[124.737762,8.676388],[124.738037,8.695276],[124.76998900000012,8.787498000000141],[124.782211,8.900831],[124.77883295215717,8.91994007847032],[124.87212661216999,8.924685083586596],[124.99087050865437,8.715273462492846],[125.06793533879396,8.832930424214215],[125.073036,8.828331],[125.077477,8.826942],[125.090553,8.825275],[125.111649,8.828609000000142],[125.119141,8.830276],[125.14304400000015,8.841135],[125.154984,8.846664],[125.161652,8.851109],[125.27386783914076,8.983081055352804],[125.40131667564656,8.951235376555346],[125.41714783195846,8.978248210783493],[125.428864,8.977221],[125.440811,8.978331],[125.45915200000013,8.984163000000137],[125.47747800000013,8.990553],[125.514709,9.006666],[125.51998900000012,9.016666],[125.5336,9.053331],[125.537773,9.06472],[125.53749100000016,9.088053],[125.532494,9.189165],[125.532211,9.193331000000114],[125.51249700000017,9.27861],[125.503601,9.308054],[125.4511030000001,9.469442],[125.40998800000011,9.590832],[125.391098,9.649721],[125.39615757176342,9.706475819880174],[125.42805007408406,9.783579431731127],[125.61384108970906,9.53620585079851],[125.93394759605671,9.174750887114428],[126.03708938072468,8.958961092192553],[126.07461074302937,8.812918268401049],[125.92319777916218,8.482217394072435],[126.02999404381062,8.380792223173998],[126.27187636802937,8.425783716399096],[126.30630019615437,8.235264383513353],[126.25448897789265,8.0445409643239],[126.2799406380489,7.733274065215014],[126.37267592857624,7.536518655974291],[126.37203505943562,7.339562021452807],[126.32172683189656,7.148838602263353],[126.22199761046238,6.944219041979269],[126.216087,6.946943]]],[[[123.77332300000012,8.067221],[123.7705380000001,8.065275],[123.758881,8.058609],[123.74127093264629,8.052139942857357],[123.77484077292196,8.068656483790848],[123.77332300000012,8.067221]]],[[[122.941933,9.07222000000013],[122.936096,9.076109],[122.909149,9.137777],[122.889977,9.194443],[122.878593,9.232498],[122.87387100000012,9.262499],[122.875259,9.283888],[122.873306,9.30722],[122.8724820000001,9.31222],[122.86914100000013,9.320831],[122.86360200000013,9.327221000000122],[122.80637400000012,9.354998],[122.786926,9.35972],[122.72720300000015,9.372219],[122.713043,9.374998000000119],[122.705551,9.371943],[122.701927,9.372219],[122.690536,9.374441],[122.6772,9.378330000000119],[122.674423,9.379719000000136],[122.642487,9.398609],[122.603867,9.423332],[122.59494,9.435024],[122.577209,9.445831],[122.54276300000015,9.482498000000135],[122.540543,9.484997000000135],[122.482483,9.559164000000123],[122.413879,9.658333],[122.39637800000014,9.728609],[122.40664700000013,9.798609],[122.41799703321357,9.841608642297512],[122.60209945152546,9.910903536040209],[122.65224229843018,9.972376420795985],[122.659714,9.972775],[122.666382,9.973331],[122.686653,9.981665],[122.794144,10.03611],[122.813873,10.051109],[122.82166300000017,10.053053],[122.8555530000001,10.092775000000131],[122.858322,10.097498],[122.86164900000017,10.119997],[122.86164900000017,10.152498],[122.85498,10.318888],[122.829437,10.427221],[122.83322488652453,10.526966688296723],[122.83775766399036,10.543906976728612],[122.838043,10.543888],[122.846649,10.545553],[122.859421,10.550831],[122.880257,10.567221],[122.9166560000001,10.609163],[122.919434,10.613052],[122.952209,10.68722],[122.962769,10.734997],[122.963608,10.740553],[122.967209,10.801664],[122.964996,10.80722],[122.959717,10.813332],[122.948593,10.833332],[122.946373,10.844442],[122.94609100000014,10.858332],[122.94693498861176,10.863104645904096],[123.11761764000202,10.934868417937182],[123.23906997154499,10.922424875456713],[123.29033950279499,10.865350328642748],[123.31205275963093,10.738339983183764],[123.14426711509968,10.331377588469408],[123.10443404625202,10.229646288115404],[122.96222213218952,9.594010912138842],[123.03656295250202,9.46075590725603],[123.13299849937702,9.25130709286394],[123.03712752769734,9.066852174956225],[122.97371316688802,9.054061138169986],[122.941933,9.07222000000013]]],[[[117.22054300000013,8.514999],[117.23552700000016,8.563053],[117.236649,8.564999],[117.24498000000017,8.564999],[117.259163,8.609442000000115],[117.344437,8.726109000000122],[117.36080900000013,8.741941],[117.368874,8.748608],[117.37164300000018,8.750555],[117.37552600000015,8.751665],[117.444138,8.808887],[117.473312,8.855553],[117.516937,8.917221],[117.662201,9.076942],[117.785538,9.176109],[117.902481,9.263054000000125],[117.909988,9.265276],[117.954163,9.268888],[117.97859200000016,9.259998],[118.027206,9.259165],[118.12552600000015,9.354443],[118.331673,9.5841640000001],[118.340271,9.612497],[118.34082,9.618887],[118.423309,9.706108],[118.425537,9.70777500000014],[118.448593,9.724998],[118.455551,9.728886],[118.471649,9.732775],[118.480553,9.736109],[118.516098,9.7666660000001],[118.53461247095915,9.78870338550163],[118.55771163414265,9.673459612090014],[118.50457290123249,9.482750498015307],[118.38454726646687,9.349073015410326],[118.27627089927937,9.266241632658861],[118.04424575279499,9.170442186552904],[117.96718886802937,9.11309393521013],[117.85714248131062,8.833304964262865],[117.71008590172077,8.712273203093432],[117.44408706138874,8.635461412627123],[117.27061751793171,8.45083101864519],[117.20438240723378,8.459525748123427],[117.22054300000013,8.514999]]],[[[118.752777,10.126108],[118.754173,10.127775],[118.757767,10.124998],[118.75943,10.121664],[118.76165800000012,10.111942000000113],[118.765823,10.071386],[118.76470900000015,10.068609],[118.763046,10.067497000000117],[118.754173,10.069164],[118.746368,10.07222],[118.739433,10.071386],[118.737762,10.070276],[118.738876,10.067497000000117],[118.76061461794085,10.031344500409714],[118.69967177818562,10.035908304411791],[118.71783162655912,10.078534146708373],[118.752777,10.126108]]],[[[118.80108600000017,10.034721],[118.824707,10.104164],[118.811653,10.105831],[118.806091,10.108332],[118.801933,10.111942000000113],[118.800812,10.119442],[118.79776000000015,10.169443000000115],[118.79776000000015,10.184443000000101],[118.798599,10.18861],[118.79962476055591,10.190521259735503],[118.81460249269249,10.197850665035576],[118.853867,10.207499],[118.864433,10.209164],[118.86998000000017,10.208054],[118.873596,10.206108],[118.883881,10.196943],[118.88749700000017,10.195276],[118.912201,10.199442],[118.920822,10.201664],[118.931374,10.205832],[118.934708,10.209164],[118.995247,10.309998],[119.015266,10.348331],[119.01470900000015,10.366386],[119.011383,10.374165000000119],[119.01026900000011,10.374441],[119.007767,10.373331],[118.99832200000014,10.364164],[118.9974820000001,10.361387],[118.991653,10.351664000000142],[118.973312,10.344721],[118.97054300000013,10.344164],[118.96173456094708,10.357724081771325],[118.98916152427937,10.392306886870287],[119.01278593174972,10.439040925487348],[119.089706,10.42111],[119.124153,10.385277],[119.126373,10.383333],[119.13610800000015,10.381941],[119.13970900000015,10.384165],[119.16470300000015,10.411665],[119.31247700000017,10.582499],[119.314423,10.585831],[119.32222,10.60610800000012],[119.34220900000014,10.710554],[119.34275800000012,10.717497],[119.341927,10.727497],[119.34055300000011,10.732775],[119.33554100000015,10.740831000000128],[119.310257,10.76972],[119.30748,10.772221],[119.29971300000011,10.774443000000133],[119.292763,10.774166],[119.27832,10.765833],[119.270828,10.766666],[119.26249700000017,10.779444],[119.22886700000015,10.866108],[119.212196,10.945276],[119.214432,10.956387],[119.21692700000017,10.959997],[119.223038,10.960276],[119.262207,10.951109],[119.26416,10.94972],[119.417213,10.760277],[119.4272,10.734997],[119.43109100000015,10.720831],[119.453323,10.721943],[119.4561000000001,10.723608],[119.45942700000012,10.728331],[119.43506776931837,10.82280057458166],[119.46889785240437,10.755472742278002],[119.56431106041218,10.501556955534838],[119.51552108238484,10.450623117644213],[119.21700576256062,10.29114969845476],[119.03380111168171,10.125577532011889],[118.86455062340046,10.02356108303728],[118.79478439659479,10.0287856407767],[118.80108600000017,10.034721]]],[[[119.386383,10.870831],[119.361099,10.873331],[119.34137,10.894999],[119.309418,10.941942],[119.308319,10.945553],[119.302467,10.974998000000141],[119.302467,11.002777],[119.30304,11.009443],[119.324158,11.098053],[119.32582100000013,11.101109],[119.329163,11.10083],[119.33499100000017,11.098331],[119.351646,11.077776],[119.35080700000015,11.07583],[119.351379,11.073332],[119.36775200000011,11.049166],[119.36953112326583,11.047004459062912],[119.34453872154499,11.002969347197435],[119.41043487595283,10.871824377137854],[119.386383,10.870831]]],[[[124.94747900000016,11.424999],[124.949142,11.424166],[124.95694000000015,11.412777],[124.972763,11.38722],[124.977768,11.36722],[124.97776910524571,11.366763396872033],[124.89812492601517,11.423644755845068],[124.94747900000016,11.424999]]],[[[122.263893,10.651665],[122.2080380000001,10.634722000000124],[122.10471300000017,10.576664],[122.101089,10.573332],[122.09372003262858,10.561424699261682],[121.91463620501011,10.485952507496416],[121.91609200000016,10.497219],[121.916931,10.500832],[121.918587,10.503332],[121.929428,10.509443],[121.94664000000012,10.52611],[121.957489,10.54611],[121.961929,10.560831],[121.9711,10.612219],[121.97527300000013,10.646387],[121.976379,10.671110000000112],[121.97554000000014,10.67972],[121.971367,10.696665],[121.957764,10.726387],[121.94609100000014,10.737219],[121.943039,10.739719],[121.933319,10.781666],[121.955261,10.853609],[121.978317,10.923887],[121.985809,10.933609],[121.994141,10.941942],[122.007492,10.953053],[122.03305100000011,10.990274],[122.035263,10.994164],[122.049988,11.026388],[122.051376,11.032499],[122.043869,11.085554],[122.039429,11.119719],[122.03610200000014,11.171387],[122.049423,11.233608],[122.038879,11.326664],[122.048027,11.40111],[122.06832900000018,11.474998],[122.093048,11.596943],[122.101379,11.648333],[122.10027429549633,11.671145015543313],[122.21063521812702,11.580912195403002],[122.47016433189656,11.454417787749193],[122.6350202889278,11.442058168608568],[122.89536687197347,11.518091355320214],[122.899719,11.490553],[122.893051,11.484997],[122.866379,11.45527600000014],[122.86499000000015,11.452776],[122.866653,11.448887],[122.87831100000017,11.431665],[122.8808140000001,11.429165000000125],[122.883614,11.42861],[122.90498400000013,11.431387],[122.9088670000001,11.43222],[122.92519122113255,11.441874936434685],[122.93236068199421,11.3283544408864],[122.89682296226765,11.150391184050463],[122.78874495933796,11.029453836638353],[122.70619491050984,10.940329157072924],[122.31290702684512,10.6584152392322],[122.263893,10.651665]]],[[[121.9931875177833,11.74959741655366],[121.99363997886921,11.758330904204271],[122.00738678602002,11.747091299210268],[121.9931875177833,11.74959741655366]]],[[[121.037201,12.254166],[121.03749100000016,12.264999],[121.04498300000012,12.289165],[121.045822,12.290554],[121.05664100000013,12.293888],[121.061653,12.295277],[121.06832900000018,12.295553],[121.07360800000015,12.294722],[121.085823,12.285831],[121.088043,12.283333],[121.09055300000011,12.277498],[121.095833,12.260277],[121.10822767695569,12.234684017122012],[121.09403518150593,12.201097093779467],[121.03892728839473,12.245762878935015],[121.037201,12.254166]]],[[[121.09887700000013,12.279444],[121.10359200000016,12.313332],[121.10887100000014,12.309443000000101],[121.110527,12.309443000000101],[121.113312,12.31111],[121.118874,12.315554],[121.120819,12.322775],[121.121918,12.331942],[121.11164900000017,12.345552],[121.09748800000011,12.347498],[121.088882,12.345552],[121.083054,12.341665],[121.078873,12.33222],[120.98332200000016,12.42249900000013],[120.93303700000013,12.50111],[120.921921,12.526943],[120.921921,12.529444],[120.928307,12.544165],[120.937759,12.558054],[120.94136,12.566666],[120.941933,12.57111],[120.93414300000018,12.602221],[120.930267,12.612497],[120.908333,12.650555],[120.862762,12.711388],[120.858322,12.71472],[120.851379,12.719719],[120.846939,12.722219],[120.837769,12.72472],[120.833603,12.723608],[120.82916300000011,12.720552],[120.816383,12.719164],[120.806931,12.720552],[120.801933,12.721943000000124],[120.800262,12.723608],[120.79776,12.733608],[120.787201,12.77611],[120.786377,12.781111],[120.783333,12.825554],[120.784988,12.914721],[120.761932,13.008888],[120.75444,13.025831],[120.746094,13.0405540000001],[120.734993,13.05888700000014],[120.68802600000015,13.135832],[120.652481,13.186665],[120.64415,13.193054],[120.59166000000016,13.222498],[120.589706,13.223331],[120.563599,13.224720000000104],[120.54109200000016,13.2305530000001],[120.389709,13.373331000000121],[120.382202,13.373886],[120.352768,13.37833],[120.349426,13.379719],[120.34085101113632,13.387463082009967],[120.64858535240437,13.413506113249682],[121.03917983482624,13.407996736723803],[121.18066695640827,13.332071863371752],[121.3044767708614,13.129049860197924],[121.31683639000202,12.741561495024584],[121.27363875816609,12.52547415371599],[121.17732528160359,12.39820536251726],[121.11492858559471,12.250541898181805],[121.09887700000013,12.279444]]],[[[122.175812,14.036943],[122.187477,14.01972],[122.190262,14.014166],[122.18914800000016,14.007776],[122.187477,14.005278],[122.17804000000012,14],[122.17109700000015,13.998608000000104],[122.16277300000013,13.998608000000104],[122.15010781041326,14.00609118965698],[122.16955323694171,14.045236748400496],[122.175812,14.036943]]],[[[122.13970900000015,13.914999],[122.143883,13.914999],[122.156372,13.917776],[122.16304000000014,13.917221],[122.18997200000013,13.91361000000012],[122.233322,13.897221],[122.246933,13.923054],[122.302467,13.958609],[122.303864,13.961109],[122.308319,14.000832],[122.309418,14.015276],[122.266098,14.048332],[122.226646,14.07583000000011],[122.21082300000012,14.08222],[122.203323,14.081942],[122.19914200000017,14.084997],[122.1984683496582,14.086069213861656],[122.26542378502037,14.160301141333635],[122.266937,14.131664],[122.267761,14.12722],[122.26915,14.125553000000139],[122.303589,14.101109],[122.31028,14.103402],[122.328598,14.10722],[122.346649,14.114719],[122.34915200000012,14.11833],[122.354156,14.130552],[122.354713,14.137777],[122.353592,14.141109],[122.34359700000016,14.150276],[122.339432,14.156387],[122.337196,14.16361],[122.336113,14.168331],[122.334991,14.184998000000121],[122.33554100000015,14.19972],[122.36387600000012,14.24222],[122.38025700000014,14.258333],[122.44090574187629,14.312926433736127],[122.48647597740437,14.319521509367846],[122.67462447593952,14.269106470305346],[122.77617171715046,14.174032770354174],[122.85634139488484,13.888343416411303],[122.98506453941609,13.729808412749193],[123.12088897434836,13.694811317688279],[123.120247,13.693888],[123.099991,13.667498000000137],[123.12223180689274,13.694465317808142],[123.13177016685749,13.692007623869799],[123.14834024671597,13.711019372531984],[123.266098,13.739719],[123.26970700000015,13.741108],[123.316383,13.786665],[123.32054100000016,13.791943000000117],[123.326393,13.805277000000103],[123.327209,13.81361],[123.321663,13.836109000000135],[123.30566983159002,13.891532112983274],[123.35920241783406,13.952952943999193],[123.63851455162312,13.832856737334154],[123.70189956138874,13.820275865752123],[123.73689559410359,13.763187013823412],[123.6818943399724,13.71226398398629],[123.61775200000011,13.722775],[123.601379,13.723608],[123.592209,13.723053000000107],[123.579987,13.71833],[123.57222,13.709997],[123.56749,13.703053],[123.5522,13.673887],[123.54135440575992,13.64356811367919],[123.49137404869343,13.622900568205736],[123.39762404869343,13.527418695647142],[123.81889632652546,12.97563227291765],[123.67696670006062,12.892744623381517],[123.5471573551644,12.937607398249574],[123.506653,12.96833],[123.4910890000001,12.981665000000135],[123.457489,13.022499],[123.450546,13.026388],[123.421371,13.042221],[123.410263,13.044443],[123.407761,13.043888],[123.373871,13.027498],[123.35999300000015,13.018888],[123.34166,13.01222],[123.32554600000014,13.00861],[123.32222000000013,13.00861],[123.30802900000015,13.031666],[123.29802700000016,13.053331],[123.290817,13.110554],[123.29136700000015,13.119719],[123.293869,13.141666],[123.295532,13.146666],[123.310806,13.17861],[123.24664300000018,13.291388],[123.209427,13.378885000000139],[123.20748900000012,13.4],[123.203598,13.414444000000117],[123.201927,13.41861],[123.19693,13.424442000000113],[123.18470800000011,13.438053],[123.16748,13.451109],[123.138321,13.46722],[123.13472000000013,13.469164],[123.06694000000016,13.498886],[123.05304,13.504721],[123.014709,13.515276],[122.99971,13.518610000000137],[122.98499300000015,13.517498],[122.89444,13.57305300000013],[122.890823,13.576109],[122.84137,13.620831],[122.8394320000001,13.624165],[122.83276400000011,13.638332],[122.829987,13.650555],[122.861923,13.680832000000123],[122.86499000000015,13.68611],[122.8555530000001,13.70722],[122.840271,13.733053],[122.775818,13.786943000000122],[122.6141510000001,13.891666],[122.56099700000016,13.936567000000139],[122.525269,13.92111],[122.50906216292739,13.863063842518889],[122.48540786216999,13.88120039578142],[122.36934188316609,13.880951486784838],[122.32527450035359,13.77921064968767],[122.49199965904499,13.430172525603197],[122.48251071449874,13.417838949576582],[122.40358700000013,13.519165],[122.33360300000015,13.58111],[122.327477,13.585831],[122.31192,13.593609],[122.268883,13.603052],[122.260818,13.603609],[122.24887100000012,13.599165],[122.24054,13.594997],[122.208328,13.601942000000122],[122.176086,13.67222],[122.108597,13.763887000000125],[122.065536,13.774721],[122.060532,13.774721],[122.05581700000016,13.77611],[121.9088670000001,13.851942],[121.83027600000014,13.897221],[121.820541,13.904999],[121.816383,13.910831],[121.816383,13.918055],[121.821114,13.931942],[121.820541,13.93611],[121.81694000000016,13.939999],[121.811653,13.943054],[121.754707,13.964443],[121.75,13.964998],[121.740257,13.965275],[121.720261,13.965832],[121.71666000000016,13.965553],[121.701927,13.959164],[121.58743061427107,13.896609840284206],[121.48617080162312,13.891750894743822],[121.33172133873249,13.827899538237475],[121.24972060631062,13.71338041897478],[121.18709853599812,13.681481920439623],[121.05556785632164,13.662391170497312],[121.062759,13.709997],[121.062187,13.717497],[121.04694400000017,13.754999000000112],[121.042213,13.761665000000107],[121.038879,13.764444],[121.02388,13.771944],[121.016098,13.775555],[120.998322,13.782221],[120.994713,13.782221],[120.988037,13.780554],[120.974701,13.773888],[120.928864,13.775],[120.919144,13.857775],[120.91609200000016,13.871109],[120.91165200000012,13.878885],[120.898331,13.892776],[120.888893,13.899166],[120.879433,13.902498],[120.763893,13.929443],[120.75026700000012,13.93222],[120.74275200000011,13.933054],[120.736099,13.931665],[120.71666000000016,13.925276],[120.7061000000001,13.915554],[120.67199906702652,13.876140831833412],[120.61840088757589,13.909306492435654],[120.617203,13.945553],[120.619431,13.964998],[120.60999300000015,14.11833],[120.57887300000016,14.137499],[120.58460076639119,14.182325968199677],[120.69376795982862,14.28610927686869],[120.708603,14.289721],[120.75277700000015,14.318054],[120.768051,14.329443],[120.81649994043904,14.374068675254332],[120.94382003258015,14.290805422026537],[121.10496810386921,14.253032289702318],[121.28544143150593,14.34235819454851],[121.21723464439656,14.418434702116869],[120.99309278578939,14.511204275085825],[120.994141,14.518888],[120.99387400000012,14.531387],[120.9910890000001,14.549166],[120.961647,14.62583],[120.95665,14.636944],[120.94693,14.651665],[120.93221300000016,14.673054],[120.924103,14.681427],[120.90416,14.701942],[120.888046,14.717497],[120.8394320000001,14.759722],[120.837769,14.76111],[120.83248900000012,14.760832000000107],[120.789703,14.758055],[120.77082800000017,14.755554],[120.754707,14.753611],[120.681091,14.76972],[120.61554000000012,14.806387],[120.562759,14.826109],[120.551651,14.826942],[120.546944,14.82166500000011],[120.544434,14.817497],[120.54605100889823,14.780291042318249],[120.47143081138874,14.804338060576342],[120.36831553036806,14.542834460469807],[120.317757,14.624441],[120.302757,14.635832],[120.253883,14.685555],[120.250267,14.691942],[120.24942,14.69722],[120.25,14.702497],[120.253883,14.731665],[120.25972,14.766109],[120.277481,14.779165],[120.295532,14.799442000000113],[120.29694400000017,14.802498],[120.296097,14.805553],[120.29332,14.808332],[120.245247,14.847776],[120.21415700000011,14.827497],[120.211929,14.81361],[120.200821,14.771944],[120.193039,14.753611],[120.18997200000013,14.749165],[120.186653,14.746109],[120.179428,14.743053],[120.1586,14.739719],[120.156097,14.740553],[120.132751,14.750832000000116],[120.123032,14.757500000000107],[120.11531376469625,14.762915920158925],[120.083364501404,14.794499473569429],[120.05581700000016,14.886944],[120.055542,14.891943],[120.05581700000016,14.931665],[120.057747,14.951387],[120.063873,14.980831],[120.064987,14.989719],[120.064987,15.020832],[120.064987,15.043888],[120.06442300000015,15.051388],[120.05497700000012,15.096664],[120.03804000000014,15.164444000000117],[120.012497,15.263887],[120.00525700000014,15.278887000000111],[119.96499600000016,15.345831],[119.939148,15.379719],[119.915268,15.398333],[119.909988,15.400555],[119.906937,15.403887],[119.904984,15.408609],[119.899429,15.425554],[119.89777400000014,15.436386000000141],[119.901093,15.47777600000012],[119.9019320000001,15.483053],[119.904984,15.490553],[119.906937,15.491665],[119.95555100000013,15.522499],[119.908333,15.622774],[119.919983,15.705276],[119.892586,15.801124],[119.91330700000015,15.838053],[119.912773,15.84333],[119.909149,15.85610800000012],[119.863037,15.958609],[119.85942100000011,15.963053],[119.85582,15.964998],[119.851646,15.964998],[119.815536,15.953331],[119.812477,15.951664],[119.812477,15.941666],[119.810532,15.929443],[119.80904392612027,15.926802815601876],[119.81296065758015,15.978120409209154],[119.75503792071792,16.070293886338092],[119.757767,16.174164],[119.784416,16.313885],[119.786926,16.323051],[119.79136700000015,16.332497],[119.79380194484094,16.336275154234162],[120.05217430641403,16.150354735181182],[120.094437,16.113609],[120.095833,16.101387],[120.101646,16.075275],[120.102768,16.071663],[120.126923,16.054443000000106],[120.156647,16.03611],[120.1785890000001,16.033054],[120.198318,16.030552],[120.202766,16.030552],[120.23499300000015,16.033886],[120.258614,16.038609],[120.281097,16.046108],[120.338043,16.075554000000125],[120.368591,16.093609],[120.39582800000017,16.120552],[120.40358700000013,16.129719],[120.42192100000011,16.15583],[120.425537,16.164997],[120.426643,16.173237],[120.418869,16.207497],[120.40637200000015,16.242771],[120.393333,16.261665],[120.388893,16.26638800000012],[120.36720300000013,16.284721],[120.339706,16.429996],[120.318878,16.576664],[120.317207,16.631107],[120.371094,16.851387000000102],[120.38804600000014,16.859718],[120.392761,16.864162],[120.399719,16.873886],[120.44914200000017,16.968605],[120.453873,16.981663],[120.455551,16.994995],[120.45665,17.011387],[120.455261,17.036385],[120.452477,17.054718],[120.43137400000012,17.177773],[120.426933,17.188049],[120.455833,17.358608],[120.45665,17.362495],[120.460541,17.389717000000132],[120.461113,17.407219],[120.45887800000014,17.416107000000125],[120.426933,17.50972],[120.393883,17.540276],[120.390549,17.541664],[120.382202,17.539440000000127],[120.37915,17.536942],[120.377762,17.533333],[120.37859300000014,17.52972],[120.38192700000013,17.525829],[120.379967,17.524166],[120.37052900000015,17.528332],[120.3647,17.53360700000013],[120.346649,17.555832],[120.341578828749,17.565795490699525],[120.34396417259426,17.59093439194015],[120.357483,17.639439],[120.3724820000001,17.680275],[120.394989,17.692219],[120.422211,17.70805],[120.439972,17.732494],[120.458328,17.820553],[120.458328,17.826385],[120.45027200000015,17.929161],[120.47998,18.078609],[120.521378,18.188885],[120.526382,18.201939],[120.534416,18.213329],[120.561096,18.253609],[120.59526100000016,18.314999],[120.600807,18.33083],[120.604431,18.370274],[120.601646,18.393051],[120.593872,18.424438],[120.5854736193015,18.445944949432175],[120.64886764000202,18.488971315581225],[120.74822032778299,18.53082758660896],[120.751938,18.532219],[120.7541579782291,18.53332905800235],[120.80041793297077,18.55281790371599],[121.03637221763874,18.527911745268725],[121.58078292320515,18.294051729399584],[121.83984664390827,18.275552355009935],[121.85035545323085,18.28738043775907],[121.896103,18.277775],[121.936653,18.269444],[121.949707,18.268887],[121.96608700000013,18.272774],[122.007767,18.28611000000012],[122.024986,18.296387],[122.11998000000017,18.376942],[122.1245223447592,18.394427297255177],[122.13901046226765,18.384166322905443],[122.14715102623249,18.206330858427904],[122.02781203697468,18.00917204495134],[122.00743392418171,17.793162904936693],[122.07029250572468,17.43757780667009],[122.31363967369343,17.260247789580248],[122.39557937095906,17.114329897124193],[122.20331099937702,16.542222582060717],[122.06395247886921,16.33230360623064],[121.68860152672077,16.058362566191576],[121.43898299644734,15.918075166899584],[121.40227034996296,15.873532854277514],[121.40356734703327,15.75283297177019],[121.3681745858028,15.498668276030443],[121.24220565269734,15.30783327694597],[121.29929641197468,15.212662302214525],[121.45681289146687,14.882681451994799],[121.61163619468952,14.38752134915056],[121.7287931771114,14.108259760100267],[121.77041152427937,14.09564360256853],[121.97345260093952,13.949970804411791],[122.10659316490437,13.918491922575853],[122.10837211929609,13.922073132972109],[122.13970900000015,13.914999]]],[[[125.16998300000012,11.249165],[125.166382,11.25861],[125.1586,11.269999],[125.15305300000011,11.274721000000113],[125.13777200000015,11.278055000000109],[125.127472,11.27861],[125.073883,11.281387000000109],[124.99971,11.35277600000012],[124.99247700000012,11.413887],[124.989433,11.420277],[124.972488,11.444998000000112],[124.969994,11.447498],[124.905548,11.468887000000109],[124.886383,11.46722],[124.86850021700646,11.46329428129798],[124.85420516441609,11.491314493376635],[124.88578626150988,11.568604234194845],[124.888321,11.57111],[124.890266,11.57222],[124.90358700000013,11.573332],[124.909149,11.572775],[124.923027,11.565832],[124.930267,11.565275],[124.934418,11.565275],[124.949142,11.568331],[124.958328,11.576942],[124.989967,11.611109],[124.99165300000016,11.613886],[125.0416560000001,11.726942],[125.04248,11.728886],[125.04248,11.747219],[125.031662,11.75861],[125.013321,11.773333],[125.008881,11.77555500000011],[125.000267,11.77555500000011],[124.988876,11.773888],[124.88243613567995,11.802194091398503],[124.87549117515827,11.834406458098314],[124.76964902030721,11.902120306626598],[124.693863,12.010555],[124.663879,12.032499],[124.644989,12.042776000000117],[124.596649,12.060831],[124.499153,12.087498],[124.48910625820044,12.09324027507228],[124.47212619214483,12.105525689070122],[124.473038,12.106108],[124.474426,12.108332000000132],[124.46527100000014,12.127775],[124.44664000000012,12.151665],[124.44303900000011,12.154999],[124.398331,12.187498],[124.395828,12.188053000000139],[124.393333,12.187498],[124.38693200000012,12.190275],[124.343407,12.289349],[124.29636855472708,12.423863006667313],[124.49450210045124,12.462519251067064],[124.95213607261921,12.527031503874682],[125.11906722496296,12.476568781096361],[125.24640944908406,12.292607866484545],[125.27772811363484,11.924222551543139],[125.33314803550984,11.562225900847338],[125.44868758629109,11.206709467131517],[125.39841750572468,11.149427019316576],[125.32305434654499,11.12385233517351],[125.1933620837176,11.185426741367044],[125.16998300000012,11.249165]]]]},"properties":{"id":"austronesians","name":"Austronesians","names":{"en":"Austronesians","fr":"Austronesians"},"subjectTo":"Austronesians","partOf":"Austronesians","borderPrecision":1,"wikidata":null,"wikipedia":null,"year":-5000,"source":"Historical Basemaps","sourceUrl":"https://github.com/aourednik/historical-basemaps"}},{"type":"Feature","geometry":{"type":"MultiPolygon","coordinates":[[[[166.741058,-45.731941],[166.71637,-45.741669],[166.68400290234743,-45.743778554358464],[166.64028457115435,-45.69710198764143],[166.74284382920806,-45.7303322299677],[166.741058,-45.731941]]],[[[173.075806,-41.291115],[173.079681,-41.297501],[173.084688632419,-41.30137485981031],[173.12322524498248,-41.434673703950025],[173.26403335045123,-41.543674863617994],[173.70147231529498,-41.253555692475416],[173.8206650616744,-41.245334767606835],[173.820526,-41.245834],[173.763306,-41.267502],[173.760803,-41.273056],[173.775818,-41.289726],[173.788025,-41.290558],[173.80636600000014,-41.289444],[173.92950762785887,-41.251507405793966],[174.05849746177935,-41.29139367465315],[174.09144167791518,-41.36562777342638],[174.052765,-41.421112],[174.049133,-41.42778],[174.04443400000014,-41.442497],[174.045807,-41.450836],[174.049988,-41.466393],[174.063873,-41.493057],[174.084137,-41.526108],[174.097473,-41.519447],[174.096069,-41.511116],[174.10080000000016,-41.505562],[174.108307,-41.509171],[174.11468500000012,-41.513893],[174.125793,-41.523888],[174.14439587565377,-41.54411145818094],[174.06919387291217,-41.695923246186354],[174.19691805976743,-41.879423469123225],[174.18414300000018,-41.890556],[174.17804000000012,-41.895004],[174.164703,-41.90361],[174.1571960000001,-41.907219],[174.14358500000014,-41.915833],[174.08856200000014,-41.957779],[174.009155,-42.027496],[173.979675,-42.061111],[173.96524,-42.086945],[173.959137,-42.100838],[173.95440700000017,-42.115555],[173.953308,-42.123886],[173.953583,-42.133331],[173.95636000000013,-42.166389],[173.933319,-42.196945],[173.928314,-42.202499],[173.884155,-42.243614],[173.8780210000001,-42.248055],[173.870514,-42.251945],[173.863007,-42.255562],[173.83468600000015,-42.271385],[173.801361,-42.29306],[173.79498300000012,-42.297501],[173.56857300000013,-42.476944],[173.558594,-42.487778],[173.541351,-42.511948],[173.533875,-42.525002],[173.53137200000015,-42.532219],[173.500824,-42.599724],[173.480804,-42.621941],[173.466064,-42.656944],[173.45996100000013,-42.670837],[173.448853,-42.690277],[173.387756,-42.793617],[173.35162400000013,-42.840836],[173.328033,-42.898888],[173.328033,-42.906387],[173.327814207194,-42.907096823989],[173.23710388158284,-42.985085838846445],[173.106903,-43.057777],[173.099396,-43.061386],[173.090515,-43.064445],[173.026367,-43.081947],[172.97580000000016,-43.09111],[172.953033,-43.092773],[172.935516,-43.098335],[172.920258,-43.105835],[172.838013,-43.148056],[172.81802400000015,-43.160828],[172.79776,-43.18306],[172.772217,-43.219719],[172.760803,-43.239166],[172.758026,-43.246666],[172.74590633645903,-43.312513884343105],[172.73742202232623,-43.32178155307112],[172.5623884529903,-43.393074430268385],[172.44053176353717,-43.509415067475416],[172.6275739998653,-43.69229928378401],[172.8200331063106,-43.713570035737135],[172.9216007087004,-43.7833333937282],[172.920532,-43.824173],[172.920532,-43.833328],[172.917572,-43.869221],[172.923584,-43.875885],[172.92613524615004,-43.87771850000731],[172.8850202889278,-43.894417203705885],[172.85497385068413,-43.89882174079549],[172.8119200000001,-43.882217],[172.804413,-43.878334],[172.745789,-43.837776],[172.740784,-43.832222],[172.736908,-43.825836],[172.7152400000001,-43.808334],[172.642761,-43.772224],[172.51303100000018,-43.729439],[172.495239,-43.723885],[172.483582,-43.722771],[172.472198,-43.72361],[172.424988,-43.733612],[172.41330000000016,-43.743614],[172.39025900000013,-43.763893],[172.384979,-43.77861],[172.382446,-43.795006],[172.3831353034809,-43.80863162157462],[172.22123244713092,-43.85181847934065],[172.06266311119342,-43.92314187411604],[172.03597735504732,-43.971553971641576],[171.978577,-43.995834],[171.955231,-44.006668],[171.94543779034396,-44.01243534288995],[171.77227309654498,-44.05283395175276],[171.7240273604872,-44.09778309901257],[171.654694,-44.122498],[171.583588,-44.153885],[171.547211,-44.173889],[171.538483,-44.178776],[171.35556,-44.285492],[171.346466,-44.292187],[171.342468,-44.295555],[171.319977,-44.316391],[171.3191927394222,-44.31719974086859],[171.0661726326778,-44.228577054780104],[170.99416640709185,-44.267464078705885],[171.0615339608028,-44.36422387484846],[171.2236360652951,-44.52119863879051],[171.21496600000012,-44.533058],[171.208313,-44.537506],[171.20053100000018,-44.541115],[171.196075,-44.56028],[171.19307007172603,-44.62662571442847],[171.19123366783404,-44.62887612704573],[171.1923312776963,-44.64293752397856],[171.1922,-44.645836],[171.193024,-44.66333],[171.1942096820082,-44.66700161955415],[171.20031264732623,-44.745186246674635],[171.17121413658404,-44.93920556430159],[171.0733290047481,-44.907059110444166],[170.63405898521685,-44.862671293061354],[170.8222303719356,-44.96576348666487],[171.02447036216998,-45.07543221835432],[170.98830325622185,-45.13916517880555],[170.975525,-45.151108],[170.966064,-45.163055],[170.961914,-45.169167],[170.92163100000016,-45.243057],[170.90006163421077,-45.294662823926764],[170.89919570396685,-45.29618874911604],[170.72436315825,-45.66266519618443],[170.674683,-45.745003],[170.616913,-45.839439],[170.558868,-45.881668],[170.554413,-45.888054],[170.555542,-45.896111],[170.591064,-45.894165],[170.600525,-45.89167],[170.608582,-45.888054],[170.64145776060295,-45.86870240370123],[170.6247431031011,-45.91196119839634],[170.573303,-45.916664],[170.550537,-45.919167],[170.484406,-45.926949],[170.4524540000001,-45.931946],[170.424408,-45.939438],[170.382721,-45.956108],[170.342468,-45.97361],[170.315247,-45.991386],[170.30969200000015,-45.996948],[170.29443400000014,-46.013893],[170.28164700000013,-46.029442],[170.263611,-46.051941],[170.25637800000015,-46.065552],[170.25305200000014,-46.081947],[170.252472,-46.09111],[170.254425,-46.10778],[170.252777,-46.115837],[170.240784,-46.14695],[170.237732,-46.154167],[170.22662400000013,-46.165001],[170.21441700000014,-46.174721],[170.193848,-46.188049],[170.169434,-46.198608],[170.067749,-46.246666],[169.9119260000001,-46.340279],[169.863586,-46.371384],[169.858002,-46.376663],[169.849396,-46.389442],[169.84802200000013,-46.416946],[169.849976,-46.433327],[169.8521730000001,-46.440834],[169.85327710532368,-46.451802674460936],[169.66628554771685,-46.52675668124495],[169.56124469339434,-46.5986829815043],[169.458008,-46.623329],[169.266388,-46.656387],[169.133026,-46.670837],[169.107727,-46.669167],[169.09719800000016,-46.666946],[169.084412,-46.657501],[169.0672,-46.635002],[169.06192,-46.675003],[169.053864,-46.678612],[169.05126076417795,-46.67873807843983],[168.8663660720486,-46.637476475311765],[168.861908,-46.628334],[168.862457,-46.619446],[168.86441,-46.611115],[168.8649600000001,-46.603889],[168.844971,-46.563614],[168.835785,-46.560555],[168.823853,-46.561111],[168.733307,-46.577499],[168.640533,-46.603889],[168.633606,-46.606392],[168.61468500000012,-46.611115],[168.593018,-46.614166],[168.56884800000012,-46.615005],[168.516937,-46.614166],[168.49273700000015,-46.613335],[168.442139,-46.601501],[168.43663000000015,-46.599667],[168.446625,-46.584003],[168.4422,-46.575005],[168.454407,-46.574448],[168.490509,-46.573059],[168.502472,-46.574173],[168.506104,-46.578888],[168.499115,-46.583328],[168.505554,-46.588051],[168.551636,-46.594444],[168.56137100000012,-46.591942],[168.566925,-46.586662],[168.563599,-46.580002],[168.550812,-46.570557],[168.5416560000001,-46.567505],[168.391357,-46.540001],[168.361908,-46.544449],[168.353577,-46.547783],[168.351624,-46.556107],[168.352173,-46.564445],[168.362732,-46.583885],[168.348236,-46.582165],[168.352905,-46.584499],[168.35926800000016,-46.585831],[168.36508200000014,-46.592667],[168.367249,-46.596668],[168.367599,-46.601498],[168.364929,-46.605331],[168.3577580000001,-46.6045],[168.3551911381515,-46.60396018264526],[168.27026041233583,-46.539636996161185],[168.269135,-46.535561],[168.268311,-46.529167],[168.27664200000015,-46.525833],[168.286102,-46.523331],[168.307739,-46.520554],[168.318298,-46.520836],[168.31884800000012,-46.529167],[168.321075,-46.536667],[168.328857,-46.540558],[168.339417,-46.539169],[168.38665800000012,-46.49778],[168.392487,-46.492226],[168.395538,-46.485001],[168.396088,-46.477776],[168.394135,-46.470276],[168.37384,-46.421944],[168.368835,-46.416107],[168.35968000000014,-46.415001],[168.35025,-46.417503],[168.250275,-46.400833],[168.21109,-46.355278],[168.206085,-46.351395],[168.194702,-46.345551],[168.185516,-46.342499],[168.174988,-46.340279],[168.116364,-46.343613],[168.063873,-46.351669],[167.95553600000017,-46.371384],[167.89303600000017,-46.387222],[167.86439925428954,-46.39550940749174],[167.81434526754845,-46.38581109507514],[167.753876,-46.333885],[167.776917,-46.312775],[167.781372,-46.306389],[167.7836,-46.29834],[167.781372,-46.29084],[167.778046,-46.284172],[167.701904,-46.209442],[167.59692400000017,-46.166389],[167.55664100000013,-46.156387],[167.546356,-46.154167],[167.534424,-46.152779],[167.483032,-46.149727],[167.471069,-46.149994],[167.46023600000012,-46.15139],[167.45190400000013,-46.154716],[167.446075,-46.159996],[167.4275299039221,-46.1871470696933],[167.33755019615435,-46.168411649506666],[167.22912124107623,-46.23227731112776],[167.21871514803266,-46.26084498165304],[167.086639,-46.240555],[167.001373,-46.229164],[166.966064,-46.224716],[166.949982,-46.223885],[166.91525300000012,-46.226105],[166.883026,-46.229996],[166.83636500000011,-46.232498],[166.82302900000013,-46.231667],[166.76803600000017,-46.22361],[166.72634900000014,-46.214165],[166.717468,-46.210831],[166.705231,-46.201111],[166.670807,-46.161667],[166.670258,-46.15361],[166.684418,-46.145004],[166.693848,-46.142776],[166.709412,-46.135277],[166.738861,-46.119164],[166.76123,-46.093613],[166.784912,-46.064945],[166.804749,-46.033279],[166.829956,-46.003891],[166.854675,-45.994164],[166.886932,-45.99028],[166.94329800000014,-45.956108],[166.949127,-45.950836],[166.94693,-45.945274],[166.939148,-45.944717],[166.929688,-45.94722],[166.83636500000011,-45.981384],[166.82803300000012,-45.984444],[166.791351,-46.005005],[166.78579700000012,-46.010284],[166.781097,-46.016396],[166.759308,-46.035553],[166.76297,-46.038387],[166.764969,-46.042393],[166.763657,-46.047222],[166.760162,-46.050392],[166.740982,-46.066059],[166.737793,-46.066559],[166.670532,-46.087219],[166.615784,-46.090836],[166.61358600000017,-46.086388],[166.6157307908956,-46.07163287893972],[166.65128615806842,-46.06436196688948],[166.62715401773744,-46.04093262415836],[166.6408080000001,-46.015007],[166.66165200000012,-45.991943],[166.62579300000016,-45.967216],[166.57072819875154,-45.98615008793187],[166.55108169029498,-45.967075742524244],[166.69900039146685,-45.91479150180159],[166.84391311119342,-45.91450921420393],[166.73245295579088,-45.79550701906152],[166.881348,-45.779999],[166.8899217619724,-45.77798697552024],[167.0094862313106,-45.816727079194166],[166.95258615622046,-45.746058308549706],[166.974121,-45.735001],[166.987183,-45.709724],[166.923035,-45.705833],[166.92007227762187,-45.70567671281706],[166.8348579702983,-45.59984222436801],[166.86969,-45.588779],[166.88102700000013,-45.586113],[166.88736,-45.585278],[166.895203,-45.585609],[166.901367,-45.587109],[166.9128720000001,-45.590946],[166.980255,-45.578613],[166.991913,-45.580002],[167.0000000000001,-45.57695],[167.005829,-45.571671],[167.032471,-45.527779],[167.03440097817358,-45.52204492182949],[167.28119948814654,-45.56292382602034],[167.31806472252154,-45.50443307284651],[167.25492385338092,-45.42667428378401],[167.16430190513873,-45.32952538852034],[167.15892958051887,-45.303539787620096],[167.163574,-45.302834],[167.16992200000016,-45.302998],[167.17358400000012,-45.306],[167.17642200000012,-45.30933],[167.17756700000018,-45.313835],[167.212738,-45.313332],[167.218842,-45.318336],[167.232178,-45.327225],[167.23968500000012,-45.331116],[167.248566,-45.334167],[167.260254,-45.335831],[167.270813,-45.334442],[167.30163600000014,-45.329445],[167.309692,-45.326111],[167.307739,-45.318611],[167.300262,-45.314445],[167.194641,-45.271446],[167.15190211683665,-45.269548381755875],[167.13749221275592,-45.19984856967268],[167.26479628990435,-45.06343499545393],[167.45491879779487,-44.98137473263675],[167.459686,-44.99472],[167.497742,-45.003891],[167.50720200000012,-45.001396],[167.50822400000015,-45],[167.511658,-44.995277],[167.51110800000015,-44.986946],[167.50129346929432,-44.96135859791642],[167.5209608406856,-44.95286980990706],[167.66862014244342,-44.78448907260237],[167.92080214927935,-44.61595193270979],[167.96671584556842,-44.480179227631666],[168.4157362313106,-44.2209095132762],[168.91375258873248,-44.097229398530104],[169.23456862877154,-43.948128141205885],[169.4791364998653,-43.78627816561995],[169.6487684578731,-43.740757383149244],[169.95685866783404,-43.48210183505354],[169.985858987875,-43.36412926731222],[170.021912,-43.352501],[170.0285950000001,-43.347778],[170.033875,-43.342499],[170.038025,-43.336113],[170.04252484530707,-43.324582912319144],[170.2029676766231,-43.22367135409651],[170.37092116783404,-43.21688882235823],[170.72492507408404,-43.06791726474104],[171.0240583748653,-42.886883176606275],[171.08063796470904,-42.7901119363719],[171.0771131844356,-42.71282235507307],[171.19675734947467,-42.64817849520979],[171.39841750572467,-42.5125354898387],[171.34907058189654,-42.28728906039534],[171.38357070396685,-42.19066659335432],[171.45835402916217,-41.99285165194807],[171.59553054283404,-42.01406518344221],[171.62548354576373,-41.94566766146956],[171.88659194420123,-41.82936898593245],[172.0868025154903,-41.70677605990706],[172.14788344810748,-41.57805673007307],[172.20707229088092,-41.044536985200025],[172.43737319420123,-40.75310174350081],[172.60465529869342,-40.77401772860823],[172.76903823326373,-40.84837380770979],[172.7837019295528,-40.964851774018385],[172.9352674813106,-40.99169579867659],[173.0192518563106,-41.075027860444166],[173.06765491915328,-41.24245493564761],[173.075806,-41.291115]],[[169.98232421875002,-44.016503906249994],[169.97958984375003,-43.97392578125002],[169.94765625000002,-44.007714843749994],[169.9123046875,-44.050683593749994],[169.89052734375002,-44.039160156250006],[169.88505859375005,-43.998046875],[169.88076171875002,-43.97314453125],[169.86025390625002,-43.987207031249994],[169.87382812500005,-44.086523437500006],[169.87001953125002,-44.18134765625001],[169.86494140625,-44.2236328125],[169.87509765625003,-44.2484375],[169.8927734375,-44.276953125],[169.94482421875,-44.294921875],[169.9953125,-44.28671875],[169.96220703125005,-44.268945312499994],[169.94667968750002,-44.25537109375],[169.92148437500003,-44.220800781250006],[169.91337890625005,-44.17216796875002],[169.92529296875,-44.09140625],[169.98232421875002,-44.016503906249994]],[[170.21025390625005,-43.71416015625002],[170.19833984375003,-43.704492187499994],[170.17578125,-43.722753906250006],[170.15224609375002,-43.745703125],[170.13603515625005,-43.765625],[170.13076171875002,-43.80927734375001],[170.15273437500002,-43.91357421875],[170.178125,-44.06464843750001],[170.177734375,-44.16953125],[170.2041015625,-44.17109375000001],[170.22978515625005,-44.172753906249994],[170.24765625000003,-44.11738281250001],[170.24277343750003,-44.075097656249994],[170.21347656250003,-43.968164062499994],[170.18417968750003,-43.83085937500002],[170.2,-43.782324218750006],[170.21025390625005,-43.71416015625002]],[[170.55869140625003,-43.70703125],[170.54287109375002,-43.675195312499994],[170.53115234375002,-43.57851562499999],[170.51933593750005,-43.534375],[170.50009765625003,-43.59638671875001],[170.52998046875,-43.816015625],[170.51162109375002,-43.85322265625001],[170.509375,-43.89580078125002],[170.5078125,-43.967382812500006],[170.51044921875,-44.00263671875001],[170.575,-43.93505859375],[170.57587890625,-43.8505859375],[170.61757812500002,-43.73652343750001],[170.653125,-43.680566406249994],[170.65615234375002,-43.658105468749994],[170.63164062500005,-43.67753906250002],[170.6,-43.712011718750006],[170.57900390625002,-43.717675781249994],[170.55869140625003,-43.70703125]]],[[[172.990906,-43.84967],[172.97478129167396,-43.81986134123176],[173.00963881920123,-43.84380380038557],[172.99165477482669,-43.851107960443166],[172.990906,-43.84967]]],[[[166.989685,-45.519165],[166.89169300000015,-45.544724],[166.8080065902878,-45.566493340162786],[166.8006697029903,-45.557381070893385],[166.85525039146685,-45.492371000092604],[166.99856856908752,-45.516109757884955],[166.989685,-45.519165]]],[[[174.4735720000001,-35.646393],[174.474976,-35.654716],[174.518311,-35.724167],[174.523041,-35.729439],[174.554138,-35.750282],[174.5619200000001,-35.753059],[174.58386200000018,-35.764725],[174.59009240974714,-35.79144844961923],[174.5282087654903,-35.79950372103987],[174.52698075612008,-35.80214180884539],[174.523315,-35.796669],[174.51971400000014,-35.790283],[174.491058,-35.769447],[174.361908,-35.723328],[174.357452,-35.72361],[174.348572,-35.734726],[174.346924,-35.833061],[174.350525,-35.839439],[174.35522500000013,-35.845001],[174.360779,-35.849442],[174.38134800000012,-35.851112],[174.384705,-35.844719],[174.385529,-35.828888],[174.391083,-35.824173],[174.398865,-35.821388],[174.437469,-35.822777],[174.47607400000015,-35.824173],[174.4863590000001,-35.824722],[174.50990017012688,-35.83883540965447],[174.49393752525592,-35.87312737826643],[174.50256387327195,-35.88834408590984],[174.501373,-35.889999],[174.496918,-35.895554],[174.487183,-35.915001],[174.49028279748637,-35.942389055861064],[174.42669204185748,-35.936252988617994],[174.34789565513873,-35.91520730380354],[174.41205886314654,-35.96780434970198],[174.52514174888873,-36.0519642007762],[174.62888625572467,-36.157165921967604],[174.7868757576778,-36.28341714267073],[174.80248690172994,-36.340832849008656],[174.76831100000015,-36.34639],[174.7298056930802,-36.46650104178309],[174.70637038658404,-36.46229974154768],[174.72239536980751,-36.48961633989209],[174.710785,-36.525833],[174.708588,-36.533333],[174.707733,-36.541672],[174.714691,-36.595833],[174.717194,-36.603058],[174.774414,-36.730278],[174.80075348878813,-36.78854028109846],[174.7394667000606,-36.78854028109846],[174.64712050865435,-36.767490781586744],[174.64481643150592,-36.8306392801219],[174.78237441490435,-36.89379540805159],[174.92827895591998,-36.9674801004344],[174.8874159188106,-37.06221429232893],[174.9800672859981,-37.08327142123518],[175.09905532310748,-37.07274285678206],[175.20075515220904,-37.07274285678206],[175.30092910240435,-37.13591042880354],[175.24932387779498,-37.16749230746565],[175.23517898033404,-37.2306636941844],[175.24663833091998,-37.29382745150862],[175.30768874595904,-37.32097665194807],[175.63996413658404,-37.40969125155745],[175.6436415047481,-37.30753365878401],[175.58706742552303,-37.184992143061955],[175.589142,-37.169449],[175.551636,-37.024719],[175.547485,-37.009171],[175.54653629164122,-37.00637984503839],[175.55790236900592,-36.94383279208479],[175.6626844734981,-36.949993528168775],[175.83767226646685,-37.02623406771956],[175.892461876589,-37.13727952409937],[175.884155,-37.168892],[175.8833310000001,-37.176949],[175.887207,-37.244164],[175.892212,-37.249725],[175.921082,-37.251671],[175.927185,-37.256111],[175.93081700000016,-37.262505],[175.936371,-37.278885],[175.940094,-37.299717],[175.974396,-37.41806],[175.976074,-37.453056],[176.026932,-37.483109],[176.035583,-37.487282],[176.04078052271424,-37.49060091318275],[176.05603583401512,-37.54365546472782],[176.023087,-37.528221],[176.018768,-37.526058],[176.013931,-37.524555],[176.007599,-37.524223],[175.95553600000017,-37.521111],[175.94635000000017,-37.523056],[175.940796,-37.527779],[175.953583,-37.558891],[175.994415,-37.638893],[176.071899,-37.655273],[176.08951689370687,-37.66009508186627],[176.1292372078731,-37.798233426850416],[176.34551528404498,-37.87444344882307],[177.13422683189654,-38.185852445405104],[177.3618269295528,-38.23650781039534],[177.52839187095904,-38.20421639804182],[177.84287551353717,-37.98638574008284],[178.24128249595904,-37.83227959994612],[178.42129043052935,-37.84468499545393],[178.45372768539525,-37.86143414655794],[178.449982,-37.865005],[178.429688,-37.876945],[178.419983,-37.887779],[178.350525,-38.004723],[178.34747300000015,-38.011116],[178.347198,-38.019722],[178.348846,-38.027779],[178.35495,-38.032219],[178.360229,-38.037506],[178.364136,-38.043617],[178.37579300000016,-38.072777],[178.378296,-38.089996],[178.377747,-38.09861],[178.353851,-38.185555],[178.3199770000001,-38.248055],[178.31802400000015,-38.255562],[178.317474,-38.263893],[178.320801,-38.398613],[178.30246,-38.528885],[178.300537,-38.536392],[178.296356,-38.541946],[178.158875,-38.64917],[178.074982,-38.71389],[178.06829800000014,-38.717773],[178.060242,-38.721107],[178.05081200000018,-38.721382],[178.044434,-38.717216],[177.928864,-38.722221],[177.941071,-38.793617],[177.923859,-38.918335],[177.917786,-38.942802],[177.90969800000016,-38.969719],[177.897705,-39.047943],[177.89386000000013,-39.064777],[177.906708,-39.064278],[177.923035,-39.089165],[177.92486211381882,-39.08942974798199],[177.92238906334185,-39.136482633393385],[177.8667097420528,-39.206924833100416],[177.8298464487765,-39.20947244641567],[177.824127,-39.193054],[177.823578,-39.183884],[177.82663000000014,-39.177223],[177.841644,-39.152779],[177.82202100000018,-39.114445],[177.823196,-39.110115],[177.82351700000015,-39.10511],[177.821198,-39.101276],[177.816696,-39.099274],[177.680267,-39.075279],[177.62884500000018,-39.071114],[177.426086,-39.064163],[177.387756,-39.077782],[177.246918,-39.128334],[177.206085,-39.143616],[177.1491390000001,-39.165001],[177.05496200000016,-39.204445],[176.9357910000001,-39.349998],[176.93136600000014,-39.35556],[176.90387,-39.398056],[176.898865,-39.412216],[176.897766,-39.438049],[176.899414,-39.446388],[176.94662500000015,-39.664444],[177.010803,-39.654999],[177.06157727899725,-39.65806995483554],[177.09079684383417,-39.718408570414915],[177.082733,-39.729996],[177.073578,-39.741386],[177.068024,-39.746109],[177.059692,-39.749168],[177.050262,-39.751396],[177.033875,-39.757507],[177.02804600000013,-39.762505],[177.02359,-39.768059],[177.020264,-39.774719],[176.89471400000014,-40.034729],[176.890533,-40.049728],[176.889984,-40.058052],[176.89498900000012,-40.082779],[176.89303600000017,-40.090279],[176.874115,-40.121384],[176.834137,-40.181671],[176.808319,-40.21666],[176.796936,-40.226387],[176.687195,-40.321388],[176.644135,-40.379997],[176.628296,-40.421944],[176.539978,-40.495003],[176.52136200000018,-40.513893],[176.500824,-40.535004],[176.441925,-40.600281],[176.405243,-40.64389],[176.386108,-40.675003],[176.35522500000013,-40.688606],[176.349396,-40.693611],[176.288574,-40.793892],[176.23913600000014,-40.90889],[176.22079500000018,-40.931671],[176.195526,-40.941666],[176.17276000000015,-40.952225],[176.1586,-40.959999],[176.152771,-40.964722],[176.142212,-40.975273],[176.134155,-40.987503],[176.120789,-41.013618],[176.11300700000015,-41.035278],[176.098297,-41.087219],[176.087463,-41.116112],[176.080811,-41.129166],[176.062195,-41.151939],[175.98468000000014,-41.231384],[175.95523100000014,-41.25528],[175.819122,-41.347221],[175.7435610000001,-41.392227],[175.736359,-41.396111],[175.557739,-41.485001],[175.471069,-41.541389],[175.42746,-41.564445],[175.323029,-41.614449],[175.313293,-41.616394],[175.27965094675045,-41.61820479557793],[175.21367934654498,-41.584759153168775],[175.20189217290448,-41.57690096654311],[175.18469200000015,-41.535835],[175.181915,-41.519447],[175.181091,-41.500839],[175.188568,-41.461113],[175.19302400000015,-41.446106],[175.19384800000012,-41.437775],[175.191071,-41.430557],[175.18609600000013,-41.425003],[175.080261,-41.385559],[175.06301900000017,-41.38028],[175.05304,-41.378609],[175.045532,-41.378609],[175.02719100000013,-41.381668],[174.993286,-41.393333],[174.985779,-41.397224],[174.97408915576997,-41.40494426701279],[174.8953504891231,-41.296142972748854],[174.89784763233212,-41.282226241984425],[174.899994,-41.275002],[174.90152618793783,-41.261725428181855],[174.92072585533404,-41.154724515717604],[175.05021193931842,-40.981033719819166],[175.18841079185748,-40.678955472748854],[175.36736586998248,-40.4539417398387],[175.35358718345904,-40.29998055819807],[175.23174575279498,-40.24248162631331],[175.21631745466482,-40.23066821831211],[175.20163,-40.181671],[175.19635000000017,-40.166946],[175.178314,-40.134171],[175.15554800000018,-40.095833],[175.07162500000015,-40.003059],[175.055542,-39.987778],[175.02221700000018,-39.958054],[174.986359,-39.93],[174.974121,-39.920837],[174.960785,-39.912773],[174.938873,-39.902222],[174.923035,-39.895836],[174.836639,-39.865005],[174.8283080000001,-39.862503],[174.790802,-39.854721],[174.781097,-39.853058],[174.751373,-39.865555],[174.740509,-39.866661],[174.729675,-39.865837],[174.57608,-39.82917],[174.558014,-39.824722],[174.549408,-39.822227],[174.542206,-39.818611],[174.523865,-39.805],[174.421356,-39.726944],[174.41052200000013,-39.716942],[174.376068,-39.678612],[174.353577,-39.639999],[174.348846,-39.634445],[174.336639,-39.625557],[174.316071,-39.613892],[174.308868,-39.610283],[174.217194,-39.579727],[174.20886200000018,-39.577225],[174.040802,-39.55278],[173.997742,-39.551392],[173.986908,-39.550552],[173.970245,-39.54528],[173.963013,-39.541672],[173.871063,-39.48333],[173.85189800000012,-39.470551],[173.839966,-39.461388],[173.82275259815145,-39.44729395566891],[173.80480483482623,-39.41970483187971],[173.8412733406856,-39.36209908847151],[174.0299177498653,-39.29137078646956],[174.65473464439654,-38.983257688325025],[174.74863723228717,-38.75298348788557],[174.71345046470904,-38.439922727387525],[174.75260451744342,-38.29928246859846],[174.90787689466703,-38.12626933407488],[174.92663600000014,-38.116112],[174.932465,-38.111389],[174.9402470000001,-38.101112],[174.93111986597435,-38.095391902825206],[174.94512465904498,-37.92838326815901],[174.8744939007165,-37.80592385200745],[174.8833310000001,-37.805],[174.90304600000013,-37.807503],[174.945251,-37.810555],[174.967468,-37.809166],[174.975525,-37.806389],[174.974976,-37.75],[174.97467,-37.740837],[174.966644,-37.739998],[174.951355,-37.743057],[174.944427,-37.745003],[174.930817,-37.752502],[174.90692100000012,-37.77417],[174.870789,-37.783058],[174.8623411731689,-37.78485348613077],[174.84069351321472,-37.74732083234407],[174.8283080000001,-37.710831],[174.76416,-37.527779],[174.74441500000012,-37.487503],[174.73892736186087,-37.476131091611634],[174.75225231971615,-37.383132717034684],[174.760529,-37.38028],[174.767487,-37.376389],[174.773041,-37.371666],[174.83163500000012,-37.308052],[174.84079,-37.296951],[174.840515,-37.291389],[174.829956,-37.290558],[174.821899,-37.291672],[174.812744,-37.293617],[174.80468800000017,-37.296394],[174.79776000000015,-37.300278],[174.766083,-37.321114],[174.7604713020193,-37.325770284584785],[174.7646589608028,-37.296543515961744],[174.71444586024597,-37.19718718082366],[174.733856,-37.196106],[174.716644,-37.154167],[174.723572,-37.150276],[174.87912,-37.08889],[174.887482,-37.059166],[174.795532,-37.023056],[174.804413,-36.972221],[174.824982,-36.960831],[174.829407,-36.955002],[174.832733,-36.948608],[174.82803300000012,-36.943054],[174.81884800000012,-36.941383],[174.7702640000001,-36.936661],[174.696625,-36.93972],[174.686096,-36.940834],[174.659698,-36.947495],[174.653046,-36.951393],[174.641663,-36.960831],[174.62246700000014,-36.982216],[174.61911,-36.988892],[174.61718800000017,-36.996109],[174.600525,-37.022224],[174.59648541991135,-37.023466779722675],[174.47855666588092,-36.862217344086744],[174.42118747074707,-36.79448065052293],[174.4166560000001,-36.784172],[174.40969800000016,-36.771385],[174.406097,-36.765007],[174.390533,-36.74028],[174.344299,-36.679337],[174.301086,-36.62722],[174.284973,-36.612778],[174.267487,-36.599167],[174.236908,-36.568062],[174.22316482136344,-36.551997093474135],[174.26577285240435,-36.4833492410594],[174.24587038992834,-36.441532847407395],[174.251923,-36.443611],[174.257751,-36.448051],[174.300262,-36.515839],[174.348846,-36.601944],[174.36792,-36.629166],[174.370728,-36.6325],[174.422485,-36.667221],[174.430542,-36.66806],[174.45303300000012,-36.651108],[174.45636,-36.644722],[174.465515,-36.582779],[174.465515,-36.532219],[174.442474,-36.414719],[174.422211,-36.366112],[174.41885400000012,-36.370834],[174.391937,-36.395004],[174.38497900000016,-36.398888],[174.377167,-36.401665],[174.303864,-36.395279],[174.296936,-36.39167],[174.28524800000014,-36.3825],[174.276917,-36.370552],[174.269989,-36.35778],[174.268585,-36.349442],[174.268585,-36.342224],[174.292206,-36.316948],[174.299988,-36.314163],[174.308014,-36.316948],[174.32553100000018,-36.330284],[174.334686,-36.332222],[174.368835,-36.331673],[174.376892,-36.330833],[174.421249,-36.310612],[174.50692700000013,-36.26722],[174.518311,-36.258057],[174.521637,-36.251396],[174.519135,-36.245834],[174.505249,-36.231384],[174.4133,-36.263062],[174.378296,-36.286667],[174.364685,-36.294167],[174.346619,-36.298058],[174.336365,-36.298889],[174.305237,-36.287506],[174.365234,-36.260002],[174.4422,-36.169724],[174.396088,-36.144447],[174.39636200000018,-36.151939],[174.39413500000012,-36.159164],[174.373291,-36.20639],[174.369965,-36.213058],[174.358856,-36.222221],[174.345245,-36.229721],[174.337463,-36.232773],[174.332733,-36.229164],[174.307739,-36.176949],[174.282745,-36.121109],[174.2749940000001,-36.118332],[174.23941000000013,-36.111389],[174.229126,-36.112503],[174.195251,-36.131111],[174.188568,-36.144165],[174.1857910000001,-36.171944],[174.191345,-36.176392],[174.19830300000012,-36.18],[174.217743,-36.182503],[174.226898,-36.182503],[174.23608400000012,-36.180557],[174.24411,-36.18306],[174.28775,-36.210281],[174.312469,-36.236664],[174.314697,-36.243889],[174.267212,-36.270279],[174.25943,-36.273056],[174.251373,-36.272499],[174.065796,-36.168335],[173.999115,-36.121109],[173.994415,-36.115837],[173.991058,-36.109444],[173.93109100000015,-35.981941],[173.938568,-35.934998],[173.947479,-35.923889],[173.948578,-35.91555],[173.946075,-35.908051],[173.913879,-35.86972],[173.9083250000001,-35.874443],[173.90387,-35.879997],[173.904968,-35.888336],[173.921356,-36.003059],[173.980804,-36.121384],[173.987732,-36.134171],[173.99246200000016,-36.139725],[174.00801039025265,-36.15432642436445],[173.91857436607623,-36.1045650613719],[173.85543976356777,-36.0689462233816],[173.82608,-36.032501],[173.737457,-35.933609],[173.7271730000001,-35.923615],[173.590515,-35.778053],[173.398865,-35.573891],[173.395538,-35.567505],[173.398865,-35.553612],[173.44662500000015,-35.440277],[173.46579,-35.429169],[173.501923,-35.419724],[173.506378,-35.425278],[173.54025300000012,-35.430832],[173.62994400000014,-35.356667],[173.655548,-35.322502],[173.655548,-35.313332],[173.564148,-35.278053],[173.55609100000015,-35.28083],[173.55163600000014,-35.286392],[173.549713,-35.30278],[173.549713,-35.321114],[173.55191,-35.328613],[173.566925,-35.344162],[173.56802400000015,-35.361671],[173.566925,-35.36972],[173.559143,-35.372772],[173.439697,-35.376106],[173.416077,-35.384445],[173.410248,-35.388893],[173.391357,-35.423058],[173.39498900000012,-35.449722],[173.396088,-35.458054],[173.392761,-35.482773],[173.386383,-35.523331],[173.38052400000015,-35.528053],[173.37384,-35.52417],[173.306915,-35.449165],[173.237732,-35.370277],[173.154144,-35.276665],[173.103302,-35.226105],[173.091919,-35.216942],[173.087463,-35.211388],[173.091919,-35.1875],[173.098846,-35.183609],[173.11911,-35.185555],[173.1280210000001,-35.1875],[173.13470500000017,-35.191109],[173.14498900000012,-35.19194],[173.15277100000014,-35.189163],[173.163879,-35.179169],[173.16857900000014,-35.173615],[173.18081700000016,-35.156105],[173.187469,-35.143333],[173.191925,-35.128334],[173.19635,-35.104446],[173.19747900000016,-35.09639],[173.198578,-35.078888],[173.198578,-35.051109],[173.19384800000012,-35.027222],[173.18942300000015,-35.012779],[173.179413,-34.993332],[173.17581200000018,-34.986946],[173.16357818362135,-34.965940809662435],[173.2278700203731,-35.01083413485823],[173.33034804771685,-35.0844234598094],[173.34878066490435,-35.02133981112776],[173.4696150154903,-35.03185311679182],[173.7029676766231,-35.147503293793775],[173.89177993248248,-35.20006982211409],[174.01523879478717,-35.23161355380354],[174.07299331138873,-35.34727898959456],[174.06791213463092,-35.41037026767073],[174.15127089927935,-35.420879758637525],[174.21686843345904,-35.336765683930494],[174.30015090416217,-35.34727898959456],[174.29015639732623,-35.420879758637525],[174.39191726158404,-35.57863274936018],[174.47767380401842,-35.64310801183403],[174.4735720000001,-35.646393]],[[175.80917968750003,-38.67695312500001],[175.7626953125,-38.7265625],[175.74912109375003,-38.772558593750006],[175.78183593750003,-38.79658203125001],[175.79960937500005,-38.84541015625001],[175.75537109375,-38.94316406250002],[175.79521484375005,-38.947851562500006],[175.85087890625005,-38.93144531250002],[175.926953125,-38.90185546875],[176.00263671875,-38.865234375],[176.06552734375003,-38.81201171875],[176.08271484375,-38.75800781250001],[176.05742187500005,-38.721289062500006],[175.9435546875,-38.67695312500001],[175.80917968750003,-38.67695312500001]]],[[[176.066925,-37.59639],[176.061096,-37.591942],[176.05719,-37.585556],[176.062744,-37.580833],[176.0663348747101,-37.579473218599915],[176.07174430796985,-37.59828601435678],[176.066925,-37.59639]]],[[[174.644135,-37.061111],[174.66137700000013,-37.065552],[174.66497800000013,-37.071945],[174.6663820000001,-37.080284],[174.661926,-37.085831],[174.650543,-37.095276],[174.64973782287814,-37.096281251436984],[174.62406988349076,-37.06118429163122],[174.644135,-37.061111]]],[[[174.176086,-36.276947],[174.180542,-36.282501],[174.198853,-36.343887],[174.19893053684467,-36.344459701282275],[174.13396318220344,-36.26608629436683],[174.176086,-36.276947]]],[[[174.069427,-36.400276],[174.065796,-36.39389],[174.057465,-36.374718],[174.049133,-36.353615],[174.04826610989736,-36.35089847376851],[174.06440261314654,-36.367596067231275],[174.07839463592813,-36.40749406465298],[174.069427,-36.400276]]],[[[172.947205,-34.716942],[172.828033,-34.584442],[172.82116876580952,-34.57758438130122],[172.93045436737788,-34.56338169224419],[172.936096,-34.567223],[172.97302200000013,-34.581116],[173.04554809245002,-34.65738347484088],[172.9896345467403,-34.72744408969221],[173.0612889918479,-34.8445010636372],[172.947205,-34.716942]]],[[[173.016663,-34.52861],[173.0074770000001,-34.526947],[173.00717371245074,-34.52608016116006],[173.0191755623653,-34.51752129916487],[173.02229526469597,-34.528006153791466],[173.016663,-34.52861]]]]},"properties":{"id":"kelteminar","name":"Kelteminar","names":{"en":"Kelteminar","fr":"Kelteminar"},"subjectTo":"Kelteminar","partOf":"Kelteminar","borderPrecision":1,"wikidata":null,"wikipedia":null,"year":-5000,"source":"Historical Basemaps","sourceUrl":"https://github.com/aourednik/historical-basemaps"}},{"type":"Feature","geometry":{"type":"MultiPolygon","coordinates":[[[[147.32717900000011,-43.104721],[147.331085,-43.100555],[147.354401,-43.076393],[147.359955,-43.073616],[147.37534256485424,-43.09291829876495],[147.2980182816108,-43.14712231325371],[147.32717900000011,-43.104721]]],[[[148.2658080000001,-41.158333],[148.263031,-41.169167],[148.262756,-41.18306],[148.265259,-41.200836],[148.269714,-41.218605],[148.272491,-41.223328],[148.280548,-41.23111],[148.28061218999187,-41.23115853850254],[148.30357811998883,-41.37513537411108],[148.287476,-41.423889],[148.275269,-41.448334],[148.273315,-41.453888],[148.271362,-41.46611],[148.27887,-41.533333],[148.279694,-41.539726],[148.284149,-41.550552],[148.2905270000001,-41.559723],[148.30218500000012,-41.571945],[148.310516,-41.585831],[148.313873,-41.596664],[148.31469700000014,-41.609726],[148.313873,-41.616112],[148.292206,-41.728882],[148.275269,-41.775558],[148.266663,-41.789726],[148.263885,-41.808334],[148.26553300000012,-41.820839],[148.27629315435743,-41.89174074321365],[148.22970445387716,-41.984930761290066],[148.202179,-41.94722],[148.198578,-41.943054],[148.191071,-41.941666],[148.183868,-41.943054],[148.17996200000016,-41.946945],[148.082733,-42.10611],[148.079956,-42.110832],[148.07690400000013,-42.122498],[148.07690400000013,-42.12944],[148.03089968987433,-42.382594129448464],[147.98119643638873,-42.48201409701643],[147.97039867188545,-42.5484007649672],[147.961639,-42.555],[147.955811,-42.557777],[147.943848,-42.613892],[147.95371593301792,-42.65096935176807],[147.94098141394008,-42.72926354768948],[147.930542,-42.738052],[147.91912800000011,-42.744164],[147.904144,-42.752785],[147.893585,-42.760284],[147.886108,-42.767776],[147.880249,-42.776665],[147.84301800000014,-42.869446],[147.84274300000016,-42.876389],[147.84552,-42.881943],[147.853851,-42.888893],[147.859406,-42.89167],[147.866913,-42.893059],[147.87123323694183,-42.89342614489189],[147.8339822859483,-42.94134321960914],[147.825806,-42.931946],[147.6069030000001,-42.830559],[147.5949710000001,-42.826393],[147.5866390000001,-42.824722],[147.578033,-42.825279],[147.557465,-42.830559],[147.509155,-42.850555],[147.50164800000016,-42.858612],[147.49939,-42.863617],[147.4982910000001,-42.870277],[147.521362,-42.928886],[147.530548,-42.942772],[147.541351,-42.955276],[147.55218500000012,-42.974716],[147.553864,-42.979996],[147.55276500000014,-42.986389],[147.534424,-43.014168],[147.52304100000015,-43.020279],[147.51052900000013,-43.024719],[147.476624,-43.034172],[147.4369200000001,-43.045006],[147.429413,-43.043617],[147.423035,-43.04084],[147.419128,-43.037506],[147.40304600000013,-43.008339],[147.401367,-43.002785],[147.40332,-42.996666],[147.4071960000001,-42.9925],[147.413025,-42.989998],[147.420532,-42.988609],[147.42691,-42.990837],[147.43164100000013,-42.995003],[147.40802,-42.889725],[147.35162400000013,-42.861389],[147.317474,-42.846664],[147.348572,-42.904716],[147.34079,-42.951111],[147.32608,-43.008614],[147.292755,-43.028053],[147.26818800000012,-43.060432],[147.241913,-43.133614],[147.239685,-43.145836],[147.23941,-43.152779],[147.240234,-43.15889],[147.241913,-43.164444],[147.2507335617529,-43.18026871348878],[147.14171889732623,-43.256687558930494],[147.13706189213758,-43.26323957746974],[147.09829700000012,-43.244446],[147.041351,-43.199722],[147.0321960000001,-43.19194],[147.024994,-43.184166],[147.02331500000014,-43.178886],[147.02249100000017,-43.172501],[147.025269,-43.146667],[147.0202640000001,-43.129997],[147.017487,-43.125],[147.00665300000014,-43.112503],[147.00192300000015,-43.108337],[146.9935610000001,-43.108894],[146.988861,-43.112221],[146.98080400000015,-43.120277],[146.971069,-43.134727],[146.969116,-43.139442],[146.96441700000014,-43.164162],[146.96386700000016,-43.17778],[146.96441700000014,-43.190834],[146.968018,-43.201942],[146.97052,-43.206665],[146.988861,-43.220551],[146.999115,-43.226944],[147.01110800000015,-43.233612],[147.027771,-43.241943],[147.06109600000013,-43.258339],[147.092468,-43.282776],[147.096069,-43.286949],[147.098846,-43.291946],[147.100525,-43.297501],[147.09747300000015,-43.302223],[147.054962,-43.362503],[147.00415,-43.420555],[147.000275,-43.424721],[146.95851528728193,-43.51443978398606],[146.92144301841998,-43.566597379487135],[146.8758880565194,-43.63201401197535],[146.863281,-43.636391],[146.833588,-43.648056],[146.82189900000014,-43.623329],[146.819427,-43.618332],[146.815796,-43.614166],[146.8035890000001,-43.609169],[146.79498300000012,-43.608337],[146.77804600000013,-43.609444],[146.762756,-43.611946],[146.68637100000012,-43.603333],[146.603577,-43.559998],[146.59552,-43.552223],[146.514435,-43.542778],[146.296082,-43.534729],[146.287476,-43.533615],[146.276367,-43.528053],[146.26913500000012,-43.519447],[146.267761,-43.513893],[146.266388,-43.501671],[146.263611,-43.496666],[146.258331,-43.4925],[146.252777,-43.489723],[146.235779,-43.488609],[146.227173,-43.489166],[146.19165192204687,-43.49705167182039],[145.96689895103717,-43.40729180697737],[145.9364425458275,-43.38645208734471],[145.933594,-43.383331],[145.929962,-43.379166],[145.931091,-43.373055],[145.936096,-43.36972],[145.991913,-43.345833],[146.091644,-43.355278],[146.099976,-43.35611],[146.106628,-43.358337],[146.112183,-43.361946],[146.156647,-43.379723],[146.223846,-43.395554],[146.233307,-43.394447],[146.236359,-43.389725],[146.236633,-43.384171],[146.236359,-43.327225],[146.232727,-43.323059],[146.16970800000013,-43.280281],[146.161102,-43.28083],[146.15246600000012,-43.288055],[146.13970900000015,-43.31472],[146.13552900000013,-43.325562],[146.127441,-43.333611],[146.12161300000014,-43.336945],[146.114136,-43.337219],[145.866364,-43.31028],[145.851349,-43.30722],[145.840515,-43.301392],[145.833313,-43.29306],[145.758881,-43.184441],[145.72689800000012,-43.133331],[145.595245,-42.979164],[145.582733,-42.967773],[145.57717900000011,-42.965004],[145.570801,-42.961945],[145.564423,-42.960556],[145.554962,-42.960281],[145.53997800000013,-42.962502],[145.52761122554958,-42.96589151171032],[145.4938612313106,-42.918430722992994],[145.41601705662583,-42.827426081555814],[145.397766,-42.775558],[145.356079,-42.662216],[145.353302,-42.657219],[145.349976,-42.652496],[145.31051600000012,-42.623611],[145.26803600000017,-42.616661],[145.26080300000012,-42.61528],[145.25637800000015,-42.611671],[145.25470000000018,-42.60611],[145.23389524825453,-42.472687253862006],[145.30095961998248,-42.4616207254344],[145.37702468345904,-42.506531156342604],[145.56630996177935,-42.58340493563948],[145.62429336021685,-42.51891747836409],[145.54423231836307,-42.37073226546489],[145.55136100000016,-42.355278],[145.5535890000001,-42.349724],[145.55191000000013,-42.344162],[145.50951386463285,-42.32443621369928],[145.26253032378025,-42.07873947985194],[145.261658,-42.074173],[145.251648,-42.042229],[145.24411,-42.027496],[145.1866460000001,-41.940552],[145.182465,-41.936111],[145.05496200000016,-41.846664],[144.954956,-41.713333],[144.858582,-41.544449],[144.81599273490943,-41.45925773760207],[144.70011428306842,-41.16398660067854],[144.69711090898215,-40.88378738197466],[144.69830300000012,-40.881943],[144.700531,-40.875832],[144.70401633234508,-40.86044110829977],[144.7761335701778,-40.84276238803206],[145.22802260826373,-40.983108915131666],[145.89188674400592,-41.142315305512525],[146.3822126717403,-41.30834618930159],[146.74070266197467,-41.29478494052229],[146.94913772056842,-41.23012200717268],[147.12060073326373,-41.17839089755354],[147.2885847420528,-41.15234795932112],[147.59635451744342,-41.16458932284651],[147.73382094810748,-41.02944222811995],[148.05588820884967,-40.919651426117994],[148.26952651451373,-41.09258309726057],[148.26568129966998,-41.137554563325025],[148.26824110249817,-41.15360234850224],[148.2658080000001,-41.158333]]],[[[147.880524,-42.865005],[147.879669,-42.859726],[147.881622,-42.854172],[147.88552900000013,-42.849998],[147.899719,-42.840553],[147.907196,-42.839165],[147.9125770379534,-42.84024430793663],[147.88697443249362,-42.873177747917445],[147.880524,-42.865005]]],[[[147.618835,-43.015839],[147.621613,-43.011116],[147.670807,-42.948051],[147.674683,-42.943886],[147.679413,-42.940552],[147.693573,-42.937218],[147.70303300000012,-42.937218],[147.71136500000011,-42.938049],[147.718018,-42.940834],[147.7271730000001,-42.94722],[147.73440600000015,-42.962219],[147.737732,-42.973328],[147.733856,-42.984444],[147.72883564715954,-42.989143507608965],[147.6181599248832,-43.019591261783525],[147.618835,-43.015839]]]]},"properties":{"id":"aboriginal-tasmanians","name":"Aboriginal Tasmanians","names":{"en":"Palawa","fr":"Aborigènes de Tasmanie"},"subjectTo":"Aboriginal Tasmanians","partOf":"Aboriginal Tasmanians","borderPrecision":1,"wikidata":"Q265730","wikipedia":{"en":"https://en.wikipedia.org/wiki/Aboriginal_Tasmanians","fr":"https://fr.wikipedia.org/wiki/Aborig%C3%A8nes_de_Tasmanie"},"year":-5000,"source":"Historical Basemaps","sourceUrl":"https://github.com/aourednik/historical-basemaps"}},{"type":"Feature","geometry":{"type":"MultiPolygon","coordinates":[[[[131.588867,33.345268],[131.578033,33.340546],[131.566071,33.338326],[131.55136100000016,33.34166],[131.54025300000012,33.34777100000014],[131.523041,33.35527000000013],[131.508026,33.347214],[131.50415,33.343048],[131.500824,33.337769],[131.499695,33.331665],[131.500549,33.320549],[131.50332600000013,33.310547],[131.514435,33.270546],[131.51638800000012,33.265549000000135],[131.519348,33.26127600000012],[131.53942900000015,33.253883],[131.563599,33.248329],[131.578857,33.245544],[131.58718785547134,33.24490569545201],[131.41355422447467,33.11121710415544],[131.59562209556842,33.00366552944841],[131.79528335045123,32.80728491421404],[131.83098891685748,32.69308813687029],[131.82128495060377,32.68364302777023],[131.81884800000012,32.683327],[131.813873,32.680824],[131.772766,32.652214],[131.76803600000017,32.64888],[131.76416,32.644714],[131.71493238552054,32.58012745959766],[131.5629988045528,32.43224676724138],[131.4536238045528,32.24792822476091],[131.40685561607623,32.08277472134294],[131.3687391609981,31.803355776030443],[131.31928542564654,31.51120527859392],[131.24110613868984,31.39685119167621],[131.244415,31.409718],[131.241638,31.419716],[131.238556,31.423885],[131.21359300000017,31.457218],[131.207733,31.459995000000106],[131.200256,31.460827],[131.150116,31.465847],[131.13552900000013,31.467773],[131.129395,31.466938],[131.084686,31.454163],[131.0735780000001,31.450829],[131.068573,31.44833],[131.05969200000015,31.441662],[131.039429,31.422497],[131.026917,31.401386],[131.000275,31.356384],[131.003052,31.35194],[131.008789,31.349266],[131.029968,31.343887],[131.050262,31.343609],[131.05664100000013,31.341942],[131.09774800000014,31.328331],[131.103851,31.325554000000125],[131.1113590000001,31.318054],[131.116699964963,31.30488446023903],[131.0487928719356,31.275754533965014],[130.9596815438106,31.193025194365404],[130.898123215986,31.105914106575696],[130.893311,31.104996],[130.876068,31.10083],[130.849976,31.090275000000133],[130.75247200000013,31.046665000000132],[130.742462,31.041664],[130.729401,31.031666],[130.72607400000015,31.026665],[130.718567,31.01833],[130.7107850000001,31.009998],[130.70636,31.006386],[130.67330900000013,30.996662],[130.666382,30.996662],[130.6666560000001,31.002499],[130.675262,31.066109],[130.677185,31.073051],[130.680542,31.078053],[130.724396,31.111385],[130.73941000000013,31.118885],[130.761383,31.154995],[130.76416000000017,31.160828],[130.796082,31.248882],[130.799133,31.307499],[130.799133,31.31305300000014],[130.79830900000013,31.318329],[130.774689,31.392220000000123],[130.769135,31.406384],[130.72960287420622,31.465078264587305],[130.73246291588092,31.478250108916185],[130.7173081327693,31.483332552522572],[130.67746,31.542496],[130.669983,31.543331],[130.63443,31.548607],[130.627441,31.55083100000013],[130.615784,31.556385],[130.60580400000015,31.562775],[130.601898,31.566666],[130.599121,31.571663],[130.59719800000016,31.576385],[130.59802200000013,31.581108],[130.600525,31.58721900000012],[130.612732,31.59888500000011],[130.647766,31.616386],[130.65332,31.617775],[130.67163100000016,31.620274],[130.679138,31.619442],[130.68609600000013,31.61694],[130.704681,31.609161],[130.716644,31.603607],[130.719421,31.599442],[130.721344,31.594719],[130.721344,31.588886],[130.716919,31.563885],[130.718018,31.558609000000104],[130.723541,31.555359000000124],[130.73080400000015,31.553608],[130.751099,31.553329],[130.774994,31.576107],[130.79357900000014,31.598053],[130.795807,31.604717],[130.80664100000013,31.63749700000011],[130.807739,31.643887],[130.810242,31.673607],[130.810242,31.67944],[130.808594,31.684162],[130.802765,31.692772],[130.774139,31.70694],[130.684692,31.724995],[130.671082,31.724995],[130.64498900000012,31.714161000000104],[130.62439,31.694996],[130.61022900000012,31.676662],[130.561096,31.59388700000011],[130.53442400000017,31.528885000000116],[130.520264,31.480274],[130.5194948705534,31.476983905147314],[130.47443679283404,31.439628206450365],[130.40757501321406,31.239485335249633],[130.33886700000016,31.244438],[130.26110800000015,31.245827000000133],[130.248566,31.24416],[130.234131,31.246105],[130.228027,31.248882],[130.203308,31.339165],[130.233856,31.395828],[130.27136200000018,31.419441],[130.2997130000001,31.446384000000137],[130.303589,31.45055],[130.306641,31.455551],[130.308868,31.462215],[130.318298,31.493328],[130.333038,31.547775],[130.334137,31.554165000000125],[130.339417,31.613331],[130.33773800000017,31.623886],[130.333862,31.633331],[130.26193200000012,31.711941000000138],[130.258026,31.715549],[130.253052,31.718884000000116],[130.221344,31.737495],[130.21441700000014,31.739716],[130.199127,31.742218],[130.185242,31.752499],[130.18139600000018,31.758202],[130.1774600000001,31.765831],[130.17663600000014,31.771111],[130.17663600000014,31.782497],[130.18136600000014,31.820274],[130.199402,31.899441000000138],[130.162476,32.006943],[130.17056894570467,32.05308299048372],[130.25628227072647,32.125457041748],[130.257202,32.125267],[130.26110800000015,32.121658],[130.26416,32.117210000000114],[130.266083,32.112495],[130.266937,32.10721600000011],[130.26886000000013,32.102493],[130.27304100000015,32.098877],[130.27887,32.0961],[130.28637700000013,32.094994],[130.291931,32.096657],[130.319702,32.115273],[130.324127,32.11859900000013],[130.345276,32.160988],[130.41534277036365,32.25976349587206],[130.44396499107623,32.28393133755388],[130.48060266771682,32.34653698188721],[130.514435,32.385551],[130.542206,32.413879],[130.555542,32.423882],[130.559418,32.428047],[130.56970200000012,32.442490000000134],[130.59719800000016,32.500549],[130.599976,32.50666],[130.609131,32.588882],[130.587463,32.631935],[130.45779666947348,32.614523269895905],[130.44912493224462,32.62739724732291],[130.45163,32.630272],[130.456085,32.633606],[130.47106900000017,32.641106],[130.56497200000013,32.691933],[130.602448,32.71554600000013],[130.608307,32.775551],[130.60553,32.791382],[130.588867,32.81166100000013],[130.580811,32.819160000000124],[130.55496200000016,32.840546],[130.51052900000013,32.874992],[130.4616390000001,32.908043],[130.45163,32.914436],[130.433319,32.96027400000014],[130.42276,32.98999],[130.42804000000012,33.037216],[130.430542,33.043053],[130.42968800000017,33.048332],[130.415802,33.087494],[130.366058,33.13499500000012],[130.361084,33.138329],[130.21109,33.17083],[130.137756,33.105827],[130.164703,33.048332],[130.17636100000016,33.030548],[130.214966,32.96888],[130.2199710000001,32.959717],[130.22106900000017,32.954712],[130.21774300000016,32.949432000000115],[130.19517950200873,32.919816702717874],[130.10752395103717,32.930778108794115],[130.03458693931842,32.81000097866716],[129.9788683153576,32.74426967517211],[129.96579,32.739433],[129.94442700000013,32.726097],[129.92746,32.692215],[129.91701777477653,32.671304544928994],[129.88608617573183,32.634814513771275],[129.83351169348256,32.59301018982478],[129.79042914639948,32.61242868688634],[129.80609100000015,32.630547],[129.853577,32.688599],[129.8569030000001,32.693604],[129.85968000000014,32.699715],[129.85968000000014,32.711105],[129.858582,32.716385],[129.856628,32.7211],[129.775269,32.80249],[129.742188,32.795273],[129.736908,32.79277000000013],[129.731903,32.792496],[129.68551600000012,32.838043],[129.639709,32.935822],[129.635529,32.945267000000115],[129.63443,32.961937],[129.636658,32.96888],[129.675537,33.069992],[129.678314,33.075829],[129.68219,33.079994],[129.687744,33.081665],[129.694122,33.080276],[129.721573,33.068443],[129.728241,33.064941],[129.747269,33.05310800000012],[129.767212,33.041107000000125],[129.814697,32.98777],[129.820801,32.979431],[129.824677,32.969711],[129.825806,32.964714],[129.832458,32.91054500000013],[129.82940700000017,32.905548],[129.825531,32.904160000000104],[129.8191220000001,32.90332],[129.814148,32.906654],[129.812195,32.911377],[129.808594,32.927216],[129.804413,32.936653],[129.798584,32.93943],[129.795258,32.93721],[129.792206,32.918602],[129.792206,32.906937],[129.793854,32.884995],[129.80304000000012,32.860825],[129.80496200000016,32.856102000000135],[129.848846,32.822769],[129.854675,32.82222],[129.948578,32.8461],[129.969971,32.863052],[129.944122,32.992493],[129.9422,32.997215],[129.92691000000013,33.012772],[129.88272100000017,33.04249600000014],[129.74351500000012,33.115883],[129.636658,33.186104],[129.594971,33.207771],[129.57690400000013,33.204437],[129.569977,33.204437],[129.563873,33.207214],[129.563873,33.213051],[129.56665,33.241936],[129.57220696414925,33.29277172896768],[129.85825637291217,33.260367952544115],[130.1761579842403,33.33719977017107],[130.31766799400592,33.546989046294115],[130.34652312194643,33.580687728006914],[130.362732,33.582771],[130.36801100000014,33.585266],[130.39358500000014,33.597771],[130.40524300000016,33.61055],[130.41525300000012,33.625549],[130.41803,33.631378],[130.43839975802135,33.675573747936575],[130.64440444420123,33.7000003683156],[130.85947707603717,33.67505987759294],[130.97111037681842,33.50388678188982],[131.09250930259967,33.427962862212084],[131.28603652427935,33.39026220913591],[131.56875136802935,33.48606451626482],[131.63376071800553,33.37187859618098],[131.588867,33.345268]]],[[[130.30136100000016,32.86721],[130.309418,32.865547],[130.3155210000001,32.862770000000125],[130.330261,32.852219],[130.334137,32.848602],[130.343292,32.835823],[130.346069,32.831665],[130.3688350000001,32.796944],[130.372742,32.787498],[130.376617,32.772217],[130.376617,32.766388],[130.37236169246975,32.741359212497834],[130.2874941662875,32.867352723084835],[130.30136100000016,32.86721]]],[[[129.36405703255394,33.16778153292908],[129.5280409188106,33.297774873930834],[129.5386179315328,33.29657670625427],[129.53887900000018,33.292221],[129.502472,33.231659],[129.49273700000015,33.216385],[129.484406,33.208603],[129.47106900000017,33.198601],[129.45663500000012,33.189987],[129.44134500000018,33.182495],[129.409698,33.168884000000105],[129.39859,33.165543],[129.392212,33.164711],[129.385254,33.164711],[129.36405703255394,33.16778153292908]]],[[[134.396088,33.634163],[134.38272100000017,33.623604],[134.378571,33.619713],[134.374969,33.614716],[134.339966,33.5563810000001],[134.305145,33.527573],[134.300262,33.524162],[134.29275500000017,33.514999],[134.267761,33.480545],[134.248291,33.448326],[134.245239,33.442490000000134],[134.216064,33.373322],[134.21349530958233,33.366086955786415],[134.12464002007923,33.27602689309327],[134.11746200000016,33.280548],[134.112732,33.284164],[134.04330400000015,33.353882],[134.0416560000001,33.35860400000013],[134.03887900000018,33.379715],[134.03524800000014,33.389435],[134.031372,33.393326000000116],[133.92996200000016,33.470825],[133.91912800000011,33.477211],[133.90524300000016,33.48220800000013],[133.874115,33.490547],[133.751373,33.515831],[133.743835,33.516937],[133.716919,33.516937],[133.657471,33.514717],[133.633331,33.510551],[133.60968000000014,33.505272000000105],[133.598846,33.501389],[133.588562,33.496941],[133.579132,33.490273],[133.39444000000015,33.388603],[133.365509,33.385269],[133.353577,33.383331],[133.286926,33.367493],[133.282471,33.364159],[133.27832000000012,33.359993],[133.251099,33.323883],[133.24746700000014,33.318886],[133.24775238503528,33.30141201464731],[133.2409773201778,33.299056612212084],[133.15415481041217,33.21636541958513],[133.05884754757395,33.024162],[133.053864,33.024162],[133.04248,33.021103],[133.028595,33.01138300000014],[133.020813,33.00332600000013],[133.013885,32.993324],[133.009155,32.979713],[133.00665300000014,32.967491],[132.996063,32.855827],[132.99691571540384,32.84922783145546],[132.96967605064654,32.76526220913591],[132.95830595959262,32.7495450262026],[132.94220000000018,32.766663],[132.9274600000001,32.770828],[132.905243,32.774162],[132.898315,32.774162],[132.865784,32.772491],[132.85553,32.7677690000001],[132.85107400000015,32.764717],[132.829407,32.746658],[132.819702,32.740829],[132.814697,32.738602],[132.80304,32.73555],[132.641663,32.75],[132.636932,32.753609],[132.63470500000017,32.774994],[132.66137700000013,32.833878],[132.681915,32.853607000000125],[132.694977,32.864441],[132.704132,32.870827],[132.708008,32.874992],[132.711639,32.87999],[132.716064,32.893326],[132.71637,32.90499100000011],[132.711639,32.908325000000104],[132.658875,32.9086],[132.644989,32.908325000000104],[132.641541,32.90728800000011],[132.616364,32.900543],[132.61022900000012,32.899719],[132.522766,32.888603],[132.51638800000012,32.888046000000145],[132.508881,32.88888500000013],[132.485504,32.89388300000013],[132.48053,32.897217000000126],[132.464142,33.024994000000106],[132.487732,33.17027300000012],[132.497192,33.17749],[132.511932,33.195824],[132.518311,33.20665700000012],[132.534698,33.244713],[132.48828100000014,33.27971600000012],[132.46109000000013,33.294159],[132.417206,33.29055],[132.41052200000013,33.290833000000134],[132.382172,33.304710000000114],[132.378296,33.308327],[132.375244,33.312767],[132.373566,33.31749700000012],[132.390808,33.423607],[132.392487,33.427773000000116],[132.39636200000018,33.431938000000116],[132.39303600000017,33.44776900000011],[132.372467,33.466385000000116],[132.360962,33.469078],[132.3440973522274,33.464226973725495],[132.44994643638873,33.51961477871599],[132.57937148521685,33.640494905669115],[132.58216791454586,33.644138529618],[132.589417,33.647491],[132.6152340000001,33.659431],[132.620514,33.661934],[132.63552900000013,33.669991],[132.64413500000012,33.67749],[132.6663820000001,33.704712],[132.67691000000013,33.719711],[132.68997200000013,33.740547000000106],[132.695801,33.752220000000136],[132.698303,33.76471700000013],[132.69942558278598,33.79692009422243],[132.7843122811153,33.907523714262865],[132.96868422935748,33.79364355679216],[133.24547866295123,33.80055960293474],[133.46291640709185,33.88352163906755],[133.54434365562494,33.97224150878638],[133.548584,33.97582200000011],[133.55524175845673,33.98411564528046],[133.59744790899174,34.03010177700243],[133.60968000000014,34.037216],[133.61911,34.04361],[133.623016,34.047775],[133.62622205847836,34.052205326903255],[133.80564406822467,34.17622336025896],[134.01023391197467,34.189330660063646],[134.1526747078731,34.113456331450365],[134.5404157967403,34.01269873257341],[134.60976699302935,33.898578249174975],[134.56475356529498,33.8413463460988],[134.53496146454285,33.716931942740494],[134.396088,33.634163]]],[[[132.154144,33.359436],[132.150818,33.35443900000013],[132.1336060000001,33.349716000000114],[132.127441,33.348877],[132.12237933677864,33.348208263692634],[132.15779356900953,33.36673952075768],[132.154144,33.359436]]],[[[132.551361,34.171379000000115],[132.551117,34.165771],[132.539154,34.1511],[132.53862697918117,34.150093445493795],[132.502497458735,34.13688064734544],[132.499252,34.145092],[132.50497400000017,34.169159],[132.51944,34.17832900000013],[132.52887,34.182495],[132.536377,34.181664],[132.54330400000015,34.179161],[132.548309,34.175827],[132.551361,34.171379000000115]]],[[[132.400543,34.259438],[132.406372,34.261108],[132.474976,34.279160000000104],[132.481903,34.279160000000104],[132.485779,34.275269],[132.498657,34.25856],[132.498108,34.255081],[132.49884,34.233879],[132.495789,34.209717],[132.485504,34.132492],[132.4837211488407,34.13001402997713],[132.48118117759967,34.12908514614763],[132.39534046103932,34.2557227198077],[132.400543,34.259438]]],[[[134.982727,34.58638000000013],[134.998566,34.59332300000011],[135.0048220000001,34.59474200000011],[135.010803,34.595268],[135.018036,34.592766],[135.02191200000016,34.588882],[135.02746600000012,34.580276],[135.02804600000013,34.57499700000011],[135.02777100000014,34.569160000000124],[135.02712210921723,34.56633566127179],[134.9356794686153,34.54035147305193],[134.91836140977972,34.54175152625975],[134.982727,34.58638000000013]]],[[[139.449402,35.304161],[139.435242,35.30526700000013],[139.402771,35.303879],[139.344971,35.299995],[139.325806,35.29805],[139.283875,35.28943600000014],[139.237457,35.271935],[139.216064,35.262497],[139.1902470000001,35.249161],[139.175537,35.23999],[139.171082,35.236107],[139.159424,35.221931],[139.146362,35.198044],[139.1408080000001,35.18499],[139.112823,35.111115],[139.099976,35.096939],[139.093567,35.084717],[139.08828700000015,35.057213000000104],[139.08830639513144,35.05674739113377],[139.05291274498248,35.024886690337084],[139.02557450117058,34.71896813581949],[138.98162800000011,34.66638200000011],[138.911926,34.619156],[138.88580300000012,34.606659],[138.853302,34.59388],[138.84747300000015,34.592491],[138.833588,34.593605],[138.825531,34.5961],[138.807465,34.604164],[138.74993186133923,34.67335243689167],[138.7501244156063,34.71695196335991],[138.750549,34.717491],[138.763611,34.729156],[138.7658080000001,34.76194],[138.76638800000012,34.82222000000013],[138.76525900000013,34.881104],[138.7666630000001,34.947212],[138.767212,34.953049],[138.76886,34.95916000000011],[138.77359,34.976379],[138.780823,34.995544],[138.784698,35.000549],[138.799713,35.005829],[138.823853,35.009995],[138.844116,35.002495],[138.89386,35.008888],[138.909149,35.02916],[138.907471,35.033882],[138.9035950000001,35.03804800000012],[138.84606900000017,35.080551],[138.834412,35.086937],[138.81665,35.096382],[138.761108,35.118324],[138.744965,35.12276500000013],[138.73745700000018,35.124161],[138.723297,35.125267],[138.71051,35.12443500000012],[138.69830300000012,35.121933],[138.579407,35.096939],[138.573853,35.094711],[138.5691220000001,35.09166],[138.56469700000014,35.087769],[138.332458,34.85804700000011],[138.224396,34.701103],[138.205231,34.6661],[138.199127,34.653603],[138.197754,34.63110400000011],[138.20135500000015,34.61610400000012],[138.20259433635198,34.614017783807796],[138.19290292772544,34.59842481527165],[138.165802,34.59748800000011],[138.037476,34.638046],[137.982452,34.652214],[137.96136500000011,34.653603],[137.929138,34.651382000000126],[137.864136,34.637215],[137.84567300000015,34.635025],[137.81970200000012,34.633606],[137.799408,34.633881],[137.63610800000015,34.65499100000011],[137.591339,34.668884],[137.528595,34.661934],[137.4086,34.64804800000013],[137.346344,34.640274],[137.32803300000012,34.637215],[137.298859,34.628876000000105],[137.24301100000014,34.6105500000001],[137.17608600000017,34.588326],[137.1631881001595,34.58340807309509],[137.11392045153409,34.642387045689155],[137.141937,34.645546],[137.183594,34.653877000000136],[137.339417,34.706940000000145],[137.344696,34.70916],[137.349121,34.713051],[137.349121,34.717491],[137.347473,34.722214],[137.327759,34.762215],[137.32135000000017,34.77054600000014],[137.299408,34.789162],[137.289703,34.796387],[137.276917,34.801933],[137.217194,34.798607],[137.21109,34.797218],[137.15387,34.76805100000013],[137.094116,34.75555400000013],[137.087738,34.754997],[137.04357900000014,34.756660000000124],[137.029694,34.757774],[137.023865,34.760826],[137.01638800000012,34.7686],[137.006104,34.781105],[136.98886100000016,34.806938000000116],[136.98053,34.83138300000013],[136.980682,34.855713],[136.981354,34.862549000000115],[136.9835210000001,34.873379],[136.9863590000001,34.905548],[136.985779,34.910820000000115],[136.980255,34.919441],[136.975525,34.918602],[136.95852700000012,34.891827],[136.9376830000001,34.857323],[136.924683,34.828049000000135],[136.91719646076294,34.78754616601354],[136.8344560009143,34.82660096683626],[136.824677,34.886658],[136.823029,34.902489],[136.823853,34.913879],[136.82608,34.925827],[136.8274540000001,34.932213],[136.8319090000001,34.944992],[136.838287,34.956383],[136.849976,34.970268],[136.858582,34.978043],[136.863281,34.981102],[136.88052400000015,34.997215],[136.88443,35.001938],[136.888031,35.006943],[136.901367,35.03110500000014],[136.902466,35.04277],[136.901917,35.0480500000001],[136.89749100000017,35.074997],[136.895813,35.07972],[136.889435,35.081383],[136.85275300000012,35.07972],[136.846924,35.078331],[136.82135,35.064438],[136.744751,35.020889],[136.7355040000001,35.017769],[136.69747900000016,35.003052],[136.666656,34.986938],[136.657745,34.979988],[136.650818,34.969437],[136.642761,34.949432],[136.641357,34.943321],[136.64303600000017,34.938324],[136.647766,34.93499],[136.65164200000015,34.930824],[136.654968,34.92110400000013],[136.65554800000018,34.915825],[136.654968,34.91027100000014],[136.646637,34.873604],[136.64498900000012,34.867210000000114],[136.639709,34.854164],[136.616058,34.825829],[136.603302,34.813881],[136.598297,34.810822000000144],[136.584961,34.799721],[136.57220500000017,34.78777300000013],[136.55191000000013,34.765831000000105],[136.537201,34.746384],[136.530823,34.734993],[136.52136200000018,34.704437],[136.519714,34.69832600000012],[136.51944000000015,34.69249],[136.521088,34.676659],[136.535736,34.601273000000106],[136.54660738254378,34.59717069768561],[136.50706008384967,34.51817663784685],[136.52367690513873,34.49281271572771],[136.71134475181842,34.40433844204607],[136.89396810891574,34.26232203057991],[136.85275300000012,34.244156],[136.841064,34.24137900000011],[136.834686,34.24110400000012],[136.82717900000011,34.242218],[136.788025,34.251389],[136.774139,34.25666],[136.76944,34.260277],[136.76886,34.265549000000135],[136.77359,34.2686],[136.779419,34.269989],[136.76498400000014,34.294441],[136.66885400000012,34.29833200000013],[136.58969100000013,34.259438],[136.48053,34.221375],[136.379669,34.192764],[136.37384,34.191376],[136.366913,34.191658],[136.353577,34.196098],[136.3438420000001,34.189713],[136.303314,34.16027100000014],[136.295807,34.150543],[136.29248,34.144157],[136.290802,34.138046],[136.26814531533097,34.04176254936412],[136.1992292733028,34.00339087124529],[136.09068496178017,33.85758739453414],[136.083588,33.849998],[136.072754,33.835266000000104],[136.0694667815972,33.82908581396525],[135.99099257896685,33.72367437954607],[135.85480198942403,33.50296517472203],[135.77221700000018,33.454994],[135.593842,33.49554400000011],[135.5857850000001,33.49749],[135.531921,33.51332900000011],[135.457733,33.539993],[135.407196,33.573608],[135.399719,33.581383],[135.3366390000001,33.65416],[135.3357850000001,33.659431],[135.34274300000016,33.678047],[135.346619,33.683052],[135.3530270000001,33.683601],[135.36245700000018,33.676659],[135.369415,33.676384],[135.381073,33.679161],[135.398315,33.694435],[135.399719,33.700546000000145],[135.39804100000015,33.705551],[135.378571,33.719437],[135.320251,33.75138900000013],[135.279968,33.766106],[135.194702,33.808044],[135.066071,33.873322],[135.063293,33.877769],[135.06192,33.88832900000011],[135.08551,33.968323],[135.12912,34.056656],[135.1922,34.135269],[135.19720500000017,34.13916],[135.19720500000017,34.143608],[135.134705,34.21527100000014],[135.112732,34.239159],[135.09802200000013,34.249435],[135.1055793018301,34.26431513938059],[135.23673537681842,34.35053595181169],[135.24240031617265,34.35905731464399],[135.295807,34.390831000000105],[135.366913,34.449997],[135.37939500000016,34.462212000000136],[135.436371,34.525826],[135.45108,34.545273],[135.454132,34.55110200000013],[135.457275,34.560837],[135.458588,34.569717],[135.455231,34.626381],[135.454407,34.63166],[135.420532,34.68943],[135.417938,34.693306],[135.333588,34.718323],[135.314972,34.715828],[135.22607400000015,34.685265],[135.22052,34.68277],[135.194702,34.67054700000011],[135.1905210000001,34.66638200000011],[135.1922,34.6616590000001],[135.192749,34.65638000000013],[135.18856800000015,34.652214],[135.1702580000001,34.641106],[135.15332,34.635826],[135.063599,34.616936],[135.048859,34.61859900000013],[134.97274800000014,34.632767],[134.965515,34.63526900000011],[134.913025,34.663322],[134.890533,34.681381],[134.876892,34.692215],[134.762482,34.756660000000124],[134.742584,34.763031],[134.708588,34.772491000000116],[134.6785890000001,34.77721400000013],[134.670807,34.7783280000001],[134.663879,34.778603],[134.65109300000017,34.77748900000012],[134.499695,34.754715],[134.4133,34.71998600000012],[134.345795,34.700546],[134.326904,34.697769],[134.319427,34.698875],[134.299377,34.704121],[134.2502750000001,34.715271],[134.242096,34.70388],[134.24939000000018,34.689156],[134.189423,34.62471],[134.137207,34.590271],[134.121887,34.582214],[134.116638,34.579994],[134.099121,34.575554],[134.076019,34.579605],[134.07301300000017,34.581604],[134.07202100000018,34.584602],[134.059418,34.592491],[134.049408,34.599434],[134.037201,34.60527],[134.029694,34.606384],[134.001923,34.607498],[133.995239,34.60694100000012],[133.98941000000013,34.60527],[133.934967,34.584435],[133.92996200000016,34.582214],[133.92691,34.576385],[133.92663600000014,34.57054900000014],[133.926361,34.562492],[133.92804000000012,34.55777],[133.93109100000015,34.553322],[133.935791,34.549995],[133.939545,34.549049],[133.942474,34.548332],[133.950806,34.556656],[133.957733,34.566666],[133.970245,34.57888],[133.980255,34.584435],[134.00415,34.589432],[134.022766,34.592216],[134.036926,34.589432],[134.041931,34.586105],[134.044708,34.5816650000001],[134.02536,34.553387],[134.025192,34.54988500000013],[134.024368,34.546219],[134.020874,34.53921500000013],[133.94302400000015,34.454437],[133.938293,34.451103],[133.933044,34.4488750000001],[133.921356,34.445824],[133.914978,34.445267],[133.899139,34.448326],[133.82635500000015,34.463882000000126],[133.76944000000015,34.490273],[133.72219800000016,34.520828],[133.703033,34.52166],[133.679138,34.516663],[133.66803,34.512772],[133.47607400000015,34.421661],[133.45588860144198,34.41016097629262],[133.3087275090276,34.37458369414401],[133.26971400000014,34.418884],[133.26470900000015,34.422218],[133.256653,34.424164],[133.247192,34.422218],[133.242462,34.418884],[133.23886100000016,34.413879],[133.23468000000014,34.40416],[133.21729651289112,34.35247957481935],[133.05659511543027,34.313628823813495],[133.046356,34.324165],[132.90191700000014,34.315544],[132.82302900000013,34.308601000000124],[132.81720000000018,34.307213],[132.8119200000001,34.30471],[132.807465,34.301384],[132.780273,34.27082800000011],[132.76858500000014,34.254715],[132.776367,34.247215],[132.777191,34.241936],[132.773041,34.237770000000125],[132.7680766036206,34.23400464983567],[132.72758138840172,34.21919528901234],[132.69329800000014,34.207771],[132.687744,34.206383],[132.657196,34.198875],[132.65136700000016,34.197487],[132.632172,34.195267],[132.570526,34.18943],[132.5571900000001,34.188881],[132.55081200000018,34.190544],[132.546936,34.194153],[132.500824,34.29055],[132.5,34.29583],[132.5038760000001,34.322495],[132.412476,34.364159],[132.404968,34.36499800000013],[132.39859000000013,34.364441],[132.373566,34.359993],[132.36773700000015,34.358604],[132.35662800000011,34.354713],[132.35134900000014,34.352219000000105],[132.336365,34.344154],[132.322479,34.33416],[132.26561131339008,34.27963868667035],[132.1834822029903,34.287170015532396],[131.99730971763873,34.09000738735857],[131.99591677289183,33.92067188838038],[131.8366390000001,33.99749],[131.824402,34.010277],[131.82608,34.015831],[131.823029,34.019989],[131.787201,34.043327],[131.745789,34.05360400000012],[131.604675,34.029716],[131.396088,33.976379],[131.334961,33.95166],[131.324402,33.946655],[131.28669383174415,33.9293139110306],[131.2147374319134,33.92455329708408],[131.174683,33.93027500000011],[131.170532,33.934158],[131.164703,33.94249],[131.163879,33.953606],[131.148041,33.98027],[131.108582,34.011383],[131.092194,34.020828],[131.05996700000014,34.033882],[131.033325,34.04027600000012],[131.027466,34.0388870000001],[130.999115,34.010277],[130.996338,34.0044400000001],[130.9935610000001,33.992767],[130.988281,33.984436],[130.98025500000017,33.976097],[130.91912800000011,33.918327],[130.91470300000015,33.914993],[130.908875,33.913322],[130.90136700000016,33.91415400000011],[130.893311,33.921661],[130.88443,33.934433],[130.886932,34.125267],[130.894989,34.1336060000001],[130.922211,34.163879],[130.925262,34.168884000000105],[130.92776500000014,34.181381],[130.924683,34.191376],[130.912201,34.225266],[130.906097,34.233879],[130.89590768655043,34.24634330999398],[131.10976699302935,34.24053534146013],[131.33410170982623,34.291774355132006],[131.67228225181842,34.501952730376146],[132.26168429752602,35.02477489759572],[132.28887900000018,35.031937],[132.299988,35.03611],[132.31665,35.051659],[132.35968,35.099998],[132.38746243562406,35.13634491882006],[132.45169602090357,35.193322566774775],[132.547211,35.24749],[132.57940700000017,35.261108],[132.595795,35.26749400000011],[132.613281,35.271935],[132.62939500000016,35.27999100000011],[132.638885,35.286385],[132.651917,35.29860700000012],[132.658875,35.308601000000124],[132.66497800000013,35.320274],[132.674683,35.34638200000012],[132.680817,35.36582900000013],[132.681915,35.372215],[132.67839624315997,35.38144428585267],[132.78869155357623,35.38724859829607],[132.98076919029498,35.444869600493334],[133.00620559166217,35.254149996001146],[133.22861770103717,35.31183584805193],[133.80405715416217,35.427482210356615],[134.22356704185748,35.4537731039113],[134.75583938072467,35.531173311430834],[135.15697768638873,35.646468721587084],[135.18804458091998,35.443011842924975],[135.35766128013873,35.32253988857927],[135.43247512291217,35.360839449126146],[135.72710708091998,35.45048102017107],[135.81830824699043,35.519945031038596],[135.82220500000017,35.52166],[135.83108500000014,35.528877],[135.83983722147548,35.536342726178155],[135.92803481529498,35.60351904507341],[135.92795888643494,35.611511324551145],[135.968842,35.646385],[135.967194,35.6511],[135.963013,35.699715],[135.964417,35.706100000000106],[135.971344,35.71666],[136.011932,35.739716],[136.017487,35.742218],[136.023865,35.74249300000014],[136.02887,35.739159],[136.032745,35.735268],[136.04357900000014,35.711937],[136.049713,35.697769],[136.050262,35.69249],[136.045532,35.68055],[136.040527,35.67749],[136.036377,35.673325],[136.034973,35.669441],[136.038879,35.66554300000013],[136.058014,35.650269],[136.066071,35.64804800000013],[136.072754,35.648605],[136.08053600000017,35.657494],[136.082184,35.663605],[136.098572,35.746101],[136.098572,35.762772],[136.091919,35.782211],[136.085785,35.796104],[136.080261,35.804993],[136.06192,35.824997],[136.054138,35.833054],[136.03192100000012,35.851936],[136.020813,35.85833],[136.011108,35.865273],[136.007202,35.869438],[136.004425,35.873604000000114],[135.97002357903486,35.94040155705767],[135.97788527916217,35.97254904385271],[136.1872663826778,36.20200308438005],[136.50152114341998,36.46351202603044],[136.66849807213092,36.66749533291521],[136.66767145146042,36.68229824473452],[136.695526,36.723602],[136.712463,36.751389],[136.72161900000015,36.769714],[136.751648,36.831383],[136.76138300000014,36.857498],[136.76886,36.882767000000115],[136.767761,36.96527100000014],[136.766083,36.981102000000135],[136.72995,37.092491],[136.690521,37.130547],[136.682739,37.13193500000011],[136.67996200000016,37.136383],[136.67996200000016,37.147217],[136.682465,37.176102],[136.689423,37.195541000000105],[136.7104719356774,37.25255911626012],[136.72185805748248,37.26593359585466],[136.81084731529498,37.31068380947771],[137.30964187095904,37.43265112515154],[137.31416156178636,37.40420871350283],[137.24884,37.3605500000001],[137.145538,37.28638500000011],[137.072754,37.204437],[137.06884800000012,37.199432],[137.037476,37.181938],[137.0321960000001,37.179718],[137.02609300000017,37.178329],[137.01944,37.178047],[137.012207,37.178329],[137.004425,37.179718],[136.963013,37.192764],[136.956635,37.195824],[136.95303300000012,37.199997],[136.921356,37.197212],[136.875793,37.131378],[136.865234,37.099434],[136.863281,37.087769],[136.86496,37.071663],[136.868835,37.067772000000105],[136.87255900000014,37.065674],[136.979126,37.041107],[136.9863590000001,37.04055],[136.998016,37.044159],[137.00305200000014,37.0472180000001],[137.00720200000012,37.05110200000013],[137.014435,37.061661],[137.03403208925482,37.05839144329076],[137.01377395103717,37.037353121001146],[136.98302749107623,36.83360632534685],[137.04532912681842,36.668258272368334],[137.17620376060748,36.643066011626146],[137.27591994713092,36.69418676968279],[137.46403029869342,36.85367926235857],[137.57181838463092,36.892081819731615],[137.8874963691638,37.02481461594864],[139.5383982412448,35.29032277566102],[139.5377904426888,35.28966765554411],[139.449402,35.304161]],[[135.88925781250003,34.999804687499996],[135.92197265625003,35.026025390624994],[135.98056640625003,35.0978515625],[136.21425781250002,35.264013671875],[136.26806640625,35.34716796875],[136.22451171875002,35.407421875],[136.18222656250003,35.4533203125],[136.1369140625,35.466064453125],[136.08281250000005,35.44296875],[136.0578125,35.387255859374996],[136.0322265625,35.303955078125],[135.96914062500002,35.2033203125],[135.8916015625,35.09287109375],[135.88925781250003,34.999804687499996]]],[[[136.954132,37.089432],[136.94635000000017,37.0908280000001],[136.942474,37.094711],[136.911652,37.126938],[136.90942400000017,37.137215],[136.91110200000014,37.143326000000116],[136.917206,37.144714],[136.922424,37.141914],[136.941071,37.138329],[136.979401,37.143608],[137.03469800000016,37.15277100000014],[137.04025300000012,37.154991],[137.047485,37.154434],[137.05304000000012,37.152214],[137.05581700000016,37.147774],[137.057465,37.143051],[137.058014,37.137772],[137.054138,37.115273],[137.050262,37.110275],[137.04470800000013,37.108047],[136.954132,37.089432]]]]},"properties":{"id":"jomon","name":"Jōmon","names":{"en":"Jōmon pottery","fr":"Céramique de la période Jōmon"},"subjectTo":"Jōmon","partOf":"Jōmon","borderPrecision":1,"wikidata":"Q4390366","wikipedia":{"en":"https://en.wikipedia.org/wiki/J%C5%8Dmon_pottery","fr":"https://fr.wikipedia.org/wiki/C%C3%A9ramique_de_la_p%C3%A9riode_J%C5%8Dmon"},"year":-5000,"source":"Historical Basemaps","sourceUrl":"https://github.com/aourednik/historical-basemaps"}},{"type":"Feature","geometry":{"type":"MultiPolygon","coordinates":[[[[-73.309723,-16.352501],[-73.310562,-16.346111],[-73.313339,-16.341946],[-73.320282,-16.335003],[-73.329727,-16.330002],[-73.406952,-16.300282],[-73.453903,-16.283058],[-73.53877445016573,-16.25528863579116],[-73.6725968985722,-16.196661390107252],[-73.90887524677007,-16.10161577107474],[-73.965012,-16.056946],[-73.999451,-16.028057],[-74.041946,-15.972778],[-74.043335,-15.967224],[-74.049454,-15.959446],[-74.05307,-15.955833],[-74.05751,-15.953056],[-74.169174,-15.901112],[-74.174454,-15.899168],[-74.256958,-15.875278],[-74.333618,-15.855835],[-74.33432655843463,-15.85580761183108],[-74.44668732119818,-15.781139878247924],[-74.451675,-15.765556],[-74.476669,-15.728056],[-74.483612,-15.720835],[-74.492783,-15.715834],[-74.517502,-15.705002],[-74.62412710198416,-15.66305469145441],[-75.23090836097454,-15.221601880829908],[-75.23345411206635,-15.219331742223238],[-75.243622,-15.207224],[-75.260284,-15.18889],[-75.288071,-15.160557],[-75.297501,-15.155556],[-75.30829988797937,-15.15258904848827],[-75.41947630266355,-15.053449006110434],[-75.500839,-14.934723],[-75.50528,-14.925835],[-75.515839,-14.914446],[-75.527237,-14.904446],[-75.543625,-14.892223],[-75.552231,-14.886667],[-75.571396,-14.87639],[-75.610001,-14.858334],[-75.68779198087421,-14.814182181541518],[-75.78529068519329,-14.727239049714186],[-75.97002032598941,-14.508101298841847],[-75.983063,-14.476667],[-75.987793,-14.467501],[-76.05929575693168,-14.399358887379979],[-76.11425563968737,-14.310884657843062],[-76.115845,-14.30139],[-76.140564,-14.230278],[-76.19373189011066,-14.18294406426609],[-76.24178024818157,-14.105595983307936],[-76.23820969154094,-13.908625997346022],[-76.23814646748436,-13.762126237181697],[-76.23584,-13.754446],[-76.229446,-13.7325],[-76.20195,-13.638056],[-76.194458,-13.581667],[-76.180557,-13.46389],[-76.18251,-13.451946],[-76.196945,-13.418335],[-76.241669,-13.338335],[-76.249725,-13.325834],[-76.253876,-13.32386],[-76.28334,-13.282778],[-76.380005,-13.163334],[-76.401947,-13.136391],[-76.40889,-13.129168],[-76.426117,-13.11278],[-76.438065,-13.103613],[-76.464172,-13.080833],[-76.478058,-13.066389],[-76.492233,-13.046112],[-76.505005,-13],[-76.512787,-12.966667],[-76.520004,-12.903612],[-76.59584,-12.792223],[-76.609177,-12.784168],[-76.634445,-12.753613],[-76.640015,-12.745279],[-76.750565,-12.535278],[-76.788895,-12.444168],[-76.788895,-12.437223],[-76.790558,-12.425556],[-76.798615,-12.392778],[-76.800842,-12.387779],[-76.821671,-12.360279],[-76.854446,-12.322779],[-76.862228,-12.316113],[-76.916122,-12.271112],[-76.99853998904729,-12.183562664827974],[-77.17674105552281,-11.827034348726466],[-77.185837,-11.80222],[-77.174179,-11.744446],[-77.173889,-11.73889],[-77.175003,-11.733334],[-77.176392,-11.727779],[-77.198624,-11.667501],[-77.203064,-11.658335],[-77.30307,-11.512779],[-77.306396,-11.509167],[-77.370285,-11.45389],[-77.378616,-11.448057],[-77.43994675419529,-11.411451018891237],[-77.46394058753704,-11.388950742524244],[-77.53615338027758,-11.356326207753872],[-77.548615,-11.349445],[-77.56778,-11.340557],[-77.576261673024,-11.338205950364193],[-77.61976703406306,-11.31855095420561],[-77.642227,-11.302778],[-77.646118,-11.300001],[-77.650009,-11.296391],[-77.652512,-11.292223],[-77.664459,-11.264168],[-77.666397,-11.259167],[-77.666397,-11.246113],[-77.664734,-11.240557],[-77.655838,-11.22139],[-77.652237,-11.218056],[-77.647232,-11.216112],[-77.640015,-11.216391],[-77.62973,-11.220278],[-77.623337,-11.221111],[-77.617783,-11.220001],[-77.613342,-11.217224],[-77.610001,-11.206112],[-77.610001,-11.186111],[-77.610565,-11.18],[-77.613068,-11.16889],[-77.679459,-10.934168],[-77.68747486808587,-10.917745105072209],[-77.69160934974407,-10.836669362824537],[-77.75874802161907,-10.658920682709791],[-77.99172997938516,-10.234450054395035],[-78.26179300746264,-9.742421296838932],[-76.38791948631228,-9.705678678777161],[-74.61741613281461,-9.978063810084496],[-73.36444452880086,-10.931411769660173],[-72.16594995104859,-12.94706174133446],[-72.00251887226418,-14.30898739787114],[-72.22042697731004,-15.425766436231218],[-73.11740172169971,-16.457287392279323],[-73.28297897865032,-16.367351926606275],[-73.30086157142554,-16.359517612015694],[-73.309723,-16.352501]]]]},"properties":{"id":"norte-chico","name":"Norte Chico","names":{"en":"Norte Chico","fr":"Norte chico du Chili"},"subjectTo":"Norte Chico","partOf":"Norte Chico","borderPrecision":1,"wikidata":"Q4344485","wikipedia":{"en":"https://en.wikipedia.org/wiki/Norte_Chico,_Chile","fr":"https://fr.wikipedia.org/wiki/Norte_chico_du_Chili"},"year":-5000,"source":"Historical Basemaps","sourceUrl":"https://github.com/aourednik/historical-basemaps"}},{"type":"Feature","geometry":{"type":"MultiPolygon","coordinates":[[[[39.810829,-16.363056],[39.810272,-16.358334],[39.812218,-16.328056],[39.813332,-16.321667],[39.81805400000013,-16.3125],[39.83305400000012,-16.291668],[39.836937,-16.288612],[39.861382,-16.278057],[39.867218,-16.276947],[39.894722000000115,-16.273056],[39.901382000000126,-16.272781],[39.906387,-16.273613],[39.91111,-16.276112],[39.91407461962277,-16.279079083978235],[39.82406569002405,-16.388660978945197],[39.810829,-16.363056]]],[[[34.684179687500006,-12.11865234375],[34.662109375,-12.100781250000011],[34.66748046875,-12.047558593750011],[34.67988281250001,-12.008886718750006],[34.714941406250006,-12.002734375],[34.73896484375001,-12.013085937500009],[34.755957031250006,-12.03076171875],[34.75625,-12.05908203125],[34.74599609375002,-12.08837890625],[34.719335937500006,-12.110644531250003],[34.684179687500006,-12.11865234375]]],[[[34.62177734375001,-12.066601562500011],[34.58046875000002,-12.065820312500009],[34.541601562500006,-12.018652343750006],[34.55400390625002,-11.982226562500003],[34.59140625,-11.97109375],[34.62421875000001,-11.984765625],[34.6416015625,-12.013671875],[34.62177734375001,-12.066601562500011]]],[[[39.44554900000014,-8],[39.34861,-8.275002],[39.32972,-8.296946],[39.31916,-8.294724],[39.295288,-8.267862],[39.305275,-8.296667],[39.309998,-8.403334],[39.339996,-8.548334],[39.354164,-8.666668],[39.355827,-8.716946],[39.39749796035746,-8.759739981062927],[39.421380758797845,-8.86391232223673],[39.405273000000136,-8.866945],[39.387772,-8.9025],[39.392494,-8.91139],[39.402771,-8.910278],[39.436278510462806,-8.928893554358208],[39.57677367637898,-9.541707433503248],[39.6576147408321,-9.795738614838697],[39.82425527546696,-9.988881344166298],[39.826385,-9.993057],[39.82879874785581,-9.994147401789848],[39.83821776817585,-10.00506440524397],[39.94163284122845,-10.074008496996582],[39.970551,-10.120834],[39.974716,-10.13028],[39.98277300000012,-10.170279],[39.981384000000105,-10.182779],[39.975639000000115,-10.202286],[39.978333,-10.213057],[39.986664,-10.22389],[39.993607,-10.219168],[39.996384,-10.211113],[39.999443,-10.178612],[39.997498,-10.167778],[39.994164,-10.157223],[39.989166,-10.149723],[39.985275,-10.140001],[39.987221,-10.129168],[39.996384,-10.125],[40.036561564171606,-10.137294963769396],[40.128368682809736,-10.198500339582562],[40.13250000000011,-10.247778],[40.223053,-10.297224],[40.232773,-10.298056],[40.25309464510968,-10.282060145629927],[40.38686660240437,-10.37247506503401],[40.417489929581244,-10.412152485565787],[40.433884,-10.447779],[40.436813,-10.478174],[40.447777,-10.471111],[40.46477034688838,-10.473411831736042],[40.46619323204304,-10.47525540713606],[40.52401259849812,-10.550122655671217],[40.58579742274418,-10.689773361879958],[40.50305200000014,-10.791113],[40.551384,-10.799723],[40.596664,-10.820002],[40.60130380212605,-10.823134043941241],[40.58472015407712,-10.875164611699283],[40.575272,-10.878889],[40.537498,-10.895279],[40.528885,-10.900557],[40.512772,-10.923334],[40.507774,-10.931391],[40.503609,-10.941113],[40.501938,-10.952223],[40.501389,-10.96389],[40.500832000000116,-11.018057],[40.500832000000116,-11.031946],[40.506386000000134,-11.039446],[40.516937,-11.036112],[40.528328,-11.027779],[40.527496,-11.019445],[40.52971600000012,-11.009445],[40.53944400000012,-11.008612],[40.54183955572596,-11.009700865208288],[40.5364103646114,-11.02673474673567],[40.40044310997273,-11.230388082306959],[40.311343225939524,-11.344973005097486],[40.392519983752024,-11.548167623322584],[40.450381311877024,-11.872153676789381],[40.44549086998249,-12.081891454499342],[40.50423129691112,-12.443503618791542],[40.472771,-12.498611],[40.471382,-12.50889],[40.479721,-12.513613],[40.489441,-12.517778],[40.50833100000011,-12.524168],[40.51826553012356,-12.52989981492911],[40.52701857994343,-12.583784498017408],[40.48177245567585,-12.844442762177565],[40.36584380577351,-12.990858472626783],[40.53394225548054,-13.30826608065901],[40.56946373610401,-13.422056868821201],[40.541939,-13.476112],[40.525833,-13.515278],[40.54583,-13.5275],[40.551384,-13.534168],[40.578888,-13.567223],[40.582222,-13.585835],[40.571663,-13.588612],[40.541107,-13.635557],[40.537498,-13.645279],[40.547775,-13.687778],[40.599998,-13.890001],[40.60153884553865,-13.895239209239374],[40.6008634896114,-14.032622731965162],[40.60036836558325,-14.142862838378168],[40.584999,-14.148056],[40.554718,-14.156668],[40.534996,-14.163334],[40.530548,-14.171667],[40.559441,-14.208057],[40.59861,-14.245834],[40.59990872663221,-14.245202139227302],[40.59920791099812,-14.401239789765455],[40.61833480308796,-14.483810819428541],[40.701338800890696,-14.540838636201002],[40.83854634735164,-14.576060973358441],[40.846107,-14.697779],[40.84538340857697,-14.729463771000107],[40.81732170421319,-14.813425144408903],[40.734161,-14.885279],[40.722771,-14.892778],[40.747215,-14.928335],[40.754166,-14.938057],[40.75745055182137,-14.946271336771769],[40.589426964785105,-15.119277196344399],[40.573608,-15.122778],[40.543884,-15.119722],[40.534721,-15.12389],[40.528885,-15.132778],[40.514442,-15.180557],[40.514442,-15.187223],[40.53187761138066,-15.192292085776904],[40.61015990684773,-15.35451737765608],[40.57406905601765,-15.481702245514967],[40.528035343566394,-15.543960010784739],[40.479996,-15.574722],[40.446106,-15.59639],[40.429718,-15.607779],[40.41027100000014,-15.645834],[40.3836060000001,-15.690834],[40.378609,-15.698891],[40.360275,-15.723333],[40.338608,-15.744446],[40.24472,-15.833889],[40.125549,-15.940001],[40.130272,-15.967501],[40.136383,-15.985834],[40.13582600000012,-15.9925],[40.132217,-16.002781],[40.11618284899574,-16.040984583367457],[40.025157007677805,-16.143841184418775],[39.94379083202554,-16.242900908314393],[39.939438,-16.243336],[39.926109,-16.243336],[39.91111,-16.2425],[39.899719,-16.238892],[39.888611,-16.236946],[39.879166,-16.241669],[39.808052,-16.281948],[39.783051,-16.299446],[39.782219,-16.311668],[39.803055,-16.372501],[39.813472849913325,-16.40155729376185],[39.795062098009836,-16.423971570771315],[39.60536199186598,-16.595650122135186],[39.50666,-16.653336],[39.43888900000013,-16.68528],[39.310555,-16.752224],[39.283882,-16.768333],[39.192497,-16.83139],[39.127495,-16.870422],[39.12805200000014,-16.88139],[39.12777910034563,-16.906703525218212],[38.87970897519795,-17.04370181166812],[38.83055100000013,-17.055836],[38.818329,-17.057781],[38.686104,-17.070835],[38.604721,-17.099167],[38.391937,-17.176392],[38.330551,-17.198891],[38.249718,-17.229446],[38.21472200000011,-17.250557],[38.207497,-17.258057],[38.202499,-17.26667],[38.19583100000011,-17.27417],[38.186661,-17.279446],[38.102219,-17.315281],[38.0908280000001,-17.318611],[38.041664,-17.329445],[38.007217,-17.33667],[37.994438,-17.33778],[37.960831,-17.345001],[37.932495,-17.353336],[37.911659,-17.360558],[37.872215,-17.376392],[37.85305000000011,-17.385834],[37.781387,-17.426113],[37.609161,-17.525837],[37.416939,-17.632778],[37.313923034964645,-17.695987767344477],[37.27531722496296,-17.713161863129713],[37.228029162461034,-17.748574803548326],[37.219162,-17.752224],[37.205826,-17.751392],[37.15643313366554,-17.802191419831573],[36.93593416476973,-17.967318017005105],[36.920555,-17.95639],[36.913605,-17.950279],[36.910828,-17.939167],[36.909164,-17.914722],[36.907219,-17.903893],[36.903053000000114,-17.89389],[36.89666000000011,-17.886112],[36.876106,-17.877224],[36.864166,-17.874168],[36.851387,-17.87389],[36.841385,-17.877224],[36.823883,-17.888615],[36.818054,-17.897224],[36.820274,-17.904724],[36.891937,-17.968891],[36.90983068201503,-17.986866313776048],[36.89233306358601,-17.99996987704573],[36.31359008262898,-18.649462140839674],[36.123872311582986,-18.831268728922584],[36.131042,-18.808754],[36.129715,-18.804726],[36.126106,-18.801113],[36.121109,-18.801113],[36.115273,-18.803059],[36.106384000000105,-18.808334],[36.09388700000011,-18.81778],[36.059166,-18.866112],[35.982773,-18.926945],[35.878883,-18.975002],[35.811943,-19.021389],[35.748604,-19.065834],[35.671944,-19.120281],[35.668884,-19.123611],[35.656105,-19.1525],[35.63666500000011,-19.187225],[35.576111,-19.271389],[35.55305748741645,-19.297889489804763],[35.377886805041086,-19.426824964326002],[34.84678939293171,-19.802927411835768],[34.828588817494456,-19.81159904090984],[34.82666,-19.803337],[34.817497,-19.78389],[34.811104,-19.776112],[34.804718,-19.769726],[34.634438,-19.619446],[34.619164,-19.617779],[34.633049,-19.6525],[34.64138800000012,-19.671947],[34.67694100000011,-19.733334],[34.688332000000116,-19.743057],[34.693329,-19.746113],[34.715828,-19.752781],[34.73027000000013,-19.759167],[34.738884,-19.765556],[34.746109,-19.772503],[34.760277,-19.792778],[34.765831000000105,-19.801945],[34.774994000000106,-19.820004],[34.776939,-19.825558],[34.777403676258984,-19.835986102760064],[34.72620299766804,-19.860380567353346],[34.71029571007038,-20.292583860200025],[34.695637718326786,-20.380797206055295],[34.69249700000012,-20.382778],[34.671661,-20.390556],[34.665833000000134,-20.391945],[34.658607,-20.39167],[34.68476911885826,-20.446205588093594],[34.67331984947468,-20.51510850314436],[34.69901565025593,-20.57224885348616],[35.00936149735386,-20.803265473187082],[35.008888,-20.806946],[35.06176197538171,-20.89253631226627],[35.107153925402415,-20.984491742890455],[35.06688818287827,-21.094521400321028],[35.050278,-21.097778],[35.054263918948934,-21.129018303852],[35.03266814659382,-21.188030637543775],[34.99418929527546,-21.270725644867994],[35.20164779136921,-21.950323499482252],[35.23384765098835,-22.20447961215315],[35.260760340197336,-22.274328626435377],[35.31865733211406,-22.277531489704476],[35.313332,-22.303337],[35.306389,-22.31778],[35.302773,-22.327503],[35.30194100000011,-22.333336],[35.300278,-22.357502],[35.303329,-22.398056],[35.304443,-22.404167],[35.306664,-22.409725],[35.312492,-22.418056],[35.37166600000012,-22.466114],[35.397217,-22.460003],[35.409439000000134,-22.414169],[35.391663,-22.350559],[35.391106,-22.343613],[35.38916,-22.305],[35.389442,-22.292503],[35.39222,-22.275558],[35.39444,-22.264446],[35.39471365448465,-22.26307801352711],[35.448287043078196,-22.223093427460768],[35.51175979088093,-22.184820569794752],[35.53088286827351,-22.45806733493147],[35.53054655930654,-22.461249808147972],[35.526382,-22.472778],[35.521111,-22.481392],[35.514561,-22.5],[35.510551,-22.511391],[35.492493,-22.567501],[35.491386,-22.573059],[35.485832,-22.626114],[35.485832,-22.632225],[35.49824408844397,-22.766926309358976],[35.42541411827351,-23.456112302582838],[35.29743102501179,-23.825008786957838],[35.3407804879961,-23.851232041692437],[35.338333,-23.905834],[35.339722,-23.969448],[35.360275000000115,-23.953335],[35.418710168118174,-23.89837379876488],[35.44399932335163,-23.913671888154127],[35.51110376018677,-23.938538237336395],[35.501663,-23.966667],[35.48360400000013,-24.041946],[35.48277300000012,-24.047779],[35.483055,-24.060837],[35.484444,-24.073891],[35.485832,-24.080002],[35.493889,-24.093891],[35.49496763660259,-24.09682747405329],[35.46502473281503,-24.156039509809315],[35.456108,-24.169445],[35.40471600000012,-24.244724],[35.389999,-24.266113],[35.368496760285204,-24.292730956668716],[35.1980314583614,-24.47983590487776],[34.9119619019861,-24.700254763498332],[34.8127750000001,-24.743336],[34.693886,-24.786114],[34.653885000000116,-24.800003],[34.613884,-24.813892],[34.482605,-24.856056],[34.443054,-24.868336],[34.37416100000013,-24.89167],[34.33305400000012,-24.911114],[34.32444,-24.917225],[34.303886,-24.926945],[34.245827,-24.946392],[34.108055,-24.986946],[33.99472,-25.02],[33.73111,-25.106113],[33.714165,-25.111946],[33.365829,-25.265003],[33.24110400000012,-25.323334],[33.234718,-25.33139],[33.226944,-25.338058],[33.217216,-25.343334],[33.131897,-25.381157],[33.109444,-25.394447],[33.048607,-25.430557],[32.90361,-25.523056],[32.886108,-25.535004],[32.87805200000014,-25.541668],[32.813889,-25.60778],[32.80832700000013,-25.61639],[32.770271,-25.683613],[32.762497,-25.703613],[32.751537498988924,-25.736620422146768],[32.65110305259968,-25.838962949555494],[32.499712976916086,-26.06808701876936],[32.63101104210163,-26.220337308686354],[32.89595702598835,-26.37232629184065],[32.91596892784382,-26.518461622040846],[32.887390253529176,-26.715051172579674],[32.849036249621165,-26.978884137909986],[32.820398980082516,-27.167129616748376],[32.747498,-27.353336],[32.729721,-27.397781],[32.709442,-27.440556],[32.681664,-27.49667],[32.673882,-27.515835],[32.652222,-27.59639],[32.648048,-27.613335],[32.631386,-27.684723],[32.626663,-27.706947],[32.588882,-27.885281],[32.587776,-27.890835],[32.586937,-27.903336],[32.59151623017374,-27.916085701898545],[32.52742675255085,-27.981102384369947],[32.345477137072336,-28.02597848300276],[32.30343535850788,-28.134109891694166],[32.39324859092976,-28.37544671420393],[32.347654545983985,-28.578909261329912],[32.276665,-28.646114],[32.189995,-28.721947],[32.018608,-28.862503],[32.00138900000013,-28.875278],[31.986942000000113,-28.883614],[31.92333200000013,-28.912502],[31.896664,-28.924168],[31.868889,-28.93528],[31.856667,-28.938614],[31.834721,-28.941113],[31.82055300000013,-28.940281],[31.774166,-28.945557],[31.723331,-28.998337],[31.668610000000115,-29.054169],[31.562775,-29.161392],[31.551666000000125,-29.172501],[31.451942,-29.26889],[31.428055,-29.291389],[31.399441,-29.314724],[31.360554,-29.352501],[31.325832,-29.390835],[31.209721,-29.535278],[31.142498000000103,-29.639725],[31.117775,-29.679447],[31.00972,-29.872501],[30.999165,-29.896946],[30.999443,-29.899723],[31.002777,-29.903614],[31.038887,-29.89389],[31.044998,-29.892223],[31.054165,-29.886112],[31.061543000000142,-29.882294],[31.06212402603027,-29.883652451737188],[31.02968373168385,-29.93012251643453],[30.97250000000014,-29.980835],[30.946663,-29.999725],[30.924442,-30.015278],[30.91222,-30.025558],[30.869999,-30.076946],[30.852497,-30.102501],[30.843052000000114,-30.121391],[30.837776,-30.136669],[30.835278,-30.148056],[30.82988,-30.160221],[30.819721,-30.181667],[30.752499,-30.299446],[30.739441,-30.321945],[30.731388,-30.335556],[30.7225,-30.348335],[30.709999,-30.364723],[30.633331,-30.475281],[30.541014089033222,-30.615471014958345],[30.487155827280144,-30.686724305145788],[30.391005548937567,-30.81392899874983],[30.294790757737793,-30.920219874431666],[29.83338760350976,-31.42994342830221],[29.828053,-31.430557],[29.806389,-31.430836],[29.791943000000117,-31.432781],[29.78083,-31.43639],[29.765831,-31.444447],[29.745831,-31.46167],[29.711388,-31.493893],[29.69333300000011,-31.519169],[29.686386,-31.527225],[29.629444,-31.58139],[29.54583,-31.634167],[29.526943,-31.645836],[29.411942,-31.70417],[29.320553,-31.802502],[29.29694400000011,-31.830002],[29.26777600000014,-31.86528],[29.243610000000103,-31.899723],[29.200832,-31.951946],[29.091663,-32.064445],[28.934166,-32.219452],[28.826385,-32.313057],[28.779163,-32.341949],[28.65361,-32.448334],[28.568333,-32.526115],[28.562222000000133,-32.534447],[28.5577770000001,-32.544174],[28.552498,-32.553337],[28.54694400000011,-32.561668],[28.53777700000012,-32.574173],[28.359722,-32.700279],[28.35027700000012,-32.706116],[28.262775,-32.755005],[28.228054,-32.767502],[28.107777,-32.859451],[28.103333,-32.869171],[28.091663,-32.886673],[28.081665,-32.898338],[28.074444,-32.906113],[27.899998,-33.040558],[27.838886,-33.071945],[27.797222,-33.090836],[27.730274,-33.1175],[27.60611,-33.211945],[27.451385,-33.31028],[27.351109,-33.369728],[27.20638700000012,-33.458893],[27.105831,-33.522781],[27.09610700000013,-33.528618],[27.030552,-33.556396],[26.991665,-33.572227],[26.985275000000115,-33.573616],[26.889164,-33.603889],[26.731667,-33.654449],[26.644165,-33.700836],[26.639442,-33.710556],[26.635277,-33.714172],[26.62555300000014,-33.719727],[26.614166,-33.723892],[26.530552000000114,-33.753334],[26.468609,-33.770561],[26.455276,-33.773613],[26.448055000000124,-33.774445],[26.284443,-33.766396],[26.271385,-33.763893],[26.266388,-33.761391],[26.262218,-33.757782],[26.25222,-33.752502],[26.244783,-33.75],[26.223331,-33.742783],[26.105553,-33.719727],[26.079166,-33.714729],[26.058052,-33.712227],[26.003052,-33.710838],[25.971107,-33.710556],[25.956108,-33.711945],[25.889999000000103,-33.718895],[25.86861,-33.721947],[25.830276,-33.731392],[25.768887,-33.748894],[25.7575,-33.753334],[25.724998,-33.767227],[25.675278,-33.794449],[25.628609,-33.851395],[25.613052,-33.914452],[25.611664000000133,-33.926674],[25.612499000000128,-33.932785],[25.6130374418131,-33.93380197294996],[25.570525276068594,-34.04757257405358],[25.440552,-34.035278],[25.433052,-34.034447],[25.392498,-34.027504],[25.3555530000001,-34.017502],[25.349720000000104,-34.015556],[25.32,-33.999451],[25.304165000000125,-33.991951],[25.292774,-33.98806],[25.281109,-33.984169],[25.243332,-33.974724],[25.191387,-33.963615],[25.164165,-33.958893],[25.074726,-33.961418],[25.060555,-33.962502],[25.022636,-33.968056],[24.986664,-33.976669],[24.950554,-33.986946],[24.939163,-33.991112],[24.928608,-33.996117],[24.920277000000112,-34.002785],[24.916386,-34.013062],[24.916386,-34.026672],[24.921387,-34.04306],[24.922497000000135,-34.049171],[24.919998000000135,-34.067505],[24.91861,-34.073059],[24.916111,-34.077782],[24.89557433348144,-34.105620078061975],[24.81606963585163,-34.16864434603987],[24.793651272659222,-34.194264634882195],[24.782776,-34.191673],[24.654999,-34.169724],[24.639442,-34.169174],[24.631943,-34.169724],[24.6252750000001,-34.171112],[24.608055,-34.178062],[24.594166,-34.180283],[24.586666,-34.179451],[24.515831,-34.17028],[24.482777,-34.163612],[24.472221,-34.15889],[24.462219,-34.153336],[24.445831,-34.139725],[24.385555,-34.107224],[24.043888,-34.046951],[23.694443,-33.989449],[23.653332,-33.983894],[23.645275,-33.983894],[23.640064,-33.984985],[23.615555,-33.984451],[23.58527800000013,-33.986389],[23.54583,-33.990562],[23.451942,-34.008057],[23.396664,-34.023338],[23.387775,-34.029449],[23.37611,-34.040283],[23.369442,-34.049171],[23.368610000000103,-34.051392],[23.365276000000108,-34.08667],[23.365833,-34.092781],[23.368332,-34.097504],[23.240833000000123,-34.093613],[23.067219,-34.083893],[22.959442,-34.091393],[22.818333,-34.050285],[22.812775,-34.048058],[22.807777,-34.04528],[22.804443,-34.041115],[22.801388,-34.037224],[22.783333,-34.011116],[22.544998,-34.005005],[22.539165,-34.011948],[22.527496,-34.022781],[22.519165,-34.029449],[22.51083,-34.035561],[22.487778000000105,-34.050285],[22.471107,-34.056946],[22.43888900000013,-34.064171],[22.410831,-34.068062],[22.394444000000135,-34.06778],[22.373055,-34.064728],[22.355274,-34.059174],[22.302498,-34.054451],[22.295277,-34.053894],[22.288609,-34.055],[22.20111100000014,-34.077225],[22.171108,-34.086395],[22.153889,-34.092506],[22.13888500000013,-34.100563],[22.128052,-34.113892],[22.120277,-34.128059],[22.11360900000011,-34.143059],[21.949718,-34.225006],[21.93805300000014,-34.235558],[21.91972,-34.254448],[21.913609,-34.263336],[21.91333,-34.276947],[21.914165,-34.283058],[21.916943,-34.307503],[21.903544390786926,-34.332593601491425],[21.885918017113745,-34.345612612528434],[21.837498,-34.371391],[21.825832,-34.375282],[21.802498,-34.383057],[21.728886000000102,-34.396393],[21.722221,-34.397507],[21.655552000000114,-34.390556],[21.641666,-34.388336],[21.616943,-34.381111],[21.59972,-34.374725],[21.580276,-34.363617],[21.56305300000014,-34.357224],[21.550831,-34.353615],[21.535831,-34.351952],[21.528332,-34.352501],[21.496944,-34.360283],[21.434719,-34.376396],[21.428886,-34.378334],[21.423885,-34.380836],[21.423054,-34.385834],[21.423611000000108,-34.391945],[21.421944,-34.397224],[21.41333,-34.403893],[21.371944,-34.416946],[21.308052,-34.431671],[21.29472,-34.433891],[21.28722,-34.433334],[21.274166,-34.430283],[21.21027800000013,-34.415001],[21.187222000000133,-34.406395],[21.166111,-34.396393],[21.136665,-34.386391],[21.082497,-34.36834],[21.062775,-34.363892],[20.965553,-34.36084],[20.942497,-34.360283],[20.889442,-34.370285],[20.884441,-34.373062],[20.852497,-34.393333],[20.84638600000011,-34.40889],[20.798611,-34.458618],[20.722221,-34.445282],[20.686108,-34.440559],[20.662468,-34.440819],[20.595833,-34.446114],[20.55360800000011,-34.451393],[20.534443000000124,-34.455833],[20.504444,-34.464729],[20.48111,-34.472504],[20.465275,-34.479446],[20.46027800000013,-34.482224],[20.438889,-34.498611],[20.428608,-34.510834],[20.415833000000134,-34.528061],[20.410553,-34.537506],[20.400276,-34.549446],[20.387497,-34.559448],[20.32734097743763,-34.59824028013415],[20.25607207725788,-34.62289086703596],[20.210860461577003,-34.66775408451839],[20.185833,-34.676674],[20.119442,-34.710007],[20.08972200000011,-34.726395],[20.047497000000135,-34.77417],[20,-34.822002],[19.998608,-34.821945],[19.984722,-34.819725],[19.964996,-34.815002],[19.954166,-34.810005],[19.929996,-34.795837],[19.918053,-34.785278],[19.909164,-34.778893],[19.879997,-34.761948],[19.857777000000112,-34.752502],[19.713608,-34.754448],[19.683887,-34.756111],[19.678055,-34.758057],[19.673611000000108,-34.761391],[19.67083,-34.773056],[19.666386,-34.776115],[19.658886,-34.776672],[19.651665,-34.775841],[19.639999000000103,-34.771393],[19.635277,-34.768616],[19.602219,-34.748062],[19.545555,-34.712502],[19.53833,-34.704727],[19.516388,-34.67556],[19.423611,-34.621948],[19.318607,-34.597229],[19.32222,-34.593338],[19.363331,-34.537781],[19.365276,-34.532501],[19.364166,-34.514725],[19.357498,-34.500282],[19.34972,-34.486389],[19.336666,-34.463615],[19.324165,-34.446945],[19.31388900000013,-34.435005],[19.301388,-34.421112],[19.281944,-34.409729],[19.274441,-34.408615],[19.253052,-34.409447],[19.242222,-34.413895],[19.228611,-34.423058],[19.21833,-34.428062],[19.210831,-34.428612],[19.196941,-34.426117],[19.18369951621382,-34.4236724813307],[19.18137267540241,-34.4217151773387],[19.15903744971015,-34.41911960168629],[19.132221,-34.414169],[19.120831,-34.409729],[19.116108,-34.40667],[19.112221,-34.403336],[19.100277,-34.374168],[19.083332,-34.34639],[18.999443,-34.341118],[18.913609,-34.356949],[18.858608,-34.370285],[18.853333000000134,-34.37278],[18.84972,-34.383614],[18.843887,-34.385559],[18.821663,-34.380005],[18.817776,-34.377785],[18.805275,-34.361115],[18.803886,-34.35556],[18.808609,-34.308617],[18.828053000000125,-34.279449],[18.840832,-34.261673],[18.844997,-34.251945],[18.855274,-34.156113],[18.853886,-34.150558],[18.827499000000103,-34.112228],[18.821388,-34.103889],[18.817497,-34.100281],[18.804722,-34.091118],[18.793331,-34.08667],[18.75999800000011,-34.078896],[18.745277,-34.07695],[18.70583,-34.074448],[18.601944,-34.073616],[18.546665000000132,-34.07917],[18.520832,-34.08445],[18.504707,-34.09066],[18.488052,-34.097778],[18.483887,-34.101112],[18.444164,-34.135834],[18.440277,-34.146667],[18.435833000000116,-34.168892],[18.438332000000116,-34.173889],[18.442219,-34.177223],[18.451664000000108,-34.18306],[18.458885,-34.190834],[18.478886,-34.234451],[18.489998,-34.343895],[18.490112,-34.348228],[18.487778,-34.351112],[18.472221,-34.350006],[18.465832,-34.348335],[18.449444,-34.341118],[18.420277,-34.323059],[18.40472000000011,-34.30278],[18.380276,-34.255836],[18.345665795747735,-34.14757214318947],[18.412772211535223,-34.02287713412581],[18.44022890325214,-33.90976587917336],[18.445553,-33.911667],[18.466663,-33.817223],[18.441109,-33.706673],[18.436943,-33.697227],[18.310276,-33.487228],[18.307499,-33.48278],[18.29472,-33.466118],[18.26388500000013,-33.430557],[18.248886,-33.41584],[18.160553,-33.341118],[18.107777000000112,-33.250557],[18.113052,-33.205559],[18.11972,-33.204445],[18.123055000000136,-33.200005],[18.127499,-33.183334],[18.127777,-33.177223],[18.034443,-33.032501],[18.023888,-33.021667],[18.019238,-33.017342],[18.003052,-33.00528],[17.991386,-33.000557],[17.983330000000137,-33.000282],[17.957775,-33.00528],[17.951664,-33.007225],[17.942497,-33.011673],[17.942497,-33.017227],[17.953888,-33.027504],[17.924721,-33.043892],[17.919441,-33.046112],[17.913887,-33.048058],[17.907776000000126,-33.046669],[17.902496,-33.043335],[17.893055,-33.031113],[17.87611,-33.000839],[17.873976196215807,-32.98815953666076],[17.94545844505573,-32.917976774018385],[18.231507334215888,-32.898323453705885],[18.30869773338581,-32.70750848178206],[18.32016047964941,-32.55094220653745],[18.323887000000127,-32.539169],[18.332497,-32.497223],[18.334999,-32.47834],[18.349998,-32.295006],[18.350277,-32.288063],[18.349163,-32.275558],[18.34333,-32.247223],[18.338055,-32.225006],[18.334999,-32.213615],[18.319443,-32.18],[18.311943,-32.147224],[18.271664,-31.953613],[18.271664,-31.947502],[18.274441,-31.927502],[18.277775,-31.916389],[18.279999,-31.904167],[18.279999,-31.898613],[18.27861,-31.89278],[18.221107,-31.741947],[18.214722,-31.727222],[18.181389,-31.674725],[18.174721,-31.666389],[18.114441000000113,-31.594448],[18.077221,-31.55167],[18.048332,-31.521114],[18.041386000000102,-31.513336],[17.992061074300086,-31.45616936998439],[17.903866800768622,-31.291069425385572],[17.5665388436153,-30.827820218842604],[17.432107923119183,-30.570482995543706],[17.354287180407294,-30.42151299838362],[17.078530344469794,-29.7992672098094],[17.075425182320956,-29.792202212914283],[17.058887,-29.717781],[17.055275,-29.688057],[17.053333,-29.67667],[17.00333000000012,-29.524445],[16.999443,-29.515003],[16.936386,-29.36528],[16.933052,-29.360558],[16.910831000000144,-29.333336],[16.834442000000138,-29.15667],[16.820274,-29.101112],[16.817497,-29.090279],[16.815277,-29.085003],[16.67083,-28.905834],[16.663609,-28.898613],[16.647499,-28.885281],[16.642498,-28.882504],[16.629444,-28.879448],[16.613888,-28.878613],[16.60944400000011,-28.875835],[16.60611,-28.871948],[16.533054,-28.698059],[16.491665000000125,-28.645836],[16.48333,-28.608334],[16.48959,-28.578178],[16.458054,-28.612225],[16.453888,-28.61528],[16.449165,-28.617779],[16.441944,-28.618336],[16.435833,-28.616669],[16.39333,-28.591114],[16.354443,-28.562778],[16.243164186196786,-28.46301797847267],[16.1281843514278,-28.339535154145338],[15.68339541431482,-27.911987235594495],[15.683887,-27.905834],[15.682777,-27.90028],[15.672777,-27.875557],[15.669998,-27.871391],[15.646944,-27.843891],[15.609165,-27.801113],[15.601944,-27.793892],[15.570276,-27.767223],[15.564484862635977,-27.76306110869569],[15.525323613434642,-27.7111902354463],[15.520555,-27.68417],[15.523333,-27.679447],[15.530277,-27.671669],[15.532776,-27.666946],[15.533333,-27.661392],[15.528055,-27.645836],[15.519165,-27.626945],[15.399166,-27.455002],[15.396116818081898,-27.45122890192518],[15.291948351366766,-27.15286485080061],[15.254888632715964,-27.075465421176208],[15.237778,-26.977222],[15.234722,-26.966667],[15.230833,-26.956669],[15.223055,-26.943058],[15.214167,-26.930279],[15.205276,-26.924168],[15.199165,-26.922501],[15.179706860512502,-26.918447869544753],[15.136913332445868,-26.82907334689436],[15.085702518200254,-26.643355868666383],[15.092222,-26.636112],[15.095833,-26.632225],[15.123055,-26.627502],[15.129444,-26.626667],[15.134722,-26.628891],[15.138332,-26.632504],[15.138611,-26.638889],[15.13722,-26.645],[15.134722,-26.671669],[15.135832,-26.677502],[15.141943,-26.67778],[15.166666,-26.623337],[15.172499,-26.606945],[15.17111,-26.59639],[15.131109,-26.478615],[15.131050894245616,-26.47847131640672],[15.153246912462958,-26.33334580783186],[14.9806063467439,-26.061847454414597],[14.98,-26.057503],[14.969444,-26.014168],[14.958887,-25.990002],[14.95611,-25.985558],[14.935555,-25.963058],[14.934581237854518,-25.961866060015318],[14.847724656023809,-25.63857562398519],[14.851665,-25.625],[14.863333,-25.592503],[14.86611,-25.588058],[14.878332,-25.578335],[14.881666,-25.574448],[14.882221,-25.567501],[14.881388,-25.548889],[14.865061339810934,-25.49543650456327],[14.909797701342352,-25.234415448945143],[14.90903666923786,-25.01834908847151],[14.667572054369696,-24.42148057345686],[14.503495023406392,-23.680284212742386],[14.500555,-23.616947],[14.496111,-23.588337],[14.493889,-23.577225],[14.49,-23.567223],[14.481943,-23.554169],[14.478611,-23.550556],[14.473055,-23.541946],[14.472569120263188,-23.540580521573826],[14.44403651664997,-23.411688245576002],[14.440296651078436,-23.39471667758262],[14.442499,-23.390556],[14.469999,-23.346668],[14.474722,-23.34417],[14.48,-23.346668],[14.480276,-23.352779],[14.477777,-23.36528],[14.475832,-23.370556],[14.47611,-23.376945],[14.478054,-23.381668],[14.483889,-23.382225],[14.488609,-23.379723],[14.491943,-23.375835],[14.496111,-23.350559],[14.498333,-23.330559],[14.497776,-23.318058],[14.483889,-23.245281],[14.481667,-23.233891],[14.461388,-23.166389],[14.453884,-23.146397],[14.451111,-23.142223],[14.440554,-23.124168],[14.43111,-23.099445],[14.416643435303344,-23.053378140121332],[14.5244303078487,-22.941069043915846],[14.570058855517157,-22.758144773285963],[14.576767954333075,-22.731251157563307],[14.53272059868122,-22.49620095614729],[14.415466341479071,-22.267668165009596],[13.957572016222723,-21.690342344086744],[13.86444981059094,-21.540595153947173],[13.864443,-21.540558],[13.861944,-21.51667],[13.859165,-21.506111],[13.853611,-21.49139],[13.815832,-21.435558],[13.809721,-21.427502],[13.779165,-21.394169],[13.778138564456592,-21.392879518486176],[13.307551416857489,-20.471565641205885],[13.224826866834908,-20.311866760692144],[13.223888,-20.307781],[13.217499,-20.287502],[13.198889,-20.238335],[13.174999,-20.180836],[13.159721,-20.154724],[13.140276,-20.131111],[13.125481044292872,-20.120080687037486],[12.929404291613348,-19.741556562226393],[12.626064686589043,-19.232997500814975],[12.586943,-19.1525],[12.542221,-19.06778],[12.460833,-18.928059],[12.441666,-18.89917],[12.421665,-18.870556],[12.415833,-18.862503],[12.306665,-18.717224],[12.29611,-18.706112],[12.285555,-18.695557],[12.230833,-18.650558],[12.21361,-18.638615],[12.196665,-18.626945],[12.179443,-18.61528],[12.173674327609593,-18.612312287766233],[12.079512629015692,-18.49144021395979],[11.849736246569403,-18.021673597138502],[11.794679674608954,-17.843861020844557],[11.774609598620184,-17.59605256442366],[11.781281504137763,-17.3360160959178],[11.795209295753372,-16.804852029667263],[11.812498,-16.791389],[11.82111,-16.702503],[11.822222,-16.672779],[11.820833000000107,-16.503056],[11.819721,-16.471668],[11.817778,-16.447224],[11.815554000000134,-16.423336],[11.810276,-16.370556],[11.80749900000012,-16.347504],[11.797389960279604,-16.267465003167654],[11.795175585253485,-16.15980759982405],[11.790459782688634,-16.05516853961128],[11.793333,-16.047779],[11.803333,-16.029724],[11.807777,-16.019447],[11.809721000000138,-16.007504],[11.810833000000116,-15.993057],[11.805277,-15.972502],[11.800554,-15.963335],[11.785390737261697,-15.942691364760037],[11.782002481920966,-15.867509282868483],[11.96069911430622,-15.714616216462233],[12.060033831103095,-15.593660749238111],[12.177230867846259,-15.275659002106764],[12.25060275505329,-14.945055402558424],[12.300918963094107,-14.560185316377684],[12.310154043420042,-14.489545928011117],[12.315832000000114,-14.466112],[12.332222,-14.424168],[12.339167,-14.403057],[12.341665,-14.390835],[12.347776000000124,-14.307501],[12.348888000000102,-14.270557],[12.345421442705726,-14.264716997281198],[12.428602847322077,-13.926363231113251],[12.469444,-13.876945],[12.478333,-13.882223],[12.489166,-13.879723],[12.494444,-13.870279],[12.503332000000114,-13.850557],[12.50583300000011,-13.838335],[12.531604338686536,-13.617354232916757],[12.585389170153388,-13.463659681122877],[12.848094019396552,-13.164415754120924],[12.880636370433285,-13.063910290798486],[12.938332,-12.994167],[12.961388,-12.961113],[12.966389000000106,-12.952501],[12.963333,-12.94278],[12.956388,-12.935556],[12.951111,-12.926668],[12.940526168947821,-12.896720707122766],[13.050743135912665,-12.750912107270338],[13.338574442370184,-12.648617185395338],[13.427162259145007,-12.540942517437133],[13.454443,-12.514723],[13.463875,-12.502493],[13.471109,-12.489445],[13.473888,-12.478613],[13.473916313950044,-12.478279966728188],[13.577080258371558,-12.312435239752443],[13.578054,-12.3125],[13.597648551683198,-12.279369976420817],[13.649036440356024,-12.196759618561842],[13.651706468937139,-12.187970075967872],[13.662498,-12.169724],[13.762777,-11.941668],[13.765554,-11.930557],[13.791666000000134,-11.797779],[13.7925,-11.791668],[13.794443,-11.75889],[13.792881,-11.748756],[13.789176929474728,-11.735427179290951],[13.813229593737372,-11.656247533600904],[13.837068590624579,-11.357520498078443],[13.830101802320131,-11.22969852550196],[13.847776,-11.095556],[13.853611,-11.00639],[13.853611,-10.999445],[13.849443,-10.956112],[13.843611,-10.934723],[13.839443,-10.925001],[13.830555000000118,-10.913334],[13.794510828421302,-10.867402910155224],[13.762792208389042,-10.708844118181995],[13.771111,-10.701946],[13.773333,-10.697224],[13.774166,-10.690834],[13.773611,-10.684723],[13.770277,-10.674446],[13.764721,-10.666113],[13.75072263235865,-10.648509292989038],[13.729883226855048,-10.544334806244947],[13.639446291430243,-10.30304089907942],[13.418027910692938,-9.985778249543287],[13.216851001627958,-9.657916680963712],[13.221388000000104,-9.651112],[13.225832,-9.641668],[13.224165,-9.616112],[13.222776,-9.610556],[13.169998,-9.408611],[13.142376,-9.337708],[13.116665,-9.301111],[13.091363043266204,-9.26023454560963],[13.14586356590534,-9.064934171479322],[13.36017135093952,-8.892893232148268],[13.431432756884345,-8.82282964114485],[13.479528460009345,-8.63209191684065],[13.47769873362816,-8.485613591650017],[30.56697211548133,-8.115877979697748],[30.58056640625,-8.180957031250003],[30.57343750000001,-8.262304687500006],[30.549121093750017,-8.312597656250006],[30.507714843750023,-8.331738281250011],[30.478125,-8.35498046875],[30.460546875,-8.38232421875],[30.447656250000023,-8.449121093750009],[30.464453125,-8.498144531250006],[30.494531250000023,-8.507031250000011],[30.542773437500017,-8.50390625],[30.567675781250017,-8.513867187500011],[30.569140625000017,-8.537207031250006],[30.55976562500001,-8.55615234375],[30.5341796875,-8.57890625],[30.55488281250001,-8.579785156250011],[30.62031250000001,-8.543652343750011],[30.654296875,-8.5068359375],[30.671679687500017,-8.502734375],[30.681445312500017,-8.5140625],[30.71113281250001,-8.53369140625],[30.798632812500017,-8.56591796875],[30.806054687500023,-8.578320312500011],[30.971484375000017,-8.745312500000011],[31.022070312500006,-8.786523437500009],[31.044921875,-8.791308593750003],[31.08417968750001,-8.776171875],[31.11347656250001,-8.75390625],[31.133105468750017,-8.724609375],[31.150488281250006,-8.71953125],[31.165625,-8.738574218750003],[31.178515625000017,-8.741992187500003],[31.1890625,-8.729882812500009],[31.19843750000001,-8.651953125],[31.18378906250001,-8.60234375],[31.1513671875,-8.551074218750003],[31.137792968750006,-8.500585937500006],[31.14277343750001,-8.45078125],[31.101660156250006,-8.384960937500011],[31.014550781250023,-8.303027343750003],[30.963964843750006,-8.238085937500003],[30.949804687500006,-8.190039062500006],[30.9482421875,-8.161523437500009],[30.962207031250017,-8.138964843750003],[30.95722656250001,-8.120507812500009],[30.939171892461044,-8.107825237533987],[32.477466692623324,-8.074543402982439],[32.52128906250002,-8.090429687500006],[32.52875456232627,-8.073433762363635],[39.43894451680135,-7.923928089744616],[39.44592547803277,-7.937197448618207],[39.44554900000014,-8]],[[27.68818359375001,-17.066210937500003],[27.669238281250017,-17.075],[27.641406250000017,-17.068164062500003],[27.608984375,-17.072851562500006],[27.5498046875,-17.15224609375001],[27.471972656250017,-17.24658203125],[27.43085937500001,-17.2998046875],[27.371484375000023,-17.38886718750001],[27.34394531250001,-17.4599609375],[27.372460937500023,-17.47919921875001],[27.370996093750023,-17.50410156250001],[27.35400390625,-17.52851562500001],[27.337890625,-17.55048828125001],[27.318457031250006,-17.56367187500001],[27.29218750000001,-17.58125],[27.25546875,-17.60986328125],[27.171679687500017,-17.689257812500003],[27.10664062500001,-17.77119140625001],[27.095605468750023,-17.80732421875001],[27.09443359375001,-17.847753906250006],[27.06464843750001,-17.87421875000001],[27.039843750000017,-17.90400390625001],[27.018359375000017,-17.92714843750001],[27.020800781250017,-17.95839843750001],[27.051367187500006,-17.963476562500006],[27.0771484375,-17.95625],[27.11591796875001,-17.912207031250006],[27.163867187500017,-17.84443359375001],[27.1953125,-17.80146484375001],[27.227929687500023,-17.753515625],[27.286523437500023,-17.6728515625],[27.336230468750017,-17.617773437500006],[27.352929687500023,-17.60234375],[27.407324218750006,-17.58027343750001],[27.45332031250001,-17.56796875],[27.46210937500001,-17.558886718750003],[27.44970703125,-17.558398437500003],[27.439550781250006,-17.553027343750003],[27.4546875,-17.53310546875001],[27.501757812500017,-17.50830078125],[27.54902343750001,-17.47382812500001],[27.565234375000017,-17.455078125],[27.576171875,-17.45136718750001],[27.611230468750023,-17.381445312500006],[27.653613281250017,-17.2939453125],[27.668359375000023,-17.254003906250006],[27.683203125,-17.22968750000001],[27.704882812500017,-17.207128906250006],[27.75,-17.174609375],[27.8134765625,-17.15644531250001],[27.840722656250023,-17.145800781250003],[27.870898437500017,-17.11806640625001],[27.913671875,-17.07929687500001],[27.942773437500023,-17.05097656250001],[27.95859375,-17.03994140625001],[27.9990234375,-17.051074218750003],[28.04707031250001,-17.064746093750003],[28.076269531250006,-17.04638671875],[28.09638671875001,-17.01650390625001],[28.102441406250023,-16.992773437500006],[28.088769531250023,-16.978320312500003],[28.084082031250006,-16.94677734375],[28.101367187500017,-16.896289062500003],[28.116601562500023,-16.86103515625001],[28.150390625,-16.8388671875],[28.241601562500023,-16.81757812500001],[28.341113281250017,-16.788378906250003],[28.38203125000001,-16.7953125],[28.418554687500006,-16.836523437500006],[28.454394531250017,-16.86464843750001],[28.461328125000023,-16.865625],[28.458789062500017,-16.83417968750001],[28.47421875,-16.793261718750003],[28.508691406250023,-16.75859375],[28.554589843750023,-16.73945312500001],[28.585546875,-16.72792968750001],[28.61328125,-16.71601562500001],[28.654882812500006,-16.7],[28.68994140625,-16.70966796875001],[28.69970703125,-16.746679687500006],[28.697265625,-16.77421875],[28.724609375,-16.797949218750006],[28.761523437500017,-16.808398437500003],[28.78974609375001,-16.790332031250003],[28.8291015625,-16.770117187500006],[28.853906250000023,-16.72431640625001],[28.866601562500023,-16.67578125],[28.9013671875,-16.682421875],[28.931445312500017,-16.68867187500001],[28.943261718750023,-16.658300781250006],[28.967578125000017,-16.625585937500006],[28.987597656250017,-16.6109375],[28.966796875,-16.597460937500003],[28.942773437500023,-16.57607421875001],[28.89863281250001,-16.56923828125001],[28.854101562500006,-16.571582031250003],[28.760546875000017,-16.53212890625001],[28.681445312500017,-16.508398437500006],[28.62324218750001,-16.494921875],[28.57861328125,-16.50556640625001],[28.559667968750006,-16.521484375],[28.551562500000017,-16.536425781250003],[28.52998046875001,-16.545507812500006],[28.496972656250023,-16.540136718750006],[28.44140625,-16.55810546875],[28.392968750000023,-16.585546875],[28.37265625,-16.573339843750006],[28.350390625000017,-16.559863281250003],[28.314257812500017,-16.54931640625],[28.2900390625,-16.54296875],[28.29804687500001,-16.567675781250003],[28.283496093750017,-16.6005859375],[28.245703125,-16.6298828125],[28.205859375000017,-16.646875],[28.17451171875001,-16.65517578125001],[28.179492187500017,-16.67861328125001],[28.16796875,-16.707324218750003],[28.13623046875,-16.73583984375],[28.10625,-16.75507812500001],[28.07343750000001,-16.7900390625],[28.0419921875,-16.81757812500001],[28.008886718750006,-16.82412109375001],[27.97480468750001,-16.81884765625],[27.941796875000023,-16.79707031250001],[27.917285156250017,-16.78203125],[27.89892578125,-16.76943359375001],[27.876953125,-16.77294921875],[27.85810546875001,-16.79316406250001],[27.82578125,-16.81074218750001],[27.793554687500006,-16.81904296875001],[27.789355468750017,-16.83613281250001],[27.817480468750006,-16.868945312500003],[27.83125,-16.901464843750006],[27.8,-16.91748046875],[27.753320312500023,-16.92324218750001],[27.718164062500023,-16.928125],[27.705468750000023,-16.93984375],[27.716796875,-16.958984375],[27.704003906250023,-16.998046875],[27.685937500000023,-17.04169921875001],[27.68818359375001,-17.066210937500003]],[[29.917382812500023,-11.300683593750009],[29.936621093750006,-11.216015625000011],[29.994921875000017,-11.090527343750011],[30.019140625,-11.014257812500006],[29.99951171875,-10.937597656250006],[29.92734375,-10.878222656250003],[29.8466796875,-10.886523437500003],[29.772265625000017,-10.933203125],[29.7412109375,-10.930566406250009],[29.564843750000023,-11.156933593750011],[29.519921875000023,-11.17236328125],[29.495996093750023,-11.194726562500009],[29.51093750000001,-11.23046875],[29.550097656250017,-11.248046875],[29.561621093750006,-11.29765625],[29.58808593750001,-11.3935546875],[29.669335937500023,-11.414648437500006],[29.75244140625,-11.416113281250006],[29.837207031250017,-11.380078125000011],[29.917382812500023,-11.300683593750009]],[[28.32421875,-9.363964843750011],[28.33349609375,-9.44970703125],[28.37744140625,-9.502734375],[28.47421875,-9.505273437500009],[28.509765625,-9.484765625],[28.50390625,-9.441308593750009],[28.520800781250017,-9.404394531250006],[28.591699218750023,-9.406835937500006],[28.695898437500006,-9.396386718750009],[28.769140625,-9.2724609375],[28.891406250000017,-9.091503906250011],[29.0205078125,-8.922265625],[29.107226562500017,-8.740234375],[29.12841796875,-8.66171875],[29.077734375,-8.600292968750011],[28.953710937500006,-8.520605468750006],[28.867089843750023,-8.512890625000011],[28.643457031250023,-8.767578125],[28.36738281250001,-9.100781250000011],[28.325976562500017,-9.236914062500006],[28.32421875,-9.363964843750011]],[[35.19794921875001,-14.57958984375],[35.197265625,-14.681835937500011],[35.24931640625002,-14.738867187500006],[35.27001953125,-14.733105468750011],[35.29326171875002,-14.683886718750003],[35.32373046875,-14.619042968750009],[35.29775390625002,-14.562695312500011],[35.267578125,-14.517285156250011],[35.240234375,-14.509863281250006],[35.2080078125,-14.531347656250006],[35.19794921875001,-14.57958984375]],[[34.7109375,-12.364453125000011],[34.71416015625002,-12.279199218750009],[34.71064453125001,-12.224414062500003],[34.7001953125,-12.200097656250009],[34.72607421875,-12.156640625],[34.78828125000001,-12.094140625],[34.83193359375002,-12.057812500000011],[34.85683593750002,-12.04765625],[34.89101562500002,-11.9853515625],[34.93427734375001,-11.870898437500003],[34.95693359375002,-11.734765625],[34.95917968750001,-11.577246093750006],[34.93701171875,-11.463476562500006],[34.890625,-11.3935546875],[34.8505859375,-11.351953125],[34.800878906250006,-11.340917968750006],[34.77382812500002,-11.341699218750009],[34.75214843750001,-11.309472656250009],[34.72646484375002,-11.238183593750009],[34.6884765625,-11.177441406250011],[34.63808593750002,-11.127148437500011],[34.60791015625,-11.08046875],[34.59765625,-11.0375],[34.60566406250001,-10.990234375],[34.65234375,-10.872851562500003],[34.667089843750006,-10.79248046875],[34.66181640625001,-10.710058593750006],[34.63652343750002,-10.625585937500006],[34.58359375,-10.525097656250011],[34.58955078125001,-10.496191406250006],[34.57158203125002,-10.427636718750009],[34.56972656250002,-10.3796875],[34.57998046875002,-10.31982421875],[34.569921875,-10.241113281250009],[34.52421875000002,-10.073144531250009],[34.52421875000002,-10.030175781250009],[34.47597656250002,-9.948828125],[34.32783203125001,-9.756542968750011],[34.320898437500006,-9.731542968750006],[34.08857421875001,-9.537792968750011],[33.99560546875,-9.495410156250003],[33.96210937500001,-9.53173828125],[33.94960937500002,-9.565332031250009],[33.959375,-9.62734375],[33.953710937500006,-9.658203125],[33.91591796875002,-9.7125],[33.90507812500002,-9.7509765625],[33.90664062500002,-9.8017578125],[33.91865234375001,-9.8427734375],[33.94121093750002,-9.8740234375],[33.98457031250001,-10.024121093750011],[34.01591796875002,-10.098339843750011],[34.057226562500006,-10.157324218750006],[34.1552734375,-10.255957031250006],[34.20351562500002,-10.319433593750006],[34.24843750000002,-10.400195312500003],[34.25996093750001,-10.447558593750003],[34.23769531250002,-10.46142578125],[34.22734375000002,-10.484570312500011],[34.22890625000002,-10.516796875000011],[34.21796875000001,-10.544238281250003],[34.19472656250002,-10.566503906250006],[34.18964843750001,-10.589648437500003],[34.20253906250002,-10.613671875],[34.234375,-11.073339843750006],[34.244726562500006,-11.09921875],[34.24111328125002,-11.130664062500003],[34.2236328125,-11.167285156250003],[34.23046875,-11.227734375000011],[34.261816406250006,-11.311621093750006],[34.28925781250001,-11.425195312500009],[34.32265625000002,-11.653027343750011],[34.31796875,-11.67919921875],[34.221875,-11.788378906250003],[34.19179687500002,-11.840234375],[34.19414062500002,-11.880078125000011],[34.163671875,-11.925390625],[34.10048828125002,-11.976464843750009],[34.059179687500006,-12.048535156250011],[34.03251953125002,-12.20859375],[34.037207031250006,-12.249804687500003],[34.07392578125001,-12.352929687500009],[34.10683593750002,-12.384472656250011],[34.14970703125002,-12.392871093750003],[34.1796875,-12.424902343750006],[34.196875,-12.480761718750003],[34.19560546875002,-12.642480468750009],[34.2138671875,-12.683984375],[34.236328125,-12.713085937500011],[34.2626953125,-12.729785156250003],[34.27275390625002,-12.755664062500003],[34.266699218750006,-12.790820312500003],[34.275488281250006,-12.824511718750003],[34.299414062500006,-12.85693359375],[34.31953125000001,-12.921484375],[34.32998046875002,-12.944531250000011],[34.343847656250006,-13.158105468750009],[34.33818359375002,-13.265429687500003],[34.31865234375002,-13.308398437500003],[34.31289062500002,-13.346386718750011],[34.320898437500006,-13.37939453125],[34.409765625,-13.529589843750003],[34.45791015625002,-13.571972656250011],[34.49755859375,-13.567480468750006],[34.54667968750002,-13.599804687500011],[34.60527343750002,-13.6689453125],[34.62158203125,-13.750878906250009],[34.595703125,-13.845703125],[34.57050781250001,-13.908105468750009],[34.54619140625002,-13.938085937500006],[34.53828125000001,-13.984570312500011],[34.54677734375002,-14.04765625],[34.5673828125,-14.105664062500011],[34.60029296875001,-14.158789062500006],[34.63720703125,-14.194921875],[34.67802734375002,-14.21435546875],[34.701171875,-14.236621093750003],[34.70654296875,-14.262011718750003],[34.7294921875,-14.26796875],[34.76982421875002,-14.254492187500006],[34.8193359375,-14.216601562500003],[34.824804687500006,-14.196679687500009],[34.81640625,-14.177929687500011],[34.824804687500006,-14.149804687500009],[34.85,-14.112402343750006],[34.85791015625,-14.074121093750009],[34.848730468750006,-14.035058593750009],[34.856542968750006,-14.014355468750011],[34.88125,-14.012011718750003],[34.90566406250002,-14.02109375],[34.92988281250001,-14.041601562500006],[34.94189453125,-14.07080078125],[34.947265625,-14.134472656250011],[34.95839843750002,-14.148339843750009],[35.013769531250006,-14.1572265625],[35.047949218750006,-14.176660156250009],[35.12968750000002,-14.288769531250011],[35.19306640625001,-14.352734375000011],[35.23623046875002,-14.401269531250009],[35.25761718750002,-14.402734375],[35.2734375,-14.390722656250006],[35.28369140625,-14.365136718750009],[35.26015625000002,-14.277441406250006],[35.17792968750001,-14.088476562500006],[35.18037109375001,-14.0640625],[35.09707031250002,-13.825],[35.05595703125002,-13.74296875],[35.03007812500002,-13.72998046875],[34.88828125,-13.716992187500011],[34.86757812500002,-13.701171875],[34.85869140625002,-13.615625],[34.86152343750001,-13.46044921875],[34.845800781250006,-13.366015625],[34.811621093750006,-13.332324218750003],[34.7998046875,-13.2578125],[34.81044921875002,-13.142382812500003],[34.80048828125001,-13.044042968750006],[34.77001953125,-12.962597656250011],[34.7724609375,-12.8701171875],[34.8076171875,-12.7666015625],[34.79121093750001,-12.64296875],[34.69384765625,-12.42236328125],[34.70244140625002,-12.40283203125],[34.7109375,-12.364453125000011]]]]},"properties":{"id":"khoiasan","name":"Khoiasan","names":{"en":"Khoiasan","fr":"Khoiasan"},"subjectTo":"Khoiasan","partOf":"Khoiasan","borderPrecision":1,"wikidata":null,"wikipedia":null,"year":-5000,"source":"Historical Basemaps","sourceUrl":"https://github.com/aourednik/historical-basemaps"}},{"type":"Feature","geometry":{"type":"MultiPolygon","coordinates":[[[[41.976144558905375,37.68406694803534],[42.240378202531765,38.45184017668562],[42.598904560359244,38.420390496174434],[42.81905232393752,38.420390496174434],[42.91340136547107,38.30088171023195],[43.24047804278736,38.28830183802747],[44.27202756355413,37.84800631087092],[45.59920408112602,36.665498323650475],[46.196748010838476,36.388741135152074],[46.536404560359244,35.84780663035974],[45.92628075844231,35.33832180607859],[45.615393854211604,35.16276214251302],[45.240622212947,35.4672641010405],[43.294502686920836,35.66858681062941],[42.94193754376015,36.48890173179021],[42.00543638223958,37.680812300998205],[41.976144558905375,37.68406694803534]]]]},"properties":{"id":"hurrian-kingdoms","name":"Hurrian Kingdoms","names":{"en":"Hurrian Kingdoms","fr":"Hurrian Kingdoms"},"subjectTo":"Hurrian Kingdoms","partOf":"Hurrian Kingdoms","borderPrecision":1,"wikidata":null,"wikipedia":null,"year":-5000,"source":"Historical Basemaps","sourceUrl":"https://github.com/aourednik/historical-basemaps"}},{"type":"Feature","geometry":{"type":"MultiPolygon","coordinates":[[[[-78.99038204616527,1.292092093493047],[-78.98431107093548,1.296987973410509],[-78.9792247594951,1.307428433663556],[-78.975281,1.312778],[-78.964737,1.3225],[-78.907501,1.366667],[-78.903336,1.367778000000101],[-78.898895,1.358889],[-78.896118,1.341666],[-78.89473,1.324722000000122],[-78.89473,1.268333],[-78.902237,1.248333000000116],[-78.907227,1.239722],[-78.912231,1.239166],[-78.956955,1.235278],[-78.962509,1.236944],[-78.970566,1.2425],[-78.997223,1.27],[-78.998901,1.275],[-78.998337,1.280833],[-78.99038204616527,1.292092093493047]]],[[[-79.740005,-2.618056],[-79.732513,-2.611111],[-79.727509,-2.602778],[-79.72612,-2.591111],[-79.724731,-2.549445],[-79.724731,-2.540278],[-79.728348,-2.530556],[-79.748901,-2.484723],[-79.770004,-2.489445],[-79.782501,-2.489445],[-79.790009,-2.483334],[-79.796402,-2.475556],[-79.801392,-2.467223],[-79.80808324314408,-2.454287870468343],[-79.83896347572063,-2.346026576798536],[-79.81301590491985,-2.170478500168898],[-79.84226896015218,-2.208281075034687],[-79.843903,-2.203889],[-79.848618,-2.194723],[-79.854172,-2.187222],[-79.808899,-2.075834],[-79.772781,-2.036111],[-79.762222,-2.018889],[-79.763626,-2.009167],[-79.819458,-2.034167],[-79.827515,-2.039722],[-79.880005,-2.085],[-79.885559,-2.0925],[-79.889725,-2.103056],[-79.895279,-2.125278],[-79.900284,-2.16],[-79.902786,-2.185],[-79.903625,-2.198889],[-79.902786,-2.211389],[-79.891953,-2.2275],[-79.884735,-2.234445],[-79.87331023633895,-2.248394497638253],[-80.02785965491985,-2.448112643998243],[-80.03709736723125,-2.455973518616485],[-80.0289,-2.426389],[-80.009171,-2.362223],[-80.001678,-2.356112],[-79.980011,-2.351111],[-79.973068,-2.344445],[-79.955841,-2.320556],[-79.951675,-2.310278],[-79.960007,-2.313056],[-80.015015,-2.331667],[-80.023056,-2.338056],[-80.029449,-2.345],[-80.034454,-2.353889],[-80.059448,-2.4125],[-80.073898,-2.453333],[-80.102509,-2.509167],[-80.10745240921597,-2.515842471573589],[-80.33316250868867,-2.707911539348614],[-80.456116,-2.633334],[-80.463623,-2.627223],[-80.568893,-2.5125],[-80.617508,-2.451389],[-80.624451,-2.444445],[-80.662231,-2.413056],[-80.67807,-2.4],[-80.686951,-2.394167],[-80.726959,-2.381111],[-80.739182,-2.378889],[-80.775284,-2.3825],[-80.78862,-2.381111],[-80.799179,-2.377778],[-80.816391,-2.367222],[-80.890015,-2.320556],[-80.8990072559121,-2.309593702494293],[-80.78616043616985,-2.227343715470411],[-80.74118515540813,-2.119224466126539],[-80.75376335090277,-2.075650709987635],[-80.752502,-2.071667],[-80.731674,-1.943889],[-80.730286,-1.931945],[-80.730835,-1.919445],[-80.733612,-1.908889],[-80.773895,-1.761667],[-80.785843,-1.733056],[-80.81411067699008,-1.687366395447447],[-80.81377884437298,-1.661865867417433],[-80.7538957266972,-1.452044643204786],[-80.77145008077056,-1.406655571005287],[-80.755569,-1.335278],[-80.755844,-1.329167],[-80.759445,-1.319445],[-80.762222,-1.315278],[-80.809448,-1.246945],[-80.850845,-1.193056],[-80.886948,-1.140833],[-80.892227,-1.1325],[-80.89418,-1.127778],[-80.914459,-1.060278],[-80.915558,-1.055],[-80.914459,-1.041945],[-80.911118,-1.031111],[-80.8485650032534,-0.943924924224336],[-80.79976272447794,-0.923734040727365],[-80.757233,-0.92],[-80.74501,-0.920556],[-80.718063,-0.928333],[-80.704727,-0.928333],[-80.621674,-0.927778],[-80.615845,-0.926667],[-80.579453,-0.901389],[-80.575562,-0.898056],[-80.569733,-0.89],[-80.535278,-0.828056],[-80.531952,-0.817222],[-80.531403,-0.811111],[-80.53064885646116,-0.78384403998439],[-80.33884903480266,-0.663181163113691],[-80.36079127726066,-0.636007841991579],[-80.338898,-0.636389],[-80.26889,-0.629722],[-80.264725,-0.627222],[-80.266403,-0.622222],[-80.26973,-0.618611],[-80.281403,-0.616111],[-80.313339,-0.615556],[-80.33168,-0.616945],[-80.344727,-0.616945],[-80.37001,-0.613889],[-80.378616,-0.608889],[-80.401672,-0.570278],[-80.422226,-0.535833],[-80.48220787188775,-0.429866886461573],[-80.48215958167766,-0.3838998747283],[-80.43388113015752,-0.286745513325268],[-80.375839,-0.219722],[-80.368622,-0.213056],[-80.340286,-0.186944],[-80.285278,-0.155833],[-80.279449,-0.154722],[-80.266678,-0.154444],[-80.250565,-0.145],[-80.246399,-0.142222],[-80.232224,-0.129167],[-80.145279,-0.038611],[-80.132507,-0.024167],[-80.112999,0],[-80.070557,0.058056],[-80.068344,0.062778],[-80.045837,0.130556],[-80.040558,0.160556],[-80.039459,0.173333],[-80.039734,0.212222],[-80.041946,0.23],[-80.044174,0.241111],[-80.045837,0.265556],[-80.045013,0.292778],[-80.041672,0.351944],[-80.040283,0.3575],[-80.036118,0.358611],[-80.003143,0.342971],[-79.999725,0.346389],[-79.997513,0.350833],[-79.992233,0.36638900000014],[-79.993896,0.378056],[-80.000839,0.3900000000001],[-80.007233,0.396944],[-80.014725,0.403333],[-80.021118,0.410556],[-80.0289,0.423056],[-80.037231,0.436944],[-80.040848,0.446667],[-80.041946,0.45222200000012],[-80.048065,0.484444],[-80.048615,0.490556],[-80.047501,0.496667000000116],[-80.036118,0.5125],[-80.023056,0.526944],[-80.018341,0.535555],[-80.015015,0.546389],[-80.016403,0.565],[-80.01973,0.581389],[-80.023346,0.591111],[-80.036118,0.618611000000101],[-80.046112,0.635556],[-80.054169,0.641389],[-80.065002,0.644444],[-80.084732,0.645833],[-80.088623,0.648611],[-80.091675,0.652222],[-80.10556,0.6725],[-80.110001,0.681667],[-80.105835,0.750833],[-80.104446,0.763611],[-80.097229,0.776944],[-80.06527335834778,0.820965013631139],[-80.02149611836577,0.827367103619641],[-80.010834,0.823889],[-79.974167,0.826667],[-79.968613,0.827778000000137],[-79.9384353161098,0.839514117245408],[-79.77687546302532,0.863141022879503],[-79.37601181556438,1.016531788069628],[-79.27091432491049,1.080412332948051],[-79.259171,1.079444],[-79.253067,1.078333],[-79.24028,1.078611],[-79.206116,1.082778],[-79.178345,1.088611],[-79.161957,1.098889],[-79.154175,1.104722],[-79.143616,1.114444],[-79.123062,1.134722],[-79.079727,1.187500000000114],[-78.999451,1.172222],[-78.924454,1.231389],[-78.88929,1.238367],[-78.874451,1.338333],[-78.829178,1.428889],[-78.809723,1.437778],[-78.855835,1.522222000000113],[-78.855011,1.541111],[-78.85556,1.547222],[-78.857513,1.552222],[-78.861389,1.555],[-78.925568,1.579722],[-78.930847,1.581389],[-78.948624,1.584444000000133],[-78.974731,1.585],[-78.980835,1.584444000000133],[-78.993057,1.586111],[-79.00560424249433,1.589372099985391],[-79.04313012815177,1.647931167995533],[-78.975006,1.748333],[-78.969177,1.756389],[-78.92151257655112,1.794227117567673],[-78.7847566275761,1.824865661818407],[-78.75729259687559,1.818259726876457],[-78.755569,1.816389000000129],[-78.739456,1.808889],[-78.725571,1.8025],[-78.621124,1.764722],[-78.593903,1.765278],[-78.587784,1.765555],[-78.584167,1.768889],[-78.58197839672538,1.776091328027025],[-78.57526871253704,1.774477444846056],[-78.49182602454876,1.920829616743944],[-78.61407091317118,2.11920869861587],[-75.8980767544808,0.846086436729756],[-77.12130629307164,-0.48351088782551],[-77.17449018605384,-1.281269282558668],[-79.76017934832112,-2.785670249695991],[-79.74477097083782,-2.676250852387525],[-79.7575680800408,-2.631386177417438],[-79.740005,-2.618056]]]]},"properties":{"id":"valdivia","name":"Valdivia","names":{"en":"Valdivia Province","fr":"Valdivia"},"subjectTo":"Valdivia","partOf":"Valdivia","borderPrecision":1,"wikidata":"Q721733","wikipedia":{"en":"https://en.wikipedia.org/wiki/Valdivia_Province","fr":"https://fr.wikipedia.org/wiki/Province_de_Valdivia"},"year":-5000,"source":"Historical Basemaps","sourceUrl":"https://github.com/aourednik/historical-basemaps"}},{"type":"Feature","geometry":{"type":"MultiPolygon","coordinates":[[[[141.978851,39.652771],[141.99818294611282,39.63570874261847],[141.99851516197467,39.448878847319506],[141.98788722901443,39.41825760995362],[141.982727,39.415268],[141.945526,39.383331],[141.941071,39.378601],[141.90637200000015,39.329994],[141.89859,39.266106],[141.897766,39.250549],[141.900269,39.246101],[141.88998400000014,39.153877000000136],[141.88627079453533,39.12828479169695],[141.78496494847516,39.018883],[141.748566,39.018883],[141.638885,38.996384],[141.633331,38.993324],[141.629669,38.98777],[141.629944,38.982491],[141.633636,38.969482],[141.643585,38.922493],[141.645538,38.883331],[141.639435,38.886658000000125],[141.632172,38.887215],[141.599976,38.888046],[141.59356700000012,38.88694],[141.588287,38.883881],[141.58053600000017,38.873604],[141.533051,38.780548],[141.51525900000013,38.681381],[141.51526911694347,38.68134196372495],[141.46709731529498,38.58749350186052],[141.49639419029498,38.42189749355974],[141.42873671959185,38.389918886382006],[141.4142375097326,38.384326866993426],[141.357727,38.398331],[141.34329200000013,38.399719],[141.307465,38.402214],[141.293854,38.401657000000114],[141.256104,38.39582800000011],[141.09579500000018,38.364441],[141.083862,38.361107],[141.078583,38.35833],[141.055817,38.338043],[141.044128,38.317772],[140.953583,38.14804800000013],[140.93997200000013,38.10527],[140.93292047646838,38.07543394102547],[140.87221816490435,37.91744955654802],[140.8808698983028,37.73915060635271],[140.9232282967403,37.62462195034685],[140.98220351646685,37.26819952603044],[140.96448079376881,36.965517779333304],[140.958313,36.95916],[140.930817,36.936104],[140.92581200000018,36.93332700000013],[140.91970800000013,36.932213],[140.87274200000013,36.919441],[140.82690400000013,36.90332],[140.82189900000014,36.900269],[140.80969200000015,36.886108],[140.79858400000012,36.869987],[140.796631,36.863884],[140.797485,36.848045],[140.79858400000012,36.84606200000013],[140.767487,36.813049],[140.75305200000014,36.79055],[140.746063,36.77916],[140.69361209943992,36.65997053617249],[140.6556043953731,36.618312441069506],[140.54662612388873,36.287223421294115],[140.55544570396685,35.969142519194506],[140.64475539634967,35.835753999907396],[140.81453392409344,35.693631641068166],[140.675262,35.673882],[140.663605,35.670547],[140.641663,35.662491],[140.626068,35.654434],[140.588013,35.627213],[140.5691220000001,35.613609],[140.545532,35.5961],[140.537109,35.588722],[140.479126,35.53638500000011],[140.47052,35.527771],[140.450806,35.503883],[140.4369200000001,35.481377],[140.413025,35.42887900000011],[140.4121769311898,35.426705235288594],[140.39493850181842,35.40912207241716],[140.3373985076588,35.13340539672079],[140.334686,35.131378],[140.32968100000016,35.128326],[140.23522900000012,35.100273],[140.22302200000013,35.097214],[140.121887,35.08638],[140.002197,35.015274],[139.993011,35.008331],[139.975525,34.979431],[139.97219800000016,34.973602],[139.970245,34.967491],[139.967194,34.927773],[139.964691,34.922493],[139.9569090000001,34.912766],[139.9524540000001,34.908882],[139.94165,34.904709],[139.91313917449412,34.89660761794338],[139.83761718303165,34.97595350770775],[139.85913100000016,34.984161],[139.866913,34.993629],[139.867462,34.999435],[139.864685,35.0094380000001],[139.84552,35.063881],[139.84112810854594,35.08265624237995],[139.92046645591998,35.261901460844896],[139.9830240374808,35.44059935811715],[140.04248,35.486656],[140.10189800000012,35.534439],[140.106354,35.53833],[140.11328100000014,35.549721],[140.11300700000015,35.55499300000014],[140.109955,35.564713],[140.107452,35.569160000000124],[140.075256,35.615273],[140.064148,35.627213],[140.0452580000001,35.641937],[140.038025,35.644714000000135],[139.995789,35.658043],[139.96856700000012,35.660820000000115],[139.937469,35.656654],[139.777191,35.63333100000011],[139.77066,35.625114],[139.7666630000001,35.617210000000114],[139.766418,35.60656],[139.767212,35.58998900000012],[139.771362,35.564438],[139.78448500000013,35.51164200000011],[139.780273,35.503883],[139.775818,35.5],[139.761383,35.490273],[139.755829,35.488045],[139.72689800000012,35.478043],[139.7033080000001,35.472488],[139.677765,35.470268],[139.651093,35.461105],[139.645538,35.458885],[139.64386000000013,35.45499400000011],[139.63609545995362,35.3956264370609],[139.5383982412448,35.29032277566102],[137.8874963691638,37.02481461594864],[138.2120866608976,37.16129476077241],[138.243835,37.172493],[138.271088,37.184158],[138.2797595372728,37.18974910522922],[138.31724074791217,37.20550879116716],[138.4920301766231,37.301349245268725],[138.69896987388873,37.44820364590349],[138.85615066002154,37.73505743618669],[139.19793227623248,37.92043264980974],[139.35387710045123,38.06723745938005],[139.37883787891252,38.102427992450366],[139.424408,38.151657],[139.42804,38.157494],[139.43559394474985,38.18244457586285],[139.43984511802935,38.18843802090349],[139.4781391949878,38.325539934052046],[139.50393203209185,38.4178844320363],[139.74572280357623,38.679584108549975],[139.7414198250606,38.74329718228044],[139.8960829109981,38.99850424404802],[139.96793654869342,39.208968721587084],[139.99304096723856,39.31973202958249],[139.99411,39.321381],[140.011658,39.352776],[140.022766,39.378601],[140.0336,39.409431],[140.046356,39.446655],[140.052185,39.464996],[140.062195,39.522766000000104],[140.070801,39.585548],[140.070251,39.602776],[140.064423,39.68776700000012],[140.063599,39.698326],[140.062744,39.708885],[140.0607910000001,39.719154],[140.057465,39.734161],[140.047211,39.77916],[140.04248,39.793884000000105],[140.0383,39.803047000000106],[140.024689,39.825272],[140.010529,39.841934],[139.997742,39.853607],[139.977448,39.86805],[139.961365,39.87860100000012],[139.948853,39.884995],[139.93191500000012,39.889717],[139.915802,39.892769],[139.9086,39.893326],[139.895264,39.891663],[139.871063,39.88526900000011],[139.862183,39.87665600000014],[139.86358600000017,39.87165800000014],[139.863007,39.86610400000012],[139.858307,39.862213],[139.826355,39.855553],[139.82338863127873,39.85543182760564],[139.80463698814654,39.890746675688646],[139.91034987877154,39.98660620327654],[139.98502639244342,40.11461981411638],[139.98149615643752,40.137878587853905],[140.008331,40.192764000000125],[140.020538,40.23082000000011],[140.026642,40.276382],[140.026917,40.287216],[140.024689,40.318886000000134],[140.01998900000012,40.333603],[140.017487,40.338043],[140.01193200000012,40.346939],[139.938507,40.428604],[139.944977,40.474709],[139.946075,40.49137900000011],[139.944977,40.507217],[139.935516,40.536385],[139.92718500000012,40.549721],[139.923309,40.553604],[139.9178050342299,40.55750418739968],[139.91515639732623,40.57495459194841],[140.15972426841998,40.72901495571794],[140.178641913026,40.75498172265339],[140.2188420000001,40.77166],[140.22995,40.776657],[140.246063,40.785553],[140.26025400000015,40.7972180000001],[140.26886,40.806656],[140.27636700000016,40.817772],[140.282471,40.830826000000116],[140.28637700000013,40.843048],[140.304413,40.902214],[140.30482943385306,40.90380180853049],[140.38640883873248,40.98550375576677],[140.47280410240435,40.98567923184099],[140.56716445396685,40.825831972319506],[140.65697768638873,40.72361334438982],[140.7933454842403,40.74948843594255],[141.12776355478147,40.85741678609491],[141.1316220000001,40.856384],[141.138031,40.857498],[141.149414,40.862213],[141.159424,40.869156],[141.169128,40.87665600000014],[141.177765,40.886108],[141.18164100000013,40.89166300000011],[141.195526,40.915825],[141.20581100000015,40.934433],[141.2280270000001,40.97860000000014],[141.233032,40.991104],[141.23941000000013,41.009438],[141.27832000000012,41.144157],[141.279144,41.149719],[141.273315,41.169159],[141.261383,41.192764000000125],[141.25219700000014,41.20555100000013],[141.245514,41.214157],[141.228851,41.229988],[141.1985780000001,41.251938],[141.187195,41.258888],[141.17968800000017,41.261665],[141.164703,41.263054000000125],[141.1583250000001,41.26194],[141.14471400000014,41.248604],[141.141083,41.24305],[141.143311,41.238045],[141.149719,41.236938],[141.155823,41.238884],[141.1571960000001,41.234161],[141.128571,41.210274],[141.12384,41.206383],[141.11828600000013,41.203606],[141.062744,41.1772160000001],[141.049988,41.17471300000011],[141.04303,41.17443800000012],[141.03524800000014,41.17527],[141.027191,41.176659],[141.004974,41.18526500000013],[140.996918,41.18693500000012],[140.97106900000017,41.182213],[140.8870461160394,41.157766940412394],[140.78669740846186,41.24466412918888],[140.7940028514103,41.26685731793779],[141.08701613853717,41.44161947842302],[141.16159895710345,41.41532484113352],[141.164703,41.4124910000001],[141.171356,41.403877],[141.176636,41.394997],[141.18609600000013,41.381935],[141.194702,41.373604000000114],[141.208588,41.36221300000011],[141.22106900000017,41.355827],[141.228577,41.35305000000011],[141.254425,41.345543],[141.270813,41.34249100000011],[141.30081200000018,41.339714],[141.31497200000013,41.340271],[141.33020348843257,41.341504321903955],[141.43621762162303,41.26980667027366],[141.418854,41.204163],[141.412201,41.191101],[141.404694,41.179993],[141.401367,41.17360700000012],[141.39721700000018,41.161377],[141.39636200000018,41.155823],[141.395538,41.144714],[141.3999940000001,40.926384],[141.401917,40.879715],[141.40387,40.859993],[141.415802,40.74527000000012],[141.41803,40.729988000000105],[141.421082,40.714996],[141.428589,40.690544],[141.45926292829628,40.597656414873185],[141.46714309166217,40.5140872823781],[141.5662489266231,40.456718050200365],[141.67560866783404,40.316222749907396],[141.9824654123818,39.70325694828085],[141.978851,39.652771]]],[[[144.883331,43.974434],[144.904144,43.989159],[144.914154,43.997215],[144.92746,44.012772],[144.92953314982515,44.01800527883988],[145.09752433581997,44.145939812083284],[145.11496,44.15416],[145.17636100000016,44.188042],[145.18061525963992,44.190952978870904],[145.34760573814654,44.24303778286638],[145.34830414265124,44.21131678749645],[145.332733,44.185265],[145.31939549480464,44.16407193722693],[145.20989516685748,44.03688772793474],[145.19817926846164,44.01734044510329],[145.184967,44.004715],[145.17190600000015,43.989433],[145.1633,43.9786],[145.131622,43.9313810000001],[145.10968000000014,43.895546],[145.0903652455872,43.83745913108708],[145.05938247154498,43.785766206938646],[145.07017591743374,43.763224155214814],[145.070251,43.758888],[145.072754,43.74916100000013],[145.08821129290817,43.72555737381876],[145.1485700936153,43.59949835415544],[145.27237404813482,43.44135216577753],[145.279694,43.424438],[145.303589,43.368599],[145.29303,43.336655],[145.28579700000012,43.33971400000013],[145.27691700000014,43.342216],[145.269714,43.342216],[145.263611,43.340546],[145.258881,43.335823],[145.256104,43.320274],[145.256104,43.314995],[145.307739,43.276657000000114],[145.315247,43.273605],[145.357452,43.263611],[145.382172,43.258049],[145.40120111716757,43.25455770742878],[145.44464949819553,43.17586411946528],[145.426361,43.175552],[145.370789,43.171936],[145.295807,43.164436],[145.2824710000001,43.1624910000001],[145.1535950000001,43.134995],[145.13665800000012,43.126656],[145.13134800000012,43.123047],[145.12661700000012,43.118599],[145.12246700000014,43.113052],[145.117462,43.10110500000013],[145.11773700000015,43.095825000000104],[145.120239,43.086105],[145.12384,43.08194],[145.130249,43.078606],[145.107178,43.04583],[145.012482,42.98749500000014],[144.99441500000012,42.981102],[144.981903,42.97748600000011],[144.97525,42.976379],[144.9133,42.97165700000011],[144.89749100000017,42.974159],[144.874664,42.978874],[144.848297,42.99749],[144.839691,43.005272],[144.839691,43.010551],[144.84079,43.01638800000012],[144.84442100000012,43.02777100000014],[144.841644,43.032494],[144.836639,43.03611],[144.821899,43.042221],[144.813599,43.043884],[144.7988590000001,43.04471600000011],[144.787476,43.039162],[144.77719100000013,43.031937],[144.762756,43.019157],[144.735229,42.99082900000013],[144.733032,42.984993],[144.733032,42.979713],[144.738007,42.965271],[144.740509,42.960823],[144.661652,42.93721000000011],[144.49328600000013,42.92943600000012],[144.478851,42.929161],[144.46359300000017,42.930824],[144.404144,42.946655],[144.37912,42.954994],[144.37161300000014,42.963326],[144.366364,42.982765],[144.35522500000013,42.99582700000013],[144.339417,42.998329],[144.324982,42.998047],[144.291931,42.99332400000014],[144.179413,42.967491],[144.141663,42.95804600000014],[144.024414,42.921379],[144.006378,42.914993],[143.98968500000012,42.906654],[143.892761,42.8491590000001],[143.852448,42.81360600000011],[143.799988,42.766663],[143.781372,42.749161],[143.649719,42.66304800000012],[143.629395,42.648331],[143.6149600000001,42.636383],[143.590973,42.614937],[143.562744,42.587769],[143.539978,42.564713],[143.46414200000015,42.479156],[143.434967,42.44249],[143.386108,42.37832600000013],[143.37384,42.361664],[143.344421,42.313049],[143.334137,42.293884],[143.329681,42.281662],[143.324402,42.237213],[143.324982,42.221375],[143.32663,42.211105],[143.33067419376724,42.19647861015205],[143.33037856529498,42.196105562407396],[143.21786419535485,41.936036612001175],[143.202759,41.94415300000014],[143.181366,41.958603],[143.169983,41.9711],[143.16748,41.975548],[143.144684,42.000000000000114],[143.12439,42.020271],[143.11911,42.024162],[143.1069030000001,42.03082300000011],[142.957733,42.099998],[142.94302400000015,42.106659],[142.92691,42.11193800000012],[142.91885400000012,42.113609],[142.867188,42.123604000000114],[142.827454,42.13221],[142.793304,42.141663],[142.70636000000013,42.1722180000001],[142.657471,42.19082600000013],[142.485229,42.258049],[142.313599,42.340828],[142.29470800000013,42.35083],[142.27832,42.361382000000106],[142.25415,42.380272],[142.103577,42.454437],[142.060791,42.46527100000014],[142.05218500000012,42.467766],[142.02221700000018,42.479156],[142.01080300000012,42.486107],[141.963593,42.518883],[141.932739,42.540833],[141.93136600000014,42.54583],[141.928864,42.55027],[141.91970800000013,42.558044],[141.840515,42.5908280000001],[141.81665,42.59887700000013],[141.790527,42.606384],[141.758026,42.61166400000013],[141.7399600000001,42.613884],[141.695526,42.615273000000116],[141.658875,42.61610400000012],[141.630249,42.615273000000116],[141.616638,42.613884],[141.557739,42.60305],[141.5324710000001,42.596939],[141.445526,42.572495],[141.42746,42.566383],[141.41052200000013,42.558601000000124],[141.39386000000013,42.549995],[141.154694,42.422493],[141.111359,42.398331],[141.090515,42.384995],[141.060516,42.363052],[141.05108600000017,42.35443900000013],[141.024414,42.327217],[141.003601,42.301933],[140.993011,42.295273],[140.98608400000012,42.294998000000135],[140.978302,42.29583],[140.961365,42.299721],[140.945251,42.304993],[140.938873,42.308044],[140.934692,42.31221],[140.929413,42.3211060000001],[140.905243,42.383881],[140.90332000000012,42.393883],[140.9035950000001,42.40998800000011],[140.90191700000014,42.414993],[140.896362,42.423882],[140.88443,42.44110100000012],[140.875244,42.4488750000001],[140.76193200000012,42.544716],[140.75665300000014,42.548607],[140.745239,42.55526700000013],[140.7196960000001,42.56805400000013],[140.711914,42.571106],[140.694977,42.57499700000011],[140.679688,42.576103],[140.520264,42.579163],[140.49939000000018,42.57749200000012],[140.479675,42.57388300000014],[140.461639,42.567772],[140.427185,42.541107],[140.40387,42.520271],[140.385254,42.503052],[140.35495000000014,42.470268],[140.33914200000015,42.448601],[140.33551,42.443047],[140.32582352573348,42.42635124416592],[140.22344497154498,42.36310919399919],[140.24552443931842,42.2284427511281],[140.7676649422481,42.00501211758318],[141.01946547935748,41.87086065884294],[141.1385934668375,41.76408457439791],[141.0416560000001,41.717766],[141.01165800000012,41.7074970000001],[140.98468000000014,41.704712],[140.976898,41.705551],[140.728302,41.804161],[140.71414200000015,41.815544],[140.708008,41.81860400000011],[140.691925,41.823883],[140.683594,41.825554],[140.668854,41.825829],[140.662476,41.824715],[140.650543,41.820549],[140.63970900000015,41.814713],[140.63497900000016,41.810822000000144],[140.62661700000012,41.800545],[140.623566,41.794159],[140.619415,41.781937],[140.61441,41.76416],[140.60635400000012,41.7397160000001],[140.602753,41.734161],[140.597748,41.73027000000013],[140.592468,41.727486],[140.529968,41.6988750000001],[140.518036,41.69499200000013],[140.468018,41.685822],[140.455536,41.682495],[140.450256,41.679718],[140.439423,41.661934],[140.434418,41.649437],[140.432465,41.638046],[140.432465,41.605553],[140.434418,41.579163],[140.437744,41.564156],[140.439423,41.559433],[140.44220000000018,41.554993],[140.443573,41.55027],[140.444122,41.544998],[140.444427,41.539719000000105],[140.4423436405881,41.53575784130541],[140.44052162535883,41.53354428340926],[140.41748,41.515274],[140.411652,41.51332900000011],[140.28442400000017,41.486382],[140.27832000000012,41.484161],[140.2622070000001,41.47554800000012],[140.253052,41.466934],[140.244415,41.457497],[140.2258,41.429436],[140.22274800000014,41.422768],[140.219116,41.417213],[140.2116390000001,41.406097],[140.207184,41.401382],[140.202454,41.397491000000116],[140.196625,41.395271],[140.189697,41.394997],[140.0783080000001,41.416664],[140.069702,41.419159],[140.05191000000013,41.429161],[140.03497300000015,41.44471],[140.029419,41.453606],[139.99190659214955,41.53132105822807],[140.12449172447467,41.7921520101613],[140.12207416573457,41.80714942878844],[140.12606800000015,41.81166100000013],[140.129395,41.81832900000012],[140.131348,41.82444],[140.146362,41.897491],[140.146362,41.913605],[140.1455380000001,41.924164],[140.138885,41.981377],[140.136383,41.985825],[140.06109600000013,42.07888000000014],[140.049133,42.090828],[140.03887900000018,42.09804500000013],[140.019714,42.10777300000012],[140.0122070000001,42.11055],[139.988281,42.118324],[139.947205,42.12582400000014],[139.93219,42.131378],[139.916656,42.14222000000012],[139.80496200000016,42.221931],[139.791656,42.233604],[139.78775,42.237770000000125],[139.7821960000001,42.246384],[139.78054800000018,42.251389],[139.76858500000014,42.29583],[139.768311,42.309715],[139.769135,42.315269000000114],[139.773041,42.327492],[139.788025,42.349998],[139.80523700000015,42.3688810000001],[139.820801,42.390549],[139.824402,42.396103],[139.827759,42.40248900000012],[139.841644,42.444992],[139.844696,42.467766],[139.84774800000014,42.490547],[139.84829700000012,42.501389],[139.8485720000001,42.512215],[139.846344,42.527489],[139.839966,42.547493],[139.83584597094477,42.559852575805536],[139.9739637703731,42.65139731045427],[140.20896438072467,42.728900514799975],[140.49982741783404,42.896407686430834],[140.50911103593285,42.98411662681267],[140.50970500000017,42.984436],[140.51944,42.991936],[140.52887,43.000549],[140.530823,43.006660000000124],[140.529419,43.011383],[140.51428165666218,43.032967156903304],[140.51682570884967,43.05700262661638],[140.45194255824924,43.11505815416929],[140.42163100000016,43.150543],[140.40040823910272,43.16116954144695],[140.37356093834185,43.18519171353044],[140.49824050377154,43.320357881743334],[140.5657449188682,43.32480582725156],[140.64886500000011,43.278877000000136],[140.777191,43.20388],[140.795532,43.188599],[140.80304,43.185822000000144],[140.81893040264006,43.1849440000116],[140.89655593345904,43.134826265532396],[141.0641737313106,43.09662588711443],[141.17233932511516,43.13746022519863],[141.192474,43.138329],[141.20581100000015,43.140549],[141.217194,43.145271],[141.23553500000014,43.15538],[141.2500000000001,43.163605],[141.26454174549923,43.172268195771494],[141.30364516685748,43.187030397612475],[141.30360873704373,43.198300830938045],[141.348297,43.232491],[141.36718800000017,43.249161],[141.389435,43.272491],[141.407196,43.291382],[141.414978,43.30249],[141.425262,43.321663],[141.431366,43.33971400000013],[141.43856800000015,43.368881],[141.439148,43.379715],[141.43856800000015,43.390274],[141.43219,43.414711],[141.38272100000017,43.5669400000001],[141.33551,43.69609800000012],[141.336914,43.712494],[141.34024,43.71888],[141.35381180235964,43.74174940609788],[141.50669387291217,43.80445440884294],[141.70942214439654,43.91419180508318],[141.7426863045528,44.24878653164568],[141.74401872679772,44.41543472440596],[141.745239,44.41721300000012],[141.750824,44.429718],[141.753876,44.441376000000105],[141.7883,44.57972],[141.794128,44.60833],[141.797211,44.624992],[141.797485,44.641106],[141.7952580000001,44.683052],[141.79385400000012,44.70888500000012],[141.789978,44.734436],[141.770538,44.830551],[141.765808,44.850273],[141.76416,44.85527000000013],[141.758331,44.869156],[141.721344,44.948326],[141.708588,44.970825],[141.69470200000012,44.992767],[141.687744,45.001389],[141.67691000000013,45.01388500000013],[141.611633,45.109993],[141.60025,45.127487],[141.587189,45.155266],[141.575806,45.184158],[141.573853,45.194153],[141.57330300000012,45.204437],[141.573853,45.215271],[141.578033,45.232491],[141.58496100000013,45.24527000000012],[141.6147816732632,45.28944928788941],[141.8753309578731,45.435424410063646],[141.90395644615435,45.40314444180193],[142.13218215416217,45.20967825527849],[142.53904250572467,44.842650972563646],[143.02050307701373,44.463683687407396],[143.50817397545123,44.155761324126146],[143.79023269127154,44.02764471646013],[144.02810195396685,43.950927339751146],[144.48659804771685,43.861808382231615],[144.61382583091998,43.84276159878435],[144.75043776939654,43.88161429043474],[144.80722921693192,43.924864103153375],[144.883331,43.974434]]]]},"properties":{"id":"ainu","name":"Ainu","names":{"en":"Ainu","fr":"Ainu"},"subjectTo":"Ainu","partOf":"Ainu","borderPrecision":1,"wikidata":"Q22105058","wikipedia":null,"year":-5000,"source":"Historical Basemaps","sourceUrl":"https://github.com/aourednik/historical-basemaps"}},{"type":"Feature","geometry":{"type":"MultiPolygon","coordinates":[[[[80.142212,14.264444],[80.137207,14.256388],[80.132202,14.253887],[80.126083,14.200275],[80.139709,14.104998],[80.15138200000013,14.035831],[80.16743729254796,13.994529072270277],[80.16971877525593,13.891985498625658],[80.07589248131062,13.669416986662767],[80.077181744576,13.667577044419826],[80.0494230000001,13.623331],[80.0494230000001,13.617775000000108],[80.058594,13.587498],[80.084427,13.548332],[80.10914600000012,13.51111],[80.115265,13.503054],[80.1188580000001,13.499723],[80.20704635037491,13.484691612086158],[80.31988051841999,13.33321341152849],[80.31498021631548,13.158732538955086],[80.305252,13.134443],[80.281937,13.052776],[80.279434,13.043331],[80.264435,12.959164],[80.26305417293096,12.950861600803814],[80.22375777672077,12.831091486174486],[79.94085540738496,12.149633747322536],[79.936096,12.142498],[79.931091,12.134722],[79.879425,12.052498],[79.870773,12.038537],[79.867203,12.032776000000126],[79.863876,12.023888],[79.859192,11.990029],[79.858032,11.973608],[79.845078,11.938789],[79.827484,11.894722],[79.816086,11.863052],[79.815262,11.847492],[79.805542,11.837219],[79.804153,11.832775],[79.804153,11.821943],[79.804466,11.818136],[79.80455526022365,11.817046129351152],[79.78968093517513,11.780680053694986],[79.786102,11.778887000000111],[79.783875,11.775],[79.783051,11.769999],[79.78402343717453,11.766848098319274],[79.76935103843952,11.730975710112475],[79.7252796581039,11.515919075964018],[79.71073440025593,11.44494207974138],[79.71220807803685,11.424527911645875],[79.73182967613484,11.15271910305681],[79.82626632164265,10.358728014189623],[79.79557132111631,10.267383631847204],[79.786926,10.267221],[79.782486,10.268888],[79.780548,10.274443],[79.78442400000012,10.282499],[79.7836,10.286386],[79.780823,10.289442000000122],[79.76577,10.294443],[79.755928,10.299609],[79.750931,10.301943000000108],[79.745605,10.303776],[79.73976900000014,10.304776],[79.689598,10.308275],[79.685928,10.30794200000014],[79.682091,10.306942],[79.68026,10.304942],[79.67742900000013,10.300276],[79.678429,10.297609000000136],[79.7387700000001,10.279777000000138],[79.741928,10.279777000000138],[79.745262,10.281110000000126],[79.747269,10.28311],[79.750427,10.287943],[79.753937,10.28827600000011],[79.756432,10.286942],[79.76388500000013,10.27611000000013],[79.767487,10.273054],[79.770264,10.263887],[79.768875,10.259443],[79.763611,10.258333000000107],[79.711258,10.266221],[79.56526200000013,10.295277000000112],[79.49275200000011,10.30722],[79.399155,10.319719],[79.393326,10.319164],[79.3830410000001,10.314444],[79.328873,10.283888],[79.324997,10.280832],[79.31469700000014,10.271111],[79.276657,10.234997],[79.27185389272411,10.229770792114941],[79.22248366783406,10.19222220059099],[79.09443191594544,9.823607537610645],[79.035263,9.744164],[78.981934,9.66416500000014],[78.945816,9.60277600000012],[78.94081100000011,9.593887],[78.908035,9.479719],[78.90998800000011,9.468054],[78.9166560000001,9.44722000000013],[78.941086,9.409443000000124],[78.97747800000013,9.362776],[79.009155,9.331665],[79.080658,9.312665],[79.095985,9.302832000000137],[79.110664,9.296498],[79.12015500000012,9.293331],[79.12682300000012,9.291665],[79.14014011091115,9.291077114665175],[79.15964797447468,9.27715643521013],[79.13106028899595,9.265553533085113],[78.997482,9.274721],[78.9711,9.273609],[78.964706,9.273054],[78.877472,9.25111],[78.856369,9.244442],[78.809982,9.228886000000102],[78.662201,9.176664],[78.46138,9.114998],[78.429153,9.105831],[78.409988,9.096943],[78.396652,9.08972],[78.383881,9.081665],[78.233871,8.967775],[78.225266,8.955553000000123],[78.211655,8.934443],[78.192474,8.904165],[78.175812,8.866665],[78.174423,8.861109],[78.139984,8.61722],[78.143051,8.586109],[78.142761,8.57222],[78.13271213272212,8.494821648467253],[78.06494430015827,8.385257326323412],[78.00902840611303,8.342117236553028],[78.002487,8.339441000000136],[77.99693300000013,8.338331],[77.951096,8.305832],[77.82783404881627,8.222887810226053],[77.74734532798233,8.183802735014751],[77.650269,8.154444000000126],[77.606644,8.14277600000014],[77.587204,8.134722],[77.574432,8.126663000000121],[77.56749000000013,8.119719],[77.56164600000011,8.111664],[77.55748,8.101942],[77.557205,8.094997],[77.558594,8.089441],[77.536102,8.071943],[77.486099,8.078054],[77.45665,8.083887],[77.445526,8.086943],[77.299149,8.133053],[77.227768,8.180277],[77.18392660293743,8.214489374306634],[76.80331078383705,8.604195143047715],[76.69380838584888,8.748380594216211],[76.6623869271114,8.884175859648607],[76.61770999607849,8.968424119116154],[76.627197,8.966108],[76.64582800000011,8.96361],[76.6586,8.964998],[76.661926,8.96833],[76.667206,8.998053],[76.66748,9.003611],[76.663315,9.006388],[76.656937,9.007221],[76.60171919096331,8.998578327726541],[76.53785994957234,9.118999086577318],[76.46720982062818,9.410125717712518],[76.44591767506999,9.497863853489948],[76.46998600000012,9.495275],[76.480545,9.498608000000104],[76.484985,9.50111],[76.499146,9.52861],[76.498596,9.532221],[76.46998600000012,9.552498],[76.424423,9.594442000000129],[76.424423,9.601387],[76.41581700000012,9.681942],[76.39665200000013,9.819164],[76.395828,9.824999],[76.38415500000013,9.860275],[76.362198,9.906109],[76.356369,9.914444000000117],[76.349152,9.920553],[76.32026700000011,9.943888],[76.26359023353056,10.063983085161084],[76.24837566146853,10.103524527673583],[76.07506087730671,10.553955637175463],[76.04670811007392,10.612195984134463],[75.84263733378803,11.031384443500542],[75.717758,11.365274],[75.68887300000011,11.435276],[75.6785890000001,11.445831000000112],[75.651932,11.46444300000013],[75.641373,11.464998],[75.629974,11.46361000000013],[75.62465197918893,11.465224336624015],[75.59630344356646,11.508882985188508],[75.5811,11.544165],[75.578873,11.549721],[75.564987,11.58972],[75.558868,11.624441],[75.55497700000012,11.636665000000107],[75.551926,11.644722],[75.528595,11.700275],[75.377472,11.860554],[75.274414,12.007776],[75.27224161935172,12.007959956393371],[75.21094039390827,12.10236796017351],[74.96174148033406,12.876961313444994],[74.77759773629309,13.527907139134715],[74.73362258384968,13.68335875149431],[74.70298936199268,13.751270509405119],[74.52085177973689,14.155057073232983],[74.42143634905956,14.375454284217641],[74.40150741050984,14.419635378081225],[74.38149652857602,14.454268686582626],[74.38693200000012,14.459442],[74.39444000000015,14.453331000000105],[74.39942900000011,14.452776],[74.402771,14.456387],[74.411926,14.483332000000132],[74.375259,14.541666000000134],[74.358032,14.568331],[74.353043,14.568888],[74.341095,14.559164],[74.338043,14.555553],[74.339981,14.533333],[74.3393150290162,14.527273209428714],[74.2785759578385,14.632395762105052],[74.271103,14.677221],[74.270828,14.682775000000106],[74.250824,14.718887],[74.243591,14.72583],[74.22720300000015,14.736664],[74.223312,14.737776],[74.2174070368376,14.738262266076722],[74.2091322567945,14.752583624373774],[80.136367578808,14.48887190469884],[80.15667953459524,14.30034565708868],[80.142212,14.264444]]]]},"properties":{"id":"dravidians","name":"Dravidians","names":{"en":"Dravidians","fr":"Dravidians"},"subjectTo":"Dravidians","partOf":"Dravidians","borderPrecision":1,"wikidata":null,"wikipedia":null,"year":-5000,"source":"Historical Basemaps","sourceUrl":"https://github.com/aourednik/historical-basemaps"}},{"type":"Feature","geometry":{"type":"MultiPolygon","coordinates":[[[[12.972776,-5.8625],[12.961666,-5.870556],[12.953054,-5.876112],[12.933611,-5.883889],[12.921665000000132,-5.885834],[12.889166,-5.883056],[12.87611,-5.883612],[12.865,-5.886111],[12.839722000000108,-5.895278],[12.834999,-5.897223],[12.818054,-5.908056],[12.768888,-5.948334],[12.739721,-5.948056],[12.737221,-5.943611],[12.737778000000105,-5.9375],[12.746111,-5.910833],[12.748333,-5.906112],[12.751665,-5.9025],[12.755833,-5.900001],[12.839167,-5.852501],[12.844166,-5.850556],[12.850277,-5.85],[12.862778,-5.848889],[12.876665,-5.849167],[12.965277,-5.853612],[12.971666,-5.854445],[12.974165,-5.858612],[12.972776,-5.8625]]],[[[32.04453125,-2.242578125],[32.06005859375,-2.265332031250011],[32.05419921875,-2.328320312500011],[32.0375,-2.35107421875],[31.96601562500001,-2.36572265625],[31.91748046875,-2.372363281250003],[31.89990234375,-2.44296875],[31.84833984375001,-2.454492187500009],[31.842578125000017,-2.381152343750003],[31.78271484375,-2.32080078125],[31.790820312500017,-2.234082031250011],[31.818261718750023,-2.191601562500011],[31.84033203125,-2.215625],[31.875585937500006,-2.264355468750011],[31.89990234375,-2.2841796875],[31.974511718750023,-2.265625],[32.04453125,-2.242578125]]],[[[41.169441,-2.101111],[41.168154030082185,-2.104236120268292],[41.088606867296946,-2.128604806702711],[40.9826444340582,-2.097738179025884],[40.988609,-2.090834],[40.992775,-2.088056],[41.063889,-2.044167],[41.074997,-2.041389],[41.091385000000116,-2.0375],[41.098328,-2.0375],[41.102493,-2.038889],[41.12916600000011,-2.0525],[41.15583,-2.074445],[41.162773,-2.080556],[41.16555000000011,-2.084723],[41.168884000000105,-2.095],[41.169441,-2.101111]]],[[[33.14042968750002,-2.069140625],[33.18291015625002,-2.116015625],[33.1748046875,-2.159277343750006],[33.12470703125001,-2.1578125],[33.05888671875002,-2.134960937500011],[32.98867187500002,-2.10498046875],[32.89863281250001,-2.084863281250009],[32.85136718750002,-2.060546875],[32.84707031250002,-1.97890625],[32.82988281250002,-1.9375],[32.88427734375,-1.904492187500011],[32.94863281250002,-1.901660156250003],[32.97158203125002,-1.973242187500006],[33.02734375,-1.9734375],[33.09716796875,-1.965429687500006],[33.1201171875,-2.011328125],[33.14042968750002,-2.069140625]]],[[[32.179296875,-0.310546875],[32.19365234375002,-0.332128906250006],[32.26894531250002,-0.290332031250003],[32.31914062500002,-0.3375],[32.2978515625,-0.3916015625],[32.271875,-0.472460937500003],[32.13232421875,-0.525390625],[32.14453125,-0.487011718750011],[32.16621093750001,-0.441992187500006],[32.20537109375002,-0.397363281250009],[32.20820312500001,-0.362695312500009],[32.13007812500001,-0.336621093750011],[32.10419921875001,-0.322167968750009],[32.08085937500002,-0.290332031250003],[32.06474609375002,-0.25439453125],[32.086035156250006,-0.2314453125],[32.1474609375,-0.232421875],[32.182226562500006,-0.2353515625],[32.179296875,-0.310546875]]],[[[33.32509765625002,0.1416015625],[33.33935546875,0.080029296874997],[33.27294921875,0.120507812499994],[33.264257812500006,0.143652343749991],[33.18427734375001,0.15],[33.18037109375001,0.175488281249997],[33.21796875000001,0.18994140625],[33.22089843750001,0.2333984375],[33.22382812500001,0.276757812499994],[33.31767578125002,0.2978515625],[33.38847656250002,0.272314453124991],[33.37226562500001,0.215966796874994],[33.316992187500006,0.184179687499991],[33.32509765625002,0.1416015625]]],[[[46.237778,2.6625],[46.175278,2.587778],[46.11055,2.516111],[46.043327,2.453333],[46.025551,2.437222],[46.014717,2.427778],[46.003326,2.418889],[45.926666,2.3675],[45.894165,2.346111],[45.787773,2.286111],[45.687775,2.230833],[45.585823,2.171939],[45.582222,2.168611],[45.551666,2.145278],[45.534721,2.135278],[45.367775,2.038611],[45.249443,1.976666],[45.234161,1.971944],[45.198326,1.954167],[45.133049,1.919167],[45.124722,1.914169],[45.088882,1.903889],[45.074165,1.898611],[45.059715,1.8925],[45.037773,1.880833],[45.004166,1.860833],[44.932777,1.813889],[44.848053,1.757222],[44.604721,1.593055],[44.548882,1.554722],[44.541107,1.549166],[44.343605,1.395278],[44.174164,1.246666],[44.144997,1.219722],[44.108604,1.174166],[44.067215,1.133611],[43.94944,1.022222],[43.942215,1.015833],[43.883049,0.981667],[43.86055,0.970556],[43.839722,0.958055],[43.791939,0.925278],[43.78833,0.922222],[43.656387,0.804167],[43.645554,0.794444],[43.488609,0.649999],[43.466385,0.624722],[43.34166,0.484722],[43.330406,0.473108],[43.28833,0.435833],[43.273048,0.416944],[43.261665,0.401389],[43.247768,0.381107],[43.227219,0.361111],[43.135277,0.269444],[43.003052,0.124444],[42.890274,-0.001944],[42.809441,-0.091667],[42.77916,-0.1225],[42.717499,-0.178056],[42.64222,-0.241111],[42.57444,-0.303333],[42.563332,-0.313611],[42.51944,-0.3725],[42.471664,-0.439722],[42.45916,-0.456944],[42.443329,-0.475278],[42.439995,-0.478889],[42.432495,-0.484444],[42.422775,-0.488333],[42.410553,-0.496667],[42.40361,-0.504167],[42.391388,-0.519167],[42.301666,-0.633611],[42.217216,-0.748889],[42.211105,-0.756389],[42.176941,-0.798056],[42.159164,-0.814722],[42.066666,-0.896111],[41.972771,-1.020278],[41.917221,-1.127778],[41.792496,-1.3375],[41.771423935972464,-1.371098688475587],[41.6073217720821,-1.593676365655043],[41.61235287743769,-1.611475464384534],[41.590271,-1.639445],[41.571663,-1.661945],[41.558159,-1.674868],[41.544998,-1.6825],[41.531387,-1.696389],[41.478333,-1.752778],[41.454994,-1.783611],[41.4377750000001,-1.8075],[41.434166,-1.828056],[41.414444,-1.8525],[41.315277,-1.958056],[41.280273,-1.970278],[41.200829,-1.972778],[41.105553,-1.981945],[40.991661,-2.034167],[40.89166300000011,-2.019167],[40.9104888356636,-2.122426060822701],[40.898417299504295,-2.232034036368995],[40.894722000000115,-2.225833],[40.885277,-2.225833],[40.85499600000014,-2.236111],[40.839165,-2.248333],[40.787498,-2.293889],[40.784164,-2.306945],[40.783333,-2.325278],[40.78527100000014,-2.335556],[40.806389,-2.355556],[40.815277,-2.359167],[40.82222,-2.366111],[40.825554,-2.377778],[40.822777,-2.388611],[40.817215,-2.396667],[40.810272,-2.404167],[40.638054,-2.55],[40.629166,-2.554722],[40.616661,-2.556667],[40.59194200000013,-2.553889],[40.57222,-2.546945],[40.55527500000011,-2.536389],[40.538055,-2.5275],[40.527771,-2.525278],[40.485832,-2.535278],[40.421944,-2.554167],[40.382217,-2.568889],[40.338608,-2.593889],[40.311943,-2.609723],[40.278053,-2.63],[40.23666400000013,-2.663333],[40.225555,-2.678889],[40.18943800000011,-2.743056],[40.172775,-2.773889],[40.169998000000135,-2.786111],[40.16444400000012,-2.893611],[40.16555,-2.923056],[40.16693900000013,-2.9425],[40.177498,-2.983056],[40.157776000000126,-3.080833],[40.119164000000126,-3.181389],[40.118607,-3.193056],[40.120552,-3.205278],[40.12944,-3.216389],[40.134163,-3.226111],[40.128326,-3.258334],[40.12471800000014,-3.268611],[40.120552,-3.2775],[40.114998,-3.285556],[40.100555,-3.298611],[40.0627750000001,-3.315278],[40.025276,-3.340556],[39.974159,-3.375834],[39.93499800000012,-3.466945],[39.871384,-3.62],[39.870552,-3.641945],[39.872215,-3.674167],[39.86749300000014,-3.695556],[39.836388,-3.798889],[39.83093189542677,-3.81399240366292],[39.64013198326374,-4.08267203692732],[39.65001138591724,-4.14046158813715],[39.52555100000012,-4.417778],[39.406662,-4.630556],[39.398331,-4.637222],[39.325829,-4.64],[39.309715,-4.606945],[39.300827,-4.597222],[39.25582900000012,-4.611945],[39.203026000000136,-4.669618],[39.214439,-4.687222],[39.218605,-4.695556],[39.220833,-4.747778],[39.220551000000114,-4.848612],[39.184715,-4.921112],[39.174164,-4.938334],[39.16444400000012,-4.940278],[39.157776,-4.933333],[39.154999,-4.922223],[39.158607,-4.89889],[39.167221,-4.879723],[39.169998000000135,-4.870278],[39.169998000000135,-4.859167],[39.161942,-4.853612],[39.147774,-4.879723],[39.1449970000001,-4.890556],[39.137772,-4.922778],[39.134163,-4.948334],[39.13333100000011,-4.959167],[39.128713829800375,-5.025772550965571],[39.1224699349239,-5.03702060107527],[38.956252779258044,-5.563678109423116],[38.929443,-5.6075],[38.859444,-5.77],[38.802963,-5.956944],[38.787498,-5.991945],[38.784668,-6],[38.775833,-6.03389],[38.776382000000126,-6.045556],[38.779999,-6.055834],[38.784721,-6.065001],[38.838333,-6.146667],[38.84333,-6.267778],[38.844994,-6.317223],[38.845551000000114,-6.328889],[38.851662,-6.351111],[38.867775,-6.38139],[38.873886,-6.389167],[38.914993,-6.441112],[38.930275,-6.452223],[38.965828,-6.473333],[39.016937,-6.489722],[39.02228580198686,-6.489722],[39.22087768028523,-6.784406579774],[39.54497808102669,-7.028088334206345],[39.540276,-7.082778],[39.483604,-7.166945],[39.42110400000013,-7.221945],[39.391663,-7.263612],[39.374992,-7.291112],[39.299721,-7.459167],[39.28833,-7.498889],[39.274437,-7.579167],[39.275551,-7.606112],[39.277496,-7.630279],[39.2950389317451,-7.730918201555361],[39.270125421984446,-7.801093496125318],[39.28673461387898,-7.877326406281568],[39.424300226671946,-7.896092332642652],[39.43894451680135,-7.923928089744616],[32.52875456232627,-8.073433762363635],[32.53046875000001,-8.069531250000011],[32.51386718750001,-8.038964843750009],[32.44814453125002,-7.9890625],[32.25439453125,-7.826074218750009],[32.026464843750006,-7.633496093750011],[31.897265625000017,-7.5849609375],[31.834082031250006,-7.619042968750009],[31.79951171875001,-7.653222656250009],[31.79414062500001,-7.701171875],[31.8232421875,-7.783496093750003],[31.873437500000023,-7.8837890625],[31.920507812500006,-7.95859375],[31.96015625000001,-7.9859375],[32.05156250000002,-7.971484375],[32.170996093750006,-7.96337890625],[32.362890625,-8.033007812500003],[32.477466692623324,-8.074543402982439],[30.939171892461044,-8.107825237533987],[30.925390625,-8.09814453125],[30.9125,-8.075],[30.90595703125001,-8.03759765625],[30.82539062500001,-7.910546875],[30.725,-7.701171875],[30.645410156250023,-7.609960937500006],[30.604101562500006,-7.541894531250009],[30.588671875000017,-7.4638671875],[30.599023437500023,-7.37578125],[30.57666015625,-7.2763671875],[30.521582031250006,-7.16552734375],[30.5125,-7.115625],[30.52070312500001,-7.107324218750009],[30.54345703125,-7.10390625],[30.56103515625,-7.0654296875],[30.5634765625,-6.99267578125],[30.52802734375001,-6.922753906250009],[30.454980468750023,-6.855566406250006],[30.397753906250017,-6.778125],[30.3564453125,-6.690332031250009],[30.29931640625,-6.615820312500006],[30.182226562500006,-6.509960937500011],[30.166406250000023,-6.482617187500011],[30.137011718750017,-6.464941406250006],[30.09375,-6.457128906250006],[30.023046875,-6.469042968750003],[29.965136718750017,-6.500390625],[29.949804687500006,-6.498046875],[29.943457031250006,-6.479296875],[29.820410156250006,-6.370019531250009],[29.747949218750023,-6.287695312500006],[29.722070312500023,-6.244140625],[29.717382812500006,-6.196191406250009],[29.72871093750001,-6.095410156250011],[29.748046875,-6.0302734375],[29.775390625,-6.000683593750011],[29.7984375,-5.989550781250003],[29.817187500000017,-5.996679687500006],[29.8564453125,-5.979589843750006],[29.91621093750001,-5.938378906250009],[29.947851562500006,-5.898828125],[29.951171875,-5.8609375],[29.923632812500017,-5.771484375],[29.865234375,-5.63046875],[29.812402343750023,-5.527734375],[29.758398437500006,-5.466894531250006],[29.751953125,-5.405468750000011],[29.773535156250006,-5.354394531250009],[29.787890625000017,-5.263378906250011],[29.800390625,-5.2568359375],[29.802636718750023,-5.168847656250009],[29.816308593750023,-5.152050781250011],[29.81269531250001,-5.109375],[29.7919921875,-5.040917968750009],[29.749121093750006,-4.984082031250011],[29.684375,-4.9390625],[29.63720703125,-4.913476562500009],[29.607812500000023,-4.907324218750006],[29.60009765625,-4.896386718750009],[29.61396484375001,-4.880664062500003],[29.60712890625001,-4.788769531250011],[29.641406250000017,-4.489453125000011],[29.65253906250001,-4.420117187500011],[29.629199218750017,-4.365917968750011],[29.578906250000017,-4.299511718750011],[29.523242187500017,-4.203027343750009],[29.43281250000001,-4.000878906250009],[29.43408203125,-3.976953125],[29.3642578125,-3.856152343750011],[29.346093750000023,-3.7939453125],[29.3349609375,-3.66259765625],[29.3310546875,-3.462304687500009],[29.331835937500017,-3.389941406250003],[29.2984375,-3.355175781250011],[29.19599609375001,-3.338476562500006],[29.17548828125001,-3.346484375],[29.157519531250017,-3.36962890625],[29.1421875,-3.407910156250011],[29.138671875,-3.490429687500011],[29.147265625000017,-3.616894531250011],[29.1376953125,-3.703417968750003],[29.110156250000017,-3.75],[29.103320312500017,-3.78759765625],[29.1171875,-3.816210937500003],[29.1171875,-3.852246093750011],[29.103320312500017,-3.8955078125],[29.08613281250001,-4.091796875],[29.088281250000023,-4.168554687500006],[29.09931640625001,-4.205664062500006],[29.08906250000001,-4.244921875],[29.0576171875,-4.286328125000011],[29.06298828125,-4.3171875],[29.132910156250006,-4.343457031250011],[29.145410156250023,-4.334863281250009],[29.218164062500023,-4.117871093750011],[29.227636718750006,-4.071191406250009],[29.2451171875,-4.065039062500006],[29.254492187500006,-4.101171875],[29.201562500000023,-4.436816406250003],[29.20263671875,-4.511035156250003],[29.169238281250017,-4.504101562500011],[29.147070312500006,-4.52880859375],[29.12421875000001,-4.586035156250006],[29.114062500000017,-4.714062500000011],[29.1123046875,-5.02587890625],[29.10175781250001,-5.054003906250003],[29.116601562500023,-5.1240234375],[29.15693359375001,-5.236035156250011],[29.22607421875,-5.371386718750003],[29.371972656250023,-5.616406250000011],[29.37060546875,-5.630273437500009],[29.341601562500017,-5.634667968750009],[29.3330078125,-5.661914062500003],[29.340722656250023,-5.746386718750003],[29.34003906250001,-5.766210937500006],[29.32958984375,-5.798535156250011],[29.21435546875,-5.892285156250011],[29.189550781250006,-5.9150390625],[29.183691406250006,-5.9578125],[29.193164062500017,-6.037988281250009],[29.215234375000023,-6.088476562500006],[29.249609375,-6.108984375],[29.26972656250001,-6.131445312500006],[29.289453125000023,-6.175585937500003],[29.311328125000017,-6.191113281250011],[29.42402343750001,-6.491308593750006],[29.436328125000017,-6.509082031250003],[29.453710937500006,-6.516894531250003],[29.476171875,-6.5146484375],[29.48388671875,-6.53759765625],[29.479882812500023,-6.633007812500011],[29.51123046875,-6.719921875000011],[29.536523437500023,-6.754199218750003],[29.61591796875001,-6.822265625],[29.751757812500017,-6.995312500000011],[29.835839843750023,-7.06328125],[29.928320312500006,-7.094921875000011],[30.012988281250017,-7.145214843750011],[30.089648437500017,-7.214160156250003],[30.147070312500006,-7.29921875],[30.207617187500006,-7.473925781250003],[30.213671875000017,-7.557519531250009],[30.20429687500001,-7.586523437500006],[30.221484375000017,-7.66953125],[30.265039062500023,-7.767871093750003],[30.27734375,-7.848339843750011],[30.29443359375,-7.87255859375],[30.367480468750017,-7.90283203125],[30.39609375,-7.928417968750011],[30.441992187500006,-7.99658203125],[30.468164062500023,-8.02099609375],[30.499414062500023,-8.033007812500003],[30.5322265625,-8.064355468750009],[30.566796875000023,-8.115039062500003],[30.56697211548133,-8.115877979697748],[13.47769873362816,-8.485613591650017],[13.476829561693915,-8.416032232087233],[13.387093576891669,-8.15567819003401],[13.167040857775458,-7.844777501862623],[13.023100691952575,-7.605400401961766],[13.000185893432972,-7.567292359060214],[12.984444,-7.526668],[12.955480394517272,-7.448367828878045],[12.877001795275458,-7.051051534455397],[12.795710596544989,-6.860588945191481],[12.671483072741278,-6.695635236542799],[12.371690783007391,-6.257806695740797],[12.339376482470282,-6.189817823212721],[12.293325028557092,-6.058266298236579],[12.299721,-6.055834],[12.310833,-6.055278],[12.306389,-6.064167],[12.314444,-6.097501],[12.408333,-6.076945],[12.527777000000128,-6.048056],[12.58,-6.036112],[12.727777,-6.019167],[12.789444,-6.018056],[12.800554,-6.015],[12.821665,-6.008889],[12.831388,-6.005],[12.887489,-5.978333],[12.895832,-5.97389],[12.927221,-5.949167],[12.934166,-5.9425],[12.944443,-5.925],[12.94611,-5.912778],[12.949165,-5.9025],[12.956944,-5.896389],[12.974722,-5.886111],[12.98499900000013,-5.882778],[13.046944,-5.875],[13.053888,-5.875278],[13.064165,-5.878889],[13.072222,-5.884723],[13.086388,-5.89889],[13.0975,-5.897779],[13.120277000000101,-5.893056],[13.130833,-5.889723],[13.172584,-5.863856],[13.178881000000104,-5.85633],[13.122499,-5.868334],[13.111387,-5.870556],[13.098888,-5.86889],[13.002777,-5.845556],[12.993332,-5.841111],[12.984444,-5.835279],[12.976944,-5.828889],[12.968887,-5.823334],[12.904165,-5.811111],[12.8916660000001,-5.812778],[12.768055,-5.853889],[12.759722000000124,-5.85889],[12.752499,-5.865556],[12.724165,-5.906112],[12.721109,-5.917778],[12.721388,-5.936945],[12.718332,-5.948056],[12.7125,-5.956112],[12.704721,-5.961945],[12.665281,-5.978056],[12.654152000000124,-5.980566],[12.524721,-6.006945],[12.435833,-6.016667],[12.264999,-5.864722],[12.239166,-5.821945],[12.230833,-5.803889],[12.21455200000014,-5.768556],[12.200325552639901,-5.748428850219135],[12.263479265673407,-5.470049299042799],[12.226512941820868,-5.362102903168775],[12.017929893383164,-5.032897687035291],[12.026131000000134,-5.014997],[12.010555,-5.019444],[12.00930233724275,-5.01928087346783],[11.999688181383856,-5.004106916230299],[11.949000391466864,-4.924229062836744],[11.799779685390511,-4.596642313441409],[11.799444,-4.592778],[11.794998,-4.576945],[11.791666,-4.566668],[11.780277,-4.550279],[11.776522819368811,-4.545586120628105],[11.772603067858466,-4.536981023591139],[11.758770221309275,-4.523521128978413],[11.752777,-4.516111],[11.735832,-4.498611],[11.707222,-4.471667],[11.680216336833773,-4.447085161681263],[11.35955245699328,-4.135066806427186],[11.35861,-4.119445],[11.355276,-4.10889],[11.349998,-4.1],[11.336388,-4.085834],[11.321388,-4.073056],[11.305832,-4.061111],[11.216944,-3.991111],[11.18776155105782,-3.967907611745661],[11.151153597338446,-3.932286657136061],[11.134011301501044,-3.915594733994581],[11.010701526458863,-3.807694912437489],[11.010555000000124,-3.8075],[11.008055,-3.803334],[10.985832,-3.750556],[10.98527700000011,-3.7375],[10.986387,-3.724445],[10.985832,-3.718056],[10.980555,-3.702778],[10.9725,-3.690278],[10.966665,-3.682778],[10.953888,-3.667778],[10.933611,-3.646667],[10.919443,-3.633334],[10.827499000000103,-3.552778],[10.801109,-3.530834],[10.752222,-3.496945],[10.714167,-3.471945],[10.648611,-3.358056],[10.648054,-3.351944],[10.645555,-3.340834],[10.641666,-3.331111],[10.629721,-3.308889],[10.611666,-3.285833],[10.501389000000131,-3.168889],[10.435276,-3.104167],[10.301943000000108,-2.978611],[10.198332,-2.9025],[10.173887,-2.885556],[10.068609,-2.804445],[10.04611,-2.785278],[9.992928,-2.737024],[9.967222,-2.718889],[9.945,-2.699722],[9.943138638377185,-2.698079069386354],[10.000834836921952,-2.635249099127396],[10.016109000000142,-2.639722],[10.151667,-2.583056],[10.155832,-2.580278],[10.158609,-2.576389],[10.159721,-2.560556],[10.136389000000122,-2.527778],[10.130554000000132,-2.52],[10.076111,-2.493333],[10.010674220447013,-2.533044266196524],[9.893924746020087,-2.443995393555738],[9.88666189741841,-2.443233999750309],[9.868055,-2.419445],[9.821665,-2.425834],[9.816944,-2.427778],[9.812777,-2.430556],[9.807978283159851,-2.434985278102524],[9.657944920952213,-2.419256673686039],[9.654301227680692,-2.415740815170721],[9.578369453964305,-2.29680740392048],[9.578054,-2.293334],[9.58,-2.275556],[9.580555,-2.255],[9.577221,-2.224445],[9.57472,-2.213611],[9.571943,-2.209167],[9.559999000000118,-2.193889],[9.550554,-2.1825],[9.510555,-2.140278],[9.496944,-2.126389],[9.489721,-2.119167],[9.480833,-2.114167],[9.458611,-2.095],[9.447777,-2.085278],[9.434834946861226,-2.071986518981677],[9.330228733340668,-1.908139776003697],[9.443333,-1.9175],[9.47361,-1.970556],[9.488333000000125,-2.007223],[9.533609000000126,-2.0675],[9.537777,-2.070278],[9.5425,-2.068334],[9.560555000000136,-2.059167],[9.564165,-2.055833],[9.566666,-2.0375],[9.566111,-2.031945],[9.518055000000118,-1.926944],[9.485277,-1.864167],[9.47361,-1.855],[9.464167,-1.850833],[9.379721,-1.8225],[9.366665,-1.824167],[9.348055,-1.856667],[9.316387,-1.857222],[9.296140990907299,-1.85474748327835],[9.243273535533305,-1.771940161599888],[9.243286559885906,-1.771736040443592],[9.394168971623575,-1.654309143804453],[9.411665,-1.672778],[9.41889389788756,-1.634648686277568],[9.444773976650831,-1.61162838945088],[9.451666000000102,-1.610833],[9.49583200000012,-1.610556],[9.513887,-1.596667],[9.483610000000112,-1.548333],[9.437777,-1.512778],[9.434999,-1.516945],[9.417962576231634,-1.535300227196922],[9.323868137909923,-1.419733642444152],[9.334721,-1.404444],[9.339167,-1.395],[9.349722,-1.363889],[9.352777,-1.341944],[9.339167,-1.290833],[9.337221000000113,-1.285833],[9.334444,-1.281667],[9.329721,-1.279444],[9.326387,-1.282778],[9.324165,-1.2875],[9.323889000000122,-1.294445],[9.325554,-1.306111],[9.327499,-1.311111],[9.330832,-1.321389],[9.337221000000113,-1.342222],[9.336943,-1.347778],[9.32944300000014,-1.368056],[9.32611100000014,-1.371389],[9.304443,-1.383889],[9.263179392728828,-1.398416135376347],[9.111855539782294,-1.352692641060926],[8.981377634508856,-1.098785198968031],[8.872635024268059,-0.965950739568183],[8.82814979799115,-0.888898458204618],[8.958716425402411,-0.819237269204237],[8.990416651035275,-0.795205011675493],[9.001665,-0.808611],[9.013887,-0.819167],[9.053847296089714,-0.747117606405346],[9.202508005602606,-0.634416438382246],[9.302547487719306,-0.456271923821546],[9.43366054008747,-0.016971982758619],[9.473350557787665,0.116013907153032],[9.660363230211981,0.084639795381449],[9.883252176745184,0.078766025859736],[9.858576603311375,0.159762333316535],[9.92111,0.185278],[9.858055,0.183889000000136],[9.843036402701557,0.181063544411356],[9.602188143236884,0.332348339516543],[9.350058588488348,0.535152577120684],[9.443478617174872,0.554414831358812],[9.565582308275946,0.611869775015734],[9.568863787134172,0.626241575198997],[9.583055,0.597222],[9.584999,0.592222],[9.5875,0.581389],[9.587776,0.562778],[9.584721,0.521389],[9.581944,0.497500000000116],[9.599998000000141,0.481111],[9.629721,0.5475],[9.631109,0.552778],[9.632776,0.582222],[9.625277,0.780833],[9.624722000000133,0.786944],[9.618055,0.817778],[9.616110000000106,0.8225],[9.614260638754251,0.825064882805442],[9.628979715807684,0.889529608446978],[9.64398482750202,0.955186568457506],[9.631093226476386,1.034090722654394],[9.67111,1.053611],[9.680832,1.0575],[9.737499,1.058055000000138],[9.749722,1.056389000000138],[9.75916500000011,1.051944],[9.7666660000001,1.045833],[9.773888,1.039444],[9.803976,1.002608],[9.801666,1.027778],[9.840277,1.069722],[9.849998,1.073611],[9.84861,1.076389],[9.844721000000106,1.079167],[9.784721,1.094444],[9.756943,1.101111000000117],[9.737778,1.100278000000117],[9.702221,1.097222],[9.675554,1.088889],[9.623552415536484,1.080244905365168],[9.622189554674872,1.088586412627123],[9.557406458361395,1.126579128462694],[9.370391878588446,1.170653425413988],[9.499513658983954,1.380638681609057],[9.700561556322821,1.616188131529711],[9.851344141466864,1.87705787296953],[9.881230387194403,2.058266245085619],[9.894341501696356,2.137687526900194],[9.813580794600645,2.345930633756483],[9.816666,2.349722],[9.821388,2.426389],[9.818851086996151,2.444745354638396],[9.923090013964423,2.824045501906298],[9.895061873835656,2.950576499127292],[9.895555,2.953055],[9.896944,2.958333],[9.905554000000109,2.978055],[9.914165,2.99],[9.921665,2.995833],[9.934166,3.003611],[9.941111,3.010278],[9.943888,3.014444],[9.952499,3.033055],[9.962221,3.058888],[9.966665,3.075],[9.966665,3.081666],[9.965555,3.087222],[9.961666,3.096944],[9.953888,3.116111],[9.935555000000136,3.166111000000114],[9.92861,3.185833],[9.909443,3.240833],[9.917221,3.253333],[9.927935000000105,3.268324],[9.878332,3.302500000000123],[9.851944,3.341944],[9.811943,3.396667],[9.721943,3.489722],[9.697777,3.506667],[9.684648106824367,3.513881632093401],[9.665725251554928,3.544647817959303],[9.735883,3.587921],[9.745771,3.617586000000131],[9.708546,3.599555],[9.665504000000112,3.593738],[9.633757057793757,3.596624085655115],[9.628613055702896,3.604987586943295],[9.636665,3.646667],[9.608444777553835,3.695728135475119],[9.780175241930731,3.853175722319506],[9.650894197924384,4.018121801573656],[9.542992624743231,4.043305479246996],[9.518895010820236,4.040888489058353],[9.503054,4.059166],[9.498055,4.067499],[9.496666,4.072778],[9.496944,4.0783330000001],[9.500675,4.101623000000131],[9.497776,4.110833000000127],[9.493610000000103,4.11361],[9.488888,4.115833000000123],[9.482777000000112,4.115277000000106],[9.478054,4.113333],[9.474443,4.110000000000127],[9.44861,4.077499],[9.449585,4.07266],[9.455832,4.064444],[9.483923669365907,4.037380864218444],[9.2838936180904,4.017317854124926],[9.032190355761298,4.137507520872973],[8.95325282524372,4.283495985228441],[8.925455917259798,4.519925209616171],[8.929998,4.53],[8.933611,4.546944],[8.898611,4.588333],[8.884323546489453,4.601793168317353],[8.874658617480048,4.620119177061937],[8.861030997872401,4.623737010492877],[8.845833,4.638055000000122],[8.841665,4.640833],[8.837776000000133,4.640833],[8.834166,4.6375],[8.833332,4.631389],[8.833384093030958,4.631076655968545],[8.670133509257857,4.674416097235559],[8.666388,4.681389],[8.666656933194428,4.675339051755101],[8.63722613762165,4.683152281004809],[8.591811213000067,4.712041460234545],[8.553998614268632,4.736094249099685],[8.582222,4.803055],[8.584999,4.807221],[8.591738,4.810932],[8.593887,4.811944],[8.594166,4.817222],[8.591555,4.819834],[8.590555,4.820833],[8.586666,4.82361],[8.5816650000001,4.825555],[8.575554,4.825],[8.566666,4.820277],[8.556389,4.810277],[8.549999,4.802777],[8.536110000000122,4.775555],[8.532499,4.759999000000107],[8.53440559479161,4.748557469733067],[8.50779155205036,4.765486799437426],[8.407044443590888,4.784328066069506],[8.327965769274481,4.841343008238695],[8.317012099272288,4.825250062391254],[8.274721,4.856667],[8.271692,4.842716],[8.259443,4.828055],[8.259443,4.823889],[8.2675,4.811666],[8.273611,4.804166],[8.290706265500575,4.786601978390618],[8.262993845446356,4.745887361723803],[8.327561411364325,4.61258467312517],[8.298690828783759,4.555330358702562],[8.275471692793337,4.542246410152314],[8.263054000000125,4.5425],[8.118332,4.550555],[8.022499,4.551389],[7.768611000000135,4.518611],[7.723611,4.502222],[7.695277,4.497499000000118],[7.676944,4.496388],[7.670833,4.497499000000118],[7.561388,4.525555],[7.538888,4.538888],[7.535555,4.541111000000114],[7.530555,4.626666],[7.531111,4.666111],[7.534444000000121,4.676944],[7.536666000000139,4.681666],[7.550405,4.706555],[7.546111,4.705555],[7.527778,4.696944],[7.521944,4.689166000000114],[7.5175,4.67972200000014],[7.513888,4.626111],[7.515833,4.621111],[7.522222,4.614166000000125],[7.526111,4.611111000000108],[7.528889,4.606944000000112],[7.530555,4.602221],[7.529444,4.59611],[7.510555000000124,4.573889],[7.504167,4.566667],[7.499166000000116,4.564722],[7.447222,4.550278],[7.272499,4.557777],[7.23861,4.563611],[7.179722,4.627222],[7.076944,4.752222],[7.071666,4.753888],[7.056666,4.726110000000119],[7.061500000000137,4.713444],[7.063166000000138,4.710777000000121],[7.084167,4.676944],[7.093333,4.665555],[7.10111,4.659721000000104],[7.110555,4.655277],[7.126111,4.649722],[7.139999000000103,4.642777],[7.143888,4.639999],[7.151111,4.633333],[7.156944,4.625555],[7.169722,4.604444],[7.176110000000108,4.584444],[7.179164273410751,4.525977714563736],[7.175744089586981,4.527480684477709],[7.046161207659491,4.508142076689623],[7.025673301721723,4.480459770101797],[7.021111,4.492499000000123],[7.0183320000001,4.503055],[7.003611,4.569166],[7.003055000000131,4.581388],[7.027499,4.623055],[7.041389,4.638055000000122],[7.040277,4.643611000000135],[7.034166000000141,4.657499],[7.013444,4.695499],[7.009611,4.699666],[7.000555,4.7125],[6.965555,4.724444000000119],[6.962222,4.725277000000119],[6.899722000000111,4.676944],[6.90361,4.661111],[6.909166,4.646667],[6.978889,4.478333],[6.987499,4.459444],[6.996619314057479,4.441203371885043],[6.947605812259321,4.374978605535529],[6.875278,4.389444],[6.870555,4.391666],[6.865555,4.4],[6.821666,4.524166],[6.766388,4.751111],[6.765555,4.763333000000102],[6.768055,4.774722],[6.751389,4.76472200000012],[6.806389,4.49222200000014],[6.816667000000109,4.462222],[6.834999,4.415000000000134],[6.850833000000137,4.377500000000111],[6.848611000000119,4.348332],[6.794167,4.336666],[6.738333000000125,4.336666],[6.732222,4.3375],[6.720277,4.346389000000102],[6.716944,4.349999],[6.7125,4.358889],[6.709167,4.457222],[6.711389000000111,4.490555],[6.713333,4.502777],[6.719999,4.524166],[6.731388,4.5475],[6.737222,4.555277],[6.743333000000121,4.570000000000107],[6.741111000000103,4.581111],[6.735277,4.601944000000117],[6.731944,4.605277],[6.727221,4.605],[6.656944000000124,4.5075],[6.662499,4.440277],[6.664166000000137,4.428611000000103],[6.665277,4.423333],[6.667777000000115,4.41916700000013],[6.686388,4.396944],[6.688333,4.392221],[6.689444,4.386666],[6.696388,4.334444000000133],[6.694166,4.33],[6.6825,4.328333],[6.630555,4.325555],[6.574444,4.326666],[6.528017250598491,4.324113602811437],[6.249335070224854,4.326663902866686],[6.253333,4.336944],[6.270555,4.368055],[6.278889,4.373055],[6.286666,4.378888],[6.293056,4.38611],[6.317778,4.416389],[6.33,4.431389],[6.325277,4.433611],[6.260278,4.456388000000118],[6.245277,4.44361],[6.233055,4.38611],[6.219745217214539,4.326934688044504],[6.08877995918537,4.328133188444994],[5.851289782030829,4.42929085369768],[5.606589827044257,4.632113062102221],[5.478029797039963,4.854525069287178],[5.451944,4.923055],[5.383888,5.10944400000011],[5.383888,5.120832],[5.385278,5.126389],[5.3875,5.13111],[5.395277000000135,5.136944],[5.401667,5.137221000000125],[5.414444000000117,5.13611],[5.433055,5.134444],[5.437778,5.132222],[5.452222,5.119444000000101],[5.455555000000118,5.115833],[5.470558,5.091109],[5.49361,5.14138800000012],[5.494444000000101,5.146388000000115],[5.491944,5.150555000000111],[5.458611,5.18611],[5.454444,5.188889],[5.451111,5.188333],[5.45,5.182221],[5.44861,5.162499],[5.445833,5.16],[5.440833,5.158055],[5.4147210000001,5.156388000000106],[5.372777,5.155],[5.368889000000138,5.157777],[5.366388,5.161944],[5.365277,5.1675],[5.346546700364622,5.319683684537445],[5.348688968688417,5.331051860858739],[5.452499,5.363055],[5.539721,5.4147210000001],[5.620555,5.509444],[5.638888000000122,5.532777],[5.639722,5.536111],[5.635555,5.538888],[5.629999,5.539166],[5.543611,5.508611],[5.509999,5.488333],[5.506389,5.485000000000127],[5.504444,5.472777],[5.505833,5.461111],[5.50611,5.448055],[5.505833,5.441388000000131],[5.504167,5.43611],[5.498055,5.421111],[5.492222,5.413333],[5.482222,5.402778000000126],[5.4275,5.393611000000135],[5.379444,5.389999],[5.377249699669309,5.390086835204023],[5.44819215248371,5.476928793150805],[5.404216120563224,5.567352648959533],[5.497222,5.576388],[5.502777,5.577499000000103],[5.5075,5.579166],[5.510555,5.583333],[5.510555,5.59611],[5.5075,5.606667],[5.503611,5.616388],[5.501111,5.620555],[5.497777,5.624166],[5.449721,5.652222],[5.445,5.654444],[5.439444,5.653333],[5.415555,5.6433320000001],[5.411388,5.6408330000001],[5.330998438564848,5.617340754872036],[5.152887854082831,5.641512953001879],[5.095240149004706,5.755762659270189],[4.886312040789374,6.003147207457445],[4.869353478356241,6.01721168582357],[4.75,6.132777],[4.742777,6.139166000000102],[4.713611000000128,6.164721],[4.698333000000105,6.177221],[4.541666,6.293333],[4.525833,6.304999],[4.501944,6.316111],[4.46664,6.329659],[4.454721,6.338333],[4.437222,6.348611],[4.418333,6.357499],[4.407499,6.360833],[4.396667,6.363889],[4.379444,6.368055],[4.366388,6.369166000000121],[4.322503,6.372155000000134],[4.299999000000128,6.377777],[4.186419355981994,6.394718009070184],[4.072063478930243,6.439846121031664],[3.949497255785712,6.579388700682543],[3.772557961194739,6.55462211052688],[3.855,6.5975],[3.857222,6.600833],[3.853889,6.604444],[3.849722,6.607222],[3.838333,6.609722],[3.807222000000138,6.612778],[3.767222,6.613055],[3.717951,6.60616],[3.708889,6.6013880000001],[3.650555,6.564444],[3.529166,6.521944],[3.523611,6.520833],[3.485555,6.531666],[3.48,6.533333],[3.475833,6.536111],[3.471389,6.545278],[3.472222,6.551389],[3.4763880000001,6.568333],[3.483055,6.5825],[3.483333,6.588055],[3.481389,6.592777000000126],[3.478055,6.596389],[3.4725,6.596666],[3.4675,6.594722000000104],[3.443055,6.578333],[3.404166,6.550278],[3.401111,6.546389],[3.370277,6.450277],[3.371388,6.444722],[3.383611,6.416111],[3.387777000000142,6.413333],[3.319167,6.385555],[3.113889,6.377222],[3.100833,6.376944],[3.066944,6.3775],[3.040277000000117,6.379167],[3.027778,6.380833],[3.012222,6.38611],[2.973889,6.389999],[2.934444,6.38944400000014],[2.881389000000127,6.384999],[2.857222,6.382222],[2.719606,6.365505],[2.643055,6.356111],[2.54,6.344999],[2.484418,6.340486],[2.48,6.338611],[2.455,6.333055],[2.404722,6.33],[2.369722,6.330277],[2.355833,6.330555],[2.331111,6.32861],[2.275833,6.323333],[2.056111,6.294167],[1.987352,6.282105],[1.926944,6.275277],[1.803333,6.2575],[1.794059317415269,6.25579611975603],[1.761008772356757,6.253225885588549],[1.557863506777533,6.237427316862963],[1.341844233973273,6.17976053829851],[1.21903731972208,6.10875612956746],[1.198891,6.100546],[1.18,6.094166],[1.171111,6.089722],[1.157778,6.0825],[1.136944,6.069444],[1.098889,6.040277],[1.076667,6.021667],[1.073056,6.018332],[1.030555,5.961944],[1.01,5.913333],[1.003889,5.891388],[1.003055,5.885278],[1.002222,5.872499],[1.0025,5.859444],[1.001389,5.846389],[1.000226003856169,5.84196894482125],[0.965516325213169,5.79491618738369],[0.965278,5.794722],[0.945,5.780833],[0.92,5.771944],[0.79,5.756666],[0.692222,5.748055],[0.6875,5.750278],[0.684167,5.753611],[0.681667,5.764722],[0.681667,5.77],[0.694651,5.773365],[0.668056,5.80111],[0.665278,5.805277],[0.650517,5.837184],[0.6575,5.849999],[0.658056,5.877222],[0.6575,5.883333],[0.650555,5.910277],[0.638889,5.939166],[0.634444,5.948055],[0.631111,5.951666],[0.586667,5.996388],[0.575833,6.00611],[0.51209,6.055245],[0.500833,6.061944],[0.455278,6.07861],[0.438889,6.083055],[0.411944,6.084167],[0.406667,6.083055],[0.4025,6.080555],[0.399444,6.076388],[0.3925,6.062778],[0.383056,6.051389],[0.376111,6.046111],[0.370556,6.044999],[0.317222,6.054166],[0.3125,6.056389],[0.308333,6.059166],[0.301667,6.066111],[0.299167,6.070277],[0.278889,6.091389],[0.266111,6.099166],[0.255833,6.102777],[0.244167,6.105],[0.231111,6.104722],[0.221389,6.100833],[0.213056,6.095555],[0.208197,6.089699],[0.221111,6.089722],[0.245,6.085833],[0.259444,6.079444],[0.271667,6.070833],[0.282222,6.06111],[0.286389,6.058332],[0.296389,6.047777],[0.300556,6.044999],[0.307222,6.038055],[0.311944,6.035832],[0.318333,6.036388],[0.322384,6.035835],[0.348333,6.024722],[0.359167,6.021944],[0.366111,6.021667],[0.377778,6.023611],[0.381944,6.026111],[0.388333,6.03361],[0.405278,6.057777],[0.411667,6.065277],[0.42,6.070555],[0.426111,6.071111],[0.433056,6.070833],[0.4425,6.066667],[0.488889,6.043611],[0.506389,6.03361],[0.575,5.991944],[0.5925,5.974999],[0.595833,5.971389],[0.614444,5.949166],[0.621111,5.935555],[0.64,5.893332],[0.645833,5.878888],[0.645,5.872777],[0.63953,5.845486],[0.663889,5.763611],[0.665,5.758333],[0.662222,5.754167],[0.464722,5.764166],[0.405833,5.770277],[0.383333,5.774166],[0.366111,5.777778],[0.359167,5.778055],[0.309722,5.776388],[0.255833,5.757777],[0.138333,5.712222],[0.074167,5.674166],[0.067222,5.6675],[0.061111,5.66],[0.045368949017658,5.638300400265936],[-0.118851010398618,5.572919450957201],[-0.192266690086425,5.534593859567877],[-0.21,5.528333],[-0.261111,5.512777],[-0.271389,5.509722],[-0.299444,5.503888],[-0.357858,5.49314],[-0.428333,5.436944],[-0.471455362708267,5.388846308118593],[-0.477038773028166,5.385931545678787],[-0.53799791078584,5.354108449234351],[-0.571111,5.353611],[-0.587778,5.349722],[-0.649722,5.327499],[-0.69,5.307777],[-0.698333,5.3025],[-0.705833,5.295833],[-0.715556,5.285],[-0.71677022023758,5.28331565895507],[-0.992925432978536,5.196250803962713],[-1.038333,5.197222],[-1.050556,5.19861],[-1.062222,5.196666],[-1.071389,5.192222],[-1.129167,5.163055],[-1.149681191452702,5.146829620689332],[-1.176074710385553,5.138508402068041],[-1.287481457517091,5.089864508663306],[-1.300833,5.089999],[-1.415556,5.065277],[-1.536389,5.035],[-1.568828,5.019428],[-1.590556,5.023889],[-1.596667,5.024722],[-1.602778,5.024166],[-1.613333,5.020833],[-1.625834,5.012777],[-1.736389,4.91361],[-1.955833,4.768611],[-2.058889,4.730833],[-2.082083283034568,4.726709056476454],[-2.093813680967631,4.733284012698392],[-2.104167,4.747222],[-2.257223,4.876944],[-2.273056,4.888611],[-2.287222,4.895],[-2.33,4.913888],[-2.351944,4.919444],[-2.375,4.923888],[-2.3875,4.925278],[-2.435833,4.931944],[-2.504167,4.946388],[-2.523756415331664,4.951040728562709],[-2.716545787350885,5.039863668639086],[-2.749738898770563,5.095558248717211],[-2.803544488446466,5.185831152159594],[-2.933519568936578,5.274515234190844],[-3.027103391186944,5.267953001219652],[-3.09144612838482,5.159785829741381],[-3.131944211299303,5.141793647740529],[-3.136111,5.14222100000012],[-3.196667,5.205277],[-3.199167,5.209444],[-3.1975,5.235277],[-3.171389,5.276111],[-3.141667,5.307777000000101],[-3.1325,5.312499],[-3.129167,5.316111],[-3.125,5.325555],[-3.124167,5.338333],[-3.1275,5.355556],[-3.13,5.359722],[-3.133611,5.363055],[-3.1425,5.367777],[-3.154723,5.366666],[-3.226111,5.357499],[-3.255834,5.339444],[-3.258611,5.335278],[-3.258611,5.33],[-3.257223,5.324444],[-3.260278,5.278055],[-3.265,5.2263880000001],[-3.275558529354371,5.148617000748144],[-3.350640025632135,5.152871690947435],[-3.667796102063409,5.228444181639574],[-3.941593614117853,5.265976034361742],[-3.977362137626595,5.265039720424322],[-3.937778,5.271667],[-3.889167,5.269444],[-3.845278,5.264999],[-3.781111,5.258055000000127],[-3.738611,5.257777],[-3.732778,5.259166],[-3.728889,5.261944],[-3.715834,5.276111],[-3.713611,5.280833],[-3.754445,5.353333],[-3.771389,5.370555000000138],[-3.807778,5.375555],[-3.813334,5.374166000000116],[-3.818056,5.365277],[-3.812778,5.35833300000013],[-3.798334,5.344722],[-3.778611,5.330277000000137],[-3.771667,5.323333],[-3.7375,5.282222],[-3.736389,5.278333],[-3.738611,5.273611],[-3.7425,5.27],[-3.795834,5.272499],[-3.848611,5.296666],[-3.911389,5.32],[-4.060278,5.296666],[-4.323334,5.303055],[-4.465556,5.296666],[-4.470556,5.294444],[-4.480278,5.285],[-4.482779,5.281111],[-4.482779,5.275555],[-4.479445,5.271944],[-4.512501,5.257222000000127],[-4.548382805296229,5.250092091692504],[-4.575233588742666,5.249389217760193],[-4.999971356885187,5.238270841795824],[-5.163574239452053,5.20720406382739],[-5.164021,5.207398],[-5.195834,5.216666],[-5.228889,5.214722000000108],[-5.261017,5.210942],[-5.271667,5.215833],[-5.319723,5.230833],[-5.324445,5.228889],[-5.327778,5.225277],[-5.340834,5.201388],[-5.339711,5.19775],[-5.319773,5.190551],[-5.306667,5.196111],[-5.30139,5.197499],[-5.297223,5.194722],[-5.298139,5.191061],[-5.298612,5.189166],[-5.303666436698625,5.18060176245785],[-5.387003598023846,5.164776753467852],[-5.395,5.168611],[-5.412223,5.165277],[-5.413334,5.161111],[-5.41321478027946,5.159799475765594],[-5.57543369819378,5.128995500761889],[-5.834145513074152,5.039471231657885],[-5.860424926591911,5.030394705782673],[-5.89,5.02277800000013],[-5.905001,5.0175],[-5.958889,4.997499],[-5.986919280456398,4.986705402170799],[-6.315529790417902,4.873208128172777],[-6.513877260234961,4.784177869726029],[-6.555556,4.768888],[-6.574722,4.760555000000124],[-6.583611,4.755833],[-6.587565132245713,4.751102326611921],[-6.734946890608981,4.684948540785864],[-6.736945,4.684444],[-6.755834,4.683055],[-6.788611,4.684166000000118],[-6.825556,4.67972200000014],[-6.871389,4.669999],[-6.9025,4.66],[-6.912223,4.656111],[-6.915556,4.652499],[-6.918334,4.648333],[-6.922223,4.631944],[-6.924723,4.628055],[-6.928334,4.624444],[-7.022876931195044,4.555708243687022],[-7.088434635901626,4.526282008007858],[-7.128056,4.518055],[-7.14,4.517221],[-7.194614,4.515019],[-7.206667,4.508611],[-7.301111,4.452499],[-7.376945,4.398611],[-7.380834,4.395833],[-7.393056,4.380833],[-7.414167,4.360833],[-7.422223,4.355277],[-7.430834,4.350555],[-7.441945,4.347777],[-7.46639,4.344722],[-7.473056,4.344722],[-7.497778,4.347221],[-7.525402,4.352806000000101],[-7.537667,4.349548],[-7.55469548795377,4.347872567374853],[-7.562493291394464,4.35118445034685],[-8.243275609509698,4.640275560576342],[-8.792475667493097,4.9186864721364],[-9.247899022595636,5.17188414211931],[-9.42929455329632,5.362137399870775],[-9.93726345588421,5.863056265074633],[-10.366672299770507,6.156923610595403],[-10.366667,6.157222],[-10.377224,6.167222],[-10.401567185487295,6.180804039663974],[-10.4371175437138,6.205133043486498],[-10.762624707715265,6.356947027403734],[-10.79318276930824,6.375072042648301],[-10.792778,6.376389],[-10.806074,6.403],[-10.812223,6.416389],[-10.828611,6.441388],[-10.849167,6.461944],[-10.8675,6.478055],[-10.875,6.483889],[-10.896112,6.497222],[-10.970001,6.537777],[-11.075859,6.587279],[-11.226440172265242,6.64577739244872],[-11.372815762524924,6.767136985319879],[-11.371389,6.769444],[-11.365002,6.783055],[-11.363056,6.794722],[-11.36389,6.80111],[-11.366112,6.805833],[-11.378334,6.828055],[-11.384167,6.836111],[-11.463335,6.908055],[-11.492331,6.927091],[-11.532501,6.941111],[-11.566668,6.954444],[-11.573612,6.96111100000013],[-11.587223,6.975277],[-11.638613,7.016944],[-11.646389,7.023055],[-11.666389,7.037499],[-11.735834,7.084167],[-11.820002,7.136666],[-11.841667,7.14777800000013],[-11.890556,7.166944],[-11.892613269534053,7.167701028944325],[-12.046761479871027,7.262896143156908],[-12.263942685620538,7.35138853665056],[-12.279014554517023,7.414897524077318],[-12.252637655538557,7.543258100473215],[-12.230278,7.551389],[-12.196667,7.569444],[-12.192501,7.572222],[-12.1875,7.580555000000118],[-12.182779,7.589722000000108],[-12.181667,7.595277],[-12.185278,7.598611],[-12.248611,7.608333],[-12.253334,7.608889],[-12.259445,7.588055],[-12.262016165471781,7.586690550054906],[-12.27409264137005,7.630976759154223],[-12.513051000134698,7.725783907133959],[-12.869152036206476,7.972840391356371],[-12.890809413739305,7.993243485855968],[-12.908056,8.099998],[-12.940279,8.155832],[-12.948612,8.161110000000122],[-12.963335,8.166943],[-12.967779,8.169443],[-12.974724,8.176109],[-12.980835,8.184166000000118],[-12.982779,8.188889000000131],[-12.986946,8.212776],[-12.980835,8.23361],[-12.974335,8.247768000000121],[-13.006668,8.233332000000132],[-13.098583099244767,8.20539377476611],[-13.212491002576105,8.347035967070482],[-13.105948318684096,8.399034335649205],[-13.068611,8.37138700000014],[-13.058056,8.368332],[-13.05139,8.36861],[-13.045557,8.369999],[-13.039158,8.373653],[-13.036945,8.375277],[-13.035002,8.379999],[-13.065556,8.405832],[-13.078119509901244,8.412616241072802],[-12.990156140820734,8.455546938139818],[-12.91199776221966,8.557393633086107],[-12.912371169642014,8.559104023508041],[-12.897501,8.567778],[-12.916774681557103,8.579274282992818],[-12.927251782910577,8.627264581877611],[-13.14486786414837,8.722107492644213],[-13.174346890942804,8.772887788969896],[-13.164252248303644,8.850765787321947],[-13.162904219200474,8.861173607428833],[-13.132223,8.861944],[-13.158856063717867,8.892428477170581],[-13.141406980054132,9.0271488058156],[-13.281672444836847,9.27468355770769],[-13.513463784206051,9.50976163700838],[-13.493134,9.560076],[-13.510557,9.530554],[-13.519620316180117,9.51600546697871],[-13.625553098218194,9.623440347868822],[-13.632567484441708,9.66104929555542],[-13.602783,9.734441],[-13.593056,9.751944],[-13.59639,9.768332],[-13.617224,9.801943],[-13.65139,9.842777],[-13.658335,9.836943],[-13.660833,9.832777],[-13.65889,9.820555],[-13.656668,9.815554],[-13.646112,9.798054],[-13.644724,9.792776],[-13.646389,9.781111],[-13.649723,9.770555],[-13.65246260772289,9.767720731495489],[-13.680051770703546,9.91564520474138],[-13.684887858456218,9.917748916947001],[-13.683613,9.924721],[-13.685835,9.943888],[-13.688639,9.95219],[-13.696510836986866,9.92280494633503],[-14.058002439038507,10.080054842192553],[-14.466443028943292,10.333368860442064],[-14.54990031021012,10.42232876359242],[-14.549723,10.430832],[-14.547501,10.490833],[-14.544724,10.494999],[-14.535828,10.506674],[-14.570557,10.480276],[-14.575556,10.478054],[-14.589753124389182,10.473723833750975],[-14.550901380078546,10.644569002348803],[-14.570090345303248,10.756500304794486],[-14.553335,10.779722],[-14.511667,10.834999],[-14.521389,10.850555],[-14.568335,10.81361],[-14.575834,10.806944],[-14.58139,10.798611],[-14.588338412339747,10.785345663115619],[-14.727866417962034,10.79585133554124],[-14.747223,10.833611],[-14.769724,10.834721],[-14.772501,10.830555],[-14.778057,10.828888],[-14.808613,10.820833],[-14.819445,10.911388],[-14.818335,10.923611],[-14.816113,10.934721],[-14.814167,10.939722],[-14.779167,10.946665],[-14.73889,10.956388],[-14.734167,10.958611],[-14.727501,10.965832],[-14.687778,11.022499],[-14.693056,11.035276],[-14.745556,10.980833],[-14.749723,10.978054],[-14.75528,10.976387],[-14.855835,10.962776],[-14.86278,10.9625],[-14.868334,10.96361],[-14.87639,10.969721],[-14.906946,10.927776],[-14.920557,10.900276],[-14.9348856789794,10.837501979401182],[-14.966219869153253,10.847027384001635],[-15.018011060254327,10.916822038847826],[-14.991490331189386,11.05668696041765],[-15.00829502631878,11.10174425717058],[-15.025859370949526,11.148809810312235],[-15.022779,11.195276],[-15.066872938852075,11.158204261519252],[-15.116153684155694,11.158095918852709],[-15.202978880099643,11.182400695540524],[-15.20389,11.22666500000014],[-15.204168,11.231943],[-15.208889,11.233889],[-15.215279,11.234444],[-15.226667,11.23111],[-15.235834,11.219721],[-15.237501,11.208055000000115],[-15.235556,11.195555],[-15.233955172144913,11.191071817472261],[-15.341422048108331,11.221154772002123],[-15.412221982642528,11.32992352098563],[-15.389168,11.369165],[-15.386391,11.373333],[-15.381668,11.375555],[-15.375278,11.375277],[-15.360001,11.362778000000105],[-15.355835,11.36027700000011],[-15.35,11.358889],[-15.337502,11.360832],[-15.328611,11.366110000000106],[-15.312223,11.377777],[-15.289167,11.397499],[-15.278334,11.407499],[-15.26639,11.423054],[-15.26528,11.425913],[-15.325556,11.379999],[-15.345057,11.377555],[-15.360075,11.383506],[-15.362342,11.395974000000137],[-15.38076,11.405325],[-15.397838551542062,11.39607464107776],[-15.361260381238214,11.519795976836107],[-15.291788665191193,11.612239365073528],[-15.284445,11.618055],[-15.279724,11.620554],[-15.187778,11.640833],[-15.115002,11.617498000000126],[-15.110001,11.615555],[-15.106945,11.611666],[-15.092779,11.590832],[-15.096111,11.571388],[-15.037224,11.576387000000125],[-15.027224,11.594166],[-15.087223,11.628332],[-15.172779,11.656387],[-15.262883967768154,11.650701754054316],[-15.21297260810589,11.717116914946459],[-15.098965611951105,11.81267889614763],[-15.158031430737726,11.876103006560228],[-15.166221069245427,11.878572867167462],[-15.130835,11.8933320000001],[-15.08889,11.854166],[-15.087502,11.848888],[-15.070835,11.808887],[-15.065556,11.799999],[-15.058889,11.792776],[-14.982779,11.754444],[-14.968334,11.748055],[-14.962778,11.746944],[-14.949167,11.746944],[-14.94278,11.747776000000101],[-14.931946,11.750832],[-14.924446,11.7575],[-14.923056,11.763054],[-14.92412,11.763216],[-14.929445,11.760555],[-14.945557,11.756666],[-14.9575,11.758055],[-15.052223,11.818609],[-15.055279,11.822498],[-15.064445,11.841389],[-15.066113,11.846943],[-15.067501,11.858610000000112],[-15.027224,11.948332],[-15.017223,11.952221],[-14.990891,11.956791],[-14.991112,11.958054],[-15,11.969929],[-15.003889,11.974165],[-15.011667,11.98],[-15.017502,11.98111],[-15.066946,11.984722],[-15.080278,11.984999],[-15.085835,11.983332],[-15.135834,11.961943000000133],[-15.140001,11.959166],[-15.146667,11.951944],[-15.154446,11.939165],[-15.160002,11.931944000000101],[-15.170557,11.92194400000011],[-15.187223,11.910276],[-15.201668,11.903332],[-15.208057,11.902498],[-15.225557,11.905277],[-15.310278,11.923054],[-15.316946,11.930555],[-15.327778,11.940277],[-15.350557,11.959444000000133],[-15.360556,11.96305500000011],[-15.379723,11.964443],[-15.406389,11.963333],[-15.430834,11.958887],[-15.491945,11.938332],[-15.496946,11.93611],[-15.501112,11.933054],[-15.513925274380808,11.920834555170323],[-15.54958149482464,11.919748865324877],[-15.736251798169366,11.843088709074877],[-15.808596578137628,11.84292086239519],[-15.918917617416813,11.893228727784633],[-15.868057,11.961666],[-15.857779,11.9725],[-15.84639,11.981943],[-15.836668,11.986387],[-15.800835,12.00111],[-15.794445,12.001944],[-15.788057,12.001665000000116],[-15.781389,12],[-15.77528,11.995277],[-15.772501,11.98361],[-15.769445,11.979721],[-15.760834,11.974443],[-15.726667,11.964998],[-15.722502,11.967777],[-15.719723,11.972221],[-15.705929,12],[-15.704445,12.004444],[-15.705811,12.009905],[-15.728613,11.994444],[-15.732779,11.991665],[-15.758057,11.99111],[-15.763056,11.993055],[-15.766668,11.996387],[-15.766848,12],[-15.76639,12.008055],[-15.77,12.011389],[-15.779446,12.015833],[-15.792223,12.016666],[-15.852779,12.016666],[-15.898056,12],[-15.919168,11.988888],[-15.928612,11.980276],[-15.93889,11.956388],[-15.940279,11.950832],[-15.945278,11.942499],[-15.952223,11.934444],[-15.966667,11.921389],[-15.972189996461154,11.917521643183626],[-16.086015668408624,11.969427667815111],[-16.247872319714777,12.102531992155932],[-16.27766869367169,12.205918871168127],[-16.260002,12.222221],[-16.221947,12.248055],[-16.197781,12.259443],[-16.144169,12.281666],[-16.136112,12.287777],[-16.132778,12.291388],[-16.110558,12.330832],[-16.120003,12.335833],[-16.217224,12.289444],[-16.229725,12.280832],[-16.281391,12.24111],[-16.31288627035568,12.219305246603707],[-16.424529042737237,12.248307787138842],[-16.566605535046808,12.309811197478197],[-16.57060143043255,12.311540209013842],[-16.695794072644464,12.412958704192064],[-16.749809572824535,12.543294085275715],[-16.586945,12.632776],[-16.580559,12.6325],[-16.501667,12.596109],[-16.421669,12.558887],[-16.380558,12.544998],[-16.374168,12.544443],[-16.362225,12.547222],[-16.34528,12.558332],[-16.341667,12.561943],[-16.292225,12.588888],[-16.233612,12.590832],[-16.196392,12.580276],[-16.115837,12.605833],[-16.034725,12.629999],[-16.028614,12.631109],[-16.015003,12.630833],[-16.004448,12.628054],[-15.991112,12.620277],[-15.964706,12.596148],[-15.93639,12.577776],[-15.831667,12.550554],[-15.81778,12.551109],[-15.810278,12.554998],[-15.797501,12.57],[-15.778334,12.586111],[-15.773335,12.588333],[-15.767223,12.589167],[-15.7325,12.587221],[-15.726946,12.586111],[-15.696112,12.578609],[-15.691668,12.575832],[-15.688612,12.571943],[-15.687778,12.565832],[-15.682779,12.549444],[-15.680557,12.544722],[-15.677502,12.540833],[-15.667223,12.536943],[-15.638889,12.531387],[-15.633057,12.530277],[-15.626945,12.531111],[-15.577223,12.559444],[-15.573334,12.562498],[-15.513889,12.626944],[-15.507778,12.634722],[-15.507223,12.640833],[-15.508335,12.645832],[-15.528891,12.697222],[-15.541389,12.712776],[-15.542778,12.718887],[-15.531946,12.780554],[-15.527779,12.783609],[-15.431112,12.804165],[-15.410833,12.796665],[-15.399723,12.794443],[-15.394724,12.796665],[-15.392223,12.800833],[-15.390001,12.831944],[-15.393612,12.833887],[-15.445835,12.831944],[-15.520557,12.809999],[-15.526112,12.808332],[-15.540279,12.794722],[-15.552223,12.779165],[-15.555557,12.76861],[-15.564724,12.737221],[-15.564445,12.731667],[-15.559723,12.722221],[-15.550001,12.710833],[-15.539446,12.658888],[-15.539446,12.652777],[-15.540834,12.647221],[-15.546112,12.638611],[-15.556112,12.627777],[-15.618612,12.571388],[-15.638056,12.558332],[-15.650002,12.555555],[-15.656389,12.55611],[-15.668056,12.565277],[-15.66889,12.57],[-15.666389,12.574165],[-15.663057,12.584721],[-15.665001,12.597221],[-15.669168,12.607222],[-15.695557,12.613888],[-15.701113,12.614721],[-15.764446,12.61972],[-15.770834,12.618889],[-15.845835,12.608055],[-15.896667,12.593887],[-15.903057,12.593054],[-15.909445,12.593611],[-15.914446,12.595276],[-15.943611,12.614721],[-15.947224,12.618055],[-15.982431,12.653431],[-16.015278,12.701387],[-16.021378,12.724939],[-16.044724,12.66],[-16.047501,12.655832],[-16.069447,12.63611],[-16.073612,12.633055],[-16.151112,12.609722],[-16.162224,12.606388],[-16.168613,12.605555],[-16.205559,12.612221],[-16.29417,12.601387],[-16.349724,12.582222],[-16.359726,12.565832],[-16.363892,12.563055],[-16.370003,12.563332],[-16.376114,12.564444],[-16.419445,12.575554],[-16.423889,12.578054],[-16.452225,12.594166],[-16.571114,12.671389],[-16.599445,12.730833],[-16.596947,12.734999],[-16.593056,12.744999],[-16.591667,12.776667],[-16.594448,12.788332],[-16.598057,12.791666],[-16.648056,12.72361],[-16.650002,12.718887],[-16.649723,12.685833],[-16.648891,12.671944],[-16.648056,12.665833],[-16.646114,12.660276],[-16.644726,12.647221],[-16.645,12.634165],[-16.648335,12.630554],[-16.718056,12.58111],[-16.749725,12.564444],[-16.756111,12.564999],[-16.759125276086092,12.565772183795758],[-16.77209946204876,12.597077928740404],[-16.72550293494915,12.787829004485033],[-16.75296007299496,12.94700192114737],[-16.749168,13.000555],[-16.748337,13.02611],[-16.749168,13.046665],[-16.750874,13.059977],[-16.775974754682043,13.120428750530824],[-16.776349034802667,13.124526582915209],[-16.775572743909112,13.145343385893725],[-16.767117467419855,13.35967596646013],[-16.689412084119073,13.448810182768725],[-16.589164613055345,13.462088648927608],[-16.587502,13.460554],[-16.581947,13.451666],[-16.581112,13.445555],[-16.584167,13.434999],[-16.588058,13.43222],[-16.59528,13.431944],[-16.611389,13.440832],[-16.619724,13.434721],[-16.622223,13.430555],[-16.622501,13.425833],[-16.610558,13.426943],[-16.60667,13.402222],[-16.599724,13.380554],[-16.576668,13.324444],[-16.562778,13.303055],[-16.558334,13.297499],[-16.551113,13.291111],[-16.546669,13.28861],[-16.421669,13.256943],[-16.379448,13.275555],[-16.260281,13.318609],[-16.253891,13.319721],[-16.247501,13.319443],[-16.236668,13.316387],[-16.229168,13.309721],[-16.223892,13.301109],[-16.221668,13.296389],[-16.22028,13.283333],[-16.225559,13.261665],[-16.224724,13.255554],[-16.221668,13.251389],[-16.200836,13.251665],[-16.188614,13.253611],[-16.178059,13.2575],[-16.164722,13.265833],[-16.154724,13.276667],[-16.155003,13.281944],[-16.156601,13.281734],[-16.1875,13.264721],[-16.192501,13.262499],[-16.198059,13.260832],[-16.203613,13.261944],[-16.207226,13.265276],[-16.223614,13.323055],[-16.224724,13.329166],[-16.224445,13.342499],[-16.222778,13.353611],[-16.214725,13.372499],[-16.204445,13.383333],[-16.162224,13.425278],[-16.155281,13.425554],[-16.14389,13.423332],[-16.129448,13.416943],[-16.118057,13.414721],[-16.089447,13.409166],[-16.083614,13.408054],[-16.052223,13.405277],[-16.04528,13.405554],[-15.773335,13.433054],[-15.636667,13.452776],[-15.560278,13.502222],[-15.55139,13.5075],[-15.544168,13.507776],[-15.538612,13.506666],[-15.490002,13.484999],[-15.406946,13.449165],[-15.396667,13.445555],[-15.368057,13.439722],[-15.349724,13.437777],[-15.328335,13.43861],[-15.317223,13.441944],[-15.307501,13.446388],[-15.30139,13.454166],[-15.296946,13.46361],[-15.293335,13.480276],[-15.295834,13.491665],[-15.297176,13.491055],[-15.30028,13.478611],[-15.303057,13.474165],[-15.309168,13.466389],[-15.320835,13.456944],[-15.336668,13.451387],[-15.355835,13.449999],[-15.362223,13.450554],[-15.397501,13.46361],[-15.484385,13.501389],[-15.541389,13.527222],[-15.549446,13.530277],[-15.556667,13.529999],[-15.658335,13.504166],[-15.722778,13.47611],[-15.811945,13.456388],[-16.091114,13.43111],[-16.103336,13.432499],[-16.111946,13.437777],[-16.119446,13.444443],[-16.131947,13.452776],[-16.136669,13.454443],[-16.14389,13.454166],[-16.149445,13.452776],[-16.192501,13.431389],[-16.226948,13.409166],[-16.229446,13.404999],[-16.23278,13.394444],[-16.235001,13.390276],[-16.264446,13.363333],[-16.272781,13.357498],[-16.331947,13.338333],[-16.394726,13.330555],[-16.406948,13.332222],[-16.417778,13.334999],[-16.479446,13.355833],[-16.513336,13.36861],[-16.50639,13.382221],[-16.502781,13.391943],[-16.500278,13.403055],[-16.501667,13.416111],[-16.520786680870227,13.471145775744876],[-16.49428078223919,13.474656664091967],[-16.452353444592706,13.54464968319597],[-16.455103841321222,13.571074091154955],[-16.458260503308527,13.601410471159838],[-16.47089096595501,13.722545229155443],[-16.595850956889528,13.811274175208657],[-16.573059,13.833055],[-16.540836,13.842777],[-16.521114,13.831944],[-16.497223,13.867498],[-16.490837,13.958055],[-16.56028,13.862499],[-16.614723323365734,13.824674665833223],[-16.640429463879816,13.842927538115404],[-16.67105957557415,13.912758432585619],[-16.68355054215668,13.993224490391208],[-16.678612,13.991665],[-16.657501,13.978054],[-16.638889,13.961666],[-16.578335,14.001665],[-16.573612,14.017221],[-16.571114,14.026943],[-16.559448,14.05361],[-16.505836,14.105],[-16.411945,14.145832],[-16.365196,14.162289],[-16.363056,14.166111],[-16.368614,14.167221],[-16.375,14.166111],[-16.384708,14.162476],[-16.453056,14.174444],[-16.513336,14.143332],[-16.54417,14.091389],[-16.56139,14.067221],[-16.631111,14.004721],[-16.64167,14.002222],[-16.654167,14.000277],[-16.667225,13.999722],[-16.68488160291045,14.001799103960767],[-16.69670006324505,14.077932916838549],[-16.87041946937298,14.363524996001146],[-17.050065007703058,14.585562311369799],[-17.22053810645794,14.725009523589037],[-17.395400676642996,14.792571416658312],[-17.383335,14.796665],[-17.233612,14.869444],[-17.180836,14.895555],[-17.166946,14.903055],[-17.146114,14.918055],[-17.129169,14.93111],[-16.973335,15.110277],[-16.884445,15.217222],[-16.878334,15.224998],[-16.870281,15.237778],[-16.829723,15.312222],[-16.792778,15.384998],[-16.776947,15.410555],[-16.742226,15.459721],[-16.730644,15.474314],[-16.723057,15.482498],[-16.707779,15.501944],[-16.67028,15.555277],[-16.546391,15.756666],[-16.537224,15.775833],[-16.536114,15.781387],[-16.535557,15.787498],[-16.537781,15.799999],[-16.539669,15.805555],[-16.546112,15.812498],[-16.548615,15.817221],[-16.548336,15.82361],[-16.542740452721265,15.890846675621178],[-16.450055089490167,16.11839064236345],[-16.405699697034112,16.489955507475756],[-16.378804173962823,16.71591147061052],[-16.125475850598566,17.30111464138689],[-16.041072812573663,17.66987761135759],[-15.982691731946222,18.178399645048998],[-16.05569073249554,18.67393263455095],[-16.1906518607304,19.029531084257982],[-16.47160240699505,19.365741335112475],[-16.470646467580693,19.366753386782047],[-16.463058,19.369442000000106],[-16.456112,19.36972],[-16.44278,19.371666],[-16.382778,19.39222],[-16.378613,19.395275],[-16.349445,19.422497],[-16.335556,19.437496],[-16.309448,19.467499],[-16.284168,19.52972],[-16.284447,19.536388],[-16.286114,19.541943],[-16.290001,19.545277],[-16.332834873380104,19.53624098366698],[-16.269598927991144,19.68392141934099],[-16.265687348196337,19.741044645034147],[-16.233612,19.791111],[-16.232502,19.796665],[-16.243336,19.887218000000132],[-16.216667,20.000832000000116],[-16.196392,20.223053],[-16.197224,20.22916400000014],[-16.23278,20.285831],[-16.236115,20.289719000000105],[-16.245556,20.292774],[-16.26297994284882,20.31429013528248],[-16.269036260144464,20.36390646572771],[-16.34728142310833,20.522616945464037],[-16.40486605064384,20.580873111203285],[-16.415836,20.603054],[-16.452225,20.669441],[-16.493057,20.72499800000014],[-16.498337,20.726944],[-16.525558,20.736664000000133],[-16.529167,20.733055],[-16.531391,20.728054],[-16.533609126598503,20.71111755822989],[-16.71086594154095,20.890441499907396],[-16.78531644989221,20.91860311691388],[-16.889168,21.11360900000011],[-16.900558,21.137775],[-16.905834,21.147221000000116],[-16.915836,21.158333],[-16.919724,21.161663],[-16.926113,21.160553000000107],[-16.933056,21.153332],[-16.987782,21.065552],[-17.001392,21.017498],[-16.996946,21.015924],[-16.993893,21.012497],[-16.995556,20.97472],[-17.02528,20.844719],[-17.03817330849947,20.803828963555933],[-17.046217885510675,20.832524858672045],[-17.051907506482355,21.00409849758806],[-17.01608368446087,21.314147554594896],[-16.993518270285595,21.50974234581343],[-16.981945,21.553608],[-16.968891,21.625275],[-16.96849760403806,21.628914266739717],[-16.872428480140158,21.842211055916504],[46.28581660607774,2.713867203756863],[46.237778,2.6625]],[[35.744238281250006,-3.636132812500009],[35.7421875,-3.707421875],[35.753125,-3.75],[35.77460937500001,-3.757128906250003],[35.80625,-3.73681640625],[35.83808593750001,-3.701367187500011],[35.86855468750002,-3.576171875],[35.88173828125002,-3.45166015625],[35.869140625,-3.423632812500003],[35.848242187500006,-3.415917968750009],[35.82246093750001,-3.432421875],[35.791601562500006,-3.47998046875],[35.762304687500006,-3.552832031250006],[35.744238281250006,-3.636132812500009]],[[29.249414062500023,-1.73583984375],[29.197656250000023,-1.643652343750006],[29.071191406250023,-1.605371093750009],[29.0328125,-1.6474609375],[28.987597656250017,-1.837597656250011],[28.909375,-2.008007812500011],[28.916113281250006,-2.082324218750003],[28.87910156250001,-2.152929687500006],[28.872167968750006,-2.186914062500009],[28.87568359375001,-2.227734375000011],[28.903417968750006,-2.23984375],[28.91669921875001,-2.287695312500006],[28.85664062500001,-2.371484375],[28.85029296875001,-2.447851562500006],[28.910253906250006,-2.432812500000011],[28.994531250000023,-2.360058593750011],[29.047460937500006,-2.355371093750009],[29.07666015625,-2.344921875000011],[29.11201171875001,-2.303027343750003],[29.14892578125,-2.277441406250006],[29.240136718750023,-2.162011718750009],[29.25605468750001,-2.1298828125],[29.283203125,-2.094824218750006],[29.337988281250006,-2.058300781250011],[29.35761718750001,-2.015917968750003],[29.288867187500017,-1.860253906250009],[29.249414062500023,-1.73583984375]],[[18.126367187500023,-0.930761718750006],[18.117089843750023,-0.859765625],[18.107421875,-0.799414062500006],[18.11083984375,-0.781640625],[18.12060546875,-0.730761718750003],[18.114062500000017,-0.707910156250009],[18.089257812500023,-0.679589843750009],[18.044726562500017,-0.656933593750011],[17.983300781250023,-0.651660156250003],[17.90087890625,-0.6650390625],[17.832617187500006,-0.6689453125],[17.811328125000017,-0.672167968750003],[17.817187500000017,-0.694726562500009],[17.84296875000001,-0.713476562500006],[17.9013671875,-0.736035156250011],[17.917578125,-0.770898437500009],[17.916796875000017,-0.815527343750006],[17.940625,-0.852148437500006],[17.982226562500017,-0.892480468750009],[18.013671875,-0.931347656250011],[18.035546875000023,-0.956835937500003],[18.057226562500006,-0.955664062500006],[18.077246093750006,-0.970605468750009],[18.10224609375001,-0.98876953125],[18.12890625,-0.980859375],[18.126367187500023,-0.930761718750006]],[[29.36640625000001,-0.639941406250003],[29.4189453125,-0.6296875],[29.4521484375,-0.60693359375],[29.510351562500006,-0.61171875],[29.642480468750023,-0.507226562500009],[29.867968750000017,-0.302734375],[29.887109375000023,-0.172460937500006],[29.783007812500017,-0.121484375],[29.64375,-0.119726562500006],[29.59716796875,-0.134179687500009],[29.496386718750017,-0.18017578125],[29.41748046875,-0.338769531250009],[29.35957031250001,-0.452441406250003],[29.326953125000017,-0.5296875],[29.33466796875001,-0.577441406250003],[29.36640625000001,-0.639941406250003]],[[30.492089843750023,1.172900390624989],[30.50390625,1.120703125],[30.500781250000017,1.049609374999989],[30.50732421875,1.04052734375],[30.53925781250001,1.021484375],[30.56875,1.028613281249989],[30.59375,1.041259765625],[30.718554687500017,1.191113281249997],[30.726855468750017,1.223535156249994],[30.78486328125001,1.309228515624994],[30.892675781250006,1.448095703124991],[30.969140625000023,1.527148437499989],[31.01416015625,1.546435546874989],[31.039843750000017,1.563623046874994],[31.129296875000023,1.587792968749994],[31.165820312500017,1.60546875],[31.267871093750017,1.687548828124989],[31.304589843750023,1.7421875],[31.322070312500017,1.802587890624991],[31.34345703125001,1.834033203124989],[31.368554687500023,1.836474609374989],[31.38740234375001,1.85693359375],[31.399804687500023,1.8955078125],[31.38740234375001,2.200244140624989],[31.38398437500001,2.260595703124991],[31.3955078125,2.280419921874994],[31.471582031250023,2.385449218749997],[31.47480468750001,2.400732421874991],[31.431054687500023,2.387890625],[31.34423828125,2.290917968749994],[31.303125,2.225927734374991],[31.25898437500001,2.1533203125],[31.17890625000001,2.072949218749997],[30.981738281250017,1.932373046875],[30.935546875,1.915332031249989],[30.867968750000017,1.858935546874989],[30.714257812500023,1.70234375],[30.67402343750001,1.676074218749989],[30.590625,1.579394531249989],[30.529296875,1.532421875],[30.4794921875,1.466503906249997],[30.441308593750023,1.381787109374997],[30.38740234375001,1.296972656249991],[30.39960937500001,1.256103515625],[30.4140625,1.254736328124991],[30.449511718750017,1.259179687499994],[30.468359375,1.257519531249997],[30.477832031250017,1.238818359374989],[30.49462890625,1.229736328125],[30.50244140625,1.211669921875],[30.491601562500023,1.203222656249991],[30.492089843750023,1.172900390624989]],[[-1.145166015624994,8.873632812499991],[-1.133691406249994,8.81298828125],[-1.09609375,8.783740234374989],[-1.067480468749977,8.750390625],[-1.061767578125,8.721826171874994],[-1.126123046874994,8.7046875],[-1.269335937499989,8.725634765624989],[-1.294091796874994,8.750390625],[-1.35546875,8.792333984374991],[-1.37646484375,8.804589843749994],[-1.412011718749994,8.780810546874989],[-1.466210937499994,8.760986328125],[-1.518847656249989,8.731347656249994],[-1.591210937499994,8.695166015624991],[-1.663378906249989,8.673242187499994],[-1.714990234374994,8.630419921874989],[-1.66357421875,8.628515625],[-1.604541015624989,8.64375],[-1.544921875,8.66357421875],[-1.488378906249977,8.697070312499989],[-1.442675781249989,8.731347656249994],[-1.404589843749989,8.738964843749997],[-1.351269531249983,8.723730468749991],[-1.303857421874994,8.696582031249989],[-1.253759765624977,8.667626953124994],[-1.218896484374994,8.658251953124989],[-1.180078125,8.603613281249991],[-1.152783203124983,8.551318359374989],[-1.140917968749989,8.594628906249994],[-1.12841796875,8.63232421875],[-1.086523437499977,8.639892578125],[-1.040820312499989,8.645605468749991],[-0.998925781249994,8.630419921874989],[-0.964599609375,8.603759765625],[-0.912158203124989,8.555126953124997],[-0.837841796874983,8.447265625],[-0.783642578124983,8.36572265625],[-0.801367187499977,8.334375],[-0.795117187499983,8.315478515624989],[-0.753515624999977,8.296875],[-0.724267578124994,8.2802734375],[-0.675585937499989,8.238671875],[-0.621386718749989,8.191064453124994],[-0.6,8.172949218749991],[-0.603808593749989,8.15859375],[-0.655371093749977,8.14208984375],[-0.721044921874977,8.134619140624991],[-0.747753906249983,8.134521484375],[-0.760546874999989,8.1181640625],[-0.755615234375,8.101953125],[-0.692919921874989,8.109570312499997],[-0.642871093749989,8.106152343749997],[-0.642773437499983,8.086816406249994],[-0.624365234374977,8.084912109374997],[-0.590869140624989,8.100292968749997],[-0.561425781249994,8.134130859374991],[-0.542871093749994,8.153564453125],[-0.525683593749989,8.127880859374997],[-0.526562499999983,8.062402343749994],[-0.498242187499983,8.056884765625],[-0.44580078125,8.091064453125],[-0.415429687499994,8.078808593749997],[-0.37939453125,8.048144531249989],[-0.394433593749994,7.999902343749994],[-0.416796874999989,7.972265625],[-0.384472656249983,7.979833984374991],[-0.350537109374983,8.001953125],[-0.34375,8.038134765624989],[-0.315185546875,8.039990234374997],[-0.284716796874989,8.015234375],[-0.223779296874994,7.977148437499991],[-0.1923828125,7.955224609374994],[-0.186132812499977,7.926953125],[-0.169824218749994,7.889550781249994],[-0.152441406249977,7.840869140624989],[-0.152148437499989,7.813281249999989],[-0.159375,7.79443359375],[-0.157275390624989,7.778564453125],[-0.133984374999983,7.76708984375],[-0.100341796875,7.75546875],[-0.09765625,7.746435546874991],[-0.12548828125,7.740087890624991],[-0.161474609374977,7.721386718749997],[-0.210400390624983,7.7140625],[-0.253808593749994,7.720117187499994],[-0.255712890624977,7.706005859374997],[-0.261962890625,7.684228515624994],[-0.294384765624983,7.6671875],[-0.356640624999983,7.664355468749989],[-0.421533203124994,7.648828125],[-0.482666015625,7.624560546874989],[-0.54345703125,7.599902343749989],[-0.611328125,7.567041015624994],[-0.653710937499994,7.55126953125],[-0.603320312499989,7.553613281249994],[-0.531152343749994,7.576220703124989],[-0.498046875,7.596630859374997],[-0.474560546874983,7.589111328125],[-0.431835937499983,7.593652343749994],[-0.335839843749994,7.617578125],[-0.242285156249977,7.638574218749994],[-0.181982421874977,7.646582031249991],[-0.109960937499977,7.644580078124989],[-0.063769531249989,7.641406249999989],[-0.017773437499983,7.591894531249991],[0.011816406250006,7.542578125],[-0.02685546875,7.5458984375],[-0.071386718749977,7.548730468749994],[-0.104931640624983,7.551171875],[-0.134082031249989,7.553369140624994],[-0.168554687499977,7.549902343749991],[-0.207910156249994,7.54638671875],[-0.232226562499989,7.531933593749997],[-0.242431640625,7.516552734374997],[-0.206835937499989,7.512353515624994],[-0.157031249999989,7.509863281249991],[-0.136425781249983,7.495556640624997],[-0.128125,7.471533203124991],[-0.106542968749977,7.458056640624989],[-0.065820312499994,7.4443359375],[-0.058349609375,7.465625],[-0.062939453124983,7.507617187499989],[-0.002392578124983,7.500341796874991],[0.045605468750011,7.4775390625],[0.04736328125,7.460058593749991],[0.050585937500017,7.448828125],[0.050146484375006,7.432324218749997],[0.067529296875023,7.392773437499997],[0.10205078125,7.3427734375],[0.134667968750023,7.313427734374997],[0.156054687500017,7.308886718749989],[0.172460937500006,7.303857421874994],[0.183886718750017,7.286669921874989],[0.183886718750017,7.266162109374989],[0.173925781250006,7.252392578124997],[0.160449218750017,7.251806640624991],[0.153027343750011,7.2412109375],[0.141503906250023,7.222460937499989],[0.1181640625,7.203173828124989],[0.098681640625017,7.192822265624997],[0.083251953125,7.193701171874991],[0.063232421875,7.195361328124989],[0.034765625,7.200244140624989],[0.0146484375,7.210693359375],[0.00732421875,7.209375],[0.010205078125011,7.186816406249989],[0.027636718750017,7.176318359374989],[0.045117187500011,7.163916015624991],[0.06591796875,7.151220703124991],[0.084570312500006,7.147070312499991],[0.085546875,7.121240234374994],[0.097558593750023,7.079980468749994],[0.100976562500023,7.052929687499997],[0.092968750000011,7.037011718749994],[0.087939453125017,7.022802734374991],[0.098876953125,7.004150390625],[0.123242187500011,6.983154296875],[0.120312500000011,6.971240234374989],[0.086621093750011,6.973925781249989],[0.041650390625023,6.946484375],[0.058984375000023,6.914013671874997],[0.103710937500011,6.909619140624997],[0.111718750000023,6.896630859374994],[0.076708984375017,6.869677734374989],[0.030419921875023,6.849658203124989],[0.012304687500006,6.844824218749991],[-0.011474609375,6.852929687499994],[-0.041943359374983,6.847265625],[-0.066308593749994,6.825244140624989],[-0.071337890624989,6.809423828124991],[-0.067138671875,6.788964843749994],[-0.049365234374989,6.768847656249989],[-0.022851562499994,6.748046875],[-0.017480468749994,6.732714843749989],[-0.025537109374994,6.7203125],[-0.041308593749989,6.676855468749991],[-0.056933593749989,6.629980468749991],[-0.096484374999989,6.628613281249997],[-0.143652343749977,6.648046875],[-0.163330078125,6.685644531249991],[-0.175097656249989,6.72412109375],[-0.194042968749983,6.741259765624989],[-0.228466796874983,6.733984375],[-0.270751953125,6.722460937499989],[-0.305419921875,6.7171875],[-0.335302734374977,6.716210937499994],[-0.367773437499977,6.772705078125],[-0.393359374999989,6.828125],[-0.405957031249983,6.816455078124989],[-0.409277343749977,6.765625],[-0.418652343749983,6.731005859374989],[-0.442187499999989,6.726660156249991],[-0.466650390624977,6.72265625],[-0.490576171874977,6.73671875],[-0.517822265625,6.793798828124991],[-0.550830078124989,6.810839843749989],[-0.57958984375,6.784716796874989],[-0.615966796875,6.807324218749997],[-0.659863281249983,6.835839843749994],[-0.683740234374994,6.834423828124997],[-0.673730468749994,6.801513671875],[-0.633642578124977,6.753320312499994],[-0.55029296875,6.71728515625],[-0.427636718749994,6.667919921874997],[-0.323779296874989,6.621875],[-0.255273437499994,6.585498046874989],[-0.1748046875,6.53271484375],[-0.099316406249983,6.489941406249997],[-0.059912109374977,6.45166015625],[-0.033447265625,6.408203125],[-0.010986328125,6.37939453125],[0.041113281250006,6.405175781249994],[0.073291015625017,6.404052734375],[0.080957031250023,6.352636718749991],[0.103320312500017,6.338183593749989],[0.138085937500023,6.365966796875],[0.132910156250006,6.449560546874991],[0.140429687500017,6.505322265624997],[0.146679687500011,6.53828125],[0.150781250000023,6.570214843749994],[0.153710937500023,6.597021484374991],[0.152050781250011,6.610644531249989],[0.159960937500017,6.618066406249994],[0.171875,6.614648437499994],[0.191992187500006,6.607470703124989],[0.229687500000011,6.615869140624994],[0.275976562500006,6.648339843749994],[0.30859375,6.697851562499991],[0.316992187500006,6.738330078124989],[0.298730468750023,6.718603515624991],[0.271875,6.674511718749997],[0.25390625,6.672900390624989],[0.237109375000017,6.768310546875],[0.240039062500017,6.896337890624991],[0.263476562500017,6.948339843749991],[0.272851562500023,7.001171875],[0.28125,7.04736328125],[0.2998046875,7.0712890625],[0.30517578125,7.098974609374991],[0.28857421875,7.106347656249994],[0.271386718750023,7.137548828124991],[0.275781250000023,7.172314453124997],[0.279296875,7.182177734374989],[0.280664062500023,7.200585937499994],[0.279394531250006,7.217871093749991],[0.271582031250006,7.234326171874997],[0.275683593750017,7.257910156249991],[0.29375,7.277929687499991],[0.29248046875,7.303125],[0.27734375,7.329785156249997],[0.276757812500023,7.339306640624997],[0.2763671875,7.353076171874989],[0.287207031250006,7.381689453124991],[0.295312500000023,7.415722656249997],[0.296972656250006,7.45263671875],[0.301855468750006,7.47021484375],[0.3134765625,7.505615234375],[0.320117187500017,7.54248046875],[0.285253906250006,7.5146484375],[0.249804687500017,7.490771484374989],[0.2421875,7.510693359374997],[0.228906250000023,7.536376953125],[0.228320312500017,7.556396484375],[0.240429687500011,7.577880859375],[0.258984375000011,7.581445312499994],[0.28173828125,7.575390625],[0.280957031250011,7.616503906249989],[0.279199218750023,7.699023437499989],[0.277539062500011,7.762353515624994],[0.247851562500017,7.802929687499997],[0.237011718750011,7.833544921874989],[0.247753906250011,7.849267578124994],[0.252148437500011,7.862744140624997],[0.251171875000011,7.875585937499991],[0.257519531250011,7.904980468749997],[0.22119140625,7.882519531249997],[0.167773437500017,7.86328125],[0.145800781250017,7.894189453124994],[0.123925781250023,7.913183593749991],[0.108496093750006,7.938720703125],[0.121191406250006,7.972021484374991],[0.1455078125,8.020654296874994],[0.161035156250023,8.0595703125],[0.197851562500006,8.079345703125],[0.240234375,8.088037109374994],[0.266796875000011,8.094335937499991],[0.267773437500011,8.106152343749997],[0.231054687500006,8.125439453124997],[0.200976562500017,8.165771484375],[0.18359375,8.205615234374989],[0.190039062500006,8.251025390624989],[0.217089843750017,8.295996093749991],[0.214257812500023,8.314208984375],[0.242382812500011,8.321972656249997],[0.284082031250023,8.326855468749997],[0.293554687500006,8.334423828124997],[0.27978515625,8.340722656249994],[0.260546875000017,8.355175781249997],[0.242089843750023,8.379101562499997],[0.178125,8.399267578124991],[0.114648437500023,8.415673828124994],[0.102636718750006,8.433789062499997],[0.112890625,8.457373046874991],[0.121484375000023,8.518359374999989],[0.127539062500006,8.574316406249991],[0.152246093750023,8.592431640624994],[0.168359375000023,8.625195312499997],[0.184667968750006,8.68984375],[0.197656250000023,8.738232421874997],[0.183886718750017,8.74169921875],[0.160058593750023,8.700390625],[0.149511718750006,8.633007812499997],[0.135351562500006,8.597607421874997],[0.105664062500011,8.5830078125],[0.085498046875017,8.547998046874994],[0.090625,8.499951171874997],[0.092675781250023,8.460546875],[0.08056640625,8.429101562499994],[0.091992187500011,8.403125],[0.160742187500006,8.380957031249991],[0.217382812500006,8.36328125],[0.198046875000017,8.338183593749989],[0.169238281250017,8.289111328124989],[0.13671875,8.253613281249997],[0.105273437500017,8.241992187499989],[0.123339843750017,8.2099609375],[0.151757812500023,8.161035156249994],[0.165136718750006,8.115234375],[0.170312500000023,8.086328125],[0.15380859375,8.078027343749994],[0.129296875000023,8.08642578125],[0.099023437500023,8.09296875],[0.070019531250011,8.080957031249994],[0.061572265625017,8.040820312499989],[0.078710937500006,8.003271484374991],[0.073437500000011,7.969384765624994],[0.059179687500006,7.919677734375],[0.05615234375,7.885644531249994],[0.057910156250017,7.862548828125],[0.070166015625006,7.821142578124991],[0.054638671875011,7.7921875],[0.018994140625011,7.788671875],[0.001660156250011,7.793017578124989],[-0.024023437499977,7.792578125],[-0.052343749999977,7.811474609374997],[-0.081835937499989,7.876367187499994],[-0.103222656249983,7.975732421874994],[-0.127880859374983,8.011181640624997],[-0.190185546875,8.052587890624991],[-0.262548828124977,8.1083984375],[-0.308398437499989,8.142480468749994],[-0.330371093749989,8.1578125],[-0.320849609374989,8.17724609375],[-0.256591796875,8.184912109374991],[-0.192529296874994,8.186181640624994],[-0.201953124999989,8.213085937499997],[-0.245361328125,8.2451171875],[-0.285546875,8.253125],[-0.31787109375,8.244042968749994],[-0.355126953124994,8.242724609374989],[-0.393603515624989,8.221484374999989],[-0.448535156249989,8.20947265625],[-0.484667968749989,8.20947265625],[-0.526611328125,8.232373046874997],[-0.554394531249983,8.250830078124991],[-0.565722656249989,8.274804687499994],[-0.594335937499977,8.288378906249989],[-0.626562499999977,8.329248046874994],[-0.659960937499989,8.356640625],[-0.72109375,8.402148437499989],[-0.781835937499977,8.468554687499989],[-0.797021484374994,8.4970703125],[-0.804638671874983,8.519921875],[-0.757031249999983,8.577539062499994],[-0.706835937499989,8.624902343749994],[-0.705419921874977,8.64306640625],[-0.722412109375,8.638525390624991],[-0.769677734374994,8.655566406249989],[-0.806054687499994,8.688671875],[-0.795361328124983,8.721044921874991],[-0.782324218749977,8.756054687499997],[-0.790820312499989,8.761376953124994],[-0.808886718749989,8.743115234374997],[-0.823437499999983,8.706884765624991],[-0.817578124999983,8.650488281249991],[-0.816650390625,8.599511718749994],[-0.842578124999989,8.579003906249994],[-0.873388671874977,8.585546875],[-0.93115234375,8.653125],[-0.996533203124983,8.775292968749994],[-1.025585937499983,8.84375],[-1.044531249999977,8.843066406249989],[-1.075292968749977,8.85302734375],[-1.105566406249977,8.897021484374989],[-1.120800781249983,8.929394531249997],[-1.124804687499989,8.980761718749989],[-1.126513671874989,9.028417968749991],[-1.130322265624983,9.076074218749994],[-1.151708984374977,9.116601562499994],[-1.174121093749989,9.074169921874997],[-1.177929687499983,9.026513671874994],[-1.1787109375,8.979052734374989],[-1.174414062499977,8.944580078125],[-1.145166015624994,8.873632812499991]],[[4.491503906250017,10.64404296875],[4.4703125,10.626708984375],[4.45947265625,10.460058593749991],[4.450976562500017,10.437890625],[4.437890625000023,10.418066406249991],[4.399511718750006,10.403369140624989],[4.399609375000011,10.375292968749989],[4.465429687500006,10.305517578124991],[4.48486328125,10.228808593749989],[4.4638671875,10.195898437499991],[4.47021484375,10.18603515625],[4.505761718750023,10.173681640624991],[4.510058593750017,10.147558593749991],[4.495214843750006,10.126123046874994],[4.467871093750006,10.098486328124991],[4.473730468750006,10.070019531249997],[4.495507812500023,10.066259765624991],[4.536816406250011,10.028271484374997],[4.565722656250017,9.903222656249994],[4.594042968750017,9.866796875],[4.625683593750011,9.864501953125],[4.658593750000023,9.884716796874997],[4.617089843750023,10.002783203124991],[4.599804687500011,10.112939453124994],[4.598242187500006,10.196093749999989],[4.678515625000017,10.344335937499991],[4.685253906250011,10.365478515625],[4.667187500000011,10.410058593749994],[4.649609375000011,10.516894531249989],[4.680371093750011,10.584765624999989],[4.656152343750023,10.607226562499989],[4.606152343750011,10.616552734374991],[4.56689453125,10.602783203125],[4.491503906250017,10.64404296875]],[[32.76015625000002,-2.98486328125],[32.779882812500006,-2.971386718750011],[32.8921875,-2.86181640625],[32.96269531250002,-2.8486328125],[32.94746093750001,-2.818261718750009],[32.88417968750002,-2.6640625],[32.89228515625001,-2.484179687500003],[32.90791015625001,-2.449414062500011],[32.944921875,-2.420507812500006],[32.99882812500002,-2.401757812500009],[33.06718750000002,-2.410351562500011],[33.21015625000001,-2.488867187500006],[33.415625,-2.53125],[33.43740234375002,-2.52197265625],[33.44228515625002,-2.50244140625],[33.43232421875001,-2.459570312500006],[33.510351562500006,-2.429882812500011],[33.593847656250006,-2.357519531250006],[33.76728515625001,-2.237988281250011],[33.80898437500002,-2.1921875],[33.8095703125,-2.157128906250009],[33.79433593750002,-2.123339843750003],[33.75273437500002,-2.111328125],[33.584570312500006,-2.167578125],[33.5171875,-2.162011718750009],[33.275976562500006,-2.1240234375],[33.22636718750002,-2.095898437500011],[33.23261718750001,-2.071582031250003],[33.30019531250002,-2.023242187500003],[33.37421875000001,-2.032421875000011],[33.41230468750001,-1.997460937500009],[33.524023437500006,-1.996386718750003],[33.520605468750006,-1.979687500000011],[33.490820312500006,-1.952832031250011],[33.4775390625,-1.927832031250006],[33.45039062500001,-1.915234375000011],[33.2978515625,-1.921875],[33.331152343750006,-1.864453125000011],[33.36591796875001,-1.829980468750009],[33.40166015625002,-1.811718750000011],[33.48867187500002,-1.822167968750009],[33.54638671875,-1.799609375],[33.59267578125002,-1.761132812500009],[33.6015625,-1.690820312500009],[33.67519531250002,-1.638476562500003],[33.6669921875,-1.60400390625],[33.64589843750002,-1.570898437500006],[33.66787109375002,-1.506054687500011],[33.685546875,-1.488085937500003],[33.73027343750002,-1.480078125],[33.79052734375,-1.485449218750006],[33.88916015625,-1.5126953125],[33.9208984375,-1.513769531250006],[33.91533203125002,-1.495019531250009],[33.82167968750002,-1.424609375],[33.815527343750006,-1.405664062500009],[33.828710937500006,-1.39013671875],[33.82851562500002,-1.36328125],[33.84355468750002,-1.342089843750003],[33.941992187500006,-1.339550781250011],[33.951757812500006,-1.320898437500006],[33.90693359375001,-1.278125],[33.90273437500002,-1.246972656250009],[33.931640625,-1.187792968750003],[34.06318359375001,-1.03369140625],[34.07011718750002,-0.997460937500009],[34.12128906250001,-0.974707031250006],[34.14404296875,-0.93984375],[34.16279296875001,-0.879199218750003],[34.10576171875002,-0.798144531250003],[34.06826171875002,-0.724804687500011],[34.06005859375,-0.644921875],[34.07929687500001,-0.579492187500009],[34.1748046875,-0.470117187500009],[34.21718750000002,-0.441503906250006],[34.275390625,-0.445019531250011],[34.32851562500002,-0.459375],[34.37568359375001,-0.458789062500003],[34.4248046875,-0.502148437500011],[34.45634765625002,-0.4951171875],[34.47509765625,-0.46435546875],[34.45830078125002,-0.368945312500003],[34.47783203125002,-0.353320312500003],[34.57656250000002,-0.3296875],[34.70332031250001,-0.324902343750011],[34.79814453125002,-0.29638671875],[34.81328125000002,-0.275683593750003],[34.71757812500002,-0.091699218750009],[34.5380859375,-0.14375],[34.41953125,-0.196191406250009],[34.36992187500002,-0.243359375000011],[34.35332031250002,-0.313769531250003],[34.333984375,-0.337304687500009],[34.30996093750002,-0.356054687500006],[34.28466796875,-0.350292968750011],[34.2255859375,-0.259179687500009],[34.1171875,-0.163476562500009],[34.107519531250006,-0.133398437500006],[34.12519531250001,-0.091015625000011],[34.115234375,-0.079492187500009],[34.059179687500006,-0.080712890625009],[34.02871093750002,-0.0625],[34.0029296875,-0.02421875],[33.98203125,0.024658203125],[33.9736328125,0.088720703124991],[33.97451171875002,0.21337890625],[33.94482421875,0.217626953124991],[33.86083984375,0.185351562499989],[33.74453125000002,0.207714843749997],[33.72832031250002,0.230273437499989],[33.712890625,0.308349609375],[33.68037109375001,0.316210937499989],[33.63984375000001,0.300488281249997],[33.58027343750001,0.22216796875],[33.53261718750002,0.206640625],[33.48320312500002,0.218115234374991],[33.44765625000002,0.244287109374994],[33.44130859375002,0.270751953125],[33.48486328125,0.293310546874991],[33.48427734375002,0.31494140625],[33.46132812500002,0.334033203124989],[33.35371093750001,0.349267578124994],[33.33203125,0.368701171874989],[33.367773437500006,0.452734375],[33.36406250000002,0.472021484374991],[33.311621093750006,0.451464843749989],[33.27265625000001,0.462548828124994],[33.2451171875,0.451171875],[33.18730468750002,0.428173828124997],[33.20107421875002,0.387841796874994],[33.13720703125,0.252148437499997],[33.07646484375002,0.239013671875],[33.069921875,0.193408203124989],[33.02128906250002,0.146582031249991],[32.9580078125,0.1078125],[32.9150390625,0.095507812499989],[32.89531250000002,0.112402343749991],[32.87861328125001,0.168847656249994],[32.8525390625,0.169335937499994],[32.779394531250006,0.118847656249997],[32.73476562500002,0.108349609374997],[32.69169921875002,0.108007812499991],[32.6708984375,0.117236328124989],[32.676367187500006,0.137060546874991],[32.71142578125,0.179394531249997],[32.6806640625,0.189453125],[32.647070312500006,0.252832031249994],[32.615234375,0.235058593749997],[32.58769531250002,0.193261718749994],[32.56425781250002,0.098925781249989],[32.53291015625001,0.069726562499994],[32.48613281250002,0.052734375],[32.44902343750002,0.056005859374991],[32.43769531250001,0.0927734375],[32.41347656250002,0.08935546875],[32.383886718750006,0.066113281249997],[32.35107421875,0.014550781249994],[32.28662109375,0.020556640624989],[32.25800781250001,-0.004980468750006],[32.20917968750001,0.008691406249994],[32.159375,-0.039746093750011],[32.055273437500006,-0.056542968750009],[32.03251953125002,-0.090478515625009],[31.9501953125,-0.131933593750006],[31.933496093750023,-0.158398437500011],[31.940234375000017,-0.180371093750011],[31.975683593750006,-0.211621093750011],[32.00068359375001,-0.2548828125],[31.994140625,-0.32109375],[31.86689453125001,-0.480859375],[31.818164062500017,-0.568457031250006],[31.72285156250001,-0.7900390625],[31.73203125,-0.837207031250003],[31.755664062500017,-0.8876953125],[31.767578125,-0.935742187500011],[31.78271484375,-1.009960937500011],[31.80439453125001,-1.021679687500011],[31.828906250000017,-1.012890625000011],[31.849023437500023,-1.016503906250009],[31.860742187500023,-1.043652343750011],[31.865136718750023,-1.091796875],[31.82587890625001,-1.358984375],[31.81074218750001,-1.418554687500006],[31.76328125,-1.49169921875],[31.66425781250001,-1.931933593750003],[31.66376953125001,-2.016210937500006],[31.67529296875,-2.0796875],[31.675,-2.27685546875],[31.701757812500006,-2.327832031250011],[31.738867187500006,-2.356640625000011],[31.766699218750006,-2.398730468750003],[31.78125,-2.439550781250006],[31.785937500000017,-2.465429687500006],[31.7353515625,-2.5296875],[31.742773437500006,-2.566503906250006],[31.76972656250001,-2.597070312500009],[31.81494140625,-2.620898437500003],[31.781640625000023,-2.693164062500003],[31.783984375000017,-2.749902343750009],[31.80146484375001,-2.790722656250011],[31.818945312500006,-2.797949218750006],[31.848242187500006,-2.705175781250006],[31.884863281250006,-2.700390625000011],[31.898046875,-2.680566406250009],[31.91767578125001,-2.673925781250006],[31.970507812500017,-2.751660156250011],[32.00341796875,-2.756640625],[31.978906250000023,-2.676855468750006],[31.968652343750023,-2.608300781250009],[31.986132812500017,-2.546679687500003],[32.03076171875,-2.516210937500006],[32.13027343750002,-2.537011718750009],[32.150390625,-2.525],[32.14052734375002,-2.486132812500003],[32.096289062500006,-2.39404296875],[32.11445312500001,-2.377050781250006],[32.17363281250002,-2.366015625],[32.21064453125001,-2.3095703125],[32.240234375,-2.283007812500003],[32.28310546875002,-2.282421875000011],[32.31953125000001,-2.303906250000011],[32.35693359375,-2.393945312500009],[32.3916015625,-2.422460937500006],[32.43984375000002,-2.4443359375],[32.52128906250002,-2.453515625],[32.53535156250001,-2.462207031250003],[32.53535156250001,-2.494042968750009],[32.54814453125002,-2.507714843750009],[32.6435546875,-2.438769531250003],[32.67138671875,-2.455664062500006],[32.68535156250002,-2.490917968750011],[32.702734375,-2.501660156250011],[32.75136718750002,-2.513671875],[32.81074218750001,-2.515039062500009],[32.82421875,-2.543554687500006],[32.8140625,-2.646875],[32.861914062500006,-2.75732421875],[32.84755859375002,-2.79736328125],[32.76445312500002,-2.867089843750009],[32.7734375,-2.910351562500011],[32.76015625000002,-2.98486328125]],[[33.0224609375,1.5595703125],[32.99882812500002,1.54736328125],[32.98164062500001,1.553466796875],[32.93779296875002,1.562890625],[32.86210937500002,1.555712890624989],[32.81103515625,1.54931640625],[32.797460937500006,1.556445312499989],[32.80292968750001,1.571972656249997],[32.80097656250001,1.580761718749997],[32.73554687500001,1.545019531249991],[32.61074218750002,1.513769531249991],[32.54472656250002,1.521826171874991],[32.53681640625001,1.496875],[32.55410156250002,1.436865234374991],[32.58046875000002,1.411083984374997],[32.66064453125,1.375634765624994],[32.7421875,1.339501953124994],[32.751953125,1.357421875],[32.76396484375002,1.394287109375],[32.78603515625002,1.402099609375],[32.82363281250002,1.387841796874994],[32.86005859375001,1.33203125],[32.893164062500006,1.311425781249994],[32.89189453125002,1.380664062499989],[32.867773437500006,1.4046875],[32.86367187500002,1.418505859374989],[32.86855468750002,1.431884765625],[32.89882812500002,1.430322265624994],[33.01923828125001,1.381640624999989],[33.12324218750001,1.312890625],[33.1669921875,1.288769531249997],[33.22988281250002,1.254150390625],[33.26025390625,1.222802734374994],[33.270605468750006,1.252685546875],[33.3046875,1.305224609374989],[33.32636718750001,1.355566406249991],[33.32148437500001,1.398193359375],[33.31718750000002,1.419628906249997],[33.30302734375002,1.419189453125],[33.28193359375001,1.402197265624991],[33.24287109375001,1.3859375],[33.196875,1.399316406249994],[33.20820312500001,1.429638671874997],[33.2509765625,1.453955078124991],[33.25820312500002,1.470361328124994],[33.20585937500002,1.476953125],[33.139746093750006,1.482519531249991],[33.1259765625,1.503222656249989],[33.1611328125,1.541748046875],[33.22744140625002,1.584863281249994],[33.333984375,1.623193359374994],[33.44287109375,1.640625],[33.48681640625,1.642871093749989],[33.482519531250006,1.653222656249994],[33.47099609375002,1.670703124999989],[33.45683593750002,1.68408203125],[33.44550781250001,1.727929687499994],[33.4140625,1.731054687499991],[33.357421875,1.677197265624997],[33.31044921875002,1.655712890624997],[33.26923828125001,1.664013671874997],[33.236914062500006,1.669677734375],[33.205664062500006,1.660400390625],[33.16298828125002,1.638623046874997],[33.12861328125001,1.615673828124997],[33.112890625,1.62421875],[33.10136718750002,1.633691406249994],[33.06660156250001,1.601123046874989],[33.0224609375,1.5595703125]],[[36.63300781250001,2.424707031249994],[36.6845703125,2.537792968749997],[36.69667968750002,2.726611328124989],[36.65205078125001,2.8583984375],[36.53847656250002,2.923730468749994],[36.42724609375,3.011425781249997],[36.31074218750001,3.206640625],[36.22119140625,3.472949218749989],[36.22587890625002,3.879833984374997],[36.21308593750001,4.053515624999989],[36.21474609375002,4.147851562499994],[36.19697265625001,4.430908203125],[36.17412109375002,4.631933593749991],[36.15507812500002,4.65390625],[36.132421875,4.652978515624994],[36.09794921875002,4.623291015625],[36.07373046875,4.555029296874991],[36.044921875,4.539013671874997],[35.994726562500006,4.565625],[35.95048828125002,4.552929687499997],[35.92558593750002,4.38515625],[35.9189453125,4.270410156249994],[35.88828125,4.038427734374991],[35.85722656250002,3.875634765624994],[35.847265625,3.775292968749994],[35.87226562500001,3.59814453125],[35.91455078125,3.518945312499994],[35.93720703125001,3.482324218749994],[35.965917968750006,3.368017578124991],[36.0380859375,3.264404296875],[36.11279296875,3.166601562499991],[36.15361328125002,3.037890624999989],[36.20009765625002,2.973583984374997],[36.242285156250006,2.965625],[36.33134765625002,2.873925781249994],[36.42402343750001,2.734423828124989],[36.53496093750002,2.447851562499991],[36.57099609375001,2.405175781249994],[36.63300781250001,2.424707031249994]]],[[[3.566667,6.4138880000001],[3.535,6.412499],[3.444722,6.409444],[3.415833000000134,6.408889],[3.410277,6.410555],[3.39055500000012,6.438611],[3.388611,6.443333000000109],[3.390833,6.448055],[3.395278,6.450555],[3.431666000000121,6.4541660000001],[3.437222,6.452777],[3.506667,6.449721],[3.535555,6.44861],[3.540555,6.450555],[3.694898398541086,6.517346348018406],[3.613048341423705,6.416010264673522],[3.566667,6.4138880000001]]],[[[-5.230394,5.199207],[-5.211434840670338,5.19811574797283],[-5.231617934574889,5.194283152316745],[-5.230394,5.199207]]],[[[7.22611,4.52],[7.248333,4.511389],[7.293611,4.487222],[7.316667,4.4725],[7.316110939545319,4.46579769804279],[7.217887869967175,4.508960968217928],[7.22611,4.52]]],[[[7.348611,4.479166],[7.352777000000117,4.481667],[7.384444,4.485555],[7.411944,4.488055],[7.478611,4.469166],[7.466389000000106,4.445277],[7.433611,4.431110000000103],[7.392976250572177,4.43201990835247],[7.340143561470511,4.455236772207045],[7.348611,4.479166]]],[[[-4.146389,5.277222],[-4.126112,5.277222],[-4.1,5.277222],[-4.08639,5.277222],[-4.047778,5.275555],[-4.035556,5.274166],[-4.030278,5.272778],[-4.024637847852023,5.263802182442787],[-4.213747371950468,5.258851855570363],[-4.146389,5.277222]]],[[[0.11474609375,6.795605468749997],[0.1591796875,6.766748046874994],[0.180761718750006,6.725927734374991],[0.13037109375,6.679101562499994],[0.089550781250011,6.658642578124997],[0.048730468750023,6.694677734374991],[0.011474609375,6.717529296875],[0.017480468750023,6.778759765624997],[0.061914062500023,6.8076171875],[0.11474609375,6.795605468749997]]]]},"properties":{"id":"bantu","name":"Bantu","names":{"en":"Bantul","fr":"kabupaten de Bantul"},"subjectTo":"Bantu","partOf":"Bantu","borderPrecision":1,"wikidata":"Q11477","wikipedia":{"en":"https://en.wikipedia.org/wiki/Bantul_Regency"},"year":-5000,"source":"Historical Basemaps","sourceUrl":"https://github.com/aourednik/historical-basemaps"}},{"type":"Feature","geometry":{"type":"MultiPolygon","coordinates":[[[[146.64831500000014,-38.770836],[146.631897,-38.772774],[146.616364,-38.769997],[146.599976,-38.769997],[146.593018,-38.770279],[146.57968100000016,-38.773613],[146.570801,-38.779999],[146.544708,-38.800278],[146.532196,-38.796394],[146.487732,-38.776665],[146.482178,-38.773613],[146.473846,-38.766663],[146.46774300000016,-38.758057],[146.469696,-38.752785],[146.4735720000001,-38.748886],[146.484406,-38.744164],[146.491333,-38.743057],[146.574127,-38.746391],[146.582733,-38.746948],[146.651367,-38.756111],[146.65802,-38.758339],[146.662201,-38.761391],[146.66079700000012,-38.76722],[146.65554800000018,-38.769722],[146.64831500000014,-38.770836]]],[[[145.462463,-38.374718],[145.4263635515735,-38.37656305129916],[145.33723420026664,-38.30224814472151],[145.449127,-38.321114],[145.45495600000015,-38.323616],[145.459137,-38.327225],[145.486908,-38.352226],[145.494965,-38.360283],[145.49801600000012,-38.364449],[145.496613,-38.370552],[145.49273700000015,-38.374443],[145.4855040000001,-38.376663],[145.462463,-38.374718]]],[[[133.661377,-32.239441],[133.66970800000013,-32.239166],[133.674988,-32.240555],[133.67636100000016,-32.245552],[133.629944,-32.281944],[133.589417,-32.311668],[133.564972,-32.324173],[133.54776,-32.31945],[133.537201,-32.313889],[133.5336,-32.304443],[133.535797,-32.297783],[133.53830000000016,-32.293335],[133.562469,-32.270836],[133.566925,-32.268059],[133.632172,-32.245552],[133.661377,-32.239441]]],[[[143.147217,-12.067223],[143.102173,-12.140278],[143.0819090000001,-12.225],[143.074982,-12.292223],[143.073029,-12.318611],[143.0739162936124,-12.324113690166643],[142.9707899422481,-12.534967817109205],[143.29229262779498,-12.686838544648268],[143.3633920620749,-12.801309768843446],[143.3605040000001,-12.821667],[143.35995500000013,-12.834444],[143.3605040000001,-12.840555],[143.364136,-12.857222],[143.38357617122065,-12.863790951346827],[143.43748000572467,-13.080647863190748],[143.4735212654903,-13.665407575409986],[143.5380964608028,-13.944986738007643],[143.7431745858028,-14.465823568146803],[143.87487319420123,-14.586329854767897],[144.06472304771685,-14.592281736176588],[144.21230605552935,-14.452100194733717],[144.38535598228717,-14.369087613862135],[144.5291853279903,-14.667567647736647],[144.6925917000606,-14.72443047885237],[144.94622329185748,-14.908246434968092],[145.11966994713092,-14.977798856537916],[145.1843366951778,-15.047596372407057],[145.18485549400592,-15.231954015534498],[145.22220900963092,-15.66417542819319],[145.34638503502154,-16.013568319123365],[145.32554152916217,-16.4904293191844],[145.45112136314654,-16.598232663910963],[145.86948684166217,-17.194960035126783],[145.99418166588092,-17.51257745150862],[146.01871779869342,-17.862209714692213],[145.92455581138873,-18.25660363559065],[146.10622695396685,-18.548672117035963],[146.22996047447467,-18.923536695283033],[146.32175734947467,-19.082291044037916],[146.94948867271685,-19.443359769623854],[147.07758620689654,-19.51303140048323],[147.41271499107623,-19.563177503388502],[147.5935926766231,-19.855278409760572],[147.97294143150592,-20.09608117465315],[148.1904402108028,-20.171909726899244],[148.37991046626993,-20.183245048672415],[148.40191700000014,-20.201389],[148.41137700000013,-20.206944],[148.416656,-20.208611],[148.423859,-20.208611],[148.461914,-20.188889],[148.46310133253738,-20.18822205804734],[148.65557138387544,-20.19973684678416],[148.67303500000014,-20.21611],[148.71833082376455,-20.22723608183088],[148.75644973228717,-20.291510022919752],[148.68986037681842,-20.399742521088697],[148.56704238365435,-20.65432778720198],[148.70600417564654,-20.844784177582838],[149.10148147056842,-21.06012383822737],[149.2001600594356,-21.31423989657698],[149.41137221763873,-21.917835630219557],[149.50620559166217,-22.254627622407057],[149.55675795982623,-22.432550824921705],[149.67019179771685,-22.57220307711897],[150.01726821373248,-22.730434812348463],[150.00811294029498,-22.673225797455885],[149.99624117077644,-22.607703339339608],[150.027466,-22.638054],[150.043304,-22.650833],[150.042755,-22.644444],[150.041351,-22.639168],[150.0122070000001,-22.545834],[149.986359,-22.475555],[149.96456468448892,-22.43287504244536],[149.94477370689654,-22.323645032685377],[150.35558608482623,-22.55167428378401],[150.61091140220904,-22.621080793183424],[150.69362929771685,-22.67811814669905],[150.7544050545528,-22.811520017426588],[150.76676608865532,-23.014266483603663],[150.75470000000018,-23.114445],[150.753601,-23.126667],[150.756378,-23.137779],[150.758331,-23.142498],[150.7765551570944,-23.174827405669806],[150.80247024009967,-23.599888242524244],[151.2001600594356,-23.942411817353346],[151.4582167000606,-24.08811227206526],[151.73014357994342,-24.15748826388655],[151.85947707603717,-24.290745176117994],[151.9692488045528,-24.5512203348094],[152.07273391197467,-24.74175874118147],[152.31797316978717,-24.817552961152174],[152.3967390389278,-24.950924314301588],[152.39982131431842,-25.07173577670393],[152.48574355552935,-25.31320420626936],[152.5335798592403,-25.363981641572096],[152.76116469810748,-25.420729078095533],[152.83135512779498,-25.471462644379713],[152.89473157763953,-25.60959603565128],[152.89859000000013,-25.679165],[152.917206,-25.731667],[152.923859,-25.739166],[152.9386789746777,-25.755153719628176],[153.06907180259967,-26.227749265473463],[153.0716403140593,-26.312512193857543],[153.071075,-26.318058],[153.07199550257099,-26.324233698259356],[153.0810194344356,-26.622030652802565],[153.08671096275592,-27.00997392062483],[153.02762893150592,-27.19453851107893],[152.94622329185748,-27.340992368500807],[153.2964735359981,-27.912666715424635],[153.39640334556842,-28.12870828036604],[153.47783950279498,-28.503797925751783],[153.4934950203731,-28.840868390839674],[153.36136916588092,-29.159185804169752],[153.2027235359981,-29.910084165375807],[152.93955520103717,-30.69940034274397],[153.00107863853717,-31.05550614718733],[152.98940768016158,-31.200359348127844],[152.973022,-31.243332],[152.954132,-31.359444],[152.886383,-31.539169],[152.861633,-31.606667],[152.848846,-31.656666],[152.8283080000001,-31.704445],[152.76025400000015,-31.810558],[152.684418,-31.889999],[152.664703,-31.907501],[152.649994,-31.922501],[152.62466400000017,-31.948887],[152.593567,-31.984165],[152.557465,-32.029167],[152.515808,-32.118889],[152.511658,-32.129166],[152.50997900000016,-32.134727],[152.50997900000016,-32.141388],[152.5314572282037,-32.22507038662928],[152.46152419297601,-32.45353830365745],[152.396942,-32.500839],[152.377167,-32.511391],[152.355804,-32.528336],[152.327759,-32.55278],[152.280823,-32.601395],[152.227448,-32.631386],[152.127441,-32.68222],[152.119415,-32.725273],[152.144714,-32.770554],[151.99661300000014,-32.813057],[151.955536,-32.826111],[151.949982,-32.828056],[151.845795,-32.868889],[151.829407,-32.875557],[151.81942700000013,-32.881668],[151.81192,-32.888336],[151.808594,-32.892502],[151.671906,-33.065834],[151.666077,-33.074173],[151.63853169002303,-33.144112039657145],[151.5743055672481,-33.21509209994612],[151.53244005791856,-33.27611374396271],[151.524994,-33.277496],[151.50192300000015,-33.285278],[151.45636,-33.314445],[151.45275900000013,-33.319168],[151.4405210000001,-33.351112],[151.443573,-33.361389],[151.445801,-33.366112],[151.449127,-33.370277],[151.453857,-33.373329],[151.46422995766244,-33.37553430572873],[151.36449721763873,-33.52090112094221],[151.341732574393,-33.626947613965015],[151.34024,-33.628609],[151.33682820135326,-33.649794076161996],[151.26728265122614,-33.97376408600226],[151.2455440000001,-33.990891],[151.243362,-33.993225],[151.240875,-33.994892],[151.236862,-33.995724],[151.233536,-33.993893],[151.22969100000012,-33.989388],[151.178314,-33.987503],[151.104675,-34.002228],[151.099701,-34.005562],[151.096344,-34.008896],[151.096069,-34.015839],[151.10025,-34.019447],[151.13916,-34.035004],[151.145813,-34.036667],[151.1499940000001,-34.033333],[151.154419,-34.023056],[151.15942400000017,-34.019722],[151.166077,-34.019165],[151.18650800000012,-34.048611],[151.19101000000012,-34.04911],[151.196854,-34.052444],[151.198685,-34.055275],[151.199188,-34.058613],[151.198013,-34.061947],[151.196014,-34.064281],[151.11828600000013,-34.163055],[151.109955,-34.169724],[151.093018,-34.176109],[151.07717900000011,-34.183884],[151.063873,-34.192497],[151.03775,-34.211113],[151.024139,-34.221107],[151.016663,-34.227776],[150.976349,-34.277496],[150.95996100000013,-34.29834],[150.934143,-34.331673],[150.840515,-34.558334],[150.875244,-34.584167],[150.881348,-34.599167],[150.873566,-34.66111],[150.86079117129955,-34.7019175693624],[150.84971145103717,-34.71808282260237],[150.85008209574139,-34.73612635242278],[150.83773800000017,-34.775558],[150.834137,-34.786392],[150.829681,-34.789726],[150.823853,-34.792229],[150.803864,-34.79528],[150.79803500000014,-34.797226],[150.787201,-34.801666],[150.777771,-34.807777],[150.769989,-34.815552],[150.763885,-34.823616],[150.756104,-34.837776],[150.74411,-34.86972],[150.749695,-34.885277],[150.781921,-34.96167],[150.841064,-35.011948],[150.84774800000014,-35.013618],[150.852448,-35.016945],[150.85304304302673,-35.01768366187403],[150.820767120804,-35.10112747983735],[150.816376,-35.104172],[150.81137100000012,-35.107506],[150.805542,-35.109444],[150.776367,-35.086113],[150.774689,-35.080833],[150.776642,-35.075279],[150.779968,-35.071388],[150.78442400000017,-35.068062],[150.78970300000015,-35.058609],[150.7916560000001,-35.053329],[150.781921,-35.016945],[150.778595,-35.012779],[150.77386500000011,-35.010002],[150.767212,-35.008339],[150.759705,-35.007507],[150.752197,-35.008057],[150.74133300000017,-35.011948],[150.696625,-35.029442],[150.69165,-35.031944],[150.687195,-35.035278],[150.683868,-35.039169],[150.68191500000012,-35.044724],[150.679138,-35.056107],[150.6774600000001,-35.075836],[150.703308,-35.126945],[150.647491,-35.178612],[150.61718800000017,-35.188332],[150.571625,-35.20417],[150.55636600000014,-35.211945],[150.551361,-35.215279],[150.546936,-35.218605],[150.540253,-35.226662],[150.486359,-35.307777],[150.485229,-35.313889],[150.47995,-35.350555],[150.48053,-35.355835],[150.41620929906716,-35.50552516690165],[150.34281447838092,-35.547222532075025],[150.22150710533404,-35.694107450287916],[150.08652785728717,-36.153511441987135],[150.01073745201373,-36.62571755770979],[150.00608304127206,-36.68088351636814],[149.982452,-36.753334],[149.976898,-36.768608],[149.96637,-36.794724],[149.938568,-36.857224],[149.90246600000012,-36.923332],[149.906647,-37.069168],[149.938568,-37.116112],[149.945526,-37.114723],[149.951355,-37.117775],[149.9781158469034,-37.13762906974825],[149.982008875432,-37.258719504582984],[149.95663500000012,-37.273613],[149.948029,-37.280281],[149.944427,-37.284172],[149.94247400000017,-37.289444],[149.948578,-37.389168],[149.950256,-37.407501],[149.95273319407,-37.41915777687194],[149.89314246956113,-37.553288511502345],[149.8235780000001,-37.558334],[149.793579,-37.56028],[149.777466,-37.560555],[149.746613,-37.598885],[149.680267,-37.690552],[149.67663600000014,-37.694443],[149.667206,-37.700279],[149.578644,-37.735577],[149.56970200000012,-37.736115],[149.55581700000016,-37.738335],[149.505249,-37.758614],[149.457184,-37.783333],[149.309418,-37.79528],[149.2547,-37.793617],[149.080261,-37.792778],[148.833588,-37.796951],[148.81884800000012,-37.798615],[148.784424,-37.803329],[148.76525900000013,-37.808052],[148.75305200000014,-37.811943],[148.6586,-37.816666],[148.4938350000001,-37.811668],[148.309143,-37.821671],[148.281372,-37.826111],[148.2069090000001,-37.839722],[147.973572,-37.899727],[147.954407,-37.904999],[147.93692,-37.91111],[147.846344,-37.945274],[147.764435,-37.979996],[147.7538760000001,-37.985001],[147.734131,-37.996391],[147.654694,-38.042503],[147.587738,-38.083061],[147.541077,-38.113335],[147.42968800000017,-38.194717],[147.372467,-38.238052],[147.213013,-38.36306],[147.193024,-38.381111],[147.185516,-38.388054],[147.18191500000012,-38.391945],[147.11441000000013,-38.45472],[146.99411,-38.564163],[146.982178,-38.575005],[146.96942100000012,-38.585274],[146.873566,-38.651665],[146.842468,-38.664444],[146.84024,-38.659721],[146.834412,-38.658051],[146.825806,-38.658333],[146.656921,-38.672775],[146.642761,-38.674721],[146.501648,-38.700554],[146.43109100000015,-38.717216],[146.36386100000016,-38.704445],[146.35580400000015,-38.69722],[146.349976,-38.695],[146.341339,-38.694717],[146.26110800000015,-38.702225],[146.23996,-38.705276],[146.233856,-38.706947],[146.22302200000013,-38.712502],[146.215515,-38.719444],[146.185242,-38.751114],[146.1830440000001,-38.756393],[146.185242,-38.761116],[146.279419,-38.913055],[146.2824710000001,-38.916389],[146.288574,-38.918892],[146.297211,-38.919167],[146.3033140000001,-38.917503],[146.308868,-38.915001],[146.3140203232829,-38.912019304655566],[146.43192580650592,-39.059387601655104],[146.46261146922697,-39.09897135934946],[146.42893295783506,-39.13162870375635],[146.31053610002127,-39.07180091010913],[146.268585,-38.981941],[146.251648,-38.955559],[146.24246200000016,-38.942223],[146.22662400000013,-38.921669],[146.209137,-38.901939],[146.193024,-38.886948],[146.165802,-38.862778],[146.146942,-38.848885],[146.137756,-38.843056],[146.1268920000001,-38.837776],[146.11441000000013,-38.833328],[146.089142,-38.825279],[146.069702,-38.820282],[146.0607910000001,-38.819725],[146.0452580000001,-38.820282],[146.03137200000015,-38.822227],[146.0205380000001,-38.82695],[146.0166630000001,-38.830833],[146.013611,-38.835556],[146.00497400000017,-38.85611],[146.00305200000014,-38.861389],[146.001373,-38.868057],[145.904419,-38.856949],[145.823578,-38.728607],[145.834412,-38.70472],[145.84301800000014,-38.705276],[145.847748,-38.701942],[145.84719800000016,-38.695274],[145.822205,-38.656105],[145.818024,-38.652496],[145.812195,-38.650276],[145.791931,-38.645004],[145.77746600000012,-38.642227],[145.75360100000012,-38.639725],[145.731079,-38.640556],[145.72467,-38.642227],[145.6869200000001,-38.659164],[145.67691,-38.664719],[145.66857900000014,-38.671669],[145.659424,-38.67778],[145.65304600000013,-38.679726],[145.611359,-38.684166],[145.603577,-38.68306],[145.574402,-38.670555],[145.56942700000013,-38.667778],[145.560516,-38.66111],[145.53638165985336,-38.6418490123739],[145.53713515709185,-38.51171532992659],[145.50425246666217,-38.44150582675276],[145.49066668455313,-38.43017817639502],[145.50332600000013,-38.429726],[145.51025400000015,-38.428612],[145.521088,-38.423889],[145.5249940000001,-38.419998],[145.55136100000016,-38.385559],[145.55719,-38.376389],[145.556915,-38.370277],[145.555542,-38.365005],[145.487457,-38.250282],[145.483582,-38.246109],[145.447205,-38.227776],[145.44134500000018,-38.226105],[145.263031,-38.235001],[145.25762437180705,-38.235870493836714],[145.25207045982623,-38.23123971347151],[145.12568993720546,-38.157141385752304],[145.128845,-38.151665],[145.132446,-38.140282],[145.131897,-38.128052],[145.114685,-38.070282],[145.102173,-38.047226],[145.096344,-38.038895],[144.977448,-37.89389],[144.9735720000001,-37.889999],[144.954132,-37.878052],[144.942474,-37.873329],[144.929138,-37.869164],[144.92163100000016,-37.868057],[144.913025,-37.8675],[144.906921,-37.869446],[144.833862,-37.896111],[144.828583,-37.898613],[144.823853,-37.902222],[144.812469,-37.913055],[144.746918,-37.962776],[144.697754,-37.999168],[144.68469200000015,-38.008614],[144.661102,-38.023331],[144.526917,-38.101112],[144.39721700000018,-38.108612],[144.3908080000001,-38.110283],[144.380249,-38.115005],[144.375519,-38.118332],[144.37161300000014,-38.121941],[144.365509,-38.131111],[144.362732,-38.143059],[144.363007,-38.148613],[144.36718800000017,-38.158333],[144.381897,-38.167221],[144.38858,-38.169167],[144.40387,-38.171387],[144.50039504299113,-38.18117860913129],[144.41111281822467,-38.24571648959456],[144.4874330545069,-38.29337121061905],[144.400543,-38.30722],[144.38970900000015,-38.311943],[144.36328100000014,-38.324448],[144.063873,-38.483055],[144.059418,-38.486115],[144.00360100000012,-38.530556],[143.999695,-38.534447],[143.99661300000014,-38.538895],[143.995239,-38.544724],[143.914703,-38.634445],[143.91110200000014,-38.638054],[143.89859,-38.648888],[143.844971,-38.695274],[143.83969100000013,-38.697777],[143.76944,-38.714165],[143.741333,-38.717499],[143.72247300000015,-38.723053],[143.7069090000001,-38.730827],[143.69384800000012,-38.740837],[143.689972,-38.74472],[143.683868,-38.753891],[143.67691,-38.77639],[143.674683,-38.782219],[143.672485,-38.786667],[143.66857900000014,-38.790558],[143.55468800000017,-38.855278],[143.54385400000012,-38.860001],[143.536652,-38.860832],[143.512207,-38.854446],[143.50637800000015,-38.852226],[143.501648,-38.849167],[143.484131,-38.834999],[143.453583,-38.805275],[143.447479,-38.796669],[143.43969700000014,-38.789444],[143.434692,-38.786392],[143.387482,-38.768333],[143.3485720000001,-38.758896],[143.34079,-38.757782],[143.333038,-38.757225],[143.179962,-38.71611],[143.138031,-38.681389],[143.128296,-38.67556],[143.096344,-38.65889],[143.051086,-38.638336],[143.045258,-38.635834],[143.025269,-38.63028],[143.009979,-38.627777],[142.9863590000001,-38.628334],[142.97247300000015,-38.629997],[142.963867,-38.62944],[142.859955,-38.598335],[142.806091,-38.577499],[142.800537,-38.574448],[142.758881,-38.545555],[142.741638,-38.53167],[142.612183,-38.455276],[142.535248,-38.412773],[142.388885,-38.364723],[142.38134800000012,-38.363617],[142.373566,-38.363617],[142.282471,-38.373611],[142.27609300000017,-38.375275],[142.2705380000001,-38.377495],[142.266083,-38.380554],[142.262756,-38.385002],[142.26303100000018,-38.391113],[142.266937,-38.394722],[142.263611,-38.399445],[142.257477,-38.400833],[142.243286,-38.402496],[142.227753,-38.402779],[142.17163100000016,-38.401939],[142.163025,-38.401108],[142.15637200000015,-38.399994],[142.150543,-38.397499],[142.088287,-38.36972],[142.062469,-38.35556],[141.992462,-38.313614],[141.983032,-38.307503],[141.967468,-38.293335],[141.961914,-38.29084],[141.82135000000017,-38.267502],[141.758331,-38.266663],[141.7435610000001,-38.267502],[141.721619,-38.270554],[141.684967,-38.280556],[141.6738590000001,-38.285278],[141.630798,-38.311668],[141.62133800000015,-38.317505],[141.61496,-38.326393],[141.61358600000017,-38.331947],[141.61441000000013,-38.344162],[141.616364,-38.348885],[141.622192,-38.357506],[141.62606800000015,-38.361389],[141.635803,-38.3675],[141.651093,-38.382217],[141.656097,-38.390839],[141.656097,-38.39695],[141.6535950000001,-38.402222],[141.649719,-38.40583],[141.642761,-38.407501],[141.57135000000017,-38.417221],[141.454132,-38.372498],[141.402191,-38.328888],[141.39444000000015,-38.315552],[141.38693200000012,-38.307503],[141.36746200000016,-38.289444],[141.28942900000015,-38.228333],[141.23968500000012,-38.193054],[141.19302400000015,-38.160553],[141.146362,-38.135002],[141.12551900000017,-38.123886],[141.103577,-38.113892],[141.025818,-38.082779],[141.001923,-38.074173],[140.96804800000018,-38.064217],[140.947754,-38.059998],[140.930817,-38.058609],[140.85800200000017,-38.055],[140.843292,-38.054443],[140.828583,-38.055832],[140.816071,-38.058891],[140.775269,-38.073891],[140.76831100000015,-38.073891],[140.698578,-38.071945],[140.674988,-38.068611],[140.668304,-38.066666],[140.58609000000013,-38.032219],[140.529968,-38.000282],[140.357727,-37.866943],[140.35412600000018,-37.856392],[140.338013,-37.823616],[140.332458,-37.815002],[140.238281,-37.671944],[140.128296,-37.536118],[140.11441000000013,-37.525276],[140.080536,-37.504448],[140.058868,-37.493614],[140.040802,-37.487221],[140.033325,-37.485832],[140.026367,-37.486664],[140.02249100000017,-37.490555],[140.019714,-37.496391],[139.993835,-37.4925],[139.8858534311152,-37.37841890565636],[139.82250503013873,-37.246258176606275],[139.8609226087177,-36.80041129878758],[139.862732,-36.788055],[139.864685,-36.768333],[139.865509,-36.756111],[139.86496,-36.732216],[139.861633,-36.666389],[139.85995500000013,-36.655273],[139.854401,-36.635002],[139.826904,-36.577782],[139.826904,-36.566109],[139.82608,-36.560555],[139.820526,-36.545837],[139.77165526145293,-36.44901678398686],[139.74335769127154,-36.372330106537916],[139.71974791456088,-36.34618059431242],[139.67358400000012,-36.254723],[139.64804100000015,-36.209724],[139.508698,-36.05611],[139.494354,-36.035778],[139.42952000000014,-35.965942],[139.42216694228793,-35.95840635819858],[139.40277212596075,-35.88636114264477],[139.40387,-35.887222],[139.474396,-35.957779],[139.4780270000001,-35.96167],[139.580811,-36.084442],[139.587189,-36.092499],[139.612183,-36.125832],[139.64303600000017,-36.185272],[139.65332000000012,-36.209442],[139.664154,-36.226944],[139.667755,-36.230827],[139.6702580000001,-36.225555],[139.667755,-36.208893],[139.6633,-36.187218],[139.64971900000012,-36.14695],[139.60412600000018,-36.041389],[139.588562,-36.020836],[139.571899,-36.001396],[139.561096,-35.989441],[139.538879,-35.967499],[139.488556,-35.919449],[139.448029,-35.884171],[139.39093468310077,-35.842389026174786],[139.38100722740435,-35.80551186923323],[139.36791518638873,-35.614273465912916],[139.35889773764825,-35.61405272210966],[139.361359,-35.603889],[139.373291,-35.477776],[139.373566,-35.471664],[139.372742,-35.46611],[139.358002,-35.376389],[139.355225,-35.372498],[139.24633800000015,-35.325562],[139.228027,-35.318893],[139.212463,-35.316666],[139.184418,-35.318062],[139.179138,-35.32],[139.1774600000001,-35.326111],[139.19384800000012,-35.334724],[139.19470200000012,-35.340279],[139.139709,-35.376389],[139.129669,-35.381668],[139.08609000000013,-35.39167],[139.07302900000013,-35.39389],[139.066376,-35.39389],[139.050812,-35.39167],[139.027466,-35.389999],[139.013885,-35.391388],[138.995514,-35.395554],[138.984131,-35.399445],[138.973846,-35.404999],[138.966064,-35.411942],[138.956635,-35.425278],[138.954132,-35.430557],[138.95053100000018,-35.442497],[138.948578,-35.455276],[138.950256,-35.466393],[138.955811,-35.475273],[138.960236,-35.478333],[138.971619,-35.482376],[138.979401,-35.484444],[138.995239,-35.485558],[139.00997900000016,-35.488335],[139.023865,-35.492226],[139.0336,-35.498886],[139.0383,-35.507507],[139.037201,-35.514168],[139.034149,-35.51889],[138.996613,-35.554169],[138.99301100000014,-35.55722],[138.987457,-35.559166],[138.965515,-35.560555],[138.900543,-35.554718],[138.8355100000001,-35.54528],[138.8152470000001,-35.539726],[138.800537,-35.536949],[138.777191,-35.535835],[138.73080400000015,-35.535835],[138.712189,-35.541672],[138.655548,-35.560555],[138.645538,-35.565552],[138.632721,-35.575836],[138.621063,-35.586945],[138.615234,-35.596664],[138.60553,-35.610283],[138.597748,-35.618332],[138.584412,-35.62722],[138.55081200000018,-35.647781],[138.535522,-35.654442],[138.529419,-35.65583],[138.29978138811438,-35.666746979367154],[138.42983535240435,-35.55244866732893],[138.53460219810748,-35.29727212313948],[138.56762221763873,-34.92772332553206],[138.48544199869102,-34.82201414694744],[138.48996,-34.785278],[138.491638,-34.779167],[138.5002750000001,-34.772499],[138.505554,-34.770279],[138.5122070000001,-34.769722],[138.496063,-34.728882],[138.435242,-34.642227],[138.41998300000012,-34.627495],[138.40304600000013,-34.613892],[138.295532,-34.506393],[138.28469800000016,-34.495003],[138.278595,-34.486664],[138.27136200000018,-34.47361],[138.265533,-34.458611],[138.24246200000016,-34.383057],[138.2355040000001,-34.356949],[138.225525,-34.32695],[138.22106900000017,-34.317505],[138.216064,-34.307503],[138.151917,-34.206947],[138.101624,-34.141113],[138.098022,-34.137222],[138.08828700000015,-34.131386],[138.081085,-34.129997],[138.074982,-34.131386],[138.067749,-34.139442],[138.064697,-34.14389],[138.00692700000013,-34.240837],[138.0047,-34.253616],[138.005554,-34.259171],[138.010529,-34.275002],[138.013031,-34.279999],[138.015808,-34.28389],[138.021088,-34.286392],[138.028595,-34.287781],[138.033875,-34.290001],[138.035797,-34.294724],[138.0336,-34.308334],[138.03164700000013,-34.314445],[138.0205380000001,-34.341942],[138.017487,-34.34639],[137.9899600000001,-34.373055],[137.972748,-34.386391],[137.944977,-34.403885],[137.93637100000012,-34.410553],[137.928589,-34.41806],[137.920258,-34.432777],[137.89053300000012,-34.51889],[137.887756,-34.53167],[137.884155,-34.594719],[137.88610800000015,-34.599442],[137.889435,-34.603333],[137.88665800000012,-34.657501],[137.87557365758275,-34.71084993308854],[137.87521918850143,-34.711993174490104],[137.836914,-34.824448],[137.8274540000001,-34.837219],[137.821625,-34.847496],[137.809692,-34.873611],[137.749115,-35.049728],[137.75332600000013,-35.091385],[137.75415,-35.096947],[137.75362052556824,-35.10417583064499],[137.74247391788657,-35.14012611251704],[137.68496700000014,-35.179443],[137.680542,-35.181671],[137.674408,-35.18306],[137.657745,-35.182503],[137.64386000000013,-35.179726],[137.632721,-35.175003],[137.62384,-35.167778],[137.595795,-35.149727],[137.573303,-35.139725],[137.560516,-35.135277],[137.532196,-35.128883],[137.46801800000014,-35.114723],[137.45163000000014,-35.11306],[137.421082,-35.119995],[137.238556,-35.17556],[137.228577,-35.180832],[137.219971,-35.186661],[137.213287,-35.195549],[137.209137,-35.206665],[137.20135500000015,-35.222221],[137.19470200000012,-35.23111],[137.187469,-35.239166],[137.178864,-35.245834],[137.16748,-35.248611],[137.160522,-35.249168],[137.1372070000001,-35.248611],[137.114136,-35.24472],[137.084137,-35.233612],[137.069427,-35.230553],[137.053864,-35.22805],[137.04952301765138,-35.22816617388979],[137.0724745125606,-35.11543694857893],[137.1083631844356,-35.07076684359846],[137.39342788170123,-35.08929101352034],[137.5022840828731,-35.025345243256666],[137.55924514244342,-34.910705961030104],[137.51188186119342,-34.45911065463362],[137.71604445884967,-34.083347715180494],[137.8637342781856,-33.8794674051219],[137.90459731529498,-33.70126382235823],[137.909055043342,-33.597208573940165],[137.9133,-33.599442],[137.93219,-33.595276],[137.945251,-33.57],[137.950256,-33.559441],[137.949402,-33.553886],[137.94165,-33.510284],[137.93653944448423,-33.49651469700101],[137.98064711998248,-33.45936242465315],[138.09084609459185,-33.452774442475416],[138.18874648521685,-33.2935413492137],[138.16576674888873,-33.19179955844221],[138.0200300545528,-32.96945992831526],[137.8967948531965,-32.78895529231178],[137.89636200000018,-32.787224],[137.8438420000001,-32.688049],[137.82995600000015,-32.631386],[137.816071,-32.573891],[137.818024,-32.568062],[137.815521,-32.562775],[137.773315,-32.523613],[137.762756,-32.52861],[137.75970500000017,-32.532501],[137.756104,-32.54528],[137.755249,-32.551109],[137.754425,-32.576111],[137.751923,-32.684166],[137.75277700000015,-32.695831],[137.755249,-32.700279],[137.76052900000013,-32.702782],[137.775818,-32.705276],[137.781097,-32.708054],[137.788025,-32.715836],[137.795807,-32.728882],[137.798309,-32.73333],[137.804138,-32.748611],[137.808319,-32.841385],[137.80691500000012,-32.854446],[137.780823,-32.987221],[137.77832000000012,-32.9925],[137.773865,-32.995552],[137.76638800000012,-32.995834],[137.72274800000014,-32.995277],[137.59552,-33.029724],[137.488281,-33.127777],[137.44302400000015,-33.194443],[137.388885,-33.292503],[137.3816220000001,-33.308052],[137.378571,-33.320839],[137.375244,-33.34111],[137.374969,-33.347221],[137.374969,-33.353615],[137.37634300000013,-33.364723],[137.380249,-33.38028],[137.378571,-33.386391],[137.365509,-33.419998],[137.363007,-33.425835],[137.35800200000017,-33.435829],[137.283875,-33.554718],[137.274994,-33.568893],[137.226898,-33.643333],[137.209961,-33.666107],[137.169434,-33.699997],[137.161102,-33.706665],[137.151093,-33.71167],[137.133026,-33.715836],[137.03492700000015,-33.723999],[137.030914,-33.723999],[137.027252,-33.722664],[137.017578,-33.717831],[137.01492300000018,-33.715828],[137.012909,-33.713501],[137.01191700000015,-33.710167],[136.983307,-33.699165],[136.97995,-33.688889],[136.977448,-33.684723],[136.973022,-33.681389],[136.966919,-33.678612],[136.959686,-33.67778],[136.952759,-33.678337],[136.947479,-33.680283],[136.942749,-33.683327],[136.883331,-33.745834],[136.880249,-33.750282],[136.878296,-33.756393],[136.87966900000015,-33.762222],[136.881622,-33.766396],[136.88497900000016,-33.770836],[136.889435,-33.773613],[136.896637,-33.774445],[136.902771,-33.773056],[136.863861,-33.806946],[136.66110200000014,-33.890556],[136.579956,-33.931946],[136.41970800000013,-34.036118],[136.407196,-34.045837],[136.36468500000012,-34.07917],[136.356903,-34.086388],[136.353577,-34.090836],[136.35107400000015,-34.104446],[136.352753,-34.110283],[136.352173,-34.121666],[136.35025,-34.128334],[136.3199770000001,-34.186943],[136.316376,-34.193329],[136.306091,-34.198883],[136.26193200000012,-34.270836],[136.25192300000015,-34.28389],[136.24133300000017,-34.297226],[136.21637,-34.325279],[136.208313,-34.332504],[136.203857,-34.334724],[136.197754,-34.336113],[136.184967,-34.337776],[136.154419,-34.344444],[136.143036,-34.34861],[136.133606,-34.354446],[136.125519,-34.361671],[136.12219200000015,-34.366112],[136.04303,-34.482498],[136.037476,-34.484726],[135.972198,-34.513062],[135.962189,-34.518059],[135.94302400000015,-34.530281],[135.939148,-34.533333],[135.932739,-34.541946],[135.874969,-34.638336],[135.800537,-34.807503],[135.798584,-34.813614],[135.80218500000012,-34.817505],[135.813873,-34.822227],[135.829132,-34.824722],[135.86413600000014,-34.822227],[135.8816220000001,-34.817505],[135.89749100000017,-34.809723],[135.906921,-34.804169],[135.953857,-34.76722],[135.9902340000001,-34.737221],[135.99633800000015,-34.735275],[136.0000554399669,-34.73604406823262],[135.9439344734981,-34.84402505282698],[135.89064489419607,-34.927678136655175],[135.846619,-34.890282],[135.823578,-34.874443],[135.806641,-34.866112],[135.78665200000012,-34.860283],[135.761932,-34.85778],[135.7482910000001,-34.858337],[135.73608400000012,-34.860832],[135.72525,-34.865837],[135.721344,-34.868607],[135.713287,-34.875832],[135.70663500000012,-34.885559],[135.704681,-34.890839],[135.70108,-34.910278],[135.686371,-34.949165],[135.682465,-34.952782],[135.677765,-34.955559],[135.672211,-34.957779],[135.66525300000012,-34.958054],[135.64358500000014,-34.952782],[135.61941500000012,-34.920837],[135.606079,-34.893059],[135.582458,-34.865837],[135.47467,-34.751114],[135.43049253914387,-34.71332306103974],[135.41070050000826,-34.644043407653186],[135.49328600000013,-34.628052],[135.49939000000018,-34.626663],[135.504974,-34.623886],[135.506927,-34.618057],[135.504425,-34.613617],[135.490784,-34.609726],[135.483582,-34.608337],[135.44470200000012,-34.605278],[135.437469,-34.603889],[135.397766,-34.587776],[135.3924589177469,-34.58019094214262],[135.3763148877175,-34.52368070603024],[135.376343,-34.523056],[135.378296,-34.516945],[135.38970900000015,-34.50528],[135.392487,-34.5],[135.39444,-34.494164],[135.395813,-34.481941],[135.349121,-34.289169],[135.309967,-34.193886],[135.272491,-34.123329],[135.272766,-34.117218],[135.26525900000013,-34.01889],[135.26303100000018,-34.008339],[135.258026,-33.999443],[135.193848,-33.919449],[135.057465,-33.790558],[135.0336,-33.768608],[134.981628,-33.734444],[134.937744,-33.707222],[134.923859,-33.697777],[134.841919,-33.639999],[134.839417,-33.635559],[134.84579500000018,-33.601669],[134.850525,-33.589996],[134.860779,-33.570557],[134.86441,-33.565552],[134.86828600000013,-33.553612],[134.8688350000001,-33.541115],[134.86828600000013,-33.535561],[134.863281,-33.496109],[134.858002,-33.471939],[134.82803300000012,-33.394722],[134.808594,-33.352783],[134.709137,-33.179169],[134.705811,-33.175278],[134.695526,-33.168892],[134.6830440000001,-33.165276],[134.593567,-33.139999],[134.41748,-33.157776],[134.411926,-33.159996],[134.4086,-33.164444],[134.396637,-33.175835],[134.387756,-33.18222],[134.338287,-33.203888],[134.332184,-33.205002],[134.32608,-33.202782],[134.321625,-33.19944],[134.269135,-33.159721],[134.266937,-33.14917],[134.267487,-33.142227],[134.271362,-33.131111],[134.270813,-33.124718],[134.267761,-33.11528],[134.20303300000012,-32.964447],[134.19802900000013,-32.956108],[134.194702,-32.952225],[134.188395391062,-32.946369789311525],[134.25809768150592,-32.87542382602034],[134.24086664209707,-32.76639046837279],[134.272766,-32.733055],[134.280273,-32.724442],[134.296936,-32.680283],[134.297211,-32.674721],[134.2821960000001,-32.599998],[134.27832,-32.590279],[134.272491,-32.581947],[134.223022,-32.522499],[134.205536,-32.503616],[134.18414300000018,-32.486664],[134.14303600000017,-32.457504],[134.120789,-32.453056],[134.107452,-32.453888],[133.99439310655566,-32.48510504326352],[133.92780390264636,-32.42453715927658],[133.929413,-32.424171],[133.939972,-32.42028],[133.94384800000012,-32.416664],[133.949982,-32.406944],[133.951904,-32.401108],[133.952179,-32.394722],[133.949127,-32.390282],[133.90191700000014,-32.329445],[133.873566,-32.299171],[133.82635500000015,-32.250839],[133.75665300000014,-32.21389],[133.725525,-32.200554],[133.694977,-32.181114],[133.665802,-32.15889],[133.66165200000012,-32.155273],[133.66024800000014,-32.150276],[133.663605,-32.145279],[133.67776500000014,-32.128609],[133.679688,-32.122498],[133.6783140000001,-32.1175],[133.674988,-32.113617],[133.66970800000013,-32.110832],[133.622192,-32.098335],[133.606079,-32.096947],[133.60025,-32.097496],[133.5949710000001,-32.099442],[133.5902400000001,-32.102226],[133.580261,-32.11528],[133.577454,-32.121109],[133.57663,-32.150276],[133.574402,-32.156944],[133.57189900000014,-32.161385],[133.56857300000013,-32.165833],[133.56051600000012,-32.172775],[133.492188,-32.207504],[133.486633,-32.210281],[133.48080400000015,-32.210831],[133.417206,-32.213333],[133.22607400000015,-32.197495],[133.166656,-32.190834],[133.138031,-32.186111],[133.133881,-32.182777],[133.09024,-32.143616],[133.079407,-32.132217],[133.071899,-32.125],[133.059143,-32.114723],[133.043579,-32.10611],[133.025269,-32.099998],[133.018036,-32.099724],[132.973572,-32.091667],[132.85940600000015,-32.006111],[132.8355100000001,-31.979721],[132.830261,-31.976109],[132.791351,-31.958611],[132.779144,-31.953888],[132.764435,-31.950832],[132.588013,-31.935833],[132.58081100000015,-31.935833],[132.549133,-31.938889],[132.518311,-31.944721],[132.48886100000016,-31.952499],[132.468292,-31.960556],[132.454132,-31.968887],[132.450806,-31.972775],[132.44830300000012,-31.977776],[132.414154,-32.011673],[132.330811,-32.037224],[132.324677,-32.038338],[132.26498400000014,-32.041672],[132.203857,-32.03167],[132.188019,-32.022224],[132.176086,-32.012222],[132.16943400000014,-32.005562],[132.154694,-31.989998],[132.137482,-31.970833],[132.026917,-31.881943],[131.815796,-31.747776],[131.769135,-31.722221],[131.6666560000001,-31.670555],[131.492462,-31.595554],[131.469116,-31.585835],[131.3649600000001,-31.543335],[131.276917,-31.511669],[131.18109100000015,-31.480278],[131.167206,-31.476665],[131.15219100000013,-31.474167],[131.144989,-31.473888],[131.124969,-31.47472],[131.11911,-31.47583],[131.108307,-31.479721],[131.0902400000001,-31.491386],[131.069427,-31.508335],[131.045532,-31.530281],[131.0369260000001,-31.536388],[131.017487,-31.546669],[131.0074770000001,-31.551113],[130.849976,-31.603611],[130.838013,-31.605835],[130.79357900000014,-31.610279],[130.77359,-31.611946],[130.7538760000001,-31.612221],[130.732178,-31.610832],[130.70303300000012,-31.608891],[130.64444000000015,-31.603889],[130.263306,-31.576111],[130.236359,-31.576389],[130.14886500000011,-31.579166],[129.935791,-31.593334],[129.90387,-31.596947],[129.892487,-31.599167],[129.8872070000001,-31.601112],[129.88497900000016,-31.603611],[129.878021,-31.605835],[129.838287,-31.614445],[129.70108,-31.621666],[129.475525,-31.638611],[129.2319030000001,-31.658333],[129.060242,-31.682499],[129.029419,-31.6875],[129.000275,-31.692612],[128.98745700000018,-31.694164],[128.969971,-31.698055],[128.952454,-31.703331],[128.79303,-31.769447],[128.773315,-31.779167],[128.704132,-31.816391],[128.554413,-31.888332],[128.182739,-32.03167],[128.020813,-32.086945],[128.0038760000001,-32.092224],[127.949417,-32.101112],[127.828323,-32.119446],[127.737488,-32.134727],[127.62886,-32.170837],[127.538589,-32.202782],[127.334717,-32.266945],[127.267761,-32.278336],[127.164993,-32.293892],[127.124969,-32.298492],[127.02304100000015,-32.303612],[126.99054,-32.305],[126.687187,-32.315834],[126.6386030000001,-32.314163],[126.57360800000015,-32.309166],[126.45887800000014,-32.299728],[126.399429,-32.292229],[126.328598,-32.272224],[126.30304000000012,-32.262222],[126.283051,-32.256393],[126.261383,-32.251396],[126.239151,-32.246948],[126.208603,-32.240837],[126.18609600000013,-32.238052],[126.17330900000013,-32.238892],[126.16110200000014,-32.240837],[126.144707,-32.246109],[126.13498700000014,-32.251114],[126.126648,-32.258057],[126.099426,-32.275002],[126.084152,-32.281944],[126.078049,-32.283615],[126.060532,-32.286392],[126.045258,-32.284729],[126.012497,-32.27417],[125.984711,-32.266396],[125.976646,-32.265556],[125.968323,-32.266113],[125.959427,-32.26889],[125.808868,-32.342224],[125.804153,-32.345001],[125.61775200000011,-32.467773],[125.59082000000012,-32.486115],[125.582489,-32.493332],[125.579437,-32.496948],[125.578598,-32.501671],[125.566093,-32.511673],[125.553864,-32.521111],[125.540817,-32.530556],[125.52277400000014,-32.542778],[125.507217,-32.550835],[125.449997,-32.571388],[125.438583,-32.575279],[125.39888,-32.582504],[125.377762,-32.584167],[125.336929,-32.590553],[125.305252,-32.597778],[125.29942300000016,-32.599724],[125.246368,-32.624443],[124.998032,-32.740837],[124.993042,-32.743614],[124.937187,-32.778336],[124.932213,-32.78167],[124.923866,-32.787781],[124.915543,-32.794449],[124.899986,-32.809166],[124.893333,-32.817505],[124.885818,-32.824722],[124.873306,-32.834999],[124.752487,-32.895836],[124.740807,-32.899727],[124.704987,-32.910278],[124.66470300000015,-32.916389],[124.58055100000013,-32.928055],[124.4974820000001,-32.936943],[124.453323,-32.940834],[124.402771,-32.945549],[124.352768,-32.957504],[124.328873,-32.964722],[124.301651,-32.974998],[124.281937,-32.985558],[124.19637300000011,-33.044167],[124.183868,-33.054169],[124.15776100000016,-33.079727],[124.142761,-33.094444],[124.139427,-33.098335],[124.106369,-33.139442],[124.09359700000016,-33.156944],[124.088318,-33.167221],[124.002487,-33.393616],[123.99199585411223,-33.43343239789841],[123.97165969322468,-33.45637933139143],[123.83143712272056,-33.64087350764373],[123.789978,-33.677223],[123.769707,-33.695274],[123.752487,-33.714165],[123.738922,-33.737404],[123.736061,-33.75],[123.73499300000015,-33.754723],[123.73359700000015,-33.767502],[123.73380573224246,-33.76932945377185],[123.7044542204508,-33.80794793701811],[123.690811,-33.820557],[123.64888,-33.846947],[123.540817,-33.90583],[123.47248800000011,-33.910278],[123.46775800000012,-33.906662],[123.458038,-33.901939],[123.444977,-33.898613],[123.42942800000014,-33.89695],[123.405548,-33.895836],[123.372757,-33.895004],[123.36525700000016,-33.895279],[123.35192900000015,-33.897781],[123.34192700000017,-33.90361],[123.33859300000017,-33.906944],[123.305252,-33.941666],[123.290268,-33.96389],[123.286926,-33.967773],[123.282761,-33.971939],[123.27082800000017,-33.98111],[123.236366,-34],[123.168053,-34.018608],[123.139427,-33.949165],[123.10471300000017,-33.889999],[123.096649,-33.883888],[123.08638,-33.878052],[123.07415800000012,-33.873611],[123.027206,-33.858055],[123.019707,-33.857224],[123.0122070000001,-33.857506],[122.914993,-33.885559],[122.851646,-33.90583],[122.838318,-33.908051],[122.822769,-33.90889],[122.812187,-33.904716],[122.73027,-33.893333],[122.606087,-33.894447],[122.597763,-33.895554],[122.587769,-33.899445],[122.58360300000015,-33.902779],[122.57666,-33.910553],[122.574707,-33.916107],[122.439423,-33.92778],[122.4272,-33.923889],[122.380814,-33.912773],[122.373306,-33.911942],[122.357758,-33.911942],[122.35108900000012,-33.913887],[122.30525200000011,-33.928886],[122.299423,-33.930832],[122.294144,-33.933327],[122.267761,-33.953613],[122.262497,-33.962219],[122.25943,-33.973885],[122.263046,-34.003891],[122.26110800000015,-34.009445],[122.258331,-34.014168],[122.254173,-34.017502],[122.249153,-34.019997],[122.238037,-34.024445],[122.118317,-34.02861],[122.09166000000016,-34.023056],[122.07776600000011,-34.019722],[122.07388300000014,-34.016945],[122.075546,-34.011391],[122.08638,-33.992775],[122.09082000000012,-33.989441],[122.10386700000015,-33.987221],[122.107483,-33.98333],[122.10471300000017,-33.972221],[122.08638,-33.927223],[122.07388300000014,-33.898056],[122.06915300000014,-33.888336],[122.0522,-33.868607],[122.037201,-33.853058],[122.017761,-33.834724],[122.00972,-33.827499],[121.997482,-33.824448],[121.99025700000016,-33.825005],[121.925537,-33.833611],[121.90804300000013,-33.839165],[121.892761,-33.847496],[121.885818,-33.854721],[121.882751,-33.866394],[121.86164900000017,-33.880554],[121.84055300000011,-33.889999],[121.828873,-33.89389],[121.789703,-33.901939],[121.782494,-33.901108],[121.775818,-33.897499],[121.672493,-33.860283],[121.52998400000013,-33.822227],[121.515266,-33.820839],[121.461113,-33.817505],[121.370819,-33.815277],[121.339432,-33.815002],[121.332764,-33.816109],[121.219711,-33.83889],[121.0516510000001,-33.856949],[120.92970300000013,-33.862778],[120.892212,-33.85778],[120.877472,-33.855835],[120.86914100000013,-33.85556],[120.85582,-33.85778],[120.834717,-33.866943],[120.81442300000015,-33.876389],[120.804977,-33.882774],[120.79470800000013,-33.887222],[120.78804000000014,-33.888893],[120.722763,-33.894447],[120.693863,-33.895836],[120.540268,-33.917221],[120.485527,-33.948883],[120.44470200000012,-33.968887],[120.42775700000016,-33.974442],[120.42109700000015,-33.975555],[120.413597,-33.97583],[120.407211,-33.974167],[120.369141,-33.963615],[120.28804,-33.945549],[120.25305200000014,-33.93972],[120.22998,-33.9375],[120.032494,-33.925278],[120.024147,-33.925835],[120.00499000000013,-33.928886],[119.97998,-33.934441],[119.81887800000015,-33.97583],[119.806931,-33.980278],[119.79332000000011,-33.988335],[119.784416,-33.99472],[119.770264,-34.010559],[119.75804100000016,-34.028336],[119.751099,-34.036118],[119.738876,-34.045837],[119.71555300000011,-34.06028],[119.69999700000017,-34.06778],[119.67276,-34.078888],[119.64415,-34.089722],[119.6160890000001,-34.099998],[119.567207,-34.145836],[119.5599820000001,-34.15361],[119.486366,-34.257225],[119.481369,-34.26722],[119.478043,-34.27861],[119.468048,-34.325279],[119.46692700000017,-34.338333],[119.325546,-34.446945],[119.20860300000015,-34.504448],[119.185257,-34.495003],[119.111366,-34.474716],[119.078873,-34.46611],[118.939423,-34.449722],[118.931091,-34.449165],[118.911652,-34.453056],[118.89026600000011,-34.462219],[118.772217,-34.52861],[118.757492,-34.537506],[118.7397,-34.549995],[118.721649,-34.56945],[118.719437,-34.575005],[118.73048195384422,-34.58516218578995],[118.67277053306843,-34.605842984955885],[118.60801126266072,-34.686168296313724],[118.59137,-34.688606],[118.57276900000011,-34.692772],[118.518333,-34.707504],[118.479713,-34.722496],[118.474426,-34.724998],[118.455261,-34.735275],[118.446373,-34.741669],[118.438309,-34.748611],[118.418053,-34.77417],[118.399719,-34.801109],[118.38997700000016,-34.827782],[118.3872070000001,-34.839996],[118.38665800000012,-34.846664],[118.281662,-34.905556],[118.08167300000014,-34.993889],[117.8461,-35.026665],[117.839981,-35.028336],[117.834717,-35.03083],[117.8311,-35.034729],[117.829712,-35.04084],[117.829987,-35.046951],[117.83194,-35.051941],[117.84359700000016,-35.062775],[117.857758,-35.071945],[117.879433,-35.081947],[117.886658,-35.083328],[117.940262,-35.091942],[117.94747900000016,-35.093056],[117.954437,-35.092224],[117.9827580000001,-35.082222],[117.99498,-35.086388],[118.0008160000001,-35.095001],[118.001938,-35.100555],[117.99664300000018,-35.102783],[117.94664,-35.122223],[117.934418,-35.125832],[117.92775700000016,-35.126663],[117.869141,-35.118889],[117.862762,-35.117218],[117.85720800000013,-35.114723],[117.844673,-35.105438],[117.809418,-35.07917],[117.784149,-35.065277],[117.755257,-35.053329],[117.742203,-35.050278],[117.726646,-35.048058],[117.679703,-35.047783],[117.66638200000011,-35.049728],[117.6602630000001,-35.051392],[117.64998600000013,-35.056107],[117.636383,-35.065552],[117.62915,-35.073334],[117.6224820000001,-35.082504],[117.616653,-35.099167],[117.609711,-35.138336],[117.55415300000016,-35.09861],[117.533333,-35.088333],[117.3641510000001,-35.027779],[117.3461,-35.021667],[117.33248900000012,-35.01889],[117.183868,-35.011948],[116.95999100000017,-35.013893],[116.95247700000016,-35.014168],[116.940536,-35.017502],[116.92249300000015,-35.030556],[116.916656,-35.039169],[116.91442900000015,-35.044449],[116.90776100000016,-35.05278],[116.902481,-35.055275],[116.888893,-35.056946],[116.873032,-35.056664],[116.844437,-35.051109],[116.831673,-35.046951],[116.81469700000014,-35.039726],[116.724426,-35.016945],[116.65804300000013,-35.032219],[116.601929,-35.033058],[116.463318,-35.000839],[116.457764,-34.998337],[116.37552600000015,-34.948051],[116.324707,-34.918335],[116.2686,-34.887779],[116.246368,-34.877777],[116.216927,-34.866112],[116.178864,-34.854446],[116.09248400000013,-34.838051],[115.97360200000014,-34.81945],[115.952477,-34.769447],[115.943863,-34.751114],[115.916092,-34.707222],[115.910538,-34.699165],[115.814148,-34.60778],[115.79443400000014,-34.589996],[115.782494,-34.579445],[115.64804100000015,-34.467773],[115.501099,-34.386116],[115.490257,-34.381111],[115.391663,-34.336388],[115.380539,-34.33139],[115.317207,-34.305832],[115.310806,-34.303886],[115.2508160000001,-34.29834],[115.24275200000011,-34.297783],[115.23526000000015,-34.297783],[115.214157,-34.299728],[115.19470200000012,-34.30278],[115.181931,-34.305832],[115.171654,-34.309998],[115.161652,-34.316109],[115.158043,-34.319168],[115.151932,-34.328888],[115.147491,-34.34639],[115.1436,-34.350281],[115.126373,-34.36306],[115.118042,-34.362503],[115.07388300000014,-34.323891],[115.02472239059618,-34.2789415807287],[115.01046556251829,-34.18678250547681],[115.010818,-34.183884],[115.010818,-34.176949],[115.00972,-34.171387],[115.0039874140942,-34.144906418815296],[114.96134475181843,-33.86925546054182],[114.98578933189656,-33.754715360444166],[115.20575240562702,-33.80515328769026],[115.40850356529499,-33.7665638101512],[115.5580168099239,-33.575447477143385],[115.64668563316609,-33.36537591342268],[115.65627499923406,-33.31663275962295],[115.660812,-33.310829],[115.674698,-33.309723],[115.685806,-33.305832],[115.694702,-33.299728],[115.702209,-33.291389],[115.70665,-33.281387],[115.711113,-33.269997],[115.71415700000011,-33.258057],[115.714706,-33.245003],[115.71388200000013,-33.239441],[115.69405664651597,-33.124587046567775],[115.7668562264278,-32.75454369906721],[115.76046823941897,-32.576218613905425],[115.76193200000012,-32.572502],[115.75981626941623,-32.5580184193682],[115.74783631451103,-32.223589674326746],[115.75525700000014,-32.195],[115.75525700000014,-32.188606],[115.737762,-32.095276],[115.74387400000012,-31.94389],[115.744141,-31.924721],[115.74387400000012,-31.899166],[115.742752,-31.887501],[115.74054000000012,-31.870834],[115.739433,-31.865276],[115.707764,-31.724442],[115.70387300000016,-31.708332],[115.693588,-31.683609],[115.681664,-31.660557],[115.639427,-31.59528],[115.567207,-31.483608],[115.4511030000001,-31.301666],[115.439972,-31.284168],[115.435532,-31.275002],[115.39498900000012,-31.184166],[115.37525900000014,-31.122223],[115.36859100000015,-31.102222],[115.313026,-30.991108],[115.30748000000017,-30.98222],[115.246933,-30.891945],[115.218323,-30.855278],[115.214706,-30.851391],[115.202209,-30.841389],[115.16748,-30.771946],[115.0811,-30.58889],[115.049423,-30.516113],[115.045532,-30.506947],[115.045532,-30.500557],[115.048599,-30.495277],[115.05304,-30.484722],[115.05442800000014,-30.479164],[115.05525200000011,-30.4725],[115.023613,-30.27417],[114.986099,-30.148335],[114.984421,-30.142776],[114.96692700000017,-30.086113],[114.962196,-30.076668],[114.957764,-30.073612],[114.941933,-30.066113],[114.93858300000011,-30.0625],[114.935806,-30.058056],[114.938873,-29.746109],[114.93942300000015,-29.727497],[114.941933,-29.670555],[114.945824,-29.636387],[114.948318,-29.622223],[114.95942700000012,-29.572777],[114.963043,-29.56139],[114.971916,-29.540279],[114.97499100000016,-29.535],[114.979156,-29.517502],[114.979713,-29.498886],[114.978043,-29.487778],[114.933594,-29.3475],[114.929977,-29.337502],[114.924698,-29.328613],[114.90277100000014,-29.299168],[114.90470900000014,-29.268333],[114.90387,-29.262779],[114.901932,-29.251667],[114.88916000000017,-29.210556],[114.885536,-29.201111],[114.839157,-29.102779],[114.83055100000013,-29.090279],[114.71999400000016,-28.968056],[114.691093,-28.944164],[114.665543,-28.926109],[114.660538,-28.923611],[114.652481,-28.916664],[114.645538,-28.909164],[114.624687,-28.879166],[114.613876,-28.863056],[114.598038,-28.836666],[114.59526100000016,-28.82],[114.59166,-28.797501],[114.58859300000017,-28.777225],[114.59137,-28.772778],[114.594437,-28.760559],[114.596649,-28.728333],[114.596367,-28.722221],[114.59192700000017,-28.68111],[114.58719600000018,-28.640556],[114.5811000000001,-28.625557],[114.52998400000013,-28.531944],[114.51416000000017,-28.505836],[114.50277700000015,-28.488052],[114.369713,-28.320835],[114.313873,-28.235832],[114.311096,-28.23222],[114.307747,-28.228333],[114.297211,-28.223331],[114.274147,-28.215],[114.263611,-28.209721],[114.254173,-28.204166],[114.23165900000015,-28.188889],[114.21360800000014,-28.169998],[114.20665,-28.162498],[114.197197,-28.150555],[114.157494,-28.097778],[114.15109300000017,-28.084167],[114.14582800000017,-28.069168],[114.116653,-27.947777],[114.09554300000013,-27.857502],[114.093872,-27.845554],[114.095261,-27.826389],[114.0977630000001,-27.813614],[114.107483,-27.777225],[114.122757,-27.740555],[114.127762,-27.730831],[114.137207,-27.718609],[114.14166300000011,-27.708054],[114.142487,-27.701111],[114.13526900000011,-27.662498],[114.121368,-27.603333],[114.093323,-27.505558],[114.072769,-27.451111],[114.027206,-27.363888],[113.93692,-27.198887],[113.799149,-26.967499],[113.787201,-26.950554],[113.687759,-26.815834],[113.58582300000012,-26.690834],[113.535538,-26.633331],[113.53063178434378,-26.62784699566614],[113.57982924888874,-26.655979551117994],[113.73937514732624,-26.66653481845198],[113.72129363553289,-26.606970567305016],[113.741928,-26.594166],[113.769707,-26.599167],[113.774147,-26.602222],[113.77916,-26.604721],[113.785812,-26.60611],[113.790817,-26.603889],[113.815262,-26.573891],[113.85582,-26.507504],[113.863876,-26.484722],[113.86414477090564,-26.476385535429493],[113.88065627525593,-26.50903169040022],[114.09509566734577,-26.53862038974104],[114.08031370834233,-26.45587588699179],[114.190811,-26.378056],[114.19442700000013,-26.374168],[114.197197,-26.36972],[114.220833,-26.306389],[114.222763,-26.295555],[114.222763,-26.289444],[114.219437,-26.278614],[114.21360800000014,-26.270557],[114.20665,-26.263615],[114.193039,-26.255558],[114.18942300000015,-26.251667],[114.182747,-26.230278],[114.18115455630056,-26.22409129379871],[114.18188440282984,-26.11349300473944],[114.195534,-26.031113],[114.206383,-25.989166],[114.2397,-26.001392],[114.256943,-25.970554],[114.259987,-25.858612],[114.259163,-25.846668],[114.25665300000014,-25.843056],[114.139427,-25.731941],[114.05304,-25.652222],[114.037201,-25.637501],[114.03137200000015,-25.630001],[113.95166000000017,-25.495552],[113.918869,-25.43861],[113.91137700000013,-25.424721],[113.868874,-25.325558],[113.836929,-25.248608],[113.811653,-25.186943],[113.8016510000001,-25.175556],[113.79749300000015,-25.172222],[113.784149,-25.162777],[113.74552900000015,-25.141109],[113.711929,-25.130001],[113.701927,-25.125],[113.697746,-25.121666],[113.692749,-25.113056],[113.65416,-25.022503],[113.649147,-25.008057],[113.611099,-24.889168],[113.600273,-24.853054],[113.60526300000015,-24.836113],[113.612488,-24.821945],[113.61747700000012,-24.804447],[113.61580700000013,-24.761391],[113.612488,-24.746109],[113.604156,-24.73333],[113.574997,-24.691944],[113.551651,-24.66],[113.50444,-24.606388],[113.484421,-24.584167],[113.4644320000001,-24.567223],[113.454437,-24.557224],[113.426933,-24.5275],[113.42442300000016,-24.523056],[113.400269,-24.4725],[113.39444,-24.451942],[113.389709,-24.429443],[113.38240060801391,-24.24879808637166],[113.52196029136921,-24.015673078339674],[113.66741469810749,-23.780147947114088],[113.76201919029499,-23.481134809296705],[113.76167364891427,-23.476842272796958],[113.76304600000014,-23.472775],[113.768333,-23.441666],[113.78137200000015,-23.343334],[113.78276100000016,-23.325001],[113.781937,-23.319168],[113.76026900000011,-23.19389],[113.782494,-23.105556],[113.799149,-23.084999],[113.811096,-23.060833],[113.815262,-23.050278],[113.81832900000018,-23.030556],[113.80748,-22.933331],[113.800812,-22.913334],[113.76944,-22.825001],[113.762772,-22.81139],[113.755547,-22.798336],[113.750549,-22.789444],[113.74552900000015,-22.780834],[113.737488,-22.768333],[113.731659,-22.760002],[113.714432,-22.741108],[113.706383,-22.735554],[113.671097,-22.686111],[113.656372,-22.604721],[113.683319,-22.546391],[113.691208,-22.541],[113.697746,-22.531944],[113.73332200000016,-22.475277],[113.799713,-22.334167],[113.820267,-22.280556],[113.837769,-22.231667],[113.863037,-22.153889],[113.892487,-22.060558],[113.897491,-22.049999],[113.90190919150295,-22.040887127437944],[114.02252486656452,-22.329861081879713],[114.02734664390827,-22.5205806863719],[114.07483199547077,-22.60312692050276],[114.23199752281452,-22.61550370578108],[114.30904677818562,-22.56448403720198],[114.34602092603723,-22.452551499391987],[114.372482,-22.442497],[114.38610800000015,-22.38139],[114.39026600000011,-22.363335],[114.392487,-22.356667],[114.399986,-22.335556],[114.408333,-22.314167],[114.460823,-22.190277],[114.518051,-22.087223],[114.55227632259785,-22.034984400651172],[114.8002043099239,-21.883192457001783],[115.34923842857624,-21.60229340915022],[115.56738570640827,-21.455606855195143],[115.87116530845906,-21.194311536591627],[116.1345548958614,-20.983953870576002],[116.41879561851765,-20.83712235812483],[116.77440932701374,-20.785517133515455],[117.08811477134968,-20.778484739106275],[117.40317824791218,-20.77781525973616],[117.59692672203327,-20.75833360080061],[117.75520614097859,-20.675350583832838],[117.80258100257765,-20.63005778918452],[117.82666000000017,-20.620277],[117.83638,-20.616112],[117.85027300000013,-20.608334],[117.919144,-20.558613],[117.92469800000015,-20.550556],[117.93248,-20.535557],[117.934982,-20.52417],[118.000549,-20.468056],[118.00894448889812,-20.460951334040736],[118.19072249840046,-20.413759626191236],[118.6086759896114,-20.381090558808424],[118.73431685875202,-20.31724587802229],[118.73992213463757,-20.306606482280046],[118.80108600000017,-20.285835],[118.818604,-20.27528],[118.822487,-20.271389],[118.947197,-20.121113],[118.95276600000011,-20.112778],[118.96219600000018,-20.093613],[118.973602,-20.054722],[118.974701,-20.048611],[118.976646,-20.043335],[118.97971300000017,-20.039444],[118.983597,-20.036114],[118.99519739428472,-20.027993650309973],[119.13646224449421,-20.03666726474104],[119.53112319420124,-20.137548841279127],[119.81251815269734,-20.117874540131666],[120.22289565513874,-19.983488477509596],[120.71038344810749,-19.7726558816844],[120.87214950035359,-19.676941312592604],[120.8904930163778,-19.659887334058357],[120.91110200000014,-19.650555],[120.986649,-19.614723],[121.000549,-19.607777],[121.027481,-19.592224],[121.076103,-19.557777],[121.12468700000011,-19.522503],[121.13665800000012,-19.513615],[121.2080380000001,-19.459164],[121.228317,-19.443054],[121.23887600000012,-19.433887],[121.276657,-19.395],[121.320267,-19.347221],[121.333878,-19.332222],[121.48858600000017,-19.123055],[121.503601,-19.095833],[121.557213,-18.99361],[121.639427,-18.813889],[121.77192700000012,-18.657223],[121.77665700000011,-18.647499],[121.77832,-18.642776],[121.77916,-18.635834],[121.77887,-18.630554],[121.777481,-18.625],[121.77110300000015,-18.611111],[121.765823,-18.602779],[121.762207,-18.599445],[121.757492,-18.59639],[121.7649990000001,-18.55611],[121.7799959055933,-18.524109174265686],[121.85736035790401,-18.47201558335619],[121.88443,-18.474998],[121.895264,-18.4725],[121.93969700000014,-18.448055],[121.992752,-18.41],[122.00833100000011,-18.397221],[122.018883,-18.387222],[122.028587,-18.37611],[122.0430530000001,-18.355],[122.05182652408809,-18.341071194759664],[122.19645217369343,-18.243687070649244],[122.19870446498895,-18.238835823253137],[122.310532,-18.159443],[122.318047,-18.15361],[122.33748600000013,-18.13139],[122.353317,-18.105556],[122.35720800000013,-18.095554],[122.3660890000001,-18.07],[122.369141,-18.051113],[122.369713,-18.038334],[122.363602,-18.010281],[122.359711,-18.000835],[122.354431,-17.992496],[122.347488,-17.984722],[122.33220700000015,-17.979443],[122.252777,-17.958332],[122.21082300000012,-17.900833],[122.21138,-17.886387],[122.20054600000014,-17.707775],[122.19914200000017,-17.701389],[122.195251,-17.692497],[122.187477,-17.679443],[122.1785890000001,-17.6675],[122.174149,-17.658611],[122.149429,-17.590279],[122.14415,-17.575001],[122.140823,-17.558056],[122.1386030000001,-17.528336],[122.1386030000001,-17.508614],[122.143883,-17.363056],[122.15320320454487,-17.3271822765173],[122.50668046312053,-16.95550429189031],[122.524429,-16.956665],[122.578598,-16.959164],[122.569992,-16.947498],[122.5500716159002,-16.909878906311697],[122.56406691978718,-16.895162977021315],[122.61646003681174,-16.801399207023557],[122.62886000000015,-16.802502],[122.639709,-16.799725],[122.676651,-16.788055],[122.752213,-16.762222],[122.762207,-16.733608],[122.738037,-16.703888],[122.73552700000016,-16.699722],[122.736366,-16.693054],[122.758614,-16.605556],[122.76193180313135,-16.597009858635523],[122.86900618980671,-16.659296430390455],[123.02266982506062,-16.856033719819166],[123.30124953697468,-17.46574441317854],[123.41870406578327,-17.579918302338697],[123.47309230907301,-17.401579795117794],[123.478043,-17.409164],[123.535812,-17.494164],[123.552467,-17.512779],[123.554428,-17.517223],[123.57527200000015,-17.5975],[123.579437,-17.59528],[123.58276400000011,-17.591667],[123.58638,-17.579723],[123.594711,-17.512222],[123.593323,-17.507225],[123.57248700000014,-17.478886],[123.563873,-17.461109],[123.559982,-17.445831],[123.563599,-17.367222],[123.616379,-17.210831],[123.62164300000018,-17.201389],[123.60718371059376,-17.163661600127256],[123.70408919761921,-17.21694413546858],[123.82684615562702,-17.248470701020338],[123.8432079511558,-17.195935886913283],[123.849716,-17.201664],[123.861923,-17.211109],[123.876373,-17.219719],[123.888893,-17.222775],[123.894989,-17.2225],[123.905548,-17.219997],[123.91442900000015,-17.215],[123.91776300000015,-17.211388],[123.91832,-17.204445],[123.913597,-17.202221],[123.887833,-17.195251],[123.876923,-17.191387],[123.872757,-17.18861],[123.85298809195228,-17.164533595045008],[123.91204360435749,-16.974916852753736],[123.88523391197468,-16.911405957978346],[123.87623015772114,-16.90758809202858],[123.891663,-16.893333],[123.85832200000016,-16.876389],[123.8255201162445,-16.88608549042342],[123.74653638911319,-16.85259398522363],[123.717758,-16.788055],[123.6077580000001,-16.673332],[123.61360200000013,-16.564167],[123.5545965417757,-16.566614543727802],[123.55527519946628,-16.51351714663258],[123.56302600000015,-16.515556],[123.610527,-16.530281],[123.624153,-16.532501],[123.641098,-16.529446],[123.70887800000014,-16.430279],[123.71444437366186,-16.397038577594238],[123.97947219322468,-16.408991254609205],[124.27727034996296,-16.5227836740428],[124.56586745689656,-16.50945130709944],[124.71627334068562,-16.496412671845533],[124.8463468880489,-16.53004113559065],[124.64221617150565,-16.397247871121667],[124.66470300000015,-16.39389],[124.719994,-16.385277],[124.738312,-16.384445],[124.745529,-16.384998],[124.76416,-16.389721],[124.769707,-16.391945],[124.835823,-16.43],[124.84748800000011,-16.428886],[124.890266,-16.419167],[124.899429,-16.415001],[124.90165700000011,-16.409721],[124.899719,-16.405277],[124.894989,-16.4025],[124.881653,-16.399723],[124.85247800000013,-16.4025],[124.847214,-16.403889],[124.835274,-16.404999],[124.828323,-16.403889],[124.815262,-16.399998],[124.749153,-16.375832],[124.709152,-16.354721],[124.701393,-16.34861],[124.6922,-16.343056],[124.686653,-16.34111],[124.618874,-16.328335],[124.61164900000017,-16.327225],[124.56887800000015,-16.324444],[124.55581700000016,-16.323891],[124.53594664956276,-16.32811630204023],[124.53141311119343,-16.32516709689436],[124.3815752261616,-16.27629799785706],[124.376083,-16.221943],[124.390823,-16.174999],[124.39305100000013,-16.16972],[124.430542,-16.102501],[124.470833,-16.093334],[124.49971,-16.14389],[124.51304600000014,-16.163887],[124.524429,-16.163334],[124.593048,-16.114166],[124.58527400000014,-16.022778],[124.601646,-15.95611],[124.6147,-15.918612],[124.665268,-15.863054],[124.724701,-15.814167],[124.728317,-15.810556],[124.72692900000015,-15.805555],[124.697746,-15.793612],[124.67302700000016,-15.786667],[124.66721300000017,-15.787222],[124.625526,-15.794724],[124.61775200000011,-15.799999],[124.61080900000013,-15.807222],[124.577209,-15.854721],[124.560806,-15.880833],[124.550812,-15.899445],[124.53471400000012,-15.936388],[124.487762,-15.937222],[124.404984,-15.874443],[124.401382,-15.871111],[124.397217,-15.855833],[124.38774954616073,-15.796429462084266],[124.42450240562702,-15.657898343842604],[124.60115000609778,-15.509630900999426],[124.606644,-15.507502],[124.65035423456509,-15.48308287945519],[124.68864730308796,-15.466621793549635],[125.01804641197468,-15.643917478364088],[125.10913375328327,-15.624654210846998],[125.07114508463299,-15.472005005776339],[125.181808,-15.520685],[125.183594,-15.512779],[125.17997700000012,-15.509445],[125.172211,-15.502779],[125.119713,-15.462778],[125.101379,-15.450556],[125.08442700000012,-15.439722],[125.076927,-15.433056],[125.073883,-15.429167],[125.070267,-15.419722],[125.069717,-15.414167],[125.072487,-15.40139],[125.086647,-15.356943],[125.092209,-15.3475],[125.099152,-15.340834],[125.10720800000013,-15.334999],[125.116379,-15.330833],[125.120819,-15.315556],[125.103317,-15.304722],[125.09137,-15.298889],[125.08649708188058,-15.298990555934154],[125.10795882652546,-15.205084241669752],[125.13770156587941,-15.130442067492076],[125.147217,-15.15139],[125.16304000000014,-15.164167],[125.166382,-15.160557],[125.174423,-15.122221],[125.17469800000015,-15.116665],[125.16192600000011,-15.079721],[125.161866672387,-15.069797482354945],[125.1738378913852,-15.039754593468752],[125.2211,-15.0625],[125.249153,-15.079721],[125.275269,-15.095833],[125.279709,-15.099998],[125.28109700000016,-15.104445],[125.275818,-15.129166],[125.27638200000013,-15.134724],[125.280273,-15.138056],[125.29470800000013,-15.146389],[125.309418,-15.152779],[125.321114,-15.156389],[125.328049,-15.157501],[125.407761,-15.155001],[125.421921,-15.148056],[125.429977,-15.142223],[125.433319,-15.138613],[125.437759,-15.128887],[125.438026,-15.122776],[125.433319,-15.119165],[125.420258,-15.116665],[125.409714,-15.119444],[125.40525800000012,-15.121387],[125.39415,-15.123333],[125.38777200000015,-15.123055],[125.383041,-15.120554],[125.361923,-15.105555],[125.358871,-15.10111],[125.35999300000015,-15.094166],[125.38997700000016,-15.070833],[125.36499,-15.052778],[125.286926,-14.997499],[125.275269,-14.99361],[125.181931,-14.954721],[125.181374,-14.949167],[125.18414300000018,-14.944723],[125.214157,-14.911667],[125.218048,-14.909445],[125.243042,-14.901945],[125.204163,-14.856943],[125.198029,-14.849998],[125.16442899863152,-14.800339807665067],[125.31700423668171,-14.727873243134596],[125.49717238853718,-14.676636136811354],[125.86320022056843,-14.694914258759596],[125.89151279523153,-14.636691144274375],[125.902771,-14.643612],[125.908867,-14.645279],[125.923866,-14.617498],[125.987762,-14.547222],[125.99414100000013,-14.547222],[126.033333,-14.519722],[126.037201,-14.516666],[126.03997800000013,-14.512222],[126.066383,-14.344166],[126.142487,-14.195555],[126.14415,-14.189444],[126.1449665209785,-14.170044283946027],[126.17945458169584,-14.142382494355134],[126.185257,-14.16139],[126.186653,-14.165834],[126.18969700000014,-14.169722],[126.204987,-14.176666],[126.23108700000012,-14.178888],[126.237198,-14.180555],[126.273613,-14.2075],[126.280548,-14.214722],[126.283333,-14.219166],[126.287773,-14.233055],[126.31330900000012,-14.193611],[126.294434,-14.143612],[126.29470800000013,-14.137501],[126.307747,-14.091667],[126.3085094675182,-14.090449789735757],[126.42573836754109,-14.147019780915358],[126.54604628990437,-14.350181974213697],[126.60698198224821,-14.223120802074687],[126.702209,-14.125555],[126.705551,-14.121944],[126.789146,-13.971388],[126.78489457433406,-13.950775287444129],[126.8534269661739,-13.783772863190748],[127.16648391197468,-14.06279603366194],[127.39746383140827,-14.100444234650709],[127.52909377525593,-14.195505536835768],[127.67795852134968,-14.436746038239576],[127.96256545494343,-14.703128255646803],[128.01755813072467,-15.020859159272291],[127.9848738045528,-15.287912763398268],[128.06614211509967,-15.376742757599928],[128.07474376478226,-15.367234805740992],[128.073853,-15.389723],[128.072205,-15.403334],[128.0652470000001,-15.42639],[128.061096,-15.436945],[128.053314,-15.451944],[128.035797,-15.469721],[128.02777100000014,-15.475555],[128.017761,-15.486111],[128.012207,-15.494999],[128.013611,-15.5],[128.019989,-15.50139],[128.025818,-15.500834],[128.04357900000014,-15.491388],[128.063293,-15.476665],[128.074677,-15.466944],[128.08163500000012,-15.459444],[128.090515,-15.446945],[128.0938420000001,-15.441944],[128.10025,-15.426666],[128.105804,-15.402779],[128.113861,-15.343056],[128.11587802999273,-15.321766479570263],[128.18139174888873,-15.249349988740065],[128.1880286843646,-15.239580066260304],[128.217697,-15.268578],[128.226379,-15.277244],[128.255249,-15.301666],[128.259979,-15.310278],[128.26110800000015,-15.333889],[128.263885,-15.350277],[128.2666630000001,-15.360277],[128.2824710000001,-15.403612],[128.285248,-15.407223],[128.289978,-15.405279],[128.291077,-15.386667],[128.29275500000017,-15.342222],[128.293304,-15.311945],[128.290527,-15.295555],[128.287476,-15.285557],[128.2824710000001,-15.276667],[128.254593,-15.22939],[128.24943500000018,-15.225889],[128.244934,-15.222056],[128.236572,-15.213055],[128.22874500000012,-15.201388],[128.224747,-15.193055],[128.22321219796734,-15.187788060489977],[128.33968119224366,-15.016339498196453],[128.33969100000013,-15.01639],[128.341064,-15.021946],[128.34552,-15.036388],[128.3508,-15.044724],[128.354675,-15.047779],[128.36108400000012,-15.048056],[128.43692,-15.050556],[128.448578,-15.049444],[128.4524540000001,-15.046389],[128.45523100000014,-15.041945],[128.46109,-15.010279],[128.460236,-15.004723],[128.455811,-14.995832],[128.437469,-14.972221],[128.42996200000016,-14.959444],[128.426086,-14.950832],[128.41857900000014,-14.931944],[128.41524814578455,-14.922209274407566],[128.45885756920123,-14.886408246796705],[128.98087600181842,-14.923437513154127],[129.18856870432515,-14.990364964790167],[129.174408,-15.1625],[129.191071,-15.182501],[129.25637800000015,-15.104166],[129.24289210852461,-15.028890751675478],[129.4828749031856,-15.214777387421705],[129.63227370689654,-15.27802983645735],[129.6691882158376,-15.16433092297881],[129.66748,-15.192499],[129.668304,-15.197222],[129.670532,-15.201666],[129.674408,-15.205],[129.679962,-15.206944],[129.68609600000013,-15.207777],[129.732452,-15.197222],[129.7363590000001,-15.193611],[129.736633,-15.1875],[129.73495500000013,-15.182501],[129.728851,-15.174168],[129.698853,-15.134724],[129.692749,-15.127222],[129.68462121869229,-15.116796343578363],[129.70249465416217,-15.06174508456526],[129.83855727623248,-14.927954114716627],[129.84582254027896,-14.849854593344391],[129.864685,-14.843056],[129.928864,-14.790001],[129.94442700000013,-14.767778],[129.83610017206314,-14.80461075944605],[129.7288465828731,-14.6739009988719],[129.63015854664997,-14.609061687550238],[129.635742,-14.608555],[129.64758300000017,-14.609056],[129.670242,-14.609221],[129.698853,-14.604166],[129.708008,-14.599722],[129.764709,-14.560278],[129.772766,-14.554445],[129.7833250000001,-14.54389],[129.788574,-14.535],[129.784698,-14.531668],[129.773315,-14.533056],[129.76303100000018,-14.535278],[129.712463,-14.558889],[129.671738,-14.568722],[129.659576,-14.573056],[129.656082,-14.573556],[129.652252,-14.573389],[129.590515,-14.568056],[129.542755,-14.55139],[129.5417112412313,-14.550950668311417],[129.4588270516231,-14.496494687836744],[129.42302993248248,-14.413933194916822],[129.42655471275592,-14.305860914033033],[129.49160293052935,-14.261222280305006],[129.76328566978717,-14.019071973603346],[129.76558261687305,-13.862036621631123],[129.77626173715214,-13.804541385851875],[129.85227492759967,-13.72011796359358],[130.0855360359981,-13.592476285737135],[130.20598891685748,-13.484157003205397],[130.27386001060748,-13.363228238862135],[130.257978864928,-13.331965484086016],[130.264435,-13.325277],[130.25470000000018,-13.288055],[130.2320953403014,-13.257565663736214],[130.23289016197467,-13.147189534943678],[130.46349624107623,-12.758938230317213],[130.51760390709185,-12.733391202729322],[130.6604872078731,-12.72037259463606],[130.83957961509967,-12.707269109528639],[130.95127395103717,-12.630752958100416],[130.92314939094695,-12.574708467779459],[130.954132,-12.536388],[130.8711941515818,-12.471176007169133],[130.85886672447467,-12.446610845368483],[130.9492917294721,-12.351450169614365],[130.979401,-12.355278],[131.026917,-12.358334],[131.03610200000014,-12.326666],[131.0311671444256,-12.26766977747245],[131.1829481453731,-12.23614922885237],[131.53991225670123,-12.400642789643385],[131.8174696297481,-12.368270314972975],[132.3980360359981,-12.328884519379713],[132.40034295983074,-12.328306699961695],[132.39971900000012,-12.328888],[132.39331100000015,-12.336388],[132.388306,-12.344723],[132.38443,-12.355278],[132.3836060000001,-12.362221],[132.3836060000001,-12.379999],[132.3991390000001,-12.366388],[132.4133,-12.353611],[132.43637100000012,-12.327778],[132.438873,-12.323334],[132.44088688485778,-12.318151589146245],[132.62845900963092,-12.27117005709944],[132.73310378502154,-12.194671071808912],[132.75112441490435,-12.169199384492018],[132.74035870548346,-12.141514859112867],[132.742188,-12.141111],[132.751099,-12.136389],[132.754425,-12.132776],[132.748291,-12.131388],[132.7365834646277,-12.131806650652281],[132.71654799888873,-12.080284513276197],[132.6312405727602,-11.76815441603126],[132.63497900000016,-11.744999],[132.646362,-11.728333],[132.691925,-11.66139],[132.691071,-11.655001],[132.66024800000014,-11.636946],[132.655823,-11.634445],[132.54025300000012,-11.547501],[132.4899600000001,-11.476944],[132.461639,-11.456388],[132.45163,-11.451944],[132.440247,-11.44861],[132.39636200000018,-11.440834],[132.375793,-11.437778],[132.3696900000001,-11.437778],[132.237183,-11.458889],[132.22189300000014,-11.463612],[132.164703,-11.490833],[132.160248,-11.493332],[132.1072084091278,-11.525537253013336],[132.04128511589747,-11.487542215110965],[132.02587788405873,-11.470092068458548],[132.04062941978717,-11.382525838654615],[132.13530370655036,-11.345840209325244],[132.154968,-11.396389],[132.164703,-11.407778],[132.16943400000014,-11.410278],[132.174683,-11.41139],[132.1997070000001,-11.412779],[132.204681,-11.411112],[132.207733,-11.407501],[132.2355040000001,-11.358334],[132.2355040000001,-11.352222],[132.2237216299275,-11.31662544197527],[132.38376906822467,-11.299159444611647],[132.66144851158404,-11.533748067658522],[132.7760114998653,-11.577992833893873],[132.92898086021685,-11.533173955720045],[133.09293654869342,-11.672655500214674],[133.39728835533404,-11.881771482270338],[133.55918410728717,-11.951347745698072],[134.14269545982623,-12.08357182864485],[134.40871718834185,-12.121143735688307],[134.59479812095904,-12.057175077241041],[134.76211074302935,-12.06317273501692],[134.93998244713092,-12.33612195376692],[135.12852004478717,-12.386565603058912],[135.19175246666217,-12.373721517365553],[135.4445448250606,-12.17612496737776],[135.6490125984981,-12.188396848481275],[135.670750410027,-12.201062780197507],[135.672211,-12.207222],[135.677185,-12.221945],[135.685242,-12.234165],[135.69220000000018,-12.240833],[135.7355040000001,-12.280834],[135.78131745236533,-12.265486680757144],[135.9424696297481,-12.359384931367018],[136.09121230552935,-12.575194753449537],[136.29860976646685,-12.511177457612135],[136.32332675260497,-12.350464104880526],[136.349121,-12.291111],[136.3652340000001,-12.250278],[136.366364,-12.244165],[136.3652340000001,-12.238611],[136.358856,-12.225832],[136.34480087351832,-12.21083632220233],[136.35337356041217,-12.155095495026686],[136.43450454185748,-12.116775907319166],[136.6396131844356,-12.326100744050123],[136.79108718345904,-12.370272077363111],[136.85967544029498,-12.440060056489088],[136.85146915593737,-12.447796375490283],[136.803864,-12.477499],[136.745239,-12.544167],[136.73925723946738,-12.553582032398738],[136.66369155357623,-12.624820150178053],[136.60668471763873,-12.815645612519361],[136.60383373912947,-12.819090544884707],[136.494415,-12.779167],[136.484344,-12.845943],[136.5273260667663,-12.923995503633158],[136.52297500084185,-13.108231939118483],[136.4690809578731,-13.22276917819319],[136.4517585735782,-13.223283978767913],[136.450806,-13.220554],[136.446075,-13.218056],[136.4356273896654,-13.22376337828982],[136.36871816746495,-13.225751840470123],[136.371063,-13.174444],[136.37384,-13.083055],[136.374115,-13.070278],[136.37246700000014,-13.065277],[136.366913,-13.058056],[136.362732,-13.055],[136.350525,-13.0525],[136.33828700000015,-13.053612],[136.328308,-13.056944],[136.320801,-13.063055],[136.314423,-13.071667],[136.309418,-13.080833],[136.30636600000014,-13.091389],[136.30581700000016,-13.098055],[136.307465,-13.103054],[136.3107910000001,-13.1075],[136.28610200000014,-13.166389],[136.243561,-13.205278],[136.204407,-13.236387],[136.196075,-13.241943],[136.162476,-13.243332],[136.156921,-13.240833],[136.146637,-13.211945],[136.1452640000001,-13.206388],[136.144989,-13.200832],[136.145538,-13.194723],[136.09719800000016,-13.184723],[135.995514,-13.22361],[135.991058,-13.225832],[135.934418,-13.271112],[135.92691,-13.2775],[135.923859,-13.281389],[135.892487,-13.336111],[135.890533,-13.340834],[135.88858,-13.353611],[135.89444000000015,-13.367777],[135.897766,-13.371387],[135.93384936287816,-13.39617812582456],[135.8308973641231,-13.484774030488111],[135.8288221688106,-13.73269120578108],[135.96454909752154,-13.891323484223463],[135.95953157993213,-13.909961020917649],[135.924683,-13.961945],[135.908325,-14.067499],[135.89705528469835,-14.142028816234122],[135.8967366660691,-14.143212323075476],[135.873566,-14.192223],[135.864685,-14.196945],[135.803864,-14.230833],[135.781372,-14.24361],[135.766083,-14.255835],[135.752777,-14.271112],[135.623016,-14.435278],[135.61969,-14.439722],[135.56137100000012,-14.530834],[135.551361,-14.549168],[135.540527,-14.57361],[135.53164700000013,-14.601665],[135.53075774718224,-14.61762300188576],[135.45757583091998,-14.680681623261549],[135.44943335358838,-14.706014494803808],[135.4133,-14.729445],[135.37274200000013,-14.728888],[135.405548,-14.830278],[135.4075272472773,-14.836392752523244],[135.38805678795123,-14.896969236176588],[135.41660598228717,-14.973190702241041],[135.6274519295528,-15.169813550751783],[136.0943708748653,-15.448520101349928],[136.4586286873653,-15.752892888825514],[136.6871443123653,-16.025764859955885],[136.79784682701373,-16.070034421723463],[136.95487502525592,-16.018833555024244],[137.07371047447467,-16.031298078339674],[137.42570022056842,-16.189468778412916],[137.75956252525592,-16.39855805758772],[137.95461562584185,-16.601568616669752],[138.26032546470904,-16.842495359223463],[138.41083816002154,-16.89939729098616],[138.61010268638873,-16.911690152924635],[138.96274856041217,-16.993572629731275],[139.07531264732623,-17.075981534760572],[139.17309096763873,-17.355503476899244],[139.24831679771685,-17.431642926972486],[139.4762831063106,-17.571018613617994],[139.81826308677935,-17.761026777070143],[140.06020644615435,-17.830437101166822],[140.2497206063106,-17.79824296359358],[140.43633559654498,-17.721550382416822],[140.70754531334185,-17.631971753876783],[140.80094436119342,-17.561829007905104],[141.1324110359981,-16.957149900239088],[141.31382277916217,-16.448162473481275],[141.33488393874723,-16.306118749759765],[141.35025,-16.25639],[141.4133,-16.107224],[141.425262,-16.083889],[141.42691000000013,-16.079166],[141.427765,-16.073055],[141.426361,-16.06139],[141.400543,-15.905834],[141.41066606402308,-15.831157892254003],[141.51760390709185,-15.532259382050611],[141.71129897545123,-15.226692594330885],[141.65953433812035,-15.059268439773668],[141.665802,-15.036112],[141.66525300000012,-15.016945],[141.661102,-15.001112],[141.656372,-14.985832],[141.632446,-14.938055],[141.62133800000015,-14.917778],[141.614685,-14.910557],[141.60968000000014,-14.90139],[141.603851,-14.887501],[141.595245,-14.861666],[141.567749,-14.76889],[141.565247,-14.758335],[141.52301921403887,-14.49608311651978],[141.58454421470904,-14.330600179474928],[141.66839126060748,-14.114287771027662],[141.59475234459185,-13.987305082123854],[141.51232436607623,-13.809475339692213],[141.55019995174084,-13.513272230487338],[141.554413,-13.503334],[141.559143,-13.493889],[141.565247,-13.485968],[141.61245700000018,-13.414722],[141.680542,-13.289167],[141.685791,-13.272778],[141.688293,-13.260834],[141.68914800000016,-13.247221],[141.68856800000015,-13.240833],[141.684692,-13.225],[141.680817,-13.215277],[141.6783140000001,-13.211111],[141.674988,-13.206944],[141.65246600000012,-13.195],[141.649139,-13.191389],[141.631897,-13.161945],[141.629944,-13.156944],[141.598709640769,-13.047599139851647],[141.59882644127154,-13.046469129365065],[141.6997938484981,-12.912751592438795],[141.84760573814654,-12.842509664338209],[141.8890443256456,-12.76118422040406],[141.8908080000001,-12.771946],[141.892761,-12.789722],[141.892761,-12.803333],[141.892212,-12.815001],[141.88998400000014,-12.827778],[141.889435,-12.840834],[141.890533,-12.846388],[141.928864,-12.903334],[141.934967,-12.911112],[141.940796,-12.875832],[141.941071,-12.869165],[141.939697,-12.8575],[141.89813206542445,-12.743349045112662],[141.91894057701373,-12.702511228364088],[141.7351999629767,-12.52314518260841],[141.72775300000012,-12.512779],[141.71774300000016,-12.493332],[141.74273700000015,-12.478056],[141.750824,-12.4725],[141.752472,-12.467222],[141.74441500000012,-12.461111],[141.728027,-12.455555],[141.68163020221226,-12.449226852233123],[141.69340041588092,-12.378801740449049],[141.90234430986123,-12.035590825616483],[141.916931,-12.088888],[142.017212,-12.071945],[142.022766,-12.07],[142.025818,-12.066944],[142.02887,-12.062222],[142.030548,-12.056944],[142.032471,-12.044724],[142.032745,-12.038612],[142.030823,-12.03389],[141.98413100000016,-11.9825],[141.97302200000013,-11.98],[141.96109000000013,-11.982222],[141.954025,-11.970499],[141.951187,-11.9695],[141.949188,-11.967332],[141.94801300000017,-11.9645],[141.94727782317813,-11.961783106623836],[141.95302871177935,-11.952336705964186],[142.09292128990435,-11.532499707978346],[142.10043978205846,-11.446333012159956],[142.121613,-11.378056],[142.124115,-11.367222],[142.12912,-11.336945],[142.158875,-11.149445],[142.158875,-11.123888],[142.15839422410062,-11.116164829730861],[142.21161941002154,-11.04914800051985],[142.33755019615435,-10.91538277987776],[142.64426711509967,-11.092706121247389],[142.74920180748248,-11.321312345307447],[142.77031997154498,-11.613681234162428],[142.82346633384967,-11.918680585663893],[142.93834975670123,-12.007422841828443],[143.12742141197467,-12.01337090853987],[143.1490233334791,-12.064440452878364],[143.147217,-12.067223]],[[136.14510623590576,-31.504536635058372],[136.10981123265037,-31.4153431129226],[136.10428185439514,-31.353486423469228],[136.10634891168684,-31.304807224250283],[136.07999393121798,-31.254112644171954],[135.95535037652996,-31.22476043063017],[135.88594892796198,-31.223933607713498],[135.7765499208001,-31.237886244432303],[135.60534590061712,-31.189207045213358],[135.4930013368146,-31.08409718193169],[135.42887088434037,-31.063374932582647],[135.41822553928824,-31.09618946708799],[135.43930952366333,-31.232046807583323],[135.48974572158016,-31.280467624640806],[135.52219852105947,-31.31493580497949],[135.56209272678882,-31.354209893521315],[135.59521731988792,-31.365682061490105],[135.62358768121612,-31.381908461229756],[135.63779870009643,-31.402165622688173],[135.63376793837762,-31.444747002896676],[135.6106168967109,-31.514303480761534],[135.6372302593412,-31.590164483366003],[135.6907153667633,-31.606235853808776],[135.71489993707587,-31.596882419563947],[135.74936811741458,-31.59285165784518],[135.78791873590433,-31.617191257454657],[135.81220665908148,-31.66835092542361],[135.85220421767536,-31.74286834078849],[135.99157555556656,-31.835007419564903],[136.05162356988973,-31.901566664356835],[136.04521569228552,-31.965955498992507],[135.92052046116527,-32.15013030368075],[135.89034142470678,-32.24123585381132],[135.89612918512347,-32.326036879202285],[135.91648969944646,-32.318078708629336],[135.97452233291028,-32.22971200941023],[136.05565433160848,-32.20945484795182],[136.1225753114265,-32.23172739026961],[136.1846903830413,-32.253483168264495],[136.2381754904634,-32.23984059013944],[136.25641727106245,-32.2114702288112],[136.25316165582802,-32.14842498141511],[136.31222781793764,-31.926371351856936],[136.27460737522915,-31.845032647429527],[136.20344892796328,-31.5774520810222],[136.14510623590576,-31.504536635058372]],[[137.48218224502568,-30.38346811291847],[137.42130740778583,-30.3069869931265],[137.32307050999896,-30.217328383100096],[137.22684899307154,-30.17882944104265],[137.21165612197768,-30.222961114219913],[137.2562012066133,-30.28822844820455],[137.3282381532282,-30.36507130302256],[137.3833769064836,-30.471266371382363],[137.39459069229093,-30.572862237268183],[137.4265267274473,-30.629292901330913],[137.59519860244797,-30.632858575159048],[137.6257393739325,-30.67254607515921],[137.62145023005223,-30.765098565393956],[137.6423275086982,-30.83150278088901],[137.6619128765368,-30.999141127243853],[137.65932905492218,-31.02678801852],[137.63183719294295,-31.06342660901494],[137.56465783096348,-31.081720066046266],[137.53106814997375,-31.10616301852032],[137.55664798395827,-31.155772393520515],[137.6517326193753,-31.240883477505236],[137.70294396377653,-31.273181247687653],[137.7326062359121,-31.32599456148995],[137.70335737523487,-31.663751722949634],[137.67152469294308,-31.73211964287178],[137.60129642145841,-31.777904961882385],[137.6134920594793,-31.80844573336688],[137.71002363500054,-31.87743377047653],[137.7478507834382,-31.89701913831515],[137.7752392925529,-31.864359633106687],[137.82975792862078,-31.71713347750714],[138.11123945531466,-31.39250212984959],[138.1325818218512,-31.258815199510515],[138.0257149598716,-31.060377699509722],[138.0200822287518,-31.002706801071987],[138.02984907445494,-30.951340427373864],[138.00153038955898,-30.874290866826684],[137.92804650283995,-30.716832777633343],[137.83962812718858,-30.59663339612245],[137.74614546117255,-30.493900648726203],[137.60155480361988,-30.42672128674677],[137.48218224502568,-30.38346811291847]],[[139.5192672059713,-30.92529550549876],[139.61316328344566,-31.011078383103275],[139.65946536677916,-31.032524102504397],[139.74416303930553,-31.07965300875459],[139.8004903505037,-31.123836358364137],[139.83501020727465,-31.126368503546445],[139.87645470597272,-31.084045505499397],[139.9204830262854,-31.02673634208771],[139.93800133683237,-30.964466241176005],[139.98192630428048,-30.85372364677452],[140.02610965389,-30.524389743778407],[140.043989699463,-30.422587172163418],[140.01112348852536,-30.340576674116214],[139.95138553279594,-30.32119801200676],[139.89598839737909,-30.373597914350725],[139.71873823461794,-30.5657825660442],[139.54960127172666,-30.77357350028982],[139.48836469946076,-30.876823012008984],[139.5192672059713,-30.92529550549876]],[[137.28048912979045,-29.44941659924286],[137.37423017796795,-29.453757419555373],[137.40745812393163,-29.44362883882617],[137.52166303929664,-29.39515634533639],[137.6048104188543,-29.371436862914422],[137.6605692892972,-29.348234144815372],[137.72010053929745,-29.196718845335596],[137.69798302627652,-29.130573012002003],[137.58946251846356,-29.158840020465654],[137.3311837098688,-29.221678562132574],[137.1997188661183,-29.24519133882537],[137.11946536676902,-29.346477146117444],[137.11057702041478,-29.44946827567515],[137.18917687393076,-29.46776173270647],[137.28048912979045,-29.44941659924286]],[[119.99301720589321,-28.980659681923278],[120.00624637255993,-28.927743015256397],[119.9383435405284,-28.88200937267809],[119.85664310107495,-28.89890756603753],[119.76362552294958,-28.88805551525624],[119.71520470589209,-28.93606292085539],[119.6502474305012,-29.0269100888245],[119.54849653531849,-29.05657236096004],[119.39770470589082,-28.993888848589997],[119.3138338562811,-29.01151051200152],[119.22639733284325,-29.090937188434133],[119.12929731656683,-29.114449965126937],[119.14185468961375,-29.28048634208072],[119.20360802620255,-29.351076348591427],[119.33042199104679,-29.235269463825333],[119.37997968961471,-29.214340508747128],[119.43739220589097,-29.23640634533576],[119.38152998258346,-29.54212411877448],[119.44173302620351,-29.553906345337026],[119.51676720589128,-29.505382175414958],[119.54203698128202,-29.379498386351955],[119.54772138883413,-29.21635588960651],[119.58043257047487,-29.18803720471056],[119.6292667989907,-29.185763441689723],[119.66771406461586,-29.2100513648669],[119.66461347867835,-29.276868991820294],[119.63582970589178,-29.3378471819247],[119.66621544807938,-29.386991469034278],[119.69308719287116,-29.452465508748077],[119.66228803922522,-29.509826348592057],[119.63582970589178,-29.54951384859222],[119.72843387255881,-29.580364678670463],[119.78569135953819,-29.580364678670463],[119.79768029182992,-29.505278822550373],[119.82289839078834,-29.41334644950313],[119.79013553271531,-29.372677097289426],[119.75086144417347,-29.297177829710996],[119.68326867073571,-29.120444431272794],[119.71804690966815,-29.06711435314758],[119.87664188037189,-28.943297621376253],[119.94635338753363,-28.98536223726184],[119.99301720589321,-28.980659681923278]],[[137.71234907445364,-28.537224216426708],[137.7333297059642,-28.389739678665705],[137.77353397028725,-28.350362237259297],[137.72010053929745,-28.279513848587136],[137.7068713726307,-28.19569467540972],[137.7018587586984,-28.142726332310545],[137.67229983942747,-28.119523614211495],[137.56569135960933,-28.1163196754094],[137.4526233257547,-28.08681243257074],[137.32797977106674,-27.974364515903623],[137.03337243057075,-27.858505954705244],[136.89141727106494,-27.91085418061691],[136.79984663304379,-27.967233168247347],[136.7845504090854,-28.018547865513177],[136.82971561090847,-28.04350758231015],[136.88883344945037,-28.06366139090398],[136.91312137262753,-28.10309050874268],[136.9687768902059,-28.198898614211814],[136.99001590387786,-28.3140853817904],[136.9660380392944,-28.394132175410512],[136.90707523004943,-28.426223239863766],[136.88258060114305,-28.449787692988856],[136.92226810114323,-28.68889454520336],[136.91730716364322,-28.755815525021333],[136.8943628277056,-28.832089939084142],[136.94867475804438,-28.953012790647122],[137.0184379416384,-29.0148178036682],[137.0749202821334,-29.013680922157782],[137.11993045465965,-28.97750741955347],[137.12509809788884,-28.91807952241782],[137.1457169943733,-28.886970310178107],[137.23940636611843,-28.892448012001047],[137.30059126195204,-28.98825611747018],[137.34394778864493,-29.025049737261995],[137.4069413596087,-29.029132175413054],[137.47753136611942,-29.01151051200152],[137.6186080262762,-29.051198012001684],[137.77735802627683,-29.037968845334966],[137.91409386612116,-29.099722181923752],[138.0099536480226,-29.090937188434133],[138.0141911154705,-29.050784600543345],[137.9053088726315,-28.985052178668084],[137.78624637263107,-28.839531345334166],[137.67596886612017,-28.645486342078186],[137.68041303929726,-28.561718845333054],[137.71234907445364,-28.537224216426708]],[[122.75817142139906,-23.26369597747332],[122.70298099171134,-23.273979587499404],[122.6968314962686,-23.322038669530848],[122.60753462126823,-23.46916147226581],[122.64143436085172,-23.53783945078171],[122.76762820850846,-23.66134612395929],[122.82307702035766,-23.68470387135521],[122.87568362843078,-23.662431329037418],[122.9263782085091,-23.590911146745462],[122.9467387228321,-23.433763116145876],[122.93190758676434,-23.277493584895254],[122.87899092009746,-23.25454924895766],[122.75817142139906,-23.26369597747332]],[[129.1582975607476,-22.447673435152346],[129.21519331270093,-22.417080987235558],[129.21881066296135,-22.36638640715723],[129.1423295431694,-22.33501881275607],[129.06047407441906,-22.27083668384956],[129.07153283092953,-22.173581638276254],[129.2009822938207,-22.08469817473423],[129.2155033712947,-22.03519215259862],[129.13535322481,-22.002377618093277],[129.000271030799,-22.00883717212976],[128.93355675671023,-22.063769219656024],[128.90849368704863,-22.119993177989578],[128.79434044811592,-22.220400485932693],[128.5990035340526,-22.30949065520388],[128.4776672710313,-22.344837334891523],[128.42878136608317,-22.36938364023016],[128.34087975475472,-22.40447193775634],[128.31700524303585,-22.491236667574398],[128.38475304577054,-22.597948500257118],[128.60117394420888,-22.647557875257313],[128.8197652528035,-22.677633558851184],[128.8985201356163,-22.654017429293802],[129.02595421764806,-22.56286020273093],[129.09871463431506,-22.49769622161088],[129.1582975607476,-22.447673435152346]],[[128.890625,-16.139257812500006],[128.8439453125,-16.158300781250006],[128.81240234375002,-16.17128906250001],[128.79111328125003,-16.17109375000001],[128.7841796875,-16.14931640625001],[128.77841796875003,-16.12568359375001],[128.80869140625003,-16.0869140625],[128.80478515625003,-16.07578125],[128.77382812500002,-16.087011718750006],[128.73701171875,-16.13359375],[128.69404296875,-16.13662109375001],[128.65849609375005,-16.143847656250003],[128.64492187500002,-16.159472656250003],[128.67070312500005,-16.195410156250006],[128.6779296875,-16.22333984375001],[128.65878906250003,-16.23583984375],[128.63535156250003,-16.250292968750003],[128.61992187500005,-16.313769531250003],[128.56787109375,-16.444433593750006],[128.53017578125002,-16.5078125],[128.53701171875002,-16.535546875],[128.58369140625,-16.54248046875],[128.59140625000003,-16.57246093750001],[128.58681640625002,-16.601855468750003],[128.58349609375,-16.61484375],[128.59716796875,-16.63349609375001],[128.611328125,-16.64521484375001],[128.626171875,-16.660253906250006],[128.66289062500005,-16.680761718750006],[128.69609375000005,-16.71748046875001],[128.72001953125005,-16.7587890625],[128.73408203125,-16.78847656250001],[128.75722656250002,-16.77783203125],[128.78398437500005,-16.69384765625],[128.7880859375,-16.637109375],[128.79375,-16.592871093750006],[128.798046875,-16.554296875],[128.7919921875,-16.50830078125],[128.80234375000003,-16.45039062500001],[128.82695312500005,-16.421972656250006],[128.8505859375,-16.42207031250001],[128.8642578125,-16.42763671875001],[128.87763671875,-16.43642578125001],[128.89462890625003,-16.42421875],[128.909375,-16.3935546875],[128.928125,-16.36953125],[128.93818359375,-16.34882812500001],[128.951171875,-16.31904296875001],[128.95751953125,-16.3017578125],[128.94394531250003,-16.271484375],[128.97011718750002,-16.22773437500001],[129.00058593750003,-16.190039062500006],[129.01533203125,-16.1611328125],[129.03164062500002,-16.143164062500006],[129.02236328125002,-16.1279296875],[128.99072265625,-16.117285156250006],[128.9455078125,-16.117480468750003],[128.890625,-16.139257812500006]]],[[[146.407745,-38.85778],[146.411652,-38.854721],[146.41442900000015,-38.849998],[146.41912800000011,-38.825279],[146.42663600000014,-38.796112],[146.430267,-38.792229],[146.437469,-38.791115],[146.4605100000001,-38.794167],[146.465515,-38.796669],[146.46856700000012,-38.801392],[146.470795,-38.806107],[146.47219800000016,-38.811668],[146.4760554233488,-38.89434792611098],[146.42768386314654,-38.89964715365706],[146.34242513660482,-38.89558118635613],[146.407745,-38.85778]]],[[[139.099915,-35.621555],[139.096741,-35.615887],[139.096741,-35.612556],[139.09774800000014,-35.609058],[139.102585,-35.604225],[139.091339,-35.529167],[139.103851,-35.51889],[139.123291,-35.507782],[139.128571,-35.505562],[139.13470500000017,-35.504173],[139.148315,-35.502785],[139.156097,-35.502785],[139.16330000000016,-35.505005],[139.22467,-35.543892],[139.229401,-35.547226],[139.233856,-35.551109],[139.236633,-35.554718],[139.239136,-35.565277],[139.23996,-35.589165],[139.238861,-35.596107],[139.236359,-35.601395],[139.23482482052052,-35.61101546308047],[139.12746718834185,-35.60838738803206],[139.10054479690243,-35.62202652210034],[139.099915,-35.621555]]],[[[113.2836,-26.403889],[113.278587,-26.395],[113.26676881857719,-26.36099629837254],[113.32664779136921,-26.41456834201155],[113.3800088166111,-26.493573325305274],[113.2836,-26.403889]]],[[[113.652206,-26.169445],[113.552467,-26.08028],[113.549988,-26.069721],[113.532211,-25.989441],[113.50528046382189,-25.89706576382422],[113.65769484947468,-26.068197644990065],[113.68453096268829,-26.121257371844536],[113.685532,-26.128056],[113.711929,-26.195278],[113.716087,-26.198608],[113.72457739816996,-26.200436234716385],[113.73517931216196,-26.221398087726648],[113.652206,-26.169445]]],[[[128.43692,-14.992777],[128.443024,-15.006668],[128.441071,-15.0375],[128.436371,-15.039444],[128.413879,-15.021667],[128.3691265976811,-14.972994293236406],[128.38897231529498,-14.943780339997389],[128.40490462235343,-14.930700759479805],[128.43692,-14.992777]]],[[[132.533051,-11.635557],[132.539154,-11.634724],[132.63858,-11.645555],[132.643036,-11.648056],[132.645538,-11.6525],[132.645538,-11.658611],[132.642761,-11.678057],[132.63998400000014,-11.690277],[132.63134800000012,-11.711111],[132.627747,-11.714167],[132.62246700000014,-11.715834],[132.616913,-11.716665],[132.5991291681903,-11.719105801182545],[132.52708517582545,-11.637239809551174],[132.533051,-11.635557]]]]},"properties":{"id":"aboriginal-tribes","name":"Aboriginal tribes","names":{"en":"Aboriginal tribes","fr":"Aboriginal tribes"},"subjectTo":"Aboriginal tribes","partOf":"Aboriginal tribes","borderPrecision":1,"wikidata":null,"wikipedia":null,"year":-5000,"source":"Historical Basemaps","sourceUrl":"https://github.com/aourednik/historical-basemaps"}},{"type":"Feature","geometry":{"type":"MultiPolygon","coordinates":[[[[59.0920067912563,38.46455901627975],[59.09200750531386,38.4645590260874],[60.839586436627954,38.48856218998173],[61.73796052349039,38.69304105528931],[62.583926426750736,38.28432609815763],[62.09738403163499,37.02040860397883],[61.60686096877769,36.82371258713551],[60.39448564872986,36.337559306220506],[58.84363176429841,36.77722992407008],[58.416212544859235,37.76401663178423],[59.0920067912563,38.46455901627975]]]]},"properties":{"id":"namazga","name":"Namazga","names":{"en":"Namazga","fr":"Namazga"},"subjectTo":"Namazga","partOf":"Namazga","borderPrecision":1,"wikidata":null,"wikipedia":null,"year":-5000,"source":"Historical Basemaps","sourceUrl":"https://github.com/aourednik/historical-basemaps"}},{"type":"Feature","geometry":{"type":"MultiPolygon","coordinates":[[[[53.541382,39.335823],[53.53833,39.330826],[53.533333,39.32972],[53.53236060407734,39.32961258661078],[53.49674514244343,39.33752783413591],[53.33392241905476,39.38541754360857],[53.29456565175716,39.34606077631097],[53.293327,39.346382],[53.250832,39.356659],[53.234993000000145,39.359718],[53.227211,39.360275],[53.22556747665985,39.36014040579277],[53.20941070030476,39.40457113857927],[53.24772170494343,39.45246084805193],[53.288997902622306,39.52322339917935],[53.30027,39.524994],[53.344994,39.532768],[53.3544815860421,39.534300968843716],[53.37223342369343,39.51950796719255],[53.44400187320601,39.52748135713375],[53.451103,39.521935],[53.457771,39.51416],[53.46666,39.50110600000011],[53.475266,39.483879],[53.48082,39.481102],[53.511665,39.470543000000134],[53.519989,39.46915400000012],[53.56415600000014,39.461937],[53.71671685397677,39.50424584711834],[53.73619368980671,39.500350557524584],[53.79366210411335,39.4907718526906],[53.812815699084055,39.54824026699724],[53.669146570666086,39.64401968594255],[53.55421355675007,39.65359839077654],[53.5159025521114,39.77811010952654],[53.59252456138874,39.89304693813982],[53.688303980334055,39.979247652251146],[53.506323847277415,39.99840124722185],[53.47952162078798,39.99125412915501],[53.432213,40.003609],[53.423607,40.004997],[53.396942,40.001663],[53.37860100000012,39.996941],[53.36832400000014,39.991661],[53.354713,39.981659],[53.351662,39.97665400000011],[53.34415400000012,39.968323],[53.339432,39.964714],[53.3307986200186,39.96009024258318],[53.19025329063679,39.96009024258318],[53.04658416221882,39.99840124722185],[53.02067933607856,39.96818038300577],[52.990547,39.972214],[52.95384379910348,39.984265865991546],[52.912493738634836,40.046290956694506],[52.84545043419148,40.18038138027849],[52.84545043419148,40.33362921353044],[52.82629302452351,40.46771963711443],[52.90291503380085,40.56349905605974],[52.95080474327351,40.70716436978044],[52.96996215294148,40.822101198393725],[53.01776693965809,40.94639212068384],[53.024437,40.933052],[53.037773,40.888329],[53.061378,40.833878],[53.107216,40.771103],[53.11166400000013,40.7677690000001],[53.118324,40.765274],[53.143051,40.763054],[53.248047,40.75972],[53.317772,40.765831],[53.387497,40.768600000000106],[53.401932,40.758331],[53.407494,40.755272000000105],[53.452774,40.73220800000013],[53.458328,40.729431],[53.466934,40.72804300000013],[53.47360200000014,40.72887400000013],[53.48555,40.732491],[53.501938,40.739716],[53.534164,40.75444],[53.552130516800496,40.76532835621264],[53.61168197105671,40.74547918911638],[53.658056372637695,40.810401134933315],[53.65416,40.784164],[53.652214,40.777489],[53.704994,40.63916],[53.708603,40.634995],[53.73082000000011,40.617767],[53.738327,40.61582900000013],[53.746384,40.615273],[53.8597180000001,40.625549],[54.031105,40.653877],[54.064713,40.666939],[54.07148761421467,40.670237091439326],[54.10973266075398,40.678432069975756],[54.22466567466999,40.72632177944841],[54.239412939025485,40.720959283488305],[54.23860200000013,40.715271],[54.222763,40.698601],[54.21749100000011,40.695824],[54.20832800000011,40.689156],[54.209435,40.684158],[54.223602,40.679718],[54.27054600000014,40.66971600000011],[54.279434,40.668327],[54.293884,40.668602000000135],[54.349716,40.6730500000001],[54.360449526086924,40.67786931441382],[54.41622451256062,40.65927847500505],[54.45453551719929,40.71674307461443],[54.387488398058665,40.802943788725756],[54.36833480308796,40.89872320767107],[54.38602519319501,40.902654753412435],[54.469154,40.865273000000116],[54.472488,40.861107],[54.474709,40.856659],[54.479713,40.799164],[54.49305,40.80110200000013],[54.556938000000116,40.813606],[54.568886000000134,40.817215],[54.58142357935651,40.82210760457406],[54.60778335045124,40.81252249355974],[54.72271636436726,40.85083349819841],[54.81849578331257,40.879569612700365],[54.828074488146555,40.984923921782396],[54.751448664171946,41.13817175503435],[54.59820464561726,41.243529878813646],[54.35875609825398,41.38719519253435],[54.16719726036335,41.48297461147966],[54.138464960558665,41.62664373989763],[54.119307550890696,41.779891573149584],[54.02352813194538,41.85651358242693],[54.02352813194538,41.95229300137224],[54.02352813194538,42.04807242031755],[53.98521712730671,42.10553701992693],[53.73619368980671,42.13427313442888],[53.735797764232004,42.1342185249423],[53.66777000000013,42.1427690000001],[53.6519320000001,42.14305100000013],[53.630821,42.140831],[53.473045,42.109436],[53.38970609257291,42.09252545379895],[53.26687529991413,42.086383424956225],[53.23616885793769,42.07760990622969],[53.227211,42.07916300000011],[53.198044,42.087494],[53.182213000000104,42.091377000000136],[53.15665400000012,42.0961],[53.14415700000012,42.094437],[53.104439,42.078331],[53.088326,42.070549],[52.96527100000014,41.993881],[52.950546,41.977486],[52.946655000000135,41.973045],[52.838882000000126,41.778603],[52.815826,41.695824],[52.821663,41.697769],[52.828606,41.6988750000001],[52.87249,41.701103],[52.87915800000013,41.6988750000001],[52.917213,41.67193600000013],[52.917496,41.66638200000011],[52.903603,41.580826],[52.9019320000001,41.57444],[52.876099000000124,41.512215],[52.873604000000114,41.506386000000134],[52.854164,41.467209],[52.837212000000136,41.434715],[52.828331,41.418884],[52.82580049011327,41.412982173444846],[52.692202600939524,41.53086432095232],[52.71136001060749,41.60749014492693],[52.68262389610554,41.693690859038256],[52.55927184532429,41.757838808257006],[52.600745233996165,41.93767889614763],[52.573767694933665,42.0186038839406],[52.51981643150593,42.072555147368334],[52.58275893638874,42.18944891567888],[52.672678980334055,42.27936895962419],[52.73562148521687,42.42324026699724],[52.75360778282429,42.55811651821794],[52.83453277061726,42.648036562163256],[52.76259902427937,42.755939089018725],[52.58275893638874,42.827872835356615],[52.50404401517912,42.817604787937235],[52.466103,42.825554000000125],[52.431938,42.831665],[52.414711,42.833603],[52.384163,42.832214],[52.34717741824481,42.82647028263389],[52.295020136339915,42.87283285732927],[52.23755578497275,42.86133901189927],[52.202774,42.873047],[52.18415800000014,42.881104],[52.17749,42.88333100000011],[52.168327,42.88472],[52.15998800000011,42.885269],[52.097931,42.88262900000012],[52.084435,42.881104],[52.02822748433729,42.865669912833646],[51.980303797228586,42.90880163784685],[51.88139632652546,43.05266913052263],[51.737525019152415,43.178554140288256],[51.662505437972186,43.178554140288256],[51.655548,43.18332700000013],[51.647491,43.185265],[51.639992,43.184715],[51.56952817683758,43.17771340565515],[51.422808680041086,43.16956289883318],[51.422808680041086,43.25948294277849],[51.458777460558665,43.385367952544115],[51.36885741661335,43.556212984282396],[51.26095488975788,43.61016424771013],[51.17103484581257,43.7180667745656],[50.99119857261921,44.077743135649584],[50.95522979210163,44.20362814541521],[50.70619840150748,44.25699255385722],[50.678604,44.264442000000145],[50.66220900000013,44.2677690000001],[50.589432,44.278046],[50.51332900000011,44.28638500000011],[50.447487,44.289162],[50.388329,44.30110200000013],[50.380373888704575,44.30311331090205],[50.32580092857624,44.36548193569841],[50.33479217003132,44.56330450649919],[50.40672591636921,44.61725576992693],[50.48034249983626,44.63197991943422],[50.528603,44.627487],[50.693604,44.615547],[50.77748900000012,44.62471],[50.780548000000124,44.62999],[50.7837225292164,44.631574981595435],[50.872308068178455,44.626364457655185],[50.87999,44.623322],[50.90332,44.611664],[50.91443600000014,44.60527],[50.918327,44.6013870000001],[50.921661,44.591377],[50.92443800000012,44.586937],[50.990273000000116,44.53388200000012],[50.99527,44.530548000000124],[51.033051,44.51416],[51.046387,44.50888800000013],[51.087212000000136,44.494156],[51.123322,44.482765],[51.139992,44.479431],[51.148605,44.478874],[51.27556768420522,44.50148620244845],[51.332888636095774,44.482379518706225],[51.40494389996165,44.514401061375445],[51.429161,44.51194],[51.549721,44.50972],[51.55777,44.509995],[51.564713,44.51138300000014],[51.570274,44.513885],[51.573608,44.519157],[51.5761030000001,44.524994000000106],[51.57444,44.529991],[51.57054900000014,44.534164],[51.549721,44.547218],[51.547947241192375,44.548152161086804],[51.57567122886921,44.554313265044115],[51.4857511849239,44.626247011382006],[51.36885741661335,44.68019827480974],[51.18902114341999,44.77011831875505],[51.09910109947468,44.87802084561052],[51.21599486778523,45.039874635893725],[51.34188369224812,45.05785711880388],[51.37784865806843,45.17475088711443],[51.458777460558665,45.309630953032396],[51.47974897250349,45.334097469831484],[51.506104,45.332214],[51.566666,45.333328],[51.589714,45.335266000000104],[51.601936,45.33998900000012],[51.634432895565055,45.35579348016246],[51.77349379966999,45.390555940825365],[51.79133445560421,45.40170670557271],[51.795273,45.399994],[51.928047000000106,45.364441],[51.944992,45.364441],[51.95221700000013,45.36610400000012],[52.077492,45.379433],[52.10868685597798,45.38165379198823],[52.5560409232651,45.39763302265511],[52.624435,45.374992],[52.765831,45.338882],[52.848328,45.326385],[53.10083,45.298332],[53.108887,45.298607],[53.20658055175363,45.33071511770932],[53.284129175646555,45.32761343594255],[53.2121916146114,45.36358221646013],[53.059329065783274,45.45349844570818],[52.843524012072336,45.50745352383318],[52.83453277061726,45.64232977505388],[52.92445281456257,45.73224981899919],[53.050337824328196,45.831161104399584],[53.149249109728586,45.95704611416521],[53.20320037315632,46.1908336507863],[53.257151636584055,46.31672247524919],[53.185217890246165,46.424621187407396],[53.14491637731765,46.47068215291079],[53.12227538536335,46.49655874844255],[53.16723159263874,46.5864749776906],[53.284129175646555,46.67639502163591],[53.23017791221882,46.730346285063646],[53.12666980764235,46.88474237851622],[53.02336409996296,46.91917761440935],[52.95698215604685,46.92655286444165],[52.934433,46.934158],[52.865829,46.951935],[52.80411530714895,46.94560062312092],[52.58431125765405,46.977925070707094],[52.695841565049705,48.28103213525181],[53.723692859520746,49.65637351049903],[56.68864851664875,50.342467272281674],[61.076782889198185,48.70022927390687],[64.19986951470635,46.07810133679236],[65.03005709870219,44.18181589922146],[64.75332790403691,42.28104069818116],[63.84407483585099,40.29099997901519],[62.73715805718987,38.92046833853004],[61.73796052349039,38.69304105528931],[60.839586436627954,38.48856218998173],[59.09200750531386,38.4645590260874],[59.0920067912563,38.46455901627975],[58.58622013721067,38.457611988174136],[55.26546980122731,38.364681690787165],[53.937327417834055,38.38509623648797],[53.937327417834055,38.57129629727068],[53.98521712730671,38.657497011382006],[54.03310683677937,38.79158743496599],[54.07141784141804,38.89694555874529],[54.03310683677937,38.992721162993334],[53.91817382286335,39.050189577299975],[53.77450469444538,39.1363902914113],[53.67872527550007,39.251327120024584],[53.65957168052937,39.31837042446794],[53.58294585655476,39.31837042446794],[53.57772468786098,39.31953078686915],[53.541382,39.335823]],[[57.42958984375002,41.578564453125],[57.52675781250002,41.594482421875],[57.68486328125002,41.636181640625],[57.81777343750002,41.699853515624994],[57.86503906250002,41.77314453125],[57.844824218750006,41.837841796875],[57.700292968750006,41.912646484374996],[57.68242187500002,42.010400390624994],[57.63173828125002,42.06552734375],[57.61308593750002,42.105029296874996],[57.62724609375002,42.149609375],[57.5498046875,42.260693359375],[57.39228515625001,42.334912109375],[57.27265625000001,42.3033203125],[57.182714843750006,42.185351562499996],[57.09375,41.968408203124994],[57.05341796875001,41.773388671875],[57.06181640625002,41.724853515625],[57.11591796875001,41.731347656249994],[57.174414062500006,41.7345703125],[57.247167968750006,41.6525390625],[57.34560546875002,41.5732421875],[57.42958984375002,41.578564453125]],[[58.6279296875,45.600244140624994],[58.611328125,45.584716796875],[58.58867187500002,45.537060546875],[58.56005859375,45.4572265625],[58.51357421875002,45.385693359375],[58.44921875,45.322412109374994],[58.40410156250002,45.25302734375],[58.37832031250002,45.177539062499996],[58.27216796875001,44.981689453125],[58.23808593750002,44.903125],[58.23212890625001,44.851318359375],[58.2509765625,44.786425781249996],[58.29462890625001,44.708349609375],[58.29667968750002,44.638427734375],[58.25712890625002,44.5765625],[58.24287109375001,44.52421875],[58.25371093750002,44.481298828125],[58.27802734375001,44.44921875],[58.31572265625002,44.426318359374996],[58.36855468750002,44.429248046874996],[58.46533203125,44.46103515625],[58.513769531250006,44.490869140624994],[58.57763671875,44.546728515625],[58.6943359375,44.677392578124994],[58.68935546875002,44.692919921874996],[58.62539062500002,44.703466796875],[58.612402343750006,44.721142578125],[58.62734375000002,44.7546875],[58.6484375,44.77265625],[58.67578125,44.775146484375],[58.69560546875002,44.765869140625],[58.7080078125,44.7447265625],[58.731542968750006,44.738525390625],[58.76640625000002,44.747265625],[58.77382812500002,44.763964843749996],[58.75390625,44.78876953125],[58.7421875,44.835986328124996],[58.73847656250001,44.90546875],[58.74843750000002,44.94208984375],[58.77197265625,44.945849609374996],[58.79238281250002,44.971240234374996],[58.81289062500002,45.04453125],[58.8017578125,45.04951171875],[58.662109375,44.986181640625],[58.64716796875001,44.99365234375],[58.65029296875002,45.02216796875],[58.67138671875,45.071826171874996],[58.71357421875001,45.11962890625],[58.776953125,45.165576171874996],[58.79052734375,45.200341796874994],[58.75458984375001,45.223925781249996],[58.728515625,45.275439453124996],[58.71230468750002,45.354833984375],[58.72285156250001,45.42626953125],[58.76015625000002,45.489550781249996],[58.822851562500006,45.549169921875],[58.91093750000002,45.605029296874996],[58.960546875,45.668310546875],[58.971875,45.739111328125],[58.99042968750001,45.776953125],[59.01650390625002,45.78193359375],[59.02890625,45.763232421874996],[59.02763671875002,45.72109375],[59.035742187500006,45.6974609375],[59.053125,45.692529296874994],[59.074804687500006,45.72109375],[59.10097656250002,45.783154296875],[59.129492187500006,45.804833984374994],[59.16044921875002,45.78623046875],[59.220703125,45.704296875],[59.25664062500002,45.6720703125],[59.298925781250006,45.655908203124994],[59.32314453125002,45.627978515624996],[59.32929687500001,45.588232421875],[59.34794921875002,45.568994140624994],[59.37890625,45.570263671875],[59.392578125,45.537988281249994],[59.38886718750001,45.47216796875],[59.40498046875001,45.393994140625],[59.441015625,45.303369140624994],[59.4546875,45.227001953125],[59.44599609375001,45.164941406249994],[59.381445312500006,45.04140625],[59.26103515625002,44.8564453125],[59.2021484375,44.745361328125],[59.20458984375,44.70810546875],[59.24052734375002,44.6546875],[59.31015625,44.585205078125],[59.64863281250001,44.34033203125],[59.648046875,44.319873046874996],[59.566992187500006,44.24257812499999],[59.53974609375001,44.197900390624994],[59.529882812500006,44.16875],[59.541015625,44.148242187499996],[59.717871093750006,44.163134765624996],[59.81093750000002,44.182373046875],[59.92080078125002,44.234521484374994],[59.93574218750001,44.253173828125],[59.928320312500006,44.26865234375],[59.8984375,44.281054687499996],[59.8857421875,44.296923828124996],[59.89013671875,44.316162109375],[59.919921875,44.32919921875],[59.975195312500006,44.335986328124996],[60.01328125,44.362060546875],[60.034375,44.407373046874994],[60.02851562500001,44.484375],[59.995703125,44.59296875],[59.998144531250006,44.670263671875],[60.03593750000002,44.716210937499994],[60.05517578125,44.841259765625],[60.06328125000002,45.201904296875],[60.07763671875,45.310498046875],[60.06855468750001,45.416894531249994],[60.036230468750006,45.52119140625],[60.00029296875002,45.577685546874996],[59.960546875,45.58642578125],[59.76894531250002,45.579394531249996],[59.74492187500002,45.591015625],[59.73388671875,45.61884765625],[59.73574218750002,45.662890625],[59.74726562500001,45.696142578125],[59.768652343750006,45.718554687499996],[59.78212890625002,45.7642578125],[59.79267578125001,45.777880859374996],[59.80595703125002,45.784521484375],[59.818359375,45.795849609375],[59.823339843750006,45.8349609375],[59.84199218750001,45.85791015625],[59.84160156250002,45.8697265625],[59.832617187500006,45.885888671874994],[59.82929687500001,45.902294921875],[59.847265625,45.914697265624994],[59.88261718750002,45.92060546875],[59.93535156250002,45.919970703124996],[60.316015625,45.863232421875],[60.41689453125002,45.848291015624994],[60.45693359375002,45.871923828125],[60.502539062500006,45.926806640624996],[60.57021484375002,45.972021484375],[60.65966796875,46.007470703124994],[60.7294921875,46.050830078124996],[60.77949218750001,46.1021484375],[60.835058593750006,46.131787109375],[60.8779296875,46.137353515624994],[61.13046875,46.229833984375],[61.17744140625001,46.23046875],[61.223242187500006,46.27001953125],[61.26777343750001,46.348486328125],[61.28154296875002,46.407275390624996],[61.26445312500002,46.446484375],[61.22792968750002,46.462841796875],[61.17167968750002,46.45654296875],[61.07509765625002,46.46552734375],[60.938085937500006,46.48984375],[60.84619140625,46.524365234375],[60.799414062500006,46.568994140624994],[60.78310546875002,46.632666015625],[60.79726562500002,46.715478515624994],[60.74394531250002,46.764990234375],[60.623046875,46.781298828124996],[60.57021484375002,46.777880859374996],[60.58515625000001,46.754785156249994],[60.637792968750006,46.72080078125],[60.72802734375,46.676025390625],[60.725683593750006,46.625830078125],[60.65117187500002,46.5890625],[60.6044921875,46.578076171875],[60.55458984375002,46.58564453125],[60.50117187500001,46.611767578125],[60.459570312500006,46.592822265624996],[60.4296875,46.52890625],[60.39628906250002,46.54306640625],[60.359375,46.63525390625],[60.3173828125,46.687451171875],[60.2705078125,46.69970703125],[60.1890625,46.676806640624996],[60.07304687500002,46.618798828124994],[60.00917968750002,46.56064453125],[59.99765625,46.502392578125],[60.02070312500001,46.4494140625],[60.078710937500006,46.401757812499994],[60.1728515625,46.389941406249996],[60.30292968750001,46.413916015625],[60.39531250000002,46.405566406249996],[60.449804687500006,46.364990234375],[60.54775390625002,46.322558593749996],[60.58339843750002,46.326464843749996],[60.607519531250006,46.349023437499994],[60.68339843750002,46.381396484374996],[60.69599609375001,46.400683593749996],[60.7109375,46.407617187499994],[60.72832031250002,46.402294921875],[60.74980468750002,46.353662109374994],[60.82255859375002,46.2431640625],[60.82412109375002,46.213427734374996],[60.81191406250002,46.16865234375],[60.72832031250002,46.10126953125],[60.68496093750002,46.078417968749996],[60.65117187500002,46.071044921875],[60.32353515625002,46.102783203125],[60.237890625,46.099755859374994],[60.16474609375001,46.108349609375],[60.10429687500002,46.128564453124994],[60.02871093750002,46.122998046875],[59.86347656250001,46.074511718749996],[59.80488281250001,46.071337890624996],[59.78740234375002,46.088525390624994],[59.81083984375002,46.12607421875],[59.8154296875,46.181396484375],[59.80078125,46.254541015624994],[59.77890625,46.30146484375],[59.74941406250002,46.322119140625],[59.698828125,46.331298828125],[59.57695312500002,46.33349609375],[59.548828125,46.344775390624996],[59.53076171875,46.342675781249994],[59.52265625000001,46.327197265624996],[59.57167968750002,46.25859375],[59.677734375,46.1369140625],[59.70576171875001,46.022119140624994],[59.65546875000001,45.91416015625],[59.62841796875,45.838427734374996],[59.62470703125001,45.794970703124996],[59.59804687500002,45.773242187499996],[59.5484375,45.773242187499996],[59.499121093750006,45.75244140625],[59.45,45.710839843749994],[59.42363281250002,45.704638671874996],[59.419921875,45.733789062499994],[59.40351562500001,45.749902343749994],[59.37431640625002,45.75302734375],[59.35693359375,45.73505859375],[59.35136718750002,45.695947265624994],[59.31855468750001,45.694238281249994],[59.2587890625,45.729833984375],[59.23291015625,45.774804687499994],[59.24101562500002,45.829150390624996],[59.271484375,45.88232421875],[59.32392578125001,45.934375],[59.334570312500006,45.974267578124994],[59.30322265625,46.00205078125],[59.25898437500001,46.00146484375],[59.201757812500006,45.972460937499996],[59.140722656250006,45.9572265625],[59.07587890625001,45.955712890624994],[58.98164062500001,45.974609375],[58.95742187500002,45.968212890625],[58.9501953125,45.942333984375],[58.92626953125,45.932275390624994],[58.88544921875001,45.93818359375],[58.83388671875002,45.92578125],[58.771582031250006,45.89501953125],[58.720703125,45.84765625],[58.68125,45.783642578125],[58.6552734375,45.715722656249994],[58.6279296875,45.600244140624994]]],[[[53.657211,40.857216],[53.65805438455578,40.82314296111517],[53.65265505884516,40.860936090820445],[53.657211,40.857216]]]]},"properties":{"id":"kelteminar-culture","name":"Kelteminar culture","names":{"en":"Kelteminar culture","fr":"Kelteminar culture"},"subjectTo":"Kelteminar culture","partOf":"Kelteminar culture","borderPrecision":1,"wikidata":"Q4132697","wikipedia":{"en":"https://en.wikipedia.org/wiki/Kelteminar_culture"},"year":-5000,"source":"Historical Basemaps","sourceUrl":"https://github.com/aourednik/historical-basemaps"}},{"type":"Feature","geometry":{"type":"MultiPolygon","coordinates":[[[[32.23427734375002,22.673876953125003],[32.238378906250006,22.658642578124997],[32.25625,22.641552734374997],[32.27851562500001,22.62255859375],[32.29570312500002,22.611621093750003],[32.298828125,22.592089843750003],[32.270117187500006,22.564208984375],[32.24843750000002,22.547021484374994],[32.254492187500006,22.5359375],[32.296972656250006,22.531298828125003],[32.32783203125001,22.55014648437499],[32.33193359375002,22.580859375],[32.36806640625002,22.604199218749997],[32.42949218750002,22.65097656249999],[32.51630859375001,22.724511718749994],[32.58632812500002,22.783007812500003],[32.60712890625001,22.822949218749997],[32.61083984375,22.86899414062499],[32.61835937500001,22.896142578124994],[32.6318359375,22.905957031249997],[32.66005859375002,22.921826171874997],[32.68984375000002,22.93798828125],[32.70478515625001,22.946972656249997],[32.72207031250002,22.971972656250003],[32.73906250000002,23.007958984374994],[32.74355468750002,23.032519531250003],[32.78496093750002,23.039013671874997],[32.85859375000001,22.978125],[32.862901276049406,22.976478113963008],[31.973520577529566,22.23390741084457],[31.5411187257211,22.200547817561052],[31.55234375,22.209033203125003],[31.624902343750023,22.24228515624999],[31.64765625000001,22.272998046875003],[31.640234375,22.29697265624999],[31.64521484375001,22.31171875],[31.663671875,22.322070312500003],[31.678515625000017,22.326855468749997],[31.69375,22.333984375],[31.71357421875001,22.351464843749994],[31.74609375,22.362695312499994],[31.79121093750001,22.358056640624994],[31.82568359375,22.351318359375],[31.8310546875,22.381005859374994],[31.855371093750023,22.414746093749997],[31.8974609375,22.44140625],[31.93574218750001,22.481103515624994],[31.952734375,22.535205078125003],[31.9619140625,22.572949218749997],[31.986328125,22.599658203125003],[32.02021484375001,22.63413085937499],[32.05556640625002,22.66464843749999],[32.09550781250002,22.683007812499994],[32.12734375000002,22.688378906249994],[32.16728515625002,22.680371093749997],[32.23427734375002,22.673876953125003]]],[[[32.90664062500002,23.050927734374994],[32.86904296875002,23.088183593750003],[32.855078125,23.117431640625],[32.852636718750006,23.1421875],[32.86494140625001,23.156445312499997],[32.910742187500006,23.16064453125],[32.92949218750002,23.204296875],[32.92128906250002,23.24936523437499],[32.95722656250001,23.240771484375003],[32.99492187500002,23.230664062499997],[33.007421875,23.236962890624994],[33.00712890625002,23.260449218749997],[33.00605468750001,23.300341796875003],[32.99531250000001,23.337207031250003],[32.98994140625001,23.37109375],[32.97900390625,23.396484375],[32.94414062500002,23.429736328125003],[32.921875,23.484521484374994],[32.95058593750002,23.50859375],[33.00478515625002,23.508740234374997],[32.987890625,23.529736328124997],[32.951171875,23.555126953124997],[32.94130859375002,23.562792968750003],[32.92373046875002,23.56748046874999],[32.91093750000002,23.583984375],[32.9091796875,23.609912109375003],[32.92070312500002,23.634082031250003],[32.95097656250002,23.642871093750003],[32.980566406250006,23.65537109374999],[32.9859375,23.695458984374994],[32.94501953125001,23.791210937499997],[32.93300781250002,23.940576171874994],[32.879492187500006,23.987695312499994],[32.82294921875001,23.909765625],[32.827734375,23.872998046874997],[32.86328125,23.828662109375003],[32.87333984375002,23.79160156249999],[32.8701171875,23.759570312500003],[32.84843750000002,23.73325195312499],[32.84345703125001,23.70761718749999],[32.85390625000002,23.676513671875],[32.834375,23.618554687499994],[32.79775390625002,23.583740234375],[32.738867187500006,23.62412109374999],[32.654882812500006,23.63291015624999],[32.62441406250002,23.587451171875003],[32.64609375,23.5673828125],[32.6611328125,23.580273437499997],[32.67568359375002,23.59375],[32.69697265625001,23.587353515624997],[32.70673828125001,23.57041015624999],[32.650390625,23.533984375],[32.59902343750002,23.495800781249997],[32.62177734375001,23.476708984374994],[32.6611328125,23.472265625],[32.70595703125002,23.493408203125],[32.74335937500001,23.516064453124997],[32.78691406250002,23.502832031249994],[32.84101562500001,23.482861328124997],[32.85292968750002,23.43808593749999],[32.851171875,23.38203125],[32.85585937500002,23.34238281249999],[32.84316406250002,23.318017578124994],[32.83281250000002,23.292724609375],[32.8193359375,23.277587890625],[32.78798828125002,23.27255859374999],[32.73906250000002,23.228955078124997],[32.7,23.151171875],[32.66748046875,23.077539062499994],[32.63554687500002,23.004199218750003],[32.613867187500006,22.967529296875],[32.58203125,22.929101562499994],[32.56171875000001,22.899169921875],[32.54218750000001,22.829248046874994],[32.52617187500002,22.794726562500003],[32.500585937500006,22.758056640625],[32.41289062500002,22.694482421874994],[32.33740234375,22.691015625],[32.29218750000001,22.722900390625],[32.22246093750002,22.769335937500003],[32.19072265625002,22.779492187499997],[32.16718750000001,22.78828125],[32.13222656250002,22.780566406250003],[32.08837890625,22.76352539062499],[32.061132812500006,22.75244140625],[32.02421875000002,22.73359375],[31.96503906250001,22.69775390625],[31.911230468750006,22.660888671875],[31.884375,22.63916015625],[31.86376953125,22.613525390625],[31.8408203125,22.583398437499994],[31.82421875,22.565185546875],[31.794238281250017,22.569238281249994],[31.729101562500006,22.602832031250003],[31.675683593750023,22.62578125],[31.679101562500023,22.604199218749997],[31.752343750000023,22.534863281249997],[31.784570312500023,22.48349609374999],[31.73974609375,22.469921875],[31.70429687500001,22.452880859375],[31.68408203125,22.430078125],[31.59296875000001,22.33872070312499],[31.44970703125,22.21005859374999],[31.437074095331084,22.192520824756492],[31.39465645858523,22.189248324641216],[31.46701447345328,23.168427806382862],[31.99763991581892,23.83198811340943],[31.804685209504143,25.758690291252005],[31.032866384245033,26.08408171454335],[30.984627707666345,26.86132537444958],[31.780565871214794,26.92585772940257],[32.793578079367364,26.170700724843538],[32.91417477081411,25.10523318614104],[33.27596484515431,24.11848624405512],[32.98653278568215,23.07970178093528],[32.92460027087257,23.02799246101797],[32.90664062500002,23.050927734374994]]]]},"properties":{"id":"naquada-i","name":"Naquada I","names":{"en":"Naquada I","fr":"Naquada I"},"subjectTo":"Naquada I","partOf":"Naquada I","borderPrecision":1,"wikidata":null,"wikipedia":null,"year":-5000,"source":"Historical Basemaps","sourceUrl":"https://github.com/aourednik/historical-basemaps"}},{"type":"Feature","geometry":{"type":"MultiPolygon","coordinates":[[[[47.03974609375001,30.742382812499997],[47.10371093750001,30.740185546874997],[47.24531250000001,30.710644531249997],[47.40693359375001,30.677880859374994],[47.491308593750006,30.663134765624996],[47.56319712686186,30.663563694820173],[47.60805268932982,30.583366562233063],[45.91712763243577,30.21130497157452],[44.8991217308363,31.514630542172444],[44.05365920238927,32.057289777850166],[43.9501331784978,32.9449444576695],[41.741578002146404,33.82377602492905],[41.7070693275159,34.43791455242474],[43.17199521744942,33.82526686616198],[43.1962890625,33.79208984375],[43.26123046875,33.727734375],[43.33183593750002,33.717089843749996],[43.41962890625001,33.70625],[43.438765283651605,33.71370076923789],[43.48426607098618,33.69467185297993],[44.43325462332468,33.39267394439586],[45.14068245324973,34.53746748136432],[44.640306671107616,33.147428012059855],[45.29597148908693,32.596749269593744],[47.02140522061148,31.63223190338903],[47.47987388758682,30.81253707738563],[47.47197265625002,30.81396484375],[47.42919921875,30.811865234375],[47.357421875,30.78232421875],[47.28974609375001,30.771533203124996],[47.194433593750006,30.800244140624997],[47.14589843750002,30.813525390624996],[47.10332031250002,30.82578125],[47.06279296875002,30.828076171874997],[46.983007812500006,30.856738281249996],[46.92597656250001,30.8916015625],[46.89667968750001,30.899609375],[46.86074218750002,30.916650390624994],[46.81826171875002,30.914599609374996],[46.800878906250006,30.912939453125],[46.74843750000002,30.902539062499997],[46.71171875000002,30.866845703124994],[46.71865234375002,30.836816406249994],[46.75048828125,30.8232421875],[46.76533203125001,30.816552734374994],[46.791601562500006,30.802539062499996],[46.8017578125,30.785986328125],[46.80419921875,30.763671875],[46.807226562500006,30.7375],[46.82216796875002,30.725341796875],[46.85205078125,30.721728515624996],[46.87880859375002,30.72734375],[46.95302734375002,30.733056640624994],[47.03974609375001,30.742382812499997]],[[43.43408203125,33.199462890625],[43.48281250000002,33.190380859375],[43.56640625,33.218505859375],[43.5953125,33.30615234375],[43.55390625000001,33.348291015624994],[43.477148437500006,33.33837890625],[43.42802734375002,33.389501953125],[43.38203125000001,33.435107421874996],[43.30859375,33.34873046875],[43.304296875,33.309423828125],[43.402441406250006,33.256738281249994],[43.43408203125,33.199462890625]]]]},"properties":{"id":"ubaid","name":"Ubaid","names":{"en":"Ubaid","fr":"Ubaid"},"subjectTo":"Ubaid","partOf":"Ubaid","borderPrecision":1,"wikidata":"Q116365497","wikipedia":null,"year":-5000,"source":"Historical Basemaps","sourceUrl":"https://github.com/aourednik/historical-basemaps"}},{"type":"Feature","geometry":{"type":"MultiPolygon","coordinates":[[[[34.70472,31.940277],[34.711937,31.954998],[34.729996,32.000832],[34.731667,32.006386],[34.73277300000012,32.014442],[34.778885,32.125549],[34.797775000000115,32.178055],[34.802803,32.192368],[34.83416,32.290833],[34.868332,32.407494],[34.871109000000104,32.414444],[34.873886,32.42499500000014],[34.895554,32.510277],[34.93403404080475,32.68945109630232],[34.956587824328196,32.704818330962084],[34.959082636339915,32.796657167632006],[34.96243104156021,32.83338189891324],[34.980827,32.839165],[34.98333000000014,32.839165],[34.988052,32.836388],[35.003883,32.82444],[35.012772,32.815552],[35.01722,32.815277],[35.032494,32.82222],[35.035828,32.824165],[35.05638900000014,32.84333],[35.06694,32.85499600000014],[35.07083100000011,32.863327],[35.075554,32.882217],[35.077675,32.892578],[35.07249500000012,32.946938],[35.071663,32.961937],[35.078888,32.986938],[35.088051,33.018051],[35.10194400000012,33.068886000000134],[35.10305000000011,33.0774990000001],[35.102776,33.088333],[35.10083,33.093605],[35.141663,33.130829],[35.188332,33.182777],[35.203049,33.20916],[35.206108,33.224998],[35.209442,33.249443],[35.220276,33.305275],[35.263054,33.425552],[35.273331,33.454163],[35.285271,33.462776],[35.299721,33.470833],[35.302773,33.472771],[35.313889,33.481667],[35.32972,33.495827],[35.35527,33.525276],[35.357216,33.528328],[35.382339,33.58783],[35.394997,33.634438],[35.416939,33.688332],[35.441666,33.741661],[35.463333,33.773888],[35.470833,33.783607],[35.476944,33.794716],[35.480553,33.80722],[35.482552232698545,33.8178705885847],[35.49185088585163,33.83082541104021],[35.50921172347941,33.90759722013976],[35.523605,33.907219],[35.548088,33.901665],[35.569443,33.906944],[35.575829,33.913055],[35.582497,33.921387],[35.634438,34.012772],[35.647774,34.09861],[35.646385,34.112778],[35.640549,34.133331],[35.638885,34.138611],[35.63472,34.14222],[35.629166,34.14444],[35.624992,34.147499],[35.625275,34.153885],[35.628326,34.198326],[35.629715,34.204163],[35.633331,34.208054],[35.646271,34.217186],[35.6470263257829,34.23960450923219],[35.7162084908321,34.312369905669115],[35.82100585411335,34.343776308257006],[35.873065027697336,34.422286592680834],[35.86369911722376,34.45357893750444],[35.900551,34.471939],[35.982773,34.525833],[35.984444,34.52916],[35.991104,34.551109],[35.991943,34.55722],[35.992218,34.568604],[35.989441,34.604439],[35.984993,34.619164],[35.97821316872476,34.63488209189854],[36.34236450168979,34.4556957940545],[36.61214207834135,34.32294756323538],[37.08329688201262,33.21325388465316],[36.19333780841135,32.79618179469779],[35.722183004740096,31.933943244509113],[35.14632713358633,31.48859517883337],[34.67165115633645,31.878104107217084],[34.70472,31.940277]],[[35.63164062500002,32.78164062499999],[35.635839843750006,32.833837890625],[35.62285156250002,32.878369140625],[35.59892578125002,32.899707031249996],[35.565039062500006,32.8916015625],[35.539160156250006,32.855615234374994],[35.53388671875001,32.80341796875],[35.55126953125,32.749609375],[35.57685546875001,32.7203125],[35.61591796875001,32.749169921874994],[35.63164062500002,32.78164062499999]]]]},"properties":{"id":"ghassul","name":"Ghassul","names":{"en":"Ghassul","fr":"Ghassul"},"subjectTo":"Ghassul","partOf":"Ghassul","borderPrecision":1,"wikidata":null,"wikipedia":null,"year":-5000,"source":"Historical Basemaps","sourceUrl":"https://github.com/aourednik/historical-basemaps"}},{"type":"Feature","geometry":{"type":"MultiPolygon","coordinates":[[[[35.972771,34.647499],[35.949715,34.694443],[35.931389,34.738609],[35.883331,34.874443],[35.875275,34.902222],[35.874718,34.908333],[35.874992,34.918884],[35.877777,34.986382],[35.882774,35.064995],[35.885551,35.101387],[35.886665,35.105553],[35.923882,35.15361],[35.953049,35.189163],[35.957771,35.194717],[35.959442,35.198326],[35.958885,35.202217],[35.950829,35.22583],[35.941666,35.24472],[35.929146,35.262062],[35.919998,35.421104],[35.918053,35.424164],[35.858604,35.476944],[35.855553,35.479164],[35.733887,35.581665],[35.782494,35.638054],[35.826942,35.708611],[35.841942,35.734993],[35.845551,35.741661],[35.879166,35.863884],[35.92244,35.926994],[35.980217,35.995499],[35.976662,36.00972000000013],[35.95498700000013,36.066376],[35.941933,36.095276000000126],[35.850266,36.21888000000013],[35.79299086821735,36.28120286676752],[35.81413775274349,36.29849189880415],[35.81724074791218,36.30102881069841],[36.09526351402546,36.48246344204607],[36.10452178428913,36.56117209072771],[36.103446456700965,36.56411025484921],[36.149712,36.587494],[36.1586,36.588875],[36.169434,36.588326],[36.174164,36.588875],[36.182487,36.591385000000116],[36.188889,36.594437],[36.19360400000011,36.599991],[36.195267,36.603333000000134],[36.215828,36.64637800000014],[36.217766,36.654999],[36.217766,36.658875],[36.206657,36.763878],[36.205826,36.770821000000126],[36.193329,36.791939],[36.166382,36.828606],[36.134995,36.85833],[36.124435,36.86805],[36.076935000000105,36.9033280000001],[36.06193500000012,36.914444],[36.03138000000013,36.92416400000013],[36.021935,36.926384],[36.01693,36.926384],[36.012772,36.925278000000105],[36.001656,36.92083000000014],[35.961937,36.898041],[35.953049,36.891663],[35.936935,36.87638900000013],[35.91027100000014,36.8461],[35.899437,36.836098],[35.826935,36.779442],[35.820824,36.77555100000012],[35.797768,36.76748700000013],[35.789719,36.764709],[35.720833,36.756386],[35.709991,36.757767],[35.705544,36.759163],[35.702492,36.761101],[35.693604,36.763878],[35.64666,36.753609],[35.643044000000145,36.752213],[35.609444,36.733887],[35.573914,36.707352],[35.572495,36.703606],[35.572495,36.700272],[35.574432,36.689156],[35.575829,36.685822],[35.57972,36.684998],[35.611107,36.687775],[35.636101,36.682213],[35.638054000000125,36.64193],[35.636658,36.61805],[35.635544,36.614159],[35.633881,36.6105500000001],[35.628876000000105,36.604996],[35.61637900000011,36.596931],[35.613554377289326,36.59552096246724],[35.56761458824421,36.58741720791521],[35.552945997222004,36.58052687702342],[35.548325,36.582222000000115],[35.545273,36.58416],[35.532494,36.596931],[35.50721,36.60971100000012],[35.503609,36.611382],[35.498878,36.61193100000014],[35.48333,36.60666700000013],[35.412491,36.580269],[35.372118477782045,36.55988722611954],[35.402751016145814,37.25969946983815],[37.047596759830185,37.694810947448495],[37.725347343047325,37.27966444078409],[38.59708912706908,36.745691375601076],[39.00234097696233,35.881318332473775],[37.4766869538348,35.221906291716785],[36.523153189380096,34.929269328665015],[36.34236450168979,34.4556957940545],[35.97821316872476,34.63488209189854],[35.972771,34.647499]]]]},"properties":{"id":"amuq-d","name":"Amuq D","names":{"en":"Amuq D","fr":"Amuq D"},"subjectTo":"Amuq D","partOf":"Amuq D","borderPrecision":1,"wikidata":null,"wikipedia":null,"year":-5000,"source":"Historical Basemaps","sourceUrl":"https://github.com/aourednik/historical-basemaps"}},{"type":"Feature","geometry":{"type":"MultiPolygon","coordinates":[[[[-2.217223,36.745552],[-2.231112,36.764442],[-2.281389,36.82000000000011],[-2.286667,36.823608],[-2.298611,36.829437],[-2.343889,36.840271],[-2.350278,36.840828],[-2.481945,36.82999400000011],[-2.555278,36.81472],[-2.555536833088118,36.81455650066014],[-2.624331441418878,36.811297975737475],[-2.761496749417535,36.69013937588396],[-2.832004986931129,36.69013937588396],[-2.859445,36.695274],[-2.874167,36.705276],[-2.878889,36.710274],[-2.881389,36.715553],[-2.888056,36.724716],[-2.896111,36.733604],[-2.918056,36.744995],[-2.928889,36.749718],[-3.125,36.7502750000001],[-3.230834,36.748055],[-3.259167,36.746941000000106],[-3.3275,36.739716],[-3.340217623535056,36.73635093660712],[-3.5666632122298,36.733417510384044],[-3.595278,36.746941000000106],[-3.607778,36.74582700000013],[-3.639722,36.740555],[-3.669445,36.733604],[-3.672566361861267,36.73204561756853],[-3.736817531244615,36.731213293714404],[-3.785556,36.74249300000014],[-3.816389,36.75],[-3.848889,36.752495000000124],[-4.024723,36.741386],[-4.127935856101113,36.72614666045794],[-4.389939297483085,36.72275260994932],[-4.391667,36.723053],[-4.394553019500377,36.722692842774215],[-4.446585622327081,36.72201880093279],[-4.757303681866876,36.48610647793474],[-4.760417078043133,36.48558799002934],[-4.76139,36.48555],[-4.781667,36.487221],[-4.794168,36.490273],[-4.813612,36.496384],[-4.832223,36.498886],[-4.852501,36.500832],[-4.878056,36.500832],[-4.913889,36.498886],[-4.940001,36.491661],[-5.073611,36.448883],[-5.086667,36.44416],[-5.15089897040459,36.42055927957708],[-5.216736283795587,36.4095950948781],[-5.37422749091839,36.2374759542531],[-5.380110689756063,36.177578040737586],[-5.38139,36.178329],[-5.395278,36.179443000000106],[-5.416112,36.178886],[-5.422501,36.177773000000116],[-5.431667,36.169167],[-5.445278,36.143883],[-5.44389,36.133606],[-5.439827716882958,36.11708135147984],[-5.457090821759454,36.167358003813646],[-5.487933125989191,36.173724733549975],[-5.48548647453045,36.065368257719896],[-5.638429211676368,36.01526545768911],[-5.797223,36.073883],[-5.807222,36.080551],[-5.811111,36.084999],[-5.822223,36.098328],[-5.829167,36.107773],[-5.83639,36.116386],[-5.840279,36.120827],[-5.854167,36.134995],[-5.879445,36.160553],[-5.884167,36.164162],[-5.911389,36.179161],[-5.918334,36.18110700000011],[-6.025556,36.184441000000106],[-6.032674,36.181156],[-6.033975668744105,36.1809183766756],[-6.047220496539014,36.18877879421986],[-6.050834,36.19194],[-6.158334,36.305275],[-6.226945,36.40471600000012],[-6.26139,36.469994],[-6.263056,36.481667],[-6.249722,36.46833],[-6.239722,36.461937],[-6.233334,36.46138800000011],[-6.226111,36.463608000000136],[-6.22,36.46694200000013],[-6.215279,36.470833],[-6.172778,36.512215],[-6.176667,36.516663],[-6.230834,36.574997],[-6.238056,36.58138300000013],[-6.297501,36.613884],[-6.337223,36.620552],[-6.361945,36.616386],[-6.368334,36.616943],[-6.386667,36.623886],[-6.392501,36.626389],[-6.400834,36.634163],[-6.427501,36.682777],[-6.432501,36.692215],[-6.435,36.69722],[-6.443611,36.718887],[-6.441668,36.739441],[-6.437222,36.74360700000011],[-6.355556,36.860832],[-6.578889,37.01944],[-6.725834,37.091942],[-6.893005579836289,37.16072859754703],[-6.261581655326053,37.949715720835464],[-3.838944625597204,38.2021237091424],[-2.306982974445138,37.80911293936386],[-1.631126740150111,37.43532711603939],[-1.816879835622064,37.29247625942888],[-1.940475192563287,36.951598726469896],[-2.2166521860504,36.74496580217571],[-2.217223,36.745552]]],[[[-5.421945,36.075829],[-5.424399698506464,36.0721491610272],[-5.427141830900823,36.08013528160231],[-5.421945,36.075829]]]]},"properties":{"id":"la-almagra-culture","name":"La Almagra culture","names":{"en":"La Almagra culture","fr":"La Almagra culture"},"subjectTo":"La Almagra culture","partOf":"La Almagra culture","borderPrecision":1,"wikidata":null,"wikipedia":null,"year":-5000,"source":"Historical Basemaps","sourceUrl":"https://github.com/aourednik/historical-basemaps"}},{"type":"Feature","geometry":{"type":"MultiPolygon","coordinates":[[[[22.616943,38.909164],[22.611942000000113,38.908882],[22.550606125509315,38.88984456378529],[22.490498575670966,38.87685354824724],[22.523414955712017,38.87078493634605],[22.52305200000012,38.860832],[22.523331,38.857216],[22.553608,38.83416],[22.558052,38.832497],[22.579166,38.825829],[22.584721,38.824997],[22.60611,38.823608],[22.610275,38.82444],[22.617775,38.827499],[22.65347364515364,38.82956728440982],[22.7232885689571,38.793170534331225],[22.755633881168144,38.78834321046892],[22.756664,38.787498],[22.771942,38.779999],[22.906004370272402,38.75908826043793],[22.984231028063544,38.6670413839406],[23.076755876750518,38.6712498352705],[23.09222000000011,38.648331],[23.105831,38.631386],[23.108887,38.629166],[23.113331,38.627495],[23.117496,38.628052],[23.13361,38.632774],[23.167774000000122,38.64305100000013],[23.17707104652955,38.64705729138345],[23.19099524925495,38.610343538481615],[23.35615638206745,38.489501558501146],[23.49384406517292,38.48313101406755],[23.555766138537177,38.351764284331225],[23.682751688463934,38.34651144619646],[23.686042817032533,38.34651144619646],[23.799164,38.323883],[23.83960485660164,38.31544838183806],[23.96074393699909,38.20991476650896],[23.96699050377155,38.15213354702654],[23.880024942858466,38.115356050688646],[23.98729995201374,37.763427339751146],[23.932713321483444,37.70120659465803],[23.924442,37.720276],[23.907776,37.761108],[23.887497,37.782776],[23.861664000000133,37.804161000000136],[23.847221,37.812218],[23.821663000000115,37.822777],[23.817219000000136,37.82444],[23.774441,37.834442],[23.573687292235928,37.95994562725585],[23.55689659256624,37.98243102917336],[23.56361,37.985275],[23.570831,37.98832700000014],[23.588055,38.000549],[23.592499,38.00666],[23.5975,38.018608],[23.598331,38.026939],[23.597221000000104,38.02944200000013],[23.586109000000135,38.038887],[23.578053,38.042496],[23.57222,38.043327],[23.515553000000125,38.04055000000011],[23.51515850464276,38.040423471408175],[23.495701822741278,38.06807669277849],[23.419257196886786,38.06807669277849],[23.195841822130927,38.00503882046404],[22.98061469505573,37.95776709194841],[22.898057016833075,37.899989687163256],[22.994908062522438,37.87131005168803],[23.002499,37.851387],[23.004719,37.84888500000011],[23.012218000000132,37.844994],[23.021595000000104,37.841873],[23.041075606770598,37.840729293191195],[23.04539206932331,37.773578249174975],[23.048874887926825,37.642631136137865],[23.1513834328487,37.59012182827654],[23.19288557192587,37.59714452766922],[23.195831,37.595276],[23.277496,37.553329],[23.322777,37.532494],[23.328609,37.531662],[23.33289194256391,37.53269592370446],[23.418124231798895,37.46934088345232],[23.18497947166706,37.427333437163256],[23.185792002184638,37.37482794399919],[23.109564814074286,37.34664114590349],[23.066387,37.35869242679293],[23.066387,37.393051],[23.069443,37.395271],[23.073608,37.396111],[23.077774,37.39444],[23.084442000000138,37.390274],[23.088886,37.389717],[23.10611,37.39249400000011],[23.136944,37.418053],[23.136108,37.437218],[23.128887000000134,37.448051],[22.97916400000014,37.515831000000105],[22.931942,37.534164],[22.927498,37.535828],[22.779999,37.589996],[22.774719,37.590271],[22.762218,37.588882000000126],[22.74361,37.58194],[22.730553,37.57416500000011],[22.72583,37.568329],[22.722775,37.561386],[22.723053000000107,37.549721],[22.723580139753967,37.542307355846766],[22.713290247423895,37.54343374844255],[22.642317804796942,37.584865175444506],[22.638745340807684,37.49228628750505],[22.72623923729206,37.28850897427263],[22.81334975670124,37.212054811674975],[22.793108973009833,37.13855703945818],[22.886887583239325,37.0466800558156],[22.98255256126667,36.61475332852068],[22.87818747264593,36.66188008892759],[22.788055,36.79583],[22.785553,36.798607],[22.781944,36.800552],[22.77277800000013,36.802216],[22.730553,36.805832],[22.643608,36.804993],[22.634163,36.804443],[22.62611,36.802498],[22.59610700000013,36.792221],[22.588886,36.789162],[22.572777,36.773888],[22.546156456067624,36.726807587996866],[22.524447473986395,36.722125612456225],[22.39029601524616,36.524371706206225],[22.375814062776058,36.548463342083316],[22.35611,36.69944],[22.29694400000011,36.814995],[22.24361,36.873329],[22.185555,36.892776],[22.146385,36.950829],[22.160553,37.002495],[22.158886,37.01332900000011],[22.156387,37.019722],[22.152775,37.02166],[22.147778,37.022774],[22.120831,37.026665],[22.073055,37.03083],[22.063053,37.03083],[22.049999,37.029160000000104],[22.029163,37.024719],[21.994263417128494,37.01243395375267],[21.984171900255927,37.02048071499529],[21.964954529217678,37.00176629753303],[21.953609,36.99749800000012],[21.937496,36.987778],[21.933052,36.981384],[21.926388,36.96666],[21.926296219717884,36.964119746351585],[21.780915293200263,36.82254370327654],[21.690446112091585,36.89712493666233],[21.69722,36.914162],[21.706944,36.919716],[21.711388,36.92610900000011],[21.712776000000133,36.92999300000014],[21.713608,36.933609],[21.711941000000138,36.944443],[21.707775,36.950272],[21.637497,37.009438],[21.612221,37.026939],[21.581944,37.061104000000114],[21.580276,37.066666],[21.564999,37.144997],[21.564163,37.152496],[21.566109,37.161385],[21.577221,37.193886000000134],[21.578888,37.197777],[21.585552,37.20694],[21.590553,37.212219],[21.605,37.2241590000001],[21.630276,37.234444],[21.66972,37.268326],[21.674999000000128,37.273605],[21.694721,37.305275],[21.695831,37.309715],[21.696388,37.325829],[21.681389,37.376389],[21.659721000000104,37.423882],[21.64971900000012,37.44194],[21.604721,37.504715],[21.580555,37.53083],[21.57222000000013,37.538055],[21.557777,37.549721],[21.532497,37.56694],[21.401108,37.651665],[21.29361,37.77861],[21.276943,37.789162],[21.23611178051529,37.8081100531466],[21.221131357653388,37.828395448882006],[21.22843078087116,37.904906831938646],[21.4404516548946,38.17951544399919],[21.518189734861387,38.16701285803126],[21.52972000000011,38.1616590000001],[21.539719,38.159439000000134],[21.595276,38.148888],[21.61143563405084,38.1520161553693],[21.7144995064571,38.13544043179216],[21.905766520006903,38.26973684902849],[21.996687921984442,38.2507816183156],[22.7472143502071,37.95260580654802],[22.803444176486398,37.96929508583489],[22.857498,37.941109],[22.868053,37.938049],[22.908054000000106,37.938049],[22.943054,37.94360400000011],[22.954998000000103,37.9469380000001],[22.958332,37.948608],[22.96611,37.95694],[22.972221,37.966942],[22.978886,37.98221600000011],[22.977219,37.985275],[22.949165000000107,38.00166300000012],[22.922372418062857,38.014968340287],[22.99885508171523,38.07112612407591],[23.008888000000127,38.067497],[23.0191650000001,38.061386],[23.023609,38.059715],[23.045555,38.058327],[23.05916600000012,38.057495],[23.097775,38.058609],[23.102497,38.058884],[23.114134,38.060772],[23.124722000000133,38.062492],[23.168888,38.07444],[23.209999,38.095551],[23.216389,38.099716],[23.21833,38.10305],[23.226387,38.149437],[23.226109,38.153053],[23.223053,38.155548],[23.120552,38.209717],[23.116108,38.211105],[23.025276,38.217499],[22.966942,38.213608000000136],[22.943054,38.208054],[22.9442223040327,38.19029729270389],[22.925330489593982,38.19423727769141],[22.923332,38.19500000000011],[22.835278,38.226387],[22.81661927446861,38.22879088063618],[22.75722136188771,38.25313626842338],[22.68972,38.323608],[22.587776,38.330551],[22.533886,38.344994],[22.510277,38.375275],[22.463886,38.424721],[22.460831,38.4272160000001],[22.4175,38.444443],[22.413055,38.446106],[22.403332,38.448051],[22.400555,38.44554900000014],[22.38417501039723,38.4060365589389],[22.333741220934638,38.42670782681169],[21.82647231529499,38.46395834561052],[21.66125777672077,38.438109956938646],[21.393006823807934,38.414517112381326],[21.365555,38.433052],[21.350555,38.432777],[21.34226509720639,38.404591927327054],[21.172404322130927,38.347838960844896],[21.13822790148758,38.39076225129617],[21.139721,38.393051],[21.139442,38.396942],[21.1227760000001,38.429718],[21.116386,38.438049],[21.110815,38.434151],[21.108913,38.430569],[21.10705945371195,38.42990772971679],[21.106338642938592,38.43081301966825],[21.106388,38.430832],[21.108887,38.433884],[21.110832,38.437218],[21.112499000000128,38.445274],[21.111385,38.44888300000014],[21.086388,38.503052],[20.989441,38.669998],[20.986385,38.672218],[20.901108,38.73194100000012],[20.855694800710666,38.74560486261875],[20.771830591662177,38.85093268032732],[20.892598185045966,38.895831667143725],[21.006508860094794,38.870544038969896],[21.038831645153984,38.88741094019364],[21.04583,38.88304900000014],[21.049442000000113,38.88110400000011],[21.083332,38.864166],[21.086941,38.863884],[21.140831,38.931938000000116],[21.166386000000102,38.975273],[21.164997,38.982498000000135],[21.16333,38.985275],[21.154168686983375,38.996725266936465],[21.159516367419013,39.00482519741716],[21.126722490333087,39.02811013946746],[21.11857095610848,39.036722872361466],[21.694983847796756,39.126282215465544],[22.866936844049988,39.04054271376028],[22.87106231163288,39.02434881802263],[22.784213098986395,38.940333925444506],[22.62955326562696,38.906907370815546],[22.616943,38.909164]]],[[[24.568607,38.147499],[24.57645716673629,38.1176893993834],[24.527188458790736,37.967368965721576],[24.43238200447501,37.97537602822578],[24.387218000000132,37.993607],[24.326111,38.044716],[24.208611,38.156662],[24.148609000000135,38.215271],[24.11083200000013,38.28833],[24.049999000000128,38.365829],[24.056942000000106,38.373886],[24.059166,38.37722],[24.058887,38.381104],[24.05722,38.384163],[24.049721,38.391937],[24.04472,38.393051],[24.000000000000114,38.401665],[23.99472,38.401939],[23.9780540000001,38.39249400000011],[23.970554,38.389442],[23.962760228064838,38.388770306602225],[23.72806372431162,38.40026679139428],[23.673332,38.409996],[23.643615591789267,38.41848531075405],[23.64031972983946,38.42138990280745],[23.616943,38.45221700000013],[23.618053,38.470551000000114],[23.62138700000014,38.472496],[23.62638900000013,38.478333],[23.636944,38.503052],[23.63749700000011,38.507217],[23.634478651753398,38.51703125116793],[23.63772814271976,38.52262680680808],[23.631613216753188,38.52616038681878],[23.625832,38.541664],[23.623608,38.544441],[23.59861,38.57000000000011],[23.595554,38.57249500000012],[23.492222,38.632217],[23.33138700000012,38.742493],[23.199997,38.830826],[23.19611,38.832771],[23.157497,38.847496],[23.148052,38.850273],[23.142610527383525,38.85125039576447],[23.120776847909273,38.86676557896794],[22.869903425427715,38.83716368115139],[22.939101705012522,38.896686085562656],[23.096664,38.983604],[23.129391707965784,39.00313072383909],[23.130265928515215,39.0034477633109],[23.26148797591078,39.03266187541015],[23.388618953820476,38.956310377817076],[23.446388,38.872498],[23.461941,38.853333],[23.471386,38.842499],[23.516109,38.811386],[23.59194200000013,38.764717],[23.765274,38.706665],[23.846664,38.68222],[23.946663,38.662773],[23.95111100000014,38.66333],[24.0075,38.67305],[24.13424866466875,38.65020062429139],[24.15380363147404,38.62422123482924],[24.15361,38.57332600000012],[24.187222,38.39249400000011],[24.247219,38.231941],[24.257221,38.217773000000136],[24.259441,38.214996],[24.269165,38.204437],[24.299164,38.189995],[24.334721,38.160271],[24.338886,38.158607],[24.427776,38.144165],[24.460552,38.13888500000013],[24.465832,38.138329],[24.47583,38.138054000000125],[24.553886,38.141106],[24.568607,38.147499]]]]},"properties":{"id":"dimini","name":"Dimini","names":{"en":"Dimini","fr":"Dimini"},"subjectTo":"Dimini","partOf":"Dimini","borderPrecision":1,"wikidata":"Q21447492","wikipedia":null,"year":-5000,"source":"Historical Basemaps","sourceUrl":"https://github.com/aourednik/historical-basemaps"}},{"type":"Feature","geometry":{"type":"MultiPolygon","coordinates":[[[[47.54214023621279,54.83884451067818],[47.668615759815154,55.95206561436708],[50.28244324759737,57.17727257222134],[54.27364314547353,58.159775684092004],[55.47733835276951,59.50388971993976],[56.61768118073414,59.63224510443366],[57.124500215385076,58.1931816855469],[56.42762404274003,56.414048712775816],[54.146938386810795,55.16755918632301],[50.09238610960327,54.62107325602842],[49.19223920665081,54.52831558747683],[48.90786356467395,54.54810994389942],[48.908789062500006,54.549560546875],[48.8955078125,54.58154296875],[48.94257812500001,54.616552734375],[48.97314453125,54.6412109375],[48.97607421875,54.666943359375],[48.986328125,54.72763671875],[49.080664062500006,54.775732421875],[49.09785156250001,54.80048828125],[49.0302734375,54.80869140625],[48.969335937500006,54.828125],[48.93984375000002,54.901660156249996],[49.00849609375001,54.970068359375],[49.13642578125001,54.997851562499996],[49.22441406250002,55.02333984375],[49.31972656250002,55.01376953125],[49.39609375,55.016064453125],[49.44550781250001,55.051611328125],[49.4521484375,55.0736328125],[49.46074218750002,55.114111328125],[49.52324218750002,55.13388671875],[49.692480468750006,55.190722656249996],[49.81074218750001,55.24365234375],[49.89199218750002,55.293701171875],[50.734472656250006,55.407080078125],[50.76357421875002,55.428857421875],[50.87714843750001,55.45205078125],[51.07109375000002,55.4150390625],[51.12978515625002,55.393017578125],[51.18427734375001,55.357421875],[51.21875,55.400146484375],[51.19843750000001,55.441162109375],[51.17421875000002,55.4634765625],[51.20585937500002,55.488720703125],[51.41044921875002,55.441015625],[51.52373046875002,55.50302734375],[51.55019531250002,55.558398437499996],[51.61503906250002,55.565380859375],[51.714453125,55.592822265624996],[51.72773437500001,55.643017578125],[51.74843750000002,55.67529296875],[51.79960937500002,55.683935546875],[51.885839843750006,55.670849609375],[51.9365234375,55.699072265625],[51.87470703125001,55.70361328125],[51.76347656250002,55.720458984375],[51.63496093750001,55.6458984375],[51.521484375,55.63232421875],[51.46083984375002,55.700976562499996],[51.47158203125002,55.79501953125],[51.48027343750002,55.83271484375],[51.44814453125002,55.812304687499996],[51.413671875,55.774462890624996],[51.398046875,55.684912109375],[51.46660156250002,55.58984375],[51.46914062500002,55.511279296874996],[51.41386718750002,55.494384765625],[51.35341796875002,55.495556640625],[51.3310546875,55.49892578125],[51.254980468750006,55.526171875],[51.12578125000002,55.501123046875],[50.83388671875002,55.479541015624996],[50.67519531250002,55.450634765625],[50.4814453125,55.4599609375],[50.37910156250001,55.430517578125],[50.22480468750001,55.438427734375],[50.08955078125001,55.46279296875],[49.99990234375002,55.4150390625],[49.78828125000001,55.38349609375],[49.58281250000002,55.390234375],[49.45488281250002,55.403613281249996],[49.37128906250001,55.464794921875],[49.36767578125,55.524267578125],[49.36738281250001,55.544384765625],[49.32900390625002,55.5177734375],[49.33193359375002,55.4515625],[49.328125,55.37890625],[49.358007812500006,55.3390625],[49.303320312500006,55.323388671875],[49.233496093750006,55.337939453124996],[49.18886718750002,55.381201171875],[49.11953125000002,55.475927734375],[49.05898437500002,55.482666015625],[49.04765625000002,55.442822265625],[49.103515625,55.352880859375],[49.17226562500002,55.29267578125],[49.15947265625002,55.1630859375],[48.97685546875002,55.073974609375],[48.859472656250006,55.01162109375],[48.86376953125,54.87080078125],[48.83154296875,54.803662109375],[48.808203125,54.73291015625],[48.7451171875,54.675048828125],[48.55146484375001,54.652197265625],[48.441966102980075,54.60777499030185],[47.54214023621279,54.83884451067818]]]]},"properties":{"id":"volga-kamm","name":"Volga-Kamm","names":{"en":"Volga-Kamm","fr":"Volga-Kamm"},"subjectTo":"Volga-Kamm","partOf":"Volga-Kamm","borderPrecision":1,"wikidata":null,"wikipedia":null,"year":-5000,"source":"Historical Basemaps","sourceUrl":"https://github.com/aourednik/historical-basemaps"}},{"type":"Feature","geometry":{"type":"MultiPolygon","coordinates":[[[[15.091944,37.349716],[15.093887,37.342773],[15.115813516597212,37.305334443693965],[15.116248163683661,37.286944948393725],[15.153793347097006,37.240485564650356],[15.186943,37.183884],[15.203888,37.157494],[15.229443,37.12610600000011],[15.231943,37.123604],[15.251665,37.11166400000013],[15.256109,37.110275],[15.259474817760482,37.109712571852235],[15.30134681175495,37.0578990804738],[15.22063163231159,37.00037726040544],[15.16163770898346,36.92246850155265],[15.152777,36.916382],[15.148611,36.910271],[15.138845448210258,36.89236850738185],[15.123358306784915,36.8719158251638],[15.027343782885321,36.745116792876146],[14.942398104174384,36.7385631429738],[14.6220226616695,36.776141725737475],[14.41178046134388,36.91756743268092],[14.410276,36.919716],[14.393888,36.942497],[14.37361,36.966385000000116],[14.353685,36.983864],[14.340555,36.99472000000014],[14.283888,37.036942],[14.268888,37.04805],[14.245832,37.062218],[14.15361,37.09638200000012],[14.136389,37.101662],[14.109722,37.108887],[14.093887,37.110832],[14.018725434996643,37.1103951418346],[13.868404421313056,37.15695150967302],[13.608286964560348,37.26865107158347],[13.259012488959378,37.418636414351994],[13.25666600000011,37.421944],[13.218332,37.45527600000014],[13.166666,37.487778],[13.158888,37.491104],[13.149166,37.49305],[13.085833,37.49305],[12.99,37.536942000000124],[12.98,37.546104],[12.970833,37.552498],[12.953609000000142,37.56221800000014],[12.925278000000105,37.572495],[12.920555,37.573608],[12.8025,37.57999400000011],[12.783054,37.578049000000135],[12.756109,37.573051000000135],[12.734999,37.567772],[12.732378379510862,37.56707297218091],[12.636879000170477,37.581500612456225],[12.579582451710557,37.61274436779638],[12.523852609528399,37.65205012184048],[12.454147371752509,37.766009889799975],[12.51664451072956,37.91916998501482],[12.66432574699665,38.07249792690935],[12.768249924182198,38.111852818866055],[12.821665,38.068886],[12.875832,38.030273000000136],[12.892221,38.024437],[12.896666,38.023331],[12.906666,38.023048],[12.916666,38.02388800000011],[12.930555,38.025833],[12.955555,38.032776000000126],[13.019165,38.058884],[13.046028531837138,38.07048234653813],[13.065952333910712,38.0669322835988],[13.317926674234535,38.217788645931684],[13.320555,38.21666],[13.356943,38.188332000000116],[13.358889,38.185555],[13.368889000000138,38.166664],[13.375277,38.153885000000116],[13.375277,38.149719],[13.36861,38.140831],[13.362778,38.128609],[13.363609,38.124718],[13.36972,38.11610400000012],[13.372499,38.11360900000011],[13.382500000000107,38.107498],[13.711388,37.976662],[13.752499,37.971382],[13.768888,37.970551],[13.791111,37.972221],[13.792212717044974,37.972461294167864],[13.809530291064032,37.966415010649584],[14.134472879870184,37.97345312710466],[14.765865358813056,38.05761297817888],[15.058142158389764,38.12725271722609],[15.074999,38.121666],[15.086666,38.12082700000013],[15.090832,38.121666],[15.102499,38.125832],[15.150833,38.145554],[15.173014735297118,38.15462299188044],[15.386741671068915,38.20554693813982],[15.453687700732,38.16741522427263],[15.47289279411579,38.11005743618669],[15.422523531420477,38.05257376309099],[15.292331544218145,37.852942827426155],[15.235277,37.785271],[15.219721,37.764442],[15.218967116890369,37.740448889921396],[15.181032213671454,37.68228109951677],[15.13443363452771,37.531187485065594],[15.11861,37.51944],[15.098331,37.498604],[15.093611000000124,37.49305],[15.091389000000106,37.48999800000013],[15.086666,37.479439],[15.085833,37.463051],[15.091110000000128,37.35804],[15.091944,37.349716]]],[[[14.519309076769598,42.229701601225756],[14.715345639074208,42.14378180597006],[14.714998,42.141937],[14.720554000000106,42.107498000000135],[14.722776,42.100555],[14.729290666112105,42.09420819947926],[14.738527330858954,42.0471568929738],[14.922405275805243,41.97177084561052],[15.448605570299872,41.8567272054738],[16.012843164904364,41.904323183257006],[16.187411341173895,41.84086187954607],[16.19322060725121,41.79060553505196],[16.189999000000114,41.781105],[16.164997,41.757774],[16.138885,41.740555],[16.030552,41.676941],[15.986111,41.655548],[15.974443000000122,41.650833],[15.943609,41.642776],[15.931944,41.638329],[15.924721,41.63472],[15.914999,41.628052],[15.9,41.616386],[15.895277,41.610275000000115],[15.891666,41.593048000000124],[15.890276,41.58388500000012],[15.889721,41.571106],[15.891109000000142,41.559441],[15.895555000000115,41.536942],[15.898179241378132,41.53064145863918],[15.873253855211981,41.50214346523943],[15.99104407737995,41.40614279385271],[16.420268091662177,41.2787242757863],[16.44293898660067,41.270749947080034],[16.491943,41.25222],[16.657776,41.191383],[16.710489265527343,41.17664100804593],[16.945963892443427,41.09381445522966],[17.258607996659602,40.955994251860766],[17.319272074206122,40.929252229887865],[17.373476851313374,40.90402511502907],[17.471943,40.829994],[17.475277,40.827774],[17.496387,40.819717],[17.705505977904252,40.749497463408986],[18.030533893191134,40.59822820285962],[18.036388000000102,40.57972000000012],[18.035275,40.575829],[18.038609,40.556938],[18.039719,40.553604],[18.049481199733627,40.546945521614006],[18.059941324694403,40.513534151274584],[18.383612665636786,40.30775030728044],[18.514855238561452,40.10610539771989],[18.513885,40.09861],[18.479721,40.045273],[18.474442,40.039993],[18.467777,40.035828],[18.447498,40.029716],[18.440277,40.026382],[18.41972,39.995827],[18.417774,39.992218],[18.399441000000138,39.936104],[18.394997,39.9138870000001],[18.394722,39.909721],[18.397221,39.903053],[18.401108,39.89694200000014],[18.401665,39.893326],[18.391388,39.81805400000013],[18.390831,39.814438],[18.378052,39.800552],[18.372498,39.79583],[18.349442,39.79193900000013],[18.331387,39.804993],[18.328053,39.80722],[18.306942,39.81916],[18.303055,39.820831],[18.265831,39.8316650000001],[18.248608,39.83305400000012],[18.226944,39.833328],[18.22386035667806,39.83379514393017],[18.160130533678778,39.873134218413256],[18.04349990928924,39.934082061966734],[18.035,39.944443],[18.01123989324672,39.97377210297616],[18.005194086468812,40.000616429617786],[18.009998,39.999161],[18.014442,40],[18.019722000000115,40.00555400000013],[18.022221000000116,40.013611],[18.022221000000116,40.017776],[18.015553,40.094162],[18.014999,40.097771],[18.009163,40.106667],[17.967896250245836,40.16622464955861],[17.967745813830145,40.16689261074724],[17.967178593608946,40.16726039729105],[17.906387,40.254997],[17.859165,40.283607],[17.855274,40.285271],[17.785,40.29444100000012],[17.762775,40.296661],[17.678886,40.303886],[17.668053,40.304161],[17.636387,40.303329],[17.549999,40.299721],[17.509441,40.296944],[17.504166,40.2980500000001],[17.392776,40.330551],[17.207365127313036,40.4060286371209],[17.215826436925916,40.42745387286722],[17.245831,40.454994],[17.268055,40.473328],[17.289997,40.46971900000011],[17.310276,40.471107],[17.317497,40.474716],[17.321941,40.480553],[17.32611100000014,40.491386],[17.324165,40.494438000000116],[17.315552,40.497498],[17.310276,40.498329],[17.128810012586214,40.51684058106787],[17.084080728991278,40.525111757475756],[17.06730843927077,40.5196574311675],[17.046944,40.515274],[17.017776,40.506386000000134],[16.998333,40.498886],[16.990913667179512,40.494813952896266],[16.94871238182331,40.48109015103044],[16.92819415017218,40.45794834289692],[16.924999,40.455551],[16.913609000000122,40.44554900000014],[16.874165,40.405273000000136],[16.863796,40.390350000000126],[16.797497,40.318604],[16.785553,40.304161],[16.752499,40.252777],[16.746944,40.236938],[16.746387,40.232498],[16.741665,40.216385],[16.738609,40.208611],[16.7071475877908,40.16807089944014],[16.642999067595966,40.11926528812087],[16.64135,40.118301],[16.637218,40.115829],[16.6227760000001,40.10388200000011],[16.62276077487512,40.103867547918924],[16.60441306541706,40.08990820522966],[16.60568770555094,40.08189868278711],[16.604721,40.079437],[16.599163,40.045555],[16.59972,40.041664],[16.608055,40.00138900000013],[16.611385,39.991104],[16.563332,39.898048],[16.536663,39.871941000000106],[16.500275,39.82388300000014],[16.498055,39.820831],[16.491665000000125,39.806389],[16.488609,39.79361],[16.486664,39.779999],[16.486664,39.76749400000011],[16.490555,39.749161],[16.528053,39.665833],[16.531944,39.659996],[16.5430530000001,39.650276],[16.554165,39.644722],[16.562775,39.641663],[16.596943,39.629715],[16.626389,39.622772],[16.7068085196783,39.61888798552751],[16.847935566072923,39.55537506708826],[16.963055,39.492775],[17.034164,39.46611000000013],[17.139999,39.402771],[17.1425850543185,39.39979781737731],[17.123970619173917,39.33663472650663],[17.116943,39.318886000000134],[17.114998,39.31027200000011],[17.114055699810113,39.30299110810578],[17.107419046862372,39.28047140713396],[17.10934241511598,39.2529277146605],[17.116108,39.102493],[17.117222,39.094994],[17.120796541308017,39.08889832050036],[17.120997461779364,39.08602102871599],[17.12497842607652,39.081766935783655],[17.138885,39.058052],[17.144722,39.049438],[17.14971900000012,39.044167],[17.166664,39.03388200000012],[17.168525709353403,39.00702370005943],[17.09468940208698,38.915023409087084],[17.08895886262148,38.915232450781566],[16.978333,38.938606],[16.973331,38.939438],[16.962498,38.93972],[16.943333,38.937775],[16.929443,38.935829],[16.865777383947957,38.923373784552886],[16.797699961169013,38.92585714932146],[16.613329920275458,38.82732733364763],[16.522202524645575,38.7250247823781],[16.572001490099677,38.457118593413256],[16.330693277819403,38.32074316616716],[16.28189045009352,38.252292995163664],[16.1655540000001,38.13916],[16.16111000000012,38.133049],[16.158333,38.126389],[16.154999,38.114441],[16.14527500000014,38.077499],[16.141388,38.060829],[16.139918512208016,38.05316511920235],[16.052943262560614,37.93117483730974],[15.946535462176366,37.92264128879971],[15.922777,37.927773000000116],[15.866665,37.92610900000011],[15.794722,37.919167],[15.781111,37.916939],[15.775833,37.916939],[15.761413722266647,37.91978352492712],[15.710227045519598,37.94143637295427],[15.637203846977364,37.99683136691359],[15.636389,37.998055],[15.63166600000011,38.011665],[15.632221,38.016388],[15.645277,38.063049],[15.63722,38.175552],[15.629444,38.191383],[15.626715386036336,38.197930102522385],[15.626681515479525,38.20655911227596],[15.628332000000114,38.224159],[15.628887,38.228607],[15.630554,38.232216],[15.654444,38.240273],[15.706944,38.256386],[15.72361,38.255272],[15.733055,38.256386],[15.741665000000125,38.258606],[15.760277,38.266106],[15.793055,38.280548000000124],[15.796389,38.282494],[15.809721,38.295273],[15.820833,38.309715],[15.895555000000115,38.451942000000145],[15.906111,38.472771],[15.920600630080942,38.51794443519622],[15.933466944201239,38.539916597563646],[15.920132575366639,38.55031827725173],[15.919998000000135,38.550552],[15.894722000000115,38.576111],[15.876944,38.59333],[15.851665,38.61055],[15.839443,38.614998],[15.833244378561767,38.61809675278742],[15.827712682212349,38.622411837683615],[15.827548287060779,38.62290472746355],[15.943379372656254,38.70273780432883],[15.982498,38.720833],[15.986387,38.722496],[16.023609,38.723885],[16.043819892165292,38.723628492922956],[16.097294555357987,38.71259622232101],[16.099163,38.711662],[16.104164,38.710831],[16.1050446223201,38.71099731863833],[16.152209314806708,38.70126684780779],[16.212225946886786,38.777953706938646],[16.20783237382646,38.79715533709652],[16.209442,38.801666],[16.217499,38.82972000000012],[16.219997,38.843048000000124],[16.221107,38.868607],[16.2225,38.910828],[16.221107,38.922493],[16.219166,38.925278],[16.216389,38.926941],[16.194164000000114,38.931938000000116],[16.162220000000104,38.945274],[16.157515408431205,38.9479460541975],[16.148565070182354,38.95565147618756],[16.101109,39.019440000000145],[16.098331,39.026108000000136],[16.064163,39.12916600000011],[16.056942000000106,39.179718],[16.057499,39.192772000000105],[16.05611,39.224998],[16.053333,39.256386],[16.038055,39.330276],[16.034443000000124,39.344994],[16.031387,39.351105],[15.988333,39.436661],[15.979721,39.451942],[15.977777,39.454994],[15.933611,39.510551000000135],[15.927428746418864,39.51586927819054],[15.846514350404568,39.62985800103884],[15.824671778185614,39.660628877837084],[15.784853221845383,39.82131541130323],[15.782221,39.84999800000014],[15.783888000000104,39.858604],[15.783054,39.866661],[15.778332,39.87610600000011],[15.765401429786174,39.89981250720474],[15.75702193687702,39.93362768765154],[15.666200670702704,40.09186133022966],[15.572725190709445,40.07574265897023],[15.565832,40.076385],[15.555555,40.075829],[15.519722,40.073326],[15.51111,40.071388],[15.504166000000112,40.067772],[15.458611000000133,40.02861],[15.423054,39.994995],[15.422244763697808,39.994369699096886],[15.203268949935682,40.11513163687649],[15.145832,40.155548],[15.128887000000134,40.165833000000134],[15.117498,40.171387],[15.106943,40.17305],[15.099024646650989,40.1726208355732],[15.027263674242743,40.2121959554738],[14.94991919596101,40.2297964862668],[14.941944,40.234161],[14.927221,40.27111100000013],[14.947409255858776,40.309510542365125],[14.974654327608476,40.34755231793841],[14.987778,40.35527],[14.989721,40.35833],[14.991943,40.366661000000136],[14.993055,40.375549],[14.992777,40.39222000000012],[14.990555,40.399162],[14.982997054318256,40.412670033357195],[14.95100501487995,40.551478944975756],[14.743317636950263,40.70481451626482],[14.334127459032782,40.59360464688005],[14.342746327384944,40.62055949817822],[14.354443,40.627777],[14.359165,40.626663],[14.364443000000108,40.626663],[14.373888,40.62832600000013],[14.384722,40.633606],[14.397221,40.642494],[14.469999,40.695549],[14.475555,40.70082900000011],[14.477221,40.70416300000011],[14.477499000000137,40.708885],[14.476944,40.712494],[14.47527700000012,40.715828],[14.474262435377518,40.717687629396735],[14.494590792162665,40.72996100063982],[14.370310816271552,40.85147055264177],[14.23999598930622,40.8529430257863],[14.145723809538733,40.81035846399853],[14.073889,40.821938],[14.047222,40.860275000000115],[14.046389,40.864166],[14.030554000000109,40.89804800000013],[14.02694300000013,40.904442],[14.01777600000014,40.919716],[13.994444,40.956108],[13.983889,40.970551000000114],[13.9,41.078049000000135],[13.837221000000113,41.152496],[13.802221,41.189720000000136],[13.793888,41.196938],[13.775833,41.211105],[13.737654,41.234741],[13.719721000000106,41.247498],[13.71305500000011,41.251389],[13.708055,41.252777],[13.695842058758547,41.25411425222097],[13.76419088455195,41.84931470143659],[14.233107994019715,42.458429329787144],[14.46058292853884,42.293065828334896],[14.519309076769598,42.229701601225756]]]]},"properties":{"id":"stentinello-culture","name":"Stentinello culture","names":{"en":"Stentinello culture","fr":"Culture de Stentinello"},"subjectTo":"Stentinello culture","partOf":"Stentinello culture","borderPrecision":1,"wikidata":"Q16545225","wikipedia":{"en":"https://en.wikipedia.org/wiki/Stentinello_culture","fr":"https://fr.wikipedia.org/wiki/Culture_de_Stentinello"},"year":-5000,"source":"Historical Basemaps","sourceUrl":"https://github.com/aourednik/historical-basemaps"}},{"type":"Feature","geometry":{"type":"MultiPolygon","coordinates":[[[[38.888708162445184,61.23737018172088],[39.73662475661248,60.95654005316906],[42.17970482992675,59.350224797208746],[43.48849772634511,57.265275581445515],[40.04200976577676,57.38304183363586],[39.03860187852269,57.91992145715319],[38.55871114983596,57.75736368325146],[37.337171113178826,56.79042602373575],[34.41420031117782,56.042360343601246],[32.27650524702784,56.98109401244391],[30.07555653639654,57.9516818046827],[30.173531033905284,58.27297113380607],[30.50643044739862,59.69940997583354],[31.101358871992822,59.92948159618941],[31.10625,59.927685546875],[31.176367187500006,59.92578125],[31.2744140625,59.937646484374994],[31.34931640625001,59.932763671874994],[31.4013671875,59.911328125],[31.45478515625001,59.907177734375],[31.509765625,59.920361328125],[31.547167968750017,59.94013671875],[31.567187500000017,59.966552734375],[31.565039062500006,59.998046875],[31.540917968750023,60.034521484375],[31.548242187500023,60.071875],[31.6064453125,60.133642578125],[31.605859375000023,60.14228515625],[31.596875,60.143798828125],[31.590625,60.15556640625],[31.598925781250017,60.16962890625],[31.69941406250001,60.23564453125],[31.84326171875,60.2478515625],[32.05712890625,60.226513671875],[32.19609375000002,60.195361328125],[32.26015625000002,60.154345703125],[32.36152343750001,60.148095703124994],[32.50039062500002,60.176513671875],[32.58388671875002,60.208935546875],[32.6123046875,60.245361328125],[32.614355468750006,60.285791015624994],[32.59023437500002,60.330224609374994],[32.59492187500001,60.35458984375],[32.655859375,60.3716796875],[32.67666015625002,60.392431640625],[32.66396484375002,60.427099609375],[32.61787109375001,60.4755859375],[32.59648437500002,60.511083984375],[32.59990234375002,60.53349609375],[32.641699218750006,60.536865234375],[32.72207031250002,60.521142578124994],[32.781835937500006,60.488232421875],[32.81572265625002,60.481884765625],[32.84140625,60.497021484375],[32.90693359375001,60.5859375],[32.9443359375,60.642578125],[32.9365234375,60.6703125],[32.90302734375001,60.693505859374994],[32.84355468750002,60.71220703125],[32.832498710270734,60.72768198703235],[34.41420031117782,60.9353535534723],[35.37398176855129,60.68001350201022],[35.7597445687859,60.8905072855011],[35.771582031250006,60.88642578125],[35.80078125,60.871826171875],[35.828710937500006,60.86650390625],[35.855078125,60.870507812499994],[35.88027343750002,60.878320312499994],[35.899023437500006,60.889794921874994],[35.90986328125001,60.902490234374994],[35.90449218750001,60.916552734375],[35.88417968750002,60.931103515625],[35.88027343750002,60.94775390625],[35.91484375000002,60.966845703125],[35.97626953125001,60.993896484375],[36.03681640625001,61.0296875],[36.098730468750006,61.062646484374994],[36.16279296875001,61.082763671875],[36.22412109375,61.096484375],[36.279296875,61.113818359375],[36.325,61.135498046875],[36.363867187500006,61.159716796875],[36.38691406250001,61.18408203125],[36.394628906250006,61.20615234375],[36.38847656250002,61.225048828125],[36.384551214895914,61.231436775876944],[37.337171113178826,61.75123953160226],[38.649363453860964,61.31664119226869],[38.6474609375,61.273388671875],[38.663183593750006,61.21650390625],[38.69707031250002,61.19853515625],[38.761328125,61.195458984374994],[38.836523437500006,61.206640625],[38.88564453125002,61.228759765625],[38.888708162445184,61.23737018172088]],[[31.29833984375,58.4765625],[31.25166015625001,58.425439453124994],[31.170214843750017,58.35947265625],[31.079980468750023,58.331591796875],[31.019433593750023,58.319726562499994],[30.954882812500017,58.284375],[30.85703125,58.239111328125],[30.87617187500001,58.214111328125],[31.15625,58.171337890625],[31.39404296875,58.141992187499994],[31.44648437500001,58.205908203125],[31.53095703125001,58.23017578125],[31.63056640625001,58.207275390625],[31.688281250000017,58.202294921874994],[31.64697265625,58.3083984375],[31.64570312500001,58.351416015625],[31.653417968750006,58.36875],[31.637109375000023,58.38798828125],[31.518164062500006,58.37255859375],[31.5107421875,58.3888671875],[31.43017578125,58.416552734375],[31.374316406250017,58.429248046875],[31.29833984375,58.4765625]],[[37.76777343750001,58.617626953125],[37.71484375,58.617529296875],[37.63232421875,58.63623046875],[37.62089843750002,58.626220703125],[37.666601562500006,58.5724609375],[37.6611328125,58.557470703125],[37.60869140625002,58.5453125],[37.56464843750001,58.55283203125],[37.537695312500006,58.612695312499994],[37.45917968750001,58.633935546874994],[37.41035156250001,58.669970703125],[37.41035156250001,58.6890625],[37.4228515625,58.7265625],[37.37226562500001,58.7314453125],[37.30791015625002,58.760009765625],[37.15078125000002,58.84873046875],[37.16923828125002,58.725634765625],[37.15458984375002,58.70654296875],[37.1552734375,58.694970703124994],[37.31679687500002,58.657421875],[37.41689453125002,58.6130859375],[37.50712890625002,58.5353515625],[37.89716796875001,58.291796875],[37.94404296875001,58.30087890625],[38.14873046875002,58.2486328125],[38.22050781250002,58.2373046875],[38.2509765625,58.19873046875],[38.249609375,58.102685546874994],[38.25917968750002,58.0708984375],[38.28105468750002,58.053857421874994],[38.31015625,58.040576171875],[38.369238281250006,58.031591796875],[38.41533203125002,58.015576171875],[38.437109375,58.017529296875],[38.43691406250002,58.03564453125],[38.35703125,58.10009765625],[38.38310546875002,58.121875],[38.61171875000002,58.113134765625],[38.68095703125002,58.108203125],[38.70400390625002,58.113134765625],[38.69794921875001,58.132958984374994],[38.619238281250006,58.20126953125],[38.63828125,58.2203125],[38.69169921875002,58.20703125],[38.77949218750001,58.134765625],[38.80517578125,58.121972656249994],[38.81875,58.134814453125],[38.812109375,58.250732421875],[38.83046875000002,58.295556640624994],[38.87089843750002,58.3310546875],[39.00527343750002,58.358056640624994],[39.00039062500002,58.386767578125],[38.9703125,58.440820312499994],[39.00371093750002,58.475634765625],[38.9892578125,58.49560546875],[38.75283203125002,58.546923828125],[38.609960937500006,58.636572265625],[38.42734375,58.747021484375],[38.11943359375002,58.95458984375],[38.046972656250006,58.994189453125],[37.919921875,59.04208984375],[37.85771484375002,59.075146484375],[37.86640625000001,59.094091796875],[37.91015625,59.102734375],[38.170507812500006,59.0650390625],[38.23945312500001,59.0626953125],[38.33154296875,59.092578125],[38.407324218750006,59.152294921875],[38.414648437500006,59.1734375],[38.294042968750006,59.161328125],[38.18291015625002,59.203076171875],[38.14326171875001,59.209765625],[38.1240234375,59.202880859375],[38.176367187500006,59.1482421875],[38.18046875000002,59.13212890625],[38.1796875,59.113330078125],[38.159375,59.1015625],[38.1162109375,59.102587890625],[38.02724609375002,59.128076171874994],[38.007421875,59.14375],[38.0015625,59.159765625],[37.9873046875,59.1767578125],[37.940039062500006,59.174072265625],[37.842871093750006,59.1552734375],[37.64492187500002,59.156787109375],[37.64003906250002,59.1376953125],[37.67626953125,59.10234375],[37.69560546875002,59.06396484375],[37.67324218750002,59.0251953125],[37.60888671875,58.98896484375],[37.499121093750006,58.944189453125],[37.484375,58.927197265625],[37.4658203125,58.874560546875],[37.471289062500006,58.857080078124994],[37.50136718750002,58.844775390625],[37.58125,58.89882812499999],[37.64238281250002,58.918896484375],[37.71367187500002,58.927734375],[37.77724609375002,58.926220703125],[37.82832031250001,58.9140625],[37.86943359375002,58.8970703125],[37.917578125,58.858251953125],[37.99589843750002,58.861669921875],[38.02392578125,58.7458984375],[37.96132812500002,58.743603515625],[37.94169921875002,58.735498046874994],[37.9453125,58.7203125],[37.98417968750002,58.6923828125],[37.98769531250002,58.672216796875],[38.09550781250002,58.63447265625],[38.103125,58.619482421875],[38.073828125,58.591552734375],[38.07392578125001,58.541943359375],[37.99492187500002,58.550439453124994],[37.76777343750001,58.617626953125]],[[37.73701171875001,60.329443359375],[37.54218750000001,60.318701171875],[37.39990234375,60.2888671875],[37.28632812500001,60.233447265625],[37.231054687500006,60.1857421875],[37.23203125,60.16445312499999],[37.279882812500006,60.131201171875],[37.39667968750001,60.097998046875],[37.46904296875002,60.087841796875],[37.71503906250001,60.07744140625],[37.8232421875,60.0787109375],[37.968359375,60.0857421875],[37.9990234375,60.1033203125],[38.00419921875002,60.16064453125],[37.98115234375001,60.239208984375],[37.8984375,60.30078125],[37.73701171875001,60.329443359375]],[[39.05351562500002,59.86845703125],[39.05253906250002,59.838720703125],[39.193945312500006,59.746875],[39.40214843750002,59.624267578125],[39.55253906250002,59.545947265625],[39.734375,59.479833984375],[39.79814453125002,59.5251953125],[39.76406250000002,59.545947265625],[39.72148437500002,59.578271484374994],[39.744238281250006,59.609716796875],[39.77978515625,59.63779296875],[39.707128906250006,59.6337890625],[39.58173828125001,59.665185546874994],[39.51093750000001,59.707177734374994],[39.453710937500006,59.71142578125],[39.34843750000002,59.765527343749994],[39.30546875000002,59.773583984374994],[39.26699218750002,59.78251953125],[39.229589843750006,59.79443359375],[39.191992187500006,59.809326171875],[39.13886718750001,59.841650390625],[39.093359375,59.8693359375],[39.05351562500002,59.86845703125]],[[39.08515625000001,60.718164062499994],[38.93769531250001,60.76708984375],[38.865820312500006,60.77734375],[38.844335937500006,60.734326171875],[38.88984375000001,60.6640625],[38.89199218750002,60.584912109375],[38.90898437500002,60.5859375],[38.95849609375,60.594580078125],[39.00830078125,60.57333984375],[39.05449218750002,60.522900390625],[39.068945312500006,60.474609375],[39.04150390625,60.437841796875],[39.02783203125,60.410791015624994],[39.03125,60.3953125],[39.095703125,60.394482421875],[39.15029296875002,60.44248046875],[39.187597656250006,60.49609375],[39.18505859375,60.616943359375],[39.17265625000002,60.679736328125],[39.08515625000001,60.718164062499994]]]]},"properties":{"id":"early-combware","name":"Early combware","names":{"en":"Early combware","fr":"Early combware"},"subjectTo":"Early combware","partOf":"Early combware","borderPrecision":1,"wikidata":null,"wikipedia":null,"year":-5000,"source":"Historical Basemaps","sourceUrl":"https://github.com/aourednik/historical-basemaps"}},{"type":"Feature","geometry":{"type":"MultiPolygon","coordinates":[[[[21.13472,55.629158],[21.128052,55.574997],[21.11471246677639,55.49274294758482],[21.091482049195378,55.52683429308316],[21.092495,55.53110500000014],[21.09444,55.548882],[21.095829,55.594154],[21.096386,55.665268],[21.095276,55.67832900000013],[21.092495,55.703323000000125],[21.0883290000001,55.718048],[21.089996,55.719986],[21.097218,55.714714],[21.10944,55.703606],[21.114998000000128,55.697487],[21.122498,55.688324],[21.127773,55.677773000000116],[21.13472,55.629158]]],[[[30.50643044739862,59.69940997583354],[30.173531033905284,58.27297113380607],[30.07555653639654,57.9516818046827],[29.62345624225213,56.469102114093594],[29.509074604357238,55.66931436123922],[29.394258412396645,54.866488087289184],[28.156590131177037,53.82448945650495],[26.73556358607305,53.797423424312285],[25.497895304853444,55.54654902822037],[21.21931782653162,55.19260779431001],[21.224163,55.199997],[21.231106,55.199432],[21.260277,55.200546000000145],[21.263332000000105,55.202492],[21.266109,55.205551],[21.274166,55.224159],[21.274441,55.22860000000014],[21.273888000000113,55.232765],[21.263935000000117,55.248985],[21.268602,55.260639],[21.266163,55.275684],[21.271448,55.279343],[21.288609,55.283333],[21.289719,55.28749800000014],[21.289165,55.291664],[21.276735,55.32284900000013],[21.253965000000107,55.334641],[21.255999,55.36594800000012],[21.238516000000118,55.36676],[21.230789,55.359848],[21.21202207440994,55.349938133914364],[21.199504485847797,55.36830807646877],[21.241768,55.418396],[21.247866,55.437099],[21.247215,55.463326],[21.244438,55.470543000000134],[21.197495000000117,55.574997],[21.145275,55.676102],[21.143051,55.679161],[21.116386,55.709435],[21.109997,55.714996],[21.097496,55.722488],[21.079163,55.730545],[21.076107,55.73333],[21.073887000000127,55.736656],[21.058331,55.781662],[21.04472,55.882767],[21.043331,55.90416],[21.0430530000001,55.916664],[21.047775,55.927773],[21.057774,55.945541000000105],[21.062218,55.95694],[21.066666,55.977768],[21.067219000000136,55.991379],[21.060555000000136,56.04999500000014],[21.057774,56.061935],[21.051685,56.077309],[21.046387,56.109161],[21.039165,56.127487],[21.025829,56.156097],[21.018887,56.165825],[21.006386,56.176941],[21.00222,56.179161],[20.988884,56.189987],[20.975273,56.229988],[20.971939,56.245827],[20.968605,56.363609],[20.995548,56.508331],[20.999718,56.510551],[21.016388,56.510277],[21.023052,56.509438],[21.02861,56.508049],[21.031666,56.504997],[21.044441,56.458328],[21.068607,56.435547],[21.057774,56.510551],[21.026665,56.614159],[21.039719,56.644157],[21.049442,56.671936],[21.056107,56.691376],[21.0582744365033,56.70430839630106],[21.324379953844794,56.854415498930834],[21.32981484694075,56.968525993616694],[21.356106,56.986107],[21.359718,56.988602],[21.391663,57.021935],[21.399719,57.03138],[21.409439,57.049438],[21.41555,57.069443],[21.415829,57.087212],[21.414997,57.099998],[21.411385,57.124435],[21.41211352771524,57.220871554998595],[21.459588083727606,57.24960669155779],[21.579514536364325,57.37260016079607],[21.67733100364948,57.46365698452654],[21.810254129870184,57.4753795492238],[22.28540328453327,57.56504019375505],[22.35992721031452,57.58566626187029],[22.43296531151081,57.615558229643725],[22.563637766344794,57.615558229643725],[22.585421595080145,57.508651338774584],[22.881373438341864,57.3341441976613],[23.070889505846747,57.261317812163256],[23.17466453026081,57.04849203701677],[23.21544936607624,56.98066671963396],[23.414469751818427,56.892413698393725],[23.767813715441473,56.8658824789113],[24.158383402331122,56.97548636074724],[24.26630500267292,57.03014715786638],[24.34649947593952,57.159720979887865],[24.341292064262934,57.198881120416914],[24.366108,57.213608],[24.373608,57.21888],[24.38694,57.229988],[24.400829,57.245827],[24.407497,57.25666],[24.413052,57.272766],[24.41333,57.281662],[24.410553,57.346382],[24.407772,57.362213],[24.362217,57.580826],[24.332218,57.698044],[24.329441,57.700829],[24.307774,57.724991],[24.303608,57.731659],[24.297218,57.744995],[24.289719,57.792496],[24.289614896655387,57.79359354766367],[24.32544234703327,57.83747061367693],[24.345648798449286,57.86221655483904],[24.41564467857624,57.94793280239763],[24.414983740107047,58.03188212507804],[24.426105,58.040833],[24.433884,58.046104],[24.456661,58.076103],[24.469994,58.122765],[24.471661,58.131935],[24.471107,58.148605],[24.468884000000116,58.1560970000001],[24.461808441871725,58.16761313143508],[24.496785196764716,58.213153444487475],[24.46678267062562,58.23031550695831],[24.469440000000134,58.239159],[24.472771,58.247215],[24.47916,58.253326],[24.486938,58.258606],[24.498051,58.261665],[24.526665,58.2741620000001],[24.542496,58.284439],[24.55527500000011,58.296944],[24.559998,58.30387900000011],[24.561665,58.313049],[24.559441,58.320549],[24.555553,58.327217],[24.541386,58.338043],[24.517776,58.35305000000011],[24.458885,58.378326],[24.419716,58.386658],[24.390553,58.390831000000105],[24.362495,58.391937],[24.348331000000144,58.390831000000105],[24.335552,58.388603],[24.326107,58.38472],[24.300552,58.359993],[24.29583,58.352776],[24.293053,58.33638],[24.293331,58.328049],[24.291943,58.318886],[24.28722,58.311661],[24.28083,58.30555],[24.246105,58.276657],[24.238049,58.271378],[24.110554,58.232208],[24.100552000000107,58.236382],[24.092773,58.241379],[24.056664,58.267769],[24.050552,58.273605],[24.01083,58.298607],[23.99305,58.30777],[23.973328,58.315826],[23.949718,58.32249500000012],[23.937775,58.32582900000011],[23.826385,58.354713],[23.781666,58.350273],[23.770832,58.346939],[23.728607,58.370827],[23.67936274196298,58.425328719473285],[23.690465006335028,58.665484987456225],[23.51187041710163,58.58087500210466],[23.500241889988217,58.59523614645651],[23.495548,58.694153],[23.523331,58.73555],[23.529442,58.741661],[23.538887,58.746101000000124],[23.549442000000113,58.7438810000001],[23.569443,58.73555],[23.583332,58.733047],[23.60083,58.732491],[23.725552,58.744713],[23.867496,58.766388],[23.874996,58.7686],[23.85722,58.778603],[23.827221,58.791107],[23.805275,58.798607],[23.791386,58.800827],[23.591663,58.788048],[23.483051000000103,58.80999],[23.420273,58.903877000000136],[23.416107,58.910545],[23.41555000000011,58.918884],[23.431107,58.93943000000013],[23.445549000000142,58.9405440000001],[23.477219,58.937492],[23.507500000000107,58.93721],[23.576942,58.947212],[23.588329,58.950546],[23.637775,58.970543000000134],[23.635551,58.978043],[23.62833000000012,59.000549],[23.623329,59.015549],[23.617218,59.021378],[23.590553000000114,59.035271],[23.57222,59.044159],[23.560276,59.047493],[23.56472,59.040833],[23.570831,59.035271],[23.601387,59.022766000000104],[23.60944,59.017769],[23.611942,59.010277],[23.6055530000001,59.004166],[23.556385,58.98777],[23.514164000000108,58.981102],[23.466385,58.984161],[23.45249600000011,58.986382],[23.436108,58.997215],[23.43355274968116,58.9989818353798],[23.45697883079792,59.005492769438646],[23.436606898099726,59.061571199018545],[23.44083000000012,59.064438],[23.482494,59.089432],[23.47633912126514,59.12646079656219],[23.570183786852606,59.13807257290544],[24.03210738609577,59.17574270840349],[24.029559168322333,59.23541601772966],[24.28194526146198,59.28414114590349],[24.341567072375067,59.368880830962084],[24.537568125231513,59.323409639555834],[24.570923838122138,59.374328218657396],[24.713812860949286,59.351832948882006],[24.751221689684638,59.44846304531755],[25.248290094836005,59.36179693813982],[25.44879439781452,59.49396093960466],[25.48999312828327,59.420043550688646],[25.721121820910223,59.45984228726091],[26.343258890612372,59.446647249419115],[26.86190131614948,59.371749483305834],[26.999016794665106,59.31772955532732],[27.26509192894245,59.33804281826677],[27.702038797838934,59.297504030424975],[27.89359763572956,59.34611090298357],[28.01585105369831,59.454154573637865],[28.013093027575263,59.45822104092302],[28.00679673437377,59.46749759167333],[28.015831,59.4786],[28.021942,59.483047],[28.03944,59.50222],[28.063053,59.536659],[28.069443,59.5522160000001],[28.069996,59.561378],[28.069164,59.57888],[28.066666,59.595543000000134],[28.060276,59.610275000000115],[28.034721,59.642769],[28.022774,59.654709],[28.020661428001027,59.656441990612144],[28.094189676745184,59.66467627163591],[28.163104090197333,59.590682588774584],[28.266337427599677,59.56222876187029],[28.350983652575263,59.60206183071794],[28.309100183947333,59.66440161343279],[28.315573922792332,59.66772022958929],[28.35944000000012,59.661377],[28.374165,59.661102],[28.385273,59.664711],[28.394718000000125,59.669159],[28.402218,59.674438],[28.412216,59.688042],[28.416386,59.695267000000115],[28.421108,59.711937],[28.42188703464092,59.722219247711095],[28.444363626940497,59.73374136563005],[28.662732157213934,59.644340120512865],[28.795933756335028,59.67222174282732],[28.922018996373392,59.809082561714234],[28.950829,59.817497],[28.962215,59.820831],[28.981106,59.82972],[29.024441,59.863609],[29.030277000000126,59.869713],[29.034721000000104,59.877213],[29.036941623194853,59.88449733719045],[29.0760660500362,59.907794557768725],[29.413628611071356,59.860030733305834],[29.76545241783405,59.7362438070363],[29.9631567330196,59.736617647368334],[30.126639399035223,59.80604513760271],[30.066064418195456,59.86863279054989],[30.06805400000013,59.868324],[30.084442,59.866936],[30.155552,59.863884],[30.17999600000013,59.869438],[30.189716,59.873878],[30.213608000000136,59.889717],[30.222496,59.90416],[30.246662,59.966934],[30.245827,59.975266],[30.239162,59.98082000000011],[30.23054900000011,59.985825],[30.219994,59.989716],[30.178608,59.99749],[30.164162,59.999718],[30.158609,60],[30.076664,60.004166],[30.043888,60.006943],[30.03005800000011,60.00906],[29.971382,60.018051],[29.958885,60.021378],[29.94833,60.025269],[29.934994,60.0366590000001],[29.892773,60.087494],[29.891941,60.095825],[29.896385,60.10305000000011],[29.902496,60.109161],[29.905273,60.117493],[29.902496,60.12471000000011],[29.897774,60.131378],[29.884163000000115,60.142769],[29.875553,60.147774],[29.845551000000114,60.160271],[29.824165,60.168327],[29.748604,60.186935],[29.721661,60.192215],[29.6722180000001,60.196098],[29.579998000000103,60.198601],[29.560469,60.197948],[29.546665,60.197487],[29.518608,60.19360400000011],[29.478882,60.186378],[29.466682000000105,60.18090100000012],[29.459717,60.177773000000116],[29.453327,60.171379],[29.436108000000104,60.163605],[29.409718,60.15888200000012],[29.39138400000013,60.15915700000011],[29.170551000000103,60.168053],[29.154163,60.169159],[29.046387,60.181664],[29.0457748328758,60.181755985169396],[29.978592062812695,60.457721608139266],[30.574279520310064,59.99013609031008],[30.50643044739862,59.69940997583354]],[[27.875390625000023,57.92041015625],[27.910937500000017,57.895751953125],[27.992089843750023,57.868115234375],[28.10175781250001,57.8599609375],[28.169238281250017,57.914501953125],[28.149218750000017,57.974658203124996],[28.096972656250017,58.04443359375],[27.973046875000023,58.1326171875],[27.865136718750023,58.173486328124994],[27.71435546875,58.1642578125],[27.591796875,58.174609375],[27.56855468750001,58.214794921875],[27.561328125000017,58.257421875],[27.58271484375001,58.306396484375],[27.747851562500017,58.429931640625],[27.798144531250017,58.446826171875],[27.82050781250001,58.484912109375],[27.81367187500001,58.571337890625],[27.748437500000023,58.912060546875],[27.683007812500023,58.979638671874994],[27.523730468750017,59.00693359375],[27.298144531250017,58.994921875],[27.107324218750023,58.95419921875],[26.97412109375,58.88427734375],[26.96640625,58.805566406249994],[27.15673828125,58.64794921875],[27.236621093750017,58.45224609375],[27.32392578125001,58.401904296875],[27.42548828125001,58.303076171875],[27.47265625,58.216748046875],[27.4970703125,58.184130859375],[27.623828125000017,58.0142578125],[27.678320312500006,58.018505859375],[27.802734375,57.990234375],[27.881640625000017,57.93701171875],[27.875390625000023,57.92041015625]],[[25.92792968750001,58.305126953125],[26.003710937500017,58.219482421875],[26.05097656250001,58.145849609375],[26.084765625000017,58.143457031249994],[26.110253906250023,58.209814453125],[26.140625,58.268798828125],[26.14277343750001,58.32734375],[26.121484375000023,58.373681640624994],[26.077441406250017,58.391162109375],[26.01904296875,58.396240234375],[25.966113281250017,58.381640625],[25.94091796875,58.344970703125],[25.92792968750001,58.305126953125]]],[[[24.024719,58.137215],[24.02474818265352,58.13677809847806],[24.001677276412398,58.15411312140311],[24.006386,58.152771],[24.016109,58.148605],[24.022186,58.142746],[24.024719,58.137215]]],[[[23.34014666875841,58.969646086864195],[23.33788588951374,58.97239264126482],[23.390358720407722,58.986976691415116],[23.387497,58.982765],[23.3811070000001,58.976379],[23.36999500000013,58.973045],[23.34014666875841,58.969646086864195]]]]},"properties":{"id":"narva","name":"Narva","names":{"en":"Narvacan","fr":"Narvacan"},"subjectTo":"Narva","partOf":"Narva","borderPrecision":1,"wikidata":"Q12850","wikipedia":{"en":"https://en.wikipedia.org/wiki/Narvacan","fr":"https://fr.wikipedia.org/wiki/Narvacan"},"year":-5000,"source":"Historical Basemaps","sourceUrl":"https://github.com/aourednik/historical-basemaps"}},{"type":"Feature","geometry":{"type":"MultiPolygon","coordinates":[[[[19.841307,54.583282],[19.840174317457542,54.582021780268825],[19.843460184404645,54.60627201453294],[19.849028,54.610920000000135],[19.870161,54.638554],[19.898203,54.625957],[19.883165,54.606045],[19.841307,54.583282]]],[[[28.403329290491413,52.41457290774241],[26.98735233548986,51.87907120344009],[26.446150307699615,52.12629994408455],[22.68158012625226,52.71576083277383],[19.985333915215637,53.99095794783266],[19.727042456440085,54.308207171874656],[19.733119043810614,54.310268007475756],[19.914581807227407,54.394662508857884],[19.977538141711005,54.423942171294115],[20.188645395739325,54.52197607632341],[20.326712641222723,54.56400641079607],[20.194232019884833,54.57504614468279],[20.0774129297104,54.55795164815513],[20.102497,54.57416500000011],[20.216938,54.603325],[20.23832700000014,54.609161],[20.252777,54.61444100000011],[20.380829,54.664711000000125],[20.398331,54.673607],[20.404999,54.679161],[20.404999,54.6827770000001],[20.193607,54.6969380000001],[20.172323,54.69403100000011],[20.14956500000011,54.681839],[20.132512522749558,54.67736036185547],[20.084277343750017,54.673144531249996],[20.050313742892563,54.692477657891935],[20.049995,54.696877],[20.038616,54.711506],[20.01833,54.719994],[20.00416600000011,54.719994],[19.997776,54.719162],[19.981386,54.705494],[19.96505,54.698490000000106],[19.96122,54.69532800000013],[19.960218,54.693161],[19.957552,54.683495],[19.944160000000124,54.659157],[19.944164000000114,54.654716],[19.94460603821886,54.65317085381633],[19.941503906250006,54.6466796875],[19.922889755666763,54.62961430372267],[19.9008290000001,54.628326],[19.872711,54.640549],[19.872772,54.64222000000012],[19.899162,54.688881],[19.913216,54.70721100000014],[19.917551000000117,54.710213],[19.928717,54.714882],[19.93255,54.718052],[19.957771,54.760551000000135],[19.959438,54.76416],[19.961105,54.772491],[19.960827,54.794716],[19.958607000000143,54.80249],[19.939438,54.836937],[19.93603789451794,54.84178353254405],[19.942570719225653,54.84985693569841],[20.1270971627071,54.845641695219896],[20.797150644762763,54.817977510649584],[20.985203775866278,54.81164129849138],[21.137343439562567,54.845458589751146],[21.17192788303898,54.917744498438374],[21.222496,54.931938000000116],[21.242218,54.94360400000011],[21.246662,54.950272],[21.246941,54.954994],[21.244438,54.97137500000014],[21.239162,54.977486],[21.227772,54.984436],[21.223328,54.991104],[21.221382,54.998878],[21.216663,55.018600000000106],[21.199269141924944,55.10650991746982],[21.22385314415241,55.111449800688646],[21.197257021919864,55.15896362779525],[21.21931782653162,55.19260779431001],[25.497895304853444,55.54654902822037],[26.73556358607305,53.797423424312285],[28.156590131177037,53.82448945650495],[29.394258412396645,54.866488087289184],[29.509074604357238,55.66931436123922],[29.877774365894314,54.51799653911416],[28.403329290491413,52.41457290774241]]],[[[20.04175289695268,54.55966389058645],[20.04950803464529,54.55386823909003],[20.011814123602914,54.54835237322885],[20.04175289695268,54.55966389058645]]]]},"properties":{"id":"nemay","name":"Nemay","names":{"en":"Nemayon","fr":"Nemayon"},"subjectTo":"Nemay","partOf":"Nemay","borderPrecision":1,"wikidata":"Q109538261","wikipedia":null,"year":-5000,"source":"Historical Basemaps","sourceUrl":"https://github.com/aourednik/historical-basemaps"}},{"type":"Feature","geometry":{"type":"MultiPolygon","coordinates":[[[[18.173332,57.141937],[18.148331,57.235275000000115],[18.158054,57.315826],[18.142498,57.409439],[18.115276000000108,57.480827],[18.110275,57.496109],[18.109997,57.513054000000125],[18.111385,57.51944],[18.119164,57.531105],[18.138611,57.551109],[18.179165,57.588333],[18.191441,57.596138],[18.211941000000138,57.605827],[18.227776,57.611382000000106],[18.242222,57.61749300000014],[18.249165,57.62082700000013],[18.276108,57.634163000000115],[18.29472,57.645828],[18.338886,57.681664],[18.355831000000137,57.69583100000011],[18.381943,57.718605],[18.401665,57.738609],[18.41972,57.760277],[18.456387,57.802773],[18.461388,57.8077770000001],[18.46722,57.811943],[18.48111,57.818604],[18.681942,57.913605],[18.689999,57.916107],[18.71611,57.921104],[18.724998,57.922775],[18.881943,57.919716],[18.902496,57.918327],[18.914165,57.917496],[19.004719,57.908607],[19.006107,57.90361],[19.003887000000134,57.898888],[19.033333,57.826942],[18.929443,57.739716],[18.848888,57.721107],[18.809166,57.703606],[18.793331,57.659164],[18.75972,57.508049],[18.768055,57.472221],[18.769444,57.467216],[18.78833,57.448326],[18.71444300000013,57.246941000000106],[18.711941,57.241661],[18.658054,57.220833],[18.551941,57.182777],[18.514721000000122,57.169441],[18.498333,57.165276],[18.455555,57.156944],[18.439442,57.152771],[18.417221,57.144165],[18.397221,57.134163],[18.391388,57.12999700000012],[18.386665,57.124992],[18.345554,57.07972],[18.341389,57.073883],[18.339165,57.06860400000011],[18.335552,57.023331],[18.335831,57.017494],[18.34333,57.014442],[18.346664,56.998604000000114],[18.302498,56.937492],[18.294998000000135,56.934715],[18.215553,56.913055],[18.206108,56.911942],[18.168888,56.909996],[18.147778,56.911942],[18.140274,56.914993],[18.142498,56.920273],[18.158333,56.94166600000011],[18.209164,56.989166],[18.256664,57.032219],[18.254444,57.079163],[18.173332,57.141937]]],[[[11.96305500000011,54.629715],[11.967777,54.609444],[11.974443,54.586937],[11.978888,54.576111],[11.98,54.570274],[11.978611,54.567215],[11.969166,54.56221800000014],[11.964443,54.561661],[11.944721,54.56749700000012],[11.929443000000106,54.572777],[11.923054,54.576111],[11.871944,54.651382],[11.871111,54.667221],[11.877777,54.6877750000001],[11.891943,54.701111],[11.899166,54.71860500000014],[11.85611,54.7741620000001],[11.801943,54.839165],[11.792776,54.844719],[11.781944,54.84888500000011],[11.755554,54.854721],[11.751944,54.859161],[11.708611,54.936661],[11.713333,54.941666],[11.732222,54.954437],[11.742222,54.95916],[11.750832,54.960831],[11.766943,54.9616620000001],[11.846666,54.956108],[11.850587,54.954784],[11.865035,54.947559000000126],[11.996944,54.903885],[12.019999,54.896385],[12.038055,54.892494],[12.060833,54.891106],[12.07944300000014,54.893608],[12.085278,54.893608],[12.095554,54.892494],[12.103611,54.890274],[12.110554,54.88749700000011],[12.119444000000101,54.882217],[12.136665,54.868607],[12.168055,54.84166],[12.169443,54.839165],[12.16861,54.836105],[12.166666,54.83388500000012],[12.158333,54.828606],[12.11972,54.806389],[12.107222,54.799721],[12.08861,54.79361],[12.0783330000001,54.789162],[12.071943,54.785828],[12.055277000000103,54.774719],[11.981388,54.710274],[11.969721000000106,54.69944],[11.96305500000011,54.685272],[11.960833,54.675827],[11.958611000000133,54.66333],[11.959999,54.64777400000014],[11.96305500000011,54.629715]]],[[[12.497265625000011,58.92001953125],[12.48193359375,58.930615234375],[12.468554687500017,58.93486328125],[12.463964843750006,58.920703125],[12.471777343750006,58.876904296875],[12.473828125000011,58.839697265625],[12.458984375,58.817431640625],[12.43212890625,58.8125],[12.425488281250011,58.80146484375],[12.447558593750017,58.782763671875],[12.471289062500006,58.782763671875],[12.499707031250011,58.764453125],[12.500878906250023,58.7275390625],[12.503710937500017,58.694580078125],[12.525195312500017,58.66123046875],[12.562792968750017,58.6501953125],[12.611328125,58.64130859375],[12.60693359375,58.617089843749994],[12.487695312500023,58.513232421875],[12.329296875000011,58.433935546875],[12.313281250000017,58.3953125],[12.334667968750011,58.373779296875],[12.375,58.382861328125],[12.507031250000011,58.396923828125],[12.554296875,58.429833984374994],[12.571093750000017,58.432177734375],[12.572656250000023,58.419189453125],[12.554296875,58.394384765625],[12.550585937500017,58.378857421875],[12.561914062500023,58.373193359374994],[12.57958984375,58.372119140625],[12.601953125000023,58.3759765625],[12.624316406250017,58.38232421875],[12.649707031250017,58.396875],[12.67919921875,58.4205078125],[12.7275390625,58.452099609375],[12.79833984375,58.485693359375],[12.86865234375,58.503808593749994],[12.912792968750011,58.545751953125],[12.9521484375,58.571630859375],[13.040625,58.604296875],[13.115136718750023,58.608251953125],[13.148242187500017,58.59716796875],[13.14892578125,58.573388671874994],[13.1494140625,58.558544921875],[13.136523437500017,58.54130859375],[13.147558593750006,58.521435546875],[13.172167968750017,58.511865234374994],[13.194628906250017,58.510986328125],[13.240234375,58.51484375],[13.30029296875,58.561425781249994],[13.358105468750011,58.617089843749994],[13.436621093750006,58.641992187499994],[13.517285156250011,58.66328125],[13.631054687500011,58.684130859375],[13.7373046875,58.703857421875],[13.799511718750011,58.722412109375],[13.829882812500017,58.7443359375],[13.859277343750023,58.77216796875],[13.89013671875,58.80048828125],[13.924121093750017,58.823388671874994],[13.9541015625,58.843652343749994],[13.975195312500006,58.8654296875],[13.987207031250023,58.89814453125],[13.995214843750006,58.94482421875],[13.992578125000023,58.98642578125],[14.012109375000023,59.003662109375],[14.038671875,59.00439453125],[14.049902343750006,59.01220703125],[14.05625,59.01689453125],[14.071679687500023,59.028271484375],[14.0830078125,59.0642578125],[14.0908203125,59.07939453125],[14.089453125,59.091552734375],[14.0830078125,59.09990234375],[14.065820312500023,59.097216796875],[14.038378906250017,59.082666015624994],[14.004980468750006,59.0681640625],[13.973437500000017,59.065771484375],[13.945410156250006,59.067431640625],[13.930566406250023,59.089794921875],[13.9462890625,59.112939453124994],[13.99375,59.1572265625],[14.02734375,59.204296875],[14.047460937500006,59.2412109375],[14.054296875,59.2677734375],[14.0556640625,59.289990234375],[14.0517578125,59.304833984374994],[14.045507812500006,59.313623046874994],[14.028027343750011,59.320068359375],[13.9970703125,59.329052734375],[13.961718750000017,59.333984375],[13.933300781250011,59.33046875],[13.920901109910043,59.32929975741576],[15.945580571858281,60.4913000863707],[16.833595440709832,61.73408578218418],[17.33644800280776,61.81878533485062],[17.336388000000113,61.818054],[17.38566600000013,61.756496],[17.440277,61.726944],[17.46971900000011,61.732216],[17.483887,61.730827],[17.49472,61.72805],[17.5,61.723885],[17.523609000000135,61.70166],[17.523609000000135,61.696106],[17.50111,61.639717],[17.498886,61.63582600000012],[17.493610000000103,61.630829],[17.487221,61.626389],[17.477219,61.62471800000014],[17.445274,61.628883],[17.432777,61.631104],[17.42194400000011,61.63916000000012],[17.419998,61.64444],[17.414165,61.65416],[17.389999,61.687218],[17.386108,61.69194],[17.368111,61.700386],[17.354109,61.706551000000104],[17.33944300000013,61.712494000000106],[17.326942,61.714439],[17.233887,61.722496],[17.220833,61.723053],[17.149998,61.72138200000012],[17.140274,61.719719],[17.142220000000123,61.714439],[17.149441,61.710831],[17.158333,61.707771],[17.18388700000014,61.704994],[17.194721,61.706108],[17.207775,61.705276],[17.220276,61.703331000000105],[17.26083,61.691109],[17.269722000000115,61.688049],[17.271664,61.683052],[17.268608,61.676384],[17.263054000000125,61.67110400000013],[17.189999000000114,61.636108],[17.18111,61.63333100000011],[17.171387,61.63166],[17.158333,61.632217],[17.146111,61.634163],[17.128052,61.640549],[17.09861,61.602776],[17.11777500000011,61.55555],[17.162777,61.52166000000011],[17.1680530000001,61.517494],[17.222775,61.44194],[17.219719,61.429443],[17.213333,61.425278],[17.171387,61.420555],[17.154163,61.428055],[17.150555,61.432777],[17.139721000000122,61.431664000000126],[17.109444,61.408051],[17.10416400000014,61.403053],[17.102776,61.39694200000014],[17.104721,61.391663],[17.144997,61.357773],[17.20472,61.328606],[17.213608,61.325554],[17.203609,61.278885],[17.18111,61.190277],[17.162754,61.046661],[17.150555,60.945],[17.15444200000013,60.940552],[17.201664,60.916939],[17.24110800000011,60.895828],[17.24472,60.891106],[17.276108,60.843048],[17.283607,60.77166000000011],[17.285275,60.731941],[17.275276,60.676109],[17.359722,60.640549000000135],[17.377098,60.618988],[17.397499,60.62916600000011],[17.40610900000013,60.63166],[17.520554,60.643051],[17.555275,60.643326],[17.578331000000105,60.6399990000001],[17.609165000000132,60.632217],[17.63583,60.618607],[17.649719,60.611382],[17.656944,60.601944],[17.651665,60.596939000000134],[17.644165,60.59360500000014],[17.60944400000011,60.58416],[17.602219,60.580551],[17.602497,60.574997],[17.607777,60.55610700000011],[17.609722,60.550827],[17.629444,60.522499],[17.63472000000013,60.518326],[17.65361,60.506943],[17.66222,60.503883],[17.682777,60.498604000000114],[17.693054,60.496109000000104],[17.73111,60.491661000000136],[17.740555,60.493607],[17.740276,60.499161],[17.734997,60.50888800000013],[17.727776,60.518326],[17.726109000000122,60.523331],[17.725555,60.534721],[17.728886,60.541382],[17.733055,60.547493],[17.773052,60.571106],[17.842499,60.589996],[17.880554,60.596939000000134],[17.891109,60.597771],[17.937222,60.59805300000011],[17.949718000000132,60.597221],[17.958332,60.594162],[17.965275,60.590553],[17.970554,60.586388],[17.993332000000123,60.558884],[18.099998,60.453049000000135],[18.214165,60.343048000000124],[18.227776,60.330276],[18.234444,60.32666],[18.243889000000138,60.328331000000105],[18.25222,60.330826],[18.25861,60.334999],[18.266666,60.345276],[18.273052,60.349442],[18.282497,60.351387],[18.31388900000013,60.353882],[18.431942,60.343887],[18.440277,60.3408280000001],[18.44722000000013,60.331383],[18.465832,60.29943800000012],[18.574165,60.25],[18.601109,60.241104],[18.607777,60.237221],[18.606110000000115,60.23111],[18.59861,60.227776],[18.579998,60.224442],[18.556942,60.224442],[18.531109,60.226944],[18.470833,60.234993],[18.448887,60.239716],[18.44055200000014,60.242775],[18.425278,60.24971800000014],[18.388332,60.266937],[18.374722,60.2741620000001],[18.354164,60.290833],[18.325554,60.310829],[18.315277,60.313332],[18.31361,60.30722],[18.31388900000013,60.301384],[18.396111000000133,60.208054],[18.421665,60.187218],[18.507431,60.152657],[18.531666,60.153053],[18.62611,60.145828],[18.639442,60.1441650000001],[18.711388000000113,60.128052],[18.776665,60.110832],[18.816387000000134,60.096382],[18.81472,60.090271],[18.81472,60.078888],[18.816387000000134,60.073883],[18.823055000000124,60.058884],[18.886665,59.962776],[18.89333,59.953331000000105],[18.904999,59.939995],[18.909721000000104,59.935829],[18.92972200000014,59.924721],[18.95022,59.92033],[18.96372,59.92033],[19.00722100000013,59.912773],[19.045555,59.899162],[19.070553,59.889717],[19.07,59.838608],[19.068333,59.8324970000001],[19.065552,59.827217],[19.059166,59.823051000000135],[19.050552,59.822777],[19.040554,59.825272],[19.025833,59.832222000000115],[18.969221,59.865608],[18.936108,59.86999500000013],[18.864719,59.79805],[18.934719,59.783607],[18.96860900000013,59.783607],[19.073887,59.774162],[19.080555,59.770554],[19.082222,59.765274],[19.081944000000135,59.75972],[19.075275,59.740555],[19.07,59.735832],[19.03221900000011,59.719994],[18.991386,59.71666],[18.98,59.71666],[18.953609,59.719994],[18.841389,59.712494],[18.745552,59.68916300000012],[18.71722,59.671387],[18.694443,59.645271],[18.699997,59.642494],[18.71027800000013,59.643326],[18.728611,59.64666],[18.739998000000128,59.64666],[18.74472,59.642494],[18.734165,59.63250000000011],[18.666386,59.591385],[18.645554,59.580551],[18.37833000000012,59.467499],[18.368332000000123,59.466385000000116],[18.317219,59.47361],[18.27972,59.476662],[18.270554,59.474998],[18.259443,59.448051000000135],[18.259443,59.444717],[18.276665,59.41777],[18.281666,59.413605],[18.28833,59.409996],[18.299721,59.407776],[18.32611100000014,59.404442],[18.335831,59.401939],[18.337498,59.39666000000011],[18.331387,59.392494],[18.32222,59.390831000000105],[18.311108000000104,59.390831000000105],[18.174999000000128,59.405548],[18.164997,59.408051],[18.16,59.412216],[18.16249800000014,59.41749600000014],[18.176941,59.424438],[18.188053,59.424438],[18.198055,59.421661],[18.203777,59.427719],[18.19927600000011,59.442551],[18.198277,59.445721000000106],[18.195831,59.455276],[18.186943,59.45694],[18.124443,59.45472],[18.115555,59.453049000000135],[18.089722,59.43721800000014],[18.084721,59.431938000000116],[18.057220000000143,59.391388],[18.088886,59.367218],[18.091389,59.334442],[18.00736000000012,59.34496300000012],[17.974061093450832,59.34023085701115],[17.964257812500023,59.359375],[17.82929687500001,59.37900390625],[17.772851562500023,59.414111328125],[17.79758046811731,59.510358120616395],[17.801941,59.514717],[17.816387,59.52166],[17.841663,59.528328],[17.845276,59.533051000000114],[17.822777,59.580826000000116],[17.816109,59.590271],[17.809166,59.593887],[17.751942,59.638611],[17.71722,59.66333],[17.724163,59.653885000000116],[17.722221000000104,59.62610600000011],[17.718052,59.620277],[17.710552,59.61888900000014],[17.642498,59.637497],[17.603962,59.650627],[17.59222,59.656105],[17.598331,59.660271],[17.607498,59.661942],[17.628052,59.662216],[17.640274,59.66333],[17.648331,59.665833000000134],[17.652496,59.671661],[17.653339,59.682129],[17.654163,59.718048],[17.631298,59.784073],[17.628052,59.788887],[17.594166,59.806938000000116],[17.587776,59.804718],[17.588055,59.793610000000115],[17.586666,59.787216],[17.583611,59.780548],[17.579441,59.774719],[17.574444,59.769722],[17.5425,59.749443],[17.534443,59.746941],[17.513885,59.744995],[17.448055000000124,59.73555],[17.44472100000013,59.676109],[17.510555,59.587219],[17.520832,59.579163],[17.527496,59.575554],[17.535831,59.57222],[17.543152000000134,59.573006],[17.521664,59.611382],[17.515553,59.638329],[17.513332,59.65471600000012],[17.508888,59.687775],[17.50861,59.693329],[17.509998,59.69944],[17.513054,59.706383],[17.537498,59.732216],[17.588886,59.73693800000012],[17.59999800000014,59.73693800000012],[17.611664000000133,59.734993],[17.618332,59.731384000000105],[17.6202770000001,59.726387],[17.61610800000011,59.695549],[17.561171000000115,59.668449],[17.589706,59.639427],[17.694164,59.607498],[17.7037297037279,59.60412518278606],[17.67158203125001,59.594775390625],[17.687304687500017,59.5416015625],[17.534472656250017,59.539404296875],[17.41670687275958,59.576276012669325],[17.377777,59.604721],[17.372776,59.608887],[17.370831000000123,59.614166],[17.370552,59.61972],[17.386108,59.651108],[17.38361,59.654999],[17.375553,59.652222],[17.344166,59.62277200000011],[17.353333,59.606110000000115],[17.370831000000123,59.583054],[17.38713089212138,59.568146326595944],[17.3720703125,59.495751953124994],[17.06269531250001,59.569238281249994],[16.9775390625,59.550683593749994],[16.879900974853413,59.57701375043295],[16.8649640000001,59.584732],[16.850527906088082,59.58493481404134],[16.84101562500001,59.5875],[16.836270190313986,59.58513512203147],[16.826385,59.585274],[16.796715480085183,59.56542311060136],[16.78289091575032,59.55853366637061],[16.69945122648026,59.55131788724118],[16.650594860538924,59.558714198196185],[16.623055,59.5816650000001],[16.616386,59.585274],[16.599863389561698,59.59299623278763],[16.573828125,59.611669921875],[16.56911241386755,59.60736842861229],[16.565277,59.609161],[16.551941000000113,59.6105500000001],[16.541943000000117,59.60944400000011],[16.533886,59.60694100000012],[16.50166300000012,59.596382],[16.495552,59.591942],[16.49749800000012,59.586937],[16.521664,59.571663000000115],[16.52697693392397,59.56893403812321],[16.47265625,59.519384765625],[16.251757812500017,59.493212890625],[16.072050987576972,59.48044313506576],[16.066387,59.482498000000135],[16.044167,59.492493],[16.035553,59.495552],[16.025555,59.497772],[16.020275,59.49499500000013],[16.022221,59.489716],[16.026108,59.485275],[16.041664,59.473053],[16.066109,59.457771],[16.072777,59.454437],[16.08138700000012,59.45138500000013],[16.101387,59.446388],[16.113052,59.444443],[16.169167,59.439995],[16.181389,59.439438],[16.261387,59.442497],[16.276417,59.443985],[16.302168879840412,59.449704910565536],[16.610449218750006,59.45351562499999],[16.738345104313513,59.43129963598915],[16.75,59.424164],[16.80611,59.390549],[16.8127750000001,59.38694],[16.822777,59.3844380000001],[16.869999,59.381386],[16.881107,59.381660000000124],[16.889999000000103,59.383331],[16.893055,59.389999],[16.894165,59.39611100000013],[16.89222,59.401382],[16.885555000000124,59.404999],[16.862221,59.405273],[16.85083,59.407494],[16.84222000000011,59.41055300000011],[16.808887,59.422493],[16.792221,59.42860400000012],[16.77851340061631,59.433831857096195],[16.913867187500017,59.445849609375],[16.95816418536289,59.424656032855665],[16.961388000000113,59.420273],[16.977763242276353,59.415279006591085],[17.065625,59.3732421875],[17.175195312500023,59.355810546875],[17.268006687128153,59.29581587338897],[17.26388500000013,59.290833000000134],[17.251942,59.269722],[17.253887000000134,59.258888],[17.286942,59.25904800000012],[17.291943,59.257217],[17.365276,59.248604],[17.375832,59.247498],[17.387775,59.246941],[17.398052,59.247772],[17.396111,59.252777],[17.386108,59.261108],[17.379444,59.264717],[17.364166,59.277222],[17.358887,59.286942],[17.357577304456044,59.290404421252966],[17.370703125,59.294921875],[17.474511718750023,59.29150390625],[17.57050781250001,59.267626953125],[17.741156255410086,59.269398861877264],[17.847221,59.264442],[17.858686059175092,59.2706192192646],[17.87617187500001,59.27080078125],[17.979785156250017,59.329052734375],[17.978289367281224,59.331973756229154],[17.98444400000011,59.33388500000012],[17.996666,59.33305400000012],[18.016666,59.32222],[18.026386000000116,59.319717],[18.052498,59.316383],[18.074718,59.316666],[18.13361,59.318054],[18.206944,59.329437],[18.242092000000127,59.34708400000011],[18.250832000000116,59.354439],[18.272221,59.364441],[18.280277000000126,59.366943],[18.289444000000117,59.368607],[18.34861,59.373329],[18.39222,59.368607],[18.40361000000013,59.366661],[18.43972,59.354996],[18.44472100000013,59.35083],[18.441275,59.344772],[18.436943,59.342773000000136],[18.432108,59.341278],[18.434998,59.33638800000011],[18.45472,59.331108],[18.466663,59.33027600000014],[18.474163,59.334442],[18.478611,59.340271],[18.478333000000134,59.345833],[18.468609,59.365555],[18.450275,59.394165],[18.431389000000138,59.421104],[18.428055,59.425827],[18.428055,59.43138900000014],[18.434444,59.433609],[18.477219,59.43527200000011],[18.498333,59.43055],[18.523052,59.421104],[18.52972,59.41749600000014],[18.607777,59.371941],[18.612778,59.36805],[18.640274,59.338882],[18.648609,59.32444],[18.650276,59.31916],[18.646942,59.312492],[18.639721,59.309166],[18.630554,59.30749500000013],[18.593052,59.301666000000125],[18.522221,59.29583],[18.389164,59.30194100000011],[18.37722,59.302498],[18.353611,59.30555],[18.343609,59.30749500000013],[18.335278,59.310555],[18.337776,59.316109],[18.336498,59.322052],[18.328833,59.325054],[18.318886,59.328331],[18.277222,59.310829000000126],[18.269444,59.268608],[18.309998,59.21971900000011],[18.311386,59.1325],[18.230274,59.118607],[18.221386,59.116943],[18.140274,59.090828],[18.021385,59.041939],[17.895832,58.909721],[17.892776,58.903053],[17.891388,58.89666],[17.891941,58.874161],[17.894722,58.858887],[17.789444,58.94305400000013],[17.756664000000114,59.018326000000116],[17.768887,59.096664],[17.768330000000105,59.113609],[17.7666660000001,59.118889],[17.764721000000122,59.123886],[17.759163000000115,59.126663],[17.66861,59.166382],[17.663887,59.168327],[17.624165,59.07444],[17.611664000000133,59.04055],[17.610275000000115,59.034439000000134],[17.612221,59.029442],[17.617222,59.02527600000013],[17.625553,59.016388],[17.628887,59.011665],[17.61360900000011,58.974716000000114],[17.578327000000115,58.95050800000013],[17.591389,58.943604],[17.630554,58.914993],[17.629166,58.908882],[17.62611,58.901939],[17.583332,58.849442000000124],[17.578888,58.845551],[17.349998,58.752220000000136],[17.271111,58.73693800000012],[17.22361,58.7305530000001],[17.156666,58.73277300000012],[17.093609,58.76249700000011],[17.083332,58.763611],[17.032776,58.750549],[17.02861000000013,58.746941],[17.033607,58.74277500000011],[17.082222,58.723053],[17.134163,58.702217],[17.145554000000118,58.700272],[17.143055000000118,58.694717],[17.138332,58.68972],[17.034443000000124,58.637215],[16.915276,58.616943000000106],[16.905277,58.61610400000012],[16.89333,58.616661],[16.789719,58.623604],[16.736122000000137,58.62899],[16.677776,58.63694],[16.461388,58.655548],[16.436386,58.657494],[16.412777,58.658882],[16.29833200000013,58.663055],[16.242222,58.664719],[16.233608,58.663055],[16.193607,58.627495000000124],[16.293331,58.61360900000011],[16.370552,58.60527],[16.411663,58.613327],[16.432499,58.637772],[16.436665,58.64138800000012],[16.649441000000138,58.620552],[16.710831,58.606667],[16.727219,58.600555],[16.777496,58.581383],[16.928608,58.492493],[16.93861,58.484161],[16.834721,58.445],[16.826942,58.442215],[16.80916600000012,58.43860600000011],[16.754444,58.429443000000106],[16.737778,58.42860400000012],[16.600555,58.4469380000001],[16.578053,58.450829],[16.568619,58.453239],[16.548885,58.458328],[16.532497,58.464439],[16.514721,58.469994],[16.496666,58.475273],[16.475555,58.479721],[16.435555,58.479996],[16.425552,58.479164],[16.416943,58.477219],[16.41333,58.474716],[16.573055,58.435829],[16.683609,58.410828],[16.693886000000134,58.409721],[16.709999,58.40361],[16.769997,58.367218],[16.788887,58.32222],[16.824718,58.19944],[16.825832,58.176666],[16.802818,58.138672],[16.764471,58.125179],[16.742811,58.086124],[16.731806,58.049198],[16.750275,58.012772],[16.743610000000103,58.009163000000115],[16.639252,57.987495],[16.622498,57.988609],[16.613888,57.986938],[16.621944,57.983887],[16.655502,57.977745],[16.671944,57.98027000000013],[16.725277,57.974159],[16.733055,57.97110700000013],[16.739998,57.961937],[16.744164,57.953049],[16.742561000000137,57.950333],[16.773331,57.92360700000012],[16.778053000000114,57.919441],[16.779999,57.91444400000012],[16.770554000000118,57.884438],[16.763885,57.881104],[16.749443,57.874992],[16.741665,57.872498],[16.732498000000135,57.87277200000011],[16.659164,57.88333100000011],[16.622219,57.890274],[16.61360900000011,57.89222],[16.602497,57.922775],[16.60611,57.925278],[16.602776,57.940277],[16.518608,57.996941],[16.510555,57.996384],[16.502777,57.993889],[16.498608,57.990273],[16.495552,57.98555],[16.494442,57.97943900000013],[16.522331000000122,57.877831],[16.564331,57.854164],[16.677219,57.765549],[16.693333,57.753883],[16.703331,57.745552],[16.700706,57.74015],[16.692219,57.738884],[16.684444,57.742218],[16.618889,57.77138500000012],[16.615555,57.776108000000136],[16.611385,57.78638500000011],[16.602776,57.794716],[16.590553000000114,57.802773],[16.561108,57.821388],[16.554722,57.82499700000011],[16.418610000000115,57.893326],[16.418888,57.887215],[16.420830000000137,57.88250000000011],[16.463421,57.849297],[16.469753,57.844627],[16.476418,57.839966],[16.593775,57.773163],[16.605442,57.76683],[16.660553000000107,57.741104],[16.692219,57.721939],[16.701942,57.713882000000126],[16.710278,57.705276],[16.712498,57.699997],[16.625553,57.61972],[16.6325,57.552216],[16.68916300000012,57.485275],[16.693333,57.47527300000013],[16.693333,57.469162],[16.671387,57.410828],[16.664719,57.407494],[16.65583,57.404999],[16.636944,57.403053000000114],[16.632221,57.38166],[16.631107,57.37693800000011],[16.62416500000012,57.374443],[16.60083,57.377495],[16.566387,57.383331],[16.554996,57.383606],[16.546108000000117,57.38166],[16.541943000000117,57.37693800000011],[16.472221,57.290276],[16.46722000000011,57.276665],[16.464722,57.264442],[16.455555,57.205276],[16.455276,57.200554],[16.458054,57.178329],[16.460278,57.167496],[16.46722000000011,57.15860700000013],[16.513885,57.117218],[16.523331,57.116661],[16.530277000000126,57.119438],[16.539997,57.120552],[16.546108000000117,57.116943],[16.563332,57.093887],[16.5841640000001,57.049438],[16.584721,57.043884],[16.50166300000012,57.036659],[16.492775,57.039162],[16.454441,56.95527600000014],[16.440552,56.89388300000013],[16.426666,56.843605],[16.407776,56.795555],[16.374996,56.720833],[16.308052,56.654999],[16.300552,56.658333],[16.290554,56.659164],[16.272499,56.656662],[16.253609,56.646111],[16.21611,56.607216],[16.123886,56.461662],[16.117222,56.449715],[16.104164,56.425552],[16.090553,56.394997],[16.054722,56.313606],[16.043331000000137,56.268883],[16.008331,56.217773000000136],[15.99861,56.208328],[15.865555,56.092216],[15.78861,56.111938],[15.775833,56.147774],[15.658888,56.178886],[15.598055,56.194717],[15.375277,56.138054000000125],[15.225832,56.151108],[15.08888800000011,56.159996],[14.848055,56.161385],[14.717222000000106,56.1616590000001],[14.696665,56.16111000000012],[14.690554,56.157776],[14.686666,56.152771],[14.679722,56.13250000000011],[14.679443000000106,56.120552],[14.681944000000101,56.115555],[14.686666,56.111382],[14.692778,56.108055],[14.709999,56.10277600000012],[14.714722,56.099159],[14.750832000000116,56.059715],[14.767776,56.03638500000011],[14.766666,56.030273000000136],[14.738333000000125,56.010826],[14.719999,56.000275],[14.635277,56.0075],[14.620832,56.029442],[14.603611,56.051941],[14.558887,56.05722],[14.551388,56.055275],[14.541388,56.051109],[14.511665,56.037498],[14.369444,55.958885],[14.330276,55.936943],[14.263611,55.886108],[14.24472,55.866943000000106],[14.232777,55.851662],[14.217222,55.83027600000014],[14.207777000000135,55.812492],[14.202776,55.799721],[14.200554,55.79277000000013],[14.196665,55.779716],[14.193333,55.76666300000011],[14.190832,55.741661],[14.191111,55.731384],[14.192221,55.72583],[14.19611,55.715828],[14.203333,55.70694],[14.217777000000126,55.694717],[14.276943,55.647217],[14.341389,55.578606],[14.363333000000125,55.551941],[14.370277,55.54277],[14.372776,55.53777300000013],[14.369165,55.531662],[14.361944000000108,55.522774],[14.336666,55.50110600000011],[14.312498,55.48666400000013],[14.193546,55.386147],[14.163055,55.380272000000105],[14.122499,55.37944],[14.05888700000014,55.386108],[14.037498,55.389442],[14.004721,55.40583],[13.969444,55.42110400000013],[13.935833,55.431389],[13.911943,55.433884],[13.891388,55.433609],[13.730555,55.425552],[13.710278,55.424164],[13.6416660000001,55.417496],[13.632221,55.415833],[13.497776000000101,55.382217],[13.465832,55.373604],[13.429722,55.35666700000013],[13.418333,55.352493],[13.375555000000134,55.339996],[13.344721000000106,55.339165],[13.300833,55.340828],[13.289999000000137,55.341942],[12.982222,55.400551],[12.918055,55.538605],[12.916388,55.54416700000013],[12.914444,55.56221800000014],[12.914721,55.56555200000014],[12.916388,55.568329],[12.922499,55.574715],[12.93111,55.581108],[12.960278,55.59111],[12.981943,55.599159],[13.034721000000104,55.623886],[13.0405540000001,55.627495],[13.044998,55.6325],[13.05888700000014,55.662773],[13.063332,55.68222],[13.062498,55.684998],[13.059721,55.693054],[12.928055,55.823051],[12.91277700000012,55.838051],[12.681389,56.061943],[12.66361,56.078606],[12.633888,56.10305],[12.623888,56.107773],[12.615,56.109444],[12.609722,56.111664],[12.58111,56.14166300000011],[12.453054000000122,56.293327],[12.451666,56.297775000000115],[12.461666,56.298332],[12.473888,56.297218],[12.629166,56.258888],[12.645277000000135,56.25332600000013],[12.718681,56.222778],[12.787222,56.222221000000104],[12.794443,56.223053],[12.801943000000108,56.225555],[12.813332000000116,56.232773],[12.824165,56.241661],[12.830089,56.250000000000114],[12.831665,56.252220000000136],[12.834721,56.25804900000014],[12.834999,56.26416],[12.833055,56.269165],[12.740833,56.352219],[12.730555,56.359444],[12.723888,56.363052],[12.676109,56.379715],[12.663887,56.380272000000105],[12.644722,56.38472],[12.636665,56.387772],[12.62611,56.395271],[12.622776,56.399994],[12.622221,56.411942],[12.626389,56.424721],[12.628611,56.431389],[12.631943,56.436943],[12.635555,56.442215],[12.641388,56.446106],[12.672777,56.463608],[12.67972200000014,56.466385],[12.721943000000124,56.467499],[12.732498,56.467499],[12.749166,56.464722],[12.785831,56.450272],[12.793333,56.447777],[12.812498,56.44332900000012],[12.832777000000135,56.439720000000136],[12.85265,56.439919],[12.86861,56.441383],[12.87611,56.443604],[12.88361,56.446388],[12.90111,56.457222],[12.910831,56.466942],[12.918055,56.478333],[12.930277,56.50110600000011],[12.937498,56.521111],[12.936943,56.532494],[12.933332,56.543327],[12.931389,56.54833200000013],[12.917221,56.578606],[12.887499000000105,56.638329],[12.876665,56.646385],[12.869165,56.648888],[12.821665,56.658333],[12.813332000000116,56.656662],[12.785000000000139,56.643608],[12.758055,56.639999],[12.72527700000012,56.63971700000013],[12.718611000000124,56.643326000000116],[12.670832,56.67610900000011],[12.613609,56.746941],[12.599998,56.777771],[12.598331,56.783333],[12.599165,56.79583],[12.601387,56.802498],[12.599998,56.808052],[12.597500000000139,56.813332],[12.593332,56.817497],[12.579443,56.830276],[12.573889,56.83388500000012],[12.484722,56.88166],[12.468332,56.887772],[12.418055,56.897217000000126],[12.35027700000012,56.914444],[12.3475,56.91916700000013],[12.349998,56.969994],[12.28611,57.032494],[12.253611,57.04805],[12.237778,57.059715],[12.149443000000133,57.183884],[12.146666,57.188332],[12.109999,57.25],[12.134722,57.27555100000012],[12.148611,57.28110500000014],[12.15138800000011,57.287216],[12.145832,57.309166],[12.094999,57.426941],[12.058332,57.45472],[12.051388,57.457771],[12.043888,57.459717],[12.036943000000122,57.45694],[12.011665000000107,57.43416600000012],[12.007776,57.428886],[12.005833,57.422218],[12.00861,57.41138500000011],[12.007776,57.404999],[11.989443,57.347496],[11.986111,57.341385],[11.979166,57.343605],[11.942778,57.376106],[11.917776,57.40222200000011],[11.904165,57.42194400000011],[11.901388,57.426666],[11.906666,57.5149990000001],[11.911112,57.526649],[11.913332,57.52861],[11.915833,57.534439],[11.922222,57.56388900000013],[11.913332,57.613609],[11.910555,57.618607],[11.906387,57.623329],[11.897499,57.624443],[11.894444,57.61833200000012],[11.862499,57.607773],[11.83,57.661385],[11.86861,57.68055],[11.887777,57.693886000000134],[11.750555,57.688889],[11.741388,57.688606],[11.704443,57.693329],[11.698889000000122,57.69722000000013],[11.699720000000127,57.715828],[11.723055,57.80722],[11.668055,57.845833],[11.688055,57.88166],[11.69416600000011,57.885277],[11.702221000000122,57.887215],[11.711666,57.88916],[11.741388,57.89222],[11.757221,57.897217000000126],[11.795555,58.006104],[11.801388,58.026382],[11.800554,58.038055],[11.799166,58.043884],[11.79361,58.0480500000001],[11.776667,58.053143],[11.776667,58.059441000000106],[11.79611,58.095276],[11.837221,58.154716],[11.870277,58.191109],[11.880833,58.19999700000011],[11.884722,58.205276],[11.88611,58.211937],[11.798054,58.318329],[11.734999,58.328331],[11.723331,58.328888],[11.622776,58.276108],[11.607498,58.262772],[11.594721000000106,58.255272],[11.53611,58.23027],[11.526388,58.230553],[11.5158330000001,58.23194100000012],[11.495277,58.236107],[11.405554,58.261108],[11.384165,58.311943],[11.238333000000125,58.346939],[11.201387000000125,58.399437],[11.235554,58.505272000000105],[11.254166,58.551109],[11.257221,58.556938],[11.266388,58.579437],[11.26111,58.632217],[11.259443,58.637772],[11.252222,58.653053],[11.247776,58.657494],[11.210278,58.679718],[11.180832,58.70916],[11.178055,58.713882],[11.176943,58.730827],[11.181665,58.747772],[11.200832,58.769997],[11.218054,58.784164],[11.229166000000134,58.792221],[11.233889,58.79694400000011],[11.236111000000108,58.803604],[11.233055,58.833054],[11.231388,58.845276],[11.194166,58.917496],[11.166666,58.92443800000012],[11.131943,58.935272],[11.123055000000136,58.938332],[11.115833000000123,58.941383],[11.106943,58.949997],[11.113333,59.003609],[11.119165000000123,59.015831],[11.127499000000114,59.026382],[11.166388,59.064438],[11.172499,59.068604],[11.186666,59.074997],[11.204166,59.079437],[11.265554,59.093887],[11.314999000000114,59.101387],[11.324999000000105,59.0991590000001],[11.338333,59.091942],[11.349998000000141,59.084442],[11.373333,59.050827],[11.401667,59.012772],[11.419443,58.989716],[11.427082,58.98578600000013],[11.429192,58.98764],[11.43249900000012,58.990555],[11.434444,58.997215],[11.431665,59.00222],[11.385832,59.076111],[11.363333,59.103882],[11.356110000000115,59.107216],[11.336943,59.11193800000012],[11.298332,59.113884],[11.203333,59.106941],[11.064165,59.116661000000136],[11.033888,59.125549],[10.940832000000114,59.164993],[10.900276,59.142494],[10.797499,59.186386],[10.764721,59.220276],[10.659166,59.363884],[10.652777,59.434998],[10.658888,59.432495],[10.669998000000135,59.433052],[10.676388,59.436943],[10.680277000000103,59.442215],[10.689999,59.459717000000126],[10.692778,59.465553],[10.692778,59.471939],[10.691463,59.479263],[10.673887,59.495277],[10.660555,59.5086060000001],[10.654722,59.518608],[10.642163,59.55632800000012],[10.639594,59.610706],[10.619899,59.641106],[10.560555,59.717499],[10.557777000000101,59.728607],[10.559444,59.73555],[10.584444000000133,59.789993],[10.600555,59.811386],[10.633888,59.85305],[10.640276,59.85666700000013],[10.649721,59.855553],[10.657221,59.852219],[10.671944,59.839722],[10.695555000000127,59.799438],[10.696943,59.793610000000115],[10.738646,59.803772],[10.760784000000115,59.836571],[10.748333,59.88694],[10.74222200000014,59.890831],[10.725832,59.89666],[10.694166,59.902771],[10.683054,59.903328],[10.670559,59.887161000000106],[10.664721,59.8836060000001],[10.655832,59.881386],[10.583055,59.877495],[10.559721,59.878052],[10.537498,59.87666300000012],[10.527498,59.875275],[10.502222000000131,59.86777500000011],[10.495832,59.863884],[10.474165,59.847771],[10.471666,59.84333],[10.473055,59.837494],[10.481388,59.802498],[10.482777000000112,59.79694400000011],[10.4925,59.780289],[10.491665,59.763054],[10.49111,59.738052],[10.494165,59.726944],[10.5191650000001,59.681107],[10.523611,59.676666000000125],[10.529444,59.672775],[10.555574,59.666893],[10.579166,59.656662],[10.585278,59.653053],[10.59861,59.639717],[10.604443,59.629715],[10.611387,59.6013870000001],[10.611387,59.595276],[10.609722,59.588333],[10.606943,59.582497],[10.594999,59.566383],[10.583611000000133,59.558052],[10.558054,59.5430530000001],[10.513054,59.524994],[10.488054,59.517494],[10.469444,59.513885],[10.458332,59.513054],[10.44472100000013,59.513885],[10.426943,59.519165],[10.422499,59.523605],[10.419443,59.52861],[10.419722,59.534721000000104],[10.423887,59.564995000000124],[10.425278,59.571663000000115],[10.428055,59.577774],[10.429722,59.584717],[10.429722,59.5908280000001],[10.414721,59.663055],[10.413332,59.66861],[10.410555000000102,59.673607],[10.380554,59.698883],[10.374722,59.702774],[10.288055,59.73277300000012],[10.26861,59.737221],[10.247499,59.734993],[10.228611,59.731384000000105],[10.222221,59.727493],[10.225277,59.722496],[10.258333000000107,59.69832600000012],[10.270555,59.692215],[10.27694300000013,59.68972],[10.30551,59.685265],[10.319443,59.683052],[10.3283330000001,59.679993],[10.374998000000119,59.662498],[10.379444,59.658051],[10.3825,59.653328],[10.386944,59.642494],[10.396944000000133,59.603333],[10.398333,59.591385],[10.398333,59.584999],[10.385832,59.536659],[10.383055,59.530548000000124],[10.378054,59.526108000000136],[10.370554,59.523048],[10.358332000000132,59.523048],[10.33861,59.526382],[10.329443,59.528885],[10.305832,59.53860500000013],[10.289444000000117,59.544441],[10.256388,59.556107],[10.247499,59.558609],[10.235277,59.558609],[10.235277,59.5522160000001],[10.236944,59.54805],[10.246944,59.537773],[10.263332,59.525833],[10.3475,59.47583],[10.423611,59.444443],[10.474722,59.424164],[10.483610000000112,59.41527600000012],[10.516388,59.310829000000126],[10.516388,59.304718],[10.51361100000014,59.29860700000012],[10.473610000000122,59.253883],[10.463333,59.244995],[10.455832,59.241943],[10.447222,59.239716],[10.441387000000134,59.243332],[10.43861,59.248604],[10.437222000000133,59.25416600000011],[10.43111,59.257774],[10.383333,59.268326],[10.371387,59.268326],[10.363888,59.265274],[10.359999,59.25999500000012],[10.327221000000122,59.205276],[10.23111,59.038605],[10.148888,59.019722000000115],[10.156387,59.022774],[10.162498000000141,59.026665],[10.167500000000132,59.03110500000014],[10.170277,59.037216],[10.168888,59.04277],[10.163055,59.046661],[10.152222,59.047218],[10.132776,59.044167],[10.026667,59.0067370000001],[10.029722000000106,58.98953200000011],[10.029722000000106,58.983147],[10.02861,58.977585],[10.025833,58.97176400000012],[10.020832,58.96704100000011],[10.006109,58.96093],[9.954721,58.951942000000145],[9.877499,58.954994],[9.833887,58.964165],[9.841389000000106,58.967216],[9.846388,58.971939],[9.848888,58.97805000000011],[9.848888,58.990555],[9.847221,58.996109],[9.842777,59.000549],[9.825554000000125,59.014442],[9.821613,59.017059],[9.786943,59.03611],[9.614166,59.11777500000011],[9.559999000000118,59.116661000000136],[9.548054,59.116386],[9.540833,59.114716],[9.5397210000001,59.109444],[9.544167,59.104996],[9.626389,59.057777],[9.684166,59.031944000000124],[9.693054,58.983055],[9.608055,58.926666],[9.603333,58.92360700000012],[9.5075,58.891937],[9.409443000000124,58.841385000000116],[9.348709,58.75869],[9.339998,58.750832],[9.191111,58.658333],[9.176666,58.652222],[9.064165000000116,58.616386],[9.030554,58.607216],[9.003054,58.601387],[8.995832,58.598328],[8.951666,58.573051],[8.831110000000137,58.480827],[8.796947,58.464714],[8.739266,58.448742],[8.712645,58.44193600000011],[8.7135320000001,58.417976],[8.691944,58.377220000000136],[8.510277,58.270271],[8.402777,58.2544400000001],[8.350796826103913,58.236802849696964],[8.597202467489838,59.20970327046529],[10.38249167105991,60.3932798125361],[11.518584800604504,59.86790472707341],[12.696677980409875,59.01798373495923],[12.67578125,58.986669921875],[12.646875,58.931494140625],[12.618359375000011,58.8869140625],[12.599707031250006,58.845605468749994],[12.57578125,58.825732421875],[12.55712890625,58.8189453125],[12.535253906250006,58.832080078125],[12.5263671875,58.845605468749994],[12.519921875000023,58.8673828125],[12.51025390625,58.901220703125],[12.497265625000011,58.92001953125]],[[16.35595703125,59.28759765625],[16.406054687500017,59.30546875],[16.40380859375,59.30869140625],[16.333789062500017,59.303271484375],[16.270605468750006,59.299609375],[16.187402343750023,59.287646484375],[15.990234375,59.286376953125],[15.85693359375,59.303759765625],[15.821582031250017,59.2951171875],[15.727734375000011,59.298193359375],[15.613085937500017,59.316650390625],[15.499609375,59.301708984375],[15.353515625,59.283251953125],[15.344042968750017,59.26953125],[15.480664062500011,59.26123046875],[15.519628906250006,59.255126953125],[15.545117187500011,59.245751953124994],[15.589550781250011,59.2248046875],[15.620410156250017,59.191943359375],[15.624121093750006,59.167431640625],[15.701269531250006,59.150634765625],[15.815820312500023,59.14892578125],[15.880957031250006,59.162353515625],[15.8921875,59.1759765625],[15.920996093750006,59.193994140624994],[16.13046875,59.239892578124994],[16.31015625,59.274609375],[16.35595703125,59.28759765625]],[[14.968066406250017,58.848828125],[14.93212890625,58.8541015625],[14.81689453125,58.79111328125],[14.725683593750006,58.731347656249994],[14.631640625000017,58.679833984374994],[14.506640625000017,58.5607421875],[14.390527343750023,58.406298828125],[14.213183593750017,58.1501953125],[14.12109375,57.92451171875],[14.159277343750006,57.7962890625],[14.245019531250023,57.80947265625],[14.339257812500023,57.93330078125],[14.499414062500023,58.085498046875],[14.54345703125,58.138134765625],[14.582421875000023,58.20166015625],[14.622460937500023,58.298876953125],[14.686425781250023,58.394677734374994],[14.827343750000011,58.4615234375],[14.946191406250023,58.510888671874994],[14.9625,58.5392578125],[14.891406250000017,58.591650390625],[14.899707031250017,58.6349609375],[14.929003906250017,58.69990234375],[14.94091796875,58.75615234375],[14.933007812500023,58.78388671875],[14.962109375000011,58.835498046875],[14.968066406250017,58.848828125]]],[[[3.961389000000111,51.36972],[4.198055,51.374443],[4.205277,51.373886],[4.210833,51.372498],[4.214999,51.3702770000001],[4.2175,51.36833200000012],[4.23889800000012,51.350426],[4.255836,51.336239],[4.26356,51.317043],[4.280649,51.301125],[4.309444,51.290276],[4.312499,51.287498],[4.313055,51.283882],[4.300079,51.267651],[4.302375,51.263184],[4.309677,51.262032],[4.327703,51.290123],[4.290481,51.307682],[4.283055,51.317215],[4.280181,51.3442],[4.260985,51.355434],[4.252368,51.375145],[4.202499000000103,51.404999],[4.05611,51.425827],[3.928889,51.434998],[3.927778,51.43055],[3.925555,51.426941],[3.906666,51.399994],[3.899722,51.394997],[3.829722,51.389717],[3.823055,51.389999],[3.768951853549861,51.40178136682133],[3.743475946886786,51.46045263882341],[3.521009468440158,51.5787690522148],[3.523889,51.579994],[3.555277,51.592216],[3.568889,51.597221],[3.580277000000137,51.59861],[3.691899,51.6003070000001],[3.832778,51.606667],[3.837222,51.606667],[3.868889,51.6013870000001],[3.872777,51.599159],[3.893333,51.58444200000014],[3.898056,51.578606],[3.903611,51.568886],[3.902778,51.565277],[3.899167,51.5627750000001],[3.865278,51.546661],[3.843534,51.554028],[3.820555,51.54916400000013],[3.865850000000137,51.538662],[3.886337,51.54304900000011],[3.921389,51.54916400000013],[3.928611,51.548332],[3.934444,51.546944],[4.006666,51.525276],[4.040277000000117,51.512772],[4.055833,51.505554],[4.067499,51.49499500000013],[4.069166,51.491661000000136],[4.081944,51.469162],[4.095833000000141,51.45138500000013],[4.111111,51.443604],[4.125555,51.438332000000116],[4.145833,51.435829],[4.152222,51.435555],[4.238055,51.434715],[4.243333,51.435555],[4.252777,51.438606],[4.264279,51.44397],[4.277222000000108,51.445274],[4.281944,51.446663],[4.286111,51.448608],[4.289166000000137,51.45166000000012],[4.291389,51.45499400000011],[4.293611,51.46833],[4.292222,51.47583],[4.290833,51.479164],[4.284721,51.48832700000014],[4.266944,51.508331],[4.262777,51.510551],[4.229632,51.518616],[4.215278000000126,51.516388],[4.203888,51.514999],[4.082777,51.53083],[3.995555000000138,51.579437],[3.99,51.584717],[3.990833,51.588333],[3.994166000000121,51.590828],[4.003055,51.594444000000124],[4.041944,51.60527],[4.062222,51.610275000000115],[4.0791660000001,51.612495],[4.169722,51.605553],[4.190277,51.60083],[4.195833000000107,51.599159],[4.20751,51.589478],[4.208611,51.589996],[4.209444,51.594444000000124],[4.205832,51.60083],[4.201111,51.606667],[4.196388,51.612495],[4.186167,51.617043],[4.165833,51.615273000000116],[4.153889000000106,51.614441],[4.139722,51.614998],[4.134722,51.61610400000012],[4.113333,51.630272],[4.110555,51.63694],[4.106144,51.650978],[4.103055,51.647774],[4.09611,51.642776],[4.088611,51.63832900000011],[4.076111,51.63250000000011],[4.066388000000131,51.629715],[4.019722,51.61972000000014],[4.008888,51.617775],[3.98,51.614716],[3.9675,51.614441],[3.903889,51.633606],[3.899167,51.635277],[3.761944000000142,51.674995],[3.712656,51.674675],[3.704444,51.67694100000011],[3.696389,51.681389],[3.694847854041713,51.68282956251521],[3.800400702596166,51.745542943369664],[3.8125,51.74472],[3.82486,51.742287],[3.878611,51.743889],[3.885278,51.743889],[3.955833,51.735832],[3.968611,51.73360400000013],[3.975833,51.728882],[4.004444,51.709999],[4.066944,51.679443],[4.104166,51.661942],[4.112778000000105,51.67083],[4.116111,51.67333200000013],[4.124444,51.677216],[4.155833,51.683884],[4.167754000000116,51.68557],[4.127222,51.706665],[4.059722000000136,51.75138900000013],[4.056666,51.75804900000014],[4.030833,51.786659],[4.027778000000126,51.789162],[4.019722,51.793610000000115],[4.005278,51.798882],[3.993055,51.801384],[3.980556,51.802773000000116],[3.955833,51.801666],[3.874189,51.786369],[3.873239602305256,51.78881959313359],[3.878135714037665,51.79172857876482],[3.940858708635608,51.83705878944967],[3.983333,51.846382],[3.995,51.847771],[4.006666,51.846664],[4.015555,51.842773],[4.027499,51.836105],[4.06111,51.860275],[4.040795960376723,51.90928392324197],[4.264411482317694,52.07089193936052],[4.310122113587727,52.130239756333744],[4.362222,52.171661],[4.36861,52.177216],[4.4,52.205826],[4.408889,52.214722],[4.420555,52.226662],[4.428888,52.236107],[4.441667,52.252495],[4.494494,52.32721700000013],[4.517777000000137,52.360832],[4.538888,52.39222],[4.542777000000115,52.399719],[4.55111,52.41971600000011],[4.568055000000129,52.44916500000011],[4.576944,52.458054],[4.584431,52.461502],[4.657958,52.453125],[4.706849,52.427227],[4.845252,52.410198],[4.88598,52.390373],[4.906884,52.374157],[4.952402,52.373123],[4.991944000000103,52.361107],[5.029040719670265,52.35263493359894],[5.033714189630052,52.34899315417745],[5.035744223101386,52.33371695156755],[4.949828180773505,52.277946077544115],[5.473186525805243,52.17660482998552],[5.574368986590155,52.28301581021013],[5.75691321800495,52.33371695156755],[5.781180114668983,52.409318902081196],[5.810262,52.426094],[5.81478,52.429115],[5.819638000000111,52.432556],[5.849999,52.461388],[5.8525,52.464722],[5.859787980865342,52.477474469276856],[5.870019531250023,52.4853515625],[5.869676556829489,52.494777445712515],[5.878055,52.509438],[5.872415000000103,52.523415],[5.86837089528631,52.530660626743746],[5.8671875,52.56318359375],[5.849205105479089,52.58929956363883],[5.855000000000132,52.606911],[5.837109859638097,52.606865582214056],[5.83544921875,52.60927734375],[5.653417968750006,52.629638671875],[5.619140625,52.658496093749996],[5.613085937500017,52.684375],[5.615768871037228,52.72464583239354],[5.653440508349188,52.74977835293474],[5.61775654411364,52.75448080527048],[5.617968750000017,52.757666015625],[5.625292968750017,52.7818359375],[5.6669921875,52.817333984375],[5.665169711311145,52.82344979389337],[5.668611,52.82638500000013],[5.676944000000105,52.830551],[5.718352,52.83802],[5.714444000000128,52.840271],[5.651388,52.85527],[5.645833,52.855553],[5.594999,52.848328],[5.594826286857312,52.848155258594765],[5.547265625000023,52.845654296875],[5.454980468750023,52.857177734375],[5.42041015625,52.874462890625],[5.4130859375,52.902636718749996],[5.412040239178448,52.912450459905884],[5.412777,52.912773],[5.41361,52.917221],[5.418611000000112,52.94944],[5.420555,52.964439],[5.411388,53.028885],[5.407777,53.034996],[5.375555,53.070549],[5.364166000000125,53.070274],[5.36228791905279,53.07825739359762],[5.366034102909986,53.086553686399164],[5.378611,53.09166],[5.38611,53.096664],[5.388611,53.099998],[5.402499,53.121384],[5.411111,53.140274],[5.412730840722463,53.14660034861965],[5.64734986732746,53.22775992031755],[5.966306719286688,53.3350101339406],[6.260716471178778,53.321742616850756],[6.750721964342841,53.38986166592302],[6.861045393450507,53.26576193447771],[7.009059462054022,53.2454105245656],[7.043283495409735,53.16400488491716],[7.159938845141181,53.164001070219896],[7.1897454590633,53.2301402914113],[7.150649660134823,53.24632151677824],[7.190277,53.240273],[7.201111,53.239716],[7.205277,53.240829],[7.208364,53.242805],[7.245000000000118,53.311386],[7.25,53.315277],[7.256389,53.31832900000012],[7.271944000000133,53.319160000000124],[7.320000000000107,53.317497],[7.329721,53.316383],[7.336944,53.31388900000013],[7.3425,53.310272],[7.346389,53.30555],[7.351944000000117,53.3022160000001],[7.355277,53.300827],[7.364444,53.299164],[7.358611,53.308609],[7.35111,53.317497],[7.341666,53.32222],[7.3325,53.32388300000014],[7.226944,53.336388],[7.183888,53.3408280000001],[7.126389,53.339996],[7.0925,53.338051],[7.073333,53.336105],[7.058055,53.337219],[7.050555,53.339722],[7.04777700000011,53.34166],[7.043333000000132,53.345833],[7.024166,53.364998],[7.019444,53.372215],[7.016388,53.380554],[7.0158330000001,53.383606],[7.014444,53.404999],[7.015555,53.414719],[7.021944,53.44249700000012],[7.031388,53.47943900000013],[7.033333000000141,53.485275],[7.052814064259547,53.51998363347531],[7.165639433367499,53.59167059536638],[7.332391771776923,53.60442694302263],[7.83638099144245,53.63209494229021],[7.875028892811022,53.63368572603227],[7.968539270861395,53.63753470059099],[8.011022600634345,53.565692506987475],[8.062492695969846,53.49424291949061],[8.066111,53.479996],[8.06972100000013,53.472221000000104],[8.075832,53.462494],[8.080276,53.45805400000012],[8.097776,53.444443],[8.098587125478776,53.444137473162264],[8.098732981188544,53.443934999663256],[8.02908233116413,53.37264975186052],[8.174986872179755,53.321742616850756],[8.241933855517157,53.35229071255388],[8.253284775984008,53.404445298772245],[8.281111,53.416939],[8.289165,53.422493000000145],[8.292776,53.427216],[8.309721,53.451385],[8.313055,53.456383],[8.314999,53.46611],[8.319721,53.498886],[8.320555,53.509163000000115],[8.319721,53.515274],[8.315290498532706,53.5216773552913],[8.483144288763492,53.456295651302455],[8.482777,53.453888],[8.484165,53.418327],[8.485277,53.406105],[8.488609,53.38166],[8.490833,53.373055],[8.497776,53.360275000000115],[8.503054,53.354164],[8.506666,53.36249500000014],[8.508055,53.372498],[8.505833,53.424995],[8.504999000000112,53.434441],[8.49874246937122,53.45021991344836],[8.501803431017645,53.449027620512865],[8.496416817173387,53.461032832712995],[8.496111,53.462494],[8.498055,53.471939],[8.501665000000116,53.4805530000001],[8.506388,53.488052],[8.511389,53.492218],[8.560867,53.515434],[8.565554,53.521385],[8.56833300000011,53.526939],[8.56833300000011,53.533333],[8.567499,53.53611],[8.557777,53.550552],[8.511734000000104,53.617218],[8.49472,53.641937],[8.488333000000125,53.651665],[8.485554,53.659996],[8.483055,53.671944],[8.482222,53.681107],[8.483332,53.690277],[8.487778,53.701942],[8.534266897848674,53.791707468078734],[8.539542231066473,53.80068167324724],[8.585600878480873,53.79307781558178],[8.848478350146063,53.749679170805834],[9.125039133532294,53.79047735806169],[8.962024115511968,53.8370267192299],[9.020555,53.846664],[9.105276000000117,53.863327],[9.128887,53.866104],[9.213055,53.864998],[9.218887,53.8647160000001],[9.27611,53.858887],[9.279999,53.85777300000012],[9.283333,53.856384000000105],[9.29416700000013,53.849159],[9.320276,53.83027600000014],[9.324444,53.826111],[9.351387,53.7980500000001],[9.379444,53.760826],[9.408888,53.730553],[9.415833,53.724442000000124],[9.547777,53.61055],[9.562222,53.598328],[9.573055,53.59111],[9.582777,53.586105],[9.672777,53.55555],[9.695833,53.550278000000105],[9.764746,53.543732],[9.802221,53.534721],[9.811388,53.533051],[9.821665,53.532494],[9.826387000000125,53.533051],[9.83,53.534439],[9.832499,53.536385],[9.833887,53.538887],[9.833887,53.542221],[9.830276,53.546661],[9.82472,53.550278000000105],[9.820833,53.551666],[9.783888,53.561386],[9.774166,53.5627750000001],[9.741083,53.565002],[9.724165,53.565552],[9.699444,53.568329],[9.681944,53.5719380000001],[9.66361,53.578606],[9.575277,53.613609],[9.56111,53.621666],[9.546665,53.6336060000001],[9.437777,53.739441],[9.430555,53.748604],[9.417221,53.77111100000013],[9.407776,53.792221],[9.394444,53.821388],[9.393055,53.823883],[9.337776,53.852776],[9.327776,53.857216],[9.286388,53.874443],[9.278332,53.876663],[9.234444,53.88638300000014],[9.220833,53.888885],[9.205276,53.890549],[9.063055000000134,53.898048],[8.993055,53.891106],[8.983332000000132,53.890274],[8.967222,53.894997],[8.947498,53.907219],[8.9275,53.919716],[8.913887,53.92860400000012],[8.899721,53.94082600000013],[8.883055,53.961105],[8.865866174176567,53.98595098312978],[8.946340593798407,54.014972292143725],[8.879138213702621,54.04514568670493],[8.880833,54.04527300000012],[8.890554,54.044167],[8.926666,54.037216],[8.945555000000127,54.030548],[8.960554,54.022217],[8.971109,54.017776],[8.978888,54.018608],[9.000555,54.026108000000136],[9.003054,54.028053],[9.01111,54.043884000000105],[9.012777000000142,54.049995],[9.017221,54.084999],[8.971109,54.131660000000124],[8.85861,54.123886],[8.8475,54.13110400000011],[8.844721000000106,54.133049],[8.829721,54.148048],[8.825345070326629,54.15474348748202],[8.853296312792548,54.16815527554216],[8.88401225517536,54.229449831206225],[8.82993831399501,54.2230735681708],[8.841389000000106,54.250549],[8.842777,54.253326],[8.845276,54.255272000000105],[8.853054,54.2575],[8.88361,54.294167],[8.83,54.293327],[8.695555,54.270271],[8.694166,54.26777600000014],[8.691111,54.266106],[8.679998000000126,54.266106],[8.669443,54.266937],[8.655554,54.269440000000145],[8.643610000000137,54.273048],[8.631666,54.27916],[8.623365960661593,54.28851301055961],[8.85242274711872,54.331649385649584],[8.95060161064411,54.41855581875505],[8.936356757185681,54.43148324003936],[8.99472,54.451942000000145],[9.004999,54.46027400000014],[9.014999,54.471939],[9.016388,54.474716000000114],[9.019444,54.49305],[9.016943,54.498329],[9.005554,54.508606],[8.967777,54.541107000000125],[8.960278,54.543610000000115],[8.946943,54.546387],[8.940277,54.549438],[8.921665,54.559441],[8.916111,54.562775],[8.850832,54.620827],[8.814165,54.668327],[8.804998,54.685555000000136],[8.754444,54.711662],[8.734444,54.721107],[8.696943,54.746941],[8.655554,54.80082700000014],[8.648611,54.810272],[8.645555000000115,54.814995],[8.64222100000012,54.826385],[8.640554,54.838051],[8.60914042868149,54.843771920097375],[8.616097483141669,54.88736303921404],[8.620725593443233,54.91638038452686],[8.664545,54.913094],[8.654722000000106,54.981941],[8.676109,55.114166],[8.633122933925222,55.10916898831797],[8.625885637017454,55.13346501107237],[8.632158000000118,55.132393],[8.643888,55.13110400000011],[8.683611,55.1325],[8.688889,55.136383],[8.691387000000134,55.14222],[8.692221,55.1491620000001],[8.689444,55.160271],[8.661388000000102,55.203331],[8.658054000000106,55.258606],[8.658609,55.301666],[8.662498,55.31360600000011],[8.663887000000102,55.320549],[8.662222,55.332497],[8.638054,55.402771],[8.623888,55.427498],[8.612499000000128,55.434715],[8.599443,55.441109],[8.589722,55.44305400000013],[8.536110000000122,55.449165],[8.48,55.453888],[8.468054,55.454163],[8.44972,55.451942],[8.439999,55.45221700000013],[8.30749900000012,55.553329],[8.256943,55.49110400000012],[8.104166000000134,55.53777300000013],[8.091389,55.54471600000011],[8.087221,55.548882],[8.087221,55.554993],[8.093332,55.565826],[8.119444,55.59333],[8.126665000000116,55.603333],[8.13944400000014,55.624718],[8.153197371853222,55.65485771062029],[8.320030245287665,55.76773413296404],[8.3169746727779,55.8489147054738],[8.314504634001132,55.851914638714966],[8.323889,55.85611],[8.3941650000001,55.891937],[8.397221,55.897499],[8.385277,55.923332],[8.316944,56.010826],[8.316944,56.01722000000012],[8.313055,56.046661],[8.312498,56.050278000000105],[8.31111,56.053055],[8.308887,56.054718],[8.270832,56.07499700000011],[8.254999,56.082771],[8.223888,56.092773],[8.146111,56.111107],[8.141109,56.111664],[8.137499,56.110832],[8.141109,56.102493],[8.145277000000135,56.080826000000116],[8.146387,56.071106],[8.146387,56.067497],[8.145780533290333,56.05683491894215],[8.116614374621161,56.09225805874529],[8.124479326708563,56.207477174956225],[8.1834297509029,56.43146475430193],[8.30883029411579,56.479205690581225],[8.45223620842243,56.41160162563982],[8.674888643725165,56.357745729643725],[8.868578943712958,56.61611136074724],[9.0027017922237,56.657157503325365],[9.044589089847527,56.59526634273401],[9.04611,56.590553000000114],[9.055555,56.571663],[9.058611,56.56694],[9.064165000000116,56.563049],[9.066705352409985,56.56258815064278],[9.135852846606024,56.46041830654802],[9.311874422533759,56.481124483305834],[9.313771265347919,56.525400839339746],[9.317221,56.524994],[9.321665,56.52555100000012],[9.371111,56.540833000000134],[9.373055000000136,56.543053],[9.373888000000136,56.546104],[9.37611,56.558884],[9.376389,56.564995],[9.370832,56.568886],[9.361666000000127,56.570549],[9.344166,56.566383],[9.323056000000122,56.67638],[9.320424167401386,56.68069375964874],[9.322062525255927,56.71893652554216],[9.37014678428913,56.88226660366716],[9.834623369677313,56.8899417745656],[10.216188463671454,56.84984930630388],[10.2234395536203,56.71835918589164],[10.159443,56.720551],[10.154444,56.719994],[9.866388000000143,56.650276],[9.886389,56.641937],[9.93305400000014,56.641663],[10.003611,56.659164],[10.077221,56.686104],[10.177221,56.696388],[10.22465647709157,56.69629168777781],[10.229683908922919,56.60512503262224],[10.24821996930243,56.575218733596806],[10.245554,56.57332600000012],[10.218887,56.553055],[10.210554000000116,56.535553],[10.187777,56.468605],[10.230833,56.473053],[10.22611,56.489166],[10.224165,56.506943],[10.223888000000102,56.53833],[10.230276,56.549438],[10.236666,56.553604],[10.257263084789567,56.56062846412515],[10.31376079033161,56.469474397856615],[10.82582477043415,56.443290315825365],[10.888675722582587,56.36874731655779],[10.82655832336303,56.246560047292526],[10.744999,56.163887],[10.673887,56.187775],[10.683054,56.189163],[10.686388,56.19416],[10.692221,56.206383],[10.691944,56.21221900000012],[10.690554,56.217773000000136],[10.684444,56.22110700000013],[10.66861,56.226662],[10.647499,56.229439],[10.636389,56.229439],[10.625555000000134,56.228333],[10.617777,56.226387],[10.611111,56.22361],[10.589722,56.207222],[10.555277,56.17694100000011],[10.549166000000127,56.166382],[10.547777,56.159996],[10.550554,56.15471600000012],[10.554165,56.149994],[10.572222,56.132774],[10.577776,56.123055],[10.575554,56.116661],[10.571388,56.111382],[10.559999000000118,56.103607000000125],[10.553610000000106,56.10083],[10.545832000000132,56.098885],[10.535831,56.098328],[10.524166,56.09861],[10.515276,56.10083],[10.451046935255661,56.13216190134387],[10.442480120165595,56.15090139980974],[10.417402955222146,56.14857393952972],[10.389999,56.161942],[10.353054,56.195274],[10.358332000000132,56.199715],[10.4275,56.22110700000013],[10.436943,56.221939],[10.442499000000112,56.21833],[10.479443000000117,56.220551000000114],[10.508333,56.264999],[10.5075,56.270828],[10.501944,56.274162],[10.44861,56.291939],[10.40055500000011,56.290833],[10.24679,56.178551],[10.231943,56.166664],[10.219166,56.151665],[10.216110000000128,56.146111],[10.214998,56.139717],[10.220833,56.129715],[10.226387000000102,56.125832000000116],[10.238888,56.119164],[10.244165,56.114998],[10.245732612137328,56.11238526832066],[10.175156626208075,56.07587393398943],[10.229878458483466,55.950893007475756],[10.174593224866001,55.82659921462246],[10.173054,55.826942000000145],[10.150555,55.834999],[10.143888000000118,55.838333],[10.140276,55.843048000000124],[10.137499000000105,55.848328],[10.13499800000011,55.859161],[10.132221,55.864441],[10.126665,55.86833200000012],[10.11972,55.87166600000012],[10.105555,55.87722],[10.093887,55.878609],[10.061388,55.878609],[10.049721,55.878319],[10.01229,55.8746220000001],[9.982498,55.87166600000012],[9.871666,55.84999800000014],[9.865555,55.84638200000012],[9.867222,55.8408280000001],[9.873888,55.837776],[9.882221,55.83527400000014],[9.892221,55.833328],[9.922777,55.828606],[9.956388,55.824997],[10,55.82164],[10.040277,55.81694],[10.048611,55.81443800000011],[10.045832,55.750275],[10.0287863940254,55.73572703874968],[10.00712016533161,55.73038824673357],[10.002164270108684,55.713005779809464],[9.992777,55.704994],[9.831665,55.671387],[9.811666,55.669441],[9.802221,55.670273],[9.737498,55.683773],[9.732666,55.6852760000001],[9.725165,55.689606],[9.687777,55.703606],[9.671944,55.708885],[9.649721,55.711388],[9.638887000000125,55.711388],[9.55722,55.708885],[9.549999,55.705826],[9.552776,55.700554],[9.558332,55.696663],[9.566387,55.694443],[9.574165,55.69332900000012],[9.585278,55.69332900000012],[9.616665,55.695],[9.639444,55.692772],[9.652777,55.68666100000013],[9.721722,55.653107],[9.806198996294617,55.61115978988227],[9.690073046190985,55.60486563320818],[9.729492364502766,55.547317396949985],[9.704166,55.53110500000014],[9.592777,55.426109],[9.588333,55.421661],[9.5875,55.414719000000105],[9.590277000000128,55.41027100000014],[9.590641441555508,55.40986776214648],[9.543865236742743,55.35126455898943],[9.516561541064032,55.223067842680834],[9.517337705965735,55.16491599358819],[9.489443000000108,55.151939],[9.463055,55.128609],[9.459166,55.123886],[9.461943,55.11805],[9.487180949525117,55.08050524693864],[9.421020540697821,54.97648199673357],[9.495982202990302,54.938293062407396],[9.560155666859288,54.90558297517596],[9.502777,54.86833200000012],[9.458055000000115,54.838608000000136],[9.452776,54.834999],[9.448332000000107,54.83027600000014],[9.445358,54.825401],[9.441944,54.819717],[9.437498,54.807777],[9.439165,54.802216],[9.5783330000001,54.825554],[9.660555,54.812218],[9.75500212019868,54.79249139668682],[9.86444381187702,54.72629126187029],[9.986687693102606,54.5924449789113],[9.979835742316915,54.51166741468673],[9.970554,54.5075],[9.893055,54.481941],[9.871111,54.477493],[9.849998,54.479164],[9.845276,54.478607],[9.843332,54.476105],[9.843611,54.473053],[9.851944,54.464439],[9.863609,54.457497],[9.870277,54.454437],[9.878332,54.452774],[9.893332,54.453888],[9.937212862916967,54.46176637540927],[9.864808115465888,54.41139944668474],[10.064928087694891,54.43389471646013],[10.141728434069403,54.33675345059099],[10.212877306444891,54.37191732998552],[10.34023955772663,54.36231573696794],[10.445974382860907,54.29203375454607],[10.648594889147528,54.25897558804216],[11.038605722887763,54.313251100737475],[11.073005709154852,54.219630800444506],[11.050655078175886,54.172347924732314],[10.887499,54.09333],[10.877499,54.088882],[10.86972,54.087494000000106],[10.839443,54.089996],[10.824999,54.09166],[10.801388,54.089439],[10.766388,54.061104000000114],[10.758055,54.05194100000011],[10.754999,54.046661],[10.754721,54.039993],[10.756388,54.034439],[10.763332,54.022217],[10.770277,54.012772],[10.783888,54.000549],[10.789999,53.997215],[10.791038356135795,53.99690384801912],[10.716716799242743,53.96393164272966],[10.77092198337268,53.930865647944174],[10.828288804798404,53.89587100585282],[10.818535,53.890053],[10.829033349065611,53.89541682241534],[10.858920130236395,53.87718542690935],[10.883711053577748,53.88237572131042],[10.893506027075912,53.88442642331155],[10.960404311878575,53.89843242818161],[11.151377710802802,53.938415132719896],[11.202488932116278,53.85678442593279],[11.407822641833075,53.8592906820363],[11.558442906354216,54.028017396973844],[11.573889,54.032494],[11.57972100000012,54.03611000000012],[11.581315408408472,54.03748212212036],[12.041073832018622,54.09665640469255],[12.311884912951239,54.2019420492238],[12.440501852664978,54.247057002868615],[12.445,54.246941],[12.453054000000122,54.248886],[12.455832,54.250832],[12.453743452985437,54.251701757952745],[12.462536566113503,54.2547861175406],[12.652518305285223,54.32142599697771],[12.76480010460163,54.27032812710466],[12.943138155443915,54.346984468657396],[13.025811228258856,54.265216432768725],[13.063765558703192,54.19368704434099],[13.349167856676825,54.06348761196794],[13.431016001208075,54.03024633999529],[13.667614969713934,54.084167085844896],[13.73778251121784,54.03028830166521],[13.764326128466376,53.87718542690935],[13.78049949119831,53.77517660732927],[13.850170168383368,53.72928961392107],[14.009740862353095,53.673209749419115],[14.176863703234442,53.68340643521013],[14.189576181872138,53.6247936117238],[14.28019145439411,53.61341818447771],[14.433155092699774,53.59421499844255],[14.537060770495184,53.538165651518725],[14.49530318687702,53.6247936117238],[14.542485613518082,53.67117250103004],[14.554722,53.678604],[14.619444,53.764442],[14.621111,53.771385],[14.614166,53.816383],[14.584999,53.844719],[14.576666,53.850273],[14.558332,53.857216],[14.548611,53.85833],[14.485277,53.863884],[14.4749216042664,53.864719141652095],[14.472936663134345,53.87677725430193],[14.467412027819403,53.91035040493669],[14.580244322217478,53.9290180912011],[14.8857584328487,53.97956427212419],[15.079682383044013,54.00251730557146],[15.311689409716376,54.071002565581225],[15.898360285265692,54.128402315337084],[16.11468032310749,54.19960745449724],[16.47324851463581,54.41503485317888],[16.97590163658405,54.549308382231615],[17.657612833483466,54.6854625570363],[18.27944854210163,54.724120699126146],[18.5057766952923,54.63562917063877],[18.511387,54.631104],[18.52546954630849,54.61459547800463],[18.362916025622138,54.66889151211443],[18.33849624107624,54.602645479399584],[18.45380691002155,54.52537878628435],[18.513155970080145,54.315780245024584],[18.67307761619831,54.25514181729021],[18.68493469916379,54.25402242200741],[18.9649763436153,54.227584444243334],[19.255003962023505,54.27719458218279],[19.25591332740984,54.277544156616315],[19.256107,54.277496],[19.319714600626348,54.27257562283115],[19.31760886619831,54.27167852993669],[19.232062372668036,54.222072206694506],[19.23030761192585,54.16696890469255],[19.328099283678778,54.16145285244646],[19.456822428210028,54.21656378384294],[19.5704032231417,54.25508398136884],[19.727042456440085,54.308207171874656],[19.985333915215637,53.99095794783266],[22.68158012625226,52.71576083277383],[26.446150307699615,52.12629994408455],[26.98735233548986,51.87907120344009],[28.379307968442856,51.24320618354534],[27.412729138071235,50.40771461999975],[23.190305826447847,50.11501654485727],[21.511511015802405,49.55722793849939],[21.257148165704606,48.892753974696916],[19.37486307498093,48.92619000317949],[18.51002938464843,48.151494035228126],[15.915528313650926,48.21932977051836],[13.77888037282945,48.523480041293595],[12.659683832399153,47.74259317784649],[7.114573700267235,47.605573719326976],[7.979407390599736,50.017050624351675],[6.809338280149881,50.56954801840286],[4.927053189426202,49.85332924572673],[3.248258378780758,50.342826009689276],[3.451748658858986,50.923632363582996],[3.817731248575016,51.34192824044221],[3.861944,51.339165],[3.86722200000014,51.339996],[3.961389000000111,51.36972]]],[[[12.395277,55.032494],[12.452221000000122,55.026939],[12.50666600000011,55.015831],[12.527777000000128,55.010277],[12.532776,55.00666],[12.536388000000102,55.00193800000011],[12.554722,54.972221],[12.557499,54.964165],[12.557499,54.960831],[12.55611,54.957771],[12.548054,54.94916500000011],[12.544722,54.94722000000013],[12.536665,54.94500000000011],[12.520555,54.94416],[12.501665,54.94722000000013],[12.472776,54.955826],[12.463888,54.9574970000001],[12.404165,54.96305100000012],[12.377222,54.96305100000012],[12.361666,54.962219],[12.338055,54.958885],[12.311943,54.950554000000125],[12.30888700000014,54.948883],[12.264166,54.919167],[12.183611,54.880272],[12.16361000000012,54.88304900000014],[12.150833,54.886108],[12.115833000000123,54.90416],[12.132221,54.95138500000013],[12.135832,54.956665],[12.177776,54.982498000000135],[12.311943,55.03527100000014],[12.395277,55.032494]]],[[[12.49555400000014,55.603882],[12.49222200000014,55.602219000000105],[12.486666000000127,55.601662],[12.448055,55.604164],[12.444721,55.604996],[12.441666,55.607216],[12.435833,55.614166],[12.432499,55.615555],[12.421665,55.616386],[12.403889,55.616661],[12.39138800000012,55.613609],[12.380833,55.609993000000145],[12.344444000000124,55.593048],[12.339458,55.590206],[12.269444000000135,55.55999800000012],[12.253332,55.552498],[12.244444,55.54361],[12.205832,55.50222],[12.19611,55.490273000000116],[12.191666000000112,55.482216],[12.190832,55.478607],[12.190554000000134,55.465553],[12.192778,55.457771],[12.195276,55.45221700000013],[12.200554000000125,55.444717],[12.206665,55.438332],[12.224165,55.427773],[12.23166700000013,55.42443800000012],[12.297777,55.403053],[12.343611000000124,55.401665],[12.363888,55.398888],[12.376665,55.395271],[12.399443,55.381104],[12.430555,55.361664],[12.43611,55.357498000000135],[12.444166,55.348328],[12.45194400000014,55.336388],[12.453609,55.330551],[12.462776,55.29277],[12.461666,55.286385],[12.449165,55.276382],[12.443333,55.272499],[12.425833000000125,55.261665],[12.412498,55.25582900000012],[12.333887,55.234993],[12.325277,55.23333],[12.315554,55.23277300000012],[12.293888,55.233055],[12.272499,55.233887],[12.243889,55.23693800000012],[12.203333,55.22805000000011],[12.176109,55.220551000000114],[12.036110000000122,55.17333200000013],[12.025555,55.169441],[12.014999000000103,55.161385],[12.013054,55.158607],[12.012777,55.155548],[12.013054,55.152496],[12.015276,55.150276],[12.018055,55.148605],[12.058054,55.133049],[12.065554,55.130554],[12.074999,55.128883],[12.086943,55.128883],[12.096109,55.1294400000001],[12.115000000000123,55.132774],[12.130554,55.133606],[12.149443000000133,55.130272],[12.173332,55.12277200000011],[12.179165,55.11972],[12.18111,55.117218],[12.181389000000138,55.114166],[12.173611,55.00499700000012],[12.173054,55.001389],[12.171665,54.998886],[12.166666,54.995552],[12.158609,54.99277500000011],[12.071943,54.968605],[12.041111,54.966385000000116],[12.013332,54.96833],[11.99499900000012,54.971382],[11.978333,54.979164],[11.953333,54.998886],[11.949999,55.000275],[11.945833,55.00193800000011],[11.936388,55.003326],[11.913887,55.004715],[11.910276,55.003326],[11.896387000000118,54.991386],[11.895555,54.98832700000014],[11.896111,54.98583200000013],[11.900913000000116,54.978825],[11.859722,55.013885],[11.840277,55.023331],[11.730555,55.060555000000136],[11.783054000000106,55.1325],[11.797777,55.15583],[11.741110000000106,55.198883],[11.730833000000132,55.203606],[11.717777,55.206665],[11.694508,55.20760300000012],[11.683332,55.204163],[11.658333,55.18721800000014],[11.612221,55.18721800000014],[11.553055,55.190826],[11.543055,55.192772000000105],[11.518888,55.199997],[11.453888,55.212494],[11.427776,55.215828],[11.416943,55.215828],[11.400276,55.212219],[11.350832,55.201385],[11.323055,55.190552],[11.30611,55.188889],[11.27277800000013,55.192772000000105],[11.262499,55.194443],[11.253054,55.196388],[11.246666,55.199715],[11.244165,55.204437],[11.187777,55.338882000000126],[11.218054,55.393608],[11.217222,55.399162],[11.203609000000142,55.44888300000014],[11.149166,55.56749700000012],[11.144444,55.5774990000001],[11.089167,55.662773],[11.083611,55.669998],[11.075277,55.672775000000115],[10.994165,55.692497],[10.879999,55.729439],[10.87361,55.732498],[10.878054,55.736938],[10.88722,55.738327],[10.897221,55.739166000000125],[10.940832000000114,55.738884],[10.953054,55.738052],[11.129444,55.721664],[11.138611,55.713608],[11.152777000000128,55.707771],[11.168610000000115,55.702774],[11.189165,55.699165],[11.201111,55.698051],[11.211111,55.698883],[11.343332,55.74749800000012],[11.486944,55.84166],[11.49638700000014,55.85083],[11.500000000000114,55.85611],[11.506388,55.867218],[11.511665,55.8794400000001],[11.5158330000001,55.891937],[11.516388,55.898331],[11.510277,55.914162],[11.507776,55.918884],[11.491665,55.930275],[11.478611,55.936943],[11.470276000000126,55.939438],[11.449165,55.94249700000012],[11.379721,55.946938],[11.359722,55.94916500000011],[11.283333,55.971382],[11.278055000000109,55.975273],[11.274166,55.97943900000013],[11.273333,55.991661000000136],[11.312777,55.98111],[11.409166,55.961388],[11.606388,55.936386],[11.664444000000117,55.94166600000011],[11.706388000000118,55.95082900000011],[11.737778000000105,55.959442],[11.74472,55.962494],[11.752777,55.964439],[11.763887,55.964722],[11.772778,55.962219],[11.778610000000128,55.95832800000011],[11.781944,55.95416300000011],[11.778332,55.948608],[11.739721,55.921387],[11.670277000000112,55.890549],[11.670555,55.814163],[11.717499,55.793327],[11.727499000000137,55.794716],[11.732777,55.794441],[11.736387,55.7930530000001],[11.745277000000101,55.784164],[11.765554,55.758606],[11.799721,55.687218],[11.799999,55.683884],[11.79444,55.661659],[11.819721,55.674721],[11.822498,55.676666],[11.825554,55.682495],[11.832083000000125,55.707016000000124],[11.843611,55.764442],[11.902777,55.925827],[11.905277,55.927773],[11.914165,55.929718],[11.924999000000128,55.928886],[11.941111,55.924438],[11.959444000000133,55.917221],[11.986944,55.904716],[11.992777,55.901108],[11.998888,55.89444],[12.001389,55.88916],[12.035276,55.806389],[12.040554,55.793327],[12.055555,55.751389],[12.056944,55.742218],[12.056389,55.736107],[12.054443,55.729996],[12.050833,55.724442000000124],[12.045555,55.720551],[12.031111,55.71527100000014],[12.02611,55.714722],[12.009722,55.71527100000014],[11.970554000000106,55.717499],[11.936666,55.676941],[11.935833,55.6533280000001],[12.05722,55.6533280000001],[12.061943,55.658051000000114],[12.092222,55.698326],[12.093887000000109,55.711105],[12.092222,55.722496],[12.090832,55.72805],[12.087776,55.738884],[12.07222,55.76453800000013],[12.042221,55.919167],[12.039721,55.924164],[12.014721,55.956108],[12.007500000000107,55.959442],[11.979166,55.956665],[11.933887,55.949997],[11.886665,55.936943],[11.87611,55.936104],[11.866388,55.93721800000014],[11.853611,55.943886000000134],[11.848610000000122,55.947777],[11.845833,55.9524990000001],[11.848331,55.958611],[11.859444,55.966660000000104],[11.865833,55.969719],[11.919167,55.994438],[12.174166,56.103607000000125],[12.200277,56.112221],[12.275,56.12722],[12.290554,56.128883],[12.301666,56.128609],[12.312498000000119,56.12722],[12.331388,56.124161],[12.514166,56.08777600000013],[12.533609,56.080826000000116],[12.612499,56.045273],[12.618889,56.041939],[12.61972,56.039444],[12.618055,56.03388200000012],[12.593887,56.004715],[12.584166,55.999443],[12.573332000000107,55.995827],[12.567221,55.992218],[12.529999,55.949715],[12.525555,55.94194],[12.516943,55.925552],[12.515554,55.91944100000012],[12.519165,55.911385],[12.558875,55.8672370000001],[12.566944,55.857498],[12.574444,55.848053],[12.575832,55.845551000000114],[12.596388,55.798882],[12.59861,55.793327],[12.599998,55.76722],[12.600277,55.75444],[12.584166,55.735275],[12.599443,55.707222000000115],[12.600277,55.704163],[12.596109,55.69944],[12.561388,55.666939],[12.549999,55.657219],[12.540833,55.650833],[12.524166,55.639442000000145],[12.502777,55.631386],[12.496944,55.606667],[12.49555400000014,55.603882]]],[[[11.640554,54.662498],[11.588333,54.66360500000013],[11.57888800000012,54.66333],[11.522499,54.641937],[11.4725,54.622772],[11.466389,54.61999500000013],[11.461388,54.618889],[11.455555,54.619438],[11.451387,54.620552],[11.377222,54.64666],[11.35027700000012,54.65888200000012],[11.315277,54.675552],[11.278055000000109,54.699715],[11.26222,54.707222],[11.24583200000012,54.711662],[11.190554000000134,54.725555],[11.144444,54.736938],[11.125555,54.740273000000116],[11.099165,54.742493],[11.031666,54.756104],[11.02611,54.758606],[11.019722000000115,54.762772],[10.994999,54.782776],[10.99111,54.787216],[10.989891000000114,54.790848],[11.025276,54.81443800000011],[11.013611,54.890274],[11.014444,54.895828],[11.027498,54.910271],[11.031944,54.914719],[11.042221,54.9230500000001],[11.057777,54.934998],[11.071388,54.940826],[11.118889,54.950829],[11.136389,54.95388800000012],[11.164444,54.956665],[11.193144,54.957397],[11.239721,54.957222000000115],[11.275555,54.949715],[11.288332,54.943054],[11.33111,54.91944100000012],[11.336111,54.91555],[11.339998,54.911385],[11.347221,54.89611100000013],[11.35111000000012,54.891937],[11.361111,54.883888],[11.393332,54.86805],[11.408888,54.862495],[11.513887,54.82972000000012],[11.564444,54.821938],[11.6425,54.877777],[11.641666,54.900833],[11.641943,54.903885],[11.643888,54.906105],[11.64861100000013,54.906662],[11.656944,54.903885],[11.708611,54.875275],[11.73527700000011,54.854996],[11.844999,54.7699970000001],[11.849443000000122,54.765831],[11.861666,54.746109],[11.862221,54.74305],[11.858332,54.689438],[11.85611,54.68332700000013],[11.844166,54.669441],[11.833887,54.66111],[11.785,54.639999],[11.77555500000011,54.640831],[11.736387,54.645271],[11.7225,54.651108000000136],[11.693888,54.655548000000124],[11.640554,54.662498]]],[[[10.135277,55.117218],[10.150555,55.121941000000106],[10.154444,55.126938],[10.152777,55.132774],[10.15,55.137497],[10.11861,55.178886],[10.108332,55.186386],[10.098610000000122,55.188049],[10.005833,55.193329],[9.896944,55.279716],[9.896666,55.285828],[9.888332,55.336662],[9.88722,55.34221600000012],[9.810833,55.436661],[9.768055,55.466942],[9.728888,55.474159],[9.684999,55.49110400000012],[9.678333,55.494438000000116],[9.675554,55.49916100000013],[9.679998000000126,55.503609],[9.74861,55.540276],[9.813055,55.547493],[9.824165,55.547218],[9.832499,55.54471600000011],[9.834721000000116,55.539993],[9.835278,55.527496],[9.8375,55.522499],[9.843332,55.518883],[9.856388,55.512497],[9.864721,55.509995],[9.883333,55.505829],[9.895277000000135,55.505554],[9.904999,55.505829],[9.921665,55.50972],[9.935833,55.514999],[10.000304,55.541264000000126],[10.073889,55.556664000000126],[10.124722,55.568054],[10.148611,55.57416500000011],[10.164721,55.578606],[10.177776,55.584442],[10.2125,55.598885],[10.2897210000001,55.614998],[10.298887,55.616661],[10.309721,55.616943],[10.327221000000122,55.61193800000012],[10.399166,55.588882],[10.405554,55.585548],[10.484722,55.532494],[10.473610000000122,55.514999],[10.452221,55.481667],[10.445276,55.478607],[10.427776,55.468048000000124],[10.422222,55.464439],[10.416111,55.452774],[10.4175,55.44722],[10.420277,55.442497],[10.425554,55.438606],[10.437498,55.437775],[10.468887,55.437218],[10.478611,55.438049],[10.60027700000012,55.482773],[10.60611,55.486382],[10.608889,55.49249300000014],[10.614166,55.51944],[10.617498,55.563889],[10.612778,55.592499],[10.607222,55.602493],[10.603333,55.607216],[10.610554,55.617218],[10.613888,55.618607],[10.619165,55.619164],[10.626944,55.616661],[10.634443,55.610275],[10.658054,55.589996],[10.662498,55.585274],[10.744444000000101,55.496666],[10.747221,55.49110400000012],[10.745277000000101,55.482216],[10.790554,55.362778],[10.828333,55.306664],[10.834721,55.293884],[10.834444,55.29027600000012],[10.815832,55.20527600000014],[10.811666,55.186386],[10.785555000000102,55.128052],[10.782776,55.122498],[10.779444,55.117775],[10.740276,55.067215],[10.733332000000132,55.064438],[10.725555,55.062218],[10.665554,55.060555000000136],[10.627222,55.060829],[10.616388000000143,55.060555000000136],[10.598888000000102,55.058052],[10.584166,55.052773],[10.529444,55.02944200000013],[10.519444,55.02861],[10.497776,55.028885],[10.152777,55.084442],[10.135277,55.117218]]],[[[8.470984707946252,55.35764583204059],[8.359176595626364,55.44842938287376],[8.356943,55.45221700000013],[8.360277,55.457771],[8.365555,55.461662],[8.38083300000011,55.466385],[8.389444,55.468048000000124],[8.401388,55.467499],[8.458332,55.426384],[8.461111,55.421387],[8.470984707946252,55.35764583204059]]],[[[8.263611,53.519722],[8.237499,53.518608],[8.233055,53.51944],[8.231943000000115,53.522217],[8.232122161824986,53.528639855100714],[8.298801571952035,53.52573098518641],[8.293333,53.525276],[8.272778,53.520828],[8.263611,53.519722]]],[[[8.496387,53.491943],[8.49111,53.484444],[8.488333000000125,53.479164],[8.488310678990576,53.47909908209003],[8.44591962287081,53.57357654767775],[8.494444,53.55499300000014],[8.518332,53.513611],[8.508333000000107,53.50555400000013],[8.503887,53.50138900000013],[8.496387,53.491943]]],[[[8.865833,54.52527600000013],[8.921389,54.524994],[8.942499,54.523048],[8.960554,54.519165],[8.954721,54.509163000000115],[8.924999,54.474159],[8.917776000000117,54.467773000000136],[8.914721,54.46611],[8.906944,54.463882],[8.901496801385646,54.463119180408604],[8.84373196294771,54.51554165032635],[8.862221,54.524162],[8.865833,54.52527600000013]]],[[[9.478054,57.018883],[9.51694300000014,57.016106],[9.521944,57.015549],[9.551109,57.007217],[9.559166000000118,57.004715],[9.68611,57.038605],[9.764166,57.05332900000013],[9.774721,57.054161],[9.80722,57.050552],[9.853611,57.045555],[9.939999000000114,57.054161],[9.945,57.05499300000014],[9.951666,57.05832700000013],[9.966499,57.066544],[9.974274,57.07173200000011],[10.12361,57.018326000000116],[10.146944,57.0075],[10.157499,57.003052],[10.160178026673092,57.00196691117981],[9.503004106982,56.975062929350756],[9.369286898559334,57.0127313617284],[9.409721,57.018326000000116],[9.425554,57.019997],[9.466944,57.01944],[9.478054,57.018883]]],[[[8.738888,56.894722000000115],[8.81361,56.904999],[8.817221,56.906662],[8.818069917180503,56.90740820616663],[8.77808192680622,56.798480592924975],[8.66598132560993,56.700458131987475],[8.641016075989365,56.69209886412435],[8.636944,56.69722000000013],[8.603054,56.72583],[8.563889000000131,56.737221],[8.55472200000014,56.738884],[8.542776000000117,56.738609],[8.524721,56.731384],[8.519722,56.73111],[8.514166,56.731941],[8.510832000000107,56.733604],[8.509165,56.73555],[8.509722,56.741661000000136],[8.546110000000112,56.793327],[8.617005,56.830849],[8.647499,56.887215],[8.65,56.889442],[8.658054000000106,56.89138800000012],[8.668888,56.892776],[8.696943,56.89222],[8.733332,56.894165],[8.738888,56.894722000000115]]],[[[13.827770266039618,53.82971914883318],[13.823259729245507,53.84036734301445],[13.84063625015642,53.83200892617614],[13.827770266039618,53.82971914883318]]]]},"properties":{"id":"funnel-beaker","name":"Funnel-Beaker","names":{"en":"Funnel-Beaker","fr":"Funnel-Beaker"},"subjectTo":"Funnel-Beaker","partOf":"Funnel-Beaker","borderPrecision":1,"wikidata":null,"wikipedia":null,"year":-5000,"source":"Historical Basemaps","sourceUrl":"https://github.com/aourednik/historical-basemaps"}},{"type":"Feature","geometry":{"type":"MultiPolygon","coordinates":[[[[46.37267032312871,33.49759205910587],[46.73570655772978,33.76962799766739],[47.52228506603212,33.49759205910587],[48.72030464021565,32.68653871371988],[49.25275778429722,32.104122021385784],[48.78081067931582,31.950231652686977],[48.05473821011368,31.89887744891229],[47.64329714423246,32.56423713674638],[47.0140343375906,32.77815513536072],[46.37267032312871,33.49759205910587]]]]},"properties":{"id":"elam","name":"Elam","names":{"en":"Elam","fr":"Élam"},"subjectTo":"Elam","partOf":"Elam","borderPrecision":1,"wikidata":"Q128904","wikipedia":{"en":"https://en.wikipedia.org/wiki/Elam","fr":"https://fr.wikipedia.org/wiki/%C3%89lam"},"year":-5000,"source":"Historical Basemaps","sourceUrl":"https://github.com/aourednik/historical-basemaps"}}]}
